tree
version=v4
num_class=1
num_tree_per_iteration=1
label_index=0
max_feature_idx=9
objective=quantile
feature_names=legal_balls balls_remaining wickets runs_vs_par run_rate_rel runs_last_12 wickets_last_12 crease_sr_idx crease_avg_idx crease_balls
feature_infos=[0:119] [1:120] [0:9] [-109.881995323:189.19159380299999] [0:8.0172162414209716] [0:63] [0:6] [0.60952400299999998:1.5237078850000001] [0.50168224299999997:2.6097224190000001] [0:119]
tree_sizes=2929 3071 3086 3066 3075 3080 3081 3084 3082 3090 3081 3090 3074 3088 3086 3088 3084 3099 3095 3093 3092 3092 3087 3096 3105 3107 3102 3101 3104 3099 3108 3106 3121 3083 3114 3112 3109 3114 3105 3114 3107 3104 3112 3119 3110 3106 3105 3120 3107 3120 3119 3113 3126 3120 3119 3123 3119 3109 3119 3114 3112 3130 3117 3116 3110 3121 3116 3096 3141 3132

Tree=0
num_leaves=31
num_cat=0
split_feature=2 4 4 8 2 0 2 8 0 8 2 4 4 9 4 0 0 7 9 2 9 8 2 4 2 9 9 2 4 8
split_gain=1361.81 339.621 307.74 385.734 90.5209 90.0783 89.6313 63.6375 63.3148 40.3443 21.4412 15.8806 14.9293 6.85319 6.48387 5.91496 4.65678 3.43716 2.93082 2.7362 3.95098 2.2053 1.58786 1.16782 1.01483 0.8429 0.747026 1.53228 0.526331 0.41292
threshold=6.5000000000000009 0.73883510777368866 0.64887298102333657 0.80894011650000008 7.5000000000000009 97.500000000000014 4.5000000000000009 1.0025047235000002 115.50000000000001 0.88416965650000012 5.5000000000000009 0.49696860249111285 0.74956026705008683 20.500000000000004 0.80650813903758589 81.500000000000014 97.500000000000014 0.99472305000000005 12.500000000000002 3.5000000000000004 22.500000000000004 1.0143242110000001 4.5000000000000009 1.0330200618230949 1.0000000180025095e-35 30.500000000000004 30.500000000000004 1.5000000000000002 0.73487844853869044 0.98373178200000011
decision_type=2 10 8 2 2 2 2 2 2 2 2 10 10 2 10 2 2 2 2 2 2 2 2 10 2 2 2 2 10 2
left_child=2 5 3 -1 -3 -2 7 11 9 12 14 -5 -4 15 19 -14 -12 -9 21 26 -21 -16 29 -15 -19 -24 27 -11 -29 -20
right_child=1 4 8 6 -6 -7 -8 17 -10 10 16 -13 13 23 18 -17 -18 24 22 20 -22 -23 25 -25 -26 -27 -28 28 -30 -31
leaf_value=0.4211517043550132 0.4147128400404515 0.42707071602889585 0.43101818252275309 0.42904501028785763 0.41405868381261823 0.41405868381261823 0.42355708450597856 0.43832485083774259 0.41405868381261823 0.44376974083361731 0.43148439294951318 0.43423565959459748 0.43317310577454854 0.43963468825377672 0.44034551242877595 0.43868937401356839 0.43932019948155698 0.44824405616337304 0.44575947672303656 0.43512965519898245 0.44210055635238421 0.44628302996972885 0.44197702897183461 0.44666754163446593 0.44066492253617495 0.4450943976740156 0.44470299637965249 0.43874236646804582 0.44130729250166528 0.45109527296917462
leaf_weight=5751 4640 8211 5825 7214 7084 5327 5774 7619 5416 12537 4707 7484 7376 7774 8225 4624 5729 6386 17513 4502 5581 25076 5702 4701 8646 4771 6261 4581 4648 112592
leaf_count=5751 4640 8211 5825 7214 7084 5327 5774 7619 5416 12537 4707 7484 7376 7774 8225 4624 5729 6386 17513 4502 5581 25076 5702 4701 8646 4771 6261 4581 4648 112592
internal_value=0.435844 0.424687 0.436763 0.433125 0.42937 0.417507 0.434748 0.435644 0.437452 0.437566 0.437799 0.433083 0.435855 0.436396 0.437908 0.435543 0.435587 0.437307 0.438038 0.437317 0.43661 0.437615 0.438138 0.437216 0.437745 0.437544 0.437571 0.437432 0.436942 0.438186
internal_weight=332277 25262 307015 48874 15295 9967 43123 37349 258141 252725 222425 14698 30300 24475 211989 12000 10436 22651 173879 38110 10083 33301 140578 12475 15032 10473 28027 21766 9229 130105
internal_count=332277 25262 307015 48874 15295 9967 43123 37349 258141 252725 222425 14698 30300 24475 211989 12000 10436 22651 173879 38110 10083 33301 140578 12475 15032 10473 28027 21766 9229 130105
is_linear=0
shrinkage=1


Tree=1
num_leaves=31
num_cat=0
split_feature=2 8 0 5 2 3 2 0 3 9 3 3 9 2 3 8 5 8 0 3 9 3 0 7 7 9 3 8 3 2
split_gain=1223.99 267.032 242.787 196.621 181.809 77.7782 62.0035 61.1155 42.3203 18.1621 17.3593 15.8467 13.3562 10.067 8.0358 6.74477 6.9174 4.56295 4.06471 3.65921 3.46738 2.65603 2.20399 1.70413 1.45109 1.2995 0.946826 0.683868 0.600052 0.479978
threshold=6.5000000000000009 0.88416965650000012 90.500000000000014 5.5000000000000009 7.5000000000000009 -31.697318399499995 4.5000000000000009 67.500000000000014 -24.818994678499994 20.500000000000004 -13.941674392999998 -5.4609897524999989 14.500000000000002 5.5000000000000009 -21.054209681999996 0.96220362650000013 10.500000000000002 1.0025047235000002 108.50000000000001 -19.615297948999999 20.500000000000004 -9.5201824899999981 61.500000000000007 0.93934972700000008 1.0008343830000002 27.500000000000004 -5.2964884334999995 1.0143242110000001 1.6085935655000003 1.5000000000000002
decision_type=2 2 2 2 2 2 2 2 2 2 2 2 2 2 2 2 2 2 2 2 2 2 2 2 2 2 2 2 2 2
left_child=1 3 -2 -1 14 -6 10 -8 -5 11 12 -10 -3 24 -4 16 -12 22 20 -15 23 -11 -14 -17 -9 -19 29 -28 -18 -25
right_child=2 6 4 8 5 -7 7 13 9 21 15 -13 17 19 -16 18 28 25 -20 -21 -22 -23 -24 26 -26 -27 27 -29 -30 -31
leaf_value=-0.013203983112040752 -0.020056982609635531 -0.0024735367344496458 -0.0098905962047257118 -0.0079873911854731559 -0.020702934190630913 -0.020702934190630913 -0.012551337794793994 0.0021389857380204858 -0.0070163504064215641 0.00019312326644268797 -0.00031870819864516771 -0.00053007357278568872 -0.00064693519910951356 -0.0046105244796168935 -0.0059966584189419612 0.0032925943638623641 0.0065319525558006743 0.0049549632170826008 0.0048403442282775712 -0.000339140160923401 0.015087998624636421 0.0066440438959328484 0.0035450875696457114 0.0081612198978247563 0.0064320698947992142 0.0086318716414065331 0.0066154799141582236 0.011285599240394956 0.012995513057189281 0.0046980597492426758
leaf_weight=6754 4782 6372 4520 7583 4605 6105 4539 6843 6508 5243 6678 8418 4612 4552 5218 5691 7012 7525 4838 7782 89330 8847 4974 8473 11457 11072 5783 50491 7308 8385
leaf_count=6754 4782 6372 4520 7583 4605 6105 4539 6843 6508 5243 6678 8418 4612 4552 5218 5691 7012 7525 4838 7782 89330 8847 4974 8473 11457 11072 5783 50491 7308 8385
internal_value=6.53015e-05 0.000935195 -0.0105201 -0.00270117 -0.00814453 -0.0126388 0.00153303 -0.000421215 -0.00125403 -0.000384549 0.00183379 -0.00159969 0.000801143 0.000381377 -0.00319768 0.0020177 0.00117102 0.00126854 0.00212044 -0.000722506 0.00216155 0.000902802 0.000382129 0.00191946 0.00112538 0.00172522 0.00198436 0.0020831 0.00179058 0.00165421
internal_weight=332300 307070 25230 43353 20448 10710 263717 35173 36599 29016 228544 14926 34555 30634 9738 193989 20998 28183 172991 12334 168153 14090 9586 78823 18300 18597 73132 56274 14320 16858
internal_count=332300 307070 25230 43353 20448 10710 263717 35173 36599 29016 228544 14926 34555 30634 9738 193989 20998 28183 172991 12334 168153 14090 9586 78823 18300 18597 73132 56274 14320 16858
is_linear=0
shrinkage=0.05


Tree=2
num_leaves=31
num_cat=0
split_feature=2 4 4 8 1 2 2 1 8 2 8 1 4 4 4 1 6 2 9 2 2 1 8 8 2 5 3 4 9 8
split_gain=1103.53 292.104 260.6 322.935 82.7064 70.7006 70.346 56.1484 51.0366 31.5727 23.7179 14.4512 12.5369 8.45948 6.12557 5.52207 3.2811 3.2253 2.83721 2.26157 1.97451 3.56582 1.76438 1.59853 1.5102 1.46531 0.837427 0.780402 0.765529 0.658104
threshold=6.5000000000000009 0.72737128769017889 0.64887298102333657 0.80894011650000008 21.500000000000004 4.5000000000000009 7.5000000000000009 4.5000000000000009 1.0000014820000003 5.5000000000000009 0.89565229550000003 29.500000000000004 0.48734095945592737 0.74956026705008683 0.81541554238303438 84.500000000000014 1.0000000180025095e-35 1.0000000180025095e-35 13.500000000000002 3.5000000000000004 2.5000000000000004 40.500000000000007 1.0143242110000001 1.2526022160000003 4.5000000000000009 7.5000000000000009 6.7264742820000007 0.90884395598582868 30.500000000000004 1.0000014820000003
decision_type=2 10 8 2 2 2 2 2 2 2 2 2 10 10 10 2 2 2 2 2 2 2 2 2 2 2 2 10 2 2
left_child=2 4 3 -1 -2 8 -3 -4 12 10 13 27 -5 -9 16 20 -12 -10 22 -18 -15 -22 -16 25 26 -19 29 -11 -26 -20
right_child=1 6 7 5 -6 -7 -8 9 17 11 14 -13 -14 15 18 -17 19 23 24 -21 21 -23 -24 -25 28 -27 -28 -29 -30 -31
leaf_value=-0.013309992294064583 -0.019667787481099368 -0.0078470016407654972 -0.020676430511991629 -0.0063272095277337381 -0.019042000237183419 -0.011356568866195769 -0.019667787481099368 -0.0034226583399879183 0.0094751903584450094 -8.9188033980297743e-05 0.0072397433154204648 -0.0078573883339366143 -0.001592230963295832 0.010104869772270313 0.0047109882255584956 -0.0012566339380363552 0.0047669201794064871 -0.00049071955964404348 0.0073245891027559004 0.00039848833046024837 0.0063018188021373781 -8.4084115522284193e-05 0.0098837205012976635 0.0045305294848582379 0.0060264972654792059 0.002507555121251938 0.018079354406491152 0.0037694208778962582 0.0083784339763694621 0.011579464982554286
leaf_weight=5704 4727 8454 5359 6737 4677 5766 7308 5285 8634 4700 23332 4509 7737 5274 8341 6143 10752 4902 12563 5900 7176 4840 27471 4676 5074 4723 56805 5729 4641 54257
leaf_count=5704 4727 8454 5359 6737 4677 5766 7308 5285 8634 4700 23332 4509 7737 5274 8341 6143 10752 4902 12563 5900 7176 4840 27471 4676 5074 4723 56805 5729 4641 54257
internal_value=0.000107435 -0.00995729 0.000932548 -0.00241495 -0.0169295 -0.000937066 -0.00579343 0.00156641 -0.000142393 0.00167379 0.00181383 -0.000555779 -0.00246668 0.000466351 0.00199884 0.000873901 0.0014419 0.00132465 0.00213045 0.000905325 0.00133131 0.000976624 0.00173465 0.000863449 0.00223668 0.000494548 0.00228393 0.000466983 0.00163452 0.00216311
internal_weight=332196 25166 307030 48879 9404 43175 15762 258151 37409 252792 237854 14938 14474 28718 209136 23433 39984 22935 169152 16652 17290 12016 35812 14301 133340 9625 123625 10429 9715 66820
internal_count=332196 25166 307030 48879 9404 43175 15762 258151 37409 252792 237854 14938 14474 28718 209136 23433 39984 22935 169152 16652 17290 12016 35812 14301 133340 9625 123625 10429 9715 66820
is_linear=0
shrinkage=0.05


Tree=3
num_leaves=31
num_cat=0
split_feature=3 4 8 4 9 0 9 3 9 3 9 8 0 5 9 3 8 0 9 4 8 3 7 3 9 8 4 9 0 3
split_gain=728.508 202.778 188.671 153.947 87.1102 46.712 41.013 27.0091 29.3532 22.5965 22.4564 11.9447 11.1352 9.61936 8.27703 6.24976 6.07022 5.9077 5.66497 5.08535 3.79677 3.30649 2.55734 1.96755 1.51487 1.38699 1.37483 1.07064 1.05629 2.2543
threshold=-30.342766166999997 0.46574743022419068 0.94631593150000015 0.55541694280659659 16.500000000000004 115.50000000000001 20.500000000000004 -14.455859143999998 11.500000000000002 -5.7697706354999996 34.500000000000007 0.92233349500000006 106.50000000000001 9.5000000000000018 20.500000000000004 -20.684980040499998 1.0877557720000002 102.50000000000001 24.500000000000004 1.1289813850102288 0.87664883000000005 -6.2613083744999996 1.0080447965000003 4.5688337305000006 27.500000000000004 1.0539520960000004 1.0866353860021223 8.5000000000000018 24.500000000000004 5.5876536425000003
decision_type=2 10 2 8 2 2 2 2 2 2 2 2 2 2 2 2 2 2 2 10 2 2 2 2 2 2 10 2 2 2
left_child=1 -1 3 -2 -3 7 9 8 -4 13 11 -6 19 -5 16 -8 21 23 22 20 -11 -9 -10 24 -17 -20 -16 -23 -18 -30
right_child=2 4 5 6 10 -7 15 14 18 12 -12 -13 -14 -15 26 17 28 -19 25 -21 -22 27 -24 -25 -26 -27 -28 -29 29 -31
leaf_value=-0.017350097966219832 -0.012228317167325597 -0.017011935056979021 -0.0075278670289640973 -0.011106483353308166 -0.012192800380674128 -0.019652155656985162 -0.0019821082101597253 0.00018944175692592791 -0.00141727451634166 -0.0044056828186780344 -0.0025532028579729332 -0.0093687484877553844 -0.014685038883664837 -0.0071645198603028596 0.010093177036489749 0.0016297714989591838 0.0096746027547581475 -0.0020175666166185541 0.0037241367956031752 0.0050404356049600285 0.0011480334242329792 0.0042617257532406123 0.0022465730553664662 0.013855704988774201 0.0054212720423873345 0.0072093531584513761 0.017224097938706825 0.007158196710558444 0.0051691720978277299 0.013826167879474155
leaf_weight=5010 7117 8642 4620 5687 4688 4585 4673 7371 5526 5396 6585 4917 4560 9089 53708 4913 37592 4581 5657 4765 4771 9656 5160 6372 9210 10416 50062 12637 14210 9797
leaf_count=5010 7117 8642 4620 5687 4688 4585 4673 7371 5526 5396 6585 4917 4560 9089 53708 4913 37592 4581 5657 4765 4771 9656 5160 6372 9210 10416 50062 12637 14210 9797
internal_value=0.000168483 -0.00728365 0.000904651 -0.00134687 -0.0054302 0.00159801 -0.000571015 0.00169921 0.000337672 -0.00175007 -0.0032649 -0.00480619 -0.000631892 -0.00322441 0.00191825 0.000787205 0.00157073 0.00110004 0.000973229 2.87876e-05 -0.00060288 0.000982844 8.09092e-05 0.0014628 0.00113303 0.00156627 0.0022238 0.00128633 0.00185374 0.00159368
internal_weight=331973 29842 302131 71134 24832 230997 64017 226412 31379 34268 16190 9605 19492 14776 195033 29749 91263 25076 26759 14932 10167 29664 10686 20495 14123 16073 103770 22293 61599 24007
internal_count=331973 29842 302131 71134 24832 230997 64017 226412 31379 34268 16190 9605 19492 14776 195033 29749 91263 25076 26759 14932 10167 29664 10686 20495 14123 16073 103770 22293 61599 24007
is_linear=0
shrinkage=0.05


Tree=4
num_leaves=31
num_cat=0
split_feature=2 3 1 8 8 5 2 1 2 1 6 9 1 1 5 3 8 3 5 3 7 1 7 3 9 3 3 1 8 2
split_gain=919.823 259.406 125.309 98.534 96.1046 70.1792 53.5093 41.834 37.352 25.474 14.0282 12.5211 9.08211 8.62816 8.48544 8.46302 9.08499 7.24092 3.52699 2.98697 2.61597 2.55546 2.29012 2.18333 1.55743 2.5456 1.27429 1.22885 1.15551 0.86399
threshold=7.5000000000000009 -26.315370914999995 14.500000000000002 0.88416965650000012 0.77793374000000004 6.5000000000000009 5.5000000000000009 26.500000000000004 5.5000000000000009 55.500000000000007 1.5000000000000002 21.500000000000004 7.5000000000000009 23.500000000000004 12.500000000000002 1.2992136975000002 1.0025047235000002 -8.9285815489999987 10.500000000000002 -37.293053912999987 0.91977347650000008 10.500000000000002 0.88717036500000013 7.9302880435000009 27.500000000000004 -13.941674392999998 12.931751794000002 37.500000000000007 0.96220362650000013 1.0000000180025095e-35
decision_type=2 2 2 2 2 2 2 2 2 2 2 2 2 2 2 2 2 2 2 2 2 2 2 2 2 2 2 2 2 2
left_child=1 4 -2 5 -1 -3 9 -8 10 19 12 14 -5 21 -7 16 18 -12 28 -6 -18 -10 -13 -19 25 -22 -17 -16 -14 -27
right_child=2 3 -4 8 6 11 7 -9 13 -11 17 22 15 -15 27 26 20 23 -20 -21 24 -23 -24 -25 -26 29 -28 -29 -30 -31
leaf_value=-0.011905195847367395 -0.017950146162861155 -0.010224663738351993 -0.017913187961370636 -0.00095675621919600262 -0.00064283357154061647 -0.0053012960244318676 -0.0049484686217534735 -0.012827038576708688 -0.0044463877484656788 -0.006657087749713804 -0.0027580509270169725 -0.00013257993350385879 -0.00030489910955330878 -0.0081203749765815045 0.001001597160562402 0.011619027262068683 0.0021606753465816023 0.0016463020990168113 0.0055384352503317601 0.005178619849861745 0.0035724395086458582 0.0039022267168227738 0.0055533537713788285 0.010578571071252457 0.010200867794836074 0.0095169297203998304 0.017901510873301878 -0.0027296164713482575 0.0010814398312997719 0.0066802670878278181
leaf_weight=4656 7720 6067 4799 4682 4692 7726 5207 4657 4707 6254 5549 4582 7715 4691 4815 51798 4596 7357 16549 6919 8451 4594 9310 4812 28037 20517 42382 4508 5427 28608
leaf_count=4656 7720 6067 4799 4682 4692 7726 5207 4657 4707 6254 5549 4582 7715 4691 4815 51798 4596 7357 16549 6919 8451 4594 9310 4812 28037 20517 42382 4508 5427 28608
internal_value=0.000225519 0.000745967 -0.0130671 0.00122389 -0.00349606 -0.00118418 -0.00237894 -0.00533387 0.00157971 -0.000746363 0.00172823 -0.000219657 0.00183782 -0.000930199 -0.00112745 0.00188547 0.00160669 0.000374937 0.000847842 0.00063942 0.00185639 -4.80872e-05 0.000894438 0.00105738 0.00191878 0.00176951 0.00224027 -0.00011176 0.000236176 0.00190744
internal_weight=332384 319865 12519 287480 32385 37008 27729 9864 250472 17865 236480 30941 218762 13992 17049 214080 119900 17718 29691 11611 90209 9301 13892 12169 85613 57576 94180 9323 13142 49125
internal_count=332384 319865 12519 287480 32385 37008 27729 9864 250472 17865 236480 30941 218762 13992 17049 214080 119900 17718 29691 11611 90209 9301 13892 12169 85613 57576 94180 9323 13142 49125
is_linear=0
shrinkage=0.05


Tree=5
num_leaves=31
num_cat=0
split_feature=4 8 4 0 0 9 8 6 4 9 4 9 4 0 6 4 7 4 8 9 0 9 8 4 8 9 0 4 8 8
split_gain=405.383 347.563 155.842 98.5771 67.9774 77.7979 54.7805 34.8712 31.9597 23.469 13.2218 12.5384 11.7065 11.3236 9.28065 7.40944 6.78046 4.88989 4.6162 3.74963 3.24314 2.90366 2.62246 2.34707 2.18086 1.72188 1.42963 1.10586 0.96643 0.921199
threshold=0.71612826102680394 0.92706994300000012 0.46574743022419068 114.50000000000001 38.500000000000007 14.500000000000002 1.0000014820000003 1.5000000000000002 0.56912320991037435 14.500000000000002 1.0094632276580866 23.500000000000004 1.0006775919503705 73.500000000000014 1.5000000000000002 0.99464674085340155 0.9455878135000001 1.0666091571406124 0.87664883000000005 27.500000000000004 47.500000000000007 26.500000000000004 1.0420770275000002 0.9303875250156779 0.8424309980000001 28.500000000000004 43.500000000000007 0.82384091727504383 1.2618163615000004 0.9248827850000001
decision_type=8 2 10 2 2 2 2 2 10 2 10 2 10 2 2 10 2 8 2 2 2 2 2 8 2 2 2 10 2 2
left_child=1 2 -1 6 16 -6 7 10 -4 -10 11 18 -5 21 19 -9 -3 -16 -2 23 -20 -7 -18 26 -13 29 -8 -28 -25 -12
right_child=3 4 8 12 5 13 14 15 9 -11 25 24 -14 -15 17 -17 22 -19 20 -21 -22 -23 -24 28 -26 -27 27 -29 -30 -31
leaf_value=-0.014232545434157421 -0.0040333703229225434 -0.0010789795920941468 -0.013027857883973027 -0.017428664805886198 -0.015208032212655532 -0.0017133507144970696 0.0060657559815168599 -0.0081461561987007259 -0.01275735351097991 -0.0056676253840635691 0.0039568359193636396 0.0004072148561375404 -0.017052638854718097 -0.0087876001640601453 -0.00046786366292287654 -0.0024403220074800877 0.00089285294118695332 0.010417815991920674 0.0022070720243804031 0.013120770484281655 -0.0027131259265434204 0.0022610609539498046 0.0057297270234814741 0.0087476998205870578 0.0056371502034685723 0.012006491721118031 0.0010989382834666937 0.0054510895901553891 0.013127011327530967 0.0075694909697050054
leaf_weight=7212 8249 4563 5825 4545 4814 4911 14928 8168 4711 7990 8626 4665 6784 6044 7573 4877 5349 4919 6153 74355 6564 5430 17775 30281 15141 10393 4614 5848 23370 7057
leaf_count=7212 8249 4563 5825 4545 4814 4911 14928 8168 4711 7990 8626 4665 6784 6044 7573 4877 5349 4919 6153 74355 6564 5430 17775 30281 15141 10393 4614 5848 23370 7057
internal_value=0.000231462 -0.00301277 -0.00771491 0.00117311 -0.000536602 -0.00266707 0.00138333 0.000307674 -0.00528493 -0.00387592 0.00076915 0.000206734 -0.00338605 -0.00102425 0.00190135 -0.00205651 0.00109481 0.000590542 -0.000645415 0.00200807 -4.77519e-05 -1.90894e-05 0.00144235 0.00176799 0.00110873 0.00164833 0.00137133 0.000922423 0.00195556 0.00131677
internal_weight=331734 74624 25738 257110 48886 21199 245781 79893 18526 12701 66848 40772 11329 16385 165888 13045 27687 12492 20966 153396 12717 10341 23124 79041 19806 26076 25390 10462 53651 15683
internal_count=331734 74624 25738 257110 48886 21199 245781 79893 18526 12701 66848 40772 11329 16385 165888 13045 27687 12492 20966 153396 12717 10341 23124 79041 19806 26076 25390 10462 53651 15683
is_linear=0
shrinkage=0.05


Tree=6
num_leaves=31
num_cat=0
split_feature=3 4 8 4 9 6 6 3 0 3 3 9 9 9 8 3 8 9 8 8 8 4 3 4 3 4 0 7 0 6
split_gain=530.051 161.828 152.568 138.536 66.2782 46.6785 35.2538 22.1498 21.1276 17.2863 14.3768 11.0228 9.22327 9.06188 7.96951 7.31368 6.17933 5.54445 5.08122 4.69744 2.47384 2.29697 2.24265 2.15387 1.99685 1.56905 1.38145 1.26045 1.08492 0.963988
threshold=-30.986895252499995 0.46574743022419068 0.89565229550000003 0.53239370807584052 19.500000000000004 1.5000000000000002 1.5000000000000002 -12.954458743999998 114.50000000000001 -8.7444052459999977 -43.04940938299999 10.500000000000002 24.500000000000004 26.500000000000004 1.0000014820000003 1.2992136975000002 0.80377605800000007 25.500000000000004 1.0052361115000001 1.0117252615000003 0.82440334850000008 1.0509582606440817 -14.202976339499999 0.69180060699387691 -8.7444052459999977 1.0729516929042127 93.500000000000014 0.95113031850000007 26.500000000000004 1.0000000180025095e-35
decision_type=2 10 2 8 2 2 2 2 2 2 2 2 2 2 2 2 2 2 2 2 2 10 2 10 2 10 2 2 2 2
left_child=1 -1 3 -2 11 8 13 -7 9 12 -6 -3 14 15 -4 16 -5 19 -9 21 -15 28 -16 -14 -18 -20 -25 -21 -11 -29
right_child=2 4 5 6 10 7 -8 18 -10 17 -12 -13 23 20 22 -17 24 -19 25 27 -22 -23 -24 26 -26 -27 -28 29 -30 -31
leaf_value=-0.015115382654778532 -0.011115612402515667 -0.015540481049756383 -0.0020871765521164 -0.0055569721316997816 -0.011011191258877021 -0.0089104463903767334 -0.011442139938515481 -0.0034572501997207671 -0.015932849775757773 0.0030966976209400848 -0.0032169110031195118 -0.012350018407902938 0.0015353206205447193 0.00030945599051056418 0.0007644413613048589 0.0032830800279359459 -0.0040357395503709433 0.012846311482536156 0.00066855294629582186 0.0042819926166158852 0.0066242059133862531 0.0065601110639059452 0.0044837707899008433 0.0070801672710006222 0.00056040065769409522 0.0077860254940516158 0.0039267157821413707 0.010039112459653114 -0.00015392012904344817 0.0082356779199929484
leaf_weight=4878 4616 4557 8842 5646 4759 6356 8661 5942 5116 7931 8959 5538 4808 5569 9318 6109 4712 76096 7217 5243 7122 7666 9374 20340 4661 5352 4529 37860 4546 30054
leaf_count=4878 4616 4557 8842 5646 4759 6356 8661 5942 5116 7931 8959 5538 4808 5569 9318 6109 4712 76096 7217 5243 7122 7666 9374 20340 4661 5352 4529 37860 4546 30054
internal_value=0.00027782 -0.00621768 0.000891581 -0.00172417 -0.00451623 0.00137171 -0.000829705 -0.000686816 0.00159263 0.00166438 -0.00225206 -0.00759035 0.000912813 -0.000100594 0.00025364 -0.00073487 -0.00132804 0.00191817 0.000187811 0.00165961 0.000955222 0.0009831 0.000838637 0.00152424 -0.00054036 0.000757317 0.00171153 0.0018458 0.000564213 0.00190352
internal_weight=332377 28691 303686 47096 23813 256590 42480 24867 231723 226607 13718 10095 57211 33819 27534 21128 15019 169396 18511 93300 12691 20143 18692 29677 9373 12569 24869 73157 12477 67914
internal_count=332377 28691 303686 47096 23813 256590 42480 24867 231723 226607 13718 10095 57211 33819 27534 21128 15019 169396 18511 93300 12691 20143 18692 29677 9373 12569 24869 73157 12477 67914
is_linear=0
shrinkage=0.05


Tree=7
num_leaves=31
num_cat=0
split_feature=2 4 8 4 2 2 8 8 0 4 7 0 9 0 2 9 5 2 4 2 4 9 7 0 7 6 8 8 4 4
split_gain=815.242 191.232 191.903 132.661 90.9583 62.9832 26.9801 15.8884 14.6389 7.83973 6.35342 6.29646 5.99331 5.57626 4.7538 4.35326 3.11283 2.86376 2.72142 1.83998 1.7832 2.19277 1.60445 1.49349 1.10078 0.896609 0.830423 0.856979 0.793569 0.735759
threshold=7.5000000000000009 0.6785940134479117 0.80377605800000007 0.72354225804866756 5.5000000000000009 5.5000000000000009 1.0025047235000002 0.95800982700000004 87.500000000000014 0.48734095945592737 0.86446267950000011 112.50000000000001 24.500000000000004 113.50000000000001 2.5000000000000004 7.5000000000000009 13.500000000000002 2.5000000000000004 0.838575240876409 3.5000000000000004 1.0151837473047911 20.500000000000004 0.98794492700000014 26.500000000000004 0.98398051450000013 1.0000000180025095e-35 1.2618163615000004 1.2218113130000001 0.80650813903758589 1.1562000218890398
decision_type=2 8 2 10 2 2 2 2 2 10 2 2 2 2 2 2 2 2 8 2 10 2 2 2 2 2 2 2 10 10
left_child=1 2 -1 -2 6 7 9 10 -7 -4 -3 12 18 16 22 -12 -10 -11 23 28 21 -17 -8 -9 25 -20 27 29 -14 -26
right_child=3 5 4 -5 -6 8 14 11 13 17 15 -13 19 -15 -16 20 -18 -19 24 -21 -22 -23 -24 -25 26 -27 -28 -29 -30 -31
leaf_value=-0.010615559537634205 -0.015659586472715491 -0.0013298867604195725 -0.0043760618113609616 -0.015985124568666114 -0.010964147421845287 -0.0086882987949402652 0.0027264745196179932 0.0056201137560341107 -0.0016715709295292533 0.000316108193740634 -0.00059566442472486821 0.00013662529672815271 0.0060509814101415808 -0.016465004368838698 -0.00018467665955913088 0.00099648462378706644 0.0027007497655340304 -0.0027473933530558804 0.0057460913987640201 0.0072258261028620464 0.0082478923604971475 0.0048467601742943822 0.0062577546563349646 0.0018218565475734084 0.0069117238136712587 0.0033637682554609307 0.0113010409334545 0.0049039385427527907 0.012645934559596887 0.010514775815689976
leaf_weight=6931 5095 6864 7500 7436 5469 4578 5771 8623 6873 5489 5598 4624 7252 5346 7324 8107 8836 6326 5023 18213 14555 13785 14131 10731 17263 6564 24889 4504 68473 9975
leaf_count=6931 5095 6864 7500 7436 5469 4578 5771 8623 6873 5489 5598 4624 7252 5346 7324 8107 8836 6326 5023 18213 14555 13785 14131 10731 17263 6564 24889 4504 68473 9975
internal_value=0.000317083 0.000807649 -0.00176428 -0.0121907 -0.000722388 0.00138921 -5.31726e-06 0.00164587 -0.000964096 -0.00143439 0.000843777 0.0018566 0.00190301 -0.000406576 0.00100859 0.00107402 6.82513e-05 -0.000631345 0.00160522 0.00218052 0.00127339 0.000987807 0.0014093 0.00108141 0.00175373 0.00130845 0.00184472 0.00167433 0.00228922 0.00178009
internal_weight=332148 319617 58941 12531 52010 260676 46541 235043 25633 19315 48909 186134 181510 21055 27226 42045 15709 11815 87572 93938 36447 21892 19902 19354 68218 11587 56631 31742 75725 27238
internal_count=332148 319617 58941 12531 52010 260676 46541 235043 25633 19315 48909 186134 181510 21055 27226 42045 15709 11815 87572 93938 36447 21892 19902 19354 68218 11587 56631 31742 75725 27238
is_linear=0
shrinkage=0.05


Tree=8
num_leaves=31
num_cat=0
split_feature=2 4 8 4 2 2 8 0 8 3 4 0 3 9 0 2 0 3 2 2 8 9 7 0 2 9 2 0 0 0
split_gain=734.706 179.413 174.306 124.812 85.7571 66.7333 27.0564 22.5977 15.6431 6.88501 12.0836 6.82853 6.70214 6.27934 6.16817 4.14658 4.11813 3.75744 3.64696 3.63651 3.37099 3.18089 2.24336 1.67085 1.49925 1.70851 1.40146 3.47094 1.05689 1.04959
threshold=7.5000000000000009 0.64887298102333657 0.80377605800000007 0.72354225804866756 5.5000000000000009 5.5000000000000009 1.0025047235000002 86.500000000000014 0.95800982700000004 -9.7033890364999973 0.48734095945592737 112.50000000000001 9.9022667970000011 6.5000000000000009 113.50000000000001 4.5000000000000009 85.500000000000014 4.7579822045000002 1.5000000000000002 6.5000000000000009 0.8314545940000001 30.500000000000004 0.9253556475000001 62.500000000000007 1.0000000180025095e-35 11.500000000000002 2.5000000000000004 72.500000000000014 91.500000000000014 36.500000000000007
decision_type=2 8 2 10 2 2 2 2 2 2 10 2 2 2 2 2 2 2 2 2 2 2 2 2 2 2 2 2 2 2
left_child=1 2 -1 -2 6 8 9 -7 13 10 -4 12 15 -3 19 21 -17 20 -8 -9 23 22 -10 -15 -24 -26 29 -28 -19 -22
right_child=3 5 4 -5 -6 7 18 14 11 -11 -12 -13 -14 17 -16 16 -18 28 -20 -21 26 -23 24 -25 25 -27 27 -29 -30 -31
leaf_value=-0.010564359409154365 -0.014841257275050677 -0.0016449016792855192 -0.0087106988206789686 -0.015151473137457579 -0.011229478891236086 -0.0097052622135756807 0.0052088859524442605 0.0024876476860233826 0.0014132256381744362 5.1626265826076879e-05 -0.002037200266353924 -0.00087363576807060462 0.014402626237340911 -0.0016732732097844848 -0.015700015410596988 -0.00090536620436896522 0.0058168730593510234 0.010223140862753064 0.00078275702880114617 -0.0021024156292548698 0.0034919946615618231 0.0096560771857505251 0.0086728308792799122 0.0013419812911350379 0.0040340300416121166 0.0066969909141998355 -0.00076554496373266729 0.0047532210385848629 0.0051812184753891001 0.0071152161376684502
leaf_weight=6162 5073 5749 4508 7398 4614 4689 14095 10397 4795 4691 7815 4587 50788 4581 5346 4543 5716 8040 9794 6256 5861 39726 24234 4532 14003 41702 4862 7822 4581 4688
leaf_count=6162 5073 5749 4508 7398 4614 4689 14095 10397 4795 4691 7815 4587 50788 4581 5346 4543 5716 8040 9794 6256 5861 39726 24234 4532 14003 41702 4862 7822 4581 4688
internal_value=0.00034319 0.000808449 -0.00188845 -0.01156 -0.000819549 0.0013295 -9.02635e-05 -0.0010426 0.00159241 -0.00161378 -0.00223414 0.00180056 0.00184768 0.00081209 -0.000370501 0.00166301 0.000696366 0.00101102 0.000994915 0.000104004 0.000725325 0.00174266 0.00156935 -8.96578e-05 0.00163236 0.00148919 0.00104495 0.000690362 0.00174263 0.00147077
internal_weight=331648 319177 51679 12471 45517 267498 40903 26688 240810 17014 12323 190094 185507 50716 21999 134719 10259 44967 23889 16653 32346 124460 84734 9113 79939 55705 23233 12684 12621 10549
internal_count=331648 319177 51679 12471 45517 267498 40903 26688 240810 17014 12323 190094 185507 50716 21999 134719 10259 44967 23889 16653 32346 124460 84734 9113 79939 55705 23233 12684 12621 10549
is_linear=0
shrinkage=0.05


Tree=9
num_leaves=31
num_cat=0
split_feature=3 4 8 4 9 6 6 9 1 3 4 3 4 1 9 1 7 5 9 8 7 6 3 8 3 3 3 6 8 9
split_gain=404.648 160.378 105.951 78.1464 52.5016 29.7819 26.3055 13.3988 12.0198 11.3958 9.83982 9.6711 9.43169 9.38241 7.40884 6.13394 5.83185 4.76891 4.11435 3.72589 3.63006 3.09371 2.17104 2.0917 2.05618 2.0553 1.91614 1.72502 1.65374 1.1413
threshold=-29.674830943499995 0.45483948677125158 0.94631593150000015 0.56244610137483664 17.500000000000004 1.5000000000000002 1.5000000000000002 35.500000000000007 9.5000000000000018 -13.196754723499998 0.85903235413321954 3.6092690085000005 0.62795627275391319 6.5000000000000009 25.500000000000004 33.500000000000007 0.93036914000000015 10.500000000000002 28.500000000000004 0.80377605800000007 1.0018835860000002 1.0000000180025095e-35 11.182899174500003 1.2592987655000003 -8.7444052459999977 -15.240386120499998 2.2660851460000004 1.0000000180025095e-35 0.8387601320000001 19.500000000000004
decision_type=2 10 2 8 2 2 2 2 2 2 10 2 10 2 2 2 2 2 2 2 2 2 2 2 2 2 2 2 2 2
left_child=1 -1 3 -2 12 8 10 15 -5 -8 16 14 -3 -12 19 -6 -4 -7 22 -10 -11 -18 23 27 -21 29 -22 -15 -16 -23
right_child=2 4 6 5 7 17 9 -9 11 20 13 -13 -14 18 28 -17 21 -19 -20 24 26 25 -24 -25 -26 -27 -28 -29 -30 -31
leaf_value=-0.013063393077787228 -0.0089358853463651494 -0.01259969006851838 -0.00072723507031887693 -0.0097355207439266418 -0.010122995083159926 -0.009564217788579004 -0.0063425966388928048 -0.00011923703334910086 -0.0035136822222034641 -0.0023649122065807571 -0.0029656795963286979 0.0085696085800442516 -0.01216670994369403 0.0061732888007441263 0.00056041436502291626 -0.0036936292659061711 0.0057531801594522822 -0.0075101142025650533 0.011663827648899583 -0.001850560398633679 0.0010618511511319261 -0.00082061003251051071 0.011745362806103894 0.0095161232606075074 0.001011728829175784 0.0041409891209987773 0.0073251076810833746 0.0038247129720617905 0.0047117107745554276 0.0023556241053788798
leaf_weight=4610 7204 4720 6583 4934 5195 4552 4727 6463 4899 5426 4892 11999 5153 17572 4511 5029 36975 7261 66680 6701 4911 4792 16374 20582 9438 13259 5610 17446 9010 4605
leaf_count=4610 7204 4720 6583 4934 5195 4552 4727 6463 4899 5426 4892 11999 5153 17572 4511 5029 36975 7261 66680 6701 4911 4792 16374 20582 9438 13259 5610 17446 9010 4605
internal_value=0.000380836 -0.0050417 0.000942547 -0.000753432 -0.00354602 -0.000191715 0.00146149 -0.00183516 0.000327786 -0.000240099 0.0016292 0.000576531 -0.00643526 0.00186181 0.00015182 -0.00296119 0.00112483 -0.00245536 0.00193774 -0.000435061 0.000399166 0.00128073 0.00167528 0.00152594 -6.82916e-05 0.000820352 0.000940766 0.00129044 0.0010648 0.000254467
internal_weight=332113 31170 300943 70509 26560 63305 230434 16687 51492 20674 209760 46558 9873 143546 34559 10224 66214 11813 138654 21038 15947 59631 71974 55600 16139 22656 10521 35018 13521 9397
internal_count=332113 31170 300943 70509 26560 63305 230434 16687 51492 20674 209760 46558 9873 143546 34559 10224 66214 11813 138654 21038 15947 59631 71974 55600 16139 22656 10521 35018 13521 9397
is_linear=0
shrinkage=0.05


Tree=10
num_leaves=31
num_cat=0
split_feature=2 4 8 4 2 2 8 0 0 3 8 2 4 2 0 0 0 7 0 2 7 2 3 0 5 7 8 8 2 4
split_gain=660.781 139.8 131.659 123.446 71.3306 55.6953 19.0829 18.7803 13.1246 13.6181 9.93478 8.12797 7.13454 5.79279 15.7902 4.69168 4.64334 4.04002 3.1303 3.46744 4.67022 2.93567 2.20307 1.57689 1.10471 1.08129 1.30516 1.03431 0.962012 0.877865
threshold=7.5000000000000009 0.65432679673362382 0.80377605800000007 0.72354225804866756 5.5000000000000009 5.5000000000000009 0.92706994300000012 86.500000000000014 113.50000000000001 3.9758924865000007 0.8314545940000001 3.5000000000000004 0.50605770383338944 3.5000000000000004 61.500000000000007 113.50000000000001 52.500000000000007 1.0212551835000003 49.500000000000007 2.5000000000000004 0.9543694155000001 6.5000000000000009 12.931751794000002 76.500000000000014 13.500000000000002 0.94213990150000015 1.0420770275000002 1.0117252615000003 3.5000000000000004 0.7944594209416459
decision_type=2 8 2 10 2 2 2 2 2 2 2 2 10 2 2 2 2 2 2 2 2 2 2 2 2 2 2 2 2 10
left_child=1 2 -1 -2 6 8 12 -7 9 10 16 17 -4 18 -15 21 -3 25 19 20 24 -9 28 -16 -12 -8 -27 -22 -11 -20
right_child=3 5 4 -5 -6 7 11 15 -10 22 13 -13 -14 14 23 -17 -18 -19 29 -21 27 -23 -24 -25 -26 26 -28 -29 -30 -31
leaf_value=-0.0095218852999506189 -0.013512373540644364 -0.002335303051464488 -0.0057925358643139474 -0.014052788973231676 -0.0099980492223021369 -0.0086524642734022005 -0.00048185358886813023 0.0025728377749765496 -0.0061169626617760941 0.0093933136334830199 0.00044183933256100095 -0.0022923931986136617 -0.0016520227559168607 -0.0025371487405381615 0.0021715611900363571 -0.013851069269727382 0.0017548603682607774 0.0060845044345099394 0.0053365265522420952 0.00058516769744732888 0.0052478123507992327 -0.0017369469729095655 0.013168460972214647 0.0061935742005708207 0.0039148555561043458 0.00023907518548891001 0.0038415417977739398 0.006938628700152976 0.006239156876964822 0.0086105970355121828
leaf_weight=6295 5107 4501 4524 7414 4699 4630 4704 10338 5505 34296 7060 5544 4635 5512 6825 5383 5572 12031 7493 6145 9019 6258 49626 19794 4723 4951 5442 39605 6203 28220
leaf_count=6295 5107 4501 4524 7414 4699 4630 4704 10338 5505 34296 7060 5544 4635 5512 6825 5383 5572 12031 7493 6145 9019 6258 49626 19794 4723 4951 5442 39605 6203 28220
internal_value=0.000396119 0.000837717 -0.00151216 -0.0108692 -0.000593639 0.00130316 6.28048e-05 -0.000867119 0.0015437 0.00160033 0.00129935 0.000628271 -0.00195357 0.00141286 0.000827032 -0.000257119 -0.000215072 0.000984779 0.00159688 0.00139399 0.0015091 0.000159027 0.00208269 0.00133141 0.000615669 0.000439842 0.000724418 0.00172551 0.0018084 0.0019747
internal_weight=332054 319533 52825 12521 46530 266708 41831 26609 240099 234594 144469 32672 9159 134396 32131 21979 10073 27128 102265 66552 60407 16596 90125 26619 11783 15097 10393 48624 40499 35713
internal_count=332054 319533 52825 12521 46530 266708 41831 26609 240099 234594 144469 32672 9159 134396 32131 21979 10073 27128 102265 66552 60407 16596 90125 26619 11783 15097 10393 48624 40499 35713
is_linear=0
shrinkage=0.05


Tree=11
num_leaves=31
num_cat=0
split_feature=3 4 8 4 6 9 6 3 1 3 9 3 1 9 9 9 5 3 8 3 7 8 8 7 4 1 1 8 8 3
split_gain=331.453 105.285 99.6173 68.3609 33.7049 33.6703 24.3505 13.5388 12.6651 10.7116 10.4332 8.25152 7.50564 6.31652 5.5651 5.51902 5.04601 3.79376 2.79593 2.6854 2.57257 2.47651 1.56853 1.49305 1.35489 1.44847 1.35211 1.20226 1.17357 1.03061
threshold=-32.422926974499994 0.46574743022419068 0.94631593150000015 0.55541694280659659 1.5000000000000002 16.500000000000004 1.5000000000000002 -8.0036416279999987 8.5000000000000018 -13.432584267999998 36.500000000000007 3.7866546080000005 7.5000000000000009 23.500000000000004 22.500000000000004 24.500000000000004 10.500000000000002 -21.442998833999997 0.82440334850000008 5.5876536425000003 0.93338623450000002 0.80377605800000007 1.2592987655000003 1.0212551835000003 0.73883510777368866 26.500000000000004 90.500000000000014 1.1232906845000004 1.2218113130000001 14.102201865500001
decision_type=2 10 2 8 2 2 2 2 2 2 2 2 2 2 2 2 2 2 2 2 2 2 2 2 10 2 2 2 2 2
left_child=1 -1 3 -2 8 -3 7 14 -5 -8 -7 13 -9 21 17 20 -6 -4 -15 27 -14 -10 28 -19 -16 -26 -23 -11 -22 -17
right_child=2 5 6 4 16 10 9 12 11 19 -12 -13 15 18 24 29 -18 23 -20 -21 22 26 -24 -25 25 -27 -28 -29 -30 -31
leaf_value=-0.011807228422706019 -0.008351597210251761 -0.011920090212484965 -0.0029421765868918666 -0.012579555054210462 -0.0088952236735339221 -0.00735971316057579 -0.0063633555713145107 -0.00076307386189318786 -0.0031178610346983024 -0.0031141905538515594 -0.00074746672490558273 0.007634280814431316 0.00097622673621640659 -0.00037275684491005671 0.0025678689693008879 0.0086096463036177458 -0.007090506582121613 0.00027777578895884955 0.0042622294815567547 0.0054366706761946057 0.0054672282079470677 -0.0014294628836558621 0.0091915633569269843 0.0041383299237153226 0.0028998692396526205 0.0060956353571401407 0.00094316900750409478 0.0011785962252141746 0.0028800432250355671 0.014581251436142535
leaf_weight=4617 7509 7542 4539 4553 4871 8888 4886 5258 4900 4852 4883 12054 4734 4633 9115 44187 7459 9812 11520 6610 40191 8942 30352 8874 4764 17665 6755 4707 4786 27930
leaf_count=4617 7509 7542 4539 4553 4871 8888 4886 5258 4900 4852 4883 12054 4734 4633 9115 44187 7459 9812 11520 6610 40191 8942 30352 8874 4764 17665 6755 4707 4786 27930
internal_value=0.00040049 -0.00502699 0.000859794 -0.000749443 -0.000232639 -0.00354243 0.00136477 0.00152568 0.000311879 -0.000257004 -0.00207045 0.000547235 0.00176124 0.000174806 0.000848441 0.00182541 -0.00258816 0.000260977 0.000914872 0.000363083 0.00153941 -0.000405664 0.00161046 0.000575946 0.00128086 0.00148981 -9.91911e-05 -0.000172783 0.00142262 0.00214279
internal_weight=332388 25930 306458 73196 65687 21313 233262 212207 53357 21055 13771 48804 157438 36750 54769 152180 12330 23225 16153 16169 80063 20597 75329 18686 31544 22429 15697 9559 44977 72117
internal_count=332388 25930 306458 73196 65687 21313 233262 212207 53357 21055 13771 48804 157438 36750 54769 152180 12330 23225 16153 16169 80063 20597 75329 18686 31544 22429 15697 9559 44977 72117
is_linear=0
shrinkage=0.05


Tree=12
num_leaves=31
num_cat=0
split_feature=2 2 1 1 8 5 8 3 5 2 1 3 9 3 3 5 1 9 1 2 7 2 1 2 8 7 3 3 1 1
split_gain=557.573 111.588 116.205 93.6469 61.9253 40.9911 22.0857 14.2797 13.336 8.45875 11.4024 6.1167 5.60844 4.22715 4.08652 3.65825 3.62233 3.11474 3.40413 5.72556 2.69843 2.66512 2.09171 1.67089 1.55561 1.82634 1.34328 1.12924 1.08964 0.953542
threshold=7.5000000000000009 5.5000000000000009 42.500000000000007 15.500000000000002 0.8176335815000001 7.5000000000000009 1.0025047235000002 -32.422926974499994 8.5000000000000018 3.5000000000000004 58.500000000000007 -11.582993547999999 24.500000000000004 -7.8169968154999987 3.2642548770000004 6.5000000000000009 6.5000000000000009 29.500000000000004 44.500000000000007 2.5000000000000004 0.9543694155000001 6.5000000000000009 11.500000000000002 2.5000000000000004 1.4435879295000003 1.1748222615000004 -10.703900558999999 -8.0036416279999987 43.500000000000007 70.500000000000014
decision_type=2 2 2 2 2 2 2 2 2 2 2 2 2 2 2 2 2 2 2 2 2 2 2 2 2 2 2 2 2 2
left_child=1 4 7 -2 5 -1 8 -3 13 12 22 -7 20 15 17 -6 -9 18 -10 -20 -8 -18 -11 -19 25 26 -22 29 -24 -14
right_child=3 2 -4 -5 6 11 9 16 14 10 -12 -13 27 -15 -16 -17 21 23 19 -21 24 -23 28 -25 -26 -27 -28 -29 -30 -31
leaf_value=-0.0073821887971122595 -0.012904159835132274 -0.0049361044538332073 -0.011154885611208512 -0.012320120655299539 -0.0040728058784770651 -0.0030294973731016211 0.0022775698894255307 -0.01251495218554846 0.0056830109885064543 0.0013391192031220901 -0.0015677912776220185 0.0017923667429674125 0.0069909999518508337 0.00061166943917854771 0.0073821054474074114 -0.00014477744648961401 0.0026281845053804792 0.0057772850463210191 0.002100980023141609 -0.0024610387826776926 0.0027030598174349637 -0.0017160417843621772 0.0074864039177437967 0.0027978194885360276 0.0095636924956140016 0.0018752979756731626 0.0058919915943460516 0.01056593300021502 0.0029577390094271587 0.0040315551644813123
leaf_weight=5055 7873 7261 4642 4501 6622 4703 8264 4872 5622 4559 5991 7567 11296 8505 18724 4901 10600 5379 11888 6504 7711 5552 19300 8300 14581 4708 48052 57140 6415 4803
leaf_count=5055 7873 7261 4642 4501 6622 4703 8264 4872 5622 4559 5991 7567 11296 8505 18724 4901 10600 5379 11888 6504 7711 5552 19300 8300 14581 4708 48052 57140 6415 4803
internal_value=0.000417834 0.000821203 -0.00193528 -0.00999394 0.00113793 -0.00175923 0.00132437 -0.000731265 0.000605134 0.00160949 0.000921216 -0.000197556 0.00176889 -0.00050317 0.000998591 -0.00112704 -7.08545e-05 0.000698512 0.000355344 2.60913e-05 0.0014881 0.000289658 0.0013156 0.00130061 0.00158253 0.00147046 0.00155031 0.00208819 0.00149057 0.00171681
internal_weight=331891 319517 32927 12374 286590 17325 269265 28285 76445 192820 36265 12270 156555 20028 56417 11523 21024 37693 24014 18392 83316 16152 30274 13679 75052 60471 55763 73239 25715 16099
internal_count=331891 319517 32927 12374 286590 17325 269265 28285 76445 192820 36265 12270 156555 20028 56417 11523 21024 37693 24014 18392 83316 16152 30274 13679 75052 60471 55763 73239 25715 16099
is_linear=0
shrinkage=0.05


Tree=13
num_leaves=31
num_cat=0
split_feature=2 4 4 8 2 2 0 0 8 7 2 3 3 4 0 8 0 2 0 2 6 8 7 0 7 7 5 7 2 2
split_gain=513.662 110.305 96.7699 88.8335 54.9117 40.7047 22.3254 13.2386 13.1212 9.27632 6.40514 6.25336 5.05868 7.74352 4.46775 4.09318 3.26205 3.15572 3.09503 3.04238 2.24612 1.89113 1.7722 1.57105 1.24315 1.15864 1.14687 0.826633 0.94253 0.756373
threshold=7.5000000000000009 0.69180060699387691 0.72354225804866756 0.80377605800000007 5.5000000000000009 4.5000000000000009 72.500000000000014 115.50000000000001 1.0025047235000002 0.87209273600000004 6.5000000000000009 10.520400037500002 -8.7444052459999977 0.48734095945592737 108.50000000000001 1.0216345210000002 58.500000000000007 1.0000000180025095e-35 42.500000000000007 1.5000000000000002 1.0000000180025095e-35 0.91580697650000009 0.94443998950000008 43.500000000000007 1.0493762270000002 1.0038369515000001 7.5000000000000009 0.9911600195000001 2.5000000000000004 1.5000000000000002
decision_type=2 8 10 2 2 2 2 2 2 2 2 2 2 10 2 2 2 2 2 2 2 2 2 2 2 2 2 2 2 2
left_child=1 3 -2 -1 8 9 -7 10 12 -3 22 15 13 -5 -13 18 -15 -10 19 21 -17 -11 -8 25 26 -22 -19 28 -20 -27
right_child=2 5 -4 4 -6 6 7 -9 17 11 -12 14 -14 16 -16 20 -18 24 27 -21 23 -23 -24 -25 -26 29 -28 -29 -30 -31
leaf_value=-0.0078074442895935837 -0.011609067579880939 -0.00010144177485704423 -0.012350416203707396 -0.00684605403049072 -0.0079362298916324844 -0.0071084132085788808 0.00054040995715187539 -0.014375241206478723 0.0060450175477085068 0.00069831155008214386 -0.0019124967541704668 0.011917567137529041 0.001034543704503521 -0.0023961618365374061 0.003212881357390094 0.0072790836053672958 0.0011656883638537475 -0.0017364994682656687 0.0078188079813076398 -0.00093612006973374778 0.00086698344737913807 0.005308673328968571 0.0043033229252669161 0.0064926205218486053 0.0033317136169466396 0.0075955763471286554 0.0018664265710141275 0.0036253902984295623 0.0041110865929014492 0.0028471559394041513
leaf_weight=7242 5061 8623 7403 4764 5998 4634 5733 5116 9392 5491 7241 49770 4890 6239 4757 64678 4504 5631 5784 4682 4524 9325 25288 20071 6608 7112 7256 7716 9862 6530
leaf_count=7242 5061 8623 7403 4764 5998 4634 5733 5116 9392 5491 7241 49770 4890 6239 4757 64678 4504 5631 5784 4682 4524 9325 25288 20071 6608 7112 7256 7716 9862 6530
internal_value=0.000429044 0.000817622 -0.00952683 -0.00106575 -0.000383363 0.00127594 -3.68619e-05 0.000315677 0.000166569 0.00157762 0.000635143 0.00164675 -0.00080421 -0.00124629 0.00210367 0.00147577 -0.000501721 0.000852053 0.00106497 0.000599651 0.00164679 0.000950678 0.000947673 0.00134257 0.000489103 0.00100517 0.000203033 0.00145312 0.00166219 0.00123507
internal_weight=331925 319461 12464 62524 55282 256937 48012 43378 49284 208925 38262 200302 20397 15507 54527 145775 10743 28887 42860 19498 102915 14816 31021 38237 19495 18166 12887 23362 15646 13642
internal_count=331925 319461 12464 62524 55282 256937 48012 43378 49284 208925 38262 200302 20397 15507 54527 145775 10743 28887 42860 19498 102915 14816 31021 38237 19495 18166 12887 23362 15646 13642
is_linear=0
shrinkage=0.05


Tree=14
num_leaves=31
num_cat=0
split_feature=2 4 4 8 2 2 0 0 8 8 2 3 7 0 0 9 7 2 2 0 8 8 2 7 2 9 0 0 7 8
split_gain=469.734 98.3154 96.1747 81.7998 50.8234 43.066 22.3766 12.9432 10.9113 10.7066 7.62586 7.29844 4.35249 3.88237 3.80246 3.51653 3.44023 2.38412 1.71538 3.51799 1.56243 1.51519 1.5095 2.42105 1.27706 1.20068 1.18859 1.51855 0.983274 0.955032
threshold=7.5000000000000009 0.65432679673362382 0.72354225804866756 0.80377605800000007 4.5000000000000009 4.5000000000000009 73.500000000000014 115.50000000000001 0.92706994300000012 0.8314545940000001 6.5000000000000009 8.9975079800000017 0.87473695000000007 108.50000000000001 49.500000000000007 11.500000000000002 1.0271803480000001 1.0000000180025095e-35 1.5000000000000002 63.500000000000007 1.2463057665000001 1.3572194490000002 2.5000000000000004 0.95516812250000005 5.5000000000000009 31.500000000000004 45.500000000000007 21.500000000000004 1.0212551835000003 1.1996017105000003
decision_type=2 8 10 2 2 2 2 2 2 2 2 2 2 2 2 2 2 2 2 2 2 2 2 2 2 2 2 2 2 2
left_child=1 3 -2 -1 8 9 -7 10 -5 14 24 12 -11 -13 -3 17 22 28 20 21 25 29 23 -10 -8 -17 27 -19 -14 -20
right_child=2 5 -4 4 -6 6 7 -9 16 11 -12 13 15 -15 -16 18 -18 26 19 -21 -22 -23 -24 -25 -26 -27 -28 -29 -30 -31
leaf_value=-0.0075717593524974609 -0.011046138851303398 -0.0018735103156803372 -0.011717492662256733 -0.0028157701223828491 -0.0073298087241587141 -0.006549325539889201 0.0042352001433403679 -0.013665373795889474 -0.00066885723799182256 -0.00027774589785763793 -0.0021868380858177656 0.011201551622182315 0.002093495860231975 0.0030955088893905979 0.0024770957182061971 0.005163535566539942 0.0051231379708952217 0.0028448743979089357 0.0031889212678022695 0.007371066064784367 0.0096639778445357528 0.0055415167118008707 -0.0012210390689461033 0.0028578328620825245 0.0018112187160101711 0.0072430920733518147 0.0046804268333411779 -0.00093548813407970432 0.0079574345354410988 0.0013930813691997636
leaf_weight=6235 5045 5202 7407 7866 8248 5701 18678 5136 4766 4607 7772 54621 6549 4723 6070 18321 12489 7380 18313 34469 16135 5688 5365 8021 13365 8366 4974 4711 9146 6844
leaf_count=6235 5045 5202 7407 7866 8248 5701 18678 5136 4766 4607 7772 54621 6549 4723 6070 18321 12489 7380 18313 34469 16135 5688 5365 8021 13365 8366 4974 4711 9146 6844
internal_value=0.000424669 0.000795746 -0.00910091 -0.00117134 -0.000453646 0.00118649 -0.000125748 0.000248632 0.000309449 0.00149404 0.000553428 0.00157659 0.00138589 0.00204401 -6.20726e-06 0.00143533 0.000735904 0.00098123 0.00157285 0.0014113 0.00181906 0.0010231 0.000296305 0.000591581 0.000894206 0.00158353 0.00057191 0.000304026 0.00142596 0.000856152
internal_weight=332213 319761 12452 52990 46755 266771 50652 44951 38507 216119 39815 204847 145503 59344 11272 140896 30641 32760 108136 65314 42822 30845 18152 12787 32043 26687 17065 12091 15695 25157
internal_count=332213 319761 12452 52990 46755 266771 50652 44951 38507 216119 39815 204847 145503 59344 11272 140896 30641 32760 108136 65314 42822 30845 18152 12787 32043 26687 17065 12091 15695 25157
is_linear=0
shrinkage=0.05


Tree=15
num_leaves=31
num_cat=0
split_feature=2 2 0 0 8 5 3 6 3 8 0 0 3 3 0 2 7 2 0 7 0 7 2 5 8 8 8 6 2 2
split_gain=446.986 83.8288 80.4642 74.8067 47.6904 27.3849 18.8332 13.8259 10.546 9.7323 5.79269 5.37117 4.06134 3.66913 3.34484 5.22518 3.24421 2.75032 3.11075 2.65999 2.30259 4.06019 1.84682 1.73562 1.66594 1.59298 1.23089 1.23023 1.12006 1.10108
threshold=7.5000000000000009 5.5000000000000009 77.500000000000014 104.50000000000001 0.8176335815000001 7.5000000000000009 1.2992136975000002 1.5000000000000002 -33.891109290999992 1.0025047235000002 112.50000000000001 49.500000000000007 -15.498409037999998 12.931751794000002 65.500000000000014 2.5000000000000004 0.91047063400000006 3.5000000000000004 65.500000000000014 0.97430084000000006 49.500000000000007 0.9543694155000001 4.5000000000000009 12.500000000000002 1.4435879295000003 1.0169589225000002 1.0771584090000001 1.0000000180025095e-35 3.5000000000000004 6.5000000000000009
decision_type=2 2 2 2 2 2 2 2 2 2 2 2 2 2 2 2 2 2 2 2 2 2 2 2 2 2 2 2 2 2
left_child=1 4 -3 -2 5 -1 7 9 -4 14 13 -7 -9 25 15 16 -6 20 -19 -10 21 -11 -16 -18 -23 -8 -14 -27 -15 -21
right_child=3 2 8 -5 6 11 10 12 19 17 -12 -13 26 28 22 -17 23 18 -20 29 -22 24 -24 -25 -26 27 -28 -29 -30 -31
leaf_value=-0.0063466916819384144 -0.010603651878168736 -0.0098311383248783357 -0.0040046457945844697 -0.011055577985028361 -0.0007987430573667461 -0.0033273503406463095 0.0035148981134035997 -0.0058077205920220101 -0.0024604649146275511 0.00053380243054150804 0.000284330933634671 0.0020166687942875339 -0.0015046999845928558 0.011656326844721215 0.0043835662798000713 -0.0019420735447344723 0.001073900627435363 -0.00052765559540144335 0.0043456777460946245 0.0026099220864760778 0.0063800234181769586 0.0039202234284002801 0.0010624615156485833 0.0055916336264042465 0.0073318622571651561 0.0083267459947255641 0.0012345333851484417 0.0066186756545499161 0.0079690416569920038 -0.00047914931535347223
leaf_weight=5030 4501 4639 6674 7949 6265 4629 13055 4500 7838 6959 4813 7655 4511 37042 10609 7701 12176 4679 13681 9110 23925 39493 5788 5541 9003 28741 4744 15631 10242 4662
leaf_count=5030 4501 4639 6674 7949 6265 4629 13055 4500 7838 6959 4813 7655 4511 37042 10609 7701 12176 4679 13681 9110 23925 39493 5788 5541 9003 28741 4744 15631 10242 4662
internal_value=0.000438725 0.00080115 -0.00158809 -0.00885387 0.00107581 -0.00146746 0.00123947 0.000892891 -0.000586447 0.00103583 0.00174438 -0.000194483 -0.000622275 0.00182233 0.000453364 0.000153292 0.000517155 0.00132232 0.000770487 -4.97339e-05 0.0014499 0.00127276 0.00103295 0.000862911 0.00143482 0.00155345 -2.29481e-05 0.00169637 0.0021487 0.000368731
internal_weight=331786 319336 32923 12450 286413 17314 269099 159575 28284 145820 109524 12284 13755 104711 48080 31683 23982 97740 18360 21610 79380 55455 16397 17717 48496 57427 9255 44372 47284 13772
internal_count=331786 319336 32923 12450 286413 17314 269099 159575 28284 145820 109524 12284 13755 104711 48080 31683 23982 97740 18360 21610 79380 55455 16397 17717 48496 57427 9255 44372 47284 13772
is_linear=0
shrinkage=0.05


Tree=16
num_leaves=31
num_cat=0
split_feature=4 8 4 0 6 8 6 9 0 4 6 4 7 0 4 4 6 6 9 8 9 7 8 4 7 0 9 8 9 9
split_gain=150.621 106.949 68.4852 49.3642 31.2518 25.1755 23.7014 13.6602 8.25744 8.24951 6.35343 6.03932 4.69145 3.89229 3.86719 3.86644 3.6761 3.16636 3.06103 2.20441 1.66528 1.65778 1.61319 1.49735 1.32211 1.16751 1.16564 1.04284 0.942151 0.925421
threshold=0.74956026705008683 0.93834529050000015 0.46574743022419068 116.50000000000001 1.5000000000000002 1.0000014820000003 1.5000000000000002 11.500000000000002 85.500000000000014 0.56244610137483664 1.0000000180025095e-35 1.1289813850102288 1.0038369515000001 77.500000000000014 1.0330200618230949 1.07644876771646 1.5000000000000002 1.5000000000000002 22.500000000000004 1.0025047235000002 26.500000000000004 0.94443998950000008 1.3380145900000002 1.1070181890119197 0.93338623450000002 29.500000000000004 16.500000000000004 1.2428557500000001 31.500000000000004 24.500000000000004
decision_type=8 2 10 2 2 2 2 2 2 10 2 10 2 2 10 10 2 2 2 2 2 2 2 10 2 2 2 2 2 2
left_child=1 2 -1 5 9 7 8 11 12 -4 23 17 19 -11 18 16 22 -2 -9 -3 27 -21 -12 -7 -20 -14 -25 -17 -16 -27
right_child=3 6 4 -5 -6 10 -8 14 -10 13 15 -13 25 -15 28 20 -18 -19 24 21 -22 -23 -24 26 -26 29 -28 -29 -30 -31
leaf_value=-0.008780334835051716 -0.0011676964738679177 -0.0012851059430574801 -0.0061382903918200289 -0.013134110041747613 -0.0089127383091777059 0.005723877161169913 -0.0071895912083744995 -0.00018455995662651969 -0.0048548134267757011 -0.00036990989924659117 0.0029300447702930153 0.0026821196500375964 0.0045270198443732026 -0.0057935782285082078 0.0041248189215246107 0.004946461157686096 -0.00034245603070635113 -0.0049222618096800286 0.0012255918699565582 -0.00093706863745373833 0.010419401361585204 0.0023504111807481319 0.0063046629458941017 0.0067250393733214028 0.0039830227268755894 0.00024491091297930764 0.010163561721448298 0.0084647604175693402 0.0088481389006867164 0.0040458105295195631
leaf_weight=7671 8168 7964 4642 6525 4761 53897 6439 13664 4675 8222 23527 5381 13536 6110 12374 10613 7343 7450 7888 4546 8865 8524 6550 8094 13689 4713 34235 8318 8765 4543
leaf_count=7671 8168 7964 4642 6525 4761 53897 6439 13664 4675 8222 23527 5381 13536 6110 12374 10613 7343 7450 7888 4546 8865 8524 6550 8094 13689 4713 34235 8318 8765 4543
internal_value=0.000435428 -0.00136055 -0.00368772 0.00106751 -0.00235941 0.00118476 -3.003e-05 0.000443212 0.000348462 -0.00144976 0.00154016 -0.000645234 0.000561589 -0.000855828 0.00084863 0.00115898 0.000826987 -0.00114287 0.00052779 2.30525e-05 0.0016057 0.000422562 0.00107182 0.00179843 0.00089855 0.00105847 0.00202137 0.00134017 0.00138325 0.000625203
internal_weight=331692 86346 31406 245346 23735 238821 54940 77379 48501 18974 161442 20999 43826 14332 56380 65216 37420 15618 35241 21034 27796 13070 30077 96226 21577 22792 42329 18931 21139 9256
internal_count=331692 86346 31406 245346 23735 238821 54940 77379 48501 18974 161442 20999 43826 14332 56380 65216 37420 15618 35241 21034 27796 13070 30077 96226 21577 22792 42329 18931 21139 9256
is_linear=0
shrinkage=0.05


Tree=17
num_leaves=31
num_cat=0
split_feature=4 6 8 0 8 4 8 9 0 0 9 9 4 4 8 6 5 9 6 6 4 7 4 0 4 8 8 8 4 8
split_gain=128.294 96.0371 50.4026 49.1323 36.2696 26.7012 26.401 14.6091 11.7044 9.31046 7.46662 6.82696 6.40462 4.57959 4.43455 4.41781 4.2472 3.27239 3.23856 2.19664 2.10835 1.85333 1.5968 1.51166 1.47971 1.23784 1.09262 1.17014 0.933474 0.740421
threshold=0.72354225804866756 1.5000000000000002 0.92706994300000012 116.50000000000001 0.95085857150000008 0.56244610137483664 1.0216345210000002 12.500000000000002 31.500000000000004 33.500000000000007 18.500000000000004 29.500000000000004 1.1522179028777921 0.781726907187691 1.4435879295000003 1.5000000000000002 12.500000000000002 29.500000000000004 1.0000000180025095e-35 1.5000000000000002 1.1070181890119197 0.95716687150000013 1.0509582606440817 76.500000000000014 1.0935021903251465 0.88734975450000009 1.2592987655000003 1.0952802825000003 0.85021326156818178 1.2922678700000001
decision_type=8 2 2 2 2 10 2 2 2 2 2 2 10 10 2 2 2 2 2 2 10 2 10 2 10 2 2 2 10 2
left_child=1 2 5 6 -3 8 7 12 -1 21 -11 14 15 -9 16 25 19 22 -7 26 29 -4 -15 -12 -19 -2 27 -8 -18 -13
right_child=3 4 9 -5 -6 18 11 13 -10 10 23 20 -14 17 -16 -17 28 24 -20 -21 -22 -23 -24 -25 -26 -27 -28 -29 -30 -31
leaf_value=-0.004760820720499462 -0.0029664499663986533 -0.0092380336023785269 0.00032411407476331492 -0.012441891090676562 -0.0067788380708050698 -0.00016268743629496924 0.003267782708291268 -0.00081992643050941025 -0.0080686095829665162 -0.0050541362991957384 0.0011597379615995052 0.0052870687806948627 0.0030171657687296355 0.0011982404316864558 0.0087769318817338612 -0.0048165510650009661 0.0019318742559347884 0.0036630149911372877 -0.005453773248171756 -0.00085887697952004608 0.010422427944048573 0.0034805232952609478 0.0041047961384967626 -0.0023086929654341885 0.010068247149537378 0.00019661243953459837 0.0056681947356551285 0.00079171590610042507 0.0057128924090398816 0.009199844711150677
leaf_weight=4566 4684 5857 4516 6680 5500 5688 5577 7797 5669 5589 10774 24998 5815 19095 14771 8931 5501 17071 5309 4560 29643 19175 10995 4512 8652 7027 7739 10916 41871 12488
leaf_count=4566 4684 5857 4516 6680 5500 5688 5577 7797 5669 5589 10774 24998 5815 19095 14771 8931 5501 17071 5309 4560 29643 19175 10995 4512 8652 7027 7739 10916 41871 12488
internal_value=0.000450536 -0.0013357 -0.000602632 0.000991412 -0.00558066 -0.00260724 0.00110535 0.000422079 -0.00444458 0.000352584 -0.000417265 0.00149466 -0.000565244 0.000832744 0.0012122 -0.000978108 0.0010583 0.000991302 -0.000895973 0.000579227 0.00187718 0.00103087 0.000637149 0.000154666 0.00140538 -0.000339066 0.00076866 0.000538399 0.00134939 0.00162746
internal_weight=331966 77155 65798 254811 11357 21232 248131 90067 10235 44566 20875 158064 26457 63610 90935 20642 76164 55813 10997 28792 67129 23691 30090 15286 25723 11711 24232 16493 47372 37486
internal_count=331966 77155 65798 254811 11357 21232 248131 90067 10235 44566 20875 158064 26457 63610 90935 20642 76164 55813 10997 28792 67129 23691 30090 15286 25723 11711 24232 16493 47372 37486
is_linear=0
shrinkage=0.05


Tree=18
num_leaves=31
num_cat=0
split_feature=2 4 2 0 4 8 0 3 6 3 9 8 7 0 2 0 2 2 2 2 8 7 0 2 0 4 8 7 8 9
split_gain=377.616 63.9004 63.7005 60.179 36.0882 34.2738 8.71429 9.03947 7.1999 6.92582 4.88204 4.32117 2.69827 3.52708 3.09034 5.40059 2.58879 2.37156 2.36587 2.21537 2.08844 2.08569 1.91913 1.78035 1.70514 1.51161 1.05978 1.2964 0.989187 0.98771
threshold=7.5000000000000009 0.72354225804866756 5.5000000000000009 77.500000000000014 0.7756355426729139 0.8176335815000001 113.50000000000001 10.520400037500002 1.0000000180025095e-35 -40.411667414999989 17.500000000000004 0.94862549100000015 0.98560577400000005 41.500000000000007 2.5000000000000004 76.500000000000014 6.5000000000000009 3.5000000000000004 1.0000000180025095e-35 3.5000000000000004 1.2463057665000001 1.0038369515000001 54.500000000000007 3.5000000000000004 73.500000000000014 0.52369155028788228 1.2428557500000001 1.0527773555000002 0.94232026850000017 29.500000000000004
decision_type=2 10 2 2 10 2 2 2 2 2 2 2 2 2 2 2 2 2 2 2 2 2 2 2 2 10 2 2 2 2
left_child=2 -2 4 -4 5 -1 7 10 21 -5 12 -10 13 18 26 -16 -11 -13 -6 20 22 25 29 -9 -21 -7 27 -14 -27 -12
right_child=1 -3 3 9 6 8 -8 23 11 16 19 17 14 -15 15 -17 -18 -19 -20 24 -22 -23 -24 -25 -26 28 -28 -29 -30 -31
leaf_value=-0.0047069235231182996 -0.0093828097914775213 -0.0097305745254899576 -0.0085894383622661229 -0.0037456500674461512 0.0015916479959559209 6.1185754103501436e-05 -0.0038684675308444903 0.0097769436871570151 -0.003634908412126821 0.0011955925077906469 0.0030503464002717522 0.0013940475942496814 0.0040314515834919112 0.0035008388880323643 -0.0011860286785250794 0.0061514593190223378 -0.0026303749685778763 -0.0014835996041118174 -0.0019897553122917733 0.00047658072879359198 0.0079668053224218657 0.0045418288945256796 0.0058150946521054745 0.0065039200465082554 0.0044841148860314314 0.0032814675278191037 0.007343657293935376 0.0014426136681448206 0.0018970940738156337 0.0042376363459720257
leaf_weight=8195 5051 7462 4622 4560 5004 8035 5325 45227 8100 14717 15681 17467 7622 5813 6376 4526 9023 6282 6135 4703 23616 18250 21279 12828 15943 5173 12266 4661 9565 8826
leaf_count=8195 5051 7462 4622 4560 5004 8035 5325 45227 8100 14717 15681 17467 7622 5813 6376 4526 9023 6282 6135 4703 23616 18250 21279 12828 15943 5173 12266 4661 9565 8826
internal_value=0.000445277 -0.00807377 0.000778707 -0.00130425 0.00101775 0.00012418 0.00136967 0.00142269 0.000469009 -0.000439852 0.00120829 -9.50429e-05 0.000824445 0.000305479 0.00107253 0.00037178 -9.68624e-05 0.000245117 -0.000215587 0.0014316 0.00156692 0.000906881 0.00136959 0.00194863 0.000976466 0.000587519 0.00138358 0.00105448 0.000888218 0.00106754
internal_weight=332333 12513 319820 32922 286898 81067 205831 200506 72872 28300 142451 31849 52403 16952 35451 10902 23740 23749 11139 90048 69402 41023 45786 58055 20646 22773 24549 12283 14738 24507
internal_count=332333 12513 319820 32922 286898 81067 205831 200506 72872 28300 142451 31849 52403 16952 35451 10902 23740 23749 11139 90048 69402 41023 45786 58055 20646 22773 24549 12283 14738 24507
is_linear=0
shrinkage=0.05


Tree=19
num_leaves=31
num_cat=0
split_feature=2 0 2 0 4 7 4 2 3 2 4 0 0 7 0 2 7 0 0 2 0 9 4 5 9 2 5 9 9 7
split_gain=369.037 61.3871 60.5384 71.9415 29.08 24.1659 15.9957 8.24295 6.67369 5.94693 7.47513 4.12409 3.5829 3.80533 3.49415 8.97396 4.76758 3.03524 2.98007 2.88424 1.81473 1.58408 1.53948 1.33262 1.05714 0.898654 0.886701 0.858353 0.792755 0.764983
threshold=7.5000000000000009 104.50000000000001 4.5000000000000009 63.500000000000007 0.78492537866292544 0.84552124650000016 0.63312286171054521 6.5000000000000009 10.196841280000003 1.0000000180025095e-35 0.38556450163460065 108.50000000000001 56.500000000000007 1.0038369515000001 47.500000000000007 2.5000000000000004 0.98477545750000017 113.50000000000001 79.500000000000014 3.5000000000000004 75.500000000000014 24.500000000000004 0.65432679673362382 13.500000000000002 14.500000000000002 1.5000000000000002 13.500000000000002 35.500000000000007 30.500000000000004 1.0212551835000003
decision_type=2 2 2 2 10 2 10 2 2 2 10 2 2 2 2 2 2 2 2 2 2 2 10 2 2 2 2 2 2 2
left_child=2 -2 4 -4 5 -1 -5 17 14 29 -11 28 13 22 15 16 21 18 -8 -16 -21 26 24 -9 -12 -15 -6 -22 -10 -7
right_child=1 -3 3 6 8 9 7 23 11 10 12 -13 -14 25 19 -17 -18 -19 -20 20 27 -23 -24 -25 -26 -27 -28 -29 -30 -31
leaf_value=-0.0044716666552700457 -0.0091738901867563227 -0.0090786529741388126 -0.0089771767395205471 -0.0041074101622851729 -0.0004733944473707132 0.0021064468150426932 -0.00071830684197088249 -0.0042291488253281386 0.007791285182321717 -0.0051243448001270083 -0.0026004258297936686 0.0027000356127998603 0.0034730783586751457 0.0048462456797987649 0.0061369413468624649 -0.001846015079509248 0.0054401163370327698 -0.0037705787146471979 0.0032865726621713284 0.00076812137444208766 0.0061677002482080773 0.002772233711013693 0.00096206150392799195 -0.0025628862783869137 -0.00037908060695756191 0.0012254740832936652 0.0020578754962351448 0.0042562505122258256 0.010138921839087668 0.0058705184966811996
leaf_weight=5251 4513 7906 5181 6956 6551 11331 5341 4876 22110 4812 4865 4819 13596 4909 42910 5700 42244 5375 28417 5628 6793 4741 7636 5212 5542 8140 7076 4599 29782 9184
leaf_count=5251 4513 7906 5181 6956 6551 11331 5341 4876 22110 4812 4865 4819 13596 4909 42910 5700 42244 5375 28417 5628 6793 4741 7636 5212 5542 8140 7076 4599 29782 9184
internal_value=0.000441685 -0.00801292 0.000770358 -0.000641347 0.00110581 0.000278527 -0.000121169 0.000196085 0.00144614 0.000523958 0.00022725 0.00189678 0.000428926 0.00013281 0.00124363 0.00099341 0.00117178 0.000524618 0.000700323 0.0015204 0.000969163 0.000499102 -0.000337572 -0.00107797 -0.000733048 0.000783093 0.000225022 0.00133193 0.00202671 0.00123964
internal_weight=331996 12419 319577 61358 258219 75266 56177 49221 182953 70015 49500 56711 44688 31092 126242 66312 60612 39133 33758 59930 17020 18368 18043 10088 10407 13049 13627 11392 51892 20515
internal_count=331996 12419 319577 61358 258219 75266 56177 49221 182953 70015 49500 56711 44688 31092 126242 66312 60612 39133 33758 59930 17020 18368 18043 10088 10407 13049 13627 11392 51892 20515
is_linear=0
shrinkage=0.05


Tree=20
num_leaves=31
num_cat=0
split_feature=2 2 4 0 4 8 0 6 4 8 0 2 7 2 0 7 6 7 4 0 5 0 2 0 2 2 4 5 0 0
split_gain=326.74 56.357 56.2047 53.2022 31.3182 29.2938 8.24342 7.71742 6.37954 6.1088 5.48281 4.56755 4.48371 3.82722 3.33135 2.37325 2.29796 2.06157 1.83624 1.82445 1.99182 1.73147 1.56918 4.18434 1.4496 1.38199 1.20057 1.17609 1.02392 0.960711
threshold=7.5000000000000009 5.5000000000000009 0.72354225804866756 77.500000000000014 0.781726907187691 0.8176335815000001 111.50000000000001 1.5000000000000002 0.75978287587202054 1.2428557500000001 44.500000000000007 3.5000000000000004 1.0038369515000001 1.5000000000000002 68.500000000000014 0.99693670000000012 1.0000000180025095e-35 0.91752535600000018 0.50605770383338944 113.50000000000001 15.500000000000002 54.500000000000007 2.5000000000000004 62.500000000000007 1.5000000000000002 1.5000000000000002 1.1895740362512177 9.5000000000000018 31.500000000000004 15.500000000000002
decision_type=2 2 10 2 10 2 2 2 10 2 2 2 2 2 2 2 2 2 10 2 2 2 2 2 2 2 10 2 2 2
left_child=1 4 -2 -3 5 -1 9 12 -5 10 13 26 16 17 -13 -15 18 -6 -7 20 -10 25 29 -24 -14 -18 -12 -19 -29 -11
right_child=2 3 -4 8 6 7 -8 -9 19 22 11 14 24 15 -16 -17 21 27 -20 -21 -22 -23 23 -25 -26 -27 -28 28 -30 -31
leaf_value=-0.0043208941071554334 -0.0084714691085581977 -0.0078700554724466104 -0.0088368743151213108 -0.0029699558791411447 0.00027261182900074329 -8.6032638456535679e-05 -0.0021936403255266692 -0.0034682450182647231 -0.00044283340633329709 0.0065486053172911125 0.0050944428566570667 -0.00055296675498979768 0.0049589042187082903 -0.0013814057119875072 0.0042281425721189007 0.0020083258659030624 1.698356684496441e-06 0.001163149554195942 0.0025149921250201559 -0.010004180871979042 0.0040169248563092707 0.0019127476057092569 0.0002056590527530562 0.0084575914623122358 0.001840071087606593 -0.0036696099194765694 0.0097607159425549886 0.0042402839643325609 0.0065561311814377136 0.0077534898331470736
leaf_weight=8385 5070 4637 7414 8085 5404 7500 7537 7000 8343 8055 36967 4819 16734 6111 27855 5343 4877 4803 15916 5003 6755 4784 4597 14473 12896 5051 13360 18306 6986 38987
leaf_count=8385 5070 4637 7414 8085 5404 7500 7537 7000 8343 8055 36967 4819 16734 6111 27855 5343 4877 4803 15916 5003 6755 4784 4597 14473 12896 5051 13360 18306 6986 38987
internal_value=0.000428035 0.000738084 -0.0075058 -0.00122434 0.000962734 0.000145013 0.00129665 0.000459385 -0.000407399 0.00135902 0.00115987 0.00140415 0.000622685 0.000727938 0.000943572 -6.67597e-05 0.000264076 0.000984326 0.000571709 6.97554e-05 0.000343971 -0.000225589 0.00175038 0.00136697 0.00108402 -0.000602034 0.00170304 0.00114576 0.00128197 0.00190565
internal_weight=332053 319569 12484 32823 286746 83143 203603 74758 28186 196066 129954 83001 67758 46953 32674 11454 38128 35499 23416 20101 15098 14712 66112 19070 29630 9928 50327 30095 25292 47042
internal_count=332053 319569 12484 32823 286746 83143 203603 74758 28186 196066 129954 83001 67758 46953 32674 11454 38128 35499 23416 20101 15098 14712 66112 19070 29630 9928 50327 30095 25292 47042
is_linear=0
shrinkage=0.05


Tree=21
num_leaves=31
num_cat=0
split_feature=3 4 6 0 9 3 7 6 4 6 0 9 0 5 9 9 4 3 7 7 7 0 9 3 4 7 7 7 0 3
split_gain=136.208 81.2021 39.493 24.4079 23.0557 22.5317 14.3759 10.8409 7.2699 7.03967 5.8168 4.52996 4.0008 4.95111 3.72517 3.70469 2.91193 1.82933 1.71183 1.513 1.44302 1.43407 1.43051 1.55978 1.18775 0.976305 1.02636 1.12675 1.0101 0.935973
threshold=-26.315370914999995 0.44216914617872494 2.5000000000000004 116.50000000000001 21.500000000000004 3.9758924865000007 0.92120249550000011 1.0000000180025095e-35 0.54033720891950865 1.5000000000000002 100.50000000000001 12.500000000000002 23.500000000000004 10.500000000000002 28.500000000000004 11.500000000000002 0.62795627275391319 -36.404110705499996 1.0405934205000003 0.99693670000000012 1.0882052975000003 94.500000000000014 43.500000000000007 -9.9067643604999969 0.78492537866292544 1.0212551835000003 1.0463138475000002 1.0812419045000001 7.5000000000000009 17.291051381000006
decision_type=2 10 2 2 2 2 2 2 10 2 2 2 2 2 2 2 10 2 2 2 2 2 2 2 10 2 2 2 2 2
left_child=1 -1 3 5 9 6 8 22 -2 17 16 12 19 -14 18 -10 -6 -3 -7 -9 -13 29 23 -8 -17 28 -27 -28 -25 -16
right_child=2 4 -4 -5 10 14 7 11 15 -11 -12 20 13 -15 21 24 -18 -19 -20 -21 -22 -23 -24 25 -26 26 27 -29 -30 -31
leaf_value=-0.0075423668159166042 -0.0037082373816018817 -0.0065382578445453135 -0.0077851292059125891 -0.01125090776273319 -0.0011451310919459847 0.0035531679610168905 0.001735240707863349 -0.0004247561095096709 -0.0026963592316868431 -0.006917002494864391 -0.0061585399489612405 0.0015720712984454211 -0.0042340868932707046 0.0005423468929829444 0.0065653849849515236 -0.00076073143744116809 0.0029465687313887977 -0.0040280770915336597 0.0072571502501604882 0.0029284282421878425 0.0044203532441067662 0.0078017341636436284 0.0060293642125243962 0.00108909941409591 0.00139617529287365 0.0065538967891100213 0.0028581736317669039 0.0055936855472314938 0.0037286412252753743 0.010251558629889098
leaf_weight=4633 4633 4983 5344 5358 6995 23275 19302 4599 5853 5664 4628 31087 7652 9026 19618 5834 6785 5360 24820 8679 8356 12364 13223 6838 12149 5629 7631 17204 17095 17305
leaf_count=4633 4633 4983 5344 5358 6995 23275 19302 4599 5853 5664 4628 31087 7652 9026 19618 5834 6785 5360 24820 8679 8356 12364 13223 6838 12149 5629 7631 17204 17095 17305
internal_value=0.000421041 -0.0023527 0.00079089 0.000870068 -0.00151547 0.000933563 0.000609189 0.000797388 -0.000424159 -0.00290298 -0.000308478 0.000331357 -0.000132172 -0.000647665 0.00154903 -7.17251e-05 0.000206747 -0.00212529 0.00123571 0.00051532 0.000683368 0.00185461 0.00116943 0.00108335 0.000283939 0.00122041 0.00140832 0.00126963 0.000980972 0.00201087
internal_weight=331922 39048 292874 287530 34415 282172 184790 156321 28469 16007 18408 69399 29956 16678 97382 23836 13780 10343 48095 13278 39443 49287 86922 73699 17983 54397 30464 24835 23933 36923
internal_count=331922 39048 292874 287530 34415 282172 184790 156321 28469 16007 18408 69399 29956 16678 97382 23836 13780 10343 48095 13278 39443 49287 86922 73699 17983 54397 30464 24835 23933 36923
is_linear=0
shrinkage=0.05


Tree=22
num_leaves=31
num_cat=0
split_feature=2 2 0 4 8 4 3 2 0 0 0 8 9 3 5 3 3 5 8 0 2 0 0 2 8 2 5 4 0 0
split_gain=296.289 48.017 45.91 44.6958 27.0703 27.0169 14.1424 8.03632 16.8804 5.00977 4.77129 4.91959 3.98535 3.83787 3.46422 2.86516 2.18491 3.3613 1.89309 1.79334 1.74203 1.47522 1.41939 1.73226 1.33903 1.74849 1.14197 1.11771 0.980361 0.961044
threshold=7.5000000000000009 5.5000000000000009 78.500000000000014 0.72354225804866756 0.8176335815000001 0.59421509617575907 3.9758924865000007 3.5000000000000004 62.500000000000007 112.50000000000001 64.500000000000014 1.2592987655000003 15.500000000000002 -33.137012536499995 12.500000000000002 14.102201865500001 -9.1210145509999982 6.5000000000000009 1.2957820940000002 60.500000000000007 3.5000000000000004 113.50000000000001 83.500000000000014 4.5000000000000009 1.4435879295000003 1.5000000000000002 14.500000000000002 0.70792748231424296 47.500000000000007 48.500000000000007
decision_type=2 2 2 10 2 10 2 2 2 2 2 2 2 2 2 2 2 2 2 2 2 2 2 2 2 2 2 10 2 2
left_child=1 4 -3 -2 5 -1 7 10 12 15 11 14 -9 -4 16 18 17 -6 29 -7 -17 26 23 -10 25 27 -15 -13 -19 -8
right_child=3 2 13 -5 6 19 9 8 22 -11 -12 24 -14 21 -16 20 -18 28 -20 -21 -22 -23 -24 -25 -26 -27 -28 -29 -30 -31
leaf_value=-0.0052812684535780557 -0.0077300851600785887 -0.0071191080193415777 -0.0024429230554166587 -0.0082211632108824852 -0.0020564866940568165 -0.0011205456109563007 0.0033555225024791621 -0.0053033860860915343 0.0026645355710812496 -0.00026643371318471669 0.0058226358914523751 0.0027155658157801167 -0.0010879522690865398 -0.00028205449218831425 0.0031659899928785508 0.0086696924776426109 0.0016053058637364071 0.00027237625812017211 0.0079329941814307598 0.0026544730982657285 0.0056872481272111537 -0.0094172615530669617 0.0037616214205382012 -0.00094189074558770109 0.0058969695276249214 0.0011643322145583842 0.0027464117665538571 0.0060826089851007369 0.0029388543750305108 0.0055217182695006944
leaf_weight=4505 5041 4930 6818 7374 6898 6100 14088 4630 8524 4632 21133 4571 5254 8349 29473 34361 31843 8720 13637 6644 9772 4919 18098 5257 13367 6959 7882 8994 4594 14730
leaf_count=4505 5041 4930 6818 7374 6898 6100 14088 4630 8524 4632 21133 4571 5254 8349 29473 34361 31843 8720 13637 6644 9772 4919 18098 5257 13367 6959 7882 8994 4594 14730
internal_value=0.000434181 0.000728541 -0.0010806 -0.00714271 0.000936089 -0.000983975 0.00105898 0.000799896 0.000192911 0.00156536 0.000985523 0.000858985 -0.00161189 -0.000296 0.000648449 0.00165106 0.000403141 -3.46237e-06 0.00135745 0.000192956 0.00193331 3.66344e-05 0.00075265 0.000370122 0.00136528 0.00111111 0.000266537 0.0014416 0.00046062 0.0011274
internal_weight=332097 319682 32898 12415 286784 17249 269535 178315 41763 91220 136552 115419 9884 27968 81528 86588 52055 20212 42455 12744 44133 21150 31879 13781 33891 20524 16231 13565 13314 28818
internal_count=332097 319682 32898 12415 286784 17249 269535 178315 41763 91220 136552 115419 9884 27968 81528 86588 52055 20212 42455 12744 44133 21150 31879 13781 33891 20524 16231 13565 13314 28818
is_linear=0
shrinkage=0.05


Tree=23
num_leaves=31
num_cat=0
split_feature=2 2 0 0 7 3 2 0 2 7 0 2 0 4 4 0 2 0 3 2 7 0 2 7 9 7 9 4 0 0
split_gain=271.428 47.5937 63.0277 46.6003 22.4305 12.9498 11.8175 7.68035 12.3289 6.6841 5.61778 4.18912 3.87238 3.7171 3.32441 2.44349 2.84904 2.24332 2.22107 1.62137 1.5076 1.23764 1.20318 1.13534 1.20513 1.04396 0.957852 0.761338 0.746059 0.651401
threshold=7.5000000000000009 4.5000000000000009 63.500000000000007 104.50000000000001 0.84552124650000016 10.196841280000003 6.5000000000000009 57.500000000000007 3.5000000000000004 0.98477545750000017 99.500000000000014 1.5000000000000002 108.50000000000001 0.63312286171054521 0.52369155028788228 43.500000000000007 1.0000000180025095e-35 113.50000000000001 -9.9067643604999969 2.5000000000000004 0.94443998950000008 26.500000000000004 2.5000000000000004 1.0046301695000002 21.500000000000004 0.97175424950000011 31.500000000000004 0.838575240876409 76.500000000000014 104.50000000000001
decision_type=2 2 2 2 2 2 2 2 2 2 2 2 2 10 10 2 2 2 2 2 2 2 2 2 2 2 2 10 2 2
left_child=1 4 -3 -2 -1 7 13 8 9 14 -8 -11 26 -4 18 16 -16 20 -6 -9 -15 -18 -13 24 -21 -26 -7 -23 -25 -22
right_child=3 2 6 -5 5 12 10 19 -10 11 -12 22 -14 17 15 -17 21 -19 -20 23 29 27 -24 28 25 -27 -28 -29 -30 -31
leaf_value=-0.0028568889553152225 -0.0075286090090571651 -0.0075835227782268437 -0.0018990314493104962 -0.0073227460475376004 -0.0033588479148690359 0.0063432291924330883 -0.0049788959159082387 0.0061954283282089889 -0.0024516297978971783 0.0045435963582038819 -0.0025634648955565886 0.0019632234932447008 0.0029415310602251554 -0.00014517606558632845 0.0020188232989012795 0.0030751184083888912 -0.001470194553461722 -0.0032768585144217332 0.00038932748445988109 0.0049105197388751897 0.0020078299091882629 -0.00060701334111873504 9.255929946843988e-05 0.0044533215865117616 0.0030750407496399207 0.00040722480867395709 0.0085542433742675367 0.0013593443760667283 0.0068142215738340121 0.004526075004086855
leaf_weight=8953 4570 5119 4622 7969 4543 22854 4761 17317 6407 58031 7696 16583 4787 6749 10385 8124 7115 5353 4807 5829 19601 4737 9250 9370 9371 5442 28475 4564 11474 7483
leaf_count=8953 4570 5119 4622 7969 4543 22854 4761 17317 6407 58031 7696 16583 4787 6749 10385 8124 7115 5353 4807 5829 19601 4737 9250 9370 9371 5442 28475 4564 11474 7483
internal_value=0.0004026 0.000685585 -0.000565899 -0.00681222 0.000982865 0.00107112 -8.24151e-05 0.000877005 0.000668631 0.00077567 -0.00144098 0.00103805 0.00173981 0.000304019 0.000278625 0.000502791 0.00027242 0.000462224 -0.000558525 0.00135368 0.000612699 -0.000137629 0.000508263 0.00118375 0.000920473 0.000680423 0.00186665 0.000242048 0.00144419 0.000779283
internal_weight=332341 319802 61384 12539 258418 249465 56265 193349 134546 128139 12457 83864 56116 43808 44275 34925 26801 39186 9350 58803 33833 16416 25833 41486 20642 14813 51329 9301 20844 27084
internal_count=332341 319802 61384 12539 258418 249465 56265 193349 134546 128139 12457 83864 56116 43808 44275 34925 26801 39186 9350 58803 33833 16416 25833 41486 20642 14813 51329 9301 20844 27084
is_linear=0
shrinkage=0.05


Tree=24
num_leaves=31
num_cat=0
split_feature=2 8 4 4 2 0 3 2 0 9 8 0 2 5 2 0 0 4 0 5 9 2 9 8 2 0 8 8 3 3
split_gain=252.173 40.5136 48.5281 39.0672 17.5876 13.657 8.38855 8.03057 6.35575 4.31385 4.06737 5.20529 4.46515 2.99274 2.60677 8.60167 3.3861 2.38309 1.97331 1.68109 1.60689 1.40865 1.34644 1.25037 1.14956 1.02173 0.919448 0.890829 1.34509 0.866463
threshold=7.5000000000000009 0.9248827850000001 0.49696860249111285 0.72354225804866756 4.5000000000000009 70.500000000000014 8.9975079800000017 5.5000000000000009 93.500000000000014 6.5000000000000009 1.4435879295000003 57.500000000000007 1.0000000180025095e-35 9.5000000000000018 2.5000000000000004 63.500000000000007 26.500000000000004 0.96287216725648517 107.50000000000001 11.500000000000002 36.500000000000007 2.5000000000000004 19.500000000000004 1.0117252615000003 3.5000000000000004 109.50000000000001 1.0420770275000002 1.0714725580000002 -10.294307049999999 -12.954458743999998
decision_type=2 2 8 10 2 2 2 2 2 2 2 2 2 2 2 2 2 10 2 2 2 2 2 2 2 2 2 2 2 2
left_child=1 2 -1 -2 6 -6 10 9 -9 -4 11 12 19 27 16 -16 -11 20 -8 23 -7 -15 -17 -3 26 -19 -13 -14 -29 -10
right_child=3 4 7 -5 5 17 18 8 29 14 -12 24 13 21 15 22 -18 25 -20 -21 -22 -23 -24 -25 -26 -27 -28 28 -30 -31
leaf_value=-0.0056498209862494682 -0.00695660874516072 0.00028784201620803623 -0.0018876404468357998 -0.0073832580792800228 -0.0047345634851839119 -0.00085798277041200716 0.0070032831125875581 -0.0046742118329276749 0.00065132460260780914 0.00039553079952158143 0.0057997537645168669 0.0030162883483585406 0.00094360480841058794 0.0022064320433148373 -0.0027029971529094195 0.0041850484385952567 0.0048493866278217553 0.0052542353730650306 0.004082021826296748 0.005485895998829861 0.0023596258384977029 0.00034165031236667938 0.0017915828747863639 0.0031220749696644796 0.0035669598078629373 0.0017655419136027514 0.0060406894313549224 -0.0011668613441611045 0.00029930688654190689 -0.0032561075883308921
leaf_weight=7784 4983 4527 5271 7418 5049 13221 50055 4549 5442 6163 20261 8115 8873 32606 5896 5364 11489 8338 4711 14080 4562 9141 11343 15705 15913 5235 18841 5648 6544 4581
leaf_count=7784 4983 4527 5271 7418 5049 13221 50055 4549 5442 6163 20261 8115 8873 32606 5896 5364 11489 8338 4711 14080 4562 9141 11343 15705 15913 5235 18841 5648 6544 4581
internal_value=0.000424825 0.000696552 -0.000387335 -0.0065692 0.000989192 -2.71216e-05 0.00116126 9.39222e-05 -0.000927488 0.000420922 0.000978635 0.000882745 0.000680126 0.000429502 0.000597057 0.000241397 0.00105227 0.000361596 0.00169551 0.00113879 -1.92545e-05 0.000674638 0.000820817 0.000846469 0.00134166 0.000860399 0.00154074 -5.63597e-05 -0.000333689 -0.000223624
internal_weight=331708 319307 67882 12401 251425 36405 215020 60098 14572 45526 160254 139993 97124 62812 40255 22603 17652 31356 54766 34312 17783 41747 16707 20232 42869 13573 26956 21065 12192 10023
internal_count=331708 319307 67882 12401 251425 36405 215020 60098 14572 45526 160254 139993 97124 62812 40255 22603 17652 31356 54766 34312 17783 41747 16707 20232 42869 13573 26956 21065 12192 10023
is_linear=0
shrinkage=0.05


Tree=25
num_leaves=31
num_cat=0
split_feature=2 0 2 0 4 2 3 2 0 0 0 7 2 9 3 7 9 5 0 7 0 7 2 0 7 9 9 4 4 7
split_gain=236.88 40.5238 40.0634 38.5944 25.1166 23.4112 12.8416 6.3965 13.5891 6.15134 5.32736 7.25944 3.9213 3.84488 3.03765 1.77404 1.76984 1.52434 1.39449 1.35167 1.25632 1.1431 1.01577 0.823008 1.71839 0.792665 0.774826 0.747008 0.732993 1.67202
threshold=7.5000000000000009 104.50000000000001 5.5000000000000009 77.500000000000014 0.36763814755456808 1.0000000180025095e-35 7.2043208685000009 3.5000000000000004 61.500000000000007 110.50000000000001 53.500000000000007 0.91047063400000006 1.5000000000000002 14.500000000000002 -33.137012536499995 0.97430084000000006 31.500000000000004 11.500000000000002 75.500000000000014 1.0018835860000002 26.500000000000004 0.94093620500000008 1.0000000180025095e-35 39.500000000000007 0.98477545750000017 6.5000000000000009 24.500000000000004 1.2867201414757929 0.7944594209416459 0.96202659950000002
decision_type=2 2 2 2 8 2 2 2 2 2 2 2 2 2 2 2 2 2 2 2 2 2 2 2 2 2 2 10 10 2
left_child=2 -2 4 -4 5 -1 7 10 13 16 11 20 17 -9 -5 -16 -8 19 -10 25 -6 -20 -19 24 -14 -13 -17 -18 29 -12
right_child=1 -3 3 14 6 -7 9 8 18 -11 28 12 23 -15 15 26 27 22 21 -21 -22 -23 -24 -25 -26 -27 -28 -29 -30 -31
leaf_value=0.0018118044272409579 -0.0068783563579571912 -0.0066087783079026843 -0.0064135845472712665 -0.0023431870384190466 -0.0014092849833478652 -0.005782149235461039 0.0052531269179226297 -0.0048983150397189854 0.00035745135009878081 7.0509250826450876e-05 0.004076240559097318 -9.6383608846228752e-05 -0.0012334734683217396 -0.0008345251375517569 -0.0019806717345921807 0.00045116080874542857 0.0067778329813108261 0.0056915743505063718 0.00050700238157506028 0.0037474173428988428 0.0002357571846304926 0.0036635183789791199 0.0032466550255002939 0.001888365346797509 0.0012944990068446619 0.0017911173844338626 0.0035355032623034461 0.0089242242037899117 0.0050995007433004757 0.0010171102494397296
leaf_weight=6268 4512 7905 4684 6889 7046 5413 34744 4526 9713 6211 4767 4848 5066 5690 7810 8921 21122 15984 6351 19078 6952 22333 17198 13435 11843 7897 4569 13914 30918 5259
leaf_count=6268 4512 7905 4684 6889 7046 5413 34744 4526 9713 6211 4767 4848 5066 5690 7810 8921 21122 15984 6351 19078 6952 22333 17198 13435 11843 7897 4569 13914 30918 5259
internal_value=0.000409843 -0.00636431 0.00067325 -0.000979911 0.000862897 -0.00140745 0.000959394 0.000748131 0.000249548 0.00151228 0.000909389 0.00072717 0.000883261 -0.00137071 -0.000281177 1.40813e-05 0.00164649 0.00110233 0.000680759 0.000854829 -0.000335999 0.000856077 0.00133953 0.000413852 0.000181654 0.000455882 0.000361245 0.00189749 0.00139588 0.00102333
internal_weight=331866 12417 319449 32873 286576 11681 274895 198904 48613 75991 150291 109347 95349 10216 28189 21300 69780 65005 38397 31823 13998 28684 33182 30344 16909 12745 13490 35036 40944 10026
internal_count=331866 12417 319449 32873 286576 11681 274895 198904 48613 75991 150291 109347 95349 10216 28189 21300 69780 65005 38397 31823 13998 28684 33182 30344 16909 12745 13490 35036 40944 10026
is_linear=0
shrinkage=0.05


Tree=26
num_leaves=31
num_cat=0
split_feature=2 2 0 0 8 4 3 2 8 0 0 0 4 0 8 2 0 7 8 7 2 0 7 0 2 8 2 0 3 7
split_gain=220.411 39.2218 49.1323 36.1227 25.9111 10.6198 9.7824 8.32818 5.59269 4.65529 4.09249 3.33196 3.26929 2.69936 3.94224 3.27477 1.94526 1.84028 1.68938 3.76762 2.22865 2.50222 1.57458 1.49254 3.79569 1.5476 1.45905 1.91007 1.28986 1.11152
threshold=7.5000000000000009 4.5000000000000009 62.500000000000007 104.50000000000001 0.79342624750000013 0.71193700132673154 10.196841280000003 6.5000000000000009 1.0025047235000002 98.500000000000014 74.500000000000014 108.50000000000001 0.73883510777368866 64.500000000000014 1.4435879295000003 1.0000000180025095e-35 113.50000000000001 0.89250176900000011 1.0663997850000002 0.9543694155000001 2.5000000000000004 49.500000000000007 0.95716687150000013 57.500000000000007 1.5000000000000002 0.9248827850000001 1.5000000000000002 61.500000000000007 -9.9067643604999969 0.97631804550000012
decision_type=2 2 2 2 2 10 2 2 2 2 2 2 10 2 2 2 2 2 2 2 2 2 2 2 2 2 2 2 2 2
left_child=1 4 -3 -2 5 -1 8 10 12 -9 -4 -8 23 14 15 -10 -12 -14 29 -20 28 -22 -19 24 25 -6 -24 -28 -21 -17
right_child=3 2 7 -5 6 -7 11 9 13 -11 16 -13 17 -15 -16 18 -18 22 19 20 21 -23 26 -25 -26 -27 27 -29 -30 -31
leaf_value=-0.0035915893352586152 -0.0066203912018083623 -0.0066968630028853421 -0.0023327258122069943 -0.0063001362921666351 0.0015586358772863929 -0.00038544078470747681 0.0064615746851122043 -0.0039719379083893828 0.0037139122538033045 -0.0021862629353583954 0.0017530649254734567 0.0020159500943633013 -0.00013892829217885741 0.0053346939887613399 0.005383437414212839 0.0040119448755069741 -0.0038143797549070667 0.0041390063275129202 -0.0013365218048618311 0.00052439130175447441 -0.0013767618019325488 0.0029615794896146819 0.003280331967970008 0.0026407830226298674 -0.003564276046492842 -0.00032925068317381104 -0.0012495545328669996 0.0030238826222084418 0.0023224705026132415 0.0025361708032457337
leaf_weight=4564 4531 4771 4914 7882 5163 5894 50864 4522 28580 7908 33794 4751 5575 30855 17125 5114 5442 11603 4802 6302 5904 5693 7491 4532 7519 5029 4530 6271 23605 6349
leaf_count=4564 4531 4771 4914 7882 5163 5894 50864 4522 28580 7908 33794 4751 5575 30855 17125 5114 5442 11603 4802 6302 5904 5693 7491 4532 7519 5029 4530 6271 23605 6349
internal_value=0.000397873 0.000651906 -0.000484427 -0.00613766 0.000922003 -0.00151534 0.00102496 -7.33409e-05 0.000855806 -0.00121632 0.000248556 0.00160891 0.000444099 0.00103267 0.000910185 0.000772663 0.00041895 0.000742072 0.000556003 0.00042139 0.000574815 -1.35752e-05 0.000897575 -3.11263e-05 -0.000238344 0.000390311 0.000608297 0.000236211 0.000802939 0.00109936
internal_weight=331879 319466 61351 12413 258115 10458 247657 56580 192042 12430 44150 55615 57713 134329 103474 86349 39236 35470 57769 46306 41504 11597 29895 22243 17711 10192 18292 10801 29907 11463
internal_count=331879 319466 61351 12413 258115 10458 247657 56580 192042 12430 44150 55615 57713 134329 103474 86349 39236 35470 57769 46306 41504 11597 29895 22243 17711 10192 18292 10801 29907 11463
is_linear=0
shrinkage=0.05


Tree=27
num_leaves=31
num_cat=0
split_feature=2 0 2 0 8 4 3 2 0 8 0 0 9 2 0 0 5 7 2 5 7 8 2 8 7 0 7 8 8 2
split_gain=218.413 37.2442 36.2203 38.3855 21.2268 20.3385 12.1189 6.90691 10.9345 5.00253 4.41818 4.21653 3.20269 3.04715 2.80081 3.03928 2.32137 2.14017 1.90565 1.63788 1.61275 1.56649 1.33009 1.26123 1.60203 1.22897 1.04304 1.02995 0.993259 0.949271
threshold=7.5000000000000009 104.50000000000001 5.5000000000000009 78.500000000000014 0.82440334850000008 0.57551723420865308 7.2043208685000009 3.5000000000000004 62.500000000000007 1.2463057665000001 37.500000000000007 111.50000000000001 15.500000000000002 1.5000000000000002 114.50000000000001 95.500000000000014 9.5000000000000018 0.91220460200000009 3.5000000000000004 13.500000000000002 1.0028781850000004 1.1052717865000001 2.5000000000000004 1.0025047235000002 0.95226128050000014 33.500000000000007 1.1229187270000003 1.2463057665000001 0.91580697650000009 4.5000000000000009
decision_type=2 2 2 2 2 10 2 2 2 2 2 2 2 2 2 2 2 2 2 2 2 2 2 2 2 2 2 2 2 2
left_child=2 -2 4 -4 5 -1 7 9 12 10 13 18 -9 17 15 -5 -15 -6 25 21 29 23 -7 24 -12 27 -27 -8 -17 -10
right_child=1 -3 3 14 6 22 11 8 20 -11 19 -13 -14 16 -16 28 -18 -19 -20 -21 -22 -23 -24 -25 -26 26 -28 -29 -30 -31
leaf_value=-0.0043678925815535284 -0.0062464502114521064 -0.0061429174782871966 -0.0057129081716337272 -0.0016636804049557051 -0.00066564755197447449 0.0020147192921904271 0.0031876843678011039 -0.0046249119622603658 0.0018918196485835507 0.0041230175929901055 0.002577234918512862 0.00048515183389645933 -0.00088227990951467215 -0.0035110971257798981 -0.0092956983020600348 -0.00012715457777433197 0.00058821143826728753 0.0018727472559559378 0.0044251975387126332 0.0041479012481279538 0.0039227691599530044 0.00047478377807558513 -0.00068740693512141747 0.0050338928883745838 6.8978332796861144e-05 0.0059170644579807684 0.0087742076825089894 0.0064221452592324842 0.0026896360289970452 -0.00040953232618580124
leaf_weight=4572 4541 7991 4924 7668 5812 5852 5616 4684 8651 48129 5201 5095 5343 5268 4673 7177 7292 39359 12992 21065 16975 7558 8548 6425 4571 32889 11620 5023 8463 7915
leaf_count=4572 4541 7991 4924 7668 5812 5852 5616 4684 8651 48129 5201 5095 5343 5268 4673 7177 7292 39359 12992 21065 16975 7558 8548 6425 4571 32889 11620 5023 8463 7915
internal_value=0.000366168 -0.00610752 0.000620293 -0.000950699 0.000800766 -0.000815197 0.000915396 0.000708715 0.000154224 0.000869031 0.000671609 0.00146351 -0.00129411 0.000382387 -0.000233956 -9.86567e-06 -0.000306407 0.000573922 0.00156725 0.00104406 0.000587328 0.000759154 0.000107602 0.00103645 0.000678122 0.00169565 0.00181117 0.00121172 0.000389901 0.000236256
internal_weight=331892 12532 319360 32905 286455 18972 267483 194248 43568 150680 102551 73235 10027 57731 27981 23308 12560 45171 68140 44820 33541 23755 14400 16197 9772 55148 44509 10639 15640 16566
internal_count=331892 12532 319360 32905 286455 18972 267483 194248 43568 150680 102551 73235 10027 57731 27981 23308 12560 45171 68140 44820 33541 23755 14400 16197 9772 55148 44509 10639 15640 16566
is_linear=0
shrinkage=0.05


Tree=28
num_leaves=31
num_cat=0
split_feature=2 2 0 0 8 5 0 2 7 0 3 0 3 2 0 0 0 2 2 8 7 0 7 2 8 0 2 7 7 5
split_gain=206.224 33.4613 32.4631 30.8486 18.1964 11.2394 11.0074 6.3354 5.65883 4.61175 3.59559 2.91735 2.84282 2.39317 3.80345 2.83547 2.36527 2.55557 1.76477 1.61866 1.61725 1.53223 1.42887 1.35581 1.30771 1.32119 1.52585 1.21375 1.18559 1.13008
threshold=7.5000000000000009 5.5000000000000009 104.50000000000001 77.500000000000014 0.82440334850000008 12.500000000000002 51.500000000000007 3.5000000000000004 1.0866460510000002 68.500000000000014 13.326599906500002 111.50000000000001 -35.52671379249999 3.5000000000000004 83.500000000000014 49.500000000000007 64.500000000000014 1.5000000000000002 1.0000000180025095e-35 1.2463057665000001 0.98477545750000017 30.500000000000004 1.0413678250000002 6.5000000000000009 1.4435879295000003 52.500000000000007 1.0000000180025095e-35 1.0212551835000003 0.9726132500000001 7.5000000000000009
decision_type=2 2 2 2 2 2 2 2 2 2 2 2 2 2 2 2 2 2 2 2 2 2 2 2 2 2 2 2 2 2
left_child=1 4 -2 -3 6 8 -1 10 13 -9 16 -11 -5 15 20 18 17 19 27 21 -15 -7 23 -14 25 26 -10 -6 29 -20
right_child=2 3 -4 12 5 7 -8 9 24 11 -12 -13 22 14 -16 -17 -18 -19 28 -21 -22 -23 -24 -25 -26 -27 -28 -29 -30 -31
leaf_value=-0.0032745182159659007 -0.0059595755762711141 -0.0055438378421015268 -0.0056574707058433893 -0.0026399276873995282 0.000793237584752474 0.0023653454605148476 0.0010594653295042122 -0.00176477402734626 0.0048489313205564944 0.0039097282889062543 0.0064720345038701381 -0.002064760179423049 0.00046811095511598526 -0.00030005024427922673 0.002947885853769803 0.002803021914101712 0.0056487179463306954 0.0015034228014422211 -0.0025439898658026067 0.0053856054072495387 -0.0022889736767461671 0.0039787638145415737 0.0031046500325355407 -0.0025730710724935543 0.0051303271403960017 0.0054370199151873083 4.5583692958181478e-05 0.0036874996872391904 0.00076618542166229141 7.6416434908453389e-05
leaf_weight=8956 4531 4648 7920 6148 14889 16350 10052 4794 5436 26607 34666 4812 10007 6743 6440 17236 20440 22373 5452 16052 6659 9749 5287 6795 8154 5239 5552 6288 16283 7054
leaf_count=8956 4531 4648 7920 6148 14889 16350 10052 4794 5436 26607 34666 4812 10007 6743 6440 17236 20440 22373 5452 16052 6659 9749 5287 6795 8154 5239 5552 6288 16283 7054
internal_value=0.000344765 0.00059108 -0.0059668 -0.000919352 0.000764598 0.000870907 -0.000730027 0.00114507 0.000487414 0.000565534 0.00132047 0.000785944 -0.000297695 0.000298797 -0.000183655 0.000441249 0.00114524 0.000996606 0.000250445 0.00122586 -0.000663459 0.000982512 -3.29274e-05 -0.000258523 0.0011606 0.000900536 0.000588556 0.000596851 -4.42794e-06 -0.000370474
internal_weight=331612 319161 12451 32885 286276 267268 19008 155843 111425 36213 119630 31419 28237 87044 19842 67202 84964 64524 49966 42151 13402 26099 22089 16802 24381 16227 10988 21177 28789 12506
internal_count=331612 319161 12451 32885 286276 267268 19008 155843 111425 36213 119630 31419 28237 87044 19842 67202 84964 64524 49966 42151 13402 26099 22089 16802 24381 16227 10988 21177 28789 12506
is_linear=0
shrinkage=0.05


Tree=29
num_leaves=31
num_cat=0
split_feature=2 2 0 4 8 4 3 2 4 8 8 6 0 7 0 4 0 9 3 8 0 2 7 7 7 8 8 7 2 0
split_gain=187.703 30.2529 34.5688 28.317 19.2608 14.1366 9.55766 6.81401 3.91947 3.86535 3.21067 2.77971 2.76424 2.40244 2.23854 2.16396 2.08827 1.75888 1.42499 1.41118 1.33076 1.82133 2.28902 1.16169 1.48297 1.15973 3.33681 1.25818 1.20104 1.06248
threshold=7.5000000000000009 4.5000000000000009 63.500000000000007 0.72354225804866756 0.8176335815000001 0.64381177141985335 7.2043208685000009 6.5000000000000009 0.75978287587202054 1.0025047235000002 0.99996303200000003 1.0000000180025095e-35 74.500000000000014 0.8943654055000001 113.50000000000001 0.56912320991037435 106.50000000000001 39.500000000000007 21.640579869500005 1.2463057665000001 80.500000000000014 2.5000000000000004 0.99610262650000014 1.0142381880000002 1.0825141075000002 1.2463057665000001 1.1535191605000004 1.0172596405000001 1.5000000000000002 57.500000000000007
decision_type=2 2 2 10 2 10 2 2 10 2 2 2 2 2 2 8 2 2 2 2 2 2 2 2 2 2 2 2 2 2
left_child=1 4 -3 -2 5 -1 9 12 -9 10 13 17 -4 -6 -14 -15 18 25 19 -8 21 22 -13 -23 -25 26 -11 -28 -27 -17
right_child=3 2 7 -5 6 -7 16 8 -10 11 -12 20 14 15 -16 29 -18 -19 -20 -21 -22 23 -24 24 -26 28 27 -29 -30 -31
leaf_value=-0.0039536419050762144 -0.0053644304777978801 -0.005703250695335494 -0.002144993553610417 -0.0057409054929569922 -0.00031909068683026167 0.00058538381420409887 0.0039976120147344031 -0.0037712201725636006 -0.0014749299790263661 0.0028407536801147142 -0.0015153352051934098 4.3238986393124531e-05 0.0016889887083246212 -0.0002745988107947449 -0.0049003489503591678 0.0016549430098766601 0.0026679350882429947 0.0049729874550425157 0.0069723131953107215 0.0056082464173345383 0.0057395630514534019 0.0015724565165656627 0.0026281961324068925 -0.0018907929290958765 0.0017910886406452648 0.0046936932807789241 -0.00055421035536967268 0.0024887109103061121 0.002698806214579214 0.0042393427562113601
leaf_weight=4621 5093 5144 4558 7505 9482 9302 22362 4634 7771 21252 4892 7601 33768 6614 5344 19636 6000 16933 23045 15960 5044 5972 19858 4981 4521 19461 4782 7328 7082 12103
leaf_count=4621 5093 5144 4558 7505 9482 9302 22362 4634 7771 21252 4892 7601 33768 6614 5344 19636 6000 16933 23045 15960 5044 5972 19858 4981 4521 19461 4782 7328 7082 12103
internal_value=0.000375082 0.00061076 -0.000388777 -0.00561017 0.000847174 -0.000961552 0.000950017 -2.87535e-05 -0.00106265 0.000757574 0.000398572 0.000909209 0.000265026 0.000523359 0.000400849 0.000699528 0.0014571 0.00109568 0.00154415 0.00135688 0.000610489 0.00052011 0.000764546 8.62459e-05 -0.000257179 0.000968328 0.00077187 0.000109369 0.00121506 0.000870952
internal_weight=332649 320051 61219 12598 258832 13923 244909 56075 12405 177542 52727 124815 43670 47835 39112 38353 67367 76838 61367 38322 47977 42933 27459 15474 9502 59905 33362 12110 26543 31739
internal_count=332649 320051 61219 12598 258832 13923 244909 56075 12405 177542 52727 124815 43670 47835 39112 38353 67367 76838 61367 38322 47977 42933 27459 15474 9502 59905 33362 12110 26543 31739
is_linear=0
shrinkage=0.05


Tree=30
num_leaves=31
num_cat=0
split_feature=3 0 8 9 9 3 3 5 3 6 9 8 5 0 8 8 9 9 8 8 9 5 3 8 7 7 0 0 9 7
split_gain=69.4541 31.8858 26.2297 19.8302 14.1279 12.5084 8.61357 7.29983 6.41402 4.87701 4.81588 3.67996 3.65169 2.62785 2.30592 2.08757 2.0223 1.93194 1.63805 2.39307 1.56899 1.51473 1.50013 1.73972 1.36784 1.3197 1.27617 1.19068 1.15537 1.27556
threshold=-34.715770021499992 116.50000000000001 1.0025047235000002 12.500000000000002 15.500000000000002 -8.3719745129999978 7.4488068425000007 6.5000000000000009 -50.741739744999997 1.0000000180025095e-35 24.500000000000004 0.8176335815000001 18.500000000000004 76.500000000000014 1.2463057665000001 1.4435879295000003 9.5000000000000018 40.500000000000007 1.2463057665000001 1.1535191605000004 18.500000000000004 12.500000000000002 -18.923556584999996 0.88204568800000016 1.0046301695000002 0.9543694155000001 92.500000000000014 24.500000000000004 23.500000000000004 0.93549484700000007
decision_type=2 2 2 2 2 2 2 2 2 2 2 2 2 2 2 2 2 2 2 2 2 2 2 2 2 2 2 2 2 2
left_child=3 2 4 -1 5 7 9 -2 -5 17 -10 -7 22 -9 20 16 27 18 19 -4 -8 -21 23 -6 -22 -18 -26 -11 -24 -30
right_child=1 -3 6 8 12 11 14 13 10 15 -12 -13 -14 -15 -16 -17 25 -19 -20 21 24 -23 28 -25 26 -27 -28 -29 29 -31
leaf_value=-0.004613564601925131 -0.0046449236281566122 -0.0091498441354689441 0.0023921974806895693 -0.0045917919181619853 -0.0018308127373014961 -0.0024095755947317488 0.0020884064466661118 -0.0038273855815600371 -0.0042871511617801278 0.0004339921187422649 -9.6951672455512851e-05 0.00066801585339915082 0.0038129063082703606 -0.00096721495400159353 0.0063416750961169249 0.0034694661482693443 -0.00050198262279667165 0.0043605633057503552 0.0040782214416643326 -0.00066157646815261811 0.0016393111862498689 0.0025615260833653482 8.1319578046675249e-05 0.00084061197274465545 0.0064934019600207688 0.001651753892472055 0.0044434589207062308 -0.0014789842027803082 0.00036013164610545074 0.0030714953706962294
leaf_weight=5680 5241 6490 23258 4552 5822 5150 7496 5794 4799 7283 7099 22270 17994 6271 28843 6781 4520 16817 27573 6737 6240 6147 11680 7903 11660 32325 4824 6566 7398 11208
leaf_count=5680 5241 6490 23258 4552 5822 5150 7496 5794 4799 7283 7099 22270 17994 6271 28843 6781 4520 16817 27573 6737 6240 6147 11680 7903 11660 32325 4824 6566 7398 11208
internal_value=0.000344295 0.000537318 0.000611418 -0.00236164 -1.98854e-05 -0.000697167 0.000953317 -0.00174947 -0.00148131 0.000737019 -0.000869949 -3.28167e-05 0.000468674 -0.00107187 0.00145862 0.000385134 0.000274858 0.000988117 0.00086217 0.000640579 0.00115302 9.38786e-05 0.000223271 -0.000210306 0.00135994 0.000468453 0.00159864 -0.000240183 0.000419762 0.000664392
internal_weight=332421 310291 303801 22130 106731 44726 197070 17306 16450 138007 11898 27420 62005 12065 59063 57475 50694 80532 63715 36142 30220 12884 44011 13725 22724 36845 16484 13849 30286 18606
internal_count=332421 310291 303801 22130 106731 44726 197070 17306 16450 138007 11898 27420 62005 12065 59063 57475 50694 80532 63715 36142 30220 12884 44011 13725 22724 36845 16484 13849 30286 18606
is_linear=0
shrinkage=0.05


Tree=31
num_leaves=31
num_cat=0
split_feature=2 4 2 1 8 4 5 2 7 1 1 9 1 1 1 2 8 2 1 9 8 8 2 8 8 7 9 1 1 1
split_gain=174.357 26.5378 24.4598 35.3993 16.4825 10.7987 9.06486 6.24397 4.13794 3.73091 3.58107 3.5274 2.41971 2.09672 1.9149 3.49254 2.32535 1.86798 1.85187 1.69374 1.84719 1.67606 1.5239 1.59176 1.30783 2.44669 1.64411 1.12769 1.05708 0.819612
threshold=7.5000000000000009 0.72737128769017889 4.5000000000000009 57.500000000000007 0.8135863965000002 0.65432679673362382 12.500000000000002 6.5000000000000009 1.0866460510000002 21.500000000000004 9.5000000000000018 31.500000000000004 59.500000000000007 45.500000000000007 51.500000000000007 2.5000000000000004 1.2463057665000001 1.0000000180025095e-35 6.5000000000000009 22.500000000000004 1.2805315585000001 0.89565229550000003 2.5000000000000004 1.0843950875000001 1.0663997850000002 0.97754740050000011 12.500000000000002 86.500000000000014 71.500000000000014 20.500000000000004
decision_type=2 10 2 2 2 10 2 2 2 2 2 2 2 2 2 2 2 2 2 2 2 2 2 2 2 2 2 2 2 2
left_child=2 -2 4 7 5 -1 8 13 12 -9 -8 14 -6 18 -12 16 27 -14 -4 20 -10 -19 -13 -24 26 -26 -23 -16 -17 -20
right_child=1 -3 3 -5 6 -7 10 9 19 -11 11 22 17 -15 15 28 -18 21 29 -21 -22 24 23 -25 25 -27 -28 -29 -30 -31
leaf_value=-0.0034921596467423635 -0.0048966407234642233 -0.0053907827319126479 -0.0041984236433455762 -0.0054941067862040545 0.0025284580467713224 0.00040555860760527234 -0.0014946747900263561 -0.0015547179990408452 0.00028854101135968962 -0.0034085242001673658 0.0051521252622326215 0.0051213129019903195 0.0012781759448897783 -0.0017901405234993927 0.0029567627528767457 0.001159950582618807 0.0042960974627752856 -0.0024154840653501856 0.0030100163341143398 0.0052358369422696779 0.0037926111322105537 -0.0005422931339670973 0.0021529802082203998 0.0058615427374051768 -0.0014366678264961441 0.00036570299739595259 0.0018539650202511701 0.0014982781727593238 -0.0010425742922218317 0.00079848869467075492
leaf_weight=4560 5135 7386 5351 4722 17867 8641 4559 7876 5597 4502 15744 38291 21681 4896 8859 6241 19799 5440 14591 6252 11098 6302 8995 12464 4855 13600 10010 22510 4598 19155
leaf_count=4560 5135 7386 5351 4722 17867 8641 4559 7876 5597 4502 15744 38291 21681 4896 8859 6241 19799 5440 14591 6252 11098 6302 8995 12464 4855 13600 10010 22510 4598 19155
internal_value=0.000334133 -0.00545246 0.000561303 -0.000338268 0.00077435 -0.00094635 0.000867172 1.02438e-05 0.000509264 -0.000981588 0.00112589 0.0011716 0.000338986 0.000289388 0.000949477 0.000824316 0.00099701 0.000190975 0.000411552 0.00110088 0.000837575 -1.07554e-05 0.00146055 0.00112269 0.000116976 -0.000171316 0.000443096 0.000729027 8.99121e-06 0.000548576
internal_weight=331577 12521 319056 61093 257963 13201 244762 56371 102702 12378 142060 137501 79755 43993 77751 62007 51168 61888 39097 22947 16695 40207 59750 21459 34767 18455 16312 31369 10839 33746
internal_count=331577 12521 319056 61093 257963 13201 244762 56371 102702 12378 142060 137501 79755 43993 77751 62007 51168 61888 39097 22947 16695 40207 59750 21459 34767 18455 16312 31369 10839 33746
is_linear=0
shrinkage=0.05


Tree=32
num_leaves=31
num_cat=0
split_feature=3 8 4 9 3 4 9 9 8 0 3 0 5 0 9 8 5 7 4 9 3 4 0 9 4 3 9 4 8 8
split_gain=60.3269 29.6985 20.8943 12.7729 10.61 9.20111 6.82314 5.31754 4.8611 3.80876 3.29768 3.11789 2.68101 2.59142 2.39777 2.05411 2.02179 1.31659 1.24203 1.03853 0.944948 0.935433 1.54687 0.934195 0.915531 0.853111 0.842965 0.677462 0.977018 1.66023
threshold=-34.715770021499992 1.0000014820000003 0.47693509215705504 16.500000000000004 -8.5617234004999982 0.70792748231424296 36.500000000000007 14.500000000000002 1.4435879295000003 111.50000000000001 -12.712897638499998 108.50000000000001 13.500000000000002 96.500000000000014 12.500000000000002 0.88734975450000009 10.500000000000002 0.8943654055000001 1.1850704023782754 29.500000000000004 21.640579869500005 1.0601395062619907 20.500000000000004 6.5000000000000009 0.66936825404084577 4.5688337305000006 18.500000000000004 0.62795627275391319 1.2957820940000002 1.1292062270000003
decision_type=2 2 10 2 2 10 2 2 2 2 2 2 2 2 2 2 2 2 10 2 2 10 2 2 10 2 2 10 2 2
left_child=2 3 -1 4 5 -2 8 -4 10 12 14 20 24 -9 -3 23 27 -14 -18 -19 -8 22 -17 -6 -5 -10 -20 -12 29 -29
right_child=1 6 7 9 15 -7 11 13 25 -11 16 -13 17 -15 -16 21 18 19 26 -21 -22 -23 -24 -25 -26 -27 -28 28 -30 -31
leaf_value=-0.0041173158504609749 -0.0041297966970434757 -0.0023403859243510436 -0.0040743760308551069 -0.00098274063397297997 -0.0026240364743670159 -0.0023942881915947718 0.0041110657322181816 -0.00051183067413517803 0.003402016960691796 -0.0044689961183783508 0.0013571729117714659 0.00084263783626460816 5.1785407678565649e-05 -0.0045131807097397326 0.00067131602417023659 0.0013193453727238982 0.0019820569970573289 0.002267856481883406 0.0026619847930857161 0.0041550779551379861 0.0073954318431971762 0.001877790468855966 -0.002331426790138437 -0.0010227739224468078 0.00045545510247785802 0.0057636136312945252 0.0045068560005252648 0.0016168940799824766 0.0023222524382404642 -0.00082092948635910726
leaf_weight=4822 8006 4707 5278 5979 5498 11026 35887 6935 14194 4533 11565 4535 5021 5108 17216 6509 48665 11496 11217 14665 11467 6415 4534 7278 18411 8112 12475 7556 4586 8405
leaf_count=4822 8006 4707 5278 5979 5498 11026 35887 6935 14194 4533 11565 4535 5021 5108 17216 6509 48665 11496 11217 14665 11467 6415 4534 7278 18411 8112 12475 7556 4586 8405
internal_value=0.000324753 0.000504883 -0.00219625 -0.000157918 -0.000754704 -0.00167936 0.000866273 -0.00138506 0.000693967 0.000331268 0.000573827 0.00135994 0.000444968 -0.00080449 1.63034e-05 -0.000172459 0.000690818 0.000752076 0.000837353 0.000894386 0.00147987 0.000180095 -9.88866e-05 -0.000654096 5.22649e-05 0.00137443 0.00113432 0.000360557 0.000188181 3.2883e-06
internal_weight=332101 309958 22143 109371 49266 19032 200587 17321 148698 60105 126392 51889 55572 12043 21923 30234 104469 31182 72357 26161 47354 17458 11043 12776 24390 22306 23692 32112 20547 15961
internal_count=332101 309958 22143 109371 49266 19032 200587 17321 148698 60105 126392 51889 55572 12043 21923 30234 104469 31182 72357 26161 47354 17458 11043 12776 24390 22306 23692 32112 20547 15961
is_linear=0
shrinkage=0.05


Tree=33
num_leaves=31
num_cat=0
split_feature=2 0 2 0 8 4 3 2 0 2 8 4 8 0 0 5 2 2 8 8 8 4 3 8 4 3 0 8 8 0
split_gain=167.284 23.1848 21.119 29.5803 14.2548 9.72428 7.76108 4.94553 3.96625 5.60776 3.767 3.73513 3.64781 2.46332 1.9065 1.90453 1.76835 1.5866 1.3345 1.25162 1.50002 2.17251 2.12288 1.70344 1.58722 1.07661 1.02827 1.01059 1.08716 1.00877
threshold=7.5000000000000009 104.50000000000001 4.5000000000000009 62.500000000000007 0.8135863965000002 0.65432679673362382 10.196841280000003 6.5000000000000009 63.500000000000007 1.5000000000000002 0.89296422700000011 0.75978287587202054 1.2463057665000001 107.50000000000001 74.500000000000014 12.500000000000002 3.5000000000000004 3.5000000000000004 1.1557926060000001 1.3572194490000002 1.1996017105000003 0.85903235413321954 -14.984457359999999 1.1077898600000002 0.94821113323500628 38.286769956500009 31.500000000000004 1.4583205875 1.3868331465000001 113.50000000000001
decision_type=2 2 2 2 2 10 2 2 2 2 2 10 2 2 2 2 2 2 2 2 2 10 2 2 10 2 2 2 2 2
left_child=2 -2 4 -4 5 -1 8 14 9 12 -11 -9 15 25 -5 18 -10 19 -6 20 22 -22 -12 24 -24 -8 -17 28 -14 -16
right_child=1 -3 3 7 6 -7 13 11 16 10 17 -13 27 -15 29 26 -18 -19 -20 -21 21 -23 23 -25 -26 -27 -28 -29 -30 -31
leaf_value=-0.0033890288111711395 -0.0047688903171246065 -0.0045299012955112485 -0.0049009273114881879 -0.0017106894361337576 0.0010978394266861582 0.00043305269922446941 0.0043043351001405879 -0.0031677818196701778 0.0039191635582777832 -0.0028482017928874448 0.0034369859594449732 -0.00073873001002788623 0.0037885026580977144 0.001457911096780732 0.0014131510697872546 0.0017942642923318786 0.0022145361224733804 -0.00074378270563255251 -0.00046358041342198171 0.002439764764702609 -0.0026949487079625761 0.00091550941902640267 0.00071972002746287884 0.001573891669132692 -0.0021802353491311619 0.0091388225361008213 0.003176471986092496 0.0045798343767066005 0.0014059748215649575 -0.0025352298217879892
leaf_weight=4534 4587 7960 4755 4893 26355 8648 41830 4673 28176 5337 7540 7768 14162 5208 33826 16022 18832 7278 6646 7761 4528 4742 7986 5735 4516 8111 8201 10951 5038 5427
leaf_count=4534 4587 7960 4755 4893 26355 8648 41830 4673 28176 5337 7540 7768 14162 5208 33826 16022 18832 7278 6646 7761 4528 4742 7986 5735 4516 8111 8201 10951 5038 5427
internal_value=0.000297758 -0.00536428 0.000520206 -0.000313707 0.000718374 -0.000883067 0.00080457 4.72688e-06 0.000652834 0.000521663 0.000128229 -0.000875582 0.000771201 0.00132669 0.000252882 0.000536616 0.0010512 0.000262822 0.000289417 0.000378857 0.000251555 -0.0002938 0.000447696 0.000155822 -0.000171504 0.0014346 0.000873267 0.00121626 0.000997136 0.000368906
internal_weight=332026 12547 319479 61342 258137 13182 244955 56587 189806 142798 55423 12441 87375 55149 44146 57224 47008 50086 33001 42808 35047 9270 25777 18237 12502 49941 24223 30151 19200 39253
internal_count=332026 12547 319479 61342 258137 13182 244955 56587 189806 142798 55423 12441 87375 55149 44146 57224 47008 50086 33001 42808 35047 9270 25777 18237 12502 49941 24223 30151 19200 39253
is_linear=0
shrinkage=0.05


Tree=34
num_leaves=31
num_cat=0
split_feature=2 4 2 0 8 0 3 2 0 2 7 8 7 0 8 8 5 8 2 2 0 0 7 7 7 8 7 7 7 2
split_gain=154.963 22.2842 20.8246 29.1973 13.4295 8.55013 7.48971 5.08166 3.56631 5.30016 6.20188 3.43392 3.33165 3.09259 2.85715 2.88728 1.83007 1.79312 1.77536 1.44409 1.40233 1.39874 1.32462 1.20545 1.18082 0.987946 1.33883 0.909309 0.874515 0.863816
threshold=7.5000000000000009 0.72354225804866756 4.5000000000000009 63.500000000000007 0.8135863965000002 50.500000000000007 7.2043208685000009 6.5000000000000009 56.500000000000007 2.5000000000000004 0.91047063400000006 0.94232026850000017 0.95928635150000019 98.500000000000014 1.2463057665000001 1.2157222685000002 12.500000000000002 1.3938727930000001 3.5000000000000004 3.5000000000000004 74.500000000000014 113.50000000000001 1.0575228460000001 1.0038369515000001 1.0654558240000001 1.2304387475000003 0.97430084000000006 1.0054214725000001 0.96530230600000011 1.0000000180025095e-35
decision_type=2 10 2 2 2 2 2 2 2 2 2 2 2 2 2 2 2 2 2 2 2 2 2 2 2 2 2 2 2 2
left_child=2 -2 4 -4 5 -1 8 20 9 10 11 -6 -11 -9 15 16 23 19 25 -8 -5 -22 -14 28 -25 26 -10 -20 -12 -18
right_child=1 -3 3 7 6 -7 17 13 18 12 14 -13 22 -15 -16 -17 29 -19 27 -21 21 -23 -24 24 -26 -27 -28 -29 -30 -31
leaf_value=-0.0030934512188075733 -0.0041790972685325179 -0.0046487267930997887 -0.0046644132571792484 -0.001498415446176645 0.00061397852562845065 0.0016692228392435659 0.0040190670074857588 -0.0029375406590877698 0.0037529027561395735 0.0013288858411761484 0.0011802943951061491 -0.0024184654582128178 -0.0025586150904298808 -0.0013800659154900722 0.0030849257237500942 -0.0018245717905538677 0.0038517972714034506 0.0059327830616890493 0.00077958135345226052 0.0020697619749428806 0.001462745895224674 -0.0041247980293410277 -0.00010911706476964412 0.0029455125588386472 0.00020407322446275118 0.0051660566152424356 0.0019123437706981376 0.0033986483945879888 -0.00029191278686276176 0.0016442058388148354
leaf_weight=7483 5049 7396 5147 4578 5292 5663 43722 4512 10328 5347 9998 4732 8811 7947 34057 4507 7639 14700 10543 9037 33615 5440 5000 8614 4528 11015 13114 9898 10112 14838
leaf_count=7483 5049 7396 5147 4578 5292 5663 43722 4512 10328 5347 9998 4732 8811 7947 34057 4507 7639 14700 10543 9037 33615 5440 5000 8614 4528 11015 13114 9898 10112 14838
internal_value=0.000301217 -0.00517169 0.000513995 -0.000315174 0.000710066 -0.000846704 0.000793331 1.56872e-05 0.000623578 0.00047447 0.000614851 -0.000567355 -0.000289881 -0.000874719 0.000740551 0.000533524 0.000631975 0.00124211 0.000958873 0.00110582 0.000270006 0.000367064 -0.000700094 0.000396308 0.000768616 0.00117789 0.000993944 0.00058948 0.000152871 0.000980451
internal_weight=332662 12445 320217 61239 258978 13146 245832 56092 178373 123475 104317 10024 19158 12459 94293 60236 55729 67459 54898 52759 43633 39055 13811 33252 13142 34457 23442 20441 20110 22477
internal_count=332662 12445 320217 61239 258978 13146 245832 56092 178373 123475 104317 10024 19158 12459 94293 60236 55729 67459 54898 52759 43633 39055 13811 33252 13142 34457 23442 20441 20110 22477
is_linear=0
shrinkage=0.05


Tree=35
num_leaves=31
num_cat=0
split_feature=2 0 2 0 5 7 2 0 7 0 0 0 0 2 9 8 7 0 2 8 7 0 0 7 8 2 8 7 2 5
split_gain=149.14 20.4151 17.3234 20.7859 11.3427 8.25008 4.87184 5.31803 4.45016 3.67873 3.40344 2.88535 2.62316 3.71465 3.56588 2.06373 1.65204 1.6155 2.36656 3.72084 1.74094 1.56419 1.41372 1.35855 1.35002 1.55877 0.954453 0.886656 0.885068 0.881087
threshold=7.5000000000000009 104.50000000000001 5.5000000000000009 80.500000000000014 12.500000000000002 0.83371487900000008 2.5000000000000004 64.500000000000014 1.0866460510000002 110.50000000000001 39.500000000000007 114.50000000000001 82.500000000000014 3.5000000000000004 12.500000000000002 1.0326832000000004 0.97175424950000011 47.500000000000007 1.0000000180025095e-35 0.89296422700000011 0.94993144500000015 50.500000000000007 95.500000000000014 0.98477545750000017 1.4435879295000003 1.0000000180025095e-35 1.4879882285000001 1.1249927920000002 1.0000000180025095e-35 27.500000000000004
decision_type=2 2 2 2 2 2 2 2 2 2 2 2 2 2 2 2 2 2 2 2 2 2 2 2 2 2 2 2 2 2
left_child=2 -2 4 -4 5 -1 10 15 12 29 16 22 13 17 -15 -8 -6 18 -7 -20 -19 24 -5 -16 25 -10 -18 28 -12 -9
right_child=1 -3 3 11 6 8 7 9 21 -11 27 -13 -14 14 23 -17 26 20 19 -21 -22 -23 -24 -25 -26 -27 -28 -29 -30 -31
leaf_value=-0.0019707884985518749 -0.0042793328423304687 -0.0041435687689417309 -0.0040982295198844394 -0.00068642841864627563 0.000708931689373317 0.0011320683604559921 -0.0019413821139390574 0.0032025803587744789 0.0037425978870124243 -0.0013555422909156888 0.0052663619129892708 -0.00773807343917432 0.0027863438878687873 -0.0036148537525120886 0.00083262090627715809 0.00050821227879873905 0.0026793706710424533 0.0031461739897311516 -0.0028378234746165593 0.00013580187281000118 0.0010787382686215624 0.0044242425108531281 0.0013939010580261452 -0.0012894984318740693 0.0032463805444380824 -0.00049127344923237729 0.0045158671341653175 0.0063229884246731516 0.0034595089796886588 0.0064141858334719071
leaf_weight=5286 4600 7918 5627 7051 11045 22001 5261 43341 5464 7520 4774 4579 10309 4739 5471 7996 30956 5337 4830 23677 11861 7582 15530 4560 6199 5150 5939 8971 33483 4620
leaf_count=5286 4600 7918 5627 7051 11045 22001 5261 43341 5464 7520 4774 4579 10309 4739 5471 7996 30956 5337 4830 23677 11861 7582 15530 4560 6199 5150 5939 8971 33483 4620
internal_value=0.000281422 -0.00507107 0.000491432 -0.000597173 0.000616076 0.000252019 0.000888073 0.000567258 0.000339207 0.000782224 0.00111975 -2.39278e-05 0.000181189 8.71717e-05 -0.000631134 -0.00033234 0.000822818 0.000243904 0.00010136 -0.000199302 0.000662385 0.000940062 0.000208204 -9.69011e-05 0.000670859 0.000328185 0.000983401 0.00142104 0.00131573 0.000943429
internal_weight=331677 12518 319159 32787 286372 122466 163906 68738 117180 55481 95168 27160 92785 82476 14770 13257 47940 67706 50508 28507 17198 24395 22581 10031 16813 10614 36895 47228 38257 47961
internal_count=331677 12518 319159 32787 286372 122466 163906 68738 117180 55481 95168 27160 92785 82476 14770 13257 47940 67706 50508 28507 17198 24395 22581 10031 16813 10614 36895 47228 38257 47961
is_linear=0
shrinkage=0.05


Tree=36
num_leaves=31
num_cat=0
split_feature=1 3 4 8 4 3 3 3 6 9 6 8 1 8 9 5 3 6 8 1 7 9 7 8 1 1 8 8 5 7
split_gain=59.7398 43.9394 22.1738 16.0824 11.958 6.2293 5.31651 5.25487 5.36283 3.13425 3.01792 1.73777 1.70546 1.51033 1.42848 1.42474 1.30847 1.28713 1.26106 1.14961 1.86708 1.13334 1.53326 1.0601 1.02626 1.02434 0.978629 1.07871 1.42637 1.16815
threshold=2.5000000000000004 -34.715770021499992 0.47693509215705504 1.0025047235000002 0.53239370807584052 -14.455859143999998 7.2043208685000009 14.519103264000002 1.5000000000000002 22.500000000000004 1.0000000180025095e-35 1.2489364475000002 25.500000000000004 1.4435879295000003 43.500000000000007 13.500000000000002 -9.9067643604999969 1.5000000000000002 0.9749352160000001 82.500000000000014 0.99693670000000012 21.500000000000004 1.0046301695000002 0.9248827850000001 30.500000000000004 18.500000000000004 1.2992437430000001 1.1535191605000004 12.500000000000002 0.97631804550000012
decision_type=2 2 10 2 10 2 2 2 2 2 2 2 2 2 2 2 2 2 2 2 2 2 2 2 2 2 2 2 2 2
left_child=-1 2 -2 4 5 -3 10 8 15 -4 14 21 -10 17 16 -6 -5 19 23 -12 -21 -8 -23 -17 -24 -9 27 29 -29 -18
right_child=1 3 9 6 7 -7 11 25 12 -11 13 -13 -14 -15 -16 18 26 -19 -20 20 -22 22 24 -25 -26 -27 -28 28 -30 -31
leaf_value=-0.0090039529635980338 -0.0033120036769373491 -0.0038232541301482523 -0.0030211970323276499 0.00080387180598084831 7.3987824489485442e-05 -0.00098102681070716857 0.0016853571675154153 0.0022120365982034318 -0.00054431303318607991 -0.00072938499103641745 0.0017769845906238234 0.0049083699901073816 -0.0024584016273515043 0.0027501354903313466 0.0037394196991151121 0.0012622105180034654 0.0028381505361535671 -0.00056447998340743719 -0.00058669508011419992 -0.0017483476743249946 0.0010322059052859296 0.00097612135979191581 0.0036416066302509252 0.0030426361815850404 0.0052941330931114321 0.0056509870917889398 0.0039760577895578738 -0.00017369235912806288 0.0023238760026904975 0.0018116101477383953
leaf_weight=4854 4788 4567 8354 15522 35653 6347 9903 5746 5684 8434 24411 29212 8039 6756 13429 18480 5357 10184 6554 5091 10732 5912 5348 8932 10372 7809 18879 7282 7737 11689
leaf_count=4854 4788 4567 8354 15522 35653 6347 9903 5746 5684 8434 24411 29212 8039 6756 13429 18480 5357 10184 6554 5091 10732 5912 5348 8932 10372 7809 18879 7282 7737 11689
internal_value=0.000293447 0.000375167 -0.00180529 0.000529125 3.78191e-05 -0.00153082 0.000796882 0.000214573 6.60492e-05 -0.000948609 0.00062428 0.00118626 -0.000837158 0.000346893 0.000822747 0.000244133 0.000727611 0.000252762 0.000475847 0.000379855 4.78583e-05 0.000928583 0.0011314 0.000624795 0.00138951 0.0011274 0.000850066 0.000681712 0.000372571 0.000953903
internal_weight=332057 327203 21576 305627 107811 10914 197816 96897 83342 16788 137069 60747 13723 57174 79895 69619 66466 50418 33966 40234 15823 31535 21632 27412 15720 13555 50944 32065 15019 17046
internal_count=332057 327203 21576 305627 107811 10914 197816 96897 83342 16788 137069 60747 13723 57174 79895 69619 66466 50418 33966 40234 15823 31535 21632 27412 15720 13555 50944 32065 15019 17046
is_linear=0
shrinkage=0.05


Tree=37
num_leaves=31
num_cat=0
split_feature=2 4 8 4 2 3 2 8 9 9 7 4 4 7 4 7 8 8 9 7 5 3 7 2 3 7 7 4 4 7
split_gain=140.396 19.9727 22.0008 17.6057 13.5903 6.66502 4.51737 4.51313 3.01086 1.99179 1.96277 1.87798 1.44874 1.27943 1.19166 1.18901 2.47924 2.18719 1.45666 1.27476 1.05946 1.05301 1.06779 0.948779 0.813309 0.73664 1.34948 0.700193 0.678709 1.12915
threshold=7.5000000000000009 0.36763814755456808 0.96220362650000013 0.72354225804866756 3.5000000000000004 7.4488068425000007 6.5000000000000009 1.3572194490000002 8.5000000000000018 44.500000000000007 0.88717036500000013 0.99171061324803766 0.63312286171054521 1.1496716780000003 0.7756355426729139 0.91047063400000006 0.94232026850000017 0.89296422700000011 16.500000000000004 1.1368902595000001 12.500000000000002 -25.298446444499998 0.94766751400000004 1.0000000180025095e-35 36.661840175500011 0.9700989295000001 1.0038369515000001 1.0419227937975795 1.1723427985227428 1.0666651580000002
decision_type=2 8 2 10 2 2 2 2 2 2 2 10 10 2 10 2 2 2 2 2 2 2 2 2 2 2 2 10 10 2
left_child=1 2 -1 -2 5 7 8 9 11 15 -10 -6 -12 24 -8 16 18 -17 -3 20 -19 -14 -23 -22 25 -7 -27 -25 -28 -30
right_child=3 4 -4 -5 6 13 14 -9 10 -11 12 -13 21 -15 -16 17 -18 19 -20 -21 23 22 -24 27 -26 26 28 -29 29 -31
leaf_value=-0.0035955473775856001 -0.0036118798086495468 -0.0003968534383016193 0.00020184026839426125 -0.0043043901390304841 -0.0022568666667396316 0.0040442922016238518 -0.0025906388278545689 0.0033921497841787347 -0.0013094897924966552 0.0026803378663609865 -0.00070494329206232699 0.00071878964144982149 0.0028137930976446222 0.0060536158227755179 -0.0022335659127316484 -0.00068800920554822347 -0.0014044841333592599 0.0010544633783173445 0.0019570590682274451 -0.00087722268283303099 0.0034092263723099099 -0.00055311703944754527 0.0016628800131942402 0.0020705341759051353 0.0063909764761806934 0.00059573809555022925 0.0051693161804987342 0.00080639963157534884 0.0038147746745411889 0.0017333957714341292
leaf_weight=4510 5053 5463 7593 7339 7112 8095 5003 27099 5902 12395 7110 5095 8677 11213 7460 8196 5501 43453 6731 5268 8367 6629 45914 21524 6433 5821 7176 7405 8919 9735
leaf_count=4510 5053 5463 7593 7339 7112 8095 5003 27099 5902 12395 7110 5095 8677 11213 7460 8196 5501 43453 6731 5268 8367 6629 45914 21524 6433 5821 7176 7405 8919 9735
internal_value=0.000262277 0.000464652 -0.0015273 -0.00495846 0.000543027 0.000771723 6.02081e-05 0.00059776 0.000188533 0.000470263 0.000308202 -0.000539019 0.000383771 0.00123055 -0.000829524 0.000403617 2.75424e-05 0.000474246 0.000425035 0.00054861 0.000597772 0.00046223 0.000377893 0.000793276 0.00111397 0.00102928 0.000920126 0.000657445 0.00107509 0.000915644
internal_weight=332191 319799 12103 12392 307696 208794 98902 151402 86439 124303 74232 12207 68330 57392 12463 111908 17695 94213 12194 86017 80749 61220 52543 37296 46179 39746 31651 28929 25830 18654
internal_count=332191 319799 12103 12392 307696 208794 98902 151402 86439 124303 74232 12207 68330 57392 12463 111908 17695 94213 12194 86017 80749 61220 52543 37296 46179 39746 31651 28929 25830 18654
is_linear=0
shrinkage=0.05


Tree=38
num_leaves=31
num_cat=0
split_feature=2 4 0 4 2 3 2 0 0 2 0 8 2 8 8 7 8 5 2 4 7 7 2 7 3 7 7 9 4 3
split_gain=131.473 16.8626 15.7081 16.5122 18.3485 10.4968 6.70186 17.6261 3.68146 4.86169 3.45177 2.77192 3.08014 2.76542 2.13222 1.79298 1.92901 1.70786 1.41384 1.3194 1.26143 1.33473 1.06128 0.967246 0.958162 0.942651 1.2975 2.43301 0.986232 0.854843
threshold=7.5000000000000009 0.72354225804866756 116.50000000000001 0.36763814755456808 1.0000000180025095e-35 7.2043208685000009 4.5000000000000009 63.500000000000007 57.500000000000007 1.5000000000000002 95.500000000000014 0.94434546000000008 2.5000000000000004 1.2463057665000001 1.3938727930000001 1.0413678250000002 0.90801627700000009 9.5000000000000018 3.5000000000000004 0.59421509617575907 1.0584166585000003 0.9253556475000001 2.5000000000000004 1.0812419045000001 36.661840175500011 1.0463138475000002 1.0046301695000002 21.500000000000004 0.74250161712917595 -12.024442542499999
decision_type=2 10 2 8 2 2 2 2 2 2 2 2 2 2 2 2 2 2 2 8 2 2 2 2 2 2 2 2 10 2
left_child=2 -2 3 4 -1 6 8 -8 9 13 15 12 -11 17 18 16 -9 -5 24 -13 21 -19 29 25 -7 26 27 -24 -29 -10
right_child=1 -3 -4 5 -6 14 7 10 22 11 -12 19 -14 -15 -16 -17 -18 20 -20 -21 -22 -23 23 -25 -26 -27 -28 28 -30 -31
leaf_value=0.0013395612656642193 -0.0034354325198037981 -0.0039228027453811149 -0.0083774700399977253 0.00011065896446079391 -0.003883519256107232 0.0028751166424598701 -0.0040510935932647789 0.00017688699975837885 0.0018206071801167446 0.00051596124167863804 0.001941986187243375 0.0019796187107585421 -0.0030895948570093929 0.0030617566855681011 0.0051541637404948432 0.0016896942765042393 -0.0021293534389189945 0.0002365813755650698 0.0020732786653067312 0.00010656338368308003 -0.00051651516344367358 0.002539357237119024 0.0038037565513367789 0.0047932152657208203 0.0061826823950259305 -0.00013954096157330593 0.003939550728305625 0.001753449304563641 -0.00010719316080407389 0.0042546674418725908
leaf_weight=6184 5067 7354 5271 19754 5856 38179 4508 7209 5234 5022 19868 5385 5737 24742 14946 4962 8747 6422 19567 30220 5008 19384 6043 6853 6484 4723 7379 4550 10816 10600
leaf_count=6184 5067 7354 5271 19754 5856 38179 4508 7209 5234 5022 19868 5385 5737 24742 14946 4962 8747 6422 19567 30220 5008 19384 6043 6853 6484 4723 7379 4550 10816 10600
internal_value=0.000249745 -0.00479619 0.000445891 0.000491289 -0.0013242 0.000563607 0.000388111 -0.00015486 0.000526375 0.000371757 0.0001732 -3.10552e-05 -0.00073416 0.000619731 0.00105821 -0.000275056 -0.000533175 0.000407728 0.000932903 0.00018148 0.000640352 0.000781256 0.000861075 0.000724814 0.0010882 0.000613961 0.000721356 0.000524073 0.000189643 0.00120809
internal_weight=332074 12421 319653 314382 12040 302342 223166 45294 177872 121674 40786 46364 10759 75310 79176 20918 15956 50568 64230 35605 30814 25806 56198 40364 44663 33511 28788 21409 15366 15834
internal_count=332074 12421 319653 314382 12040 302342 223166 45294 177872 121674 40786 46364 10759 75310 79176 20918 15956 50568 64230 35605 30814 25806 56198 40364 44663 33511 28788 21409 15366 15834
is_linear=0
shrinkage=0.05


Tree=39
num_leaves=31
num_cat=0
split_feature=2 0 4 4 8 4 2 0 8 0 0 2 2 0 7 2 8 8 8 4 0 8 0 7 8 7 0 2 7 7
split_gain=123.016 17.178 16.6727 15.5845 16.9493 8.60484 5.45807 13.1145 3.44949 2.75277 2.28796 3.91772 2.90981 2.23912 2.67742 3.05534 2.24772 1.67322 1.49343 1.48272 1.37736 1.20223 1.14942 1.04317 1.01048 0.9297 0.921263 0.906852 0.903892 0.822318
threshold=7.5000000000000009 116.50000000000001 0.72354225804866756 0.36763814755456808 0.96220362650000013 0.99464674085340155 4.5000000000000009 65.500000000000014 1.3938727930000001 95.500000000000014 57.500000000000007 1.5000000000000002 3.5000000000000004 54.500000000000007 0.91047063400000006 1.5000000000000002 0.94631593150000015 1.1077898600000002 1.2463057665000001 0.85606651498690589 24.500000000000004 1.1996017105000003 7.5000000000000009 1.0584166585000003 0.9915069485000001 1.0116805640000002 35.500000000000007 5.5000000000000009 0.95516812250000005 0.95813489450000011
decision_type=2 2 10 8 2 10 2 2 2 2 2 2 2 2 2 2 2 2 2 10 2 2 2 2 2 2 2 2 2 2
left_child=1 3 -2 4 -1 6 13 -8 10 19 11 22 -12 14 26 18 -17 -13 23 27 -10 25 -7 -16 29 -18 -5 -9 -14 -11
right_child=2 -3 -4 5 -6 8 7 9 20 24 12 17 28 -15 15 16 21 -19 -20 -21 -22 -23 -24 -25 -26 -27 -28 -29 -30 -31
leaf_value=-0.0031291146866934344 -0.0032576381145500324 -0.0079973570414536184 -0.0037783050041809382 -0.0010435749314545611 0.00034991199604404813 0.00019123787775150004 -0.0037684930587473654 0.0013096979430755424 0.0018384538999800509 0.0012224245900812119 0.0040082490128181096 -0.0019771375903446424 -0.00019923094377721361 0.0020677117072442192 0.0015121249535561875 -0.0025293999533211897 0.00042928322867561309 0.00074489635932610261 0.0034809063323872113 -0.0024037228362440979 0.0050479511700984242 -0.00031165037688640551 0.0023984942010997446 -0.00027859007989610536 0.00022886326720218057 0.00296578815698913 0.00039212180751745009 -0.00085343853196592203 0.0024818172934943134 0.0046084593000970718
leaf_weight=4528 5043 5316 7417 7728 7636 4884 5009 6546 5316 5176 31797 5909 4561 47648 22602 4586 8840 6442 14027 4745 19072 10296 31296 4558 6003 5266 4732 7324 22397 5765
leaf_count=4528 5043 5316 7417 7728 7636 4884 5009 6546 5316 5176 31797 5909 4561 47648 22602 4586 8840 6442 14027 4745 19072 10296 31296 4558 6003 5266 4732 7324 22397 5765
internal_value=0.00024818 0.000437994 -0.00462495 0.000485623 -0.0012688 0.000556185 0.00032207 -0.000184359 0.000859932 0.000153175 0.000737853 0.000483713 0.000947711 0.000479764 0.000322332 0.000442256 4.89774e-05 -0.000285084 0.000719011 -0.000266514 0.00139671 0.00023989 0.000746166 0.000502485 0.000614196 0.00053965 -0.000352988 -5.40534e-06 0.000565405 0.000900101
internal_weight=332465 320005 12460 314689 12164 302525 170851 40568 131674 35559 107286 48531 58755 130283 82635 70175 28988 12351 41187 18615 24388 24402 36180 27160 16944 14106 12460 13870 26958 10941
internal_count=332465 320005 12460 314689 12164 302525 170851 40568 131674 35559 107286 48531 58755 130283 82635 70175 28988 12351 41187 18615 24388 24402 36180 27160 16944 14106 12460 13870 26958 10941
is_linear=0
shrinkage=0.05


Tree=40
num_leaves=31
num_cat=0
split_feature=1 3 4 4 6 7 4 9 7 9 7 8 7 7 3 8 8 3 3 8 8 9 5 6 8 7 7 3 7 7
split_gain=54.131 30.6787 13.8593 10.4116 9.12512 6.20538 5.19452 4.17957 2.35391 2.31422 2.32737 2.15288 2.14129 1.9116 1.71228 1.50855 1.62622 1.48798 1.37432 1.36495 1.2282 1.00687 1.21322 0.948306 0.850657 1.14589 0.79862 1.50389 1.42076 1.64064
threshold=2.5000000000000004 -39.244419957499993 0.98011631505122498 0.51481931355890931 1.5000000000000002 0.83895903800000016 0.71193700132673154 33.500000000000007 1.1303612510000003 44.500000000000007 1.0038369515000001 1.1446260655000002 0.99217032650000003 0.98477545750000017 -9.5201824899999981 0.80377605800000007 1.1557926060000001 32.781237475000005 14.998353170000001 0.99996303200000003 1.2992437430000001 10.500000000000002 10.500000000000002 1.5000000000000002 1.5097159270000002 1.1626164030000001 0.94766751400000004 3.7866546080000005 1.0000053235000002 1.0681136895000003
decision_type=2 2 10 10 2 2 10 2 2 2 2 2 2 2 2 2 2 2 2 2 2 2 2 2 2 2 2 2 2 2
left_child=-1 3 4 -2 5 -3 -6 8 17 10 12 18 13 15 -14 -7 -17 23 19 -9 -10 22 -8 26 25 -12 27 -4 -28 -30
right_child=1 2 7 -5 6 9 21 11 20 -11 24 -13 14 -15 -16 16 -18 -19 -20 -21 -22 -23 -24 -25 -26 -27 28 -29 29 -31
leaf_value=-0.0076326418532307516 -0.0026939439800365062 -0.0017776777425571135 0.00079833164450074693 -0.0019136379982243315 -0.002836928613573667 -0.0012615654806254557 -0.0027068664639166586 0.0032420096208544457 0.002043410677116107 0.0025730779405611507 0.001229930823059935 0.0047865630862619817 -0.0023426501840591732 0.0028516199905872183 0.00021325707187209026 0.00060876913878328109 -0.00095856330732248328 0.0052771866609644556 0.004106753019671003 -0.00025711390328483327 0.0044731977775089252 0.00065597057347865895 -6.8233190214501982e-05 -0.00028379489132097073 0.0026978797191031774 -0.0010499136205417666 -5.881167576855692e-05 0.0032225702401690089 0.0029262820636085708 0.00059898087139257413
leaf_weight=4889 5642 6083 4612 9654 7296 6023 4534 5036 5279 14126 49991 28570 5897 4854 4613 41454 5550 6516 9820 6018 11894 5296 4569 8803 6836 4581 14261 5245 20371 14019
leaf_count=4889 5642 6083 4612 9654 7296 6023 4534 5036 5279 14126 49991 28570 5897 4854 4613 41454 5550 6516 9820 6018 11894 5296 4569 8803 6836 4581 14261 5245 20371 14019
internal_value=0.000228323 0.000306331 0.000413477 -0.00187962 0.000112153 0.000250778 -0.000846198 0.00078185 0.000580737 0.000316908 0.000250743 0.00115189 5.01126e-05 0.000169342 -0.000606277 8.2356e-05 0.000177838 0.000458033 0.000765602 0.000382946 0.00110796 -0.00029523 -0.000614021 0.000388132 0.000474167 0.000408231 0.000460923 0.000871274 0.000377703 0.000551679
internal_weight=332332 327443 312147 15296 171703 150008 21695 140444 91000 143925 129799 49444 68391 57881 10510 53027 47004 73827 20874 11054 17173 14399 9103 67311 61408 54572 58508 9857 48651 34390
internal_count=332332 327443 312147 15296 171703 150008 21695 140444 91000 143925 129799 49444 68391 57881 10510 53027 47004 73827 20874 11054 17173 14399 9103 67311 61408 54572 58508 9857 48651 34390
is_linear=0
shrinkage=0.05


Tree=41
num_leaves=31
num_cat=0
split_feature=2 0 4 4 3 3 2 0 0 8 2 0 3 5 2 8 4 8 4 8 8 8 2 9 2 3 8 0 2 2
split_gain=111.925 16.1922 16.1514 14.3744 16.2032 7.93282 5.75371 13.0514 3.60766 4.05032 2.70645 2.38908 1.95462 1.73714 1.69798 1.43184 2.26536 1.412 1.52734 1.15925 1.05092 0.999606 0.966548 0.950851 0.936322 0.935408 1.19634 0.843252 1.1866 0.780298
threshold=7.5000000000000009 116.50000000000001 0.69986162902331761 0.36763814755456808 -10.503064728499998 7.4488068425000007 4.5000000000000009 65.500000000000014 56.500000000000007 1.4435879295000003 1.5000000000000002 83.500000000000014 57.332769702000007 11.500000000000002 3.5000000000000004 0.98818925650000011 0.86186678041288978 0.92706994300000012 0.59996869676802655 1.2157222685000002 1.2554007370000002 0.91975546850000012 2.5000000000000004 19.500000000000004 1.0000000180025095e-35 -12.024442542499999 1.2271159115000001 56.500000000000007 1.5000000000000002 6.5000000000000009
decision_type=2 2 10 8 2 2 2 2 2 2 2 2 2 2 2 2 10 2 10 2 2 2 2 2 2 2 2 2 2 2
left_child=1 3 -2 4 -1 6 8 -8 9 10 13 23 14 -5 27 29 -17 -12 -19 -16 -20 -15 25 -9 -23 -10 -27 28 -7 -13
right_child=2 -3 -4 5 -6 12 7 11 22 -11 17 15 -14 21 19 16 -18 18 20 -21 -22 24 -24 -25 -26 26 -28 -29 -30 -31
leaf_value=-0.0035059854653625984 -0.0029466936985596236 -0.0072556741141757142 -0.0034021990271319151 0.0003935317794249815 0.00039188902278357031 0.0028806161292485154 -0.0035224374829584898 -0.0021179695485400419 0.0016651694623016436 0.002776787822077876 -0.0014371633532704771 0.0026102176009196315 0.0094529424905377257 0.0001119387664092066 0.00089208827703296566 -0.0018085626164037558 0.00150382626219972 0.0021171876214269958 0.0001711024357976456 0.005035289692741726 -0.001309005629873405 0.0028877504875061497 0.0021051373593305445 -6.7763200433714895e-05 0.0012601717019617945 0.0027716455770895941 0.0060168661985529701 0.0037793704368896974 0.00044943354714211363 0.00062201501165018848
leaf_weight=4564 4511 5361 7942 32823 7514 18872 5169 4782 5436 13698 9007 12743 4600 4927 15052 5415 6463 5317 20318 4584 6231 13054 41662 5096 14887 6738 4691 28215 6380 5870
leaf_count=4564 4511 5361 7942 32823 7514 18872 5169 4782 5436 13698 9007 12743 4600 4927 15052 5415 6463 5317 20318 4584 6231 13054 41662 5096 14887 6738 4691 28215 6380 5870
internal_value=0.000213164 0.000394469 -0.00443631 0.000440988 -0.0012501 0.000508633 0.000357807 -0.00014393 0.000485601 0.000328893 0.000224831 0.000159075 0.000944015 0.00042358 0.000880991 0.000378 -5.0913e-05 -9.46107e-05 6.16549e-05 0.000483173 -9.33004e-05 0.000680498 0.00080755 -0.000516543 0.000796268 0.001127 0.00138381 0.00102703 0.000816803 0.000651654
internal_weight=331922 319469 12453 314108 12078 302030 224327 45538 178789 120262 106564 40369 77703 65691 73103 30491 11878 40873 31866 19636 26549 32868 58527 9878 27941 16865 11429 53467 25252 18613
internal_count=331922 319469 12453 314108 12078 302030 224327 45538 178789 120262 106564 40369 77703 65691 73103 30491 11878 40873 31866 19636 26549 32868 58527 9878 27941 16865 11429 53467 25252 18613
is_linear=0
shrinkage=0.05


Tree=42
num_leaves=31
num_cat=0
split_feature=2 1 4 4 1 3 2 1 1 2 3 8 3 5 2 1 2 4 2 1 7 8 1 1 7 7 7 8 1 4
split_gain=104.555 15.2293 13.6236 13.4541 15.6934 8.33643 4.59536 10.2634 3.57552 4.7714 2.78423 2.7807 2.03838 1.26692 1.74075 1.32957 1.2381 1.18674 1.18423 1.05254 1.19025 1.0226 1.00284 0.996447 1.10277 1.38729 0.76009 0.733891 1.0273 0.769177
threshold=7.5000000000000009 3.5000000000000004 0.72354225804866756 0.36763814755456808 108.50000000000001 7.4488068425000007 5.5000000000000009 38.500000000000007 50.500000000000007 3.5000000000000004 -10.503064728499998 1.3572194490000002 57.332769702000007 12.500000000000002 1.5000000000000002 65.500000000000014 3.5000000000000004 0.65432679673362382 2.5000000000000004 86.500000000000014 0.98318968800000006 1.2157222685000002 14.500000000000002 60.500000000000007 1.1496716780000003 1.0681136895000003 0.97631804550000012 1.1640513860000004 35.500000000000007 0.87090300162137402
decision_type=2 2 10 8 2 2 2 2 2 2 2 2 2 2 2 2 2 10 2 2 2 2 2 2 2 2 2 2 2 10
left_child=1 -1 -2 4 -3 6 8 22 18 11 17 13 16 15 26 -10 23 -11 -5 20 -16 -18 -8 -7 25 -25 -15 28 -20 -30
right_child=2 3 -4 5 -6 12 7 -9 9 10 -12 -13 -14 14 19 -17 21 -19 27 -21 -22 -23 -24 24 -26 -27 -28 -29 29 -31
leaf_value=-0.0069652575197811555 -0.0028173016937498557 -0.0033734517086990812 -0.0032841809310467894 0.0034614471149189713 0.00036459437955477242 0.0037921225766331841 0.0022329375908697381 -0.0032669388189312783 0.0017883258208204536 -0.0012042366526512716 -0.0034433120523986826 0.0023435948910665526 0.0095702585748319007 0.00083861287267950394 0.0018856518253555438 9.8876889601687095e-05 0.0011080187089633328 0.00086560804105648842 0.0024434382079764547 -0.0012378355155148739 -0.00022294254785379535 0.0050047990320381472 -0.00016581918001650845 0.0024346960615959745 0.0041496857927608675 0.00024106629030266381 0.002509705984664413 0.0034029214548789602 0.0013421030143524332 -0.00056965540090301442
leaf_weight=5245 5066 4502 7389 7912 7643 26355 7077 5320 7779 5162 4584 24076 4602 9913 6199 52176 14996 5687 19457 4541 8680 4594 12444 13841 5926 7474 17855 11664 8393 5402
leaf_count=5245 5066 4502 7389 7912 7643 26355 7077 5320 7779 5162 4584 24076 4602 9913 6199 52176 14996 5687 19457 4541 8680 4594 12444 13841 5926 7474 17855 11664 8393 5402
internal_value=0.000202691 0.000377922 -0.00429073 0.000422534 -0.00120885 0.000488135 0.000333454 -0.000307796 0.000413314 0.000286246 -0.000545245 0.000384057 0.000934146 0.000274924 0.000468714 0.000122373 0.000869847 -0.000108485 0.000765999 0.000105534 0.000308889 0.000529472 0.000222908 0.000994198 0.000781858 0.00061386 0.000722644 0.000666503 0.000546652 0.000216486
internal_weight=331954 319499 12455 314254 12145 302109 224321 24841 199480 146652 15433 131219 77788 107143 47188 59955 73186 10849 52828 19420 14879 19590 19521 53596 27241 21315 27768 44916 33252 13795
internal_count=331954 319499 12455 314254 12145 302109 224321 24841 199480 146652 15433 131219 77788 107143 47188 59955 73186 10849 52828 19420 14879 19590 19521 53596 27241 21315 27768 44916 33252 13795
is_linear=0
shrinkage=0.05


Tree=43
num_leaves=31
num_cat=0
split_feature=2 0 4 3 4 3 2 0 0 7 2 0 3 8 8 8 2 8 8 7 7 4 8 7 2 8 7 3 7 8
split_gain=103.103 13.6287 12.7503 15.3982 11.6388 7.04781 4.63069 11.3109 2.87788 3.20631 3.10665 2.52528 2.01691 1.94744 1.494 1.68499 1.48714 1.39939 1.61007 1.35677 1.31561 2.64604 1.31755 1.53424 1.30821 1.47223 1.9088 1.35084 1.16927 1.15129
threshold=7.5000000000000009 116.50000000000001 0.36763814755456808 -10.703900558999999 0.72354225804866756 7.4488068425000007 4.5000000000000009 63.500000000000007 50.500000000000007 0.91047063400000006 1.0000000180025095e-35 99.500000000000014 46.633597832000007 0.92706994300000012 0.98186433550000007 1.4435879295000003 3.5000000000000004 1.2992437430000001 1.1535191605000004 1.0692156960000003 1.0452659895000003 0.8738568205984002 0.9749352160000001 0.94093620500000008 3.5000000000000004 1.2395363740000003 0.95226128050000014 -16.674830226999998 1.0038369515000001 0.94232026850000017
decision_type=2 2 8 2 10 2 2 2 2 2 2 2 2 2 2 2 2 2 2 2 2 10 2 2 2 2 2 2 2 2
left_child=1 2 3 -1 -2 6 8 -8 9 29 17 20 16 -12 -15 19 -7 18 -11 28 21 22 23 -9 25 26 -10 -28 -16 -4
right_child=4 -3 5 -5 -6 12 7 11 24 10 13 -13 -14 14 15 -17 -18 -19 -20 -21 -22 -23 -24 -25 -26 -27 27 -29 -30 -31
leaf_value=-0.0032705177921065263 -0.0026992660602261397 -0.0064860025444907418 -0.00017169341616223228 0.00040876717325549658 -0.0032401249079274763 0.0027343596707648373 -0.0032192793028330315 -0.00093125822875979444 0.0028405442636413366 0.0021626959013301798 -0.0017504856228965774 0.0017983951077170345 0.0080787931057276878 0.0026635511070129958 -0.00015366780735093287 0.0021180566364192256 0.0014350300023324894 0.003400982160017948 -0.00016567158144749057 -0.00098333419454249994 0.0013590525684342308 -0.0026227681359074122 -0.0015217792721594122 0.0018955201896020445 0.0013215703548665808 0.0034005799024740173 -0.00076690155552036111 0.0016442815808958835 0.00099166411344181167 -0.0016991485450181865
leaf_weight=4552 5131 5280 9478 7590 7422 51487 4533 4509 11974 16977 6660 15995 8107 4745 15406 6907 18338 11499 7797 11401 5555 5011 4696 5238 23583 13308 5081 15543 13807 4669
leaf_count=4552 5131 5280 9478 7590 7422 51487 4533 4509 11974 16977 6660 15995 8107 4745 15406 6907 18338 11499 7797 11401 5555 5011 4696 5238 23583 13308 5081 15543 13807 4669
internal_value=0.000186429 0.000360975 0.00040329 -0.00118507 -0.00425764 0.000467105 0.000324811 -0.000125324 0.000439429 0.000279513 0.000383886 0.000136799 0.000876734 0.000159763 0.000262383 0.00017785 0.000789954 0.000747905 0.00053614 5.50236e-05 -0.000177001 -0.00037078 -2.71663e-05 0.000304297 0.000691031 0.000846529 0.00066543 0.000373746 0.000235557 -0.000422732
internal_weight=332279 319726 314446 12142 12553 302304 224372 45537 178835 109346 95199 41004 77932 58926 52266 47521 69825 36273 24774 40614 25009 19454 14443 9747 69489 45906 32598 20624 29213 14147
internal_count=332279 319726 314446 12142 12553 302304 224372 45537 178835 109346 95199 41004 77932 58926 52266 47521 69825 36273 24774 40614 25009 19454 14443 9747 69489 45906 32598 20624 29213 14147
is_linear=0
shrinkage=0.05


Tree=44
num_leaves=31
num_cat=0
split_feature=2 0 4 4 2 3 2 0 0 2 3 8 3 8 9 2 0 8 2 8 2 0 0 0 8 9 8 3 0 8
split_gain=97.4884 15.9292 11.274 10.2262 13.8492 6.8784 5.04617 8.52542 2.80765 4.24229 3.91485 2.23934 1.9166 1.68872 1.41757 1.68778 1.40945 2.24103 1.36684 1.32808 1.19738 1.18371 1.09526 1.04631 0.962265 0.917771 1.47874 0.928693 0.940689 0.819349
threshold=7.5000000000000009 116.50000000000001 0.72354225804866756 0.36763814755456808 1.0000000180025095e-35 7.4488068425000007 5.5000000000000009 79.500000000000014 72.500000000000014 3.5000000000000004 -9.1210145509999982 1.2463057665000001 57.332769702000007 1.2055926885000001 37.500000000000007 2.5000000000000004 29.500000000000004 0.92706994300000012 3.5000000000000004 1.2157222685000002 2.5000000000000004 95.500000000000014 53.500000000000007 63.500000000000007 0.86166882900000008 27.500000000000004 1.1640513860000004 -26.315370914999995 86.500000000000014 1.5192940695000001
decision_type=2 2 10 8 2 2 2 2 2 2 2 2 2 2 2 2 2 2 2 2 2 2 2 2 2 2 2 2 2 2
left_child=1 3 -2 4 -1 6 8 -8 9 11 22 13 18 16 15 29 17 24 23 -20 -10 -9 -11 -7 -5 -22 27 -27 -29 -13
right_child=2 -3 -4 5 -6 12 7 21 20 10 -12 14 -14 -15 -16 -17 -18 -19 19 -21 25 -23 -24 -25 -26 26 -28 28 -30 -31
leaf_value=0.0014202147175789205 -0.0025548942388180732 -0.0062624881464873302 -0.0029259863896594425 -0.00016772762007728043 -0.0029290645228051996 0.0020012361326112449 -0.0030563103777771993 -0.0010851447286841086 0.003722030590648641 -0.0009509989808697706 -0.0035756983717917558 0.0013375375090109564 0.0083425532791887875 -0.0012126952204266378 0.0036404183153560692 -0.00053245997583892962 0.0012073180191633176 0.00092079406673047375 0.00071456861932606684 0.0047204221672796122 0.0027399398902518378 0.0011354262044399259 0.00086162123970646314 0.0037032090288146575 -0.002365183918729803 0.0014865318781987738 0.0038060461011052921 -0.0012867026933819836 0.0011703356314120125 0.003064398633242415
leaf_weight=6278 5056 5267 7484 5825 5866 29869 4736 6707 6334 4541 4572 23071 4557 7665 4737 4942 44024 29950 15120 4565 17963 13245 8564 23866 5470 4599 6923 4555 6954 8260
leaf_count=6278 5056 5267 7484 5825 5866 29869 4736 6707 6334 4541 4572 23071 4557 7665 4737 4942 44024 29950 15120 4565 17963 13245 8564 23866 5470 4599 6923 4555 6954 8260
internal_value=0.000178431 0.000348439 -0.00414508 0.000394231 -0.00102807 0.000451513 0.000310507 -0.000363666 0.000394174 0.000289215 -0.000438723 0.000385296 0.000855871 0.000249465 0.000693039 0.00058665 0.000313372 0.000103333 0.000794008 0.000437405 0.000730357 8.91918e-05 9.53536e-07 0.000924591 -0.000496681 0.000631357 0.000422274 0.000159499 -8.0554e-05 0.000722093
internal_weight=331565 319025 12540 313758 12144 301614 223637 24688 198949 151621 17677 133944 77977 92934 41010 36273 85269 41245 73420 19685 47328 19952 13105 53735 11295 40994 23031 16108 11509 31331
internal_count=331565 319025 12540 313758 12144 301614 223637 24688 198949 151621 17677 133944 77977 92934 41010 36273 85269 41245 73420 19685 47328 19952 13105 53735 11295 40994 23031 16108 11509 31331
is_linear=0
shrinkage=0.05


Tree=45
num_leaves=31
num_cat=0
split_feature=0 3 5 9 8 5 9 7 8 8 0 7 7 7 7 8 3 9 0 5 7 7 5 0 8 8 8 7 7 7
split_gain=55.7442 20.3166 15.5702 6.36269 6.21766 3.98161 3.93659 2.33511 2.01941 1.8707 1.59144 1.56336 1.55293 1.54966 1.47613 1.41822 1.89692 1.37192 1.35681 1.3199 1.59075 1.26912 1.27937 1.21046 1.03475 1.71912 1.6468 1.44962 1.25354 1.19014
threshold=117.50000000000001 -16.965990684499996 4.5000000000000009 11.500000000000002 0.95550089700000018 13.500000000000002 33.500000000000007 1.2523208980000002 1.0025047235000002 1.2992437430000001 80.500000000000014 1.0629679565000003 0.8943654055000001 1.0126016745000002 0.9700989295000001 0.97717730150000015 -33.137012536499995 27.500000000000004 84.500000000000014 5.5000000000000009 0.92847607600000004 0.9953402065000001 16.500000000000004 90.500000000000014 1.4992900485000002 1.4213440125000003 1.3572194490000002 1.1585803860000001 1.0038369515000001 1.0126016745000002
decision_type=2 2 2 2 2 2 2 2 2 2 2 2 2 2 2 2 2 2 2 2 2 2 2 2 2 2 2 2 2 2
left_child=1 2 -1 10 5 19 7 18 15 13 -4 -11 -7 21 -14 16 -5 -16 24 -3 -21 22 -8 -10 25 26 27 28 -6 -30
right_child=-2 4 3 8 6 12 9 -9 23 11 -12 -13 14 -15 17 -17 -18 -19 -20 20 -22 -23 -24 -25 -26 -27 -28 -29 29 -31
leaf_value=-0.0022849997589086393 -0.0058903484981658221 -0.0017796859357908743 -0.002256414021634985 -0.0013086444930563166 0.00019456939773199061 -0.00076509789029404818 0.00012547277271103595 0.0046367962953307125 0.0015317111416398681 0.005734484472840768 -0.0018049697855330199 0.0034466208855238219 0.0035823668079630593 0.0029441808398483968 -0.00071784540126865052 -0.0022715269901363972 0.00046633419377096986 0.0035220199204068631 0.0028032034592474723 0.00055935159942511537 -0.0013238182796214235 -0.00095271629394276254 0.0022518007785612242 -0.00091489932634691807 0.0019844451109487164 -0.0013142930240813155 0.0029043380175119531 -0.001648784439831465 0.0022088048878630162 0.0010432788286203313
leaf_weight=6931 4842 6469 4631 10429 36299 5564 5564 5028 15598 5448 6579 14355 11515 22112 7348 4555 15470 4627 20600 9461 11584 4689 6889 4771 10963 6219 8339 4704 4803 45555
leaf_count=6931 4842 6469 4631 10429 36299 5564 5564 5028 15598 5448 6579 14355 11515 22112 7348 4555 15470 4627 20600 9461 11584 4689 6889 4771 10963 6219 8339 4704 4803 45555
internal_value=0.000165998 0.000244869 -0.000517479 -0.000266248 0.000448545 -1.46712e-05 0.00057854 0.00043627 -2.838e-05 0.000921786 -0.00134418 0.00131803 0.00039351 0.000721745 0.000571398 -0.000286122 -0.000142932 0.000182596 0.000397529 -0.000445692 -0.000253563 0.000364787 0.000628713 0.00035695 0.00033156 0.00028367 0.000333985 0.000272558 0.000318969 0.000480412
internal_weight=331941 327099 68964 62033 258135 56568 201567 142510 50823 59057 11210 19803 29054 39254 23490 30454 25899 11975 137482 27514 21045 17142 12453 20369 116882 105919 99700 91361 86657 50358
internal_count=331941 327099 68964 62033 258135 56568 201567 142510 50823 59057 11210 19803 29054 39254 23490 30454 25899 11975 137482 27514 21045 17142 12453 20369 116882 105919 99700 91361 86657 50358
is_linear=0
shrinkage=0.05


Tree=46
num_leaves=31
num_cat=0
split_feature=2 0 0 3 7 2 0 8 0 2 8 7 0 3 7 7 3 7 0 0 9 2 8 2 8 3 8 7 0 2
split_gain=86.1167 15.3316 7.77957 6.92886 4.84915 4.57585 11.0586 3.7104 2.80958 3.38605 4.80389 2.27488 1.9881 1.63285 1.3649 1.24155 1.19722 1.13719 1.56788 1.05721 1.01892 1.00803 0.878624 1.57484 1.01072 1.95005 0.795611 2.41056 0.716617 3.99548
threshold=7.5000000000000009 116.50000000000001 104.50000000000001 0.29735149000000005 0.83895903800000016 4.5000000000000009 65.500000000000014 1.3938727930000001 51.500000000000007 1.5000000000000002 0.89296422700000011 0.91220460200000009 100.50000000000001 46.633597832000007 0.9700989295000001 0.95113031850000007 -14.984457359999999 1.0107513135000004 70.500000000000014 23.500000000000004 30.500000000000004 3.5000000000000004 1.2055926885000001 1.5000000000000002 1.0976287175000004 13.326599906500002 0.98818925650000011 0.96905717250000001 66.500000000000014 2.5000000000000004
decision_type=2 2 2 2 2 2 2 2 2 2 2 2 2 2 2 2 2 2 2 2 2 2 2 2 2 2 2 2 2 2
left_child=1 3 -2 4 -1 8 -7 13 9 11 -11 -6 16 20 -12 21 26 18 -17 -9 28 -10 23 -22 25 -25 27 -8 29 -5
right_child=2 -3 -4 7 5 6 12 19 15 10 14 -13 -14 -15 -16 17 -18 -19 -20 -21 22 -23 -24 24 -26 -27 -28 -29 -30 -31
leaf_value=-0.0014269917236833785 -0.0027822710414922873 -0.0057284766729995586 -0.0022228419118349818 0.0012603317309280483 -0.00081730949188354377 -0.0028943056585680614 -0.00074856622344656322 0.0012929767424245059 0.0033359095539232443 -0.0024458028394171031 0.0013065658705151697 0.0014883761529740243 0.001727718867086679 0.0064505537125321205 -0.00042703022724571932 -0.00071267054477058963 -0.0018255046346348843 0.0021362655157061978 0.0017926472671222543 0.0039551963186151787 0.0023105701262637782 0.0012469385265214015 0.0031190731003017677 -0.001942491569445409 0.0017205816356759196 0.0021824085345869184 -0.00092869961989196649 0.0032579217740314665 0.0021192731034155618 -0.0026897254261408674
leaf_weight=8408 4516 5333 7926 32407 6045 5160 5655 4839 8950 4543 7444 49337 12418 6032 19949 7708 6370 21446 8424 18771 9714 5003 12474 4955 5572 5268 6180 4535 21399 5363
leaf_count=8408 4516 5333 7926 32407 6045 5160 5655 4839 8950 4543 7444 49337 12418 6032 19949 7708 6370 21446 8424 18771 9714 5003 12474 4955 5572 5268 6180 4535 21399 5363
internal_value=0.000172092 0.000330944 -0.00390817 0.000376057 0.000183055 0.000238137 -0.000230762 0.000661559 0.000374296 0.000201493 -0.000208509 0.000437919 8.65968e-05 0.00053213 4.13352e-05 0.000667058 -0.000191251 0.000517388 0.000200161 0.00122697 0.000482518 0.00106982 0.000684624 0.000516285 0.00020807 -8.72604e-05 3.51146e-05 0.000306523 0.000352731 0.000221708
internal_weight=332144 319702 12442 314369 187575 179167 40318 126794 138849 87318 31936 55382 35158 103184 27393 51531 22740 37578 16132 23610 97152 13953 37983 25509 15795 10223 16370 10190 59169 37770
internal_count=332144 319702 12442 314369 187575 179167 40318 126794 138849 87318 31936 55382 35158 103184 27393 51531 22740 37578 16132 23610 97152 13953 37983 25509 15795 10223 16370 10190 59169 37770
is_linear=0
shrinkage=0.05


Tree=47
num_leaves=31
num_cat=0
split_feature=2 0 4 4 3 3 2 0 0 2 3 8 3 0 2 7 7 7 9 7 8 0 8 5 2 4 7 0 7 8
split_gain=79.0505 12.1959 8.85044 8.60703 9.68302 4.99869 3.33857 7.95994 2.31204 3.11755 4.28034 2.00349 1.79728 1.2209 1.85038 2.17775 1.66034 2.07304 1.97876 1.3959 1.73872 1.37934 2.13097 1.2352 1.17015 1.00283 0.998183 0.947903 0.828187 0.802316
threshold=7.5000000000000009 116.50000000000001 0.72354225804866756 0.36763814755456808 -10.703900558999999 7.2043208685000009 5.5000000000000009 80.500000000000014 72.500000000000014 3.5000000000000004 -9.1210145509999982 1.4435879295000003 57.332769702000007 50.500000000000007 1.0000000180025095e-35 0.91047063400000006 1.0692156960000003 1.0000053235000002 17.500000000000004 0.91977347650000008 1.2395363740000003 28.500000000000004 1.0663997850000002 11.500000000000002 3.5000000000000004 0.98011631505122498 1.0072142665000003 105.50000000000001 1.0329430635000001 0.96876116550000013
decision_type=2 2 10 8 2 2 2 2 2 2 2 2 2 2 2 2 2 2 2 2 2 2 2 2 2 10 2 2 2 2
left_child=1 3 -2 4 -1 6 8 -8 9 11 26 13 24 14 15 -5 17 21 -18 -15 -21 -16 -23 -17 -7 -10 -11 29 -19 -9
right_child=2 -3 -4 5 -6 12 7 27 25 10 -12 -13 -14 19 16 23 18 28 -20 20 -22 22 -24 -25 -26 -27 -28 -29 -30 -31
leaf_value=-0.002554518338661862 -0.0021984713681978819 -0.0051202796068614042 -0.0026381750231484762 -0.00095122692272034512 0.00038251085164819312 0.0023160561411335124 -0.0027723459606312367 0.00063973611884459998 0.0014596088101659522 -0.00047067521686426026 -0.0036687851118487116 0.0021524022392079615 0.0073474661644372524 0.0027335921782171437 -0.0010880769072658726 0.0010962630978559001 0.00027341529498962485 0.0022015852337296323 -0.002557011186217129 0.00031195145664218108 0.0030868016376608427 0.0012353293268915879 -0.0011713918897296594 0.0025293317071062695 0.0013979086834315149 0.0032790255812272942 0.001707240910266185 0.0019771938574289958 0.000423214958429094 -0.0014007353364276381
leaf_weight=4566 5040 5308 7380 4650 7557 54741 5013 7714 35173 8440 4508 15257 4622 4756 13138 17178 5996 8560 4964 15610 5435 12719 4890 13349 19899 12232 4695 6970 7042 4989
leaf_count=4566 5040 5308 7380 4650 7557 54741 5013 7714 35173 8440 4508 15257 4622 4756 13138 17178 5996 8560 4964 15610 5435 12719 4890 13349 19899 12232 4695 6970 7042 4989
internal_value=0.000166451 0.000318391 -0.00374648 0.000358497 -0.000947601 0.000410848 0.000289744 -0.000258596 0.000357911 0.000262365 -0.000362222 0.000344892 0.000751952 0.000275315 0.000190451 0.000475883 1.52232e-05 0.000146104 -0.000538076 0.00057942 0.000404394 -9.21078e-05 0.000197144 0.000629422 0.000692612 0.000662571 9.41781e-05 0.000194761 0.000615429 -6.23622e-05
internal_weight=332391 319971 12420 314663 12123 302540 223278 24686 198592 151187 17643 133544 79262 118287 92486 35177 57309 46349 10960 25801 21045 30747 17609 30527 74640 47405 13135 19673 15602 12703
internal_count=332391 319971 12420 314663 12123 302540 223278 24686 198592 151187 17643 133544 79262 118287 92486 35177 57309 46349 10960 25801 21045 30747 17609 30527 74640 47405 13135 19673 15602 12703
is_linear=0
shrinkage=0.05


Tree=48
num_leaves=31
num_cat=0
split_feature=2 0 4 2 4 2 0 0 8 2 5 8 2 3 8 0 0 2 8 2 0 8 8 6 3 8 8 8 3 6
split_gain=70.3113 12.8676 8.46014 10.1004 7.76597 4.33404 8.7131 4.87828 3.37236 2.2595 1.6806 1.50686 1.38808 1.23099 1.09169 1.07881 1.0698 0.865554 0.677308 0.659502 1.5251 0.913484 1.24051 2.964 0.674074 0.589133 1.22764 0.791749 0.58788 0.612326
threshold=7.5000000000000009 116.50000000000001 0.36763814755456808 1.0000000180025095e-35 0.72354225804866756 3.5000000000000004 60.500000000000007 57.500000000000007 0.96422299450000015 1.5000000000000002 11.500000000000002 1.2271159115000001 6.5000000000000009 -20.309445161999996 1.4435879295000003 38.500000000000007 100.50000000000001 1.0000000180025095e-35 0.8135863965000002 2.5000000000000004 37.500000000000007 1.2027081425000004 0.95800982700000004 1.0000000180025095e-35 -6.1002532549999993 1.1779470030000001 1.134337616 0.92706994300000012 -6.7641791689999993 1.0000000180025095e-35
decision_type=2 2 8 2 10 2 2 2 2 2 2 2 2 2 2 2 2 2 2 2 2 2 2 2 2 2 2 2 2 2
left_child=1 2 3 -1 -2 7 8 9 -7 10 14 25 18 -11 -4 17 -14 -12 -8 21 -21 22 -15 -24 -22 26 27 -9 -13 -30
right_child=4 -3 5 -5 -6 6 12 11 -10 13 15 28 16 19 -16 -17 -18 -19 -20 20 24 -23 23 -25 -26 -27 -28 -29 29 -31
leaf_value=0.0011746901044421649 -0.0020659573002315551 -0.0052136576827713291 0.00031374905068739259 -0.002544923825481593 -0.0024812291572626987 -0.0030049006662417953 0.0020027009143199189 0.0030707314398620905 -0.00086515408670791909 0.0019314064836186331 0.0021276146080973449 0.0020979576671469016 -0.0017398093181460227 0.0015970335801111729 0.0022878174568382193 0.0024918264362792423 0.00080207436025581417 0.00079570216413665849 0.0010497272354062304 -0.0022490677956762449 0.0010224485676379519 0.00084402057255281507 -0.0016934379475475238 0.00051888605670606994 -0.0012763218276418461 0.00049564537148242963 0.0050107906255591247 0.0010968773372891855 0.0046226903292160924 0.0024807595499124545
leaf_weight=6236 5110 5173 33309 5842 7345 4533 7645 9369 7035 5096 23550 4537 4970 5282 4780 13928 5931 19656 63889 4812 4754 11161 4637 6881 4525 5394 5139 21643 13386 6404
leaf_count=6236 5110 5173 33309 5842 7345 4533 7645 9369 7035 5096 23550 4537 4970 5282 4780 13928 5931 19656 63889 4812 4754 11161 4637 6881 4525 5394 5139 21643 13386 6404
internal_value=0.00015252 0.000296219 0.00033694 -0.00096044 -0.0035323 0.000388799 0.000106986 0.000516007 -0.00117774 0.000351376 0.000491531 0.000871776 0.00028733 6.82884e-05 0.000234223 0.000663032 -0.000238172 0.000539562 0.000367422 -2.06861e-05 -0.000299553 0.000119878 -0.000113062 -0.000403975 7.51293e-05 0.000688628 0.000761354 0.000642551 0.00118435 0.0013021
internal_weight=331952 319497 314324 12078 12455 302246 94003 208243 11568 142371 95223 65872 82435 47148 38089 57134 10901 43206 71534 42052 14091 27961 16800 11518 9279 41545 36151 31012 24327 19790
internal_count=331952 319497 314324 12078 12455 302246 94003 208243 11568 142371 95223 65872 82435 47148 38089 57134 10901 43206 71534 42052 14091 27961 16800 11518 9279 41545 36151 31012 24327 19790
is_linear=0
shrinkage=0.05


Tree=49
num_leaves=31
num_cat=0
split_feature=2 1 4 1 4 5 8 9 2 1 1 7 8 7 9 9 8 7 7 7 8 8 8 5 2 2 1 7 7 2
split_gain=65.7197 13.5463 7.92094 9.91006 7.34655 4.66587 2.96418 2.07752 1.99142 2.16628 1.87241 1.78141 1.3556 1.77338 1.64219 1.21958 1.44143 1.02128 1.75191 1.94892 1.4014 1.21813 0.977979 0.850314 0.796154 0.760173 1.14765 1.67461 2.45628 0.884603
threshold=7.5000000000000009 3.5000000000000004 0.36763814755456808 108.50000000000001 0.72354225804866756 12.500000000000002 1.3333872195000003 38.500000000000007 5.5000000000000009 38.500000000000007 37.500000000000007 1.0116805640000002 1.1535191605000004 1.0866460510000002 22.500000000000004 5.5000000000000009 0.96648837100000018 0.93549484700000007 1.0028781850000004 0.99019905000000008 1.0260839095000003 0.92706994300000012 1.5097159270000002 29.500000000000004 2.5000000000000004 1.0000000180025095e-35 83.500000000000014 1.0000053235000002 1.0640450860000004 4.5000000000000009
decision_type=2 2 8 2 10 2 2 2 2 2 2 2 2 2 2 2 2 2 2 2 2 2 2 2 2 2 2 2 2 2
left_child=1 -1 3 -3 -2 6 8 22 9 -4 -10 -9 15 14 -14 16 -11 24 19 20 21 -19 23 25 -17 -7 29 -28 -29 -27
right_child=4 2 5 -5 -6 7 -8 11 10 12 -12 -13 13 -15 -16 17 -18 18 -20 -21 -22 -23 -24 -25 -26 26 27 28 -30 -31
leaf_value=-0.0047930244747817277 -0.0019210207236059437 -0.002464747309942927 0.0021136516815133148 0.00035066798192661959 -0.0023460419401645002 0.0017863592695521416 0.0016230736881641722 0.0012514978019259587 -0.00032876369656724327 -0.0016957100196891587 -0.0018619482390981889 0.0032455313096691491 -0.00045155849653101435 0.0013847767394744635 -0.0019845759337421939 0.0017190458028226035 0.00053514633739505722 -0.00038549041353125806 0.0014399391470960451 -0.0023410881546342432 -0.0011256574070260307 0.0024114419074039114 0.0027442100564413967 0.0031536912676062897 0.00049155886146434573 0.0014721931081112963 -0.0011294291066775766 0.0027663604750482558 -0.00087111324315565302 0.00043456600660635571
leaf_weight=5263 5067 4516 12170 7555 7444 17735 18793 21869 10125 4522 4575 29008 9762 6191 5100 9996 5478 4645 12559 4615 4522 5041 9405 5176 7643 48283 9320 6284 6409 22998
leaf_count=5263 5067 4516 12170 7555 7444 17735 18793 21869 10125 4522 4575 29008 9762 6191 5100 9996 5478 4645 12559 4615 4522 5041 9405 5176 7643 48283 9320 6284 6409 22998
internal_value=0.000136784 0.000275986 0.000318128 -0.000937603 -0.00341743 0.000368297 0.000135536 0.000534118 3.37545e-05 0.000119893 -0.00050663 0.000803673 2.54125e-05 -0.000319 -0.000615121 0.000148282 -0.000354823 0.000250938 7.98102e-05 -0.000225329 6.47295e-05 0.000403983 0.00042491 0.000385186 0.000555288 0.00035595 0.000298878 -1.66908e-05 0.000356946 0.000396326
internal_weight=332069 319558 314295 12071 12511 302224 125737 176487 106944 92244 14700 50877 80074 21053 14862 59021 10000 49021 31382 18823 14208 9686 125610 116205 17639 111029 93294 22013 12693 71281
internal_count=332069 319558 314295 12071 12511 302224 125737 176487 106944 92244 14700 50877 80074 21053 14862 59021 10000 49021 31382 18823 14208 9686 125610 116205 17639 111029 93294 22013 12693 71281
is_linear=0
shrinkage=0.05


Tree=50
num_leaves=31
num_cat=0
split_feature=0 3 4 3 8 9 9 3 7 9 0 3 9 4 8 7 8 8 7 7 5 8 5 0 8 7 0 4 7 7
split_gain=42.9302 15.3432 23.1606 4.3881 4.15058 3.67397 2.08084 2.04583 1.58178 1.60662 1.41369 1.26924 1.21797 1.15991 1.00343 0.996557 0.985223 0.976992 1.31072 1.07233 0.881592 0.78609 0.772132 0.761669 0.890334 1.12124 0.839713 1.15216 2.55914 0.931758
threshold=117.50000000000001 -18.923556584999996 0.4142750846076762 7.2043208685000009 0.95085857150000008 12.500000000000002 5.5000000000000009 57.332769702000007 0.91047063400000006 32.500000000000007 101.50000000000001 -5.6146964444999989 38.500000000000007 0.72354225804866756 1.0216345210000002 1.1496716780000003 1.5192940695000001 1.4213440125000003 1.1707504705000003 1.1164245220000002 25.500000000000004 1.2992437430000001 10.500000000000002 24.500000000000004 1.0877557720000002 0.97754740050000011 97.500000000000014 0.91184646788642276 1.0320909540000003 1.0212551835000003
decision_type=2 2 10 2 2 2 2 2 2 2 2 2 2 10 2 2 2 2 2 2 2 2 2 2 2 2 2 10 2 2
left_child=1 2 -1 4 6 13 -3 15 -6 16 12 -8 14 -4 22 20 17 18 19 23 -5 -11 -7 24 25 -10 27 29 -29 -25
right_child=-2 3 5 7 8 10 11 -9 9 21 -12 -13 -14 -15 -16 -17 -18 -19 -20 -21 -22 -23 -24 26 -26 -27 -28 28 -30 -31
leaf_value=-0.0021342737894135106 -0.0044301650080781785 -0.0017247674000156065 -0.0014082462567188802 0.0013006763603221048 -0.00091770802453860893 2.2866931452752376e-05 -0.00051228854425481544 0.007696354392424512 0.0013968365260384789 0.0015185393572772236 -0.0013442413359533957 0.0010163049786919996 0.001387443583272218 -0.00081590483030103225 0.0010082618543117473 0.0032851407627983637 0.0020491639578236773 -0.00066314523628993919 -0.0016688537628636079 0.0023547528384226294 0.0026917319333359018 0.0033291336249204363 -0.0013643211752181325 0.00010712471589725485 0.0014953566946088348 -0.00052272633422440504 0.0027951857068410184 0.00074635155688044228 -0.0020221936593051433 0.0024756552513812112
leaf_weight=4750 4872 7275 7937 50308 5868 10165 19891 4789 4692 21547 8180 16641 8681 4558 9686 12263 9454 6535 4540 7893 13738 8661 7327 11773 20608 8044 4732 10684 7816 8313
leaf_count=4750 4872 7275 7937 50308 5868 10165 19891 4789 4692 21547 8180 16641 8681 4558 9686 12263 9454 6535 4540 7893 13738 8661 7327 11773 20608 8044 4732 10684 7816 8313
internal_value=0.000141478 0.00021085 -0.000502374 0.000375136 0.000240672 -0.000220467 -0.000184481 0.000681787 0.000372614 0.000407474 -5.73284e-06 -3.06538e-05 0.000129587 -0.000977 -3.51322e-05 0.000618792 0.000315066 0.0002669 0.000310185 0.00035463 0.000539648 0.000728825 -0.000261188 0.000297455 0.000477076 0.00014834 0.000159153 8.2014e-05 -0.000202648 0.000344184
internal_weight=332221 327349 61284 266065 184967 56534 43807 81098 141160 135292 44039 36532 35859 12495 27178 76309 105084 95630 89095 84555 64046 30208 17492 76662 33344 12736 43318 38586 18500 20086
internal_count=332221 327349 61284 266065 184967 56534 43807 81098 141160 135292 44039 36532 35859 12495 27178 76309 105084 95630 89095 84555 64046 30208 17492 76662 33344 12736 43318 38586 18500 20086
is_linear=0
shrinkage=0.05


Tree=51
num_leaves=31
num_cat=0
split_feature=2 0 4 4 2 8 5 8 7 9 0 2 2 0 8 8 2 4 3 7 7 7 9 8 8 7 7 8 7 5
split_gain=59.8849 14.2699 9.83047 7.33032 10.85 4.41813 3.28992 1.81518 1.60666 1.51862 1.51785 3.18589 2.22199 1.26781 1.23199 1.47977 1.42055 1.14092 1.08919 1.32769 0.973762 1.08641 1.55717 0.880461 0.861882 0.906607 0.8174 1.28537 0.814963 0.786016
threshold=7.5000000000000009 116.50000000000001 0.72354225804866756 0.50605770383338944 3.5000000000000004 0.92706994300000012 14.500000000000002 1.4435879295000003 0.89040702000000016 35.500000000000007 55.500000000000007 3.5000000000000004 4.5000000000000009 83.500000000000014 1.1535191605000004 1.2592987655000003 1.0000000180025095e-35 1.0122934044885177 -24.383765019999995 1.0000053235000002 0.91589081200000011 1.0769784025000002 38.500000000000007 1.2097847630000003 1.5097159270000002 0.95332521050000008 1.1496716780000003 1.3078657835000003 1.0222017195000002 8.5000000000000018
decision_type=2 2 10 8 2 2 2 2 2 2 2 2 2 2 2 2 2 10 2 2 2 2 2 2 2 2 2 2 2 2
left_child=1 3 -2 4 5 -1 7 10 -8 24 11 14 13 20 29 28 -17 -9 -14 -20 -12 22 -22 -11 25 -10 27 -27 -16 -5
right_child=2 -3 -4 6 -6 -7 8 17 9 23 12 -13 18 -15 15 16 -18 -19 19 -21 21 -23 -24 -25 -26 26 -28 -29 -30 -31
leaf_value=-0.0014157315825469826 -0.0018526361980975702 -0.0045944848777418777 -0.002329743091519882 -4.6902926040407245e-05 -0.0024754252296379804 0.00095932980469807172 -0.00035593216048439882 0.0011147048013115605 0.0024091733018898323 0.0016584810503298194 0.0021619857256226596 -0.001894535858872961 0.00075951995931900927 0.002856990941114712 -0.0011647076572859742 0.0026447093062021659 -0.00049027627280380894 0.00252701571416678 -0.00155064198182499 0.00070611155064052888 0.00096583635434644452 0.0021726989333142937 -0.0010993197543353586 0.0031632385956148722 0.002676245412665946 0.0010052380469754774 0.0030804176545530986 -0.00057954135969910138 -0.0011259811104412547 0.0012528360761553019
leaf_weight=5501 5105 5311 7456 15353 5000 14794 7092 7978 11215 27623 4612 5802 12697 9965 4680 5200 7642 4537 8312 7635 12504 4514 4875 21428 6881 51822 6989 8504 6503 24539
leaf_count=5501 5105 5311 7456 15353 5000 14794 7092 7978 11215 27623 4612 5802 12697 9965 4680 5200 7642 4537 8312 7635 12504 4514 4875 21428 6881 51822 6989 8504 6503 24539
internal_value=0.000127148 0.000260302 -0.00325859 0.000303762 -0.000512352 1.84736e-06 0.000375225 0.000209836 0.000547369 0.000586055 0.000156354 -5.7727e-06 0.000329934 0.000588759 9.60937e-05 -0.000186746 0.000179419 0.000785743 3.49118e-07 -0.00027473 0.000407865 0.000268632 8.90187e-05 0.000807801 0.000458667 0.0004116 0.000342209 0.000282856 -0.000607124 0.000266436
internal_weight=332069 319508 12561 314197 25295 20295 288902 147348 141554 134462 134833 69719 65114 36470 63917 24025 12842 12515 28644 15947 26505 21893 17379 49051 85411 78530 67315 60326 11183 39892
internal_count=332069 319508 12561 314197 25295 20295 288902 147348 141554 134462 134833 69719 65114 36470 63917 24025 12842 12515 28644 15947 26505 21893 17379 49051 85411 78530 67315 60326 11183 39892
is_linear=0
shrinkage=0.05


Tree=52
num_leaves=31
num_cat=0
split_feature=0 3 6 4 5 8 4 8 9 0 9 7 5 7 0 6 7 7 7 7 8 7 4 7 7 7 8 8 0 4
split_gain=32.9409 13.5871 6.88933 5.69177 5.55476 3.46527 3.58346 2.41037 1.88668 1.68206 1.27165 1.25688 1.22908 1.11424 1.02914 1.05345 0.990795 1.6144 0.973111 0.921491 2.3803 1.00049 0.899129 0.851579 0.804773 2.81125 1.56012 1.72234 0.796276 1.36712
threshold=117.50000000000001 -35.52671379249999 2.5000000000000004 0.97157314642954262 5.5000000000000009 0.89565229550000003 0.53239370807584052 1.3333872195000003 32.500000000000007 59.500000000000007 41.500000000000007 1.1585803860000001 24.500000000000004 0.91220460200000009 63.500000000000007 1.0000000180025095e-35 0.9726132500000001 0.91977347650000008 0.95226128050000014 1.0183233475000002 1.0877557720000002 0.95813489450000011 1.1723427985227428 1.0681136895000003 0.9911600195000001 1.0000053235000002 1.0396849785000002 1.1912749420000002 64.500000000000014 0.61116393523125501
decision_type=2 2 2 10 2 2 10 2 2 2 2 2 2 2 2 2 2 2 2 2 2 2 10 2 2 2 2 2 2 10
left_child=1 4 3 5 -1 6 -3 12 18 11 13 22 14 -7 15 19 17 -8 -6 20 21 -5 -9 -21 26 -26 28 -28 29 -15
right_child=-2 2 -4 7 8 10 16 9 -10 -11 -12 -13 -14 24 -16 -17 -18 -19 -20 23 -22 -23 -24 -25 25 -27 27 -29 -30 -31
leaf_value=-0.0015809223274183906 -0.003893272019920404 -0.0016413677732677913 -0.0023967569882816409 0.0019926985891408895 -0.00068979707093921861 -0.00061565669617373543 0.00014117748141885238 0.0017128517876764766 0.00035021615594100456 0.0040952377897583219 0.0015633524749969936 0.003127113729346652 0.002241403666850654 0.00034473173402410748 0.0016668298121626096 -0.00037329550036433248 0.0011021785804665705 -0.0015709897685471643 -0.0015219845711908079 0.0030570882079637043 -0.0011136688625585577 -2.0836476339254196e-05 -0.00049064139189174962 0.0010849181857600083 -0.0015243298264434621 0.0005303261531135801 -0.00058710247850310849 0.0015806463101865971 0.00071473078927028217 0.0030779554131658998
leaf_weight=4544 4847 5338 5657 5474 5096 8627 12313 5479 4954 14608 15296 8241 20367 4521 42428 16140 5851 7673 5827 6365 4639 4970 5614 7340 8641 63089 9405 4566 6276 7860
leaf_count=4544 4847 5338 5657 5474 5096 8627 12313 5479 4954 14608 15296 8241 20367 4521 42428 16140 5851 7673 5827 6365 4639 4970 5614 7340 8641 63089 9405 4566 6276 7860
internal_value=0.000125779 0.00018642 0.000269555 0.000302041 -0.00106225 9.71398e-05 -0.000375641 0.000532664 -0.000620671 0.00090008 0.000212046 0.000593878 0.00041686 0.000154107 0.000335276 0.000168473 -0.000131859 -0.000299385 -0.000987601 0.000349738 8.00306e-05 0.000498612 0.000246216 0.000646426 0.000199257 0.000105597 0.000405111 5.54529e-06 0.000704239 0.000936743
internal_weight=332046 327199 306778 301121 20421 159456 31175 141665 15877 33942 128281 19334 107723 112985 87356 44928 25837 19986 10923 28788 15083 10444 11093 13705 104358 71730 32628 13971 18657 12381
internal_count=332046 327199 306778 301121 20421 159456 31175 141665 15877 33942 128281 19334 107723 112985 87356 44928 25837 19986 10923 28788 15083 10444 11093 13705 104358 71730 32628 13971 18657 12381
is_linear=0
shrinkage=0.05


Tree=53
num_leaves=31
num_cat=0
split_feature=2 0 0 3 7 8 2 0 8 8 0 7 7 0 8 8 8 3 8 8 2 0 3 0 7 7 7 8 7 7
split_gain=46.5664 13.7333 6.68807 4.89117 3.58373 2.65563 2.30982 7.34203 2.12096 2.13903 1.36154 1.38624 1.31944 2.35642 1.60059 1.36888 1.70349 1.25223 1.1995 1.26122 1.59468 1.19742 1.28771 1.17891 1.02596 0.937367 1.03697 0.969872 0.926488 1.36099
threshold=7.5000000000000009 116.50000000000001 104.50000000000001 0.29735149000000005 0.83895903800000016 1.3938727930000001 4.5000000000000009 68.500000000000014 0.80377605800000007 0.85802784950000011 41.500000000000007 1.1585803860000001 0.91047063400000006 43.500000000000007 0.89565229550000003 0.99996303200000003 1.0052361115000001 46.633597832000007 1.0663997850000002 1.0877557720000002 1.5000000000000002 98.500000000000014 -13.432584267999998 62.500000000000007 0.99019905000000008 1.0485333710000002 0.98009628400000015 1.2463057665000001 1.1303612510000003 1.1707504705000003
decision_type=2 2 2 2 2 2 2 2 2 2 2 2 2 2 2 2 2 2 2 2 2 2 2 2 2 2 2 2 2 2
left_child=1 3 -2 4 -1 17 8 -8 -6 -10 11 -7 13 -11 -14 24 -17 28 -18 -20 25 22 -9 -22 -16 26 -21 -27 -5 -30
right_child=2 -3 -4 5 6 10 7 21 9 12 -12 -13 14 -15 15 16 18 -19 19 20 23 -23 -24 -25 -26 27 -28 -29 29 -31
leaf_value=-0.0012946060848557344 -0.0020157608514295555 -0.0041672442177116114 -0.0016182277258672958 0.00087777476643895668 -0.0009444980964051008 -0.00011525790595434973 -0.0021071647216236561 0.00023876469637920417 0.0025010049737567703 -0.0016101058610329989 0.0032636879725776026 0.0036564992993044394 -0.0013180503146410379 0.0010004340834697239 0.0020939352496857403 -0.0016008368503170958 0.0018546928655523032 0.005227958290847802 -0.00077875757952508985 0.00043376419020959428 -0.00034676299147161431 0.0014742791942075201 -0.0023631614348587925 0.0012701847253204944 0.00059631348512791007 -0.00075212511336099244 0.0026962433270576228 0.0015865211591968497 0.003645245878406408 0.00048130782112744956
leaf_weight=8490 4553 5277 7972 86385 5126 4684 6215 15023 6794 5608 14176 4867 4512 5201 13396 4564 13320 5986 4731 4533 21366 14173 4742 15086 6758 4801 9571 13497 6169 4719
leaf_count=8490 4553 5277 7972 86385 5126 4684 6215 15023 6794 5608 14176 4867 4512 5201 13396 4564 13320 5986 4731 4533 21366 14173 4742 15086 6758 4801 9571 13497 6169 4719
internal_value=0.00013794 0.000255101 -0.00285215 0.000297562 0.000135285 0.000537164 0.000182897 -0.000151091 0.000279472 0.000317736 0.00101414 0.000552271 0.000271448 -0.000256843 0.000320626 0.000357952 0.000275734 0.000427521 0.000325193 0.000246127 0.000300397 0.00013832 -0.000113176 7.35113e-05 0.000730939 0.00055559 0.000861861 0.000319347 0.000384285 0.000818875
internal_weight=332295 319770 12525 314493 187507 126986 179017 40153 138864 133738 23727 9551 126944 10809 116135 111623 91469 103259 86905 73585 68854 33938 19765 36452 20154 32402 14104 18298 97273 10888
internal_count=332295 319770 12525 314493 187507 126986 179017 40153 138864 133738 23727 9551 126944 10809 116135 111623 91469 103259 86905 73585 68854 33938 19765 36452 20154 32402 14104 18298 97273 10888
is_linear=0
shrinkage=0.05


Tree=54
num_leaves=31
num_cat=0
split_feature=2 0 4 4 2 4 7 2 0 0 2 8 7 0 2 3 8 7 8 7 0 5 7 8 8 7 7 7 4 7
split_gain=40.1424 12.1559 9.2212 5.41583 7.70838 3.59421 2.57401 2.0592 5.66346 1.7307 5.1818 1.59692 1.48287 1.44816 1.44631 1.26808 1.49154 1.4964 1.59537 1.19795 1.11525 1.11085 1.77699 1.5854 1.50457 1.06319 0.959749 1.52053 2.31589 1.29027
threshold=7.5000000000000009 116.50000000000001 0.72354225804866756 0.36763814755456808 1.0000000180025095e-35 0.97426748322205581 1.1229187270000003 4.5000000000000009 70.500000000000014 62.500000000000007 2.5000000000000004 0.9915069485000001 0.96905717250000001 45.500000000000007 3.5000000000000004 -28.488638238999993 0.80377605800000007 0.91047063400000006 0.91760223650000017 0.93549484700000007 95.500000000000014 14.500000000000002 0.9543694155000001 0.93834529050000015 1.0663997850000002 1.0018835860000002 1.1125821150000001 1.0394500700000002 0.71193700132673154 1.1659978160000002
decision_type=2 2 10 8 2 10 2 2 2 2 2 2 2 2 2 2 2 2 2 2 2 2 2 2 2 2 2 2 8 2
left_child=1 3 -2 4 -1 7 9 15 -9 10 -7 12 20 -8 -11 -5 -17 18 -18 -19 -10 22 -21 -24 25 -25 27 -26 -29 -28
right_child=2 -3 -4 5 -6 6 13 8 11 14 -12 -13 -14 -15 -16 16 17 19 -20 21 -22 -23 23 24 26 -27 29 28 -30 -31
leaf_value=0.0010128341142276122 -0.0015316122430606631 -0.0037080757646326987 -0.0020377219085225906 0.0016464059211883304 -0.0021302875587726404 0.0008384996310065178 0.0015789556191683097 -0.0020283961192831064 -0.0009909949713028986 0.0022853863331389352 -0.0028696456670320005 -0.0008976611324868583 0.0023137988213169209 0.0037884276523909022 0.0010728653105222031 -0.00093628390805189582 0.00081675818423614013 0.0020642051689511794 -0.0011755912646335695 -0.0010675297994355536 0.0013509923490198548 0.0013965555825508958 -0.0013349026458517781 0.0011919910331963325 0.00056872608888025318 0.0037787244243591839 0.0024199595705282112 -0.0015234841697654633 0.00013268562333975436 -1.0675731165878716e-05
leaf_weight=6251 5095 5254 7478 9474 5823 48552 12638 6897 5380 29160 5779 12144 8890 17027 26474 6107 5566 7689 6627 5457 5681 23765 5011 7922 15932 5265 5693 4553 9138 5080
leaf_count=6251 5095 5254 7478 9474 5823 48552 12638 6897 5380 29160 5779 12144 8890 17027 26474 6107 5566 7689 6627 5457 5681 23765 5011 7922 15932 5265 5693 4553 9138 5080
internal_value=0.000113786 0.000222948 -0.00265682 0.000262875 -0.000775312 0.000304408 0.000490386 0.000144368 -0.000172321 0.000378853 0.000178105 0.000107087 0.000382216 0.000903691 0.000574867 0.000244537 0.000198247 0.000241358 -0.000280169 0.000307952 -4.29236e-06 0.00025552 0.000147176 0.000227564 0.000307112 0.000770732 0.000155689 8.69117e-06 -0.000377665 0.000559705
internal_weight=331802 319229 12573 313975 12074 301901 139630 162271 38992 109965 54331 32095 19951 29665 55634 123279 113805 107698 12193 95505 11061 87816 64051 58594 53583 13187 40396 29623 13691 10773
internal_count=331802 319229 12573 313975 12074 301901 139630 162271 38992 109965 54331 32095 19951 29665 55634 123279 113805 107698 12193 95505 11061 87816 64051 58594 53583 13187 40396 29623 13691 10773
is_linear=0
shrinkage=0.05


Tree=55
num_leaves=31
num_cat=0
split_feature=2 4 2 4 7 8 9 7 8 8 8 2 9 7 3 7 7 8 7 8 7 8 7 4 7 7 2 5 7 5
split_gain=33.5929 8.08247 5.79548 7.54246 2.48416 2.36777 1.72869 1.88996 1.5797 1.85515 3.60365 1.35626 1.25129 1.00368 1.19957 0.99826 1.33764 1.26415 1.17945 1.66826 1.51073 1.93619 0.994244 0.988132 0.981073 1.59167 1.45323 0.862 0.849609 1.08608
threshold=7.5000000000000009 0.72354225804866756 3.5000000000000004 0.50605770383338944 0.86803575000000011 1.4435879295000003 32.500000000000007 1.1201095380000001 0.8135863965000002 0.85802784950000011 0.88734975450000009 6.5000000000000009 9.5000000000000018 1.0413678250000002 -13.196754723499998 1.1842334040000002 1.1393784770000002 1.3288227880000003 1.0000053235000002 0.94232026850000017 1.0107513135000004 1.0169589225000002 1.0769784025000002 1.1105540971279948 1.0584166585000003 1.0866460510000002 1.0000000180025095e-35 4.5000000000000009 1.0681136895000003 12.500000000000002
decision_type=2 10 2 10 2 2 2 2 2 2 2 2 2 2 2 2 2 2 2 2 2 2 2 8 2 2 2 2 2 2
left_child=2 -2 5 -4 -5 6 8 -8 -1 -10 -11 12 -6 14 -14 16 17 18 19 -12 -20 -22 -19 27 26 -26 -23 -21 -15 -30
right_child=1 -3 3 4 11 -7 7 -9 9 10 15 -13 13 28 -16 -17 -18 22 20 23 21 24 -24 -25 25 -27 -28 -29 29 -31
leaf_value=-0.00072006118121492038 -0.0014601780974408034 -0.0019886985994915255 -0.0019468142253396899 -0.002172074701216838 -0.00072014647657695017 0.0019228903885532998 0.001042364856013534 0.0039340445458737666 0.0024334570201103561 -0.0025241780847039558 0.0018238566355065482 -0.0016196152072566411 0.00084707419640342647 0.0028747151129626339 -0.00052708166652099138 -0.0010937816116552809 0.0037383539575476937 0.00034422841846031704 0.0025145833063045619 -0.00093487653242620172 -0.0014343473959767183 2.3243554861039501e-05 -0.0017016739337994088 -0.0008256478329306667 -0.00049914531341180843 0.0021298847542421074 0.0028858751747163304 0.00056531664446782444 0.0026297488522428907 0.00018551415675549822
leaf_weight=7999 5089 7415 5021 4872 12881 28267 50858 6497 5890 4748 8529 11140 21181 7066 21604 5022 5770 5469 5895 4699 5614 4567 4967 7972 8229 9609 13491 25471 4870 11421
leaf_count=7999 5089 7415 5021 4872 12881 28267 50858 6497 5890 4748 8529 11140 21181 7066 21604 5022 5770 5469 5895 4699 5614 4567 4967 7972 8229 9609 13491 25471 4870 11421
internal_value=0.000124372 -0.00241746 0.000223849 -9.15441e-05 8.28605e-06 0.000367574 0.000304442 0.000534127 0.000206072 0.000249351 0.000206818 6.77347e-05 0.000140552 0.000228355 8.4424e-05 0.000262425 0.000293824 0.000252878 0.000310796 0.000132349 0.000486448 0.000379983 -0.000269131 -9.0439e-06 0.000515027 0.00025192 0.000774788 0.00012179 0.000491931 0.00029317
internal_weight=332123 12504 319619 100056 95035 219563 191296 57355 133941 125942 120052 90163 79023 66142 42785 115304 110282 104512 94076 46671 47405 41510 10436 38142 35896 17838 18058 30170 23357 16291
internal_count=332123 12504 319619 100056 95035 219563 191296 57355 133941 125942 120052 90163 79023 66142 42785 115304 110282 104512 94076 46671 47405 41510 10436 38142 35896 17838 18058 30170 23357 16291
is_linear=0
shrinkage=0.05


Tree=56
num_leaves=31
num_cat=0
split_feature=2 0 4 4 8 8 7 3 5 7 7 7 2 5 2 0 3 2 3 0 0 2 7 8 8 0 7 7 7 7
split_gain=31.9833 10.3361 7.58925 5.51086 7.62147 2.53923 2.24683 2.79821 2.08743 1.95254 2.68603 1.74683 1.44755 1.11446 1.02262 2.03073 1.6973 0.843501 2.18111 0.800979 0.795309 1.19367 2.79238 0.835984 1.01056 1.2213 1.19195 1.14335 1.17676 1.23356
threshold=7.5000000000000009 116.50000000000001 0.72354225804866756 0.53239370807584052 0.87106510550000016 1.3333872195000003 1.0164539485000004 1.4494967760000002 13.500000000000002 1.0271803480000001 0.96428644550000009 0.89040702000000016 1.5000000000000002 4.5000000000000009 5.5000000000000009 84.500000000000014 -19.952743553999998 3.5000000000000004 -11.796539283499998 65.500000000000014 33.500000000000007 1.0000000180025095e-35 1.0000053235000002 0.99361192700000012 1.0586509240000002 101.50000000000001 0.98203505650000011 1.1229187270000003 1.0654558240000001 1.0126016745000002
decision_type=2 2 10 10 2 2 2 2 2 2 2 2 2 2 2 2 2 2 2 2 2 2 2 2 2 2 2 2 2 2
left_child=1 3 -2 4 -1 8 -7 12 13 10 -6 -10 -8 -5 15 17 -16 -15 19 -19 21 -13 -23 -22 26 27 -25 28 29 -26
right_child=2 -3 -4 5 9 6 7 -9 11 -11 -12 20 -14 14 16 -17 -18 18 -20 -21 23 22 -24 24 25 -27 -28 -29 -30 -31
leaf_value=-0.0014871815264189874 -0.0014659558576196568 -0.003352746033448139 -0.0019402583925390315 -0.00079121858777378689 0.00058637172834876295 0.0038154611909560058 0.0015860064416305831 0.0023069939285704009 -0.00057193364609441186 0.0015622107466205931 -0.0019836169023428022 0.0013440482780227199 -0.00066603269291789797 0.0004598543957209818 0.00038087079209274204 0.0023173877001055206 -0.002076444297376264 -0.00042508047544356797 -0.0021093653824218591 0.0013714480636495946 0.0021739541037849117 -0.0018494343973800339 0.0010992598433034256 0.0013694428690349909 0.00063293698441505518 -0.00021558173854849163 -0.00069813805720486829 0.0040758918567513035 8.2139815425019371e-05 0.00304240778073588
leaf_weight=6912 5057 5346 7396 6905 7573 4591 9270 27394 8174 9572 7910 11415 10142 57036 7855 12194 5689 4623 5310 5222 30789 5527 7751 4679 11995 7950 10484 5814 9306 12243
leaf_count=6912 5057 5346 7396 6905 7573 4591 9270 27394 8174 9572 7910 11415 10142 57036 7855 12194 5689 4623 5310 5222 30789 5527 7751 4679 11995 7950 10484 5814 9306 12243
internal_value=0.000104056 0.000200914 -0.0023814 0.000238006 -0.000384164 0.000308451 0.000626289 0.000522634 0.000237708 2.14486e-05 -0.000325575 0.000374746 6.33466e-05 7.2826e-05 0.000116124 0.000180857 -0.000287106 8.00253e-05 -0.000251484 0.000189086 0.000423731 0.00017137 -0.000150945 0.000490538 0.000385388 0.000499229 3.01622e-05 0.000613393 0.000501058 0.000684528
internal_weight=332124 319671 12453 314325 31967 282358 51397 46806 230961 25055 15483 126127 19412 104834 97929 84385 13544 72191 15155 9845 117953 24693 13278 93260 62471 47308 15163 39358 33544 24238
internal_count=332124 319671 12453 314325 31967 282358 51397 46806 230961 25055 15483 126127 19412 104834 97929 84385 13544 72191 15155 9845 117953 24693 13278 93260 62471 47308 15163 39358 33544 24238
is_linear=0
shrinkage=0.05


Tree=57
num_leaves=31
num_cat=0
split_feature=0 3 6 4 8 0 8 4 7 0 7 9 7 9 3 0 7 7 7 3 7 0 7 0 4 4 7 3 9 7
split_gain=17.6772 8.60447 5.04887 4.2089 2.51044 2.74876 2.1338 1.89827 1.44099 1.59493 2.22489 1.43849 1.42619 1.39136 1.26409 1.19553 1.15265 1.87683 0.956931 1.56747 1.45616 1.12118 2.78415 1.0848 1.16862 0.942824 0.916792 1.43798 0.819286 0.789839
threshold=117.50000000000001 -41.640154907499998 2.5000000000000004 0.96866832947603576 0.80894011650000008 84.500000000000014 1.2957820940000002 0.51481931355890931 1.0984745745000002 81.500000000000014 1.0692156960000003 37.500000000000007 1.1439495680000002 44.500000000000007 35.269646639500003 108.50000000000001 1.1325404125000003 1.0731915865000003 0.95332521050000008 7.4488068425000007 1.0028781850000004 43.500000000000007 1.0329430635000001 59.500000000000007 1.1289813850102288 1.1329029306833049 0.94443998950000008 4.7579822045000002 15.500000000000002 1.0271803480000001
decision_type=2 2 2 10 2 2 2 10 2 2 2 2 2 2 2 2 2 2 2 2 2 2 2 2 10 10 2 2 2 2
left_child=1 7 3 4 5 28 8 -1 9 10 18 16 -10 15 26 29 17 -8 19 -5 23 -22 -23 24 -20 -13 -11 -28 -3 -6
right_child=-2 2 -4 6 13 -7 11 -9 12 14 -12 25 -14 -15 -16 -17 -18 -19 20 -21 21 22 -24 -25 -26 -27 27 -29 -30 -31
leaf_value=-0.0010892883841126604 -0.0033100120651271508 -0.0012868037226515122 -0.0017981905858505069 0.00035993282440112005 3.7782831456723629e-06 0.00096695495286382941 0.0018153353667431918 -0.00089265861404031583 0.0034857518254262677 -0.00072102528502716054 -0.0023103056470981519 0.0046652959585348208 0.00082370592241602517 0.0015550043129536478 0.0048979381762305806 -0.0011828241400791851 0.0022674790566859257 -0.0013512040960373996 -4.2620403194607091e-05 0.0028774761110111763 0.0019074636825277649 0.002120941790452861 -0.0019038375408192022 0.00086803132621349243 -0.0018663062773840288 0.0024310165012403663 0.0033777709129727907 0.00074739478635046659 -0.00094593231953860274 0.00065667792160767281
leaf_weight=5042 4825 4519 5931 8826 82508 4647 6915 7544 8761 5220 5996 5402 5786 13698 6301 4840 13342 6931 5117 4663 9791 4885 4986 4762 5997 8317 6244 15129 4851 50291
leaf_count=5042 4825 4519 5931 8826 82508 4647 6915 7544 8761 5220 5996 5402 5786 13698 6301 4840 13342 6931 5117 4663 9791 4885 4986 4762 5997 8317 6244 15129 4851 50291
internal_value=0.000106807 0.000151124 0.000202408 0.000230177 5.82672e-05 -0.000581764 0.000428436 -0.00113057 0.000306532 0.000230233 6.55576e-05 0.000733709 0.00076742 0.000117565 0.000505639 6.9727e-05 0.000522929 0.000203234 0.000176772 0.000535238 4.0655e-05 0.000328215 -4.78432e-05 -0.000315471 -0.000585934 0.00115109 0.000354632 0.000499696 -0.00107467 9.78699e-05
internal_weight=332067 327242 314656 308725 165354 14017 143371 12586 102464 87917 55023 40907 14547 151337 32894 137639 27188 13846 49027 13489 35538 19662 9871 15876 11114 13719 26593 21373 9370 132799
internal_count=332067 327242 314656 308725 165354 14017 143371 12586 102464 87917 55023 40907 14547 151337 32894 137639 27188 13846 49027 13489 35538 19662 9871 15876 11114 13719 26593 21373 9370 132799
is_linear=0
shrinkage=0.05


Tree=58
num_leaves=31
num_cat=0
split_feature=2 0 4 4 2 3 8 2 0 0 2 3 3 2 7 7 0 7 7 8 8 8 8 8 7 7 9 9 2 8
split_gain=26.3936 11.3904 7.10115 4.24593 6.95153 2.74768 1.96698 1.80183 3.68855 2.02154 2.28889 2.96332 1.41652 1.17344 1.8972 1.87168 1.22076 2.10893 1.80619 1.41133 1.24612 1.38226 1.08759 2.2551 1.34364 1.0702 1.01121 1.00735 1.30871 1.80896
threshold=7.5000000000000009 116.50000000000001 0.72354225804866756 0.36763814755456808 1.0000000180025095e-35 15.442479321500002 1.7298127505000003 5.5000000000000009 80.500000000000014 69.500000000000014 3.5000000000000004 -9.1210145509999982 57.332769702000007 1.0000000180025095e-35 0.86446267950000011 0.91047063400000006 39.500000000000007 0.98477545750000017 1.0485333710000002 0.93401700600000004 0.90801627700000009 1.0396849785000002 1.2428557500000001 1.1318326185000003 1.1325404125000003 1.1249927920000002 19.500000000000004 24.500000000000004 2.5000000000000004 1.1640513860000004
decision_type=2 2 10 8 2 2 2 2 2 2 2 2 2 2 2 2 2 2 2 2 2 2 2 2 2 2 2 2 2 2
left_child=1 3 -2 4 -1 6 7 9 -9 10 13 -12 -7 15 -15 -5 17 20 -19 -18 -16 -22 23 -17 -24 -21 -20 -11 -29 -30
right_child=2 -3 -4 5 -6 12 -8 8 -10 27 11 -13 -14 14 16 22 19 18 26 25 21 -23 24 -25 -26 -27 -28 28 29 -31
leaf_value=0.00082003373812996813 -0.001368727143711404 -0.0032327658498739415 -0.0016615142339758459 -0.00085610759038480262 -0.0018773621593329856 0.001611041242995048 0.0030153671928854061 -0.0018402642628016842 0.00025104324819608662 0.0021205892794544175 -9.7494075233927354e-07 -0.0032470151249729567 0.0056948449693349622 0.0019284157916259214 -0.0029844258889591998 0.0014236503969051486 0.0019388462907371801 0.0013142818548021328 -6.5063993752228036e-06 2.9493079610932684e-05 0.0006427701225565325 -0.0011949522285164957 0.0011114154961794516 -0.00099639030956588052 0.0048338103041865674 0.0016544954179578816 -0.0020872193030002381 0.0019371121968067577 -0.00017027381226384714 0.0020799439361722303
leaf_weight=6255 5056 5248 7415 5161 5847 43381 4704 5120 20946 20538 11549 4609 4575 5735 4529 17977 6188 14567 12027 34290 6025 5813 9255 7455 6604 5440 4690 9300 21826 9867
leaf_count=6255 5056 5248 7415 5161 5847 43381 4704 5120 20946 20538 11549 4609 4575 5735 4529 17977 6188 14567 12027 34290 6025 5813 9255 7455 6604 5440 4690 9300 21826 9867
internal_value=0.0001022 0.00019029 -0.00215394 0.000228882 -0.000689271 0.000265665 0.000200171 0.000181061 -0.000212305 0.000226952 0.000134234 -0.000430304 0.00061279 0.000196829 9.97896e-05 0.000404245 4.56591e-05 -0.00013162 0.000108984 0.000229624 -0.000591406 -0.000321287 0.000516454 0.000313716 0.00084137 0.000120171 -0.000245634 0.000470903 0.000327638 0.000174538
internal_weight=331992 319521 12471 314273 12102 302171 254215 249511 26066 223445 161914 16158 47956 145756 99304 46452 93569 47651 31284 45918 16367 11838 41291 25432 15859 39730 16717 61531 40993 31693
internal_count=331992 319521 12471 314273 12102 302171 254215 249511 26066 223445 161914 16158 47956 145756 99304 46452 93569 47651 31284 45918 16367 11838 41291 25432 15859 39730 16717 61531 40993 31693
is_linear=0
shrinkage=0.05


Tree=59
num_leaves=31
num_cat=0
split_feature=0 3 5 5 9 8 8 5 3 0 3 9 7 0 3 7 7 8 7 8 7 7 7 3 7 7 8 7 7 7
split_gain=15.3955 8.32811 4.64373 2.69143 2.28259 1.68506 1.40648 1.46038 1.3144 1.17568 1.45578 1.08614 1.04381 1.52717 2.28346 0.792468 2.21575 2.65302 2.16894 1.71835 1.34092 1.30684 0.930126 1.89048 1.18102 1.06756 1.34697 1.71092 3.67276 0.98146
threshold=117.50000000000001 -18.923556584999996 4.5000000000000009 21.500000000000004 11.500000000000002 1.7298127505000003 0.95800982700000004 5.5000000000000009 38.286769956500009 96.500000000000014 -35.52671379249999 55.500000000000007 1.0172596405000001 103.50000000000001 5.370655299500001 0.98477545750000017 0.97631804550000012 1.0519316795000002 0.99217032650000003 0.99601396100000017 1.0038369515000001 0.9543694155000001 1.1659978160000002 -2.2268648309999999 1.2192672570000003 1.1325404125000003 1.3109496115000001 1.0951090540000001 1.0539681675000001 1.0329430635000001
decision_type=2 2 2 2 2 2 2 2 2 2 2 2 2 2 2 2 2 2 2 2 2 2 2 2 2 2 2 2 2 2
left_child=1 2 -1 5 -4 6 7 -3 -5 -6 -11 15 13 14 -9 16 17 19 -17 -8 -20 -19 25 -24 -25 26 29 28 -28 -22
right_child=-2 3 4 8 9 -7 11 12 -10 10 -12 -13 -14 -15 -16 18 -18 21 20 -21 22 -23 23 24 -26 -27 27 -29 -30 -31
leaf_value=-0.0012540731363308057 -0.002916317772756593 -0.001080925442278263 -0.00085035874132381923 0.0013702901497649486 0.00013623393291955645 0.0028447796039174056 0.00011973979344844822 0.00013493225606472193 0.0046203216962854244 -0.0014372035427074967 3.7872401954973449e-05 0.0025283161011826895 -0.0014113401454353657 -0.0017448954037630018 0.0038018411305129952 0.0030174140295293949 -0.0014702421250079832 -0.00089044478358521874 -0.00049691172033830609 0.0022739594969039055 0.001859298742121338 0.00045749289597068636 -0.0018237571513237351 -0.00071673335176597236 0.0028570471990336521 0.0021358588077507335 -0.0014690605579251272 -0.0011941497355752899 0.0021419770617028115 0.00073921525479109891
leaf_weight=6360 4815 6961 9970 41973 33284 4808 6226 27589 8702 5348 6219 6138 4958 5682 5805 4876 4915 8938 12138 7361 18836 6377 4541 5967 4521 9848 5726 7150 7152 38896
leaf_count=6360 4815 6961 9970 41973 33284 4808 6226 27589 8702 5348 6219 6138 4958 5682 5805 4876 4915 8938 12138 7361 18836 6377 4541 5967 4521 9848 5726 7150 7152 38896
internal_value=0.000105545 0.000146859 -0.000379131 0.000267805 -0.000230684 0.000190668 0.000169523 -5.90686e-05 0.000595649 -7.8529e-05 -0.00051266 0.000242559 4.73445e-05 0.000134081 0.000263032 0.000216455 2.73497e-06 0.000169682 0.000276856 0.000678156 0.000232946 -0.000281495 0.000291718 -7.16708e-05 0.000297341 0.000354057 0.000291905 -6.13986e-05 0.000282931 0.000414466
internal_weight=332080 327265 61181 266084 54821 215409 210601 50995 50675 44851 11567 159606 44034 39076 33394 153468 33817 28902 119651 13587 114775 15315 102637 15029 10488 87608 77760 20028 12878 57732
internal_count=332080 327265 61181 266084 54821 215409 210601 50995 50675 44851 11567 159606 44034 39076 33394 153468 33817 28902 119651 13587 114775 15315 102637 15029 10488 87608 77760 20028 12878 57732
is_linear=0
shrinkage=0.05


Tree=60
num_leaves=31
num_cat=0
split_feature=0 3 4 3 9 8 6 8 9 3 8 0 0 5 0 8 8 8 8 8 8 0 3 9 8 8 3 8 4 3
split_gain=14.143 7.60766 12.1817 2.50656 2.16484 1.84134 1.2207 1.62629 1.13107 1.12419 0.869438 0.817001 0.805818 0.947061 0.768139 1.17964 1.2695 0.98636 1.18701 1.14429 1.14428 0.81783 0.774104 0.718624 0.738296 0.927967 0.589695 0.634446 1.2163 1.01711
threshold=117.50000000000001 -18.923556584999996 0.4142750846076762 15.442479321500002 12.500000000000002 1.2992437430000001 1.5000000000000002 0.96036754150000014 39.500000000000007 57.332769702000007 1.0586509240000002 107.50000000000001 101.50000000000001 20.500000000000004 56.500000000000007 0.80377605800000007 0.85802784950000011 0.89296422700000011 1.2237114120000003 1.1751955955000002 1.1318326185000003 26.500000000000004 5.7997795095000013 39.500000000000007 1.1100206280000002 0.9749352160000001 -9.9067643604999969 1.4213440125000003 1.1895740362512177 1.4494967760000002
decision_type=2 2 10 2 2 2 2 2 2 2 2 2 2 2 2 2 2 2 2 2 2 2 2 2 2 2 2 2 8 2
left_child=1 2 -1 5 -4 6 14 -8 26 12 -9 23 -5 -14 15 -3 -17 -18 19 20 22 -20 -19 24 25 -6 -7 -28 29 -29
right_child=-2 3 4 9 11 8 7 10 -10 -11 -12 -13 13 -15 -16 16 17 18 21 -21 -22 -23 -24 -25 -26 -27 27 28 -30 -31
leaf_value=-0.0015179222226509479 -0.0027092830734450277 -0.00091341681399241005 -0.00075623393804360268 0.001828302758351922 0.00013196899888647432 -0.00015228625452054704 -0.0016909814055711934 0.0016332188164832812 0.0021980602471292701 0.0050701084519415461 -0.0005305144757355981 -0.001258324520451786 -0.0008917311471662179 0.0021269461417957425 0.00079760558352463037 0.0021320955738203503 -0.0013071733405907603 0.00067815499438302583 0.00010732625370652485 0.0020181772190908747 -0.00063853502839200161 -0.0013418095663669746 -0.00075535456924776445 0.0010525409902586592 0.0011933449197893311 -0.0011959187502913284 0.0016408311274722772 0.00033131257665979869 -0.00082936772135740102 0.0021391105789848003
leaf_weight=4764 4855 5197 12547 33040 15615 5148 7972 4546 8099 4818 5971 4780 4718 6753 55672 5208 4639 41583 6624 9796 8447 6029 5964 8933 6303 8239 16550 9769 4567 4565
leaf_count=4764 4855 5197 12547 33040 15615 5148 7972 4546 8099 4818 5971 4780 4718 6753 55672 5208 4639 41583 6624 9796 8447 6029 5964 8933 6303 8239 16550 9769 4567 4565
internal_value=0.000113131 0.00015294 -0.000349712 0.000268697 -0.00014458 0.000195354 0.000116729 -0.000266438 0.000465988 0.000590313 0.000141846 2.10827e-05 0.00051167 0.000150532 0.000164232 7.66644e-05 0.000119769 7.22737e-05 0.000114184 0.000199483 0.000112234 -0.000329238 0.00020751 9.65597e-05 -2.01412e-05 -0.000147324 0.000358278 0.000430886 0.000232863 0.000459237
internal_weight=331711 326856 61181 265675 56417 216346 167648 18489 48698 49329 10517 43870 44511 11471 149159 93487 88290 83082 78443 65790 55994 12653 47547 39090 30157 23854 40599 35451 18901 14334
internal_count=331711 326856 61181 265675 56417 216346 167648 18489 48698 49329 10517 43870 44511 11471 149159 93487 88290 83082 78443 65790 55994 12653 47547 39090 30157 23854 40599 35451 18901 14334
is_linear=0
shrinkage=0.05


Tree=61
num_leaves=31
num_cat=0
split_feature=2 0 4 5 2 4 0 2 2 2 7 5 0 7 7 7 7 7 7 3 4 0 7 2 7 4 2 0 7 7
split_gain=22.3831 11.6382 6.1829 3.28274 3.63494 2.48399 2.39819 5.40481 2.24418 2.15969 1.06135 1.01596 0.979288 0.949188 1.76285 1.29418 0.829228 0.831728 1.1584 0.788362 0.76222 0.742435 0.666781 0.902207 0.645878 0.637174 0.569966 0.687632 1.38965 1.04003
threshold=7.5000000000000009 116.50000000000001 0.72354225804866756 5.5000000000000009 1.0000000180025095e-35 0.36763814755456808 60.500000000000007 1.5000000000000002 4.5000000000000009 3.5000000000000004 0.93036914000000015 20.500000000000004 107.50000000000001 0.95928635150000019 0.98794492700000014 0.8943654055000001 1.2192672570000003 1.0731915865000003 1.0350312120000003 -19.615297948999999 1.4071874333953651 51.500000000000007 1.0906577955000001 1.0000000180025095e-35 1.0233017285000001 0.68311762687982269 1.5000000000000002 84.500000000000014 1.1125821150000001 1.0934611560000003
decision_type=2 2 10 2 2 10 2 2 2 2 2 2 2 2 2 2 2 2 2 2 10 2 2 2 2 10 2 2 2 2
left_child=1 3 -2 4 24 -6 7 16 12 11 -10 13 20 15 -15 -9 17 18 -5 -7 25 -11 -19 -24 -1 -8 -27 28 -28 -29
right_child=2 -3 -4 6 5 19 8 9 10 21 -12 -13 -14 14 -16 -17 -18 22 -20 -21 -22 -23 23 -25 -26 26 27 29 -30 -31
leaf_value=-1.6744778522500584e-05 -0.0011037020483788877 -0.0029216482226926358 -0.0015634970990791746 0.00072823416571008652 -0.001722181341437045 3.6467640737521527e-05 0.0022251904744843469 -0.00044117264388596715 -0.00063774071738422931 -0.001723480779285392 0.00073873682929843562 -0.0015584892743781848 -0.00012047234806592171 -0.0017168593910561276 -1.850515381590504e-05 0.0022546670101548445 0.0031558633769910543 -0.00080075372753422738 0.0024516972284163979 -0.0014722251592092003 0.0041387248393196362 -0.00078466705932108522 0.0018819111788703467 -0.00028157944387087122 0.0016718570322025049 0.002179838435260548 0.00046996282290247618 0.0022923987655197819 0.0026422067359710053 0.00037675329140688535
leaf_weight=8974 5092 5277 7403 44152 4731 6220 4747 4509 8892 5185 40815 5244 6130 5152 25804 7278 4619 4568 12018 6591 5647 4730 9773 8923 8050 8548 30476 20812 6004 5425
leaf_count=8974 5092 5277 7403 44152 4731 6220 4747 4509 8892 5185 40815 5244 6130 5152 25804 7278 4619 4568 12018 6591 5647 4730 9773 8923 8050 8548 30476 20812 6004 5425
internal_value=8.65673e-05 0.000167821 -0.001989 0.000206968 -0.000252668 -0.000757679 0.000263825 0.000119664 0.000412652 -0.000252042 0.000144181 -0.000113196 0.000564646 -3.25746e-05 -0.000177966 0.000349177 0.000375723 0.000337806 0.000441923 -0.000395794 0.000610398 -0.000923639 8.63811e-05 0.000218705 0.000267779 0.000568689 0.000531254 0.000478979 0.000338495 0.000674206
internal_weight=331789 319294 12495 314017 34566 17542 279451 141955 137496 57902 49707 47987 87789 42743 30956 11787 84053 79434 56170 12811 81659 9915 23264 18696 17024 76012 71265 62717 36480 26237
internal_count=331789 319294 12495 314017 34566 17542 279451 141955 137496 57902 49707 47987 87789 42743 30956 11787 84053 79434 56170 12811 81659 9915 23264 18696 17024 76012 71265 62717 36480 26237
is_linear=0
shrinkage=0.05


Tree=62
num_leaves=31
num_cat=0
split_feature=2 0 0 3 0 2 8 9 2 0 7 7 2 8 8 7 7 8 7 7 7 7 5 9 2 7 8 7 0 7
split_gain=19.7465 13.2204 4.75702 2.69826 2.40146 5.23267 4.79158 2.33101 1.97285 1.80336 2.78377 2.29716 1.56265 1.55606 1.39667 1.29439 1.29228 1.20423 1.15958 1.06241 1.56884 1.16319 1.25456 1.01139 1.0155 1.00213 1.32512 1.27502 0.976332 0.973615
threshold=6.5000000000000009 90.500000000000014 115.50000000000001 -41.640154907499998 69.500000000000014 3.5000000000000004 0.89565229550000003 12.500000000000002 1.5000000000000002 30.500000000000004 0.98477545750000017 0.95113031850000007 3.5000000000000004 1.0216345210000002 1.0843950875000001 1.0116805640000002 1.2340613275000003 1.2157222685000002 1.1249927920000002 1.1842334040000002 1.1496716780000003 1.1125821150000001 11.500000000000002 23.500000000000004 2.5000000000000004 0.96905717250000001 0.94434546000000008 1.0731915865000003 49.500000000000007 0.8943654055000001
decision_type=2 2 2 2 2 2 2 2 2 2 2 2 2 2 2 2 2 2 2 2 2 2 2 2 2 2 2 2 2 2
left_child=2 -2 4 -3 5 8 -7 -8 16 10 -10 29 18 -13 -9 -15 19 -17 23 20 21 22 25 -6 -25 26 -1 -27 -19 -11
right_child=1 3 -4 -5 12 6 7 14 9 11 -12 13 -14 15 -16 17 -18 28 -20 -21 -22 -23 -24 24 -26 27 -28 -29 -30 -31
leaf_value=0.00049080015974592895 -0.0022795044629945935 -0.00098588714894033789 -0.0030406437254369995 -0.00089346883762253049 0.0031123382525240391 -0.0020371628117233503 -0.0022212406434071589 0.0017733407297753493 -0.0024257518535906876 0.00023961384630199358 0.00012349596097537444 -0.0018469365860983727 0.00080366487808457255 -0.00051341261642443405 -0.00093278026283518376 0.0023773071866929358 0.0033324565804770828 -0.0008892357627610847 0.0035928550931364212 -0.00083768817921064638 0.0034902889203374532 -0.00064591296985933369 0.0012353567088173641 0.0017644916707881368 0.00044946726239345337 0.0013098024192461461 -0.00093680353004148189 -0.00063672526985345532 0.00080397102177832643 0.0029271805919247758
leaf_weight=8203 4777 4932 5418 15455 6074 4618 4534 5692 5396 5178 7580 8408 63150 7617 4732 8481 4966 7127 6572 5402 5215 7795 47741 15045 14958 18855 7541 4601 8565 7332
leaf_count=8203 4777 4932 5418 15455 6074 4618 4534 5692 5396 5178 7580 8408 63150 7617 4732 8481 4966 7127 6572 5402 5215 7795 47741 15045 14958 18855 7541 4601 8565 7332
internal_value=9.32328e-05 -0.00125313 0.000203683 -0.000697945 0.000230089 0.000126276 -0.000649099 -0.000214195 0.000212533 -4.41468e-06 -0.000532316 0.000125586 0.000421983 -5.85777e-05 0.000197526 0.000101431 0.000341698 0.000280524 0.0006558 0.000304509 0.000341425 0.000294909 0.000347371 0.000544385 0.000425137 0.000137738 -0.000170804 0.000344828 2.10232e-05 0.000717139
internal_weight=331960 25164 306796 20387 301378 195579 19576 14958 176003 65684 12976 52708 105799 40198 10424 31790 110319 24173 42649 105353 99951 94736 86941 36077 30003 39200 15744 23456 15692 12510
internal_count=331960 25164 306796 20387 301378 195579 19576 14958 176003 65684 12976 52708 105799 40198 10424 31790 110319 24173 42649 105353 99951 94736 86941 36077 30003 39200 15744 23456 15692 12510
is_linear=0
shrinkage=0.05


Tree=63
num_leaves=31
num_cat=0
split_feature=2 0 0 0 2 2 4 0 2 0 7 7 7 7 7 9 7 7 7 7 7 5 0 7 7 6 0 4 7 7
split_gain=17.5484 10.7795 4.98099 2.80066 6.09281 2.11749 1.94681 1.66336 1.47403 1.44276 2.24213 1.39125 1.18168 1.17975 1.33266 1.11589 0.921281 1.22477 1.52722 1.06695 1.84815 0.900568 1.1709 0.78239 1.57068 0.809004 0.737248 0.703024 0.868906 0.683855
threshold=6.5000000000000009 90.500000000000014 115.50000000000001 61.500000000000007 3.5000000000000004 1.5000000000000002 0.73120486283240538 47.500000000000007 4.5000000000000009 34.500000000000007 0.98477545750000017 0.95928635150000019 1.2340613275000003 1.1875882665000002 1.1496716780000003 24.500000000000004 1.1125821150000001 1.028182989 1.0473717320000002 1.0866460510000002 1.0692156960000003 21.500000000000004 102.50000000000001 1.0107513135000004 1.0000053235000002 1.0000000180025095e-35 99.500000000000014 1.2565093403858747 0.91589081200000011 0.97175424950000011
decision_type=2 2 2 2 2 2 10 2 2 2 2 2 2 2 2 2 2 2 2 2 2 2 2 2 2 2 2 10 2 2
left_child=2 -2 3 4 5 12 -3 -6 21 10 -7 15 13 14 16 -11 17 23 -19 20 -20 22 29 24 25 27 -10 28 -1 -5
right_child=1 6 -4 8 7 9 -8 -9 26 11 -12 -13 -14 -15 -16 -17 -18 18 19 -21 -22 -23 -24 -25 -26 -27 -28 -29 -30 -31
leaf_value=-0.00035634660183039575 -0.0020668195132069887 -0.00090995152831527216 -0.00318740660771882 0.0017091073489641281 -0.0018901979146920503 -0.0020633205796864759 -0.00088971371752143602 -0.00082691205822479951 -3.1800692312473687e-05 0.002429917330022663 3.8339032596902201e-05 -0.00017489266164345102 0.0032497861672671951 -0.0013908884251694572 0.0030677027536800063 0.00021865352713894217 -0.00067123520296408906 0.0025991997835675177 0.0016401596118981593 0.0021063044855476427 -0.0011554876852779533 0.0024468968603321125 -0.00078584898175273078 -0.00095290844601133402 0.0021099469333393716 -0.00040361508161284589 0.0013252531326529737 0.0019709135028558289 0.00067264038665243843 0.0010286819977450515
leaf_weight=8242 4772 6339 5411 18061 4833 7227 14228 7951 24426 5195 10373 27106 4749 4541 5638 4716 7472 7409 8441 7809 5663 22526 5038 6285 4566 11167 16528 4592 19561 41012
leaf_count=8242 4772 6339 5411 18061 4833 7227 14228 7951 24426 5195 10373 27106 4749 4541 5638 4716 7472 7409 8441 7809 5663 22526 5038 6285 4566 11167 16528 4592 19561 41012
internal_value=9.24802e-05 -0.00117197 0.00019702 0.000224046 9.32921e-05 0.000176851 -0.000674825 -0.000957072 0.000401874 -7.6114e-05 -0.000448736 0.000101089 0.000307024 0.000270882 0.000307821 0.000607856 0.000261671 0.000309141 0.000569612 0.000359636 9.99363e-05 0.000518715 0.0004231 0.00016874 0.000237259 0.00014472 0.000154667 0.000271219 0.000176478 0.000485502
internal_weight=331877 25339 306538 301127 173536 160752 20567 12784 127591 54617 17600 37017 106135 101386 96845 9911 91207 83735 29322 21913 14104 86637 64111 54413 48128 43562 40954 32395 27803 59073
internal_count=331877 25339 306538 301127 173536 160752 20567 12784 127591 54617 17600 37017 106135 101386 96845 9911 91207 83735 29322 21913 14104 86637 64111 54413 48128 43562 40954 32395 27803 59073
is_linear=0
shrinkage=0.05


Tree=64
num_leaves=31
num_cat=0
split_feature=2 0 0 0 2 8 3 7 7 7 8 8 7 7 2 7 7 8 8 8 8 7 7 7 4 8 8 0 0 2
split_gain=16.9857 10.3995 3.94261 2.71539 5.071 5.03303 2.16353 1.90027 2.71052 2.0277 1.71063 1.65995 1.49689 2.98738 1.44684 1.54028 1.70944 1.43996 1.30291 1.18187 1.85999 1.91316 2.18379 1.85402 1.57895 1.35225 3.09599 1.56446 1.1672 1.04856
threshold=6.5000000000000009 90.500000000000014 115.50000000000001 67.500000000000014 3.5000000000000004 0.91327798100000013 -41.640154907499998 1.0212551835000003 1.0142381880000002 1.0329430635000001 1.0843950875000001 1.3429127405000003 1.2523208980000002 1.2082677355000002 1.0000000180025095e-35 1.1201095380000001 1.0999404950000002 1.4213440125000003 1.3773010990000001 1.2763179770000004 1.1557926060000001 1.0028781850000004 0.9953402065000001 0.98106093850000009 0.36763814755456808 0.85802784950000011 0.89296422700000011 34.500000000000007 110.50000000000001 1.0000000180025095e-35
decision_type=2 2 2 2 2 2 2 2 2 2 2 2 2 2 2 2 2 2 2 2 2 2 2 2 10 2 2 2 2 2
left_child=2 -2 3 4 7 -6 -3 8 19 -9 -7 28 13 14 18 16 -16 -17 -11 20 21 22 24 -22 -1 27 -27 -26 -5 -28
right_child=1 6 -4 11 5 10 -8 9 -10 12 -12 -13 -14 -15 15 17 -18 -19 -20 -21 23 -23 -24 -25 25 26 29 -29 -30 -31
leaf_value=-0.00080205491350936002 -0.0018928276558942761 -0.00085821911234718192 -0.0028617188347901243 0.0010077752349237183 -0.0020545983990067625 0.00069841382481150051 -0.00089760019276111103 0.0027717710495038413 -0.0020407556850598001 0.0025007455593678523 -0.0016285561653007546 0.002620304856879324 0.0036389958495898298 -0.0027638302837142826 0.00018731103003523893 0.0025247745746621213 -0.0016914596108237535 -0.0001146736342551718 5.440666942472104e-05 0.0013687961593345638 -0.0015800662745056684 0.0027625919844102478 -0.0018155409101739868 8.1455690904916583e-05 0.0003683271933081747 -0.0021892024749838655 0.0012271873786617901 0.0031266238689621143 -0.00064758826678072538 0.00022595104350073907
leaf_weight=5831 4745 4984 5387 89325 4756 6918 15562 7921 4562 16358 5908 14667 5066 5052 24668 7708 5126 4738 7408 5348 4526 4679 6754 5377 6346 4682 10081 5886 7319 24545
leaf_count=5831 4745 4984 5387 89325 4756 6918 15562 7921 4562 16358 5908 14667 5066 5052 24668 7708 5126 4738 7408 5348 4526 4679 6754 5377 6346 4682 10081 5886 7319 24545
internal_value=7.23353e-05 -0.00117301 0.000174965 0.000198924 8.41529e-05 -0.000724683 -0.000685368 0.000166534 4.99318e-06 0.000336853 -0.000209259 0.000395069 0.000257589 0.000198345 0.000288058 0.000112439 -8.27208e-05 0.000579472 0.000600101 6.94445e-05 2.05497e-05 0.000112776 4.15173e-05 -0.000619954 0.000141653 0.000229896 8.69942e-05 0.000688894 0.000319817 0.000250209
internal_weight=332233 25291 306942 301555 190244 17582 20546 172662 88617 84045 12826 111311 76124 71058 66006 42240 29794 12446 23766 84055 78707 68804 64125 9903 57371 51540 39308 12232 96644 34626
internal_count=332233 25291 306942 301555 190244 17582 20546 172662 88617 84045 12826 111311 76124 71058 66006 42240 29794 12446 23766 84055 78707 68804 64125 9903 57371 51540 39308 12232 96644 34626
is_linear=0
shrinkage=0.05


Tree=65
num_leaves=31
num_cat=0
split_feature=0 7 4 3 7 8 3 0 7 8 8 4 7 3 8 3 8 8 3 7 4 8 8 7 8 7 8 7 7 8
split_gain=11.709 5.16639 4.84099 3.95493 2.33203 1.89505 1.86223 1.52128 1.41619 1.61095 2.52517 1.80226 1.50725 1.38139 1.36377 1.86283 1.75123 1.13922 1.07842 1.57283 1.50426 1.07645 1.17257 1.23182 3.21244 1.15418 1.359 1.05012 1.13337 1.23331
threshold=117.50000000000001 1.0038369515000001 0.51481931355890931 -22.230084205999997 0.99967947350000008 1.2957820940000002 46.633597832000007 110.50000000000001 1.0100786505000003 0.94631593150000015 0.89565229550000003 0.97426748322205581 1.0251857335000003 -9.1210145509999982 1.1970158730000002 -5.2964884334999995 1.2463057665000001 0.96220362650000013 11.512596165000001 0.95113031850000007 1.1105540971279948 0.77793374000000004 1.1831267190000003 0.8943654055000001 0.87376978000000005 0.9088738405000002 0.87664883000000005 0.96637136850000005 0.9543694155000001 1.0494941170000003
decision_type=2 2 10 2 2 2 2 2 2 2 2 8 2 2 2 2 2 2 2 2 10 2 2 2 2 2 2 2 2 2
left_child=1 2 3 -1 5 7 8 18 -3 10 -10 12 -11 -6 15 -14 -16 -5 20 -20 21 -4 23 24 -23 -25 -27 28 29 -28
right_child=-2 6 4 17 13 -7 -8 -9 9 11 -12 -13 14 -15 16 -17 -18 -19 19 -21 -22 22 -24 25 -26 26 27 -29 -30 -31
leaf_value=-0.00105590765381176 -0.0024128001874707942 0.0018164967296227187 -0.00061647444945317357 -0.0010026488453166939 -0.0018225663777463657 0.0020783230340173557 0.0050561056673438321 -0.00088661195102050306 0.0011274361069785646 -0.0010905023143153276 -0.0024785928294214937 0.0012265174635752633 0.0020165054617259444 -0.00037467671791647416 -0.0018385484346917201 -0.00073237649030878454 0.00029347828135239728 0.00057780986086743179 0.0031181308544987849 9.9116729751563219e-05 -0.0013546953062511277 0.0014094047687863295 -0.00082602205711783741 0.0023616641053385329 -0.0012943999630849676 -0.00057509267213834404 0.0011908308272787051 0.00023170932229065356 0.0024498996094839097 -0.00064535101894864491
leaf_weight=8825 4861 8814 9110 5364 4757 4672 6385 9390 4754 8394 5197 81110 17119 6113 5819 5801 26632 5397 5749 7878 7916 5314 5694 5261 7758 10983 13726 22244 6695 4600
leaf_count=8825 4861 8814 9110 5364 4757 4672 6385 9390 4754 8394 5197 81110 17119 6113 5819 5801 26632 5397 5749 7878 7916 5314 5694 5261 7758 10983 13726 22244 6695 4600
internal_value=7.18548e-05 0.000108031 -9.8348e-05 -0.000833801 6.16552e-06 6.63413e-05 0.000299138 2.8572e-05 0.00026643 0.000231317 -0.000383939 0.000273589 7.46825e-05 -0.000696552 0.000169342 0.000464558 -3.92069e-05 -0.000190182 7.94277e-05 0.000496442 2.2179e-05 7.94672e-05 0.000136576 0.000188057 -0.000253881 0.000279033 0.000214925 0.000331341 0.000553524 0.000349954
internal_weight=332332 327471 157446 19586 137860 126990 170025 122318 163640 154826 9951 144875 63765 10870 55371 22920 32451 10761 112928 13627 99301 91385 82275 76581 13072 63509 58248 47265 25021 18326
internal_count=332332 327471 157446 19586 137860 126990 170025 122318 163640 154826 9951 144875 63765 10870 55371 22920 32451 10761 112928 13627 99301 91385 82275 76581 13072 63509 58248 47265 25021 18326
is_linear=0
shrinkage=0.05


Tree=66
num_leaves=31
num_cat=0
split_feature=2 1 1 7 5 7 2 1 7 7 3 3 1 2 2 9 8 8 7 1 7 7 6 8 8 8 1 3 7 7
split_gain=15.8792 10.1018 3.90174 2.28247 2.77765 2.25522 1.66558 2.10819 1.57317 1.45638 1.37608 1.27624 1.08537 1.71224 1.35505 1.81734 1.68684 1.24735 0.915803 1.69771 1.05666 2.29813 1.59314 1.42445 0.867051 2.99843 2.1762 1.77941 1.79736 2.60228
threshold=7.5000000000000009 3.5000000000000004 15.500000000000002 1.0038369515000001 4.5000000000000009 0.99391202600000017 2.5000000000000004 33.500000000000007 1.0100786505000003 0.98560577400000005 46.633597832000007 -8.1946058189999977 76.500000000000014 2.5000000000000004 5.5000000000000009 21.500000000000004 0.87664883000000005 1.0396849785000002 1.0212551835000003 56.500000000000007 1.0329430635000001 1.0413678250000002 1.0000000180025095e-35 1.1208789765000002 1.1942968215000003 1.2463057665000001 78.500000000000014 -5.4609897524999989 1.0812419045000001 1.0654558240000001
decision_type=2 2 2 2 2 2 2 2 2 2 2 2 2 2 2 2 2 2 2 2 2 2 2 2 2 2 2 2 2 2
left_child=1 -1 -2 4 11 9 -7 -8 -5 12 18 -3 14 17 15 -6 -16 -14 19 -10 22 23 -20 -22 27 26 -26 -23 29 -29
right_child=2 3 -4 8 5 6 7 -9 10 -11 -12 -13 13 -15 16 -17 -18 -19 20 -21 21 24 -24 -25 25 -27 -28 28 -30 -31
leaf_value=-0.0025232871681270031 -0.00080494238862813543 -0.0012381495358662 -0.0012463935460387604 0.001879438830325663 0.0020613842041431025 0.00019978692862928209 -0.00024481379987741054 -0.0034263151543148691 0.0014391117121750219 0.001716698966845601 0.0052889683950526232 -0.00024356967166867146 0.00058584258147019799 -0.0014914604144452403 -0.0011872239377610251 0.00042365300660406562 0.0008508390185887481 -0.00061031890931994735 0.0029485128152642722 -0.0011024257665236956 -0.002515209799442818 0.0025906104614238437 0.0002583936319193113 0.00019479690391023056 4.4556696916433679e-05 0.00086237275356884245 -0.0036632245706365025 0.0013691380522779092 0.0020720992892465108 -0.0029071123522901861
leaf_weight=5301 8041 6737 4544 8727 15698 8860 4787 4505 6536 10928 5950 7639 20930 4685 7377 39003 6289 9953 7726 7975 4634 13187 6696 4966 6879 63198 4513 9058 11800 4826
leaf_count=5301 8041 6737 4544 8727 15698 8860 4787 4505 6536 10928 5950 7639 20930 4685 7377 39003 6289 9953 7726 7975 4634 13187 6696 4966 6879 63198 4513 9058 11800 4826
internal_value=7.86859e-05 0.000147346 -0.00166303 0.000183894 4.05541e-05 0.000111919 -0.000405904 -0.0008734 0.000310648 0.000193766 0.000274519 -0.000619567 0.000136016 -8.7988e-05 0.000252552 0.000363808 -0.000192744 4.71867e-05 0.000245298 -0.00013244 0.00028517 0.000237698 0.000690026 -0.000504945 0.000300553 0.000200751 -0.000545758 0.000492013 0.000249523 -0.000136079
internal_weight=331948 319363 12585 314062 147391 133015 18152 9292 166671 114863 157944 14376 103935 35568 68367 54701 13666 30883 151994 14511 137483 123061 14422 9600 113461 74590 11392 38871 25684 13884
internal_count=331948 319363 12585 314062 147391 133015 18152 9292 166671 114863 157944 14376 103935 35568 68367 54701 13666 30883 151994 14511 137483 123061 14422 9600 113461 74590 11392 38871 25684 13884
is_linear=0
shrinkage=0.05


Tree=67
num_leaves=31
num_cat=0
split_feature=2 0 0 0 2 8 3 7 7 9 2 7 7 7 2 7 7 0 8 7 8 8 8 7 7 4 3 8 8 7
split_gain=13.816 7.23307 3.23025 2.03467 3.54896 4.93976 1.97867 1.9263 3.17078 1.65205 1.50908 1.27028 1.84274 1.75782 1.28363 1.69851 1.59596 1.56114 1.43233 2.4843 1.36286 1.19592 2.21104 3.15636 2.6289 1.87089 1.83366 1.4618 1.0874 1.88802
threshold=6.5000000000000009 89.500000000000014 115.50000000000001 68.500000000000014 3.5000000000000004 0.91327798100000013 -41.640154907499998 1.2523208980000002 1.2082677355000002 13.500000000000002 3.5000000000000004 1.0212551835000003 1.0329430635000001 1.0142381880000002 1.0000000180025095e-35 1.1201095380000001 1.0999404950000002 39.500000000000007 1.2891002410000001 1.0640450860000004 1.3773010990000001 1.2957820940000002 1.1318326185000003 1.0000053235000002 0.99308499750000012 0.781726907187691 9.2873560365000021 1.1912749420000002 0.8135863965000002 0.94766751400000004
decision_type=2 2 2 2 2 2 2 2 2 2 2 2 2 2 2 2 2 2 2 2 2 2 2 2 2 8 2 2 2 2
left_child=2 -2 3 4 7 -6 -3 8 11 -7 -5 13 -13 21 20 16 18 -17 19 -16 -14 22 23 24 26 -24 -1 -27 -12 -30
right_child=1 6 -4 10 5 9 -8 -9 -10 -11 28 12 14 -15 15 17 -18 -19 -20 -21 -22 -23 25 -25 -26 27 -28 -29 29 -31
leaf_value=0.00018001658137837447 -0.0018583635392932967 -0.00073792494913767518 -0.0025993130064393384 0.0014793792275140513 -0.0019824213153760433 -0.0014212702223884831 -0.00077653769167039608 0.0033412251406780241 -0.0029747859467411466 0.00066659242044299599 0.0020271602190936994 0.002449471534294569 0.0023574522816160013 -0.0019299991667354466 0.00098939863625986993 -3.5294795572098893e-05 -0.0016733296024710666 0.0023527226227047227 0.0011178271868267859 -0.0019227228984354989 -3.3273468243866076e-05 0.0014718797344612589 0.00046524858559468009 0.003254430408940503 -0.0017141946962293101 -0.0019763839018226447 0.0027522433746683672 -0.00038466918307822497 -0.00137522299683154 0.00071852077384362422
leaf_weight=50047 4535 5015 5402 44294 5088 4604 15697 5134 5055 8971 6954 8159 16339 4592 9363 6095 5209 6572 8971 6805 7465 4504 4767 5333 6641 4503 4518 4501 8963 48203
leaf_count=50047 4535 5015 5402 44294 5088 4604 15697 5134 5055 8971 6954 8159 16339 4592 9363 6095 5209 6572 8971 6805 7465 4504 4767 5333 6641 4503 4518 4501 8963 48203
internal_value=6.55951e-05 -0.00105863 0.000158049 0.000179758 8.24877e-05 -0.000572772 -0.000662258 0.000152554 0.000123625 -7.45581e-05 0.000353121 0.000161568 0.000313338 3.428e-05 0.000226678 6.36333e-05 -0.00013936 0.000549834 2.57517e-05 -0.000255364 0.000521232 8.58888e-05 4.13996e-05 0.000160758 5.90581e-05 -0.00053517 0.000173401 -0.000959041 0.000198051 0.0001262
internal_weight=332299 25247 307052 301650 193236 18663 20712 174573 169439 13575 108414 164384 74978 89406 66819 43015 30348 12667 25139 16168 23804 84814 80310 66539 61206 13771 54565 9004 64120 57166
internal_count=332299 25247 307052 301650 193236 18663 20712 174573 169439 13575 108414 164384 74978 89406 66819 43015 30348 12667 25139 16168 23804 84814 80310 66539 61206 13771 54565 9004 64120 57166
is_linear=0
shrinkage=0.05


Tree=68
num_leaves=31
num_cat=0
split_feature=0 3 4 6 3 8 0 8 8 5 9 8 3 8 8 3 8 8 4 4 3 9 9 4 8 5 4 3 9 3
split_gain=8.81703 3.51824 3.24002 2.64774 2.18953 1.59474 1.17462 1.02298 1.20773 0.783735 0.635186 0.842919 0.661094 0.694489 1.1959 2.28901 0.770199 0.701981 0.591158 0.549892 1.20064 0.80091 0.491524 0.431855 1.05029 0.961849 0.531746 0.434645 0.668573 0.864658
threshold=117.50000000000001 -22.623501473999998 0.42848698758069387 2.5000000000000004 46.633597832000007 1.4435879295000003 109.50000000000001 1.4151254285000003 1.3938727930000001 23.500000000000004 59.500000000000007 0.73914493400000014 30.460942040000003 0.88734975450000009 0.86540467600000015 -4.6680788494999996 0.90801627700000009 0.82440334850000008 0.8095376440316665 1.224295863010354 1.7695376100000002 16.500000000000004 12.500000000000002 0.51481931355890931 1.1100206280000002 5.5000000000000009 0.8738568205984002 -5.4609897524999989 48.500000000000007 -2.2268648309999999
decision_type=2 2 10 2 2 2 2 2 2 2 2 2 2 2 2 2 2 2 10 8 2 2 2 8 2 2 8 2 2 2
left_child=1 2 -1 4 5 7 22 8 9 10 11 -3 13 14 15 18 -15 -17 -13 20 21 -7 -4 24 -18 26 -25 -27 29 -29
right_child=-2 3 6 -5 -6 19 -8 -9 -10 -11 -12 12 -14 16 -16 17 23 -19 -20 -21 -22 -23 -24 25 -26 27 -28 28 -30 -31
leaf_value=-0.00088900003180450513 -0.0021579297743312999 0.0013650367198068066 -0.00036438328947587244 -0.0014914350572642792 0.0045936016084070479 0.0020579719041479701 -0.00085690590365707423 -0.0009984151265363271 0.0025615022347283342 0.00093068452415664927 0.0017056265387034226 -0.0012603505136966938 -0.001125139570431476 0.0015352936958391726 -0.0016202485251975427 0.00038482313120305364 -0.00023876997170964588 0.0027968488975964934 -0.0003272761021724177 0.00040881929612344032 0.0024666848414345347 -2.9624875408774415e-07 4.12659881525122e-05 -0.0015358968622880805 0.0015843673330833065 0.00050422606133531029 -6.6915783899087927e-05 -0.00043470270935631129 -0.00068701716546565978 0.00035611923031249158
leaf_weight=4628 4820 4657 8178 4534 8261 6192 4847 4569 4510 25508 4870 5213 4981 6323 6074 4991 5873 4547 4833 8039 7420 7037 30592 5041 5691 50051 4516 15240 5328 65005
leaf_count=4628 4820 4657 8178 4534 8261 6192 4847 4569 4510 25508 4870 5213 4981 6323 6074 4991 5873 4547 4833 8039 7420 7037 30592 5041 5691 50051 4516 15240 5328 65005
internal_value=5.96392e-05 9.08935e-05 -0.000303368 0.000159 0.000178783 0.000153923 -0.000169811 0.000111437 0.000125956 0.000109969 7.71752e-05 6.33164e-05 4.73255e-05 6.23375e-05 -0.000179441 1.07204e-05 0.000100385 0.000565336 -0.000515869 0.000506047 0.000642612 0.000356846 -7.80141e-05 7.85487e-05 0.000372547 5.5119e-05 -0.000429565 8.92878e-05 2.0829e-05 5.68536e-05
internal_weight=332369 327549 48245 279304 274770 266509 43617 237821 233252 228742 203234 198364 193707 188726 25658 19584 163068 9538 10046 28688 20649 13229 38770 156745 11564 145181 9557 135624 85573 80245
internal_count=332369 327549 48245 279304 274770 266509 43617 237821 233252 228742 203234 198364 193707 188726 25658 19584 163068 9538 10046 28688 20649 13229 38770 156745 11564 145181 9557 135624 85573 80245
is_linear=0
shrinkage=0.05


Tree=69
num_leaves=31
num_cat=0
split_feature=2 1 4 5 7 4 7 7 2 3 7 1 9 2 1 1 7 2 7 7 7 2 1 3 2 5 5 7 4 2
split_gain=11.2239 7.23177 3.49736 2.03128 1.50286 2.59122 2.26252 1.95996 1.88507 1.23443 1.10985 1.13645 1.80201 2.57565 1.55645 1.31112 1.36185 1.23948 0.882421 2.36035 0.990963 1.27596 1.73697 1.7856 1.39939 1.26592 1.03584 1.40386 0.872207 1.59435
threshold=7.5000000000000009 3.5000000000000004 0.85021326156818178 21.500000000000004 1.0038369515000001 0.25619123725046894 0.99391202600000017 1.0100786505000003 2.5000000000000004 38.286769956500009 0.98560577400000005 81.500000000000014 24.500000000000004 4.5000000000000009 24.500000000000004 22.500000000000004 0.96815741250000009 1.5000000000000002 1.2192672570000003 1.1748222615000004 1.1144229290000003 1.5000000000000002 41.500000000000007 -6.1002532549999993 2.5000000000000004 12.500000000000002 11.500000000000002 1.0758004030000003 0.90574909818682825 1.5000000000000002
decision_type=2 2 10 2 2 10 2 2 2 2 2 2 2 2 2 2 2 2 2 2 2 2 2 2 2 2 2 2 10 2
left_child=1 -1 -2 4 5 -3 10 -6 -8 -5 11 12 13 -7 -15 -14 -17 -13 19 20 21 26 -23 25 -25 -24 27 -9 -22 -30
right_child=2 3 -4 9 7 6 8 18 -10 -11 -12 17 15 14 -16 16 -18 -19 -20 -21 28 22 23 24 -26 -27 -28 -29 29 -31
leaf_value=-0.0021755188100770748 -0.00090715016101505005 -0.0012540856440094372 -0.00042820442436138545 0.00086763700593974966 0.0019277654848432295 0.0024567167260958135 4.0326968755717745e-06 0.0010019183187896174 -0.0026093777223108617 0.0036590319690346408 0.001411335175578861 1.1312234410564037e-05 -0.0018922542918212847 0.0016564837311988214 -0.00067612576605365017 0.00044804532890173289 -0.00097318721063334402 -0.0013518417319468706 0.0019006343020997888 -0.0017096895768124532 0.00019584233104457459 0.00086528699461049417 -0.00033088512675190167 -0.00026321444361309369 -0.002898426724957175 0.0021653706954150097 0.0016053366380214488 -0.00090090589273145887 0.00032445403397620017 0.0025537108187596749
leaf_weight=5314 8067 5200 4618 42309 7345 15166 8220 10047 8294 8379 9768 23057 5533 6396 8582 24806 6084 9387 8740 8498 8169 22595 11351 7725 7313 5399 17961 4598 5358 7761
leaf_count=5314 8067 5200 4618 42309 7345 15166 8220 10047 8294 8379 9768 23057 5533 6396 8582 24806 6084 9387 8740 8498 8169 22595 11351 7725 7313 5399 17961 4598 5358 7761
internal_value=5.66189e-05 0.000114565 -0.00140169 0.000145528 8.97353e-05 -3.07858e-05 1.46252e-05 0.000208106 -0.000530601 0.000435366 9.74179e-05 4.72399e-05 0.000165498 0.000451425 -1.36821e-05 -7.11677e-05 5.58343e-05 -0.000195383 0.000161628 0.000125343 0.000188328 0.000113485 -3.47962e-05 -0.000273016 -0.000668417 8.20651e-05 0.000360768 4.86349e-05 0.000494059 0.000746533
internal_weight=332040 319355 12685 314041 263353 130493 125293 132860 16514 50688 108779 99011 66567 30144 14978 36423 30890 32444 125515 116775 108277 86989 54383 31788 15038 16750 32606 14645 21288 13119
internal_count=332040 319355 12685 314041 263353 130493 125293 132860 16514 50688 108779 99011 66567 30144 14978 36423 30890 32444 125515 116775 108277 86989 54383 31788 15038 16750 32606 14645 21288 13119
is_linear=0
shrinkage=0.05


end of trees

feature_importances:
crease_avg_idx=364
crease_sr_idx=346
legal_balls=323
wickets=307
run_rate_rel=206
runs_vs_par=201
crease_balls=154
runs_last_12=83
balls_remaining=68
wickets_last_12=48

parameters:
[boosting: gbdt]
[objective: quantile]
[metric: quantile]
[tree_learner: serial]
[device_type: cpu]
[data_sample_strategy: bagging]
[data: ]
[valid: ]
[num_iterations: 70]
[learning_rate: 0.05]
[num_leaves: 31]
[num_threads: 12]
[seed: 7]
[deterministic: 1]
[force_col_wise: 0]
[force_row_wise: 1]
[histogram_pool_size: -1]
[max_depth: -1]
[min_data_in_leaf: 4500]
[min_sum_hessian_in_leaf: 0.001]
[bagging_fraction: 0.8]
[pos_bagging_fraction: 1]
[neg_bagging_fraction: 1]
[bagging_freq: 1]
[bagging_seed: 17422]
[bagging_by_query: 0]
[feature_fraction: 0.8]
[feature_fraction_bynode: 1]
[feature_fraction_seed: 7040]
[extra_trees: 0]
[extra_seed: 6516]
[early_stopping_round: 0]
[early_stopping_min_delta: 0]
[first_metric_only: 0]
[max_delta_step: 0]
[lambda_l1: 0]
[lambda_l2: 5]
[linear_lambda: 0]
[min_gain_to_split: 0]
[drop_rate: 0.1]
[max_drop: 50]
[skip_drop: 0.5]
[xgboost_dart_mode: 0]
[uniform_drop: 0]
[drop_seed: 15215]
[top_rate: 0.2]
[other_rate: 0.1]
[min_data_per_group: 100]
[max_cat_threshold: 32]
[cat_l2: 10]
[cat_smooth: 10]
[max_cat_to_onehot: 4]
[top_k: 20]
[monotone_constraints: ]
[monotone_constraints_method: basic]
[monotone_penalty: 0]
[feature_contri: ]
[forcedsplits_filename: ]
[refit_decay_rate: 0.9]
[cegb_tradeoff: 1]
[cegb_penalty_split: 0]
[cegb_penalty_feature_lazy: ]
[cegb_penalty_feature_coupled: ]
[path_smooth: 0]
[interaction_constraints: ]
[verbosity: -1]
[saved_feature_importance_type: 0]
[use_quantized_grad: 0]
[num_grad_quant_bins: 4]
[quant_train_renew_leaf: 0]
[stochastic_rounding: 1]
[linear_tree: 0]
[max_bin: 255]
[max_bin_by_feature: ]
[min_data_in_bin: 3]
[bin_construct_sample_cnt: 200000]
[data_random_seed: 61]
[is_enable_sparse: 1]
[enable_bundle: 1]
[use_missing: 1]
[zero_as_missing: 0]
[feature_pre_filter: 1]
[pre_partition: 0]
[two_round: 0]
[header: 0]
[label_column: ]
[weight_column: ]
[group_column: ]
[ignore_column: ]
[categorical_feature: ]
[forcedbins_filename: ]
[precise_float_parser: 0]
[parser_config_file: ]
[objective_seed: 15521]
[num_class: 1]
[is_unbalance: 0]
[scale_pos_weight: 1]
[sigmoid: 1]
[boost_from_average: 1]
[reg_sqrt: 0]
[alpha: 0.05]
[fair_c: 1]
[poisson_max_delta_step: 0.7]
[tweedie_variance_power: 1.5]
[lambdarank_truncation_level: 30]
[lambdarank_norm: 1]
[label_gain: ]
[lambdarank_position_bias_regularization: 0]
[eval_at: ]
[multi_error_top_k: 1]
[auc_mu_weights: ]
[num_machines: 1]
[local_listen_port: 12400]
[time_out: 120]
[machine_list_filename: ]
[machines: ]
[gpu_platform_id: -1]
[gpu_device_id: -1]
[gpu_device_id_list: ]
[gpu_use_dp: 0]
[num_gpu: 1]

end of parameters

pandas_categorical:null
