tree
version=v4
num_class=1
num_tree_per_iteration=1
label_index=0
max_feature_idx=9
objective=quantile
feature_names=legal_balls balls_remaining wickets runs_vs_par run_rate_rel runs_last_12 wickets_last_12 crease_sr_idx crease_avg_idx crease_balls
feature_infos=[0:119] [1:120] [0:9] [-109.881995323:189.19159380299999] [0:8.0172162414209716] [0:63] [0:6] [0.60952400299999998:1.5237078850000001] [0.50168224299999997:2.6097224190000001] [0:119]
tree_sizes=2927 3070 3076 3087 3073 3080 3086 3079 3075 3104 3074 3093 3076 3084 3082 3081 3096 3089 3078 3087 3092 3105 3104 3086 3103 3080 3101 3096 3101 3089 3108 3099 3091 3104 3097 3093 3103 3110 3103 3111 3099 3100 3115 3113 3106 3120 3114 3103 3116 3102 3103 3110 3120 3107 3113 3113 3123 3102 3091 3107 3113 3113 3121 3121 3111 3117 3106 3103 3125 3130 3129 3113 3120 3144 3111 3109 3105 3114 3097 3134 3111 3119 3123 3115 3124 3116 3109

Tree=0
num_leaves=31
num_cat=0
split_feature=2 4 8 4 8 8 0 2 2 4 2 2 0 4 9 4 7 9 0 0 2 5 0 7 4 4 9 2 8 8
split_gain=2078.55 1121.65 845.814 476.525 294.946 227.481 113.384 108.107 91.1303 81.9665 78.5709 66.9033 58.5927 42.0125 30.8338 24.4313 22.7892 16.6556 15.4794 13.0961 12.4688 9.43909 8.56518 8.33406 7.99145 6.31138 5.52588 8.6697 5.36158 4.71505
threshold=6.5000000000000009 0.65432679673362382 0.8176335815000001 0.7461120381225248 1.0052361115000001 0.88734975450000009 97.500000000000014 4.5000000000000009 7.5000000000000009 0.79129468432128502 2.5000000000000004 2.5000000000000004 75.500000000000014 0.84733515173618079 16.500000000000004 0.48734095945592737 0.91977347650000008 18.500000000000004 73.500000000000014 112.50000000000001 1.0000000180025095e-35 13.500000000000002 108.50000000000001 0.98477545750000017 0.9273945603857191 1.0935021903251465 30.500000000000004 1.5000000000000002 0.98373178200000011 1.0143242110000001
decision_type=2 8 2 10 2 2 2 2 2 10 2 2 2 10 2 10 2 2 2 2 2 2 2 2 10 10 2 2 2 2
left_child=1 2 -1 6 10 9 -2 13 -5 -3 15 20 -9 16 18 -4 -7 23 -11 21 -6 -14 25 -15 -16 28 27 -18 -19 -25
right_child=3 5 4 8 11 7 -8 12 -10 14 -12 -13 19 17 24 -17 26 22 -20 -21 -22 -23 -24 29 -26 -27 -28 -29 -30 -31
leaf_value=0.57709359013157568 0.56877647754565142 0.5900283115106929 0.5876343277774364 0.58781201394722016 0.60320928280094421 0.59528319542631702 0.57102584291202318 0.58939492901329471 0.57113216159317792 0.58992402118406162 0.58485446725103307 0.59117687204143476 0.59746326031318542 0.60064590735936496 0.59643836605727074 0.59322811581000567 0.60291385007105591 0.60257817455233675 0.59631812043237464 0.59299086827565906 0.59760397323616421 0.60305238227971925 0.60549146831035616 0.6011789891701802 0.60284602494649919 0.61299182057998636 0.60330247404235626 0.5993105859157325 0.60729717678925921 0.60669497804012851
leaf_weight=6378 4710 8326 5408 8065 8650 4627 5548 4698 6939 4706 8840 6817 8623 10446 5202 4504 13697 7083 4545 4586 9447 12570 4657 4678 9372 49698 10560 15191 41587 32119
leaf_count=6378 4710 8326 5408 8065 8650 4627 5548 4698 6939 4706 8840 6817 8623 10446 5202 4504 13697 7083 4545 4586 9447 12570 4657 4678 9372 49698 10560 15191 41587 32119
internal_value=0.596732 0.597866 0.591018 0.582947 0.593504 0.5992 0.574643 0.599762 0.588629 0.595266 0.588768 0.597069 0.596994 0.600197 0.596759 0.591828 0.598839 0.600595 0.594502 0.59793 0.598659 0.598454 0.600951 0.599817 0.598192 0.601051 0.599228 0.59887 0.600645 0.600171
internal_weight=332277 307015 50044 25262 43666 256971 10258 224820 15004 32151 18752 24914 30477 194343 23825 9912 44075 150268 9251 25779 18097 21193 103025 47243 14574 98368 39448 28888 48670 36797
internal_count=332277 307015 50044 25262 43666 256971 10258 224820 15004 32151 18752 24914 30477 194343 23825 9912 44075 150268 9251 25779 18097 21193 103025 47243 14574 98368 39448 28888 48670 36797
is_linear=0
shrinkage=1


Tree=1
num_leaves=31
num_cat=0
split_feature=3 8 2 8 5 2 8 5 2 3 2 6 9 3 0 7 2 8 7 5 9 9 7 9 3 3 5 7 7 2
split_gain=1999.48 615.475 518.741 307.769 299.115 179.424 156.708 125.031 93.4925 91.29 63.6421 61.4461 36.7642 53.3331 34.9909 34.1562 27.7265 24.0673 21.0111 18.8371 18.0061 17.453 11.2878 10.9757 10.5686 5.98141 5.63404 4.92881 4.67243 4.31793
threshold=-26.315370914999995 0.93643926100000019 7.5000000000000009 0.78344438100000013 10.500000000000002 6.5000000000000009 0.78344438100000013 6.5000000000000009 6.5000000000000009 -2.8488577389999996 5.5000000000000009 1.5000000000000002 18.500000000000004 -9.9067643604999969 113.50000000000001 0.86803575000000011 4.5000000000000009 1.0025047235000002 0.9543694155000001 9.5000000000000018 19.500000000000004 20.500000000000004 1.0038369515000001 23.500000000000004 0.44142719550000004 -9.9067643604999969 15.500000000000002 1.0132845280000002 1.0233017285000001 3.5000000000000004
decision_type=2 2 2 2 2 2 2 2 2 2 2 2 2 2 2 2 2 2 2 2 2 2 2 2 2 2 2 2 2 2
left_child=2 4 3 -1 6 9 -2 -5 15 11 17 16 13 -8 20 -6 18 -9 19 -3 22 24 -11 25 -17 28 -23 -13 -20 -22
right_child=1 5 -4 7 8 -7 12 10 -10 14 -12 27 -14 -15 -16 21 -18 -19 23 -21 29 26 -24 -25 -26 -27 -28 -29 -30 -31
leaf_value=-0.017528751826211119 -0.015521151634647557 -0.0024451313290691241 -0.027754085693577804 -0.015024463316299362 -0.0039714156733862823 -0.014082399119790395 -0.014040934370851766 -0.0056338911766273675 -0.016349842548111566 0.0038446763103404725 -0.011794707667792352 -0.0040786128887015938 -0.0025711389806874416 -0.0064867172410318702 -0.0025108548163089162 -0.0023558322633524904 -0.0011421078944379548 0.00069599591381110353 0.00042715244313567906 0.003165968455790296 0.013844645124481088 0.0017627346807626357 0.0096866730150523273 0.0078951819187991854 0.0027074070252688987 0.005645639632324239 0.0076230575943552932 -0.0015617895738022545 0.0045478926341810597 0.011267009664734283
leaf_weight=4973 4601 4848 6680 6568 5100 5472 4630 7459 5394 15093 7395 4502 4710 7515 4635 6429 8749 5908 5646 7776 65885 6062 39543 26433 6561 19823 10635 4502 6312 12461
leaf_count=4973 4601 4848 6680 6568 5100 5472 4630 7459 5394 15093 7395 4502 4710 7515 4635 6429 8749 5908 5646 7776 65885 6062 39543 26433 6561 19823 10635 4502 6312 12461
internal_value=8.65171e-05 0.00150052 -0.0105516 -0.00792636 -0.0029398 0.00268187 -0.00770561 -0.00584233 -0.000394291 0.00289833 -0.00393846 0.00164629 -0.00547005 -0.00692387 0.00370424 0.000555731 0.00208922 -0.00187818 0.00241718 0.000567741 0.00385308 0.00120521 0.00315569 0.00281815 -0.000169296 0.00219137 0.00227428 -0.00226773 0.00130736 0.00433919
internal_weight=332300 293317 38983 32303 61637 231680 21456 27330 40181 226208 20762 88591 16855 12145 137617 34787 79587 13367 70838 12624 132982 29687 54636 58214 12990 31781 16697 9004 11958 78346
internal_count=332300 293317 38983 32303 61637 231680 21456 27330 40181 226208 20762 88591 16855 12145 137617 34787 79587 13367 70838 12624 132982 29687 54636 58214 12990 31781 16697 9004 11958 78346
is_linear=0
shrinkage=0.05


Tree=2
num_leaves=31
num_cat=0
split_feature=3 8 2 4 4 2 4 2 2 6 4 4 2 4 1 3 8 9 8 4 2 6 9 2 1 9 8 5 8 5
split_gain=1813.57 529.284 527.52 375.033 298.8 207.821 130.691 96.1685 95.9959 57.9827 50.6019 45.344 44.0862 40.65 30.5844 31.5994 29.6764 26.1149 21.8773 16.7424 12.9783 12.9687 7.4163 7.00112 6.1863 5.73191 5.83657 4.77497 4.38109 4.12825
threshold=-25.298446444499998 0.88734975450000009 7.5000000000000009 0.51481931355890931 0.65432679673362382 5.5000000000000009 0.80650813903758589 6.5000000000000009 5.5000000000000009 1.5000000000000002 0.81815611947937217 0.63312286171054521 6.5000000000000009 0.69180060699387691 7.5000000000000009 7.4488068425000007 1.0052361115000001 13.500000000000002 1.0025047235000002 0.71193700132673154 1.0000000180025095e-35 1.5000000000000002 9.5000000000000018 2.5000000000000004 17.500000000000004 27.500000000000004 1.2957820940000002 9.5000000000000018 0.97265127900000015 13.500000000000002
decision_type=2 2 2 10 8 2 8 2 2 2 10 10 2 10 2 2 2 2 2 10 2 2 2 2 2 2 2 2 2 2
left_child=2 4 3 -1 -2 6 9 10 11 16 -6 -5 24 -10 -8 18 19 -12 22 -3 -18 25 -16 -19 -7 26 -20 -22 -13 -24
right_child=1 5 -4 8 7 12 14 -9 13 -11 17 28 -14 -15 15 -17 20 23 21 -21 27 -23 29 -25 -26 -27 -28 -29 -30 -31
leaf_value=-0.017580169700854784 -0.014382859464263962 -0.0036922158091784196 -0.026360947656634989 -0.0056403469288904308 -0.0055398229326238165 0.0012702356115492678 -0.0014716410441596741 -0.018835900925876139 -0.013900328491385056 -0.0060466401845821506 -0.0039198705822197583 -0.0011715880526445399 -0.014008953236832372 -0.0075797444369051798 -0.00014158322496658689 0.014681500944762166 0.0062104438063324847 0.0061744114753519265 0.0061289436905807518 0.002181740729833776 0.00059283486389815937 0.0023654481002444161 0.0016635918696468373 0.0010823046281795777 -0.0051776329677533312 0.010477054832679172 0.0097625075701316955 0.0037563991123483356 0.001845547816516182 0.0053447434683520992
leaf_weight=7906 6006 8198 6888 6774 6586 4739 5227 5269 5536 5169 6727 4541 7222 4979 4579 64919 12914 6203 30191 5092 11168 5221 6910 9042 4635 32843 17085 12906 4972 11749
leaf_count=7906 6006 8198 6888 6774 6586 4739 5227 5269 5536 5169 6727 4541 7222 4979 4579 64919 12914 6203 30191 5092 11168 5221 6910 9042 4635 32843 17085 12906 4972 11749
internal_value=0.000150903 0.00154867 -0.00961323 -0.00710281 -0.00380504 0.00239913 0.00278233 -0.00197934 -0.00427836 0.000661563 -0.000833596 -0.001873 -0.00300705 -0.00800143 0.00344024 0.00355376 0.00118012 0.00031897 0.00303169 -0.000846183 0.0019082 0.00340207 0.00167104 0.00146393 -0.000744216 0.00355942 0.00320594 0.00122181 0.000353541 0.00211343
internal_weight=332196 290600 41596 34708 39833 250767 234171 33827 26802 55447 28558 16287 16596 10515 178724 173497 50278 21972 108578 13290 36988 85340 23238 15245 9374 80119 47276 24074 9513 18659
internal_count=332196 290600 41596 34708 39833 250767 234171 33827 26802 55447 28558 16287 16596 10515 178724 173497 50278 21972 108578 13290 36988 85340 23238 15245 9374 80119 47276 24074 9513 18659
is_linear=0
shrinkage=0.05


Tree=3
num_leaves=31
num_cat=0
split_feature=3 8 4 4 8 9 7 3 9 0 9 3 9 4 4 8 4 7 8 8 9 7 7 4 8 3 9 7 3 0
split_gain=1645.03 503.192 368.25 301.016 217.693 146.629 136.262 107.542 80.5197 63.1438 60.1173 48.2872 37.1679 30.9567 28.7916 27.0544 22.3173 20.6153 20.4714 13.316 12.7762 10.0741 9.13431 7.67242 7.65419 7.45062 7.43923 6.22441 5.30841 4.71925
threshold=-26.315370914999995 0.93643926100000019 0.52369155028788228 0.73120486283240538 0.89565229550000003 20.500000000000004 0.8943654055000001 -7.8169968154999987 13.500000000000002 114.50000000000001 16.500000000000004 -38.247401349999997 20.500000000000004 1.0830115508014566 0.63312286171054521 1.0299972105000001 1.0330200618230949 1.0038369515000001 0.94631593150000015 0.87106510550000016 36.500000000000007 0.95516812250000005 0.90085482550000007 1.0935021903251465 1.2463057665000001 -13.941674392999998 24.500000000000004 0.93036914000000015 -14.706182936999999 91.500000000000014
decision_type=2 2 10 10 2 2 2 2 2 2 2 2 2 10 10 2 10 2 2 2 2 2 2 10 2 2 2 2 2 2
left_child=2 3 4 6 -1 14 -2 10 13 12 15 -7 17 19 -4 -3 22 27 -13 -5 21 -12 -10 -14 -19 -17 -24 -9 -23 -18
right_child=1 7 5 8 -6 11 -8 9 16 -11 20 18 23 -15 -16 25 29 24 -20 -21 -22 28 26 -25 -26 -27 -28 -29 -30 -31
leaf_value=-0.02194102933711569 -0.013634941973770871 -0.0074117894203340629 -0.017921301086740633 -0.010267507382775851 -0.017225248161778051 -0.010373658399757027 -0.0092913120673104709 -0.00076983492407300892 -0.0017913611075464253 -0.0084797239832445411 -0.0012613231532406684 -0.0071347372543748904 0.0084065164071205761 -0.00067547514027643915 -0.013816850642801942 -0.0037797845836825155 0.0075066421523244664 0.0067299849380388216 0.00041622171220389009 -0.0054754527035250113 0.0067460847724690395 0.0015264636243064323 -0.0017665542109917835 0.014597801355815225 0.0090953920550689744 0.0011562655566817153 0.0030589493768994704 0.0032857137877796727 0.0051870219937748385 0.0042064291603367849
leaf_weight=4545 5069 6486 4771 6921 5127 5498 7610 4549 6122 4990 4907 4677 40283 5411 8045 4843 7468 26731 6261 4593 12899 10666 5956 48967 27504 7787 7930 19424 11392 4541
leaf_count=4545 5069 6486 4771 6921 5127 5498 7610 4549 6122 4990 4907 4677 40283 5411 8045 4843 7468 26731 6261 4593 12899 10666 5956 48967 27504 7787 7930 19424 11392 4541
internal_value=0.000226115 0.00150892 -0.00943076 -0.00250617 -0.0178867 -0.00663226 -0.00937047 0.00257802 -0.000727113 0.00320835 0.000734933 -0.00350465 0.00337352 -0.00351595 -0.0106404 -0.00157 0.000747455 0.00257745 -0.00158183 -0.00498133 0.00184028 0.0012208 -0.000275321 0.00407092 0.00311716 -0.000221606 0.000434094 0.00135603 0.00167656 0.00245089
internal_weight=331973 293049 38924 61621 9672 29252 12679 231428 48942 172448 58980 16436 167458 16925 12816 19116 32017 78208 10938 11514 39864 26965 20008 89250 54235 12630 13886 23973 22058 12009
internal_count=331973 293049 38924 61621 9672 29252 12679 231428 48942 172448 58980 16436 167458 16925 12816 19116 32017 78208 10938 11514 39864 26965 20008 89250 54235 12630 13886 23973 22058 12009
is_linear=0
shrinkage=0.05


Tree=4
num_leaves=31
num_cat=0
split_feature=2 8 5 1 3 2 5 3 5 8 3 2 1 8 2 1 3 6 1 7 7 3 8 9 9 1 8 2 9 2
split_gain=1501.23 665.116 361.307 292.97 199.027 169.324 111.698 78.2523 74.6889 68.4055 53.2222 41.6583 39.2479 37.8333 36.1592 32.6914 29.8842 20.7486 18.474 17.3516 17.2985 16.6894 12.5217 11.8424 10.4079 10.2412 10.1084 8.21479 7.74791 6.77248
threshold=6.5000000000000009 0.88416965650000012 5.5000000000000009 29.500000000000004 -12.712897638499998 7.5000000000000009 11.500000000000002 -32.422926974499994 6.5000000000000009 0.77793374000000004 2.2660851460000004 3.5000000000000004 6.5000000000000009 1.0025047235000002 4.5000000000000009 38.500000000000007 0.15255541600000003 1.5000000000000002 63.500000000000007 0.91047063400000006 0.8943654055000001 -17.286409209999995 1.0143242110000001 23.500000000000004 29.500000000000004 66.500000000000014 1.2592987655000003 1.5000000000000002 24.500000000000004 4.5000000000000009
decision_type=2 2 2 2 2 2 2 2 2 2 2 2 2 2 2 2 2 2 2 2 2 2 2 2 2 2 2 2 2 2
left_child=1 2 -1 5 8 21 9 -7 11 -4 13 -3 -12 19 18 -16 20 26 -10 -6 -8 -2 -20 27 29 -11 28 -21 -15 -14
right_child=3 4 6 -5 10 7 16 -9 14 25 12 -13 24 17 15 -17 -18 -19 22 23 -22 -23 -24 -25 -26 -27 -28 -29 -30 -31
leaf_value=-0.015065967009127636 -0.0087680755965872745 -0.0024869662269071903 -0.011073729514480334 -0.023593907335117653 -0.0029266890746236732 -0.023480972848527525 -0.0050207374649687692 -0.020126028670758661 0.0040264833028738614 -0.0041378090197590834 -0.0027856663387663297 -0.0091785255993156456 0.0091133760163739311 0.0037743432771130238 -2.2670093637564883e-05 -0.0067852433841809143 0.0044131850489618034 -0.00044489825186503468 -0.0046765331805040588 0.0019006284338524998 -0.00091713109399399668 -0.0044351604860897792 0.0018146340280017861 0.0051367704801078586 0.014496761954686917 -0.0074030982198333073 0.0081700787032925864 -0.0024465460928343227 0.0072198627364930823 0.0059390718056361574
leaf_weight=6707 5027 5542 4592 4734 4505 4533 4762 6269 18691 5138 4774 4649 44772 29145 8933 4535 9584 5874 4500 7996 7920 4703 8723 6422 46415 4530 30955 5784 15863 5807
leaf_count=6707 5027 5542 4592 4734 4505 4533 4762 6269 18691 5138 4774 4649 44772 29145 8933 4535 9584 5874 4500 7996 7920 4703 8723 6422 46415 4530 30955 5784 15863 5807
internal_value=0.000285268 0.00124914 -0.00449917 -0.0114289 0.00219097 -0.00883965 -0.00253949 -0.013148 -0.000467541 -0.00599369 0.0029002 -0.00433454 0.00371798 0.00211893 0.000401216 -0.00177095 -0.000326433 0.0026366 0.00131802 0.000404055 -0.0019185 -0.00405239 -0.000112262 0.00102984 0.00393581 -0.00360385 0.00285798 0.00020312 0.00237909 0.00343874
internal_weight=332384 307118 43233 25266 263885 20532 36526 10802 55573 14260 208312 10191 101768 106544 45382 13468 22266 81837 31914 24707 12682 9730 13223 20202 96994 9668 75963 13780 45008 50579
internal_count=332384 307118 43233 25266 263885 20532 36526 10802 55573 14260 208312 10191 101768 106544 45382 13468 22266 81837 31914 24707 12682 9730 13223 20202 96994 9668 75963 13780 45008 50579
is_linear=0
shrinkage=0.05


Tree=5
num_leaves=31
num_cat=0
split_feature=4 8 4 8 6 8 6 8 0 0 4 4 9 9 6 4 8 4 8 0 0 9 7 8 8 0 9 5 5 8
split_gain=1154.42 733.72 291.201 234.635 178.367 103.182 99.8742 60.2693 51.3947 47.1952 45.7053 36.1969 33.3095 33.0148 32.077 24.8961 19.7551 18.613 12.9895 12.7402 11.7164 11.1751 10.3224 9.62965 9.15073 8.6653 8.1564 8.12647 7.54783 5.72914
threshold=0.73883510777368866 0.89565229550000003 0.52369155028788228 1.0025047235000002 1.5000000000000002 1.0616339585000001 1.5000000000000002 0.78344438100000013 113.50000000000001 59.500000000000007 0.98877495332736143 1.0330200618230949 19.500000000000004 22.500000000000004 1.5000000000000002 0.63832095183014004 0.88734975450000009 1.0666091571406124 1.0025047235000002 108.50000000000001 21.500000000000004 35.500000000000007 0.91220460200000009 1.2957820940000002 0.87376978000000005 47.500000000000007 19.500000000000004 17.500000000000004 8.5000000000000018 1.2428557500000001
decision_type=8 2 10 2 2 2 2 2 2 2 10 10 2 2 2 10 2 10 2 2 2 2 2 2 2 2 2 2 2 2
left_child=1 2 -1 6 5 9 10 -4 11 18 13 14 -9 16 21 -11 -2 24 -3 27 -7 23 -15 -5 -8 -18 29 -12 -22 -13
right_child=3 4 7 8 -6 20 17 12 -10 15 19 26 -14 22 -16 -17 25 -19 -20 -21 28 -23 -24 -25 -26 -27 -28 -29 -30 -31
leaf_value=-0.017686891920559639 -0.006219676337774465 -0.0040657574432661232 -0.013755164872443174 0.0041053570953017383 -0.014455336711838185 0.0043067352084026093 -0.010992265185083594 -0.013101302052618252 -0.0062316049056378416 -0.011018112324885698 0.0032603727956739756 0.0065797346431962743 -0.0055073519779610253 -0.00090822797588622313 -0.0015994288905265969 -0.0067208226104515933 0.0013145763580568472 -0.002819467289202654 0.00086190627644075219 -0.00081805018415244391 -0.0028569957499268279 0.0086344429280753015 0.0032478248636376148 0.0074847902089713418 -0.0076147034503711549 -0.0048027399557852672 0.012428102969898332 0.0078337199433504111 0.001949671201691794 0.010315669731335231
leaf_weight=8498 8021 10024 4697 33970 7497 13268 4692 5184 5281 5040 12446 15163 4761 5308 6383 4716 5016 4508 4670 4712 5018 19890 13740 14870 6072 5614 56525 13715 8975 13460
leaf_count=8498 8021 10024 4697 33970 7497 13268 4692 5184 5281 5040 12446 15163 4761 5308 6383 4716 5016 4508 4670 4712 5018 19890 13740 14870 6072 5614 56525 13715 8975 13460
internal_value=0.000307079 -0.00482569 -0.0123742 0.002002 -0.00187476 -0.000829434 -0.000153013 -0.00809654 0.00309344 -0.00318749 0.000661446 0.00325337 -0.00588693 -0.00050671 0.00245301 -0.00588259 -0.00200177 -0.00380899 -0.00139669 0.00208773 0.00128567 0.00276788 0.00095733 0.00236053 -0.00493825 -0.000587682 0.00395923 0.00251873 0.000276111 0.00327005
internal_weight=331734 82348 23140 249386 59208 51711 83844 14642 165542 24450 68572 160261 9945 37699 75113 9756 18651 15272 14694 30873 27261 68730 19048 48840 10764 10630 85148 26161 13993 28623
internal_count=331734 82348 23140 249386 59208 51711 83844 14642 165542 24450 68572 160261 9945 37699 75113 9756 18651 15272 14694 30873 27261 68730 19048 48840 10764 10630 85148 26161 13993 28623
is_linear=0
shrinkage=0.05


Tree=6
num_leaves=31
num_cat=0
split_feature=3 8 4 4 9 3 9 6 3 0 3 3 3 7 3 9 4 7 9 3 7 8 7 7 9 6 3 6 8 0
split_gain=1265.76 376.556 312.09 211.581 114.341 95.8165 81.1061 64.7078 50.4431 45.6723 35.9081 31.3457 23.7704 23.1674 21.7784 20.1459 18.4808 13.8261 13.1656 12.6286 11.0869 10.4921 9.62183 8.31275 7.90338 7.75632 5.33706 4.79024 4.76623 4.59987
threshold=-26.315370914999995 0.93834529050000015 0.51481931355890931 0.5882475888489489 21.500000000000004 -2.6000382699999993 15.500000000000002 1.5000000000000002 -44.551801724999997 114.50000000000001 -38.247401349999997 -5.6146964444999989 -35.52671379249999 1.0251857335000003 7.4488068425000007 28.500000000000004 1.054011042644299 1.0000053235000002 7.5000000000000009 -11.582993547999999 0.97536380700000014 0.82440334850000008 1.0222017195000002 0.94873068150000017 23.500000000000004 1.0000000180025095e-35 -16.965990684499996 1.0000000180025095e-35 1.2922678700000001 107.50000000000001
decision_type=2 2 10 8 2 2 2 2 2 2 2 2 2 2 2 2 10 2 2 2 2 2 2 2 2 2 2 2 2 2
left_child=2 3 8 -2 12 7 11 13 -1 14 -6 -5 -4 15 17 19 21 25 -13 -3 -12 -8 -9 -21 -23 -7 -17 -15 -19 -16
right_child=1 5 4 6 10 9 16 22 -10 -11 20 18 -14 27 29 26 -18 28 -20 23 -22 24 -24 -25 -26 -27 -28 -29 -30 -31
leaf_value=-0.01949646669940391 -0.011568855510369415 -0.0019858675606788212 -0.015854203309870037 -0.0090488680941832565 -0.0089304043174463481 0.0040496299576506774 -0.0023755784525784167 -0.006241174535196967 -0.016008198464327907 -0.0063085035392492512 -0.0042614620404588998 -0.0057777299907151181 -0.0098118340560920878 0.0064931081580924272 0.012105359580198108 0.0019818217765734925 0.006637488318970707 0.0064521544397437612 -0.00082706654257111141 -0.0011893394957724389 0.0015269680873247027 -0.00190788274041284 -0.0014829972998962589 0.0031178915429734781 0.0021359076049639494 0.00065780811485349571 0.0055213543255384885 0.0037216457416195271 0.0095053916613053336 0.0096700579420747612
leaf_weight=4505 6844 11443 7116 8577 5531 13063 7322 5900 4500 4607 5375 6921 6794 22332 59515 4690 10159 26279 7467 4673 5208 5073 4558 12195 10254 6954 10941 16750 21240 5591
leaf_count=4505 6844 11443 7116 8577 5531 13063 7322 5900 4500 4607 5375 6921 6794 22332 59515 4690 10159 26279 7467 4673 5208 5073 4558 12195 10254 6954 10941 16750 21240 5591
internal_value=0.000352712 0.00147822 -0.00810588 -0.00196041 -0.00565553 0.00241144 -0.000941859 0.00117674 -0.016268 0.00325233 -0.00278739 -0.0032205 -0.00897592 0.00164364 0.00342232 0.000855804 0.0006534 0.00279282 -0.00179323 6.02135e-05 -0.00108 -0.000141476 -0.00252891 0.000929888 0.000602335 0.00168989 0.0022963 0.00252923 0.0032572 0.00407504
internal_weight=332377 293348 39029 62617 30024 230731 55773 93482 9005 137249 16114 22965 13910 83024 132642 43942 32808 67536 14388 28311 10583 22649 10458 16868 15327 20017 15631 39082 47519 65106
internal_count=332377 293348 39029 62617 30024 230731 55773 93482 9005 137249 16114 22965 13910 83024 132642 43942 32808 67536 14388 28311 10583 22649 10458 16868 15327 20017 15631 39082 47519 65106
is_linear=0
shrinkage=0.05


Tree=7
num_leaves=31
num_cat=0
split_feature=2 4 8 4 4 7 2 0 2 2 0 7 9 4 4 8 4 8 6 0 9 8 9 8 4 4 9 0 2 2
split_gain=1278.78 537.931 397.27 291.694 152.082 120.611 111.445 103.367 88.5095 68.9243 49.5439 36.0554 35.0554 31.6026 18.4424 16.6469 15.0631 13.2976 12.9156 12.0785 10.4714 8.19459 7.29964 6.50643 5.96775 5.19931 4.24518 4.01536 3.38296 2.90574
threshold=6.5000000000000009 0.64887298102333657 0.88416965650000012 0.73883510777368866 0.52369155028788228 0.92120249550000011 3.5000000000000004 97.500000000000014 4.5000000000000009 7.5000000000000009 73.500000000000014 1.0233017285000001 16.500000000000004 0.98877495332736143 0.8095376440316665 0.89296422700000011 0.87970052935698539 1.0052361115000001 1.5000000000000002 113.50000000000001 31.500000000000004 1.2428557500000001 26.500000000000004 1.2592987655000003 1.0094632276580866 0.96008366783430221 8.5000000000000018 104.50000000000001 1.5000000000000002 1.0000000180025095e-35
decision_type=2 8 2 10 10 2 2 2 2 2 2 2 2 10 10 2 10 2 2 2 2 2 2 2 10 10 2 2 2 2
left_child=1 2 4 7 -1 12 11 -2 13 -5 -10 17 16 15 -14 -7 -3 -4 22 25 21 26 23 -17 -16 -12 -15 -22 -25 -13
right_child=3 5 6 9 -6 8 -8 -9 10 -11 19 29 14 20 24 18 -18 -19 -20 -21 27 -23 -24 28 -26 -27 -28 -29 -30 -31
leaf_value=-0.014565075647139963 -0.020482330032283572 -0.0053871486315554664 -0.0043439058656060967 -0.0059949789024804287 -0.0062202370883879515 -0.0008455388798233283 -0.0078451478001325143 -0.018723666591539827 -0.0078968170577168456 -0.020824835127374909 0.0013908809691508147 0.0062800531996171863 -0.0022971485890316205 0.0037866507191383816 0.00095812207521647763 0.0033604524406822944 -0.0019025534790317209 0.00042021650563887886 0.00011241690037112683 -0.0041039849981729408 0.012509396869934089 0.0096629571683831458 0.0063029922542533236 0.0072882011614803554 0.0047120626142096783 0.0058212402073454491 0.006587771498763207 0.010380974753754851 0.0030218984932705762 0.0036233156009481795
leaf_weight=6506 4596 5189 7921 8260 5210 5665 8151 5339 4654 7081 14569 5589 5972 7616 7560 27274 5146 9293 5207 4782 41138 26061 30876 7812 5954 12229 30117 4882 5381 6118
leaf_count=6506 4596 5189 7921 8260 5210 5665 8151 5339 4654 7081 14569 5589 5972 7616 7560 27274 5146 9293 5207 4782 41138 26061 30876 7812 5954 12229 30117 4882 5381 6118
internal_value=0.000407011 0.00129746 -0.0035171 -0.0104019 -0.0115408 0.00220765 -0.000980122 -0.0170749 0.00259833 -0.00607618 0.000331687 0.000475524 -0.000782706 0.003026 0.000465856 0.00228442 -0.00313588 -0.000980312 0.00247796 0.00104163 0.00358107 0.00316572 0.0026534 0.00221103 0.00148828 0.00145469 0.00269397 0.00415644 0.00312282 0.00261569
internal_weight=332148 306872 48788 25276 11716 258084 37072 9935 228263 15341 36234 28921 29821 192029 19486 82215 10335 17214 76550 31580 109814 63794 71343 40467 13514 26798 37733 46020 13193 11707
internal_count=332148 306872 48788 25276 11716 258084 37072 9935 228263 15341 36234 28921 29821 192029 19486 82215 10335 17214 76550 31580 109814 63794 71343 40467 13514 26798 37733 46020 13193 11707
is_linear=0
shrinkage=0.05


Tree=8
num_leaves=31
num_cat=0
split_feature=2 4 8 4 4 8 2 0 2 7 2 7 9 3 4 0 8 2 0 2 9 7 0 8 2 0 0 5 3 4
split_gain=1155.02 496.526 358.274 262.289 136.027 110.434 101.209 89.5502 59.2492 53.5746 48.4706 31.5163 28.5328 27.2774 16.4912 15.7011 12.5236 12.1375 24.6755 11.0044 9.68555 11.1353 9.48767 11.7406 9.43343 8.15393 6.49011 6.11048 5.0002 4.78781
threshold=6.5000000000000009 0.64887298102333657 0.88416965650000012 0.73883510777368866 0.52369155028788228 1.0025047235000002 3.5000000000000004 97.500000000000014 7.5000000000000009 0.86803575000000011 4.5000000000000009 1.0233017285000001 22.500000000000004 8.7236352970000013 0.85301778084222335 83.500000000000014 1.0052361115000001 4.5000000000000009 90.500000000000014 2.5000000000000004 32.500000000000007 0.98477545750000017 68.500000000000014 0.88734975450000009 1.5000000000000002 62.500000000000007 105.50000000000001 13.500000000000002 -6.7641791689999993 0.89403782176714686
decision_type=2 8 2 10 10 2 2 2 2 2 2 2 2 2 10 2 2 2 2 2 2 2 2 2 2 2 2 2 2 10
left_child=1 2 4 7 -1 9 11 -2 -5 14 13 16 17 20 -3 -12 -4 22 -19 29 21 -7 23 -11 -23 -26 -15 -21 -17 -14
right_child=3 5 6 8 -6 10 -8 -9 -10 12 15 -13 19 26 -16 28 -18 18 -20 27 -22 24 -24 -25 25 -27 -28 -29 -30 -31
leaf_value=-0.013888320125368279 -0.019427415415936036 -0.004645431811835102 -0.0041119854732684447 -0.0058280118972137982 -0.0057376427052098196 0.0017934460520182664 -0.0076307963539609669 -0.017543163956526334 -0.019404421581158834 -0.0026005574527623778 -0.0039945950061792395 0.0045771956419208698 0.0026750390526291434 0.012020949727136892 -0.0012005999893835244 0.00032263635726116906 0.00047922146723378459 -0.0068905519171650375 0.0014024356174279814 0.00026353934219917549 0.007697829849662054 0.0069637763599017209 0.0056758608243833372 0.002069308748862529 0.0029785812855566236 0.0068595883266912173 0.0097762840848944158 0.00514554939364703 0.0065090728909270174 0.0083947047523720911
leaf_weight=6509 4663 4502 7848 8286 5215 14366 8194 5270 7029 6126 4743 11724 4664 44721 4806 5244 9311 4557 8211 7080 30598 33169 5454 13561 19556 9547 4815 13440 8227 10212
leaf_count=6509 4663 4502 7848 8286 5215 14366 8194 5270 7029 6126 4743 11724 4664 44721 4806 5244 9311 4557 8211 7080 30598 33169 5454 13561 19556 9547 4815 13440 8227 10212
internal_value=0.000460994 0.00130807 -0.00331609 -0.00981705 -0.0109327 0.00218415 -0.000906504 -0.0161436 -0.00570986 0.000677395 0.00289546 0.00048515 0.00113116 0.0031791 -0.00289488 0.000453922 -0.000880039 0.000177903 -0.00107727 0.00215192 0.00273058 0.00242997 0.000815438 0.000303931 0.00271946 0.0020618 0.00414969 0.00140073 0.00132495 0.00318729
internal_weight=331648 306400 48801 25248 11724 257599 37077 9933 15315 82613 174986 28883 73305 156772 9308 18214 17159 37909 12768 35396 107236 76638 25141 19687 62272 29103 49536 20520 13471 14876
internal_count=331648 306400 48801 25248 11724 257599 37077 9933 15315 82613 174986 28883 73305 156772 9308 18214 17159 37909 12768 35396 107236 76638 25141 19687 62272 29103 49536 20520 13471 14876
is_linear=0
shrinkage=0.05


Tree=9
num_leaves=31
num_cat=0
split_feature=3 8 4 4 9 7 9 4 6 4 3 3 1 4 7 7 7 6 8 3 5 9 9 9 8 6 6 4 3 3
split_gain=909.039 292.948 279.726 145.038 105.182 76.0642 74.5176 55.6344 37.6649 35.2601 34.0838 33.4714 24.3702 17.9226 15.9581 13.9161 13.2982 13.3477 12.9245 12.8132 12.1231 12.019 10.2033 8.23017 6.96316 5.96454 4.40275 3.73332 3.5784 3.55158
threshold=-26.315370914999995 1.0025047235000002 0.44216914617872494 0.64887298102333657 21.500000000000004 0.90684916650000014 15.500000000000002 0.98877495332736143 1.5000000000000002 0.57551723420865308 -38.247401349999997 -4.0893626474999989 7.5000000000000009 1.1329029306833049 0.98477545750000017 0.91047063400000006 0.92120249550000011 1.5000000000000002 0.94631593150000015 10.196841280000003 10.500000000000002 10.500000000000002 27.500000000000004 25.500000000000004 1.2957820940000002 1.0000000180025095e-35 1.0000000180025095e-35 0.80650813903758589 -11.139026861999998 -6.7641791689999993
decision_type=2 2 10 8 2 2 2 10 2 10 2 2 2 10 2 2 2 2 2 2 2 2 2 2 2 2 2 10 2 2
left_child=2 3 -1 5 9 -2 11 8 14 -4 -6 20 -9 15 22 -8 -13 -18 -12 24 -5 -11 29 -17 26 28 -14 -27 -16 -3
right_child=1 7 4 6 10 -7 13 12 -10 21 18 16 19 -15 25 23 17 -19 -20 -21 -22 -23 -24 -25 -26 27 -28 -29 -30 -31
leaf_value=-0.017431329344529605 -0.0097104753598749177 -0.0011375303201727658 -0.01342816778274188 -0.0089151917664708792 -0.0071437161420163826 -0.0047997536984891037 -0.0009766023832743912 -0.00026977605135781595 -0.0024086205054045405 -0.013477147712877214 -0.0050363877380695324 -0.0040810227902967769 0.0059685460920049175 0.0080357314091003031 0.0042088994239243265 0.00039706511256244715 0.0020852959008313254 -0.0044680618687777006 0.0011759147554926931 0.011624901235916281 -0.004577738430319409 -0.0085285848090151835 0.004099255348382725 0.0034230497096867062 0.0094305591067586902 0.0021760934692686708 0.00379473543981433 0.0045721312021964585 0.0063070104912431695 0.0012090315504931614
leaf_weight=4644 4798 6472 4576 5833 7129 8618 10546 4823 8226 4629 4762 5042 18577 12256 10904 11982 10422 4930 6466 46940 7139 6700 7166 17977 19424 10954 12032 13632 28649 5865
leaf_count=4644 4798 6472 4576 5833 7129 8618 10546 4823 8226 4629 4762 5042 18577 12256 10904 11982 10422 4930 6466 46940 7139 6700 7166 17977 19424 10954 12032 13632 28649 5865
internal_value=0.000518837 0.00147175 -0.00666187 -0.000732661 -0.00509937 -0.00556739 2.07242e-05 0.00260481 0.00171258 -0.00807511 -0.00251961 -0.00182853 0.00340989 0.00119026 0.00203008 0.000683165 -0.000565224 0.000166699 -0.000802101 0.00358241 -0.00381367 -0.00657358 0.000777374 0.00123298 0.003025 0.0024109 0.00255422 0.00179863 0.00279122 -9.43929e-05
internal_weight=332113 293207 38906 99543 34262 13416 86127 193664 91868 15905 18357 33366 101796 52761 83642 40505 20394 15352 11228 96973 12972 11329 19503 29959 50033 64139 30609 24586 39553 12337
internal_count=332113 293207 38906 99543 34262 13416 86127 193664 91868 15905 18357 33366 101796 52761 83642 40505 20394 15352 11228 96973 12972 11329 19503 29959 50033 64139 30609 24586 39553 12337
is_linear=0
shrinkage=0.05


Tree=10
num_leaves=31
num_cat=0
split_feature=2 4 8 4 8 2 0 8 2 7 3 2 0 2 0 4 5 0 4 2 0 2 8 8 3 7 3 2 0 2
split_gain=1010.72 394.732 289.066 224.112 93.1287 91.2118 76.719 58.9434 49.9095 38.4231 34.2444 33.5316 29.7819 18.0955 21.5076 16.9218 16.2844 13.716 12.6848 8.90495 8.75802 10.8896 8.36465 6.0362 5.52728 4.63858 4.58797 4.471 4.3275 4.25349
threshold=6.5000000000000009 0.66431621243611516 0.8176335815000001 0.72737128769017889 1.0283053655000003 4.5000000000000009 98.500000000000014 1.0052361115000001 7.5000000000000009 0.8943654055000001 4.1743087730000008 4.5000000000000009 82.500000000000014 3.5000000000000004 67.500000000000014 0.8095376440316665 13.500000000000002 110.50000000000001 0.49696860249111285 1.0000000180025095e-35 57.500000000000007 1.5000000000000002 1.2592987655000003 0.88734975450000009 10.196841280000003 1.0517352690000001 10.196841280000003 4.5000000000000009 110.50000000000001 3.5000000000000004
decision_type=2 8 2 10 2 2 2 2 2 2 2 2 2 2 2 10 2 2 10 2 2 2 2 2 2 2 2 2 2 2
left_child=1 2 -1 6 9 7 -2 18 -5 15 13 16 -13 20 -15 -3 23 26 -4 -9 21 22 -6 -11 -18 -21 -12 -16 -14 -28
right_child=3 4 5 8 10 -7 -8 19 -10 11 17 12 28 14 27 -17 24 -19 -20 25 -22 -23 -24 -25 -26 -27 29 -29 -30 -31
leaf_value=-0.012264287618077943 -0.017747116096144485 -0.0034991871592983843 -0.005606772915329062 -0.0056836937649306848 0.003849903587902929 -0.0094496968616639629 -0.016471191201447431 0.0040593322269985958 -0.018143168241323709 -0.0010132545850373229 0.0068361383663317447 -0.0066383539578413562 0.001924885329753201 -0.0032017127403760775 0.0059624563119970485 -0.00030426352243368229 0.0040908730072962132 0.0059886822681140782 -0.0020705626627764498 -0.00019677806583271256 0.0071459419869489924 0.0023399322551707151 0.0073223982947372181 0.0025543842933243755 0.0099594323162072191 0.0038744315683943995 0.011603952440015757 0.0018617935001655067 -0.0019761781300257639 0.0087698518532260249
leaf_weight=6627 4647 5074 7039 8569 18535 6211 4754 8817 7335 5550 21888 4597 12502 4608 7638 10313 21549 4751 8382 10035 18678 17887 16543 16888 10528 5081 35798 8651 4731 7848
leaf_count=6627 4647 5074 7039 8569 18535 6211 4754 8817 7335 5550 21888 4597 12502 4608 7638 10313 21549 4751 8382 10035 18678 17887 16543 16888 10528 5081 35798 8651 4731 7848
internal_value=0.000524967 0.00131733 -0.00264364 -0.00907843 0.00212948 -0.00122394 -0.0151972 -0.000334866 -0.00545792 0.000855271 0.00284729 0.00131467 -0.000341195 0.00221514 0.000920247 -0.00142379 0.00197771 0.0036794 -0.00274504 0.00121836 0.00259275 0.00226402 0.00277599 0.00094417 0.00270042 0.00048145 0.00386747 0.00177335 0.00061289 0.00416439
internal_weight=332054 306749 52192 25305 254557 45565 9401 39354 15904 91732 162825 76345 21830 92540 20897 15387 54515 70285 15421 23933 71643 52965 35078 22438 32077 15116 65534 16289 17233 43646
internal_count=332054 306749 52192 25305 254557 45565 9401 39354 15904 91732 162825 76345 21830 92540 20897 15387 54515 70285 15421 23933 71643 52965 35078 22438 32077 15116 65534 16289 17233 43646
is_linear=0
shrinkage=0.05


Tree=11
num_leaves=31
num_cat=0
split_feature=3 4 8 9 9 7 3 3 6 6 4 1 8 3 4 3 7 9 4 8 9 4 7 8 3 7 9 7 6 5
split_gain=738.292 259.262 230.066 101.83 101.637 69.4059 56.2854 44.9282 37.8943 32.5634 30.246 23.8232 20.6783 20.3047 15.1356 15.1061 15.1042 14.4902 14.3746 11.4603 10.6963 8.92552 7.97023 7.96723 7.89069 7.53503 6.63755 5.75185 5.2617 4.38071
threshold=-22.623501473999998 0.44216914617872494 0.98186433550000007 16.500000000000004 20.500000000000004 0.86803575000000011 0.29735149000000005 -38.247401349999997 1.5000000000000002 1.5000000000000002 0.71612826102680394 7.5000000000000009 0.88204568800000016 -4.3715272484999987 0.9303875250156779 10.196841280000003 1.0038369515000001 10.500000000000002 0.78808883970587662 0.88204568800000016 40.500000000000007 1.1850704023782754 1.0243316185000002 1.0689273500000003 -9.1210145509999982 1.0000053235000002 30.500000000000004 0.94993144500000015 1.0000000180025095e-35 12.500000000000002
decision_type=2 10 2 2 2 2 2 2 2 2 10 2 2 2 10 2 2 2 10 2 2 10 2 2 2 2 2 2 2 2
left_child=1 -1 4 10 5 -2 9 -5 13 16 17 -8 -9 19 -10 25 20 -3 -6 -7 24 27 -11 26 -4 -13 -14 -20 -18 -15
right_child=2 3 6 7 18 8 11 12 14 22 -12 15 23 29 -16 -17 28 -19 21 -21 -22 -23 -24 -25 -26 -27 -28 -29 -30 -31
leaf_value=-0.015519315191527709 -0.0072611985030387131 -0.01404773240849783 -0.00058212000924404595 -0.007179815405896745 -0.001779168700432175 -0.0055552554850383552 -0.00012346103865937188 -0.0049577114833056447 -0.011206401054272319 -0.0038424992870783425 -0.0065648008739314315 0.0026441342180392566 -0.0038378841105935688 -0.00054260513727448717 -0.0050701548610366468 0.01063030526394862 0.0055663682813953839 -0.0097684740941972117 0.00059186333184756276 -0.0023081539496777486 0.0054397775257052933 0.0093747115776375324 0.0005587778937948439 0.0025405544766138135 0.0019916368417413001 0.0068783746495101718 0.00077055560226755638 0.0044909110854422949 0.0034133465434281829 0.002361486376983381
leaf_weight=5239 6218 5001 11487 8881 4637 5153 5303 5190 4556 4683 5056 11623 4694 7081 5952 49720 36201 4609 11152 6696 4834 6235 4596 5977 16146 36606 4663 12254 22744 9201
leaf_count=5239 6218 5001 11487 8881 4637 5153 5303 5190 4556 4683 5056 11623 4694 7081 5952 49720 36201 4609 11152 6696 4834 6235 4596 5977 16146 36606 4663 12254 22744 9201
internal_value=0.000546913 -0.00509885 0.00153043 -0.00384779 -0.000757834 -0.00232413 0.00241834 -0.00214978 -0.00153465 0.00157707 -0.00725036 0.00323862 -0.000863656 -0.000577374 -0.00409588 0.00341533 0.00186355 -0.00889756 0.00129189 -0.00215159 0.000997321 0.00169686 -0.00124461 5.9978e-05 0.000617447 0.00278424 -0.00085078 0.00124856 0.00234054 0.000568552
internal_weight=332388 49310 283078 44071 79135 44857 203943 29405 38639 100691 14666 103252 20524 28131 10508 97949 91412 9610 34278 11849 32467 29641 9279 15334 27633 48229 9357 23406 58945 16282
internal_count=332388 49310 283078 44071 79135 44857 203943 29405 38639 100691 14666 103252 20524 28131 10508 97949 91412 9610 34278 11849 32467 29641 9279 15334 27633 48229 9357 23406 58945 16282
is_linear=0
shrinkage=0.05


Tree=12
num_leaves=31
num_cat=0
split_feature=2 8 1 5 3 2 2 1 5 5 8 1 1 3 7 3 6 9 7 9 7 5 3 2 7 2 6 8 5 8
split_gain=821.948 304.898 199.742 175.403 109.522 101.597 64.4529 85.8754 49.5815 34.0039 28.3028 25.3964 24.8111 17.2005 14.5823 13.6294 12.9389 12.5196 10.4565 9.56849 10.6669 8.64752 8.13335 7.67754 6.3903 5.24752 5.21115 4.62459 4.58365 4.40759
threshold=6.5000000000000009 0.88416965650000012 29.500000000000004 5.5000000000000009 0.15255541600000003 7.5000000000000009 4.5000000000000009 50.500000000000007 13.500000000000002 11.500000000000002 1.0025047235000002 6.5000000000000009 68.500000000000014 8.9975079800000017 0.9139297395 -26.315370914999995 1.5000000000000002 26.500000000000004 1.0054214725000001 28.500000000000004 0.98106093850000009 9.5000000000000018 -0.91579646499999989 3.5000000000000004 0.97536380700000014 5.5000000000000009 1.0000000180025095e-35 1.4435879295000003 8.5000000000000018 1.3628059890000002
decision_type=2 2 2 2 2 2 2 2 2 2 2 2 2 2 2 2 2 2 2 2 2 2 2 2 2 2 2 2 2 2
left_child=1 3 5 -1 6 24 10 25 12 -7 14 -6 15 18 -3 -5 19 21 26 20 28 -16 -10 -15 -2 -8 -13 -22 -12 -20
right_child=2 4 -4 8 11 9 7 -9 22 -11 16 13 -14 23 17 -17 -18 -19 29 -21 27 -23 -24 -25 -26 -27 -28 -29 -30 -31
leaf_value=-0.010590141964760422 -0.006051258506124221 -0.002168628902583796 -0.016933784480918646 -0.0042270344202735757 -0.0020525830341893681 -0.016701816207037267 0.0014224628909836074 -0.0098383762629873292 -0.00072252245642641507 -0.016999404168846422 -0.0010155827309177334 0.0033240926465590657 -0.0063799482521794161 0.0099958624664254758 -0.002551671401110794 -9.6404876795257323e-05 -0.00039524104775078163 0.0033163977795500066 0.0054319289418259704 0.0054987289038712309 0.003495283678429897 0.0017661156962215524 0.0036356947875888015 0.0077462917306124375 -0.0020098700238971525 -0.0015092384849624632 0.00058373937386278774 0.0055310470583095732 0.001618497828261107 0.0087486261340818088
leaf_weight=6676 4500 6833 4768 4619 4929 5101 10630 4575 8394 5536 5379 10541 7963 47246 8784 6601 6261 8547 22804 27353 36637 7853 9009 13935 5185 8280 6119 8110 6993 11730
leaf_count=6676 4500 6833 4768 4619 4929 5101 10630 4575 8394 5536 5379 10541 7963 47246 8784 6601 6261 8547 22804 27353 36637 7853 9009 13935 5185 8280 6119 8110 6993 11730
internal_value=0.00056706 0.00127867 -0.00813309 -0.00261146 0.00191731 -0.0059694 0.00100434 -0.00139527 -0.00125085 -0.00934176 0.00146348 0.00305535 -0.0030037 0.00320942 0.000185342 -0.00148775 0.00191447 0.000741197 0.00253267 0.00207702 0.00170848 -5.79856e-05 0.000681583 0.00377546 -0.00226264 9.25193e-05 0.00150315 0.00206773 0.000408823 0.00302904
internal_weight=331891 306801 25090 43262 263539 20322 146235 23485 36586 10637 122750 117304 19183 112375 32017 11220 90733 25184 51194 84472 57119 16637 17403 61181 9685 18910 16660 44747 12372 34534
internal_count=331891 306801 25090 43262 263539 20322 146235 23485 36586 10637 122750 117304 19183 112375 32017 11220 90733 25184 51194 84472 57119 16637 17403 61181 9685 18910 16660 44747 12372 34534
is_linear=0
shrinkage=0.05


Tree=13
num_leaves=31
num_cat=0
split_feature=2 4 8 0 2 8 8 2 4 3 2 3 6 3 7 0 7 0 0 0 7 0 2 2 4 6 8 0 7 7
split_gain=740.398 312.478 237.212 178.565 94.5055 63.5013 60.9347 49.3889 37.9192 35.67 24.4606 19.3716 19.0677 18.896 16.3344 15.7374 13.3591 13.0511 11.2703 10.7815 11.3047 9.69125 11.7885 9.0287 8.14728 7.40717 6.47886 5.97754 4.7797 4.33316
threshold=6.5000000000000009 0.75978287587202054 0.77793374000000004 90.500000000000014 7.5000000000000009 0.89565229550000003 1.0169589225000002 4.5000000000000009 0.53239370807584052 -32.422926974499994 3.5000000000000004 10.520400037500002 1.5000000000000002 5.1593147565000015 0.93338623450000002 107.50000000000001 1.0271803480000001 67.500000000000014 110.50000000000001 55.500000000000007 0.98477545750000017 29.500000000000004 3.5000000000000004 1.5000000000000002 0.59996869676802655 1.0000000180025095e-35 1.0052361115000001 73.500000000000014 1.0046301695000002 0.97631804550000012
decision_type=2 8 2 2 2 2 2 2 10 2 2 2 2 2 2 2 2 2 2 2 2 2 2 2 10 2 2 2 2 2
left_child=1 2 -1 -2 29 8 13 12 -4 -6 11 19 16 14 21 -15 24 -12 28 20 -8 -3 -23 -22 26 -16 -7 -27 -19 -5
right_child=3 6 5 4 9 7 10 -9 -10 -11 17 -13 -14 15 25 -17 -18 18 -20 -21 23 22 -24 -25 -26 27 -28 -29 -30 -31
leaf_value=-0.010062879799321051 -0.016056558158390195 -0.0036527460772543944 -0.0078522943974271842 -0.0054269183947456947 -0.016595748313179774 -0.0030617777228690401 0.0012052405523898205 -0.0052580974976297254 -0.0023316421200264567 -0.015006171242756793 -0.0015030315846615251 0.0099018774706004422 -0.0032573446782971447 0.0066285767515417166 0.0032849417021477015 -0.00113966234816026 0.0034390363031221319 0.0015982356670193407 -0.00078811052297791831 0.0075449007843513861 0.0059865623812753828 0.0016265863506817902 -0.0028188479195014105 0.0027507606222614339 0.0015626539630232816 -0.00099648289281658274 0.0004414714773647104 0.002516644476262344 0.0064177526985495052 -0.0022427632173509997
leaf_weight=6120 4684 4534 4530 4526 4562 6445 9952 8627 8514 6207 4541 37116 4544 19255 16448 4795 18075 4814 4722 24876 35205 7306 5445 13895 14575 7379 7720 8766 18526 5221
leaf_count=6120 4684 4534 4530 4526 4562 6445 9952 8627 8514 6207 4541 37116 4544 19255 16448 4795 18075 4814 4722 24876 35205 7306 5445 13895 14575 7379 7720 8766 18526 5221
internal_value=0.000582578 0.0012595 -0.00144653 -0.00765523 -0.00564154 -0.000653796 0.00220065 3.38386e-05 -0.00381485 -0.00886904 0.00276817 0.00309561 0.000621934 0.00102106 0.00046589 0.00217211 0.000922149 0.00155223 0.00195461 0.00267463 0.00230642 -0.00077646 -7.01629e-05 0.00261786 0.000252218 0.00112476 -0.000601623 0.000363777 0.00240523 -0.00207291
internal_weight=331925 306725 79150 25200 20516 73030 227575 59986 13044 10769 153647 121044 51359 73928 49878 24050 46815 32603 28062 83928 59052 17285 12751 49100 28740 32593 14165 16145 23340 9747
internal_count=331925 306725 79150 25200 20516 73030 227575 59986 13044 10769 153647 121044 51359 73928 49878 24050 46815 32603 28062 83928 59052 17285 12751 49100 28740 32593 14165 16145 23340 9747
is_linear=0
shrinkage=0.05


Tree=14
num_leaves=31
num_cat=0
split_feature=2 4 4 8 2 0 3 8 8 4 5 0 2 0 2 3 0 3 2 0 9 9 0 7 0 8 8 5 7 8
split_gain=684.041 285.711 230.589 191.277 127.028 59.1149 43.4573 40.2952 32.2944 27.6083 26.4778 23.0462 17.2057 12.2637 14.1001 12.2605 12.1489 12.132 11.9286 15.7062 10.5132 9.41512 8.48382 7.43653 7.28045 6.43572 6.08531 5.98339 5.21762 3.67023
threshold=5.5000000000000009 0.56912320991037435 0.75978287587202054 0.8176335815000001 7.5000000000000009 82.500000000000014 4.7579822045000002 1.0025047235000002 0.93643926100000019 0.59996869676802655 11.500000000000002 111.50000000000001 3.5000000000000004 78.500000000000014 2.5000000000000004 -13.196754723499998 114.50000000000001 -30.342766166999997 3.5000000000000004 68.500000000000014 32.500000000000007 26.500000000000004 63.500000000000007 1.0233017285000001 26.500000000000004 1.2992437430000001 1.2463057665000001 17.500000000000004 1.0028781850000004 1.1446260655000002
decision_type=2 10 10 2 2 2 2 2 2 8 2 2 2 2 2 2 2 2 2 2 2 2 2 2 2 2 2 2 2 2
left_child=2 -2 3 -1 5 -3 8 9 13 15 -6 21 23 14 24 -5 17 -7 20 -20 25 26 -11 -9 -4 -10 -8 -19 -21 -23
right_child=1 4 6 7 10 16 11 12 18 22 -12 -13 -14 -15 -16 -17 -18 27 19 28 -22 29 -24 -25 -26 -27 -28 -29 -30 -31
leaf_value=-0.0080929019959177905 -0.014632726952735512 -0.010262827976050022 -0.0016324951521825154 -0.0049680883775471574 -0.015952530349949409 -0.0037597008787460355 0.0045296182232963762 0.0007860077141017219 0.0030426157987807029 -0.0012823873792756797 -0.015836481154345501 0.00033441317455858187 -0.0018274891865269456 0.0044377073850806513 -0.0040687371010058706 -0.0021084063801405897 -0.0094233283099447035 -0.00084318572882286749 -0.0022184628005337955 0.0011281197254546878 0.0063322677708318523 0.0079314089067505766 0.002580657166921635 0.0034804914167321913 0.0020653938111320747 0.0056189773382003269 0.0077891736327165137 0.0035806037286087618 0.0053092443343378624 0.010637501283162383
leaf_weight=7846 5497 4573 5036 7956 4696 5053 23058 16011 37815 8610 5621 5592 7027 7258 5602 5022 4574 9884 4763 5951 21947 19481 4644 18939 5423 16635 12855 5335 10681 28828
leaf_count=7846 5497 4573 5036 7956 4696 5053 23058 16011 37815 8610 5621 5592 7027 7258 5602 5022 4574 9884 4763 5951 21947 19481 4644 18939 5423 16635 12855 5335 10681 28828
internal_value=0.000587461 -0.00512699 0.00148823 -0.000872009 -0.00364787 -0.00197305 0.00233928 -2.13297e-05 0.00172112 -0.00155849 -0.00842036 0.00317271 0.000939331 4.90913e-05 -0.00072171 -0.00319726 -0.00101082 -0.000485279 0.0021198 0.00107593 0.00241204 0.00337908 4.67609e-05 0.00139322 0.000362672 0.0020393 0.00276505 0.000219719 0.00180081 0.00383522
internal_weight=332213 45233 286980 76055 39736 29419 210925 68209 121111 26232 10317 89814 41977 23319 16061 12978 24846 20272 97792 21395 76397 84222 13254 34950 10459 54450 35913 15219 16632 48309
internal_count=332213 45233 286980 76055 39736 29419 210925 68209 121111 26232 10317 89814 41977 23319 16061 12978 24846 20272 97792 21395 76397 84222 13254 34950 10459 54450 35913 15219 16632 48309
is_linear=0
shrinkage=0.05


Tree=15
num_leaves=31
num_cat=0
split_feature=2 8 0 5 3 2 2 0 5 3 6 0 0 7 3 0 7 5 7 2 2 0 2 2 3 8 7 7 5 3
split_gain=638.755 231.821 171.246 131.14 93.8065 74.463 54.8792 72.7368 36.4609 30.6438 24.0842 23.7496 23.0207 20.9893 16.4139 12.7086 12.1382 11.9882 12.2911 10.679 7.56023 12.7894 6.59248 4.79497 4.23042 4.22355 4.08276 3.99965 3.7162 4.65856
threshold=6.5000000000000009 0.88416965650000012 90.500000000000014 5.5000000000000009 0.15255541600000003 7.5000000000000009 4.5000000000000009 69.500000000000014 12.500000000000002 -32.422926974499994 1.5000000000000002 113.50000000000001 50.500000000000007 0.91220460200000009 10.520400037500002 42.500000000000007 1.0054214725000001 12.500000000000002 1.1092861080000003 4.5000000000000009 2.5000000000000004 85.500000000000014 3.5000000000000004 5.5000000000000009 -9.5201824899999981 1.3628059890000002 0.97690684250000015 1.0271803480000001 6.5000000000000009 -6.9415700904999991
decision_type=2 2 2 2 2 2 2 2 2 2 2 2 2 2 2 2 2 2 2 2 2 2 2 2 2 2 2 2 2 2
left_child=1 3 -2 -1 6 26 10 -8 12 -7 13 14 -5 15 16 -3 -6 18 27 -14 -10 -22 -16 -9 -12 -18 -4 28 29 -15
right_child=2 4 5 8 11 9 7 23 20 -11 24 -13 19 17 22 -17 25 -19 -20 -21 21 -23 -24 -25 -26 -27 -28 -29 -30 -31
leaf_value=-0.0091729059404106073 -0.014441952739770973 -0.0032573847318235895 -0.0051213283242108193 -0.0059633732133427542 0.0019752582134437641 -0.01503432454988401 -0.0087868802567185843 0.0013709488925868502 0.0027629899004532488 -0.01367735647771362 -0.0029879940332188156 -0.0020974020261497867 0.00049879049120248172 -0.0024274134757645768 0.0092388189230799989 0.001667244920279142 0.0049089703486670834 0.0043009229573070127 0.0054162488996092164 -0.0041940404125834904 -0.0034509309580287202 0.0016383857827665781 0.0072559100001194565 -0.0015413963210406216 -0.00010641050638465413 0.0074720237599659291 -0.001597305969156216 0.002658519615593536 0.0015356374978579505 0.0012649272457438228
leaf_weight=6711 4747 5066 4531 6886 18008 4530 4625 10596 6997 6183 4627 4934 4837 5081 42514 4940 25808 41594 11240 4904 4513 8419 12854 8265 4502 13092 5143 17746 21516 6377
leaf_count=6711 4747 5066 4531 6886 18008 4530 4625 10596 6997 6183 4627 4934 4837 5081 42514 4940 25808 41594 11240 4904 4513 8419 12854 8265 4502 13092 5143 17746 21516 6377
internal_value=0.000572439 0.00120056 -0.00708978 -0.00219114 0.00175775 -0.00509587 0.000912745 -0.00130135 -0.00101119 -0.0079665 0.00133662 0.0028115 -0.0027396 0.00153524 0.0029607 -0.000651283 0.00236396 0.00174654 0.00130558 -0.00117433 0.000431173 -0.000285228 0.00357376 7.71231e-05 -0.00113368 0.00286081 -0.00191445 0.000973879 0.000647988 -7.93857e-05
internal_weight=331786 306652 25134 43267 263385 20387 146175 23486 36556 10713 122689 117210 16627 113560 112276 10006 56908 103554 61960 9741 19929 12932 55368 18861 9129 38900 9674 50720 32974 11458
internal_count=331786 306652 25134 43267 263385 20387 146175 23486 36556 10713 122689 117210 16627 113560 112276 10006 56908 103554 61960 9741 19929 12932 55368 18861 9129 38900 9674 50720 32974 11458
is_linear=0
shrinkage=0.05


Tree=16
num_leaves=31
num_cat=0
split_feature=4 8 8 6 4 0 8 9 9 4 0 4 8 0 4 8 4 0 6 7 9 4 9 5 7 7 9 9 4 8
split_gain=425.519 253.616 106.012 99.0481 96.0602 50.2127 43.4719 43.3391 23.1183 18.4104 17.7982 16.399 15.6163 15.3452 14.8712 14.4031 12.1508 9.97225 9.09881 7.80028 7.10557 6.72007 6.41211 6.18719 5.76049 4.35403 4.2497 4.03396 3.56688 3.02529
threshold=0.73883510777368866 0.8314545940000001 1.0299972105000001 1.5000000000000002 0.56244610137483664 114.50000000000001 1.0052361115000001 13.500000000000002 28.500000000000004 1.1002774291012509 109.50000000000001 0.57551723420865308 0.92233349500000006 50.500000000000007 1.1443603777901818 1.3572194490000002 0.88848677474165438 27.500000000000004 1.5000000000000002 0.89250176900000011 17.500000000000004 1.1037822531573624 21.500000000000004 13.500000000000002 1.0038369515000001 0.99391202600000017 43.500000000000007 26.500000000000004 1.2139762453930534 0.90015274200000006
decision_type=8 2 2 2 10 2 2 2 2 10 2 10 2 2 10 2 8 2 2 2 2 10 2 2 2 2 2 2 10 2
left_child=1 4 5 6 -1 7 11 14 15 19 21 12 -3 -5 18 16 -4 25 29 -9 -13 26 -19 -21 -18 -8 -10 -11 -26 -2
right_child=2 3 8 13 -6 -7 17 9 10 27 -12 20 -14 -15 -16 -17 24 22 -20 23 -22 -23 -24 -25 28 -27 -28 -29 -30 -31
leaf_value=-0.011269429853437374 -0.0026830228699472446 -0.0069047040130005878 0.00041232031036264762 -0.0053312100981111783 -0.0060644801580899783 -0.012110725301207503 0.00017913463905111409 -0.00066193813068906801 0.0053829444061405099 0.0036623615006510023 0.00037882406504664959 -0.0040114127878584944 -0.0030283076708183532 -0.011914751842114404 0.0020801432538113196 0.0056794217544475969 0.0012753276136306417 -0.0024568923639711982 -0.0052617087839457906 0.00054833101438534534 -0.00012297898904098148 0.0097018239296189912 0.00077406486421330973 0.0031233293423732623 0.0037414742386298995 0.0032064618143626609 0.0070761790830572062 0.0078954238252822214 0.0063898484682138566 -0.0002788717187932178
leaf_weight=6370 5476 5262 15524 4511 7107 7414 4984 7299 21754 6835 4583 5076 6455 4547 6411 22731 11843 6209 8247 15086 8722 28725 10316 21435 22781 12980 13965 9912 11838 7294
leaf_count=6370 5476 5262 15524 4511 7107 7414 4984 7299 21754 6835 4583 5076 6455 4547 6411 22731 11843 6209 8247 15086 8722 28725 10316 21435 22781 12980 13965 9912 11838 7294
internal_value=0.000578721 -0.00253265 0.00160948 -0.00130801 -0.00880544 0.000300218 -0.000572081 0.000633239 0.00242193 0.00137993 0.00310124 -0.00213656 -0.00351177 -0.00618007 -0.00101556 0.00186829 0.00147328 0.000585464 -0.0016585 0.000840844 -0.000967905 0.00331533 -0.000300968 0.00113905 0.00187789 0.00140075 0.00285648 0.00278982 0.00220353 -0.000821918
internal_weight=331692 82539 249153 69062 13477 95409 60004 87995 153744 60567 69027 25515 11717 9058 27428 84717 61986 34489 21017 43820 13798 64444 16525 36521 46462 17964 35719 16747 34619 12770
internal_count=331692 82539 249153 69062 13477 95409 60004 87995 153744 60567 69027 25515 11717 9058 27428 84717 61986 34489 21017 43820 13798 64444 16525 36521 46462 17964 35719 16747 34619 12770
is_linear=0
shrinkage=0.05


Tree=17
num_leaves=31
num_cat=0
split_feature=4 8 8 4 6 9 0 9 4 4 8 0 9 4 0 9 5 8 8 8 6 7 7 7 6 9 8 8 7 8
split_gain=378.163 229.71 105.105 83.8802 57.4945 45.6859 33.9398 27.0649 24.9102 20.9651 20.4179 13.1541 11.7773 11.5621 11.1009 10.0637 8.98304 8.26693 8.04635 6.80831 6.76935 6.46866 6.06391 5.95342 5.63439 4.30825 4.04819 3.94177 3.89813 3.51317
threshold=0.71612826102680394 0.92233349500000006 1.0299972105000001 0.46574743022419068 1.5000000000000002 11.500000000000002 113.50000000000001 14.500000000000002 0.97426748322205581 1.054011042644299 1.1156738845000003 111.50000000000001 28.500000000000004 1.0697713457918028 67.500000000000014 36.500000000000007 12.500000000000002 1.2891002410000001 0.82065572850000013 0.87106510550000016 1.0000000180025095e-35 1.0038369515000001 1.0000053235000002 0.9726132500000001 1.5000000000000002 31.500000000000004 0.94631593150000015 1.1446260655000002 0.93338623450000002 1.3628059890000002
decision_type=8 2 2 10 2 2 2 2 10 10 2 2 2 10 2 2 2 2 2 2 2 2 2 2 2 2 2 2 2 2
left_child=1 3 5 -1 10 13 9 -5 15 16 14 12 21 19 22 17 26 23 -9 -2 -12 -10 -3 -4 -21 -11 -7 -14 -18 -23
right_child=2 4 8 7 -6 6 -8 18 11 25 20 -13 27 -15 -16 -17 28 -19 -20 24 -22 29 -24 -25 -26 -27 -28 -29 -30 -31
leaf_value=-0.01054078449189033 -0.0057876927953639055 -0.0015648436191268147 -0.0010503342050941229 -0.0089395838561401285 -0.0080743457745343344 -0.0012150640306642123 -0.010009742443942102 -0.0051613160360537121 0.0014806568696714272 0.0032538049924473889 0.0030424691640948435 0.0012147479852506352 0.0047961689013150677 -2.2609515053882438e-05 -0.0043380711025178395 0.0052256804995343166 0.00036003337673584093 0.0038967647229596922 -0.0026188838505031131 -0.00075066908861997315 7.1592404281294505e-05 0.0047298989933284435 0.002268888773013004 0.0020868854929148844 -0.0054636135106780285 0.0081751956779450383 0.0007623665336732293 0.008817403320966222 0.0026828742326433517 0.0063940031829260065
leaf_weight=7024 7028 12216 5870 6958 6072 10941 5400 4552 8647 12433 12576 5075 10640 8590 6468 13916 8657 14182 6452 6429 7523 26411 4753 24067 5008 9410 6841 34474 18982 14371
leaf_count=7024 7028 12216 5870 6958 6072 10941 5400 4552 8647 12433 12576 5075 10640 8590 6468 13916 8657 14182 6452 6429 7523 26411 4753 24067 5008 9410 6841 34474 18982 14371
internal_value=0.000588546 -0.00254601 0.00149706 -0.00645512 -0.000576663 0.000226576 0.000879605 -0.00464129 0.00230064 0.00118584 5.92547e-05 0.00278038 0.00291349 -0.00152716 -0.000943392 0.001477 0.00057357 0.00110699 -0.00309565 -0.002232 0.00122836 0.00237984 -0.000271297 0.000635729 -0.00147833 0.00245858 -0.00030303 0.00349786 0.0011375 0.00264324
internal_weight=331966 74594 257372 24986 49608 99719 72664 17962 157653 67264 43536 99618 94543 27055 23437 58035 45421 44119 11004 18465 20099 49429 16969 29937 11437 21843 17782 45114 27639 40782
internal_count=331966 74594 257372 24986 49608 99719 72664 17962 157653 67264 43536 99618 94543 27055 23437 58035 45421 44119 11004 18465 20099 49429 16969 29937 11437 21843 17782 45114 27639 40782
is_linear=0
shrinkage=0.05


Tree=18
num_leaves=31
num_cat=0
split_feature=2 4 8 0 2 2 0 2 3 8 4 0 7 7 0 2 8 3 4 2 3 8 2 8 0 0 0 3 7 8
split_gain=525.4 188.384 148.426 141.107 59.6872 58.9719 68.1053 44.6543 40.6751 30.9704 29.8928 25.7573 21.2293 18.2065 14.6276 12.6925 11.5906 11.3278 18.5964 8.62296 5.55372 5.2837 5.25706 5.151 4.45499 4.31451 3.88466 3.61136 3.53504 3.51451
threshold=6.5000000000000009 0.6741217580185247 0.77793374000000004 90.500000000000014 7.5000000000000009 3.5000000000000004 61.500000000000007 4.5000000000000009 5.5876536425000003 1.0025047235000002 0.84440490432270965 114.50000000000001 0.87209273600000004 0.94443998950000008 57.500000000000007 1.5000000000000002 0.90015274200000006 -8.5617234004999982 0.49696860249111285 5.5000000000000009 12.931751794000002 1.2592987655000003 1.0000000180025095e-35 1.2763179770000004 77.500000000000014 41.500000000000007 90.500000000000014 -16.965990684499996 0.97631804550000012 1.2271159115000001
decision_type=2 8 2 2 2 2 2 2 2 2 10 2 2 2 2 2 2 2 10 2 2 2 2 2 2 2 2 2 2 2
left_child=1 2 -1 -2 28 8 -7 9 12 17 -6 13 -3 26 15 16 -14 18 -4 24 23 -18 -11 -10 -15 -17 -8 -16 -5 -29
right_child=3 5 7 4 10 6 11 -9 20 22 -12 -13 14 19 27 25 21 -19 -20 -21 -22 -23 -24 -25 -26 -27 -28 29 -30 -31
leaf_value=-0.0084608096845113622 -0.012873020307283871 -0.0012421434150150618 -0.0049964951739953174 -0.0044237627486744665 -0.013440557784650973 -0.0053198548886803382 -0.0018999973215873388 -0.006590604972985162 0.003530276804833741 0.0031292763054766824 -0.010762760290585545 -0.008089682455555398 -0.00057977344338347773 0.0020611045222537548 0.0023200947653735974 -0.0001111022827742696 0.0026371634576783584 0.00053554884253495505 -0.0013586471673477662 0.00088845056625075965 0.0086011030857156105 0.0051067269202295902 0.00078384745427115135 0.006933716507835557 0.00533724227876673 0.0022503751677663362 0.00057838035752106828 0.0046265979015354362 -0.001643395512987082 0.0085783625301409649
leaf_weight=4749 4767 6278 4770 4528 6212 7363 4840 7228 16585 9048 4573 5679 4744 7981 5964 13507 30195 4736 7870 10467 39445 18062 16141 9570 30598 13026 5666 14366 5233 8142
leaf_count=4749 4767 6278 4770 4528 6212 7363 4840 7228 16585 9048 4573 5679 4744 7981 5964 13507 30195 4736 7870 10467 39445 18062 16141 9570 30598 13026 5666 14366 5233 8142
internal_value=0.00058424 0.00115512 -0.00150952 -0.00633877 -0.00453846 0.00173077 0.000527831 -0.000703542 0.0022162 -8.63282e-05 -0.00710148 0.00104245 0.00164644 0.0013493 0.00181074 0.00146243 0.00190931 -0.00170991 -0.0024911 0.00175389 0.0032086 0.00214113 0.00103378 0.00264239 0.00209919 0.000569561 -0.000539435 0.0027833 -0.00170438 0.00307334
internal_weight=332333 307020 54542 25313 20546 252478 72594 49793 179884 42565 10785 65231 114284 59552 108006 79534 53001 17376 12640 49046 65600 48257 25189 26155 38579 26533 10506 28472 9761 22508
internal_count=332333 307020 54542 25313 20546 252478 72594 49793 179884 42565 10785 65231 114284 59552 108006 79534 53001 17376 12640 49046 65600 48257 25189 26155 38579 26533 10506 28472 9761 22508
is_linear=0
shrinkage=0.05


Tree=19
num_leaves=31
num_cat=0
split_feature=2 4 0 7 2 2 0 2 3 7 3 7 4 0 3 9 0 0 7 2 2 9 0 2 0 7 7 7 7 7
split_gain=509.578 169.684 142.434 107.287 59.1369 51.7491 66.6771 40.5826 31.2842 23.8241 23.6437 21.5273 24.8951 18.8586 15.8125 14.9947 9.54149 9.29517 9.07083 6.81599 6.76377 5.86694 5.69743 6.10239 5.64924 5.67127 5.36926 4.70534 3.91315 3.77811
threshold=6.5000000000000009 0.79129468432128502 90.500000000000014 0.83371487900000008 7.5000000000000009 4.5000000000000009 69.500000000000014 4.5000000000000009 8.9975079800000017 0.89040702000000016 -32.422926974499994 1.0038369515000001 0.58198096355525697 79.500000000000014 -10.100314924499999 27.500000000000004 108.50000000000001 113.50000000000001 1.0812419045000001 1.5000000000000002 5.5000000000000009 15.500000000000002 71.500000000000014 2.5000000000000004 54.500000000000007 0.9225350630000001 0.98477545750000017 0.9726132500000001 0.97536380700000014 1.0527773555000002
decision_type=2 10 2 2 2 2 2 2 2 2 2 2 10 2 2 2 2 2 2 2 2 2 2 2 2 2 2 2 2 2
left_child=1 3 -2 -1 28 11 -7 8 9 -3 -6 12 14 -9 21 18 -10 27 22 -13 -8 -5 23 26 25 -14 -11 -15 -4 -21
right_child=2 7 4 5 10 6 20 13 16 15 -12 19 24 17 -16 -17 -18 -19 -20 29 -22 -23 -24 -25 -26 -27 -28 -29 -30 -31
leaf_value=-0.0068043373726594308 -0.01224497034418851 -0.00090482132859845779 -0.0042265645172841508 -0.0046829608900355486 -0.012520069715890876 -0.0089719476961579794 0.00076709513362411099 -0.0052641403848961684 0.0071616059488153697 0.00041572503220955765 -0.012235151849225327 0.0033238406214573428 -0.0013272538107451924 2.2508372153089143e-05 -4.5442502968257029e-06 0.0047931836501834205 0.0047577838960275835 -0.0043564441806687049 0.004467109486308715 -0.00056658433655388423 -0.0033744829072571733 -0.002533344077490314 0.0048162947980609529 -0.00044833530850200699 0.0024575000579391518 0.0010976548496743307 0.0027151123772845096 0.0038235614380033251 -0.0011745636081063624 0.0021196081434340713
leaf_weight=5377 4774 8002 4523 4573 4533 4535 5402 4566 56347 12258 6128 17164 4591 6318 7471 44340 4902 5002 20995 6503 5524 6506 6205 8415 8544 10243 19763 16104 5255 7133
leaf_count=5377 4774 8002 4523 4573 4533 4535 5402 4566 56347 12258 6128 17164 4591 6318 7471 44340 4902 5002 20995 6503 5524 6506 6205 8415 8544 10243 19763 16104 5255 7133
internal_value=0.000557619 0.00111923 -0.00627468 -0.000655865 -0.00445632 -0.000237601 -0.00286402 0.00189819 0.002188 0.00171849 -0.00703122 0.0003209 -0.000416378 0.00025629 -0.00178389 0.00190684 0.00310747 0.000751759 0.00143818 0.00132446 -0.000747415 -0.00298223 0.0010495 0.000832818 0.000668862 7.88465e-05 0.00114766 0.00118652 -0.00164673 0.0004897
internal_weight=331996 306783 25213 93566 20439 88189 15461 213217 181227 119978 10661 72728 41928 31990 18550 111976 61249 27424 67636 30800 10926 11079 46641 40436 23378 14834 32021 22422 9778 13636
internal_count=331996 306783 25213 93566 20439 88189 15461 213217 181227 119978 10661 72728 41928 31990 18550 111976 61249 27424 67636 30800 10926 11079 46641 40436 23378 14834 32021 22422 9778 13636
is_linear=0
shrinkage=0.05


Tree=20
num_leaves=31
num_cat=0
split_feature=2 4 4 8 2 0 8 6 4 7 0 2 0 0 7 2 7 4 0 2 0 2 5 4 0 7 5 8 8 2
split_gain=452.329 190.177 131.823 104.573 82.0348 43.9582 29.3008 24.9396 18.6229 17.267 13.7956 29.4317 19.3454 13.7409 12.6667 11.9327 8.69174 8.63134 8.60576 8.22813 7.58316 7.31916 7.3048 6.52166 5.92971 5.7166 5.62524 5.50959 4.67565 4.31683
threshold=5.5000000000000009 0.56912320991037435 0.79129468432128502 0.80377605800000007 7.5000000000000009 82.500000000000014 1.2271159115000001 1.5000000000000002 0.84440490432270965 0.91220460200000009 58.500000000000007 2.5000000000000004 111.50000000000001 42.500000000000007 1.0183233475000002 3.5000000000000004 1.0504484700000003 0.64381177141985335 114.50000000000001 2.5000000000000004 50.500000000000007 1.0000000180025095e-35 9.5000000000000018 0.76621155510965255 86.500000000000014 0.99472305000000005 17.500000000000004 0.98186433550000007 1.4435879295000003 3.5000000000000004
decision_type=2 10 10 2 2 2 2 2 10 2 2 2 2 2 2 2 2 10 2 2 2 2 2 10 2 2 2 2 2 2
left_child=2 -2 3 -1 5 -3 10 9 -6 13 11 14 15 -5 22 -12 17 19 23 -11 21 -8 -4 -7 27 -13 -25 -17 -23 -22
right_child=1 4 6 7 8 18 20 -9 -10 16 12 25 -14 -15 -16 24 -18 -19 -20 -21 29 28 -24 26 -26 -27 -28 -29 -30 -31
leaf_value=-0.0061535593475747332 -0.011393257101418947 -0.0082014999022640509 -0.0010573899780249199 -0.0034740708219466645 -0.012897599580627675 -0.0028453137640682864 0.0059631119382802661 -0.0033212767282880329 -0.011778280031898748 0.00045238799704275977 0.005840355089009131 -0.0034046996871754985 -0.0025793342718906662 0.00049961212181045764 0.0040483351986093123 -0.00087644225620100579 0.0028209794631191467 0.0017945258594444771 -0.00761615796475139 -0.0029707974189311422 0.0084726165605488717 0.001914548984971994 0.0016530544676766129 -0.00072308068030434093 0.0046074829147121988 -0.00049461215659066498 0.003551522250210565 0.0024867679741956755 0.0047620675534912407 0.0062170203729273073
leaf_weight=7374 5507 4596 5323 5430 5598 5361 14717 7392 4743 16086 33332 4516 5572 5143 18619 4681 18444 20089 4557 6276 27950 12858 27497 9537 18209 4578 5408 6460 6730 9470
leaf_count=7374 5507 4596 5323 5430 5598 5361 14717 7392 4743 16086 33332 4516 5572 5143 18619 4681 18444 20089 4557 6276 27950 12858 27497 9537 18209 4578 5408 6460 6730 9470
internal_value=0.00054483 -0.00409748 0.00127839 -0.000356335 -0.0028916 -0.00154612 0.00198143 0.000176251 -0.00672192 0.000462273 0.00153026 0.000980624 0.00201761 -0.00140244 0.00144419 0.00226857 0.000786125 0.000392289 -0.000715176 -0.000283453 0.00279137 0.00225372 0.000853009 -0.000274235 0.00153296 -0.00164084 0.000262542 0.000623991 0.00161997 0.0032839
internal_weight=332053 45307 286746 86234 39800 29459 200512 78860 10341 71468 128787 60533 68254 10573 51439 62682 60895 42451 24863 22362 71725 34305 32820 20306 29350 9094 14945 11141 19588 37420
internal_count=332053 45307 286746 86234 39800 29459 200512 78860 10341 71468 128787 60533 68254 10573 51439 62682 60895 42451 24863 22362 71725 34305 32820 20306 29350 9094 14945 11141 19588 37420
is_linear=0
shrinkage=0.05


Tree=21
num_leaves=31
num_cat=0
split_feature=3 4 7 9 9 7 9 3 4 6 6 9 3 4 9 0 3 6 0 0 9 6 7 3 4 5 5 0 9 6
split_gain=285.039 174.896 86.5551 66.0808 48.9659 31.7428 24.5425 24.0971 23.9008 17.598 14.7645 11.3306 10.9606 9.70489 8.39966 7.91459 6.29081 6.04285 5.93778 5.76876 6.21053 5.27185 5.16608 4.13536 4.08121 3.86128 3.07317 2.88391 2.79202 2.15232
threshold=-16.965990684499996 0.44216914617872494 1.0038369515000001 14.500000000000002 21.500000000000004 0.86446267950000011 28.500000000000004 -32.422926974499994 0.72354225804866756 1.5000000000000002 1.0000000180025095e-35 33.500000000000007 -1.6899342194999998 1.2506541623569842 41.500000000000007 108.50000000000001 9.2873560365000021 1.5000000000000002 108.50000000000001 104.50000000000001 44.500000000000007 1.0000000180025095e-35 0.9726132500000001 12.931751794000002 1.1070181890119197 18.500000000000004 7.5000000000000009 90.500000000000014 12.500000000000002 1.5000000000000002
decision_type=2 10 2 2 2 2 2 2 10 2 2 2 2 10 2 2 2 2 2 2 2 2 2 2 10 2 2 2 2 2
left_child=1 -1 4 8 5 -2 12 11 9 -3 26 27 21 19 22 23 17 28 24 20 25 -4 -9 -8 -14 -6 -7 -5 -12 -23
right_child=2 3 6 7 13 10 15 14 -10 -11 16 -13 18 -15 -16 -17 -18 -19 -20 -21 -22 29 -24 -25 -26 -27 -28 -29 -30 -31
leaf_value=-0.0098344817405325753 -0.0040175417315163227 -0.0058728817023703216 0.0027966102260551331 -0.0026762112511277509 0.00081318830190743032 -6.658239806977794e-05 0.0051832703582000358 -0.0012859982496581535 -0.0032166074974476094 -0.0092184196252343645 -0.0022002492813535525 -0.00078583264305882514 0.0030681922829032737 0.0071353071655251279 0.0028047287924671403 0.004057209454538197 0.00086468576761768558 -0.0047128290428559635 0.00098206821753700512 -0.0016733176099743168 0.004348314030499365 0.0012023247226167076 0.00083619855383254733 0.0092129630144291395 0.0046146489712498139 0.0029893682338686654 0.001731563653450213 -0.0063363162807625944 -0.00024064761943518349 -0.0011303882973839525
leaf_weight=6555 5725 5444 15551 4782 21548 8562 31194 10785 6969 4828 10443 6158 23059 6508 6496 4721 6946 8054 4553 4623 9225 16380 13590 21412 30464 7321 12049 4685 8550 4742
leaf_count=6555 5725 5444 15551 4782 21548 8562 31194 10785 6969 4828 10443 6158 23059 6508 6496 4721 6946 8054 4553 4623 9225 16380 13590 21412 30464 7321 12049 4685 8550 4742
internal_value=0.000535841 -0.00229085 0.00129532 -0.00149062 0.000223807 -0.000731014 0.00206719 -0.000510096 -0.004134 -0.00566702 -0.000359464 -0.00210972 0.00157297 0.00139397 0.000299748 0.00288382 -0.000999617 -0.00134426 0.00200031 0.00111968 0.00132208 0.000896041 -0.000126128 0.00305982 0.00214775 0.000960899 0.000696304 -0.00319521 -0.000857195 0.000381503
internal_weight=331922 70292 261630 63737 109554 60329 152076 46496 17241 10272 54604 15625 94749 49225 30871 57327 33993 27047 58076 42717 38094 36673 24375 52606 53523 28869 20611 9467 18993 21122
internal_count=331922 70292 261630 63737 109554 60329 152076 46496 17241 10272 54604 15625 94749 49225 30871 57327 33993 27047 58076 42717 38094 36673 24375 52606 53523 28869 20611 9467 18993 21122
is_linear=0
shrinkage=0.05


Tree=22
num_leaves=31
num_cat=0
split_feature=2 0 2 4 8 4 3 8 0 8 3 2 8 0 0 2 8 8 4 9 2 2 2 8 0 9 5 5 3 9
split_gain=392.484 166.013 111.071 107.844 94.2047 38.3596 27.0104 17.8754 15.798 14.6565 10.9731 10.2079 7.975 8.09992 7.54135 16.5898 6.88317 6.39246 10.6839 5.62218 5.25193 5.19767 5.15734 5.06091 4.8337 4.75391 4.71879 4.57968 3.83752 3.61096
threshold=5.5000000000000009 76.500000000000014 7.5000000000000009 0.79129468432128502 0.80377605800000007 0.72737128769017889 7.2043208685000009 1.0025047235000002 112.50000000000001 0.89565229550000003 -30.986895252499995 4.5000000000000009 1.2992437430000001 59.500000000000007 73.500000000000014 2.5000000000000004 0.86166882900000008 1.0025047235000002 0.64887298102333657 35.500000000000007 1.0000000180025095e-35 1.0000000180025095e-35 1.0000000180025095e-35 1.3938727930000001 113.50000000000001 24.500000000000004 17.500000000000004 5.5000000000000009 14.998353170000001 10.500000000000002
decision_type=2 2 2 10 2 10 2 2 2 2 2 2 2 2 2 2 2 2 10 2 2 2 2 2 2 2 2 2 2 2
left_child=3 -2 10 4 -1 -4 7 14 23 16 -3 17 13 21 15 29 -6 18 -11 20 -14 -9 -19 25 26 -8 -12 -24 -27 -5
right_child=1 2 5 6 9 -7 8 12 -10 11 24 -13 19 -15 -16 -17 -18 22 -20 -21 -22 -23 27 -25 -26 28 -28 -29 -30 -31
leaf_value=-0.0056506360402956354 -0.01118934806347445 -0.0038881454906607785 -0.011014900030262582 -0.00043085184278585543 -0.00061974866465244077 -0.011552768375817139 0.0037268263368153602 0.0031752270716177405 -0.00073371131813494705 -0.0018410722619303828 -0.00098535025122990934 -0.0017051989562925263 0.0057688648112828242 0.0037392194986902287 0.0031617317535231658 -0.0030395596468466859 -0.0031476639633824114 0.0028153442972487339 0.0021311210144338943 0.0070910194108760333 0.0028543458323229713 0.00086532122673008735 -0.0010180467745212844 0.008062365780297967 -0.0050634543457590119 0.0040817897732013829 0.0026427015929577566 0.0014252362264053047 0.0080391438805723203 0.0016526882114748854
leaf_weight=7378 5055 7874 4505 4677 6524 7187 20682 11014 4658 9985 10787 6004 7188 23996 13342 6958 4788 14339 6845 7052 14350 22387 5446 14605 4808 12587 5097 24898 23633 13448
leaf_count=7378 5055 7874 4505 4677 6524 7187 20682 11014 4658 9985 10787 6004 7188 23996 13342 6958 4788 14339 6845 7052 14350 22387 5446 14605 4808 12587 5097 24898 23633 13448
internal_value=0.000533375 -0.00379066 -0.00271738 0.00121664 -0.000262318 -0.00682141 0.00185228 0.0013982 0.00259387 0.000243486 -0.00103672 0.000522571 0.00179883 0.00145875 0.000501561 -9.36684e-06 -0.00142175 0.000714669 -0.00011583 0.0024812 0.0020791 0.000955068 0.00102746 0.00277765 -0.000431946 0.00256401 -1.13284e-05 0.000658012 0.00290959 0.000787369
internal_weight=332097 45313 40258 286784 86207 11692 200577 124412 76165 78829 28566 67517 85987 57397 38425 25083 11312 61513 16830 28590 21538 33401 44683 71507 20692 56902 15884 30344 36220 18125
internal_count=332097 45313 40258 286784 86207 11692 200577 124412 76165 78829 28566 67517 85987 57397 38425 25083 11312 61513 16830 28590 21538 33401 44683 71507 20692 56902 15884 30344 36220 18125
is_linear=0
shrinkage=0.05


Tree=23
num_leaves=31
num_cat=0
split_feature=2 0 4 2 7 4 9 6 7 0 7 4 7 3 3 0 2 7 2 3 7 6 2 2 0 4 0 2 0 3
split_gain=359.385 156.13 100.706 92.3485 69.0113 34.645 26.816 26.0481 18.7157 15.5059 14.3843 20.7365 12.9691 10.7721 8.75524 8.49392 10.4398 7.01063 6.36903 5.68731 5.56414 5.5094 5.12877 4.73427 4.68685 4.43923 4.33948 4.31517 4.77783 4.21628
threshold=5.5000000000000009 77.500000000000014 0.7944594209416459 7.5000000000000009 0.83895903800000016 0.72737128769017889 30.500000000000004 1.5000000000000002 1.0000053235000002 110.50000000000001 1.0038369515000001 0.58198096355525697 0.91752535600000018 -10.100314924499999 13.326599906500002 41.500000000000007 1.5000000000000002 1.2192672570000003 3.5000000000000004 -29.052049073499997 1.0061706605000003 1.5000000000000002 1.5000000000000002 2.5000000000000004 63.500000000000007 0.46574743022419068 84.500000000000014 3.5000000000000004 44.500000000000007 4.3580741195000003
decision_type=2 2 10 2 2 10 2 2 2 2 2 10 2 2 2 2 2 2 2 2 2 2 2 2 2 10 2 2 2 2
left_child=2 -2 4 12 -1 -5 8 10 15 14 11 13 -3 25 20 16 -4 21 -17 -14 23 29 -12 -8 -24 -6 -25 28 -13 -10
right_child=1 3 6 5 7 -7 9 -9 17 -11 22 27 19 -15 -16 18 -18 -19 -20 -21 -22 -23 24 26 -26 -27 -28 -29 -30 -31
leaf_value=-0.0051495697333394609 -0.010579645766184143 -0.0042423139155694503 0.0005249201487347474 -0.010281934286485626 -0.0040296334285078598 -0.010647616928985611 0.0035793051112744546 -0.003278085216791913 0.00265711829004881 -0.0010354661179994406 0.0030356470928661256 0.00048839119711673929 -0.0031101617269631175 2.8554531574545654e-05 0.0083902919608641498 0.0033794880353086977 -0.0033168782772377624 0.0067193408584846435 0.00067613365660797392 -0.00010697223357444026 0.005186692177748582 0.00067367180134897842 -0.00019779038150121144 -0.00027150479061328404 0.0025379559052186237 -0.0017927765389910044 0.0029904091912578389 -0.00034662831640688125 0.0027324263509892702 0.0042735844867363261
leaf_weight=5534 5380 4506 16486 4527 4631 7257 12691 7766 34555 4545 17525 10452 6342 7041 27177 10630 5468 6090 11658 17518 27241 7076 8806 4510 5278 5909 4865 7306 7064 26507
leaf_count=5534 5380 4506 16486 4527 4631 7257 12691 7766 34555 4545 17525 10452 6342 7041 27177 10630 5468 6090 11658 17518 27241 7076 8806 4510 5278 5909 4865 7306 7064 26507
internal_value=0.000514991 -0.00361151 0.00117011 -0.00253891 -0.000246115 -0.00625838 0.00178991 0.000119707 0.0013104 0.00249087 0.000408825 -0.000193006 -0.000992915 -0.0015066 0.00265947 0.000496305 -0.000201739 0.00179556 0.00118378 -0.00052797 0.00226182 0.00165006 0.00121608 0.00167097 0.000505359 -0.00251778 0.00081823 0.000737504 0.00116318 0.0018031
internal_weight=332341 45530 286811 40150 87312 11784 199499 81778 118470 81029 74012 42403 28366 17581 76484 44242 21954 74228 22288 23860 49307 68138 31609 22066 14084 10540 9375 24822 17516 61062
internal_count=332341 45530 286811 40150 87312 11784 199499 81778 118470 81029 74012 42403 28366 17581 76484 44242 21954 74228 22288 23860 49307 68138 31609 22066 14084 10540 9375 24822 17516 61062
is_linear=0
shrinkage=0.05


Tree=24
num_leaves=31
num_cat=0
split_feature=2 4 8 0 0 4 2 0 8 3 8 4 2 0 0 8 9 2 3 2 2 0 0 2 3 2 5 5 5 3
split_gain=311.283 128.707 92.4653 64.0783 50.658 48.2712 44.7881 48.0842 32.7942 22.1285 11.4272 12.0889 10.5598 20.4366 12.7796 12.0826 9.60415 9.17335 8.89246 7.29414 6.42589 5.23405 5.20851 4.79096 4.67119 4.89902 4.22088 3.77021 3.30753 3.22961
threshold=7.5000000000000009 0.79129468432128502 0.80377605800000007 105.50000000000001 116.50000000000001 0.57551723420865308 4.5000000000000009 70.500000000000014 1.2271159115000001 9.2873560365000021 1.0025047235000002 0.58198096355525697 4.5000000000000009 83.500000000000014 64.500000000000014 0.9248827850000001 32.500000000000007 3.5000000000000004 -9.7033890364999973 1.5000000000000002 5.5000000000000009 56.500000000000007 38.500000000000007 1.0000000180025095e-35 7.4488068425000007 1.0000000180025095e-35 5.5000000000000009 19.500000000000004 14.500000000000002 -24.383765019999995
decision_type=2 10 2 2 2 10 2 2 2 2 2 10 2 2 2 2 2 2 2 2 2 2 2 2 2 2 2 2 2 2
left_child=1 2 5 -2 8 -1 10 -8 9 12 11 18 14 -14 15 22 24 -11 -4 -17 -9 -13 -3 -12 25 -10 -25 -19 -15 -28
right_child=3 4 6 -5 -6 -7 7 20 16 17 23 21 13 28 -16 19 -18 27 -20 -21 -22 -23 -24 26 -26 -27 29 -29 -30 -31
leaf_value=-0.0075469064850783836 -0.010009556071132004 -0.00201932872796922 -0.002792955710509496 -0.010769677305901641 -0.012468947926472213 -0.0023600153743063707 -0.0078716035934451832 0.0010589180881602773 0.0047780111815527819 0.0053635042565258828 0.0026492565588333802 -0.00023236663754047269 -0.0052992322862680007 -0.00013841775221618558 0.0037529187171795779 0.0021777707108378993 0.0070430692599782923 0.00085964507556854158 0.00018723129649936951 0.00024983570672451052 -0.0027976782691913529 0.0023552551390683728 0.00070617144634387442 -0.0010992157919203975 0.0053707329624164499 0.0020120633350488169 0.0022933934322344634 0.0049666416855875519 0.0026927961151373839 0.00083933426726747059
leaf_weight=4601 4799 7190 7226 7602 4840 5689 4673 4845 9148 26713 14336 9000 4789 8378 25463 25064 28655 7494 4669 16111 8533 5289 4635 5470 14859 19711 5818 7434 9591 19083
leaf_count=4601 4799 7190 7226 7602 4840 5689 4673 4845 9148 26713 14336 9000 4789 8378 25463 25064 28655 7494 4669 16111 8533 5289 4635 5470 14859 19711 5818 7434 9591 19083
internal_value=0.000540648 0.000842546 -0.000652377 -0.00722997 0.00151661 -0.00513842 -0.000133113 -0.00235628 0.00163039 0.00119104 0.000433099 -0.000396349 0.000791842 -0.000156394 0.00106687 0.00062447 0.00249751 0.00216119 -0.00157353 0.00102902 -0.000830157 0.000583812 -0.000784023 0.000918881 0.00203074 0.00165933 0.000563109 0.00116788 0.000617281 0.000839356
internal_weight=331708 319307 99232 12401 220075 10290 88942 18051 215235 142862 70891 26184 101221 22758 78463 53000 72373 41641 11895 41175 13378 14289 11825 44707 43718 28859 30371 14928 17969 24901
internal_count=331708 319307 99232 12401 220075 10290 88942 18051 215235 142862 70891 26184 101221 22758 78463 53000 72373 41641 11895 41175 13378 14289 11825 44707 43718 28859 30371 14928 17969 24901
is_linear=0
shrinkage=0.05


Tree=25
num_leaves=31
num_cat=0
split_feature=2 0 4 2 7 4 9 6 7 7 4 0 7 0 3 7 2 9 6 2 3 7 4 2 2 0 5 7 3 0
split_gain=291.158 145.178 85.1637 71.9051 55.131 24.9 21.4649 19.8933 14.0442 13.3815 17.2076 13.2518 10.41 7.10517 6.75022 6.70528 6.60502 6.43613 5.74591 5.48886 4.86406 4.49299 4.15774 3.65294 3.56596 4.91972 3.29492 3.23806 3.17116 2.99583
threshold=5.5000000000000009 75.500000000000014 0.8095376440316665 7.5000000000000009 0.83371487900000008 0.72737128769017889 30.500000000000004 1.5000000000000002 1.0000053235000002 1.0038369515000001 0.36763814755456808 110.50000000000001 0.91752535600000018 69.500000000000014 15.8712220535 1.2192672570000003 2.5000000000000004 38.500000000000007 1.5000000000000002 4.5000000000000009 -29.674830943499995 1.0061706605000003 0.58198096355525697 2.5000000000000004 1.5000000000000002 55.500000000000007 10.500000000000002 0.92424868750000011 -1.3418075809999996 59.500000000000007
decision_type=2 2 10 2 2 10 2 2 2 2 8 2 2 2 2 2 2 2 2 2 2 2 10 2 2 2 2 2 2 2
left_child=2 -2 4 12 -1 -5 8 9 13 10 -6 14 -3 16 21 18 26 22 28 -15 -14 23 -12 29 -11 -26 -4 -24 -10 -8
right_child=1 3 6 5 7 -7 11 -9 15 24 17 -13 20 19 -16 -17 -18 -19 -20 -21 -22 -23 27 -25 25 -27 -28 -29 -30 -31
leaf_value=-0.004816680476028931 -0.009863817935364113 -0.0035420910205722828 -0.00064650187266686874 -0.0093543651467832122 -0.0034967604116505208 -0.0095256068388422654 0.0016362688761423598 -0.0028453026313195341 0.0019032880961481467 0.0026418303865338548 -0.0011388632653955295 -0.00093211556564109187 -0.0031446501837329327 0.005472736541022781 0.0081765460218573231 0.0062740787284944607 -0.0017879825666240294 0.0022843133473986065 0.00039506461800994117 0.00037617135009441717 -0.00010188005876696145 0.0046401505635673447 -0.00060468421817804516 0.0009772820349511907 -0.00035827789381972347 0.0022088605363291651 0.0010982211600883169 0.0010487341761581225 0.0033910610830836484 0.0060475124462272111
leaf_weight=5121 4793 4622 5376 4554 5181 7185 6743 8320 15299 18390 11657 4566 6271 7791 23774 6026 6446 5736 6923 4719 17865 29105 6964 9003 7566 7981 18143 15615 43975 6156
leaf_count=5121 4793 4622 5376 4554 5181 7185 6743 8320 15299 18390 11657 4566 6271 7791 23774 6026 6446 5736 6923 4719 17865 29105 6964 9003 7566 7981 18143 15615 43975 6156
internal_value=0.000520624 -0.00320455 0.00110939 -0.00222989 -0.000138811 -0.00552665 0.00170459 0.000156724 0.0012671 0.000401416 -0.00016243 0.00233687 -0.000883426 0.000545551 0.00249652 0.00169138 0.000127628 0.000189109 0.0015458 0.00154614 -0.00046684 0.00217174 -7.06753e-05 0.00163007 0.00115152 0.000593814 0.000516281 0.00032523 0.00170499 0.00216948
internal_weight=331866 45290 286576 40497 92531 11739 194045 87410 114698 79090 45153 79347 28758 42475 74781 72223 29965 39972 66197 12510 24136 51007 34236 21902 33937 15547 23519 22579 59274 12899
internal_count=331866 45290 286576 40497 92531 11739 194045 87410 114698 79090 45153 79347 28758 42475 74781 72223 29965 39972 66197 12510 24136 51007 34236 21902 33937 15547 23519 22579 59274 12899
is_linear=0
shrinkage=0.05


Tree=26
num_leaves=31
num_cat=0
split_feature=2 0 4 2 8 3 4 7 7 0 9 7 8 0 2 8 8 3 2 0 2 9 4 0 4 8 8 9 0 8
split_gain=268.489 142.604 68.1994 63.4109 59.9339 26.2145 19.9419 17.5445 17.1286 13.3715 12.3081 9.85264 7.2018 6.81015 6.67568 5.80475 5.34372 5.22412 4.84369 6.46199 12.8739 4.48908 4.45832 4.43174 5.20619 3.76951 3.42903 3.56379 3.3177 3.78824
threshold=5.5000000000000009 75.500000000000014 0.6785940134479117 7.5000000000000009 0.8176335815000001 7.2043208685000009 0.72737128769017889 0.89040702000000016 1.0517352690000001 112.50000000000001 29.500000000000004 0.91752535600000018 1.5097159270000002 59.500000000000007 3.5000000000000004 0.8424309980000001 1.2304387475000003 38.286769956500009 1.0000000180025095e-35 62.500000000000007 3.5000000000000004 53.500000000000007 0.36763814755456808 113.50000000000001 0.72354225804866756 1.2592987655000003 1.3938727930000001 24.500000000000004 44.500000000000007 1.0843950875000001
decision_type=2 2 10 2 2 2 10 2 2 2 2 2 2 2 2 2 2 2 2 2 2 2 8 2 10 2 2 2 2 2
left_child=2 -2 4 11 -1 7 -5 13 14 17 12 -3 15 -4 22 -9 21 26 25 20 -20 -12 -6 24 -13 -17 27 -7 29 -24
right_child=1 3 5 6 8 9 -8 10 -10 -11 16 23 -14 -15 -16 18 -18 -19 19 -21 -22 -23 28 -25 -26 -27 -28 -29 -30 -31
leaf_value=-0.0054188323480663042 -0.0095241918079249019 -0.0035719075810022442 -0.0016836969467993125 -0.0087996415112655841 -0.0017143535438804904 0.0025368913048903507 -0.0094502003555213231 -0.0016161546402615589 0.0027825838025343965 -0.0012022034255438597 0.0018200456939898232 -0.0025208233538268478 0.0048188774658541808 0.00072651070697601352 -0.0026277850319545389 0.001990223734224647 0.0047941880802992278 0.010895861887239958 0.00095394411394035127 0.0025302809145005983 -0.0029106141672200336 0.0048749541589818155 -0.00085129308981563847 -0.0047050829535684206 0.00067659821065325248 0.0042200470952994291 0.0056421704732618882 0.0048407226264898795 0.0015881299790639028 0.0016049631013661542
leaf_weight=6189 4807 4583 6812 4548 6465 18383 7180 4510 12258 4663 28208 4631 7167 5120 7802 14327 16184 10477 37551 20128 4690 5037 11063 4722 14841 6268 11869 30546 4632 6218
leaf_count=6189 4807 4583 6812 4548 6465 18383 7180 4510 12258 4663 28208 4631 7167 5120 7802 14327 16184 10477 37551 20128 4690 5037 11063 4722 14841 6268 11869 30546 4632 6218
internal_value=0.000520197 -0.00305603 0.00108571 -0.00208899 -0.000503642 0.00146004 -0.00518708 0.00108912 8.85579e-05 0.00222193 0.00124171 -0.000825689 0.000907645 -0.00075312 -0.000458753 0.000782702 0.0018812 0.00239162 0.000877677 0.000658047 0.000306656 0.00151805 -0.000102526 -0.000422745 -8.9336e-05 0.00154248 0.00221354 0.00202814 0.000237932 -8.0701e-05
internal_weight=331879 45312 286567 40505 54627 231940 11728 156002 48438 75938 144070 28777 94641 11932 36180 87474 49429 71275 82964 62369 42241 33245 28378 24194 19472 20595 60798 48929 21913 17281
internal_count=331879 45312 286567 40505 54627 231940 11728 156002 48438 75938 144070 28777 94641 11932 36180 87474 49429 71275 82964 62369 42241 33245 28378 24194 19472 20595 60798 48929 21913 17281
is_linear=0
shrinkage=0.05


Tree=27
num_leaves=31
num_cat=0
split_feature=2 0 4 2 8 4 7 7 0 2 2 7 9 0 2 8 7 9 3 3 7 2 0 2 7 2 7 5 7 3
split_gain=250.655 126.144 67.5123 63.8317 46.3894 24.8443 19.9373 12.6523 12.5764 14.0209 10.5874 9.56285 9.28223 8.55496 7.73056 7.10076 5.81259 5.68205 4.6051 4.36053 4.19231 4.11015 4.86362 6.12268 4.08368 4.05941 3.02132 2.99974 2.49579 2.36167
threshold=5.5000000000000009 75.500000000000014 0.8095376440316665 7.5000000000000009 0.80377605800000007 0.72354225804866756 1.0194998250000002 0.9272160570000002 63.500000000000007 2.5000000000000004 3.5000000000000004 0.91752535600000018 33.500000000000007 55.500000000000007 4.5000000000000009 0.92706994300000012 1.2428445740000003 9.5000000000000018 -30.986895252499995 5.5876536425000003 1.1393784770000002 1.0000000180025095e-35 63.500000000000007 2.5000000000000004 0.93934972700000008 3.5000000000000004 1.1229187270000003 12.500000000000002 1.0132845280000002 10.520400037500002
decision_type=2 2 10 2 2 10 2 2 2 2 2 2 2 2 2 2 2 2 2 2 2 2 2 2 2 2 2 2 2 2
left_child=2 -2 4 11 -1 -5 8 13 9 17 -10 -3 16 -6 15 -9 19 -4 -13 21 27 -8 23 -23 -12 26 -14 -17 -20 -19
right_child=1 3 6 5 7 -7 12 14 10 -11 24 18 25 -15 -16 20 -18 29 28 -21 -22 22 -24 -25 -26 -27 -28 -29 -30 -31
leaf_value=-0.004432862456501623 -0.0088993272627506965 -0.0034260042332189219 -0.00073596190827225497 -0.0084975270533320432 -0.0019500803221920511 -0.008651597072011314 0.0034528315180928936 -0.0011792587785820273 0.0049944383256790847 -0.0018532108010081835 -0.00046590451613042416 -0.0031096477823805415 0.0045086011901160203 0.00070261256303292803 -0.001357078645020673 0.00078138173912960869 0.0064568341618086366 0.0012230730817127211 -0.0010549234369815834 0.0037200266508934199 0.0034479398364572131 0.0015391828222675447 0.0033871456971672899 -0.0017032436352070798 0.0028722121588439348 0.0037607942293891973 0.0085857065044960025 0.0022819076651806264 0.0015137071814535644 0.0030495960579145051
leaf_weight=7772 4750 4626 7038 4529 10698 7339 9760 7095 21311 7505 5065 5847 20531 5369 6816 37798 4630 25754 10660 27194 6447 13613 8708 4900 14448 7417 10716 10188 7686 5682
leaf_count=7772 4750 4626 7038 4529 10698 7339 9760 7095 21311 7505 5065 5847 20531 5369 6816 37798 4630 25754 10660 27194 6447 13613 8708 4900 14448 7417 10716 10188 7686 5682
internal_value=0.000483162 -0.00296675 0.00103042 -0.00206588 -8.39044e-05 -0.00515118 0.00155917 0.000256527 0.000995473 0.000428301 0.00163413 -0.00079465 0.00201439 -0.00100579 0.000553337 0.00073034 0.00166582 0.000813951 -0.000396107 0.00154215 0.000924263 0.00118842 0.000872512 0.000413922 0.000792346 0.00263441 0.00288414 0.000763268 -6.53897e-06 0.00110143
internal_weight=331892 45437 286455 40687 92183 11868 194272 84411 86803 45979 40824 28819 107469 16067 68344 61528 68805 38474 24193 64175 54433 36981 27221 18513 19513 38664 31247 47986 18346 31436
internal_count=331892 45437 286455 40687 92183 11868 194272 84411 86803 45979 40824 28819 107469 16067 68344 61528 68805 38474 24193 64175 54433 36981 27221 18513 19513 38664 31247 47986 18346 31436
is_linear=0
shrinkage=0.05


Tree=28
num_leaves=31
num_cat=0
split_feature=2 0 5 2 8 7 0 3 3 8 0 2 0 2 0 7 0 3 6 8 0 3 7 0 0 2 5 0 0 2
split_gain=230.91 120.341 58.6347 51.2215 48.8626 17.7353 16.6159 21.1686 12.5751 12.1336 11.3035 19.6836 10.7105 19.2971 10.6977 8.47231 8.23627 8.40574 5.41461 4.78792 3.78574 3.70501 3.42945 3.18044 2.8699 4.64805 2.64485 2.53209 2.45972 3.04502
threshold=5.5000000000000009 75.500000000000014 11.500000000000002 7.5000000000000009 0.80377605800000007 1.1125821150000001 113.50000000000001 14.998353170000001 -36.404110705499996 1.0796594780000002 85.500000000000014 3.5000000000000004 66.500000000000014 2.5000000000000004 66.500000000000014 0.94766751400000004 49.500000000000007 -9.312333697999998 1.0000000180025095e-35 1.0025047235000002 32.500000000000007 46.633597832000007 0.98477545750000017 112.50000000000001 61.500000000000007 1.0000000180025095e-35 13.500000000000002 103.50000000000001 59.500000000000007 1.5000000000000002
decision_type=2 2 2 2 2 2 2 2 2 2 2 2 2 2 2 2 2 2 2 2 2 2 2 2 2 2 2 2 2 2
left_child=2 -2 4 15 -1 10 7 9 -5 12 11 16 13 20 -13 -3 17 19 24 -6 -4 27 -19 -17 25 -11 -14 -9 29 -20
right_child=1 3 6 8 5 -7 -8 21 -10 18 -12 14 26 -15 -16 23 -18 22 28 -21 -22 -23 -24 -25 -26 -27 -28 -29 -30 -31
leaf_value=-0.0042302755692870606 -0.0085733847160129311 -0.003116522243724512 0.00037447391475925262 -0.0081462602832865216 -0.0023717109605870938 0.0031888386974444232 -0.0043828566087514547 0.0056071342984553739 -0.0079769160993111189 0.003477138840395052 0.0035934620603569369 -0.0036825734178670688 0.0010706123034819165 -0.0024197563224176615 -0.00041237157797967559 3.7555166961106096e-05 0.0019952440144478958 -0.00030784907690678304 0.0023993074839632348 -0.00036487479024412128 0.0019092458988709583 0.013395401826744757 0.0013301043492157734 -0.0037969752222963751 0.004785736449599896 0.0019960432745407481 0.0038025836080839981 0.0036929584276820964 0.0034020394116985801 0.00024983347053286769
leaf_weight=7967 4766 7976 14277 4548 6856 15182 5219 29913 7225 15371 6519 7398 5075 8070 6240 16011 13606 13866 6972 9059 11858 6577 19981 4810 17014 16737 19352 4512 9981 8674
leaf_count=7967 4766 7976 14277 4548 6856 15182 5219 29913 7225 15371 6519 7398 5075 8070 6240 16011 13606 13866 6972 9059 11858 6577 19981 4810 17014 16737 19352 4512 9981 8674
internal_value=0.000447685 -0.0028676 0.000972751 -0.00198398 4.42451e-05 0.000348337 0.00152422 0.00160742 -0.00476184 0.0013019 6.25526e-05 -0.000106738 0.000763341 0.000192195 -0.00182951 -0.000847684 0.000264151 -3.39581e-05 0.00172426 -0.00098147 0.000852142 0.00260102 0.000411645 -0.000316671 0.00203167 0.00175287 0.00156291 0.00239254 0.00113471 0.000743084
internal_weight=331612 45336 286276 40570 106674 98707 179602 174383 11773 133381 83525 77006 58632 34205 13638 28797 63368 49762 74749 15915 26135 41002 33847 20821 49122 32108 24427 34425 25627 15646
internal_count=331612 45336 286276 40570 106674 98707 179602 174383 11773 133381 83525 77006 58632 34205 13638 28797 63368 49762 74749 15915 26135 41002 33847 20821 49122 32108 24427 34425 25627 15646
is_linear=0
shrinkage=0.05


Tree=29
num_leaves=31
num_cat=0
split_feature=2 0 4 8 0 3 2 2 7 6 8 8 0 2 2 0 3 8 9 0 2 0 3 0 2 2 0 4 0 8
split_gain=204.874 77.8055 73.5849 51.0498 29.6691 30.7855 22.9478 17.0142 15.4201 15.9567 13.697 7.92304 7.69622 18.4153 8.24876 6.73296 6.65594 5.92917 5.89005 5.37096 4.56298 4.00276 3.61759 3.4549 4.58538 3.38263 3.45449 3.29285 3.28369 3.89193
threshold=6.5000000000000009 90.500000000000014 0.64381177141985335 0.80377605800000007 115.50000000000001 7.9302880435000009 4.5000000000000009 7.5000000000000009 0.89040702000000016 1.0000000180025095e-35 1.0025047235000002 1.2463057665000001 71.500000000000014 3.5000000000000004 4.5000000000000009 57.500000000000007 -32.422926974499994 1.1478995315000002 53.500000000000007 14.500000000000002 3.5000000000000004 41.500000000000007 36.661840175500011 44.500000000000007 1.5000000000000002 1.0000000180025095e-35 37.500000000000007 0.81541554238303438 102.50000000000001 0.9915069485000001
decision_type=2 2 8 2 2 2 2 2 2 2 2 2 2 2 2 2 2 2 2 2 2 2 2 2 2 2 2 8 2 2
left_child=2 -2 3 -1 5 8 10 -3 15 11 19 18 13 23 -14 -4 -9 20 -10 -5 -7 -21 -19 24 -11 -12 -27 -13 29 -16
right_child=1 7 4 6 -6 17 -8 16 9 12 25 27 14 -15 28 -17 -18 22 -20 21 -22 -23 -24 -25 -26 26 -28 -29 -30 -31
leaf_value=-0.0054502116107519195 -0.0075966174784534955 -0.001742796443065231 -0.0015626000116949633 0.00061507873098159873 -0.0087582493544713751 0.0039656390966072977 -0.0050738585738458707 -0.007527470068871377 0.0015245701283170311 0.0012556712397181148 0.0024369313332909268 0.001238202894012274 0.0034814158913966694 -0.0034816059883909485 0.0014478378417681376 0.00045928650572139759 -0.0072352842112411433 0.0042658248928383272 0.004830035835060204 -0.0030684926572338116 0.0021245289366309647 -0.00078555993685981956 0.01024160274552828 0.0021811324149199718 -0.00077981231494231697 -0.00034655897458490465 0.0019140170143531331 0.0045298369873889022 0.002602543134464114 -0.0016278174570775559
leaf_weight=5275 4746 9760 7480 4685 5296 21307 5669 4595 59272 12655 8425 5728 12305 8163 5102 6570 6275 32171 5235 5473 12088 4518 7639 11670 12269 9062 4657 24496 4876 5187
leaf_count=5275 4746 9760 7480 4685 5296 21307 5669 4595 59272 12655 8425 5728 12305 8163 5102 6570 6275 32171 5235 5473 12088 4518 7639 11670 12269 9062 4657 24496 4876 5187
internal_value=0.00046338 -0.00385406 0.000819991 -0.000983483 0.00115194 0.00122912 -0.000407234 -0.00252484 0.000879164 0.00101304 4.888e-05 0.00143984 0.000453193 4.88139e-05 0.00111192 -0.00071149 -0.00388506 0.00209432 0.00112669 -0.00113548 0.00160255 -0.00179022 0.00250659 0.000527883 0.000195355 0.000833898 0.000349388 0.00210791 0.000331246 -0.000175345
internal_weight=332649 25376 307273 47764 259509 254213 42489 20630 181008 166958 36820 94731 72227 44757 27470 14050 10870 73205 64507 14676 33395 9991 39810 36594 24924 22144 13719 30224 15165 10289
internal_count=332649 25376 307273 47764 259509 254213 42489 20630 181008 166958 36820 94731 72227 44757 27470 14050 10870 73205 64507 14676 33395 9991 39810 36594 24924 22144 13719 30224 15165 10289
is_linear=0
shrinkage=0.05


Tree=30
num_leaves=31
num_cat=0
split_feature=3 9 7 0 5 9 8 6 0 9 5 7 8 3 3 3 7 0 3 7 6 9 0 8 7 7 5 3 7 9
split_gain=120.486 65.8591 47.8413 37.2228 24.9413 23.7359 19.6298 14.7419 12.6255 10.8398 8.9206 7.22172 7.1814 6.99168 5.8469 5.31879 4.98893 4.8928 4.45594 3.77514 3.59625 3.27432 3.04502 2.98464 2.88814 2.71003 2.66838 2.41981 2.32375 3.14677
threshold=-16.965990684499996 10.500000000000002 1.0028781850000004 72.500000000000014 4.5000000000000009 21.500000000000004 0.89296422700000011 1.0000000180025095e-35 109.50000000000001 34.500000000000007 9.5000000000000018 0.93036914000000015 0.80894011650000008 4.7579822045000002 -30.342766166999997 18.786521545000003 1.0731915865000003 106.50000000000001 8.1869690720000019 0.89040702000000016 1.0000000180025095e-35 8.5000000000000018 64.500000000000014 1.2463057665000001 0.99391202600000017 1.1496716780000003 11.500000000000002 31.598499919000002 1.1795612660000001 34.500000000000007
decision_type=2 2 2 2 2 2 2 2 2 2 2 2 2 2 2 2 2 2 2 2 2 2 2 2 2 2 2 2 2 2
left_child=1 3 5 -1 -3 6 10 18 9 12 -2 -8 -6 16 -14 19 21 -15 23 -7 -13 -9 -18 -4 26 27 -21 -20 29 -25
right_child=2 4 7 -5 8 15 11 13 -10 -11 -12 20 14 17 -16 -17 22 -19 25 24 -22 -23 -24 28 -26 -27 -28 -29 -30 -31
leaf_value=-0.0075366598346728389 -0.0033745061761134201 -0.0050992786385563645 0.0021920210702059107 -0.0043885778121594068 -0.0027501220267663481 -0.00051660772624972928 -0.0014677098891229653 -0.0021479555073336057 -0.0063488746543600011 0.0013909554274698782 -0.0017810159900685631 0.0017666895962581326 -0.0020709977167901131 0.0032622281091365412 0.00024975355201357262 0.0046713871209169014 0.00097827305214192705 0.00057996256524968099 0.0033088788560586961 0.00024067581998238579 -1.1715020114309502e-05 0.00047065004915565473 0.0049058078651267635 0.0021425394121025016 -0.00017957805876248067 0.0080562642297044885 0.0022438058345000092 0.0085350546061001981 0.0052416770728550511 0.0051873315286088337
leaf_weight=4709 7230 4676 28105 7834 4602 5689 9315 5050 4979 15524 11739 12726 9896 22743 18135 7877 11934 5523 17945 6500 18829 14533 4860 15698 5451 8554 23422 5006 6985 6352
leaf_count=4709 7230 4676 28105 7834 4602 5689 9315 5050 4979 15524 11739 12726 9896 22743 18135 7877 11934 5523 17945 6500 18829 14533 4860 15698 5451 8554 23422 5006 6985 6352
internal_value=0.000431841 -0.00140527 0.000925055 -0.00468879 -0.00069253 0.000123089 -0.000544833 0.00149413 -0.000384261 -0.000136311 -0.00187388 7.21714e-05 -0.000653686 0.000919828 -0.000352939 0.000939748 0.000461355 0.00150967 0.00191286 0.000711277 0.000433302 -8.09167e-05 0.00109352 0.00164931 0.000903528 0.00239051 0.00109633 0.00210642 0.00200499 0.00175244
internal_weight=332421 70355 262066 12543 57812 108778 59839 153288 53136 48157 18969 40870 32633 64643 28031 48939 36377 28266 88645 41062 31555 19583 16794 57140 35373 31505 29922 22951 29035 22050
internal_count=332421 70355 262066 12543 57812 108778 59839 153288 53136 48157 18969 40870 32633 64643 28031 48939 36377 28266 88645 41062 31555 19583 16794 57140 35373 31505 29922 22951 29035 22050
is_linear=0
shrinkage=0.05


Tree=31
num_leaves=31
num_cat=0
split_feature=2 1 7 4 8 9 4 2 2 2 1 1 2 8 7 2 4 8 1 4 4 1 2 1 8 1 8 9 9 1
split_gain=179.968 66.7498 58.1803 59.0411 45.8416 18.2764 13.54 12.7708 10.0374 9.09674 8.94849 8.47859 28.9592 7.9976 7.12036 7.10721 5.98186 5.07322 4.51611 4.38466 4.05534 3.84783 3.60391 6.71186 5.25443 3.57934 3.01879 2.94027 2.84835 2.46302
threshold=6.5000000000000009 29.500000000000004 1.0038369515000001 0.47693509215705504 0.88204568800000016 28.500000000000004 0.97426748322205581 7.5000000000000009 2.5000000000000004 1.5000000000000002 64.500000000000014 48.500000000000007 3.5000000000000004 0.95800982700000004 0.87473695000000007 4.5000000000000009 0.75978287587202054 1.3938727930000001 50.500000000000007 0.71193700132673154 1.2139762453930534 70.500000000000014 1.0000000180025095e-35 82.500000000000014 0.92937962750000014 15.500000000000002 1.0396849785000002 15.500000000000002 18.500000000000004 25.500000000000004
decision_type=2 2 2 8 2 2 10 2 2 2 2 2 2 2 2 2 10 2 2 10 10 2 2 2 2 2 2 2 2 2
left_child=2 7 3 4 -1 11 9 -2 21 -4 19 15 14 -8 -13 -5 -9 20 25 -11 -15 -7 -16 -24 -25 -10 -26 -19 -22 -17
right_child=1 -3 6 5 -6 8 13 16 18 10 -12 12 -14 17 22 29 -18 27 -20 -21 28 -23 23 24 26 -27 -28 -29 -30 -31
leaf_value=-0.0058332797570122821 -0.0018194449199273118 -0.006993866509909229 0.0024734977435566055 0.0035593154019613565 -0.0012076360096516187 0.0038123301754661755 -8.5100667503298872e-05 -0.0070510565821787358 -0.0010631819554090018 -0.00048620331274595928 -0.00075626449610133675 -0.0016414698347775869 -0.0043630795536687477 0.0023889234789567435 0.001296069759239946 0.0010891881617249722 -0.0072864828802582937 0.0022172501592468653 -0.0010371540746480221 0.0023216363214305195 0.002725018970056925 0.001106158808622675 0.0013228957184140628 -0.0029705645516905667 0.0010494835344180603 0.0016290763334219863 -0.0013486481512877161 0.0057859816320522083 0.0054301723511446997 -0.0014392989594184408
leaf_weight=4813 9680 4754 27631 9063 8273 15671 5385 4565 4619 4728 16631 6258 8538 36403 13281 8347 6250 5716 4722 23224 9342 8053 11087 4580 6006 15027 6735 19004 17453 5738
leaf_count=4813 9680 4754 27631 9063 8273 15671 5385 4565 4619 4728 16631 6258 8538 36403 13281 8347 6250 5716 4722 23224 9342 8053 11087 4580 6006 15027 6735 19004 17453 5738
internal_value=0.000423681 -0.00363329 0.000758129 1.1043e-05 -0.00318692 0.000338801 0.00139368 -0.0023939 0.00110839 0.000879547 0.000437674 -0.000126007 -0.000456275 0.00179154 2.15843e-05 0.000679826 -0.0035744 0.0019061 0.00039552 0.000984011 0.00166828 0.00184036 0.000257711 -6.01835e-05 -0.000674997 0.000729225 -0.000152597 0.00251365 0.00213526 -2.30658e-05
internal_weight=331577 25249 306328 140811 13086 127725 165517 20495 48092 72214 44583 79633 56485 93303 47947 23148 10815 87918 24368 27952 63198 23724 41689 28408 17321 19646 12741 24720 26795 14085
internal_count=331577 25249 306328 140811 13086 127725 165517 20495 48092 72214 44583 79633 56485 93303 47947 23148 10815 87918 24368 27952 63198 23724 41689 28408 17321 19646 12741 24720 26795 14085
is_linear=0
shrinkage=0.05


Tree=32
num_leaves=31
num_cat=0
split_feature=3 4 7 9 9 8 4 0 9 8 4 3 7 5 3 8 4 0 8 9 8 8 7 9 3 7 0 9 7 9
split_gain=99.3744 94.7475 38.0753 36.5353 21.5986 17.2075 14.9959 11.9478 11.8637 7.58482 7.47074 6.72719 6.30941 6.20764 5.80256 5.5628 4.16344 3.63371 3.34725 3.33388 3.32168 3.0204 2.92973 2.89538 2.5453 2.50128 2.07072 2.00111 1.92716 1.77575
threshold=-16.965990684499996 0.40039526982211632 1.0212551835000003 11.500000000000002 21.500000000000004 0.88978217450000008 0.70792748231424296 109.50000000000001 33.500000000000007 1.2805315585000001 0.64381177141985335 -11.352440008499999 1.2192672570000003 11.500000000000002 14.519103264000002 1.0025047235000002 1.3143924865272292 105.50000000000001 0.98373178200000011 9.5000000000000018 1.1100206280000002 0.8176335815000001 0.9253556475000001 42.500000000000007 22.904496796 0.8943654055000001 56.500000000000007 17.500000000000004 0.92847607600000004 12.500000000000002
decision_type=2 10 2 2 2 2 10 2 2 2 10 2 2 2 2 2 10 2 2 2 2 2 2 2 2 2 2 2 2 2
left_child=1 -1 4 6 5 13 -3 10 12 14 15 -7 16 21 20 22 18 24 -4 -13 25 -2 -5 28 -10 -6 -22 -18 -12 -20
right_child=2 3 8 7 9 11 -8 -9 17 -11 23 19 -14 -15 -16 -17 27 -19 29 -21 26 -23 -24 -25 -26 -27 -28 -29 -30 -31
leaf_value=-0.0066626669290812532 -0.0042698609581526955 -0.0054693592809821343 -0.00051547034974636552 -0.00068332952652720345 -0.00016894816162940063 -0.0021392056176875117 -0.0023436827914956495 -0.0058764296317096914 0.0035932934450177085 0.0052809072062552746 -0.00056525818893263908 -0.00020901560545679741 0.0047063491304751501 -0.0012442589559274846 0.0036418546454499699 0.00056797226549484988 0.0022399656953106489 0.0028168118356636691 0.0010352552454402785 0.0012312663329252351 -0.0015558092644739831 -0.0018505611593153462 -0.0029792093957055278 0.0021531663901308349 0.007669282247532618 0.0013548550469579112 0.00080763816733041283 0.0051994554881168251 0.00073543497595610682 0.0019846601820140866
leaf_weight=4584 4615 7261 6211 5616 5749 6380 5643 4847 25335 4551 5028 20172 8533 9888 12038 6610 7185 4555 24621 24391 4573 5141 6457 6208 9461 27540 4893 5897 17884 40234
leaf_count=4584 4615 7261 6211 5616 5749 6380 5643 4847 25335 4551 5028 20172 8533 9888 12038 6610 7185 4555 24621 24391 4573 5141 6457 6208 9461 27540 4893 5897 17884 40234
internal_value=0.00040606 -0.00126541 0.000853597 -0.000779145 0.000245929 -0.000345152 -0.00316291 -0.000194663 0.00145156 0.000948963 4.52855e-05 0.000139652 0.00114262 -0.00160212 0.000785887 -0.000734963 0.00101113 0.00217896 0.000860126 0.000357095 0.000512746 -0.00249667 -0.00137316 0.000545923 0.00235281 0.000747732 -0.000313589 0.00183082 0.000286251 0.000966312
internal_weight=332101 70138 261963 65554 129931 70587 12904 52650 132032 59344 47803 50943 92681 19644 54793 18683 84148 39351 71066 44563 42755 9756 12073 29120 34796 33289 9466 13082 22912 64855
internal_count=332101 70138 261963 65554 129931 70587 12904 52650 132032 59344 47803 50943 92681 19644 54793 18683 84148 39351 71066 44563 42755 9756 12073 29120 34796 33289 9466 13082 22912 64855
is_linear=0
shrinkage=0.05


Tree=33
num_leaves=31
num_cat=0
split_feature=2 4 0 0 8 4 3 2 0 2 0 2 2 8 2 3 2 0 8 8 0 5 0 4 8 3 2 0 6 3
split_gain=158.195 56.0035 42.1349 38.6859 38.4962 32.0147 26.1671 16.0515 36.1767 13.5687 13.1935 11.2971 6.77582 6.35377 6.15942 5.21848 5.22939 4.90971 4.32296 3.96426 3.67444 3.60363 3.51624 4.13745 3.47192 2.77861 2.68576 2.2654 2.47432 2.1723
threshold=7.5000000000000009 0.64887298102333657 104.50000000000001 116.50000000000001 0.92706994300000012 0.40039526982211632 13.326599906500002 3.5000000000000004 60.500000000000007 4.5000000000000009 54.500000000000007 1.5000000000000002 5.5000000000000009 1.2650961850000002 3.5000000000000004 46.633597832000007 4.5000000000000009 89.500000000000014 1.3730554145000002 1.1100206280000002 35.500000000000007 8.5000000000000018 86.500000000000014 0.85903235413321954 1.1611543400000002 -23.475989162999998 1.0000000180025095e-35 63.500000000000007 1.0000000180025095e-35 -9.1210145509999982
decision_type=2 10 2 2 2 8 2 2 2 2 2 2 2 2 2 2 2 2 2 2 2 2 2 10 2 2 2 2 2 2
left_child=1 4 -2 6 5 -1 7 10 -9 19 11 13 22 21 -7 16 27 -14 -12 25 24 -3 23 -10 -13 -6 -21 28 -8 -27
right_child=2 3 -4 -5 9 14 15 8 12 -11 18 20 17 -15 -16 -17 -18 -19 -20 26 -22 -23 -24 -25 -26 29 -28 -29 -30 -31
leaf_value=-0.0061870552503117959 -0.0066762928684555318 -0.00035869810931912348 -0.0072694805536636072 -0.012462546945723321 0.0010227627077523116 -0.00040253355016618204 0.0035848622134613721 -0.0047310217611072451 0.0016106039769988201 -0.0036357994554560933 0.0024516812681460651 -0.0021614085129521847 -0.0026256182696649082 0.0027649818482371356 -0.003576877479692004 0.010509307236514494 0.0013168769618823331 0.00027511626664724693 0.0046754185820795874 0.0023429022207465582 0.00057545643757118535 0.0011471066615392315 0.0026378619272744552 -0.00057255678271227878 0.00023002492802403639 -0.001577546908485058 0.00058904434293030486 0.0052060920072407183 0.00091330956377438715 0.00013082782410411584
leaf_weight=4614 4587 7936 7960 5183 4592 6651 11152 7094 8296 4700 36997 6353 4811 21900 6386 8067 7163 14956 7334 7885 19123 36836 19951 8663 5277 5160 9172 22739 4978 5510
leaf_count=4614 4587 7936 7960 5183 4592 6651 11152 7094 8296 4700 36997 6353 4811 21900 6386 8067 7163 14956 7334 7885 19123 36836 19951 8663 5277 5160 9172 22739 4978 5510
internal_value=0.000378218 0.000594537 -0.00512787 0.000895327 -0.000862368 -0.00278347 0.000980738 0.000723172 6.43661e-05 5.38842e-05 0.00101953 0.000694088 0.00048578 0.00105974 -0.00151549 0.0019591 0.00175316 -0.000261228 0.0017346 0.000419039 -9.86733e-05 0.000718226 0.000885819 0.000356343 -0.000799312 -0.000166372 0.000942738 0.00198192 0.00152773 -0.000608899
internal_weight=332026 319479 12547 264809 54670 17651 259626 205527 63771 37019 141756 97425 56677 66672 13037 54099 46032 19767 44331 32319 30753 44772 36910 16959 11630 15262 17057 38869 16130 10670
internal_count=332026 319479 12547 264809 54670 17651 259626 205527 63771 37019 141756 97425 56677 66672 13037 54099 46032 19767 44331 32319 30753 44772 36910 16959 11630 15262 17057 38869 16130 10670
is_linear=0
shrinkage=0.05


Tree=34
num_leaves=31
num_cat=0
split_feature=2 0 5 2 8 7 0 3 4 0 2 0 2 0 8 7 0 7 7 0 2 3 8 2 3 8 8 2 8 7
split_gain=145.823 101.611 33.8093 33.069 28.2872 11.9277 11.8912 14.8093 11.2249 8.56185 21.326 7.1004 11.4006 8.62727 6.92954 4.8209 4.81136 6.4906 4.13757 5.38339 4.11302 3.98438 3.82649 3.49871 3.24926 2.98477 2.8904 2.83815 2.49309 2.45751
threshold=5.5000000000000009 74.500000000000014 12.500000000000002 7.5000000000000009 0.80377605800000007 1.1125821150000001 113.50000000000001 16.338331983000003 0.73120486283240538 63.500000000000007 2.5000000000000004 83.500000000000014 3.5000000000000004 63.500000000000007 1.0299972105000001 0.9726132500000001 47.500000000000007 0.91047063400000006 0.97430084000000006 41.500000000000007 3.5000000000000004 46.633597832000007 0.87106510550000016 1.5000000000000002 -11.796539283499998 0.99846873800000002 1.2055926885000001 1.5000000000000002 1.4435879295000003 0.98106093850000009
decision_type=2 2 2 2 2 2 2 2 10 2 2 2 2 2 2 2 2 2 2 2 2 2 2 2 2 2 2 2 2 2
left_child=2 -2 4 15 -1 11 7 9 -5 10 18 12 16 -14 -12 22 17 -6 19 -4 24 26 -3 29 -11 -17 -9 -20 -7 -19
right_child=1 3 6 8 5 28 -8 21 -10 20 14 -13 13 -15 -16 25 -18 23 27 -21 -22 -23 -24 -25 -26 -27 -28 -29 -30 -31
leaf_value=-0.0030187137589983283 -0.007098248102597216 -0.0028227435873152576 -0.00014020031812200291 -0.0062254909358259647 -0.0015187461312674579 0.0017885254773262389 -0.0039235495219812995 0.003099752489125248 -0.0066424728297337201 0.0013605498497006553 -0.0039000990343883188 0.0023807279558631794 -0.0036373138321974352 -7.5484811127016476e-05 -0.00029908420686716481 0.0012307615796565052 0.0015519078593366298 -8.4565626798259374e-05 0.0022518442182688529 0.0024187336429064062 0.0022533978612019161 0.010742956584544872 -0.00069383240536186703 -0.00067947952789194433 0.0047146330819703396 -0.0013054414687952603 0.0058436886931524197 0.0010454075567834695 0.0034729657258493179 0.0012057652563863147
leaf_weight=8716 4537 6511 11664 4666 7061 10483 5126 16929 7136 5535 4684 9607 7360 7604 6901 9066 18281 11360 34860 4710 23609 6490 5181 13301 18720 8249 13730 11506 7038 22041
leaf_count=8716 4537 6511 11664 4666 7061 10483 5126 16929 7136 5535 4684 9607 7360 7604 6901 9066 18281 11360 34860 4710 23609 6490 5181 13301 18720 8249 13730 11506 7038 22041
internal_value=0.000379839 -0.00225508 0.00079573 -0.00146531 0.000168163 0.000377866 0.00126449 0.00134076 -0.00369611 0.00107489 0.000738935 0.000160164 1.76987e-05 -0.00123789 -0.00123167 -0.000557183 0.000278561 4.02658e-05 0.00110288 0.00041944 0.00159644 0.00221497 -0.00134137 0.000253924 0.00205379 -2.74248e-05 0.0019761 0.00134416 0.00157794 0.000527001
internal_weight=332662 45346 287316 40809 122852 114136 164464 159338 11802 122189 74325 96615 87008 14964 11585 29007 72044 53763 62740 16374 47864 37149 11692 46702 24255 17315 30659 46366 17521 33401
internal_count=332662 45346 287316 40809 122852 114136 164464 159338 11802 122189 74325 96615 87008 14964 11585 29007 72044 53763 62740 16374 47864 37149 11692 46702 24255 17315 30659 46366 17521 33401
is_linear=0
shrinkage=0.05


Tree=35
num_leaves=31
num_cat=0
split_feature=2 0 5 2 8 0 7 3 3 0 8 0 2 0 3 0 0 7 0 2 0 2 7 5 7 2 9 2 7 9
split_gain=130.811 92.2353 31.3049 30.4157 22.6709 21.0934 10.9301 10.8449 9.1125 6.70023 5.93802 5.58868 9.40245 7.78235 5.58103 5.38282 5.31305 6.60585 5.03043 4.66858 4.37987 11.8797 4.23394 3.69444 3.20387 2.86893 2.70251 4.39367 2.49096 2.46027
threshold=5.5000000000000009 74.500000000000014 12.500000000000002 7.5000000000000009 0.82440334850000008 51.500000000000007 1.1125821150000001 14.998353170000001 -34.715770021499992 111.50000000000001 1.0976287175000004 86.500000000000014 3.5000000000000004 55.500000000000007 46.633597832000007 114.50000000000001 44.500000000000007 0.98009628400000015 88.500000000000014 1.5000000000000002 69.500000000000014 2.5000000000000004 0.97754740050000011 7.5000000000000009 0.9455878135000001 3.5000000000000004 28.500000000000004 1.0000000180025095e-35 1.0731915865000003 33.500000000000007
decision_type=2 2 2 2 2 2 2 2 2 2 2 2 2 2 2 2 2 2 2 2 2 2 2 2 2 2 2 2 2 2
left_child=2 -2 4 15 5 -1 11 10 -5 14 20 12 16 -14 -9 18 17 23 -3 28 21 -4 -12 -6 -18 -22 27 -24 -19 -27
right_child=1 3 7 8 6 -7 -8 9 -10 -11 22 -13 13 -15 -16 -17 24 19 -20 -21 25 -23 26 -25 -26 29 -28 -29 -30 -31
leaf_value=-0.0041159866692485041 -0.0067232474600018091 -0.0023277014061769872 0.0009816727679044495 -0.0060725316826284008 -0.0014173720524897088 0.0005093663982810038 0.002398392436796272 0.0038911018920475835 -0.0059276695942086484 0.00029673945896026223 4.0762479913216752e-05 0.0025735288873559529 -0.0043095077460313371 -0.00044180119257079511 0.010985126945611566 -0.0050720713306968016 0.0024405242935433991 0.0016512386159036033 0.00031309225841168837 -0.0011448556224886749 0.003480921184054863 -0.0017676476727200748 0.0030072656579217933 9.5777377897833036e-05 0.00098644167644044837 0.00225125034908631 0.0033081226640286018 0.0012728530647709299 -0.00026083762949269656 -0.00039168292910826149
leaf_weight=6154 4508 4999 25517 4785 11263 4873 17446 32621 7088 4567 6365 7639 4582 10870 6051 4579 5315 16924 19346 7261 8158 8091 9075 9673 15608 9176 25337 23388 4858 5560
leaf_count=6154 4508 4999 25517 4785 11263 4873 17446 32621 7088 4567 6365 7639 4582 10870 6051 4579 5315 16924 19346 7261 8158 8091 9075 9673 15608 9176 25337 23388 4858 5560
internal_value=0.00035828 -0.00213805 0.000753238 -0.00138755 0.000148443 -0.00201369 0.000362469 0.00120511 -0.00351785 0.00188454 0.000961574 0.000149099 3.43915e-05 -0.001083 0.0020984 -0.000512634 0.00027797 -2.10049e-06 -0.000216632 0.00048592 0.000587715 0.000224318 0.00129071 -0.00067905 0.000946818 0.00112101 0.00142548 0.00112311 0.000851884 0.000704159
internal_weight=331677 45305 286372 40797 122466 11027 111439 163906 11873 43239 120667 93993 86354 15452 38672 28924 70902 49979 24345 29043 56502 33608 64165 20936 20923 22894 57800 32463 21782 14736
internal_count=331677 45305 286372 40797 122466 11027 111439 163906 11873 43239 120667 93993 86354 15452 38672 28924 70902 49979 24345 29043 56502 33608 64165 20936 20923 22894 57800 32463 21782 14736
is_linear=0
shrinkage=0.05


Tree=36
num_leaves=31
num_cat=0
split_feature=3 4 1 7 9 5 4 3 1 8 6 9 4 9 7 8 1 9 3 8 7 3 9 7 7 4 7 6 9 8
split_gain=72.6464 82.7801 28.9199 24.7305 23.2393 16.6514 11.7181 9.26228 9.05379 8.08503 6.71577 6.64348 5.89375 4.74714 5.00197 4.5293 4.4359 3.55834 3.51777 3.0388 2.96757 2.68057 2.96697 2.35237 2.30629 2.87055 2.45201 2.18549 1.87336 1.85128
threshold=-16.965990684499996 0.40039526982211632 3.5000000000000004 1.0212551835000003 11.500000000000002 11.500000000000002 0.72354225804866756 46.633597832000007 10.500000000000002 0.80377605800000007 1.5000000000000002 28.500000000000004 0.56912320991037435 35.500000000000007 1.1393784770000002 0.98186433550000007 51.500000000000007 37.500000000000007 14.519103264000002 1.2992437430000001 1.0329430635000001 21.037822049000003 9.5000000000000018 1.0000053235000002 1.0405934205000003 1.047932569326131 1.0575228460000001 1.0000000180025095e-35 6.5000000000000009 1.3109496115000001
decision_type=2 10 2 2 2 2 10 2 2 2 2 2 10 2 2 2 2 2 2 2 2 2 2 2 2 10 2 2 2 2
left_child=1 -1 -2 5 6 9 -3 10 -6 -4 13 21 15 14 20 -10 -12 -14 -13 -16 -5 22 -7 -24 -22 -26 -27 -11 -29 -28
right_child=2 4 3 7 8 11 -8 -9 12 27 16 18 17 -15 19 -17 -18 -19 -20 -21 24 -23 23 -25 25 26 29 28 -30 -31
leaf_value=-0.0056792107095333137 -0.010773373491907517 -0.0044297092286634115 -0.0029366807133692596 0.0030560701773292751 -0.0055506860185310048 -0.0011076503062508456 -0.0011115781102239309 0.010888072442767304 -0.0020821055194250727 0.00020130800437843851 0.0019305835632362344 0.0015415754241957342 2.349730650380535e-05 0.0036166737689076623 0.0012929069986769408 0.00020250340121239256 -0.0014859306642906267 0.0014361174363929498 0.0043381853626681685 0.0039266722891819067 -0.00043913172442853929 0.0037773985508236471 0.00031616560996849995 0.0022868661336060583 0.0008262783391840417 0.0030076210702010514 0.0029346603801056093 -0.0019892417751150491 -0.00049864496860160237 0.00050176048851742624
leaf_weight=4517 5474 7701 4676 7669 4876 7878 5128 5743 5773 20573 4532 24767 26909 30543 6224 4513 5182 10862 9490 16835 4591 5188 26429 6631 27283 4705 10540 5211 15409 6205
leaf_count=4517 5474 7701 4676 7669 4876 7878 5128 5743 5773 20573 4532 24767 26909 30543 6224 4513 5182 10862 9490 16835 4591 5188 26429 6631 27283 4705 10540 5211 15409 6205
internal_value=0.000349438 -0.00107784 0.00073263 0.000809453 -0.000627822 0.000310953 -0.00253662 0.00129336 -0.000165004 -0.000449165 0.00120256 0.000744701 4.33817e-05 0.00130956 0.00111543 -0.00101739 -5.96767e-05 0.000332354 0.00127211 0.00174276 0.000878144 0.000352908 0.000217131 0.000424921 0.000745748 0.00084667 0.00127942 -0.000225375 -0.000589091 0.000995523
internal_weight=332057 70279 261778 256304 65762 126252 12829 130052 52933 45869 124309 80383 48057 114595 84052 10286 9714 37771 34257 23059 60993 46126 40938 33060 53324 48733 21450 41193 20620 16745
internal_count=332057 70279 261778 256304 65762 126252 12829 130052 52933 45869 124309 80383 48057 114595 84052 10286 9714 37771 34257 23059 60993 46126 40938 33060 53324 48733 21450 41193 20620 16745
is_linear=0
shrinkage=0.05


Tree=37
num_leaves=31
num_cat=0
split_feature=2 4 2 2 4 3 8 7 4 8 4 8 7 2 8 9 4 3 9 7 7 5 7 4 9 8 7 4 8 5
split_gain=123.964 39.9771 36.7752 34.2996 26.2575 15.1049 11.5601 11.0648 7.04865 6.33516 5.68776 6.11617 5.22277 4.72111 3.784 4.14267 3.68509 4.59035 3.56372 3.5188 3.457 3.18196 3.11356 3.09571 2.92623 3.61272 3.80275 3.6147 3.40944 5.11879
threshold=7.5000000000000009 0.36763814755456808 1.0000000180025095e-35 4.5000000000000009 0.72354225804866756 14.998353170000001 1.0025047235000002 0.9726132500000001 0.56912320991037435 1.4435879295000003 0.96581831991233036 0.9749352160000001 0.86803575000000011 1.0000000180025095e-35 0.99846873800000002 30.500000000000004 0.63832095183014004 -13.941674392999998 17.500000000000004 1.1496716780000003 1.0866460510000002 6.5000000000000009 1.0142381880000002 1.1723427985227428 40.500000000000007 1.3109496115000001 0.99889278250000013 0.8738568205984002 1.1052717865000001 14.500000000000002
decision_type=2 8 2 2 10 2 2 2 10 2 10 2 2 2 2 2 10 2 2 2 2 2 2 8 2 2 2 10 2 2
left_child=1 2 -1 5 -2 6 8 16 21 13 11 -9 -10 20 15 22 -5 -18 -13 -7 23 -3 -14 -8 25 26 -15 -27 29 -28
right_child=4 3 -4 7 -6 19 9 10 12 -11 -12 18 14 24 -16 -17 17 -19 -20 -21 -22 -23 -24 -25 -26 27 28 -29 -30 -31
leaf_value=0.00051468802898576866 -0.005603551304329042 -0.0002272377865541301 -0.0057881680110182842 -0.0032442463627685826 -0.0066333755120058088 0.0033580020446376275 0.0019358646594900637 0.00079719110674562497 -0.00089777959078693622 0.002842607688136939 0.0021094655166880574 -0.0036769701083342178 0.00086606724482913308 0.000166116398210281 -0.00097244919406808865 0.0021858426261982217 -0.00033639708452855646 -0.002315403634370764 -0.00098886129963531456 0.0067702075207926003 0.003884861075086623 -0.0022581579298496814 -0.0015153817185533278 4.6293309467824148e-05 0.0019040507762298248 -0.0023507734520968816 0.0039880686344968847 0.00081434562244002244 0.0010991815409284347 0.00055782962867698517
leaf_weight=6301 5053 4956 5802 4846 7339 33502 13298 9036 8113 22237 15536 4836 24922 21442 4627 13372 9011 8560 8793 8701 8529 4570 4789 5861 16625 4522 6327 8200 27846 4639
leaf_count=6301 5053 4956 5802 4846 7339 33502 13298 9036 8113 22237 15536 4836 24922 21442 4627 13372 9011 8560 8793 8701 8529 4570 4789 5861 16625 4522 6327 8200 27846 4639
internal_value=0.000316696 0.000506858 -0.00231128 0.000617743 -0.00458901 0.000879219 0.000701752 -0.000448015 0.000152936 0.000958784 6.94919e-05 -0.000435598 0.000367468 0.00081202 0.000566908 0.000712844 -0.00132972 -0.000992546 -0.00110422 0.00174055 0.00138266 -0.00110377 0.0003838 0.00100944 0.000635616 0.000499171 0.000660814 -0.000266363 0.000956025 0.00170267
internal_weight=332191 319799 12103 307696 12392 247078 204875 60618 65349 139526 38201 22665 55823 117289 47710 43083 22417 17571 13629 42203 27688 9526 29711 19159 89601 72976 60254 12722 38812 10966
internal_count=332191 319799 12103 307696 12392 247078 204875 60618 65349 139526 38201 22665 55823 117289 47710 43083 22417 17571 13629 42203 27688 9526 29711 19159 89601 72976 60254 12722 38812 10966
is_linear=0
shrinkage=0.05


Tree=38
num_leaves=31
num_cat=0
split_feature=2 2 0 0 0 2 7 4 0 0 7 2 0 0 2 5 7 7 8 4 8 9 2 8 7 7 7 8 2 8
split_gain=114.06 35.5691 77.3917 31.3753 29.5361 27.1476 16.5297 14.2066 10.6619 9.89736 8.23187 7.06268 6.59524 5.71473 6.94586 5.14874 4.82363 4.72684 6.06208 3.96786 5.80833 3.76703 3.71723 3.50133 3.32786 7.06292 3.19002 3.00769 2.77667 2.09311
threshold=7.5000000000000009 4.5000000000000009 62.500000000000007 104.50000000000001 60.500000000000007 3.5000000000000004 1.0233017285000001 0.36763814755456808 110.50000000000001 115.50000000000001 0.9726132500000001 1.0000000180025095e-35 85.500000000000014 42.500000000000007 1.5000000000000002 18.500000000000004 0.97175424950000011 1.0394500700000002 1.5646987590000003 0.96287216725648517 0.9749352160000001 14.500000000000002 1.5000000000000002 1.3243624265000002 1.1053226455000003 1.0731915865000003 0.9253556475000001 1.1318326185000003 5.5000000000000009 1.2363020150000004
decision_type=2 2 2 2 2 2 2 10 2 2 2 2 2 2 2 2 2 2 2 10 2 2 2 2 2 2 2 2 2 2
left_child=1 4 -3 -2 5 6 7 -1 15 10 12 24 -4 14 16 -6 -9 -13 22 20 -12 -16 29 -17 25 -8 -15 -18 -22 -19
right_child=3 2 9 -5 8 -7 11 13 -10 -11 19 17 -14 26 21 23 27 18 -20 -21 28 -23 -24 -25 -26 -27 -28 -29 -30 -31
leaf_value=-0.002633684751028913 -0.0053024690215633524 -0.007066672717227199 -0.0022735740708688555 -0.0058449856412882452 0.0020328334279904234 -0.003643088704661217 0.0027879877996213171 -0.00021189786641163269 -0.0022361397151181772 -0.0062879454463826622 0.001966024084011152 0.0031016518624620896 -0.00013448738201767924 0.0025656636640225949 -0.0021759487684530196 0.0037994808911203035 0.0019971342054637136 0.0017152865115168147 0.0033262082439902817 0.0033611085642777207 0.00037146311975215778 -0.00023961204616504609 -0.00053547863589794263 0.0071934432971744282 0.0039055727837335611 -0.00044537074754052173 0.00080801623683366536 1.1664903902619038e-05 -0.0022149573649032461 0.00042976711754214036
leaf_weight=8186 4554 4773 5478 7867 53191 8321 10028 21853 5105 5239 7875 6708 13506 5873 7796 24878 11160 7167 5756 12847 5836 7269 16524 7813 14795 5137 14902 5887 5675 10075
leaf_count=8186 4554 4773 5478 7867 53191 8321 10028 21853 5105 5239 7875 6708 13506 5873 7796 24878 11160 7167 5756 12847 5836 7269 16524 7813 14795 5137 14902 5887 5675 10075
internal_value=0.000306313 0.000489007 -0.000594522 -0.00439361 0.000745737 0.000351674 0.000497295 8.80268e-06 0.00147084 -7.73984e-05 0.000134415 0.00102894 -0.000691453 0.000225433 -4.58586e-05 0.0016028 0.000307159 0.000641289 0.000432869 0.000620851 0.000169151 -0.0009572 0.000177075 0.00209674 0.0016269 0.0011058 0.000929981 0.000937427 -0.000546631 0.000690555
internal_weight=332074 319653 61229 12421 258424 167437 159116 82926 90987 56456 51217 76190 18984 74740 53965 85882 38900 46230 39522 32233 19386 15065 33766 32691 29960 15165 20775 17047 11511 17242
internal_count=332074 319653 61229 12421 258424 167437 159116 82926 90987 56456 51217 76190 18984 74740 53965 85882 38900 46230 39522 32233 19386 15065 33766 32691 29960 15165 20775 17047 11511 17242
is_linear=0
shrinkage=0.05


Tree=39
num_leaves=31
num_cat=0
split_feature=2 0 4 0 8 4 9 6 7 7 8 0 0 2 2 8 8 4 8 2 2 2 7 0 7 8 8 4 2 8
split_gain=100.784 31.6132 30.5026 30.3601 22.6242 18.5868 14.0522 9.29625 7.2328 5.58427 5.43273 5.21819 5.21687 13.1029 7.16942 5.07263 5.05216 4.54938 3.81938 3.56288 3.27053 3.25218 4.04235 2.89614 2.72159 2.48312 2.43247 2.38865 2.34244 2.32193
threshold=7.5000000000000009 104.50000000000001 0.64381177141985335 116.50000000000001 0.92706994300000012 0.40039526982211632 39.500000000000007 1.5000000000000002 0.89040702000000016 0.93549484700000007 1.5097159270000002 84.500000000000014 63.500000000000007 3.5000000000000004 4.5000000000000009 1.1126193215000002 0.87376978000000005 1.4200627148663945 0.9749352160000001 3.5000000000000004 5.5000000000000009 1.0000000180025095e-35 1.0852959850000004 95.500000000000014 1.0093750075000003 1.0025047235000002 1.1318326185000003 1.2039874762748179 1.0000000180025095e-35 1.3109496115000001
decision_type=2 2 10 2 2 8 2 2 2 2 2 2 2 2 2 2 2 10 2 2 2 2 2 2 2 2 2 10 2 2
left_child=2 -2 4 6 5 -1 7 8 16 -7 12 19 13 21 27 18 -4 -8 -6 -9 -13 22 26 24 -16 -20 -10 -14 -17 -23
right_child=1 -3 3 -5 15 9 17 11 10 -11 -12 20 14 -15 23 28 -18 -19 25 -21 -22 29 -24 -25 -26 -27 -28 -29 -30 -31
leaf_value=-0.0048783836224150631 -0.0050536724282250244 -0.0054971930863436736 0.00026110577500340555 -0.01108186862002996 0.00069325903836140075 -0.00043818831474056949 0.0022886648305580639 -0.00031368248408989824 0.0015248557121630721 -0.0034491190886868413 0.0031416290922515419 0.0028846035280425263 0.0021903061655728427 -0.0026184102527392309 -0.001672611915626062 0.0020850303908407533 -0.0017583903553328513 0.0077164861214665667 -0.00225252116876113 -0.0023057858639639979 -0.00057184907389546194 0.00084595814226385852 0.0033025736022475995 0.0018060484962864572 0.00135515481712907 -0.00061197327703049959 -4.2122782940428921e-05 0.0056200942190510125 0.00027809449500926518 -0.00039779646057967754
leaf_weight=4709 4520 7940 6687 5242 5221 7852 52527 8075 13371 4716 13372 4793 26234 5685 5766 7880 4662 5050 4562 6236 5934 48704 8875 13982 5119 8992 8145 7187 9521 10906
leaf_count=4709 4520 7940 6687 5242 5221 7852 52527 8075 13371 4716 13372 4793 26234 5685 5766 7880 4662 5050 4562 6236 5934 48704 8875 13982 5119 8992 8145 7187 9521 10906
internal_value=0.00029935 -0.00411151 0.000471157 0.000689759 -0.000618897 -0.00210711 0.00076536 0.000570414 0.000696838 -0.00110236 0.000779679 -0.000331829 0.000695679 0.000468487 0.00106857 9.20374e-05 -0.000524485 0.00145506 -0.000477902 -0.000956622 0.000501771 0.00061557 0.00103649 0.000425579 -0.00018595 -0.000920422 0.000665861 0.00154685 0.00070694 0.000400906
internal_weight=332465 12460 320005 266552 53453 17277 261310 203733 178695 12568 167346 25038 153974 95686 58288 36176 11349 57577 18775 14311 10727 90001 30391 24867 10885 13554 21516 33421 17401 59610
internal_count=332465 12460 320005 266552 53453 17277 261310 203733 178695 12568 167346 25038 153974 95686 58288 36176 11349 57577 18775 14311 10727 90001 30391 24867 10885 13554 21516 33421 17401 59610
is_linear=0
shrinkage=0.05


Tree=40
num_leaves=31
num_cat=0
split_feature=6 3 4 1 3 1 9 4 7 6 1 3 8 1 8 8 8 7 7 7 4 7 7 8 9 1 8 7 6 1
split_gain=49.682 38.7931 37.9492 14.2421 15.6241 10.3262 10.3348 10.009 9.76114 7.42343 5.68229 4.95468 4.83821 4.65054 4.24409 3.36825 3.09678 2.94667 2.70214 2.69853 2.67651 3.11225 4.71248 2.9945 2.49715 2.31795 2.79738 2.29074 2.17108 1.83297
threshold=2.5000000000000004 -11.139026861999998 0.38556450163460065 3.5000000000000004 16.338331983000003 7.5000000000000009 13.500000000000002 0.6785940134479117 0.98009628400000015 1.0000000180025095e-35 79.500000000000014 46.633597832000007 0.91580697650000009 44.500000000000007 1.0396849785000002 1.2463057665000001 1.2055926885000001 0.99472305000000005 1.0028781850000004 1.0654558240000001 0.56912320991037435 1.0970247890000002 1.0527773555000002 0.99601396100000017 29.500000000000004 16.500000000000004 1.0216345210000002 0.93807215200000005 1.5000000000000002 60.500000000000007
decision_type=2 2 10 2 2 2 2 10 2 2 2 2 2 2 2 2 2 2 2 2 10 2 2 2 2 2 2 2 2 2
left_child=1 2 -1 -3 8 -4 7 -7 10 15 -5 16 -12 19 27 17 25 -10 -19 -11 23 22 24 -8 -22 -6 -27 -14 -15 -18
right_child=-2 3 5 4 11 6 20 -9 9 13 12 -13 14 28 -16 -17 29 18 -20 -21 21 -23 -24 -25 -26 26 -28 -29 -30 -31
leaf_value=-0.004320929998671879 -0.0048968752223125739 -0.0085294857441769161 -0.0057162246232015162 0.00084590314649239423 0.00034639459929606235 -0.0028381125197228848 -0.0014135379688872342 4.4247265704667005e-06 0.0031489024606760558 0.00092972646601902846 -0.0013608484881694159 0.0086849842798328459 -2.3684593162888479e-05 0.00035590624099292821 -0.00079055803876753184 0.0026718473359772215 0.0062280634603490356 -0.00051555464585570419 0.0012826871977846231 0.004090310214102607 -6.8781557945412098e-05 -0.0010840354560034576 0.004121677331187428 0.00048778105962622503 0.00079166292598448294 0.0039653152590013634 0.0014887125676634936 0.0028296419338958304 -0.0013631231055734423 0.0027257531295298894
leaf_weight=5164 7068 4553 5347 24628 5535 8982 6538 9632 5315 8868 10632 7862 4627 29920 8927 34634 9778 4928 30170 5150 23426 5271 5026 4830 22794 7211 9244 5013 5606 5653
leaf_count=5164 7068 4553 5347 24628 5535 8982 6538 9632 5315 8868 10632 7862 4627 29920 8927 34634 9778 4928 30170 5150 23426 5271 5026 4830 22794 7211 9244 5013 5606 5653
internal_value=0.000305744 0.000395888 -0.000441684 0.000751865 0.000808226 -0.000207074 -7.51986e-05 -0.00111875 0.000597681 0.000840757 3.50165e-05 0.00163763 -0.000436755 0.000365699 5.03448e-05 0.00115433 0.00139756 0.000844055 0.00067772 0.0011367 0.000211003 0.00035181 0.00047082 -0.000488877 0.000312602 0.00101614 0.00131379 0.000777605 6.13551e-05 0.00194059
internal_weight=332332 325264 97010 228254 223701 91846 86499 18614 178418 124591 53827 45283 29199 49544 18567 75047 37421 40413 35098 14018 67885 56517 51246 11368 46220 21990 16455 9640 35526 15431
internal_count=332332 325264 97010 228254 223701 91846 86499 18614 178418 124591 53827 45283 29199 49544 18567 75047 37421 40413 35098 14018 67885 56517 51246 11368 46220 21990 16455 9640 35526 15431
is_linear=0
shrinkage=0.05


Tree=41
num_leaves=31
num_cat=0
split_feature=2 0 2 0 0 2 8 0 8 2 0 2 0 3 5 0 0 8 8 5 0 2 3 2 0 2 8 3 9 8
split_gain=89.5862 33.3265 28.314 28.5582 23.3554 32.458 19.6656 13.4853 8.44839 8.39579 8.06547 5.95069 6.0395 4.36784 4.23021 2.73353 2.87878 2.49968 2.19857 1.90258 1.89352 1.96379 1.9003 1.76707 1.8949 1.66993 1.57954 1.51412 1.42747 1.40674
threshold=7.5000000000000009 104.50000000000001 5.5000000000000009 78.500000000000014 56.500000000000007 3.5000000000000004 0.78344438100000013 114.50000000000001 1.4435879295000003 3.5000000000000004 68.500000000000014 1.5000000000000002 38.500000000000007 -12.482722382999997 11.500000000000002 114.50000000000001 103.50000000000001 1.3474409155000002 0.91975546850000012 22.500000000000004 89.500000000000014 4.5000000000000009 -24.818994678499994 1.5000000000000002 17.500000000000004 2.5000000000000004 0.87106510550000016 -8.5617234004999982 17.500000000000004 1.1126193215000002
decision_type=2 2 2 2 2 2 2 2 2 2 2 2 2 2 2 2 2 2 2 2 2 2 2 2 2 2 2 2 2 2
left_child=2 -2 4 -4 5 6 -1 9 11 13 -11 14 25 -6 27 16 26 18 -15 -20 22 -22 -12 24 -10 -13 -5 -8 -23 -14
right_child=1 -3 3 15 7 -7 8 -9 23 10 20 12 29 17 -16 -17 -18 -19 19 -21 21 28 -24 -25 -26 -27 -28 -29 -30 -31
leaf_value=-0.002791215269621609 -0.0047146292714827613 -0.0049365222008664143 -0.0045717089415580423 -0.0016178554721606954 0.0008941021558176237 -0.0040831283478539237 -0.00054454579611247554 -0.0056888289522691437 0.0015775395034350382 -0.0010150727801526449 0.0017532170423052509 -0.00068680231589764629 0.0013371947892326479 0.0055851557911756038 0.0012203634805988037 -0.003557926379644161 0.00084499789159135804 0.0053140936256745128 0.0022518869105896499 0.0040490304463174443 0.0033930404459117979 0.0033073520002162831 0.00047128041813649269 0.00086544874750644856 0.003703447452756243 -0.0026897135637009724 -0.00038384929685995563 0.00043898055122889754 0.00095587220500041494 -7.5908916534520282e-05
leaf_weight=5236 4533 7920 4978 4582 13969 8603 8388 4502 6669 7972 5761 13758 11242 5718 46573 4687 9956 12673 25677 9453 12908 4676 15118 4932 7654 5270 8901 30934 8784 9895
leaf_count=5236 4533 7920 4978 4582 13969 8603 8388 4502 6669 7972 5761 13758 11242 5718 46573 4687 9956 12673 25677 9453 12908 4676 15118 4932 7654 5270 8901 30934 8784 9895
internal_value=0.000263793 -0.00389589 0.000425997 -0.000958349 0.000586043 0.000182334 0.000353058 0.0010911 0.000461568 0.00118972 0.000732381 0.000312537 -0.000189818 0.00156382 0.000547439 -0.000340194 -0.000119647 0.00176933 0.00157859 0.0014302 0.000980594 0.00126228 0.000624641 0.00143692 0.00171796 -0.000835916 -0.000595715 0.000165535 0.000839213 0.000391874
internal_weight=331922 12453 319469 33104 286365 159154 150551 127211 145315 122709 55219 126060 40165 67490 85895 28126 23439 53521 40848 35130 47247 26368 20879 19255 14323 19028 13483 39322 13460 21137
internal_count=331922 12453 319469 33104 286365 159154 150551 127211 145315 122709 55219 126060 40165 67490 85895 28126 23439 53521 40848 35130 47247 26368 20879 19255 14323 19028 13483 39322 13460 21137
is_linear=0
shrinkage=0.05


Tree=42
num_leaves=31
num_cat=0
split_feature=2 1 2 1 1 8 7 2 1 7 7 4 1 8 1 4 7 8 6 5 7 2 3 7 7 4 7 8 7 5
split_gain=80.4962 27.4476 24.305 55.9576 24.6214 21.69 11.0537 10.2285 8.30476 7.20154 5.92657 5.63009 4.27869 4.15691 3.06054 3.49295 3.36984 4.10466 3.04404 3.04277 3.0296 2.67052 3.94747 2.45499 2.34298 4.00138 2.04582 2.1588 1.96792 2.81334
threshold=7.5000000000000009 15.500000000000002 4.5000000000000009 57.500000000000007 63.500000000000007 0.80377605800000007 0.87209273600000004 1.5000000000000002 9.5000000000000018 0.96905717250000001 1.1496716780000003 1.2399721071032637 35.500000000000007 0.9248827850000001 47.500000000000007 0.85301778084222335 0.97175424950000011 1.2271159115000001 1.0000000180025095e-35 11.500000000000002 0.96202659950000002 2.5000000000000004 -8.9285815489999987 1.1249927920000002 0.98477545750000017 0.71193700132673154 0.98318968800000006 1.0396849785000002 1.0452659895000003 13.500000000000002
decision_type=2 2 2 2 2 2 2 2 2 2 2 10 2 2 2 10 2 2 2 2 2 2 2 2 2 10 2 2 2 2
left_child=2 -2 4 9 8 -6 -7 10 -1 12 19 14 -4 -9 15 -10 -17 -18 -13 26 -15 -16 -23 -22 -11 -26 27 -8 29 -27
right_child=1 -3 3 -5 5 6 7 13 11 24 -12 18 -14 20 21 16 17 -19 -20 -21 23 22 -24 -25 25 28 -28 -29 -30 -31
leaf_value=-0.0021850648535602516 -0.0047687338407168389 -0.0043787648193347479 -0.0005627531643915693 -0.0061281793923389236 -0.0028697123730188701 -0.0019537793105253178 0.00041091779702050603 -0.0021029021874544957 0.00084353727858002276 0.0025647683243862048 0.0031591162868017109 0.0064809197360285098 -0.0022365769748283046 0.0012940755398126186 0.0019147760466568836 0.0049016218139738797 0.0017247713413748478 0.0043364664408558152 0.0033739471001310406 0.0011928596432643941 -0.00058911710728968116 0.0012428070768783226 -0.00065868941010508494 0.00092997436013771888 -0.0020329024441302075 -0.0014976645092018796 0.00076114960456877593 -0.0014358669580675097 0.0022234989999185477 0.0012343272461999768
leaf_weight=5012 7901 4554 14873 4717 7182 4924 8898 6149 10921 5068 14491 10041 4937 7164 14764 8742 15315 10932 7167 45220 28260 10120 7679 7142 4616 5739 23106 4953 12386 8981
leaf_count=5012 7901 4554 14873 4717 7182 4924 8898 6149 10921 5068 14491 10041 4937 7164 14764 8742 15315 10932 7167 45220 28260 10120 7679 7142 4616 5739 23106 4953 12386 8981
internal_value=0.000280969 -0.00366172 0.000434721 -0.000460112 0.000647244 0.000256804 0.000385099 0.000464034 0.00125787 -2.38493e-05 0.000761743 0.0013618 -0.000792329 -0.000126744 0.00118205 0.00144506 0.00168872 0.00140504 0.00218091 0.000597272 4.88597e-05 0.000811072 0.000398506 -0.000140932 0.000389999 0.000230403 0.000260673 -0.00021976 0.000462174 7.13075e-05
internal_weight=331954 12455 319499 61317 258182 157489 150307 145383 100693 56600 96668 95681 19810 48715 78473 45910 34989 26247 17208 82177 42566 32563 17799 35402 36790 31722 36957 13851 27106 14720
internal_count=331954 12455 319499 61317 258182 157489 150307 145383 100693 56600 96668 95681 19810 48715 78473 45910 34989 26247 17208 82177 42566 32563 17799 35402 36790 31722 36957 13851 27106 14720
is_linear=0
shrinkage=0.05


Tree=43
num_leaves=31
num_cat=0
split_feature=2 0 4 3 7 6 0 2 0 4 2 0 2 4 0 0 7 3 0 2 7 0 2 4 8 6 7 7 7 7
split_gain=78.8139 47.1503 21.1669 17.8853 14.1148 9.99921 7.21787 21.46 10.2631 6.57732 6.02929 5.58939 4.9089 3.81002 3.72525 3.67859 6.02406 3.44441 3.68118 5.45211 2.60136 2.45101 2.50289 2.37427 2.80453 2.34721 2.65272 2.56529 2.13701 2.09395
threshold=6.5000000000000009 90.500000000000014 0.36763814755456808 -10.100314924499999 1.0801551885000003 1.5000000000000002 62.500000000000007 3.5000000000000004 113.50000000000001 0.72737128769017889 2.5000000000000004 83.500000000000014 3.5000000000000004 1.2399721071032637 114.50000000000001 41.500000000000007 0.98106093850000009 -11.352440008499999 53.500000000000007 1.5000000000000002 0.9253556475000001 86.500000000000014 4.5000000000000009 0.98593977063107419 1.1318326185000003 1.0000000180025095e-35 0.91752535600000018 0.9455878135000001 1.0126016745000002 1.1496716780000003
decision_type=2 2 8 2 2 2 2 2 2 10 2 2 2 10 2 2 2 2 2 2 2 2 2 8 2 2 2 2 2 2
left_child=2 -2 3 -1 5 6 7 15 10 -3 -8 12 -7 21 -11 16 25 -6 19 29 -17 22 -12 28 -25 26 -4 -28 -18 -19
right_child=1 9 4 -5 17 11 8 -9 -10 14 13 -13 -14 -15 -16 20 23 18 -20 -21 -22 -23 -24 24 -26 -27 27 -29 -30 -31
leaf_value=-0.0048674776273760819 -0.0042430964567432925 -0.0036132086681116902 -0.00072547668611771708 -7.0926985275339158e-05 0.00025945909434086641 -0.00048363553712295885 0.0028704842149915827 -0.003452043485907233 -0.0040315087585328221 -0.00034788238306484687 0.00085498653012142675 0.0006261930361382592 -0.0030644020578010607 0.0051886900364814153 -0.0061621985241444611 0.0023497781430729058 0.0022473433380151907 0.0013270755898449316 0.0039013357520400549 -0.00014121897909259951 0.00089706904800438423 0.0016434978886840403 -0.00069177980025820736 0.00099228375669797777 -0.00044472101244682631 -0.0012306048159312808 0.00161348138899125 -8.2855544847059009e-05 0.00081200169441417625 0.0032067386073362479
leaf_weight=4516 4777 6222 8105 7369 8650 7888 18669 7331 5354 9690 19729 8850 6443 4997 4612 6472 8758 14849 30280 8890 25983 30282 7863 8170 9195 11003 4598 8177 11518 13039
leaf_count=4516 4777 6222 8105 7369 8650 7888 18669 7331 5354 9690 19729 8850 6443 4997 4612 6472 8758 14849 30280 8890 25983 30282 7863 8170 9195 11003 4598 8177 11518 13039
internal_value=0.000259853 -0.00242215 0.000480939 -0.00158747 0.00056427 0.000361115 0.000477144 0.000206742 0.000817271 -0.00138 0.000956527 -0.000620849 -0.00123082 0.000722136 -0.000789124 0.000394621 0.000189418 0.00115291 0.00127403 0.000937662 0.000834104 0.000607647 0.000266696 0.000617728 0.000188544 -0.000316263 -4.78794e-06 0.000444053 0.000985159 0.00128133
internal_weight=332279 25301 306978 11885 295093 219385 196204 109310 86894 20524 81540 23181 14331 62871 14302 101979 69524 75708 67058 36778 32455 57874 27592 37641 17365 31883 20880 12775 20276 27888
internal_count=332279 25301 306978 11885 295093 219385 196204 109310 86894 20524 81540 23181 14331 62871 14302 101979 69524 75708 67058 36778 32455 57874 27592 37641 17365 31883 20880 12775 20276 27888
is_linear=0
shrinkage=0.05


Tree=44
num_leaves=31
num_cat=0
split_feature=2 0 0 2 2 8 0 8 4 4 8 0 2 8 8 8 2 4 8 8 8 8 8 0 8 8 8 4 8 3
split_gain=70.6955 65.6386 19.3603 26.6419 12.9211 11.7033 9.99605 7.30415 6.17219 5.42761 4.97758 3.61119 5.41659 3.18447 3.22864 3.28719 3.12207 3.35471 2.89161 3.64946 2.87922 3.01651 2.64016 2.29308 2.15804 1.96184 1.91093 3.50353 1.87974 1.66311
threshold=5.5000000000000009 75.500000000000014 63.500000000000007 3.5000000000000004 7.5000000000000009 0.78344438100000013 113.50000000000001 1.4435879295000003 1.2297504172796854 0.72737128769017889 0.95800982700000004 45.500000000000007 1.0000000180025095e-35 1.3288227880000003 0.91580697650000009 0.9749352160000001 3.5000000000000004 0.85301778084222335 0.86832795850000011 0.79869419150000009 1.0923965605000003 1.1535191605000004 1.2992437430000001 71.500000000000014 1.134337616 1.429914388 0.9915069485000001 0.92429898843878655 0.87664883000000005 -3.1171845404999998
decision_type=2 2 2 2 2 2 2 2 10 10 2 2 2 2 2 2 2 10 2 2 2 2 2 2 2 2 2 10 2 2
left_child=2 -2 3 5 18 -1 8 11 16 -6 -5 12 20 14 -14 -16 17 -4 19 -3 29 -22 -23 -18 -10 -19 -20 -28 -25 -7
right_child=1 4 6 10 9 7 -8 -9 24 -11 -12 -13 13 -15 15 -17 23 25 26 -21 21 22 -24 28 -26 -27 27 -29 -30 -31
leaf_value=-0.0020711504032125071 -0.0047685554987780751 -0.00014424120748931279 0.00053596862895449076 -0.0047177445208448597 -0.0038708489331718832 -0.00039753297264904917 -0.0036280949601140305 0.0023462428137408353 0.0032168140693714536 -0.0044745211871376651 -0.0015876018168258562 0.0012100220435328293 -0.00085495063458219218 -0.0018867465966393511 0.0019611398774218832 1.1618637643870726e-05 -0.00022937351934646216 0.0025276392491006515 0.00078846086223724173 -0.0032448521502313615 0.0029396582147318473 0.00017532929582640472 0.0021609949201806594 0.0026230832453981948 0.0060426595845877286 0.0055543157817490307 -0.0019109748671558343 0.00088149990328078827 0.0011592150202067808 0.00069363786742605773
leaf_weight=5635 4810 4818 8766 4731 4553 6550 5529 21049 7598 7301 8133 33229 8576 6335 6171 38600 6000 26601 9399 4562 5547 10952 8122 6754 10817 4561 5243 4741 31844 14038
leaf_count=5635 4810 4818 8766 4731 4553 6550 5529 21049 7598 7301 8133 33229 8576 6335 6171 38600 6000 26601 9399 4562 5547 10952 8122 6754 10817 4561 5243 4741 31844 14038
internal_value=0.000249344 -0.00158291 0.000540255 0.000218885 -0.000928438 0.000389967 0.00106661 0.000469267 0.00117785 -0.00231723 -0.00197218 0.000337014 0.000193096 -0.000119624 6.27924e-06 0.000176546 0.000997031 0.00131821 -0.000355777 -0.00107619 0.000605897 0.000970722 0.000671943 0.000709369 0.00200733 0.00156127 -6.96288e-06 -0.000488537 0.000850711 0.000169475
internal_weight=331565 45427 286138 177668 40617 164804 108470 159169 102941 11854 12864 138120 104891 59682 53347 44771 84526 39928 28763 9380 45209 24621 19074 44598 18415 31162 19383 9984 38598 20588
internal_count=331565 45427 286138 177668 40617 164804 108470 159169 102941 11854 12864 138120 104891 59682 53347 44771 84526 39928 28763 9380 45209 24621 19074 44598 18415 31162 19383 9984 38598 20588
is_linear=0
shrinkage=0.05


Tree=45
num_leaves=31
num_cat=0
split_feature=0 6 5 8 3 5 7 3 9 9 7 7 0 7 0 3 3 8 8 7 7 5 6 7 8 0 8 8 8 5
split_gain=44.9283 31.3983 25.28 16.549 10.3418 9.81555 5.62606 4.58661 4.31955 3.74426 3.37308 5.50961 3.9716 2.98309 4.00776 3.31604 2.89535 2.47825 2.4259 3.13087 2.27463 3.33813 2.19238 1.95219 1.94069 2.01099 1.90192 2.63705 1.9996 1.9082
threshold=117.50000000000001 2.5000000000000004 14.500000000000002 0.93834529050000015 44.107140965000006 3.5000000000000004 0.89040702000000016 -14.455859143999998 9.5000000000000018 14.500000000000002 0.93807215200000005 0.83371487900000008 72.500000000000014 1.1249927920000002 64.500000000000014 -25.805010077499997 -8.7444052459999977 1.3429127405000003 0.82065572850000013 0.89637365600000007 1.1092861080000003 10.500000000000002 1.0000000180025095e-35 0.97536380700000014 1.1692778010000002 65.500000000000014 1.1318326185000003 1.1894146140000001 1.3288227880000003 6.5000000000000009
decision_type=2 2 2 2 2 2 2 2 2 2 2 2 2 2 2 2 2 2 2 2 2 2 2 2 2 2 2 2 2 2
left_child=1 2 3 5 6 -1 -4 9 -8 -5 11 -7 16 14 22 -16 -12 -17 -13 -20 21 26 -10 -14 25 -11 29 -28 -29 -9
right_child=-2 -3 4 7 -6 10 8 20 13 24 12 18 23 -15 15 17 -18 -19 19 -21 -22 -23 -24 -25 -26 -27 27 28 -30 -31
leaf_value=-0.0029431160964537911 -0.0090522820626396418 -0.0033026504081311576 -0.00078230400253198574 -0.0017244795688547484 0.0072736051759805884 -0.0016387819296914197 -0.00018449013665750448 -0.00029115267401507106 0.00088915807654951502 0.0012116365700022029 -0.0033782390111545754 -0.00060654640653057181 -0.0017381522344277181 0.0028729372358614175 -0.00021720832105530776 0.0022128185526988542 -0.0012428244490412192 0.004399013428035818 -0.00024822477185741995 0.0016066500728844958 0.0016195806028574023 0.0011206345025666713 -0.00017073580960323659 0.00027577243721090098 -0.00063287963790162631 -0.0001764030992160348 -0.0020769384987687108 0.00065000292776793648 -0.00072745921697991642 0.0011667529135437648
leaf_weight=5487 4842 6567 7100 8314 8775 5049 9905 9020 34439 8132 4803 7475 4584 20296 4938 42394 4693 4974 5130 6427 21257 31535 12080 6128 7920 10075 5002 7924 5521 11155
leaf_count=5487 4842 6567 7100 8314 8775 5049 9905 9020 34439 8132 4803 7475 4584 20296 4938 42394 4693 4974 5130 6427 21257 31535 12080 6128 7920 10075 5002 7924 5521 11155
internal_value=0.000221136 0.000291941 0.00036208 -4.12499e-05 0.000850931 -0.000812961 0.000743622 0.000263984 0.000819028 -0.000227748 -0.000565652 -0.000165864 -0.0010419 0.000902448 0.000788981 0.00108925 -0.00178613 0.00121778 0.000223775 0.000677651 0.00044925 0.000311921 0.000451273 -0.000381636 6.63939e-05 0.000350593 2.59073e-07 -0.000366627 -1.85855e-06 0.000335729
internal_weight=331941 327099 320532 175631 144901 49776 136126 125855 129026 34441 44289 24081 20208 119121 98825 52306 9496 47368 19032 11557 91414 70157 46519 10712 26127 18207 38622 18447 13445 20175
internal_count=331941 327099 320532 175631 144901 49776 136126 125855 129026 34441 44289 24081 20208 119121 98825 52306 9496 47368 19032 11557 91414 70157 46519 10712 26127 18207 38622 18447 13445 20175
is_linear=0
shrinkage=0.05


Tree=46
num_leaves=31
num_cat=0
split_feature=2 0 2 0 0 8 7 2 0 7 3 7 3 7 8 8 7 8 8 2 8 0 3 8 8 8 8 6 2 8
split_gain=62.0853 23.8536 19.696 46.364 17.0588 18.8466 9.5196 8.18225 7.83241 5.37871 5.16411 3.96961 3.47736 3.46626 3.14834 2.65094 2.8887 4.06433 4.08809 2.58596 8.19052 5.77075 4.01086 4.00602 2.67284 2.58352 2.37477 2.37471 2.37164 2.29704
threshold=7.5000000000000009 104.50000000000001 4.5000000000000009 62.500000000000007 53.500000000000007 0.80377605800000007 0.87209273600000004 1.5000000000000002 110.50000000000001 0.9726132500000001 46.633597832000007 0.94443998950000008 -8.9285815489999987 1.1496716780000003 0.96422299450000015 0.88204568800000016 0.97175424950000011 1.3773010990000001 1.4879882285000001 2.5000000000000004 0.93401700600000004 83.500000000000014 -12.482722382999997 1.2763179770000004 0.88734975450000009 0.94434546000000008 1.2992437430000001 1.0000000180025095e-35 5.5000000000000009 1.2218113130000001
decision_type=2 2 2 2 2 2 2 2 2 2 2 2 2 2 2 2 2 2 2 2 2 2 2 2 2 2 2 2 2 2
left_child=2 -2 4 -4 5 -1 -7 13 10 12 19 -9 28 15 -13 -8 25 26 -19 20 -6 24 -22 -24 -21 -17 -18 -26 -5 -23
right_child=1 -3 3 9 8 6 7 11 -10 -11 -12 14 -14 -15 -16 16 17 18 -20 21 22 29 23 -25 27 -27 -28 -29 -30 -31
leaf_value=-0.0025207611951210112 -0.0038488461182295702 -0.0039502326760505382 -0.0052522107880742215 0.00080887827284011342 0.0054114374867269355 -0.0017402869389787784 0.0022585503238284738 0.0011702194718350926 -0.0025890396117343663 0.00070729741172420417 0.0075164328092352656 -0.0030587538291122242 -0.0026251684560979665 0.0024879882461083156 -0.00024568149395960638 0.0010906872502470229 0.00097256976747635846 -0.001126885850502546 0.0011087196772331478 -0.00063200028952481305 -0.00024406030333225977 0.0020896958360256883 0.0013694533237312671 0.0036025131085546595 0.0016038775297100715 -0.00048316453491091912 0.0027881984206459464 0.00033177390060504019 -0.00094800560483881751 0.0044669579592100297
leaf_weight=6883 4516 7926 4752 5195 4701 4660 5076 7182 5023 35783 5269 4530 6550 14317 32102 4521 40538 5411 4856 5300 4620 18333 16362 11191 15157 13882 5932 15675 9095 6806
leaf_count=6883 4516 7926 4752 5195 4701 4660 5076 7182 5023 35783 5269 4530 6550 14317 32102 4521 40538 5411 4856 5300 4620 18333 16362 11191 15157 13882 5932 15675 9095 6806
internal_value=0.000231583 -0.00323291 0.000366461 -0.000438661 0.000557751 0.000212149 0.000335182 0.000410077 0.00103544 -4.03509e-05 0.0011291 -0.000154727 -0.00067882 0.000671846 -0.000365477 0.000543873 0.000469093 0.000645642 -0.000254575 0.00104712 0.00137802 0.000847885 0.00109283 0.0013214 0.000443036 -7.52388e-05 0.00084454 0.000621332 -0.000241343 0.00142957
internal_weight=332144 12442 319702 61375 258327 149890 143007 138347 108437 56623 103414 43814 20840 94533 36632 80216 75140 56737 10267 98145 36874 61271 32173 27553 36132 18403 46470 30832 14290 25139
internal_count=332144 12442 319702 61375 258327 149890 143007 138347 108437 56623 103414 43814 20840 94533 36632 80216 75140 56737 10267 98145 36874 61271 32173 27553 36132 18403 46470 30832 14290 25139
is_linear=0
shrinkage=0.05


Tree=47
num_leaves=31
num_cat=0
split_feature=2 0 4 3 0 3 2 0 0 2 7 7 2 8 8 3 0 7 7 7 0 2 7 7 8 7 0 2 0 7
split_gain=57.2903 21.0811 18.4466 18.3412 16.1984 13.3403 9.23312 15.531 7.87745 11.7047 4.83271 4.74715 5.03938 3.72839 4.53026 3.65654 4.48979 3.47737 3.09516 3.54608 2.9433 5.12803 5.03387 4.02159 2.81191 2.87257 2.35505 2.32211 2.18782 2.18286
threshold=7.5000000000000009 104.50000000000001 0.36763814755456808 -10.703900558999999 116.50000000000001 16.809247325000005 5.5000000000000009 80.500000000000014 69.500000000000014 3.5000000000000004 1.0233017285000001 1.0329430635000001 1.0000000180025095e-35 1.2957820940000002 1.1557926060000001 -8.5617234004999982 53.500000000000007 1.1496716780000003 1.1053226455000003 1.071862928 42.500000000000007 1.5000000000000002 0.93198645250000012 0.96303851350000014 1.5646987590000003 1.1626164030000001 106.50000000000001 2.5000000000000004 33.500000000000007 1.0310529730000002
decision_type=2 2 8 2 2 2 2 2 2 2 2 2 2 2 2 2 2 2 2 2 2 2 2 2 2 2 2 2 2 2
left_child=2 -2 3 -1 5 6 8 -8 9 10 13 -12 18 14 20 16 -11 -7 19 -13 21 23 -22 -4 25 -14 -9 29 -23 -10
right_child=1 -3 4 -5 -6 17 7 26 27 15 11 12 24 -15 -16 -17 -18 -19 -20 -21 22 28 -24 -25 -26 -27 -28 -29 -30 -31
leaf_value=-0.0039153722133338066 -0.0035272353356631766 -0.0037946183301971778 -0.00015700499232975944 -4.565530630367361e-05 -0.0081274526280987764 0.00252432397272521 -0.0034892896723167769 -0.00052774630166081379 0.0034485035128382184 -0.0024222651941534987 0.0031319822539341291 0.0016983104384809882 0.00038789785931061301 0.0020981895434235664 -0.0011249985093768986 -0.0035448081433078582 0.00032439760592860582 0.004967916716111573 0.0029250361753070378 -0.00058528326318440604 0.0019328613436764537 -0.0020358258824434714 0.00011997014740145123 0.0014169161079074545 0.0020046046569707262 -0.0014106149877065055 0.0014653346967716942 0.0013261364650790891 -0.00023025547868880966 0.00088647495077145044
leaf_weight=4571 4531 7889 17581 7557 5303 35506 5137 14102 6619 4710 6081 6613 31057 5012 11117 4515 7058 8707 11913 4649 7883 7101 13133 13872 5745 4704 7208 53010 4993 4514
leaf_count=4571 4531 7889 17581 7557 5303 35506 5137 14102 6619 4710 6081 6613 31057 5012 11117 4515 7058 8707 11913 4649 7883 7101 13133 13872 5745 4704 7208 53010 4993 4514
internal_value=0.000228508 -0.00310262 0.000357855 -0.00155444 0.000433217 0.000481251 0.000343879 -0.000541169 0.000444833 0.000264603 0.000401561 0.000703153 0.000577482 0.000137056 4.95477e-05 -0.00100902 -0.000544466 0.00128375 0.00116803 0.000573356 0.000210089 -2.44533e-05 0.000695971 0.000312003 0.000247645 8.26206e-05 5.39528e-05 0.000916085 -0.000899248 0.00157254
internal_weight=332391 12420 319971 12128 307843 302540 258327 26447 231880 167737 151454 70762 64681 80692 75680 16283 11768 44213 23175 11262 64563 43547 21016 31453 41506 35761 21310 64143 12094 11133
internal_count=332391 12420 319971 12128 307843 302540 258327 26447 231880 167737 151454 70762 64681 80692 75680 16283 11768 44213 23175 11262 64563 43547 21016 31453 41506 35761 21310 64143 12094 11133
is_linear=0
shrinkage=0.05


Tree=48
num_leaves=31
num_cat=0
split_feature=2 0 4 0 0 5 2 0 3 8 0 2 0 0 6 8 6 8 0 2 4 8 5 8 8 0 2 8 0 3
split_gain=50.6249 20.348 15.839 16.9702 15.7776 12.2388 7.86026 11.9278 5.97579 4.40041 4.2348 9.33124 4.10381 3.399 4.96127 3.3381 2.82169 3.23636 3.0371 3.61241 2.53158 1.99546 2.02166 1.94284 1.77741 1.75241 1.67331 1.58375 1.56794 1.55503
threshold=7.5000000000000009 104.50000000000001 0.36763814755456808 11.500000000000002 116.50000000000001 18.500000000000004 5.5000000000000009 79.500000000000014 46.633597832000007 1.6712448535000004 70.500000000000014 3.5000000000000004 51.500000000000007 60.500000000000007 1.0000000180025095e-35 1.2157222685000002 1.0000000180025095e-35 1.2463057665000001 41.500000000000007 2.5000000000000004 0.82944509497189733 1.1535191605000004 12.500000000000002 1.0901267645000001 0.98629535150000003 24.500000000000004 3.5000000000000004 0.99996303200000003 96.500000000000014 -16.359770412999996
decision_type=2 2 8 2 2 2 2 2 2 2 2 2 2 2 2 2 2 2 2 2 10 2 2 2 2 2 2 2 2 2
left_child=2 -2 3 -1 5 6 9 -8 13 10 11 16 -13 14 -7 26 17 21 19 -18 -19 23 -23 25 -14 -4 27 -15 -28 -9
right_child=1 -3 4 -5 -6 8 7 29 -10 -11 -12 12 24 15 -16 -17 18 20 -20 -21 -22 22 -24 -25 -26 -27 28 -29 -30 -31
leaf_value=6.0368068423362261e-05 -0.0033992342463087517 -0.0035214601373693855 -9.2315079560505007e-05 -0.0039748141703336683 -0.0089015675636553195 0.001295851280164656 -0.0033204036551641018 0.00059635763657768233 0.0068329181958308631 0.0030368437091730927 0.0012571382947550985 -0.0029824390028739805 -0.0013921085952218529 0.0046385468613258391 -0.00070265524133928932 0.0036324496050782668 -7.8576464991629549e-06 0.00048218956963274131 0.00085621465236037752 -0.0021339605969813288 0.0022652815248754852 -0.0016378717875291085 0.00054691706469710494 0.0015656517445217474 0.0003060592698348029 0.00074876082825247367 -0.00024235630836026104 0.001845479966075422 0.0020685115792632431 -0.0010618688424890188
leaf_weight=7573 4521 7934 14336 4509 5169 25427 4747 11216 6611 5418 51045 5342 4624 4517 8441 12984 26520 7968 18316 5084 13880 5745 4865 7974 6113 18941 5612 8104 10919 7497
leaf_count=7573 4521 7934 14336 4509 5169 25427 4747 11216 6611 5418 51045 5342 4624 4517 8441 12984 26520 7968 18316 5084 13880 5745 4865 7974 6113 18941 5612 8104 10919 7497
internal_value=0.000235452 -0.00289125 0.000357384 -0.00141805 0.000427184 0.000474043 0.000278893 -0.000585979 0.000992799 0.000382335 0.000342397 0.000199982 -0.000932914 0.000867266 0.000494199 0.00116703 0.000347356 0.000543927 5.70858e-05 -0.000239805 0.00105432 0.000328828 -0.000282619 0.000486111 -0.000369112 0.00031804 0.000869774 0.00130326 0.000538522 -1.7897e-05
internal_weight=331952 12455 319497 12082 307415 302246 219631 23460 82615 196171 190753 139708 16079 76004 33868 42136 123629 73709 49920 31604 21848 51861 10610 41251 10737 33277 29152 12621 16531 18713
internal_count=331952 12455 319497 12082 307415 302246 219631 23460 82615 196171 190753 139708 16079 76004 33868 42136 123629 73709 49920 31604 21848 51861 10610 41251 10737 33277 29152 12621 16531 18713
is_linear=0
shrinkage=0.05


Tree=49
num_leaves=31
num_cat=0
split_feature=2 4 2 1 1 5 2 1 7 1 2 4 7 9 7 4 4 8 8 7 7 1 8 8 7 7 7 5 8 2
split_gain=48.2524 15.855 16.0433 15.7495 14.8382 12.5274 7.61326 10.2974 6.32977 7.38595 8.26239 4.83835 3.75209 5.51935 2.87341 2.69878 2.47951 2.87683 5.01909 4.02852 3.71796 2.38142 3.25909 2.8566 3.26569 2.88591 2.54787 2.44085 2.36686 2.07176
threshold=7.5000000000000009 0.3422227397364791 1.0000000180025095e-35 3.5000000000000004 14.500000000000002 14.500000000000002 5.5000000000000009 39.500000000000007 1.1496716780000003 54.500000000000007 2.5000000000000004 0.80038028758824831 1.0038369515000001 5.5000000000000009 0.99967947350000008 1.1251459890337869 0.6057637654572291 1.1292062270000003 0.98373178200000011 1.0251857335000003 1.0329430635000001 78.500000000000014 0.93401700600000004 0.91760223650000017 0.9139297395 0.9543694155000001 0.9726132500000001 9.5000000000000018 1.3429127405000003 1.0000000180025095e-35
decision_type=2 8 2 2 2 2 2 2 2 2 2 10 2 2 2 10 8 2 2 2 2 2 2 2 2 2 2 2 2 2
left_child=1 2 -1 -3 -2 6 12 -8 9 11 -11 -7 13 -5 21 -10 -14 18 -18 -19 -20 23 -23 24 -15 -25 27 -24 -13 -21
right_child=4 3 -4 5 -6 8 7 -9 15 10 -12 28 16 14 -16 -17 17 19 20 29 -22 22 26 25 -26 -27 -28 -29 -30 -31
leaf_value=0.00020575286394781598 -0.003437029750926262 -0.0085749822305649006 -0.0040821647069422115 -0.0015507419790671364 -0.0030301116205161912 -0.00036786569842900212 -0.00036181288788238034 -0.0030974632823274183 0.0014736233317426354 0.00066057344284376407 -0.0015149222916859724 0.0022251937503979728 0.0021632389282956557 0.0020779638157871223 -0.0014584683864203199 0.0043229973670630703 -0.0006148822124940706 -0.0014966586611052182 0.0034038581388085979 0.0016603936046834539 0.0011836549673645425 -0.0010011293282748725 -0.0011920892966638358 -0.00041909535306716185 0.00018877795390546923 0.00097248673311026471 0.0023368743311977854 0.00086960855311207785 0.0041129344293731841 0.00022145547061676476
leaf_weight=5831 7690 5257 4981 9254 4821 6493 13724 4637 5474 50441 8490 52429 8956 8091 4835 12415 5122 4529 4941 9955 8001 9207 4561 9891 6248 11370 4698 4987 6259 28481
leaf_count=5831 7690 5257 4981 9254 4821 6493 13724 4637 5474 50441 8490 52429 8956 8091 4835 12415 5122 4529 4941 9955 8001 9207 4561 9891 6248 11370 4698 4987 6259 28481
internal_value=0.000205512 0.000324787 -0.00155681 0.000390703 -0.00283996 0.000437719 0.000136477 -0.000821899 0.000780284 0.000653496 0.000247811 0.00102023 0.000259446 9.02311e-06 0.000174354 0.00165949 0.000521146 0.000407068 0.000936411 0.000184431 0.00146057 0.000270328 -0.000120854 0.000528016 0.00107327 0.000160115 0.000352958 -0.000116194 0.00116351 0.000350667
internal_weight=332069 319558 10812 308746 12511 303489 161488 18361 142001 124112 58931 65181 143127 73142 63888 17889 69985 61029 18064 42965 12942 59053 23453 35600 14339 21261 14246 9548 58688 38436
internal_count=332069 319558 10812 308746 12511 303489 161488 18361 142001 124112 58931 65181 143127 73142 63888 17889 69985 61029 18064 42965 12942 59053 23453 35600 14339 21261 14246 9548 58688 38436
is_linear=0
shrinkage=0.05


Tree=50
num_leaves=31
num_cat=0
split_feature=0 3 4 3 9 9 7 9 7 8 9 0 0 3 8 5 8 5 5 8 7 7 0 7 8 7 8 7 8 8
split_gain=35.8547 21.9956 29.3859 10.4699 8.00481 7.92035 5.56917 4.85033 2.54945 2.4802 3.90254 2.40271 3.72542 2.39982 2.25957 2.06877 2.93462 2.03074 1.65296 2.077 3.63923 1.79378 1.63479 4.06724 2.01888 1.50431 2.64932 1.46303 1.43581 2.46278
threshold=117.50000000000001 -12.712897638499998 0.38556450163460065 46.633597832000007 11.500000000000002 7.5000000000000009 1.1229187270000003 54.500000000000007 0.93036914000000015 1.3201884320000004 37.500000000000007 21.500000000000004 80.500000000000014 -30.986895252499995 1.0796594780000002 9.5000000000000018 1.0995788130000002 14.500000000000002 27.500000000000004 1.2271159115000001 1.0951090540000001 1.0785493675000002 48.500000000000007 1.1875882665000002 1.3989826220000003 0.9726132500000001 0.95550089700000018 0.98477545750000017 1.0000014820000003 1.1318326185000003
decision_type=2 2 10 2 2 2 2 2 2 2 2 2 2 2 2 2 2 2 2 2 2 2 2 2 2 2 2 2 2 2
left_child=1 2 -1 4 8 -4 7 15 -3 10 13 27 -13 -7 -12 16 -6 25 19 21 -21 -17 24 -24 -8 26 -15 -10 -27 -30
right_child=-2 3 5 -5 6 9 22 -9 11 -11 14 12 -14 17 -16 18 -18 -19 -20 20 -22 -23 23 -25 -26 28 -28 -29 29 -31
leaf_value=-0.0030297546855429379 -0.0076102838730681124 -0.00097372947424660932 -0.0020663240694002911 0.0066976095358532092 0.00058320323509736412 -0.000925093588624475 0.00032647482643491149 0.0030292631674821643 -0.00025534602691942436 -0.0012601834173543098 0.0004366719617029623 -0.0016052225619566632 0.00088866934369216655 6.5651275458010187e-05 0.0022178312698323201 0.00038964984099036366 -0.0015555080616480939 0.0012359863638357646 0.002308488739499826 0.0019543183051622466 -0.00061426039754013855 0.0021936179540904383 0.0046597986864566013 0.0012510952064469292 0.0024444181842692304 -0.00070049191035819749 -0.0013570812541702797 0.00078550039446811178 0.0022787776097071099 -0.00022414365991790718
leaf_weight=4999 4872 9870 8343 8429 7822 17093 6059 11118 7695 5608 11145 9978 9189 9214 4682 70099 6219 8310 7205 20652 5421 6934 9275 5771 7399 5765 4898 28266 4781 5110
leaf_count=4999 4872 9870 8343 8429 7822 17093 6059 11118 7695 5608 11145 9978 9189 9214 4682 70099 6219 8310 7205 20652 5421 6934 9275 5771 7399 5765 4898 28266 4781 5110
internal_value=0.00021824 0.000281637 -0.0003842 0.000533917 0.000470178 -0.000164854 0.000656304 0.000522606 6.15542e-07 -5.48206e-06 7.45041e-05 0.000133133 -0.000318955 -0.000124057 0.000766486 0.000433108 -0.000138473 9.68938e-05 0.000505865 0.000454656 0.000840364 0.000324061 0.00129152 0.00164972 0.000890589 -9.606e-05 -0.000470355 0.000374103 0.000241364 0.000606811
internal_weight=332221 327349 89948 237401 228972 84949 163974 135470 64998 76606 70998 55128 19167 55171 15827 124352 14041 38078 110311 103106 26073 77033 28504 15046 13458 29768 14112 35961 15656 9891
internal_count=332221 327349 89948 237401 228972 84949 163974 135470 64998 76606 70998 55128 19167 55171 15827 124352 14041 38078 110311 103106 26073 77033 28504 15046 13458 29768 14112 35961 15656 9891
is_linear=0
shrinkage=0.05


Tree=51
num_leaves=31
num_cat=0
split_feature=2 0 0 5 4 2 2 0 3 8 0 3 0 2 2 7 3 0 8 7 2 3 7 3 7 8 8 4 5 7
split_gain=47.0664 18.3975 13.5613 14.5075 9.10884 14.8288 6.71489 10.567 6.40438 3.84056 2.99914 3.42628 2.69556 6.10444 3.41734 3.40614 2.46553 2.3483 2.16847 2.58488 1.94528 1.95849 1.93182 2.15356 1.95027 1.86623 2.71582 3.10053 2.0024 1.83911
threshold=7.5000000000000009 104.50000000000001 116.50000000000001 14.500000000000002 0.3422227397364791 1.0000000180025095e-35 5.5000000000000009 80.500000000000014 46.633597832000007 1.1640513860000004 40.500000000000007 -25.805010077499997 50.500000000000007 3.5000000000000004 1.0000000180025095e-35 1.1053226455000003 -19.952743553999998 63.500000000000007 0.93167404300000012 1.0563097930000003 3.5000000000000004 -1.3418075809999996 1.1496716780000003 10.196841280000003 1.2082677355000002 0.88204568800000016 1.0995788130000002 0.69588095284535967 9.5000000000000018 1.0000053235000002
decision_type=2 2 2 2 8 2 2 2 2 2 2 2 2 2 2 2 2 2 2 2 2 2 2 2 2 2 2 10 2 2
left_child=2 -2 3 4 5 -1 12 -8 9 10 -5 -12 13 14 15 -6 -9 22 20 -20 -13 -22 23 -11 -24 -16 29 -28 -29 -27
right_child=1 -3 -4 8 6 -7 7 16 -10 17 11 18 -14 -15 25 -17 -18 -19 19 -21 21 -23 24 -25 -26 26 27 28 -30 -31
leaf_value=0.00040370350881656792 -0.0031219004131684564 -0.0031500653045093371 -0.0088435789808062222 -0.00011594406672137694 0.00038787059746356003 -0.0037901306417409257 -0.0031254798273616922 0.00060931848027450655 0.0058232764965355094 0.0010477720938279964 -0.00085987649415637617 0.0035369563586245081 0.00073257332160579954 -0.0027027141254567328 -0.0011454222498444139 0.0024425538096547999 -0.0016304899822450814 0.0026496771538527717 0.00041540239640865329 0.0024791550711954174 0.0031177229889528413 7.920331130220261e-05 0.003092211822927795 -0.00033191599429603907 0.0010365449086610732 0.00023509250896034482 0.00079641981559149899 -0.0018709781287741479 -0.00047833117976974474 0.0018633952899327476
leaf_weight=5890 4565 7996 5311 20099 23307 4951 4604 8237 7476 16938 5048 6644 62265 4502 6323 6998 5507 24447 26997 7959 4674 4810 4724 7250 4627 12282 7553 4887 10508 4690
leaf_count=5890 4565 7996 5311 20099 23307 4951 4604 8237 7476 16938 5048 6644 62265 4502 6323 6998 5507 24447 26997 7959 4674 4810 4724 7250 4627 12282 7553 4887 10508 4690
internal_value=0.000176904 -0.00282469 0.000294949 0.000337315 2.939e-05 -0.00137332 0.000123494 -0.000776984 0.000712184 0.000632795 0.000399483 0.000587135 0.000238801 4.87325e-05 0.000154011 0.000566645 -8.21876e-05 0.000939456 0.000709938 0.000488545 0.00118949 0.000729266 0.000667631 0.00043153 0.00127779 -0.000116437 1.0019e-05 -0.000344617 -0.000751623 0.000489486
internal_weight=332069 12561 319508 314197 172504 10841 161663 18348 141693 134217 76231 56132 143315 81050 76548 30305 13744 57986 51084 34956 16128 9484 33539 24188 9351 46243 39920 22948 15395 16972
internal_count=332069 12561 319508 314197 172504 10841 161663 18348 141693 134217 76231 56132 143315 81050 76548 30305 13744 57986 51084 34956 16128 9484 33539 24188 9351 46243 39920 22948 15395 16972
is_linear=0
shrinkage=0.05


Tree=52
num_leaves=31
num_cat=0
split_feature=0 6 5 4 3 3 7 8 7 5 0 4 6 3 6 4 8 8 4 0 8 7 7 7 0 7 3 7 0 0
split_gain=33.9129 20.7329 15.4888 9.52277 11.946 6.64548 6.33562 4.24047 3.94679 3.15964 3.10882 3.8797 2.90491 2.52226 2.48001 2.40641 2.43746 4.43704 3.77755 7.47124 2.22353 4.09996 3.11697 2.26677 2.03353 1.90028 2.00238 1.94245 1.88266 1.78751
threshold=117.50000000000001 2.5000000000000004 14.500000000000002 0.3422227397364791 -8.3719745129999978 46.633597832000007 1.0038369515000001 1.1640513860000004 0.9953402065000001 4.5000000000000009 64.500000000000014 0.80038028758824831 1.0000000180025095e-35 13.326599906500002 1.0000000180025095e-35 0.6057637654572291 0.94631593150000015 1.0952802825000003 0.78492537866292544 30.500000000000004 0.89565229550000003 0.94993144500000015 0.9543694155000001 0.96530230600000011 53.500000000000007 0.93454038750000012 3.9758924865000007 0.98203505650000011 62.500000000000007 34.500000000000007
decision_type=2 2 2 8 2 2 2 2 2 2 2 10 2 2 2 8 2 2 8 2 2 2 2 2 2 2 2 2 2 2
left_child=1 2 3 4 -1 7 8 10 9 -5 13 -12 -10 25 -9 -8 -17 -18 19 -19 21 29 -22 -24 -20 -4 27 -27 -16 -11
right_child=-2 -3 5 6 -6 -7 15 14 12 20 11 -13 -14 -15 28 16 17 18 24 -21 22 -23 23 -25 -26 26 -28 -29 -30 -31
leaf_value=-0.0029728620960914505 -0.0070929400139687366 -0.0025864067375133328 -0.0010506766882087712 -0.0011758478717384013 -3.7746783483631319e-05 0.0056969822707897532 0.0019347842640911742 0.0021010609754835547 -0.00027874167981328774 -0.0010162420410843589 -0.00056302082667638806 0.0016703110569203129 -0.0025225734679511676 0.001726461744496027 -6.5999460552064004e-05 -0.0013721569261513781 0.0016924732752836462 0.0009916070127921606 0.00011467739653635754 -0.002095969126268196 -0.00018297434381406058 -0.0022517907141956978 0.0019161485815328101 0.00051881831953286457 0.0014567902453096878 0.001846083495895622 -0.00071027921919759136 -3.550922357513209e-05 0.0022559405524853401 0.00032600450671230018
leaf_weight=4557 4847 6612 6442 8260 6246 7755 9719 40392 4558 4566 6609 39150 5484 5433 9375 4790 13328 4773 20686 6346 22292 6582 5060 16538 16268 4670 7787 8879 8491 15551
leaf_count=4557 4847 6612 6442 8260 6246 7755 9719 40392 4558 4566 6609 39150 5484 5433 9375 4790 13328 4773 20686 6346 22292 6582 5060 16538 16268 4670 7787 8879 8491 15551
internal_value=0.000178979 0.000240508 0.000297684 -1.81082e-05 -0.00145587 0.00068016 7.61807e-05 0.000599637 -0.000210302 -9.13712e-05 0.000360874 0.000628114 -0.00114362 -7.37578e-06 0.000923228 0.000411645 0.000303719 0.00038848 0.000164628 -0.000643204 1.6928e-05 -0.000342832 0.00023579 0.000663797 0.000407749 -0.000200122 2.71779e-05 0.000394349 0.000432545 1.16789e-05
internal_weight=332046 327199 320587 175604 10803 144983 164801 137228 88891 78849 78970 45759 10042 33211 58258 75910 66191 61401 48073 11119 70589 26699 43890 21598 36954 27778 21336 13549 17866 20117
internal_count=332046 327199 320587 175604 10803 144983 164801 137228 88891 78849 78970 45759 10042 33211 58258 75910 66191 61401 48073 11119 70589 26699 43890 21598 36954 27778 21336 13549 17866 20117
is_linear=0
shrinkage=0.05


Tree=53
num_leaves=31
num_cat=0
split_feature=2 0 2 0 7 0 2 8 7 8 8 7 3 7 8 8 0 7 7 7 0 9 7 3 2 7 6 8 8 3
split_gain=37.723 13.6751 11.7116 30.6239 11.6378 10.2093 6.77154 4.35364 3.84442 3.84297 4.664 4.23486 3.08175 3.04185 2.75441 2.54672 2.23607 2.83906 5.53223 3.29149 2.46152 2.2592 2.17501 2.22982 2.10952 2.07613 1.82952 1.82239 1.70698 1.66486
threshold=7.5000000000000009 104.50000000000001 4.5000000000000009 62.500000000000007 0.83371487900000008 50.500000000000007 1.5000000000000002 0.92706994300000012 0.96905717250000001 1.3730554145000002 0.91975546850000012 0.95716687150000013 -8.0036416279999987 0.97175424950000011 0.94434546000000008 0.95800982700000004 104.50000000000001 1.0116805640000002 0.99967947350000008 1.0243316185000002 77.500000000000014 16.500000000000004 0.98477545750000017 -32.422926974499994 2.5000000000000004 1.1125821150000001 1.0000000180025095e-35 1.0189477030000003 0.99996303200000003 18.786521545000003
decision_type=2 2 2 2 2 2 2 2 2 2 2 2 2 2 2 2 2 2 2 2 2 2 2 2 2 2 2 2 2 2
left_child=2 -2 4 -4 -1 6 13 -8 12 10 11 -7 26 14 -6 -12 17 18 20 -19 24 -21 -10 -24 -17 -23 -5 -16 -9 -11
right_child=1 -3 3 8 5 9 7 28 22 29 15 -13 -14 -15 27 16 -18 19 -20 21 -22 25 23 -25 -26 -27 -28 -29 -30 -31
leaf_value=-0.0013692795517456302 -0.0028116444311777448 -0.002766098954505484 -0.0042516674767847078 -0.0011524269311361068 0.00053521243294331908 0.0027526412993403846 -0.0024527796510188144 0.0014941371559158971 0.0025738782011951061 0.0019547677230905345 -0.00035973675868401512 0.00077954364898043553 -0.0022015685951165269 0.00091604210103204411 -0.0015968367762919534 0.0012203778664225569 -0.00058409622446978736 0.0033227440514049474 -0.0013834745580072905 -0.00020722816920184747 0.0027330682471416873 0.0011926090977608331 -0.001619705265143125 0.00056386692601530697 -0.00029066010476859054 0.0032321126230752985 0.00029346164484847406 -8.1695120934039404e-05 -0.00033808713175756264 0.0056314079865560319
leaf_weight=6965 4553 7972 4757 4543 11111 10768 7306 5024 5054 12134 6710 5568 5875 70936 4936 7243 6079 4568 6535 4772 8181 20411 4575 27091 6642 7409 9363 9403 29374 6437
leaf_count=6965 4553 7972 4757 4543 11111 10768 7306 5024 5054 12134 6710 5568 5875 70936 4936 7243 6079 4568 6535 4772 8181 20411 4575 27091 6642 7409 9363 9403 29374 6437
internal_value=0.00019523 -0.00249601 0.00030068 -0.000320911 0.000447978 0.000503813 0.00021507 -0.000317198 3.62812e-06 0.00085522 0.000726413 0.00149501 -0.000558223 0.000445374 -2.35708e-05 0.000566482 0.00065349 0.0007383 0.000363735 0.0010265 0.000742151 0.000850078 0.000306331 0.000152506 0.000336573 0.00102246 -0.000152397 -0.000481386 -8.16787e-05 0.00151297
internal_weight=332295 12525 319770 61258 258512 251547 138090 41704 56501 113457 94886 16336 19781 96386 25450 78550 71840 65761 28601 37160 22066 32592 36720 31666 13885 27820 13906 14339 34398 18571
internal_count=332295 12525 319770 61258 258512 251547 138090 41704 56501 113457 94886 16336 19781 96386 25450 78550 71840 65761 28601 37160 22066 32592 36720 31666 13885 27820 13906 14339 34398 18571
is_linear=0
shrinkage=0.05


Tree=54
num_leaves=31
num_cat=0
split_feature=2 0 7 4 2 0 0 3 2 8 2 8 7 7 7 0 7 7 4 0 2 8 0 7 7 4 8 7 7 4
split_gain=34.1002 10.9717 10.0335 10.1187 7.60407 25.5769 8.60075 4.78024 4.58064 4.38031 5.81659 4.20322 6.19143 4.49864 3.99428 4.00269 3.67101 3.2568 3.08902 5.45375 2.9048 5.18898 3.18494 4.22328 2.77807 3.92077 2.60885 2.18665 4.85573 2.18274
threshold=7.5000000000000009 104.50000000000001 1.0233017285000001 0.3422227397364791 4.5000000000000009 68.500000000000014 43.500000000000007 46.633597832000007 2.5000000000000004 0.91975546850000012 2.5000000000000004 1.0000014820000003 0.99019905000000008 0.93700084550000018 1.0116805640000002 70.500000000000014 0.93934972700000008 0.89040702000000016 0.86494791081044597 96.500000000000014 1.0000000180025095e-35 1.6904204555000002 58.500000000000007 1.0329430635000001 0.97175424950000011 1.1179230179822317 0.86540467600000015 1.0485333710000002 1.0852959850000004 0.91184646788642276
decision_type=2 2 2 8 2 2 2 2 2 2 2 2 2 2 2 2 2 2 10 2 2 2 2 2 2 8 2 2 2 10
left_child=2 -2 3 -1 6 -6 8 20 24 10 -8 12 16 -13 15 -15 -11 -12 -7 -20 27 22 23 -22 -5 -26 -19 -4 -29 -30
right_child=1 -3 7 4 5 18 9 -9 -10 11 17 13 -14 14 -16 -17 -18 26 19 -21 21 -23 -24 -25 25 -27 -28 28 29 -31
leaf_value=-0.0023587256517446837 -0.0025516448338826214 -0.0027448852661407534 0.0027293797432130112 -0.00036959173018870183 -0.0039930849306292473 0.00051621345670117586 0.0041457352999578331 0.0057454928273704547 -0.0021084155400419788 -0.00077394349365255061 -0.00041996635721353108 0.002767438725924496 -0.0021450200838849247 -0.0007879977199125815 0.0025743994673440942 0.0014524453576066467 0.0016678970392977575 0.00048532595335049007 -0.002967229730108384 1.6267002423692877e-05 0.0022683248392120119 0.0034763340024634107 0.0010371283239782266 -0.00026131072797536776 0.0012351362510703958 -0.00090616076198691002 0.004303996528071132 -0.0003237361414903157 0.00084449790947621584 0.002450246891749267
leaf_weight=7047 4579 7994 4631 29364 4657 18664 6115 6156 6572 4596 4592 5956 4938 11643 5259 11314 6075 4658 4739 12701 4680 4964 56017 40405 16417 6558 4584 7737 6724 11466
leaf_count=7047 4579 7994 4631 29364 4657 18664 6115 6156 6572 4596 4592 5956 4938 11643 5259 11314 6075 4658 4739 12701 4680 4964 56017 40405 16417 6558 4584 7737 6724 11466
internal_value=0.000161721 -0.00239187 0.000262331 1.01728e-05 8.74228e-05 -0.000507653 0.00027599 0.00057394 -0.000168799 0.000651753 0.00127769 0.000400816 -0.000278916 0.000711297 0.000447539 0.00016266 0.000398558 0.000709589 -5.76032e-05 -0.00053597 0.000512483 0.000388702 0.000311156 -1.66315e-06 -1.25132e-05 0.00039926 0.00125014 0.000941989 0.000762957 0.00120912
internal_weight=331802 12573 319229 176449 169402 40761 128641 142780 58911 69730 19949 49781 15609 34172 28216 22957 10671 13834 36104 17440 136624 106066 101102 45085 52339 22975 9242 30558 25927 18190
internal_count=331802 12573 319229 176449 169402 40761 128641 142780 58911 69730 19949 49781 15609 34172 28216 22957 10671 13834 36104 17440 136624 106066 101102 45085 52339 22975 9242 30558 25927 18190
is_linear=0
shrinkage=0.05


Tree=55
num_leaves=31
num_cat=0
split_feature=2 2 4 4 8 3 9 9 7 7 8 8 4 4 8 9 9 8 7 8 7 4 7 7 8 4 3 3 3 3
split_gain=28.509 10.132 10.762 7.28667 5.91508 4.93126 4.69365 4.38596 4.94982 4.33964 3.81459 4.3957 4.13761 3.49378 3.48367 3.30084 3.16305 3.07812 2.72565 2.52191 2.39444 3.0478 1.98619 5.07002 2.77772 4.72586 2.82933 2.54898 1.72431 2.64436
threshold=7.5000000000000009 3.5000000000000004 0.49696860249111285 0.72354225804866756 0.80894011650000008 19.877938300000004 17.500000000000004 7.5000000000000009 0.97346863700000008 0.98477545750000017 0.85802784950000011 1.4435879295000003 1.1562000218890398 0.90003364559376353 1.4093943000000004 33.500000000000007 15.500000000000002 0.88978217450000008 1.0072142665000003 0.9749352160000001 0.90317407100000013 0.85301778084222335 1.0233017285000001 1.0142381880000002 0.94434546000000008 1.1216915178340428 -13.941674392999998 -6.2613083744999996 25.835106967000005 38.286769956500009
decision_type=2 2 10 10 2 2 2 2 2 2 2 2 8 10 2 2 2 2 2 2 2 10 2 2 2 8 2 2 2 2
left_child=1 4 -3 -2 6 10 -1 -4 16 -10 -6 14 13 -13 17 18 -9 -12 -11 20 -18 -22 23 24 -19 26 -26 -24 -7 -30
right_child=3 2 7 -5 5 28 -8 8 9 15 11 12 -14 -15 -16 -17 19 22 -20 -21 21 -23 27 -25 25 -27 -28 -29 29 -31
leaf_value=-0.002035065956050042 -0.0021849884741553076 -0.0024676639647603035 -0.0013815436300365432 -0.0030518305423603942 0.0019844325175153161 0.003530778375378615 0.00026410199047400851 0.00073818577228248593 0.0031614186073815769 -0.00149197346617988 -0.00092995465235729035 0.00084854657389716974 -7.9575510885339319e-05 0.0035901505163395786 -0.0013694342070019183 0.0018278121871428141 -0.0015570219635176732 0.00128148602007087 0.0004453857253753007 -0.0014532618305751958 0.0012185010591784645 -0.0014437131298283515 0.0017784439211421697 -0.0014877048709366 -0.00039250130986735596 -0.00096521232653051065 0.00094136031352327052 0.00056375055860930965 0.00063489098137176157 0.0043708310432862508
leaf_weight=4533 5089 4565 12360 7415 8201 7840 5160 7340 4956 8448 6475 8109 6360 9147 4662 15361 5408 11711 26239 5304 5493 4582 15767 5821 12152 10421 38878 47348 8611 8367
leaf_count=4533 5089 4565 12360 7415 8201 7840 5160 7340 4956 8448 6475 8109 6360 9147 4662 15361 5408 11711 26239 5304 5493 4582 15767 5821 12152 10421 38878 47348 8611 8367
internal_value=0.000184763 0.000276403 -0.000140614 -0.00215685 0.000466439 0.000522216 -0.000740874 -2.71737e-05 0.000103505 0.000379393 0.000433434 0.000384522 0.00101943 0.00142112 0.000286642 0.000239546 -0.00043598 0.000328885 -3.06985e-05 -0.00075101 -0.000428396 2.72819e-05 0.000377473 0.000210349 0.00032337 0.000188834 0.000386989 0.000586581 0.00118398 0.000900312
internal_weight=332123 319619 100056 12504 219563 209870 9693 95491 83131 55004 185052 176851 23616 17256 153235 50048 28127 148573 34687 20787 15483 10075 142098 78983 73162 61451 51030 63115 24818 16978
internal_count=332123 319619 100056 12504 219563 209870 9693 95491 83131 55004 185052 176851 23616 17256 153235 50048 28127 148573 34687 20787 15483 10075 142098 78983 73162 61451 51030 63115 24818 16978
is_linear=0
shrinkage=0.05


Tree=56
num_leaves=31
num_cat=0
split_feature=2 0 4 7 0 8 0 2 0 8 4 2 8 2 8 0 7 7 7 7 7 7 4 5 0 7 7 8 4 5
split_gain=31.6199 24.6581 8.91931 7.64867 6.80135 6.35169 6.56057 16.5148 6.25127 4.62811 4.21862 3.19572 2.93416 3.59691 4.47625 2.78307 3.79987 5.55436 3.08717 2.23084 4.94519 2.15238 2.81922 2.03394 1.99478 1.96642 1.92297 4.3183 1.85478 1.8381
threshold=6.5000000000000009 90.500000000000014 0.36763814755456808 0.94993144500000015 115.50000000000001 1.4435879295000003 63.500000000000007 3.5000000000000004 115.50000000000001 0.94631593150000015 1.3951014835576214 4.5000000000000009 1.3838021630000001 1.0000000180025095e-35 1.2992437430000001 42.500000000000007 1.0000053235000002 1.1108714775000001 0.93198645250000012 1.0951090540000001 1.1460201665000003 0.91047063400000006 1.1601743528226163 11.500000000000002 103.50000000000001 0.9455878135000001 0.97175424950000011 1.1557926060000001 1.2039874762748179 17.500000000000004
decision_type=2 2 10 2 2 2 2 2 2 2 10 2 2 2 2 2 2 2 2 2 2 2 10 2 2 2 2 2 10 2
left_child=2 -2 3 -1 24 6 7 12 10 -9 11 26 13 14 21 16 -15 -18 -17 -7 -21 -4 23 -23 -3 -13 29 -28 -29 -8
right_child=1 4 5 -5 -6 19 8 9 -10 -11 -12 25 -14 15 -16 18 17 -19 -20 20 -22 22 -24 -25 -26 -27 27 28 -30 -31
leaf_value=-0.0030606625659114466 -0.0025593469088729939 -0.0011468070010020202 -0.0004418452134429531 -0.00018786457641585069 -0.0040894417673191848 0.0031404509244255478 0.00099742562162449442 -0.0039614786422691173 -0.0031373759402703993 -0.0014601456186422897 0.0044452150289992134 -0.00050245081545840804 -0.00099107852021938433 -0.000700030766606634 0.0033248118636755018 0.0016204514072488546 0.00097255821294327011 -0.0016703356316924616 0.00030459702988268946 -0.00044905303629297892 0.0023154491165914299 0.00095582862140657836 -3.2910147298369575e-05 0.0022525028179382683 0.0001802576553785126 0.00075493504595252638 0.000191245383398113 0.001449950441270699 0.0042467467447985944 0.003143820979685857
leaf_weight=4777 4742 5756 4863 10093 4525 8789 14186 4583 5186 8519 5864 8969 7512 26739 4581 6713 19175 4835 28129 5725 15108 10145 10661 8430 10219 29630 24308 17219 4605 7538
leaf_count=4777 4742 5756 4863 10093 4525 8789 14186 4583 5186 8519 5864 8969 7512 26739 4581 6713 19175 4835 28129 5725 15108 10145 10661 8430 10219 29630 24308 17219 4605 7538
internal_value=0.000136754 -0.00156415 0.000276682 -0.000917647 -0.000811997 0.000337515 0.000259151 3.39915e-05 0.000536763 -0.00165866 0.00061514 0.000543162 0.000202333 0.000260348 0.000660463 7.95016e-05 -0.000156736 0.000299813 0.000423566 0.00103149 0.000749352 0.000463142 0.00062515 0.00099704 -0.000326971 0.000179904 0.000749768 0.000567007 0.00107747 0.00113765
internal_weight=332124 25242 306882 14870 20500 292012 262390 144885 117505 13102 112319 106455 131783 124271 38680 85591 50749 24010 34842 29622 20833 34099 29236 18575 15975 38599 67856 46132 21824 21724
internal_count=332124 25242 306882 14870 20500 292012 262390 144885 117505 13102 112319 106455 131783 124271 38680 85591 50749 24010 34842 29622 20833 34099 29236 18575 15975 38599 67856 46132 21824 21724
is_linear=0
shrinkage=0.05


Tree=57
num_leaves=31
num_cat=0
split_feature=0 6 3 4 3 8 3 9 6 0 8 7 8 8 8 9 7 7 8 7 0 7 7 8 0 8 7 4 4 8
split_gain=29.8071 14.3468 10.7477 7.71147 9.85256 4.17334 3.98114 2.9077 3.42186 5.97847 2.76039 5.68907 2.8054 2.51059 2.07467 2.05551 1.67202 5.07779 1.56416 3.08469 2.64785 2.93519 5.07737 4.99599 2.14333 1.62522 2.39015 2.43691 1.56061 1.46177
threshold=117.50000000000001 2.5000000000000004 7.2043208685000009 0.3422227397364791 -8.3719745129999978 1.4435879295000003 46.633597832000007 11.500000000000002 1.0000000180025095e-35 88.500000000000014 1.0000014820000003 0.95619744050000011 1.1996017105000003 1.5535672370000002 1.0877557720000002 52.500000000000007 1.0951090540000001 1.1795612660000001 0.93167404300000012 0.96032202150000012 63.500000000000007 1.0183233475000002 1.0629679565000003 1.3201884320000004 91.500000000000014 1.0494941170000003 1.0243316185000002 1.2350130220739157 1.1482603259618493 1.2304387475000003
decision_type=2 2 2 8 2 2 2 2 2 2 2 2 2 2 2 2 2 2 2 2 2 2 2 2 2 2 2 10 10 2
left_child=1 2 3 4 -1 7 13 8 14 10 11 -10 -12 18 -5 29 -7 -18 24 -20 21 -21 -23 -24 -4 -22 -27 28 -28 -9
right_child=-2 -3 6 5 -6 16 -8 15 9 -11 12 -13 -14 -15 -16 -17 17 -19 19 20 25 22 23 -25 -26 26 27 -29 -30 -31
leaf_value=-0.0027497135877342354 -0.0062474880401325525 -0.0022258197933473609 0.0031676597033775712 -0.00029277047839609827 5.2505296017736283e-05 0.002628419116049384 0.0048256220368451874 9.7380776536142157e-05 -0.00073147729006730689 0.0011952608970610705 0.00015022521034155063 -0.0030322073071419632 -0.0020141185310449321 0.0027225617007367231 0.0013117277562968018 0.0014275742262538401 -0.00060458368904884035 0.0024824173871974067 -0.00092481486307986098 -0.0013099986192175799 0.00023100933593678746 0.0028305707802546332 0.0016073757948307701 -0.0011986893603069728 0.00096770985520123305 0.0040222273761115661 0.0017735284090198867 0.0030027825307121052 -0.00068645236690036907 0.00074387432012532756
leaf_weight=4563 4825 6560 5523 8635 6221 6170 8213 120636 6697 9258 9012 5478 6042 5703 9624 9680 5819 6462 5154 4838 6371 5108 7093 5639 4960 5150 5581 5960 4552 26540
leaf_count=4563 4825 6560 5523 8635 6221 6170 8213 120636 6697 9258 9012 5478 6042 5703 9624 9680 5819 6462 5154 4838 6371 5108 7093 5639 4960 5150 5581 5960 4552 26540
internal_value=0.00014661 0.000204158 0.000251523 8.48483e-05 -0.00122161 0.000146116 0.000754227 8.32205e-05 -0.000230498 -0.000510112 -0.000883271 -0.00144294 -0.000430307 0.000634588 0.000328242 0.000192719 0.000867198 0.000529465 0.000547442 0.000441471 0.000560869 0.000160473 0.000456711 -7.77261e-05 0.00110746 0.000889605 0.00109963 0.000799168 0.000326988 0.000146283
internal_weight=332067 327242 320682 240837 10784 230053 79845 211602 54746 36487 27229 12175 15054 71632 18259 156856 18451 12281 65929 55446 50292 22678 17840 12732 10483 27614 21243 16093 10133 147176
internal_count=332067 327242 320682 240837 10784 230053 79845 211602 54746 36487 27229 12175 15054 71632 18259 156856 18451 12281 65929 55446 50292 22678 17840 12732 10483 27614 21243 16093 10133 147176
is_linear=0
shrinkage=0.05


Tree=58
num_leaves=31
num_cat=0
split_feature=0 2 0 0 2 7 0 8 8 4 7 7 8 8 7 8 8 4 9 4 3 8 8 8 7 9 9 8 7 8
split_gain=28.7258 18.699 33.4318 9.53457 14.2084 5.27243 4.70773 4.34688 4.28806 3.31193 3.17079 5.20389 2.72256 3.67258 6.23453 2.68948 4.08389 2.17231 1.85266 2.09119 1.66886 1.95432 1.60427 1.54364 2.0336 1.44514 1.83022 1.90527 3.47754 1.69752
threshold=117.50000000000001 5.5000000000000009 75.500000000000014 67.500000000000014 3.5000000000000004 1.2523208980000002 87.500000000000014 0.78344438100000013 0.9248827850000001 1.4071874333953651 1.2082677355000002 1.1496716780000003 0.85802784950000011 0.91580697650000009 0.94443998950000008 0.91760223650000017 1.1368772090000003 0.63312286171054521 15.500000000000002 0.93637219583725317 23.559487304500006 1.429914388 1.0843950875000001 1.1865423385 1.0744235155000001 54.500000000000007 30.500000000000004 1.0352592580000002 0.99217032650000003 1.0117252615000003
decision_type=2 2 2 2 2 2 2 2 2 10 2 2 2 2 2 2 2 10 2 10 2 2 2 2 2 2 2 2 2 2
left_child=1 3 -3 4 5 7 -4 -1 -6 15 11 12 -9 14 -14 18 25 -8 -5 -20 21 23 -10 -18 -25 26 27 28 -17 -28
right_child=-2 2 6 9 8 -7 17 10 22 -11 -12 -13 13 -15 -16 16 20 -19 19 -21 -22 -23 -24 24 -26 -27 29 -29 -30 -31
leaf_value=-0.00095660505312003281 -0.0057825564996615954 -0.0029886001012656756 -0.0018299536851602986 0.0040113669252958319 -0.0035200413457923416 0.0034966093978621863 -0.0011665257956343922 0.001462535357108905 -0.00024454483584818116 0.0050347102486290457 -0.0015564545466651566 0.0021216942052804432 0.00053371915417661417 0.0003201072888937083 -0.0024022101676841262 0.001784799382457003 0.0020823706381778379 0.00018221849283783748 0.00059260543631073923 0.003595611591970744 0.0035623368505977612 0.0026343105530783912 -0.0020647976011934047 -0.00030664777572903814 0.0024316263402218729 0.0016980962553617435 0.00037456524992878089 0.001476417683507374 -0.0014310477671973666 -0.0012560045437887421
leaf_weight=5894 4826 4800 4999 4506 4550 5021 4634 9094 5763 6482 5053 11405 5386 125539 5218 4596 5656 27659 7655 5823 7065 5813 5647 9460 7160 4569 6882 6899 5419 8519
leaf_count=5894 4826 4800 4999 4506 4550 5021 4634 9094 5763 6482 5053 11405 5386 125539 5218 4596 5656 27659 7655 5823 7065 5813 5647 9460 7160 4569 6882 6899 5419 8519
internal_value=0.000138736 0.00019525 -0.000788417 0.000340502 0.000133634 0.00026562 -0.000282596 0.000217759 -0.00129345 0.000744698 0.000266389 0.000306166 0.000225383 0.000169411 -0.000723913 0.000666023 0.000529406 -6.14587e-05 0.00121296 0.000918935 0.000914986 0.000741974 -0.000775295 0.000528702 0.000285714 0.000161837 4.40905e-05 0.000403097 -3.7425e-05 -0.000350188
internal_weight=331992 327166 42092 285074 188570 172610 37292 167589 15960 96504 161695 156642 145237 136143 10604 90022 72038 32293 17984 13478 35154 28089 11410 22276 16620 36884 32315 16914 10015 15401
internal_count=331992 327166 42092 285074 188570 172610 37292 167589 15960 96504 161695 156642 145237 136143 10604 90022 72038 32293 17984 13478 35154 28089 11410 22276 16620 36884 32315 16914 10015 15401
is_linear=0
shrinkage=0.05


Tree=59
num_leaves=31
num_cat=0
split_feature=0 3 5 6 8 9 0 3 8 8 7 7 8 7 8 0 7 7 8 0 7 8 7 7 7 7 5 8 8 7
split_gain=28.5005 12.2012 14.039 5.88963 4.41848 4.2353 4.13346 3.75021 3.18908 3.25949 3.13381 2.87061 6.2652 2.45647 2.29137 3.30856 7.50115 4.50521 1.88109 1.69355 1.89989 1.9687 2.53884 2.40109 2.57328 2.03726 1.71873 1.61218 1.57857 2.29742
threshold=117.50000000000001 -12.712897638499998 3.5000000000000004 1.0000000180025095e-35 1.2992437430000001 6.5000000000000009 78.500000000000014 20.448980150000001 0.73914493400000014 1.3201884320000004 1.0262334550000001 0.99217032650000003 1.0000014820000003 1.0731915865000003 1.3288227880000003 49.500000000000007 1.1496716780000003 1.0934611560000003 1.5097159270000002 93.500000000000014 0.89040702000000016 1.2055926885000001 1.0801551885000003 1.0473717320000002 1.0233017285000001 0.99967947350000008 17.500000000000004 1.0923965605000003 1.3158465240000001 1.0785493675000002
decision_type=2 2 2 2 2 2 2 2 2 2 2 2 2 2 2 2 2 2 2 2 2 2 2 2 2 2 2 2 2 2
left_child=1 2 -1 4 7 -4 18 19 -7 10 11 -10 -13 -8 -6 16 17 -16 28 20 -3 22 23 24 25 26 -22 -12 29 -5
right_child=-2 3 5 6 14 8 13 -9 9 -11 27 12 -14 -15 15 -17 -18 -19 -20 -21 21 -23 -24 -25 -26 -27 -28 -29 -30 -31
leaf_value=-0.002349716813918744 -0.0055479220443179593 -0.00047621299055182996 -0.0013358674010508973 -0.00044899270022023596 0.0035088107717808343 -0.0012800843379548168 0.00046673936115624508 0.0027324170489215318 0.00019868464459846808 -0.001204252365434827 0.0020259229610348249 -0.0024766553311644486 0.00076880306018434381 0.0024960125933261917 0.00052436844215381551 0.0026952072931519821 0.0025151460107251237 -0.0019044989307278261 0.0011693754711024696 0.0023479443702971153 0.00036304767331266406 -0.00039501725949586669 0.0024533374276902117 -0.00066504450889700402 0.0017154484466832952 -0.00045886048263778706 0.0015604887261441325 0.00060518248557735817 -0.00095832102023714967 0.0010374611175469634
leaf_weight=4895 4815 6706 6374 41184 4649 4643 27039 12850 40356 5802 6201 7349 5995 9755 6796 13479 8682 4669 5393 7570 20845 14093 6542 6060 5744 9315 8437 8266 9300 8276
leaf_count=4895 4815 6706 6374 41184 4649 4643 27039 12850 40356 5802 6201 7349 5995 9755 6796 13479 8682 4669 5393 7570 20845 14093 6542 6060 5744 9315 8437 8266 9300 8276
internal_value=0.000129033 0.000185245 -0.000310894 0.000373101 0.000587319 -0.00016084 8.35547e-05 0.000409608 -6.02921e-05 1.95341e-05 0.000116397 -5.95846e-05 -0.000695183 0.000505992 0.00104297 0.000898873 0.000493003 -0.000346556 -0.000158749 0.000289626 0.000220073 0.000296026 0.000426969 0.000306611 0.000434199 0.000287161 0.000492027 0.000769417 -0.000240789 -0.000128373
internal_weight=332080 327265 89881 237384 136437 84986 100947 98162 78612 73969 68167 53700 13344 36794 38275 33626 20147 11465 64153 85312 77742 71036 56943 50401 44341 38597 29282 14467 58760 49460
internal_count=332080 327265 89881 237384 136437 84986 100947 98162 78612 73969 68167 53700 13344 36794 38275 33626 20147 11465 64153 85312 77742 71036 56943 50401 44341 38597 29282 14467 58760 49460
is_linear=0
shrinkage=0.05


Tree=60
num_leaves=31
num_cat=0
split_feature=0 6 3 4 0 8 9 8 6 8 4 8 8 4 8 9 8 3 0 6 8 4 8 8 5 0 9 0 0 9
split_gain=27.0706 12.3162 9.23583 6.37637 6.80964 3.38098 3.37165 2.36025 3.01074 3.5134 2.92176 2.39292 3.28177 2.09439 2.97971 1.81172 1.77531 1.69194 1.88644 4.0138 5.18149 1.59056 1.50498 3.13248 2.43107 1.80754 1.73493 1.5034 2.84554 1.42327
threshold=117.50000000000001 2.5000000000000004 16.809247325000005 0.3422227397364791 8.5000000000000018 1.3333872195000003 51.500000000000007 1.2463057665000001 1.0000000180025095e-35 1.3201884320000004 0.82944509497189733 1.2055926885000001 1.1912749420000002 1.1601743528226163 1.4361150800000002 26.500000000000004 1.5097159270000002 10.520400037500002 87.500000000000014 1.5000000000000002 0.94862549100000015 0.95125861605176498 1.0299972105000001 1.0519316795000002 8.5000000000000018 19.500000000000004 19.500000000000004 102.50000000000001 81.500000000000014 27.500000000000004
decision_type=2 2 2 8 2 2 2 2 2 2 10 2 2 10 2 2 2 2 2 2 2 8 2 2 2 2 2 2 2 2
left_child=1 2 3 4 -1 27 7 11 9 21 -11 12 17 14 -12 -13 -10 18 19 22 -21 -9 -5 -24 25 -25 -26 28 29 -4
right_child=-2 -3 5 6 -6 -7 -8 8 16 10 13 15 -14 -15 -16 -17 -18 -19 -20 20 -22 -23 23 24 26 -27 -28 -29 -30 -31
leaf_value=2.0976102236016362e-05 -0.0055738164242919858 -0.0020576078522220546 -0.00052620179988252384 -0.00015083981633726319 -0.0023697357138542686 0.0038415322671607969 0.0013044127953966119 0.0038322981168046402 -0.00032273278508973861 -0.0004168594460220265 0.00036316154335623493 -0.0016586536465565201 0.0024400158412668333 -2.8297617990164688e-05 0.003102428793480052 0.00028047665564215135 0.0012246972966183912 0.0010736324568235574 0.00056294267265644756 -0.0020466748783942931 -1.9311820504332655e-06 0.0016206203069393744 0.0017725488612906739 0.00016985021550856017 0.0011239877088642916 -0.002013874314624237 -1.2657010977271209e-05 0.00038329301261589123 0.0031276608485060762 0.0015417207814217061
leaf_weight=6242 4855 6572 4722 66714 4513 11118 15338 4704 18826 7293 5824 7752 4705 6285 6955 4626 5609 9849 39314 5324 6616 5668 6245 4547 11341 4511 16834 9903 9759 9147
leaf_count=6242 4855 6572 4722 66714 4513 11118 15338 4704 18826 7293 5824 7752 4705 6285 6955 4626 5609 9849 39314 5324 6616 5668 6245 4547 11341 4511 16834 9903 9759 9147
internal_value=0.000149691 0.000204766 0.000248744 0.000140673 -0.00105251 0.00091582 0.000189139 0.000144903 0.000414753 0.00070085 0.000393938 5.72771e-05 0.000104543 0.000719493 0.00108691 -0.000614552 -1.53435e-05 6.87392e-05 2.99164e-05 -6.70557e-05 -0.000937631 0.0014802 2.73149e-05 0.000256192 8.23086e-05 -0.000630034 0.000311391 0.000665106 0.000881818 0.000421292
internal_weight=331711 326856 320284 275635 10755 44649 264880 249542 61164 36729 26357 188378 176000 19064 12779 12378 24435 171295 161446 122132 11940 10372 110192 43478 37233 9058 28175 33531 23628 13869
internal_count=331711 326856 320284 275635 10755 44649 264880 249542 61164 36729 26357 188378 176000 19064 12779 12378 24435 171295 161446 122132 11940 10372 110192 43478 37233 9058 28175 33531 23628 13869
is_linear=0
shrinkage=0.05


Tree=61
num_leaves=31
num_cat=0
split_feature=0 2 0 0 2 7 0 0 7 7 7 0 2 7 7 7 5 3 9 0 7 7 5 7 4 7 7 7 7 7
split_gain=25.8641 16.6232 23.2137 8.89224 11.0673 5.22782 3.998 3.51492 3.3682 3.03313 3.37787 2.98348 3.49095 3.41505 2.87622 3.13505 2.39054 2.30146 2.22227 1.95958 3.37809 1.96705 1.9361 2.26004 1.81064 1.91589 1.60439 2.27395 1.54813 2.24206
threshold=117.50000000000001 5.5000000000000009 75.500000000000014 64.500000000000014 3.5000000000000004 1.2523208980000002 94.500000000000014 48.500000000000007 1.2025225330000002 1.2082677355000002 1.1496716780000003 47.500000000000007 1.5000000000000002 0.9253556475000001 0.93036914000000015 0.8985102865000002 18.500000000000004 2.5863675615000004 18.500000000000004 33.500000000000007 0.98477545750000017 0.98628077500000011 11.500000000000002 1.0769784025000002 1.2399721071032637 0.9700989295000001 1.0205589460000002 1.0629679565000003 1.1017561920000001 1.0744235155000001
decision_type=2 2 2 2 2 2 2 2 2 2 2 2 2 2 2 2 2 2 2 2 2 2 2 2 10 2 2 2 2 2
left_child=1 3 -3 4 5 9 18 -6 16 10 11 12 14 -13 15 -1 28 22 -4 20 -14 -21 23 -16 25 -18 -15 -28 29 -5
right_child=-2 2 6 8 7 -7 -8 -9 -10 -11 -12 13 19 26 17 -17 24 -19 -20 21 -22 -23 -24 -25 -26 -27 27 -29 -30 -31
leaf_value=0.00012440702703230686 -0.0052588149363884482 -0.0025537863537276485 -0.0017984429528567698 0.00061775228538931619 -0.0030948923259697353 0.0031275386215081757 -6.1230216309646527e-05 -0.0010073656473002905 0.0043640085804887369 -0.0016943875778465346 0.0016691199614591826 0.0021715658071216697 -0.0025241556040432535 -0.00013376850082145412 0.00060991490563375465 -0.0019294480339570449 0.0026624761226801126 -0.00014140274968419881 -0.0006732338146792316 0.00086660452688729355 -0.00026127367117485958 -0.00076058076896634455 0.0014205819811147799 -0.00073212896646259558 0.0030069344140526534 0.00085037670697227577 0.0020361563262563677 0.00021385544052249353 -0.00047904701898069687 0.003245444314636746
leaf_weight=8495 4857 4747 4971 49884 4849 4906 27941 8804 4618 4926 10956 5382 6764 12882 22825 6033 6450 21003 4583 7069 8091 9258 17833 6171 11549 19605 6480 7722 7521 4614
leaf_count=8495 4857 4747 4971 49884 4849 4906 27941 8804 4618 4926 10956 5382 6764 12882 22825 6033 6450 21003 4583 7069 8091 9258 17833 6171 11549 19605 6480 7722 7521 4614
internal_value=0.000120391 0.000174223 -0.000751296 0.000311562 9.91667e-05 0.00021121 -0.000334 -0.00126922 0.000679211 0.000162451 0.000200804 0.000137248 1.63811e-05 0.000559884 0.000186973 -0.000451386 0.000617949 0.000323717 -0.00121665 -0.000434155 -0.000849596 -5.60248e-05 0.000518747 0.000266543 0.00093249 0.000701266 0.000331131 0.000697544 0.000427174 0.000519972
internal_weight=331789 326932 42242 284690 180449 166796 37495 13653 104241 161890 156964 146008 113542 32466 82360 14528 99623 67832 9554 31182 14855 16327 46829 28996 37604 26055 27084 14202 62019 54498
internal_count=331789 326932 42242 284690 180449 166796 37495 13653 104241 161890 156964 146008 113542 32466 82360 14528 99623 67832 9554 31182 14855 16327 46829 28996 37604 26055 27084 14202 62019 54498
is_linear=0
shrinkage=0.05


Tree=62
num_leaves=31
num_cat=0
split_feature=0 2 0 0 2 8 7 7 7 7 0 8 8 3 7 0 7 8 8 7 3 0 2 8 8 7 7 7 3 9
split_gain=24.3886 12.7406 23.0257 5.87079 9.0302 4.29612 4.28946 3.90355 3.29448 3.02163 2.94531 2.79481 2.84579 2.44741 2.3257 1.89713 5.19238 3.81149 5.46838 3.89717 2.63937 2.24975 2.10426 3.6789 4.23517 2.00451 2.47171 1.92458 1.66479 1.46783
threshold=117.50000000000001 5.5000000000000009 78.500000000000014 64.500000000000014 3.5000000000000004 0.94434546000000008 1.2523208980000002 0.83895903800000016 1.2082677355000002 1.2025225330000002 94.500000000000014 0.91760223650000017 1.1368772090000003 23.559487304500006 1.1496716780000003 43.500000000000007 0.9253556475000001 1.3773010990000001 1.4435879295000003 0.97919752400000004 2.2660851460000004 26.500000000000004 1.0000000180025095e-35 0.89565229550000003 1.0441878835000002 1.0142381880000002 1.0310529730000002 0.93036914000000015 12.557295563000002 19.500000000000004
decision_type=2 2 2 2 2 2 2 2 2 2 2 2 2 2 2 2 2 2 2 2 2 2 2 2 2 2 2 2 2 2
left_child=1 3 -3 4 6 -6 7 -1 14 11 -4 -5 -13 -14 15 17 -17 19 -19 22 25 -22 27 -24 -25 -21 -27 -9 -12 -18
right_child=-2 2 10 9 5 -7 -8 8 -10 -11 28 12 13 -15 -16 16 29 18 -20 20 21 -23 23 24 -26 26 -28 -29 -30 -31
leaf_value=-0.0009293112014920927 -0.004724257474102149 -0.0024977832822856423 -0.0012564178821388135 0.0017082795186702802 -0.0030202301398138528 -0.00066706704932515402 0.0030758945731940131 -0.00041764443594965685 -0.0016669737446408557 0.0040793302632865106 -0.00013851941836927472 0.0001617811303743305 0.00077230564996122984 0.0029983399879179033 0.0015393589169473904 0.0021719234829977534 0.0013102417250239363 -0.0020857408673911303 7.5942169701324904e-05 0.0017428933892777894 0.0007152224206060044 -0.00062853818460147516 -0.0019922358614720462 0.00093591186356991533 -0.0017788237291151106 -0.0010547512953549101 0.00089099498200308355 0.0012439965048770452 0.0030167583706546667 0.00021267710939373114
leaf_weight=5537 4893 5793 8484 19874 4516 9123 4976 6221 4931 4578 23342 41356 29089 9544 11029 5319 5618 4631 7515 14753 8006 7998 5917 8354 6332 4549 18660 8087 4508 28427
leaf_count=5537 4893 5793 8484 19874 4516 9123 4976 6221 4931 4578 23342 41356 29089 9544 11029 5319 5618 4631 7515 14753 8006 7998 5917 8354 6332 4549 18660 8087 4508 28427
internal_value=0.000126218 0.000178661 -0.000632892 0.000298654 0.000126008 -0.00111074 0.00022713 0.000182656 0.000228875 0.000597007 -0.000165937 0.000539362 0.000407468 0.000716005 0.000270306 0.000215361 0.000509792 0.000100616 -0.000729981 0.000214161 0.000480443 -5.80921e-05 -0.000197474 -0.000520914 -9.66576e-05 0.000707457 0.000417636 0.000268288 8.25706e-05 0.000282673
internal_weight=331960 327067 42127 284940 180499 13639 166860 161884 156347 104441 36334 99863 79989 38633 151416 140387 39364 101023 12146 88877 53966 16004 34911 20603 14686 37962 23209 14308 27850 34045
internal_count=331960 327067 42127 284940 180499 13639 166860 161884 156347 104441 36334 99863 79989 38633 151416 140387 39364 101023 12146 88877 53966 16004 34911 20603 14686 37962 23209 14308 27850 34045
is_linear=0
shrinkage=0.05


Tree=63
num_leaves=31
num_cat=0
split_feature=0 2 0 0 2 0 7 4 4 7 2 7 4 9 7 4 5 7 2 6 5 7 0 4 2 4 7 7 7 7
split_gain=22.0753 11.8545 17.8042 7.04653 10.7241 4.79647 3.66765 3.36406 3.2137 2.94437 2.52268 6.69957 6.3923 3.08536 3.85652 3.42519 5.35619 3.37684 3.04717 2.21123 2.1314 1.95104 3.36715 1.93172 1.85923 1.90972 1.83741 2.33968 2.38147 2.92493
threshold=117.50000000000001 5.5000000000000009 75.500000000000014 49.500000000000007 2.5000000000000004 41.500000000000007 0.87473695000000007 0.62250262374204135 1.2453562140017023 1.2428445740000003 2.5000000000000004 0.94993144500000015 0.85021326156818178 19.500000000000004 0.97536380700000014 0.69588095284535967 16.500000000000004 0.99391202600000017 4.5000000000000009 1.0000000180025095e-35 20.500000000000004 1.0093750075000003 95.500000000000014 1.0299876677218076 1.0000000180025095e-35 1.5390651465205558 1.1053226455000003 1.0703823300000002 1.0310529730000002 0.99967947350000008
decision_type=2 2 2 2 2 2 2 10 10 2 2 2 10 2 2 10 2 2 2 2 2 2 2 10 2 8 2 2 2 2
left_child=1 3 -3 4 6 -6 -1 -4 10 24 11 -5 -13 17 15 -15 -17 18 -12 -10 -21 22 -9 -19 25 26 27 28 29 -8
right_child=-2 2 7 8 5 -7 9 21 19 -11 13 12 -14 14 -16 16 -18 23 -20 20 -22 -23 -24 -25 -26 -27 -28 -29 -30 -31
leaf_value=-0.00077983230548005547 -0.0050004356963809114 -0.0021412302365285386 -0.0012217013724663743 0.002953430176876836 -0.0025015509976416645 -0.00029479639867765637 0.001071499410049587 -0.002033828268274022 0.0031781394600030803 0.0022833250312049099 0.0026791497975410081 -0.0017335565244451772 0.0011026767732607403 0.000731465749555221 0.00069774719789383703 -0.0014410190345819803 0.00051797373486831759 -0.00033941617715106415 0.00071215675113881795 -0.00060416638474046112 0.0029867849279816942 0.0010241469729418491 8.5973192471756955e-05 0.0017834923178449186 5.5237727715431283e-05 -0.00039199355049646784 0.001840779922539964 -0.00077281724811766787 0.0016851815661618999 -0.00064542821088643069
leaf_weight=7152 4879 4763 5831 7915 10182 7243 15979 4834 12716 4692 7113 4558 23077 4984 39410 9168 5928 9307 4941 5360 4799 10261 16564 5336 60616 7724 9213 4612 6522 6198
leaf_count=7152 4879 4763 5831 7915 10182 7243 15979 4834 12716 4692 7113 4558 23077 4984 39410 9168 5928 9307 4941 5360 4799 10261 16564 5336 60616 7724 9213 4612 6522 6198
internal_value=0.000141572 0.000191405 -0.000590066 0.000307375 5.46963e-05 -0.00110585 0.000219537 -0.00022403 0.000552217 0.000287554 0.000450009 0.000804388 0.000436867 0.000303799 0.00010337 -0.000460542 -0.000835706 0.000750318 0.00136993 0.00109594 0.000545553 -2.06858e-05 -0.000292482 0.000239965 0.000235594 0.00046047 0.000591832 0.000418868 0.000586852 0.00033969
internal_weight=331877 326998 42253 284745 140133 17425 122708 37490 144612 115556 121737 35550 27635 86187 59490 20080 15096 26697 12054 22875 10159 31659 21398 14643 110864 50248 42524 33311 28699 22177
internal_count=331877 326998 42253 284745 140133 17425 122708 37490 144612 115556 121737 35550 27635 86187 59490 20080 15096 26697 12054 22875 10159 31659 21398 14643 110864 50248 42524 33311 28699 22177
is_linear=0
shrinkage=0.05


Tree=64
num_leaves=31
num_cat=0
split_feature=0 2 0 0 2 7 2 8 4 8 8 7 7 4 7 7 3 8 8 8 7 7 7 7 8 7 8 8 7 8
split_gain=17.7851 10.3884 8.95715 5.73576 21.3764 4.34695 3.84138 3.68458 3.53615 2.86323 3.87401 2.14483 2.49948 1.85808 1.52142 1.99778 2.53925 1.95461 4.52214 2.43604 3.2524 1.80931 3.72799 3.42692 1.508 2.86229 4.95516 2.70629 2.54837 1.94685
threshold=117.50000000000001 7.5000000000000009 104.50000000000001 67.500000000000014 4.5000000000000009 1.2523208980000002 3.5000000000000004 0.80894011650000008 0.84139536797606307 0.85802784950000011 0.90015274200000006 1.2082677355000002 1.1496716780000003 1.2297504172796854 1.1144229290000003 0.94314624850000006 -24.818994678499994 0.97077317050000012 1.0000014820000003 0.86832795850000011 0.99308499750000012 1.0731915865000003 1.0301846000000003 0.99889278250000013 1.3243624265000002 1.0951090540000001 1.4435879295000003 1.2763179770000004 1.1201095380000001 1.3730554145000002
decision_type=2 2 2 2 2 2 2 2 10 2 2 2 2 10 2 2 2 2 2 2 2 2 2 2 2 2 2 2 2 2
left_child=1 3 -3 4 5 7 8 -1 -5 -9 -11 12 24 14 15 16 -8 19 -19 -17 -21 22 23 -20 27 26 29 -12 -27 -26
right_child=-2 2 -4 6 -6 -7 13 9 -10 10 11 -13 -14 -15 -16 17 -18 18 21 20 -22 -23 -24 -25 25 28 -28 -29 -30 -31
leaf_value=-0.0010082257039669294 -0.0045586758048626981 -0.0017572535082315693 -0.00057673848195671513 -0.00024714937053590654 -0.0031127428681470256 0.002567947677198007 0.00049475260545968813 0.0014860925765308162 0.0018995519109159826 -0.0010496695980783566 0.00021250858036495841 -0.0013293121887000662 0.001399651449769587 0.0023538158729946956 -0.0011907526344404557 9.9847087439799089e-05 -0.0011289597151857846 -0.0016729230829494292 -9.2213413781923486e-05 0.0036934631497210439 0.00064937033732807143 0.0023259512839370446 -0.00098926829334096042 0.0027024206332770134 0.00024512502269544156 -0.0022151390693399518 0.0017489933054933863 0.0018747835103109093 -0.00010804478072909038 -0.0012683069240451859
leaf_weight=8923 4832 4510 6609 6328 6706 5274 7760 7754 40354 8572 103017 5223 11837 8101 5801 6929 8487 5571 5791 6992 5720 5141 7001 5544 4532 4574 6217 8547 4909 4677
leaf_count=8923 4832 4510 6609 6328 6706 5274 7760 7754 40354 8572 103017 5223 11837 8101 5801 6929 8487 5571 5791 6992 5720 5141 7001 5544 4532 4574 6217 8547 4909 4677
internal_value=0.000117431 0.000161894 -0.0013399 0.00021471 4.19886e-05 0.000143051 0.000477196 0.000101294 0.000836636 0.000153329 0.000108414 0.000166181 0.000201261 0.000264323 0.000182141 0.000251459 -0.000228587 0.000411653 0.000151103 0.000796854 0.00120783 0.00045503 0.000222453 0.000782628 0.000140792 -0.000210925 0.000209319 0.000219326 -0.000894287 -0.000526915
internal_weight=332233 327401 11119 316282 190762 184056 125520 178782 46682 169859 162105 153533 148310 78838 70737 64936 16247 48689 29048 19641 12712 23477 18336 11335 136473 24909 15426 111564 9483 9209
internal_count=332233 327401 11119 316282 190762 184056 125520 178782 46682 169859 162105 153533 148310 78838 70737 64936 16247 48689 29048 19641 12712 23477 18336 11335 136473 24909 15426 111564 9483 9209
is_linear=0
shrinkage=0.05


Tree=65
num_leaves=31
num_cat=0
split_feature=0 3 6 4 3 7 7 3 8 6 0 8 8 7 7 7 3 7 0 7 4 8 8 7 7 8 9 7 0 6
split_gain=18.4189 7.43006 7.03356 5.14721 4.90643 3.50722 3.66505 4.08218 2.73396 2.18773 2.76846 2.98646 1.95029 3.3889 4.18585 3.87397 3.37066 2.40288 1.88961 2.3647 2.30771 2.11823 5.49229 3.11879 2.77985 2.82544 1.81533 1.7242 1.52498 1.6733
threshold=117.50000000000001 16.809247325000005 2.5000000000000004 0.3422227397364791 -8.3719745129999978 1.0801551885000003 1.0934611560000003 -11.139026861999998 1.3333872195000003 1.5000000000000002 88.500000000000014 0.93834529050000015 1.4435879295000003 1.0629679565000003 1.0517352690000001 1.0452659895000003 -3.5501908694999993 1.0233017285000001 70.500000000000014 1.0154001440000002 0.9303875250156779 1.2592987655000003 1.1779470030000001 1.0038369515000001 0.99967947350000008 1.1126193215000002 6.5000000000000009 1.0329430635000001 65.500000000000014 1.0000000180025095e-35
decision_type=2 2 2 10 2 2 2 2 2 2 2 2 2 2 2 2 2 2 2 2 10 2 2 2 2 2 2 2 2 2
left_child=1 2 3 4 -1 9 -7 -8 -3 12 11 -11 13 14 15 17 -15 18 19 21 -20 22 23 24 25 26 -5 -19 29 -9
right_child=-2 8 -4 5 -6 6 7 28 -10 10 -12 -13 -14 16 -16 -17 -18 27 20 -21 -22 -23 -24 -25 -26 -27 -28 -29 -30 -31
leaf_value=-0.0020909617396771634 -0.0045736662905399858 0.0011959316045721726 -0.0020020762247949654 -0.001304895857834539 -0.00020525627714042366 0.0026790667447992591 -0.00099603733568442141 0.00097516729681561764 0.0029710258597630962 -0.001604203913228024 0.00051603053751819847 -0.00043376654113868668 0.0013255817189083317 0.00036796922207308567 0.0017646396817169339 -0.0017362638977405068 -0.0015972771102162235 0.0017811612232456751 8.80876292957218e-05 -0.0015782707102502227 0.0013650133017795022 0.0014651731697623059 -0.0020393425427741355 0.0023218574636393024 -0.001386533866386608 0.0012950663276337722 1.5133036829041782e-05 0.00027615832017259485 0.001805291523015843 -0.00021053495806282633
leaf_weight=4559 4861 34634 5641 4880 9251 9657 7402 19872 11109 5174 8866 8587 5639 4534 8087 5045 5791 8818 33229 4544 17200 4906 6087 5014 4725 5632 47874 10791 9294 10629
leaf_count=4559 4861 34634 5641 4880 9251 9657 7402 19872 11109 5174 8866 8587 5639 4534 8087 5045 5791 8818 33229 4544 17200 4906 6087 5014 4725 5632 47874 10791 9294 10629
internal_value=0.000115877 0.000161249 6.52748e-05 0.000100999 -0.000839667 0.000150544 0.000498074 0.000316406 0.000752273 5.43501e-05 -0.000409376 -0.000853189 0.000111761 8.26082e-05 0.00013702 8.04726e-05 -0.000796224 0.00012524 4.96288e-05 -9.6095e-05 0.000291371 -3.23545e-05 -9.8899e-05 2.97228e-05 -6.56725e-05 2.87717e-05 -8.49142e-05 0.000642144 0.00051696 0.000345998
internal_weight=332332 327471 281728 276087 13810 262277 56854 47197 45743 205423 22627 13761 182796 177157 166832 158745 10325 153700 134091 83662 50429 79118 74212 68125 63111 58386 52754 19609 39795 30501
internal_count=332332 327471 281728 276087 13810 262277 56854 47197 45743 205423 22627 13761 182796 177157 166832 158745 10325 153700 134091 83662 50429 79118 74212 68125 63111 58386 52754 19609 39795 30501
is_linear=0
shrinkage=0.05


Tree=66
num_leaves=31
num_cat=0
split_feature=1 2 1 3 6 1 8 7 2 1 1 7 2 7 8 8 5 8 7 1 7 7 7 7 7 7 7 3 7 7
split_gain=14.7165 9.73423 8.92238 5.00352 3.91876 3.60171 5.46432 2.66981 2.36003 6.15425 3.46953 3.13645 1.9939 2.12978 3.5563 3.13255 2.67476 2.54636 3.27029 3.72264 3.06277 5.08246 2.71065 2.33474 1.72989 3.93502 1.70119 3.1506 2.92637 1.65675
threshold=2.5000000000000004 7.5000000000000009 15.500000000000002 46.633597832000007 1.5000000000000002 38.500000000000007 0.92706994300000012 0.83895903800000016 4.5000000000000009 48.500000000000007 64.500000000000014 1.2428445740000003 1.0000000180025095e-35 1.1053226455000003 1.3109496115000001 1.2957820940000002 13.500000000000002 1.0995788130000002 1.0000053235000002 98.500000000000014 1.0142381880000002 1.0413678250000002 1.0320909540000003 0.95716687150000013 1.0692156960000003 1.0445113095 0.9726132500000001 -15.774219878499999 0.99391202600000017 0.99693670000000012
decision_type=2 2 2 2 2 2 2 2 2 2 2 2 2 2 2 2 2 2 2 2 2 2 2 2 2 2 2 2 2 2
left_child=-1 3 -3 4 7 -6 -7 -2 10 26 24 12 -12 15 -15 17 -17 18 19 23 -19 -22 -20 -14 25 -9 27 -10 -28 -8
right_child=1 2 -4 -5 5 6 29 8 9 -11 11 -13 13 14 -16 16 -18 20 22 -21 21 -23 -24 -25 -26 -27 28 -29 -30 -31
leaf_value=-0.0040561288262532013 -0.00058787754255776791 -0.00028081790888707107 -0.0018265691715705014 0.0035784463018830588 0.00049934510635175119 -0.0021995799181661066 0.00072400524082644841 0.00085963647809154248 0.00044512387092074358 -0.0019378618009201491 0.00051538700528455975 0.0021143066684070613 0.00086058127990102219 0.00060156726243110453 -0.0012716380733542158 0.00010088737011120801 0.0028378999945761537 -0.0018268804902982936 0.0029309800732153011 -0.0017930924082654243 0.0025639220477894535 -0.00099883582756745358 0.00021872975086402766 -0.00053950350161380495 0.0015409413581574391 -0.00073259909002767315 0.0028281937251062109 -0.0017235443529712978 0.0002639710439614071 -0.00093655824974966462
leaf_weight=4868 8347 6625 4544 8335 13204 5548 4807 53563 7368 5289 52634 5136 12757 5091 8422 4900 4955 9085 4627 5679 4598 7212 4587 8856 25444 8627 4542 4737 18708 8853
leaf_count=4868 8347 6625 4544 8335 13204 5548 4807 53563 7368 5289 52634 5136 12757 5091 8422 4900 4955 9085 4627 5679 4598 7212 4587 8856 25444 8627 4542 4737 18708 8853
internal_value=0.000129506 0.000170139 -0.0012802 0.000221436 0.000188666 -0.000331307 -0.00076823 0.000249919 0.00027747 -7.33103e-05 0.000340506 0.000184743 0.000138035 -1.8013e-05 -0.000590694 9.70847e-05 0.000920386 -4.43332e-05 0.000207609 -6.74065e-05 -0.00048445 4.65512e-05 0.0010218 0.000231983 0.000586725 0.00044457 0.000164734 -0.000315854 0.000414965 -0.000230516
internal_weight=331948 327080 11169 315911 307576 32412 19208 275164 266817 40644 226173 138539 133403 80769 13513 67256 9855 57401 36506 27292 20895 11810 9214 21613 87634 62190 35355 12105 23250 13660
internal_count=331948 327080 11169 315911 307576 32412 19208 275164 266817 40644 226173 138539 133403 80769 13513 67256 9855 57401 36506 27292 20895 11810 9214 21613 87634 62190 35355 12105 23250 13660
is_linear=0
shrinkage=0.05


Tree=67
num_leaves=31
num_cat=0
split_feature=0 2 4 0 3 2 2 0 0 7 4 8 8 8 2 7 7 7 8 9 2 7 7 8 7 7 3 7 9 8
split_gain=12.3997 8.94184 5.41942 5.41734 4.92232 4.193 3.05347 13.4901 3.97885 3.98465 3.99488 4.00912 4.08078 7.98143 3.61983 2.9532 3.36135 2.89176 2.81157 2.50705 2.32976 2.31731 2.70236 2.29476 2.15681 2.14778 2.89424 1.98661 3.0005 2.44334
threshold=117.50000000000001 7.5000000000000009 0.3422227397364791 104.50000000000001 49.624655780000005 1.0000000180025095e-35 3.5000000000000004 56.500000000000007 43.500000000000007 0.94993144500000015 0.83558481314311817 1.5646987590000003 0.98629535150000003 1.0299972105000001 2.5000000000000004 1.1249927920000002 1.0934611560000003 1.0731915865000003 1.0025047235000002 23.500000000000004 2.5000000000000004 1.1496716780000003 1.1249927920000002 1.134337616 1.0233017285000001 0.97175424950000011 2.2660851460000004 0.94314624850000006 18.500000000000004 0.97077317050000012
decision_type=2 2 8 2 2 2 2 2 2 2 10 2 2 2 2 2 2 2 2 2 2 2 2 2 2 2 2 2 2 2
left_child=1 2 5 -3 6 -1 8 18 20 -10 14 12 -12 -14 -11 16 17 19 -8 -15 21 22 25 -21 -25 -4 -27 28 -9 -29
right_child=-2 3 4 -5 -6 -7 7 27 9 10 11 -13 13 15 -16 -17 -18 -19 -20 23 -22 -23 -24 24 -26 26 -28 29 -30 -31
leaf_value=1.6937921711758666e-06 -0.0040460987749354463 -0.0015528299508317527 -0.00024029861520188535 -0.00079024822925686383 0.0036476657310931257 -0.0021916645627738096 -0.0035820861687512759 0.00062092223876586633 0.0013802692292296046 -0.0015939761071031924 0.0032895469262318069 0.0034610078007630005 -0.0016429017528754326 0.001865674032208553 0.00041327571888536118 0.0018756167253783365 -0.0017069512809732438 0.0032658359042526024 -0.0012862076406538277 -0.0012632487044747821 -0.001065515855318652 0.0011827198159496881 -0.0013597313371670836 0.0019902705450272548 -0.00030722054500593017 0.0008056593645637078 -0.00022267255211706307 0.00145841381384211 -0.00099703962163632544 0.00011170281992835811
leaf_weight=5910 4824 4553 29416 6531 7182 5001 4551 7877 19493 5762 6869 5451 4526 4884 6928 8770 5317 4788 4553 6381 8262 14029 4605 6640 7479 37139 18134 22912 10806 42726
leaf_count=5910 4824 4553 29416 6531 7182 5001 4551 7877 19493 5762 6869 5451 4526 4884 6928 8770 5317 4788 4553 6381 8262 14029 4605 6640 7479 37139 18134 22912 10806 42726
internal_value=0.000106815 0.000143902 0.000192812 -0.00125169 0.000231926 -0.000901887 0.000200769 -3.61231e-05 0.000308794 0.000549773 0.000381775 0.000549419 0.000422573 0.000261837 -0.000425364 0.000466406 0.000263284 0.000467575 -0.00186409 0.000254835 0.000107313 0.000171928 7.80526e-05 1.21923e-05 0.000367814 0.000142218 0.000325898 0.000161338 -0.000293504 0.000290816
internal_weight=332299 327475 316391 11084 305480 10911 298298 93425 204873 93288 73795 61105 55654 48785 12690 44259 35489 30172 9104 25384 111585 103323 89294 20500 14119 84689 55273 84321 18683 65638
internal_count=332299 327475 316391 11084 305480 10911 298298 93425 204873 93288 73795 61105 55654 48785 12690 44259 35489 30172 9104 25384 111585 103323 89294 20500 14119 84689 55273 84321 18683 65638
is_linear=0
shrinkage=0.05


Tree=68
num_leaves=31
num_cat=0
split_feature=0 3 6 4 3 8 8 4 8 9 8 8 8 8 6 8 0 9 0 0 3 8 8 3 8 0 8 6 8 8
split_gain=11.7564 6.01272 5.65468 4.00324 4.52819 2.92503 2.5299 3.96604 2.91261 1.74388 1.57416 2.80598 2.64168 3.261 2.42255 2.00159 1.83747 1.77783 1.53628 2.09094 1.41417 1.21468 3.41943 0.988944 1.49653 0.992058 2.53194 3.91451 2.61435 2.61687
threshold=117.50000000000001 16.809247325000005 2.5000000000000004 0.3422227397364791 -8.3719745129999978 1.3333872195000003 1.4435879295000003 1.1723427985227428 1.4093943000000004 54.500000000000007 1.2463057665000001 1.2055926885000001 1.3243624265000002 1.2992437430000001 1.0000000180025095e-35 1.1912749420000002 24.500000000000004 26.500000000000004 99.500000000000014 83.500000000000014 27.630393783500004 1.5441749580000004 1.6904204555000002 9.2873560365000021 0.99846873800000002 88.500000000000014 0.93834529050000015 1.5000000000000002 0.87376978000000005 0.8314545940000001
decision_type=2 2 2 10 2 2 2 10 2 2 2 2 2 2 2 2 2 2 2 2 2 2 2 2 2 2 2 2 2 2
left_child=1 2 3 4 -1 18 8 21 9 10 11 15 13 14 -12 23 -14 -13 19 20 -3 -8 -23 25 -25 26 27 28 29 -5
right_child=-2 5 -4 6 -6 -7 7 -9 -10 -11 12 17 16 -15 -16 -17 -18 -19 -20 -21 -22 22 -24 24 -26 -27 -28 -29 -30 -31
leaf_value=-0.0018687394243903314 -0.0036937765259707879 0.0013433183479266276 -0.001761448768767152 -0.00037703019969890275 -7.5533166994037274e-05 0.0026195615966991765 0.0023168327400954524 -0.00081525692321783138 -0.0014577005281151891 0.0013221968014132726 0.0015596705791649781 -0.0018603265536009943 0.00078627056341020211 0.0028194899331645414 -0.000538821289696395 0.0018657803744574987 -0.00057690451894566372 6.1547554320231452e-05 -1.6665367212407428e-05 0.0024392997537897986 -0.00052238495220903686 -0.00013039677737255201 0.0023686537903176755 0.0020449021502063438 2.5753687548625647e-05 0.0003596363070431474 0.00012269722789448975 -0.0014331401996829063 -0.00074833750300024081 0.0013398414285741814
leaf_weight=4584 4820 8909 5627 12821 9271 11219 7564 4554 4792 9796 8053 7567 4980 5561 6039 4744 10532 4798 12251 7486 5788 6306 4621 5154 7624 38288 80359 5002 15612 7647
leaf_count=4584 4820 8909 5627 12821 9271 11219 7564 4554 4792 9796 8053 7567 4980 5561 6039 4744 10532 4798 12251 7486 5788 6306 4621 5154 7624 38288 80359 5002 15612 7647
internal_value=9.77666e-05 0.000133856 4.7641e-05 7.96132e-05 -0.000748557 0.000666148 0.000123353 0.000623644 7.51754e-05 0.000100114 7.16461e-05 1.4661e-05 0.000378874 0.000763811 0.000358942 6.54705e-05 -0.000108913 -0.000713419 0.000437585 0.000685731 0.00033907 0.000949124 0.000611508 3.75918e-05 0.000460768 3.72513e-06 -6.62432e-05 -0.000385523 -0.000203686 0.000168026
internal_weight=332369 327549 281896 276269 13855 45653 262414 23045 239369 234577 224781 189616 35165 19653 14092 177251 15512 12365 34434 22183 14697 18491 10927 172507 12778 159729 121441 41082 36080 20468
internal_count=332369 327549 281896 276269 13855 45653 262414 23045 239369 234577 224781 189616 35165 19653 14092 177251 15512 12365 34434 22183 14697 18491 10927 172507 12778 159729 121441 41082 36080 20468
is_linear=0
shrinkage=0.05


Tree=69
num_leaves=31
num_cat=0
split_feature=2 1 5 1 1 1 2 7 7 7 1 1 7 2 7 9 7 1 2 3 3 9 1 9 4 7 7 2 7 6
split_gain=11.2408 12.1635 4.43769 3.12644 2.76154 3.43044 5.78374 2.94607 2.72818 2.5555 2.04294 2.49009 1.93446 2.20331 1.9156 1.66486 2.90206 1.89455 2.07695 1.83511 2.43235 1.74751 1.56773 1.25062 1.23198 2.31689 1.20606 1.17762 1.89036 3.78762
threshold=5.5000000000000009 45.500000000000007 3.5000000000000004 111.50000000000001 5.5000000000000009 55.500000000000007 3.5000000000000004 1.2428445740000003 1.0413678250000002 1.2025225330000002 27.500000000000004 4.5000000000000009 1.1439495680000002 2.5000000000000004 1.1972623645000002 21.500000000000004 1.0703823300000002 35.500000000000007 3.5000000000000004 -12.482722382999997 -0.37288538599999993 43.500000000000007 71.500000000000014 24.500000000000004 1.5625634733841545 1.1496716780000003 0.94993144500000015 1.0000000180025095e-35 1.0640450860000004 1.0000000180025095e-35
decision_type=2 2 2 2 2 2 2 2 2 2 2 2 2 2 2 2 2 2 2 2 2 2 2 2 10 2 2 2 2 2
left_child=2 8 3 -1 -4 9 7 14 10 12 11 -2 13 26 24 19 17 21 -19 -15 -21 -17 -8 -13 25 27 -6 -7 -29 -30
right_child=1 -3 4 -5 5 6 22 -9 -10 -11 -12 23 -14 15 -16 16 -18 18 -20 20 -22 -23 -24 -25 -26 -27 -28 28 29 -31
leaf_value=-0.0020588667396315447 -0.0024693973281269465 -0.0020432818149234834 -0.0026569533131245893 -0.00015643700569856919 0.0027535461254211283 0.00054819008076336317 -0.00065461354989467229 0.0021976343061734837 0.0011076199072683078 0.0032818114674999736 -0.0013389420582693751 0.00024544103763373819 -0.0010650442325483859 0.0018607283410786428 -0.0011318096639974656 0.0012126744588736289 0.0020943288125311712 -0.0011593343239255998 0.00024981809531997664 -0.00074686948585952443 0.0013746843360513173 -0.00041590490830291295 -0.0023646790229608348 -0.0010230486082233807 -0.00070393286452188778 0.0015705895746086645 0.0012680937303879251 0.00029158205359939768 -0.0013232751967982251 0.00038526641587777427
leaf_weight=4526 5577 4512 4500 13797 4626 34266 8371 5207 6845 4513 6883 15234 5524 7904 4787 12700 8742 7728 7789 4531 10913 8843 4511 6608 6300 7657 17007 71039 9482 11118
leaf_count=4526 5577 4512 4500 13797 4626 34266 8371 5207 6845 4513 6883 15234 5524 7904 4787 12700 8742 7728 7789 4531 10913 8843 4511 6608 6300 7657 17007 71039 9482 11118
internal_value=0.000105408 -0.000623138 0.000221572 -0.000531154 0.000273033 0.00029401 0.000152019 0.000239422 -0.000352717 0.000523184 -0.000534585 -0.000341124 0.000468633 0.000523913 0.000197333 0.000386089 0.000210885 1.75369e-05 -0.00040362 0.000729671 0.000412325 0.000320912 -0.000864437 -0.000100242 0.000231005 0.000263239 0.000964276 0.000211858 0.000118339 -0.000303324
internal_weight=332040 45659 286381 18323 268058 263558 162738 149856 41147 100820 34302 27419 96307 90783 144649 69150 45802 37060 15517 23348 15444 21543 12882 21842 139862 133562 21633 125905 91639 20600
internal_count=332040 45659 286381 18323 268058 263558 162738 149856 41147 100820 34302 27419 96307 90783 144649 69150 45802 37060 15517 23348 15444 21543 12882 21842 139862 133562 21633 125905 91639 20600
is_linear=0
shrinkage=0.05


Tree=70
num_leaves=31
num_cat=0
split_feature=2 0 0 2 7 2 7 4 2 4 7 7 3 0 3 2 9 7 0 7 0 0 7 7 7 9 3 4 7 7
split_gain=7.88742 8.59383 3.47074 7.16334 3.19607 2.48016 4.51838 6.86896 2.17677 2.35327 2.58868 2.04806 2.00894 1.64658 5.05646 3.90807 2.36689 2.22147 1.79368 1.6632 1.58953 2.13536 1.55115 2.0744 1.43593 1.4196 1.41832 1.37324 1.34301 1.30811
threshold=5.5000000000000009 75.500000000000014 48.500000000000007 3.5000000000000004 0.91047063400000006 2.5000000000000004 0.94993144500000015 0.84440490432270965 1.0000000180025095e-35 1.2088914691982777 1.0852959850000004 1.0212551835000003 -8.9285815489999987 75.500000000000014 -7.1114353084999999 3.5000000000000004 19.500000000000004 0.97919752400000004 109.50000000000001 1.0038369515000001 92.500000000000014 115.50000000000001 0.93549484700000007 0.97430084000000006 0.95928635150000019 24.500000000000004 -1.1845730069999998 1.2453562140017023 0.98628077500000011 1.0394500700000002
decision_type=2 2 2 2 2 2 2 10 2 8 2 2 2 2 2 2 2 2 2 2 2 2 2 2 2 2 2 10 2 2
left_child=2 -2 3 4 12 6 -4 -8 9 -6 -11 20 -1 14 19 -16 17 -15 27 -7 -3 25 -10 24 -24 -22 -19 -18 -9 -25
right_child=1 11 5 -5 8 13 7 28 22 10 -12 -13 -14 16 15 -17 18 26 -20 -21 21 -23 23 29 -26 -27 -28 -29 -30 -31
leaf_value=-0.0015435642865711224 -0.0016715477738479272 -0.0011700035111611531 0.002364386429659417 -0.0023306668595012266 0.0010502400229670278 7.7909965869809943e-05 -0.0017583138852764601 -0.00016029599344752444 0.00097590179438979846 -0.00070467035842804843 0.00092455520202710411 0.00063763080307532762 -0.00013424842690568759 0.002510367950693552 -0.00022967024213231416 -0.0029008544126984961 0.00032115556122792904 -0.00031314693990982482 -0.0014990655149815459 0.001296337010070973 0.00034974022916449432 -0.0023198725433562287 -0.00028210775599057155 0.00057032779455503258 -0.0019333963975439704 -0.0010407170251768051 0.001445531846060698 0.0021542603480983291 0.001219409409406254 -0.00018023343321721408
leaf_weight=5683 4787 5934 9214 4894 32739 13557 4606 4821 4974 9486 7592 9511 10228 6078 9192 5083 33366 4500 6388 9015 14113 5048 6101 21866 4660 5911 8061 4908 30046 29726
leaf_count=5683 4787 5934 9214 4894 32739 13557 4606 4821 4974 9486 7592 9511 10228 6078 9192 5083 33366 4500 6388 9015 14113 5048 6101 21866 4660 5911 8061 4908 30046 29726
internal_value=0.000108072 -0.000504977 0.000204924 2.42474e-05 9.33791e-05 0.00037238 0.000665099 0.000432266 0.000183698 0.000434246 -4.15616e-05 -0.000268126 -0.000571437 0.000230048 -3.56831e-05 -0.000772059 0.000384719 0.000857917 0.000187163 0.000430084 -0.000464996 -0.000290704 -1.70777e-06 -6.95178e-05 -0.000700817 -5.89144e-05 0.000477877 0.000316623 0.000672029 6.22131e-05
internal_weight=332088 45304 286784 137949 133055 148835 48687 39473 117144 49817 17078 40517 15911 100148 36847 14275 63301 18639 44662 22572 31006 25072 67327 62353 10761 20024 12561 38274 34867 51592
internal_count=332088 45304 286784 137949 133055 148835 48687 39473 117144 49817 17078 40517 15911 100148 36847 14275 63301 18639 44662 22572 31006 25072 67327 62353 10761 20024 12561 38274 34867 51592
is_linear=0
shrinkage=0.05


Tree=71
num_leaves=31
num_cat=0
split_feature=0 2 0 0 2 8 0 8 8 7 7 4 7 8 2 7 7 8 9 8 7 7 8 7 8 7 7 4 8 8
split_gain=8.7861 6.20722 10.2741 4.25137 10.8025 3.74211 2.85499 2.82771 3.06196 2.47005 2.62054 2.13714 2.04927 2.22974 3.13894 4.81082 2.99151 2.50149 1.80848 1.77654 1.90675 3.67696 2.89439 2.20497 2.27843 2.80415 6.27403 5.00529 4.29403 4.21965
threshold=117.50000000000001 6.5000000000000009 89.500000000000014 67.500000000000014 4.5000000000000009 0.82440334850000008 36.500000000000007 0.85802784950000011 0.90015274200000006 1.2523208980000002 1.2082677355000002 1.3951014835576214 1.1496716780000003 1.3243624265000002 1.5000000000000002 1.0951090540000001 0.8943654055000001 1.4361150800000002 14.500000000000002 1.2957820940000002 1.0999404950000002 1.0654558240000001 1.1611543400000002 1.0517352690000001 0.99996303200000003 1.0183233475000002 1.0394500700000002 1.1289813850102288 1.1535191605000004 1.1557926060000001
decision_type=2 2 2 2 2 2 2 2 2 2 2 10 2 2 2 2 2 2 2 2 2 2 2 2 2 2 2 10 2 2
left_child=1 3 -3 4 5 6 -1 -7 -9 10 12 -5 13 16 15 17 -10 -15 -14 20 21 23 -23 24 -18 27 28 29 -27 -26
right_child=-2 2 -4 11 -6 7 -8 8 9 -11 -12 -13 18 14 -16 -17 19 -19 -20 -21 -22 22 -24 -25 25 26 -28 -29 -30 -31
leaf_value=-0.0016057700108902031 -0.0032086002738488592 -0.001503623109778325 -0.00025287599691293036 0.00062160201695394602 -0.0023359665326562018 0.0017465604414761264 0.00012401515317358436 -0.00093022411243014419 -0.00095031442445600274 0.0020121848037758781 -0.0014909164052431701 0.0030833718395845318 6.9936567433840586e-05 9.6972530957892337e-05 -0.0012784315917782185 -0.0011532372819150474 0.0010544377875762894 0.0020402227333773232 0.0016718319656584399 0.0018429107802605126 0.0013369911599014983 -0.0019739180745360942 2.7323726923511764e-05 0.0018758886276509853 0.00061987365419073159 0.00041883271776683908 -0.0010034489981357278 -0.0015075327750745998 0.003567787194762099 -0.00099314234588855936
leaf_weight=6211 4862 4549 18497 106795 6232 5553 4979 8571 5904 5242 5214 7189 4505 5717 8363 6374 20948 4537 7340 4893 8027 4810 6156 5556 23139 5201 5209 7551 4691 9399
leaf_count=6211 4862 4549 18497 106795 6232 5553 4979 8571 5904 5242 5214 7189 4505 5717 8363 6374 20948 4537 7340 4893 8027 4810 6156 5556 23139 5201 5209 7551 4691 9399
internal_value=9.72854e-05 0.000128637 -0.000662444 0.000188557 4.39246e-05 0.000113257 -0.000772666 0.000170614 0.00013376 0.00018346 0.000146999 0.000430042 0.000185741 0.000130972 -0.000295847 0.000101605 0.000226659 0.000772005 0.000816456 0.00028792 0.000242671 0.000178601 -0.000680886 0.000294006 0.00022379 5.52588e-05 0.00063584 -0.000163491 0.00137516 0.000105706
internal_weight=332214 327352 23046 304306 190322 184090 11190 172900 167347 158776 153534 113984 148320 136475 24991 16628 111484 10254 11845 105580 100687 92660 10966 81694 76138 55190 15101 40089 9892 32538
internal_count=332214 327352 23046 304306 190322 184090 11190 172900 167347 158776 153534 113984 148320 136475 24991 16628 111484 10254 11845 105580 100687 92660 10966 81694 76138 55190 15101 40089 9892 32538
is_linear=0
shrinkage=0.05


Tree=72
num_leaves=31
num_cat=0
split_feature=0 3 8 7 7 3 4 9 0 8 0 3 0 7 3 7 7 4 8 4 4 9 8 7 4 7 8 8 5 0
split_gain=8.53303 5.14868 3.4279 2.83334 4.62677 3.34671 2.86545 2.54568 1.96568 1.68069 2.23338 1.58583 2.45935 1.56449 3.23411 2.4846 3.2905 1.3888 2.18034 3.51411 3.51186 1.37711 1.554 2.50683 1.21174 6.10867 7.30692 1.96658 3.54111 1.50186
threshold=117.50000000000001 16.809247325000005 1.3380145900000002 1.0801551885000003 1.0934611560000003 -11.582993547999999 0.25619123725046894 4.5000000000000009 101.50000000000001 1.0216345210000002 84.500000000000014 9.5860574435000014 58.500000000000007 1.0629679565000003 -3.8276255669999997 1.0527773555000002 1.0473717320000002 1.164118642973458 1.3938727930000001 0.93343866468483183 0.93946759895606491 54.500000000000007 1.2592987655000003 1.0142381880000002 0.56244610137483664 0.89040702000000016 0.94862549100000015 1.1318326185000003 10.500000000000002 46.500000000000007
decision_type=2 2 2 2 2 2 8 2 2 2 2 2 2 2 2 2 2 10 2 10 10 2 2 2 10 2 2 2 2 2
left_child=1 3 8 6 -5 -6 -1 -8 9 -3 -11 12 17 15 -15 16 21 18 20 -20 -7 22 24 -24 25 -9 -27 -26 -29 -30
right_child=-2 2 -4 4 5 11 7 13 -10 10 -12 -13 -14 14 -16 -17 -18 -19 19 -21 -22 -23 23 -25 27 26 -28 28 29 -31
leaf_value=-0.0012375268561543487 -0.0031552350953223882 0.0022997142844033381 0.0025817944457778783 0.002394800439989111 -0.00091891053213330953 0.00053652834272746044 -0.00085190009421819114 0.0011407610451933546 -0.00030813978348379371 -0.00019171859585258628 0.0020088002317763718 -0.00052120983927308637 0.0018934520178302671 0.0005796557552462774 -0.0013664858608558683 0.0014197962111129785 -0.001787372327002156 0.0013311431892372434 -0.00026984736382893495 0.0030539265562609763 -0.0016599207290187352 0.0011767141029728932 0.0015911778131209168 -0.00031532565118661378 0.00018364077754416094 -0.0020119631152966558 7.2088977621667029e-05 -0.0020644039456825013 -0.00067237499904886251 0.00071774917390403283
leaf_weight=5557 4814 7643 11051 10123 7453 6721 16460 4909 11226 10719 5089 7194 8484 5524 6686 8603 4899 5340 5685 4616 4735 7973 7539 6267 111742 6094 8517 5213 7206 7742
leaf_count=5557 4814 7643 11051 10123 7453 6721 16460 4909 11226 10719 5089 7194 8484 5524 6686 8603 4899 5340 5685 4616 4735 7973 7539 6267 111742 6094 8517 5213 7206 7742
internal_value=9.03178e-05 0.000121096 0.000613124 4.1097e-05 0.000344705 0.00014811 -4.18445e-05 -1.29073e-05 0.000368635 0.00062905 0.000334535 0.00031849 0.000455376 3.65477e-05 -0.000511666 7.24123e-05 3.23124e-05 0.000222677 4.52626e-05 0.000572967 -0.000429282 6.84732e-05 3.74925e-05 0.000545218 -8.81588e-06 -0.00037644 -0.000889094 4.56001e-05 -0.000408856 -1.73876e-05
internal_weight=331824 327010 45728 281282 60351 50228 220931 215374 34677 23451 15808 42775 35581 198914 12210 186704 178101 27097 21757 10301 11456 173202 165229 13806 151423 19520 14611 131903 20161 14948
internal_count=331824 327010 45728 281282 60351 50228 220931 215374 34677 23451 15808 42775 35581 198914 12210 186704 178101 27097 21757 10301 11456 173202 165229 13806 151423 19520 14611 131903 20161 14948
is_linear=0
shrinkage=0.05


Tree=73
num_leaves=31
num_cat=0
split_feature=0 3 6 5 7 7 0 4 3 7 7 3 5 4 7 5 4 7 4 7 7 9 6 6 3 7 0 7 7 7
split_gain=9.24226 4.54813 3.76018 2.94769 2.31046 2.3013 1.76574 2.47816 2.48923 2.31002 2.60387 1.80245 3.1636 2.35518 1.77532 2.10111 1.74994 1.73138 1.67818 1.31391 3.70427 1.52892 1.59825 1.48467 1.46184 1.41712 1.29825 1.18569 3.30292 3.2065
threshold=117.50000000000001 46.633597832000007 2.5000000000000004 11.500000000000002 0.8943654055000001 1.1092861080000003 88.500000000000014 0.86794185012195324 -1.4567015104999996 0.83895903800000016 0.89040702000000016 -12.024442542499999 5.5000000000000009 0.76303206761758635 1.0485333710000002 7.5000000000000009 0.68746587859812014 0.98009628400000015 0.63312286171054521 0.95332521050000008 0.96032202150000012 8.5000000000000018 1.5000000000000002 1.5000000000000002 16.338331983000003 0.94314624850000006 102.50000000000001 0.99391202600000017 0.97536380700000014 1.0000053235000002
decision_type=2 2 2 2 2 2 2 10 2 2 2 2 2 10 2 2 8 2 10 2 2 2 2 2 2 2 2 2 2 2
left_child=1 2 3 5 -5 6 7 9 -9 -1 -11 12 -12 -14 15 17 -7 -13 -6 25 -21 22 -22 24 27 -20 -8 28 -23 -29
right_child=-2 -3 -4 4 18 16 26 8 -10 10 11 14 13 -15 -16 -17 -18 -19 19 20 21 23 -24 -25 -26 -27 -28 29 -30 -31
leaf_value=-0.0012557299427568879 -0.0035944644583926436 0.0032245653362972942 -0.0013852465020088858 -0.00049576800456720583 -0.00068737871122334865 0.0017730154930795444 0.00079425856870351174 -0.0019463719701897275 -0.00042579287728687946 0.00092453374225102123 -0.0012075856301508705 -0.00071798214322220193 -0.00046113018685657635 0.0011895527751607498 -0.00065424175035968537 0.0014814144027501281 0.00015546347680874448 0.00080898945963092477 0.00063366280773653554 -0.0012778804809068689 -0.0013187201562886769 -0.0002586925831829475 0.00046049537222189372 -0.0010055382362897888 0.0014175870750429839 0.0021442227785181075 -0.00037258188578559242 -0.0014526062302593935 0.0018925146032141183 0.00041982944991093851
leaf_weight=4847 4839 8503 6340 12451 4810 5264 9326 7925 14001 5958 7457 6389 18223 4810 6025 7163 11142 6643 18261 4749 5411 8001 5296 4786 27293 5971 6662 6271 11271 75827
leaf_count=4847 4839 8503 6340 12451 4810 5264 9326 7925 14001 5958 7457 6389 18223 4810 6025 7163 11142 6643 18261 4749 5411 8001 5296 4786 27293 5971 6662 6271 11271 75827
internal_value=9.22664e-05 0.000124373 9.39018e-05 0.000118387 0.000241278 -7.3662e-05 -0.000159389 -0.000245902 -0.000707674 -9.58973e-05 -1.45196e-05 -0.000119016 -0.00038039 -9.05025e-05 0.000184938 0.000409654 0.000477119 3.14491e-05 0.000287353 0.000312951 0.00025737 0.000302648 -0.000272125 0.000348772 0.000380942 0.000654372 0.000324517 0.000293465 0.000646366 0.000210589
internal_weight=331915 327076 318573 312233 190398 121835 105429 89441 21926 67515 62668 56710 30490 23033 26220 20195 16406 13032 177947 173137 148905 144156 10707 133449 128663 24232 15988 101370 19272 82098
internal_count=331915 327076 318573 312233 190398 121835 105429 89441 21926 67515 62668 56710 30490 23033 26220 20195 16406 13032 177947 173137 148905 144156 10707 133449 128663 24232 15988 101370 19272 82098
is_linear=0
shrinkage=0.05


Tree=74
num_leaves=31
num_cat=0
split_feature=0 6 5 8 7 7 8 0 4 7 7 8 8 7 4 7 4 5 8 0 8 8 8 7 5 7 9 4 8 8
split_gain=7.11562 4.4292 3.54701 2.86753 3.78095 4.58791 3.50203 2.49178 3.02892 2.45036 8.16753 4.64944 5.41376 2.32448 2.36018 2.11761 2.09418 1.86923 1.45896 2.13347 1.59879 1.63019 1.67789 2.64576 1.42246 1.36177 1.61867 1.34204 2.24992 1.94185
threshold=117.50000000000001 2.5000000000000004 14.500000000000002 0.93834529050000015 0.94667231500000015 0.9726132500000001 0.89296422700000011 66.500000000000014 1.4631902395942171 0.8985102865000002 0.92847607600000004 0.99996303200000003 1.0000014820000003 0.83371487900000008 0.82087882054142336 1.1496716780000003 0.80038028758824831 8.5000000000000018 0.91975546850000012 98.500000000000014 1.1263025625000003 1.1894146140000001 1.3429127405000003 1.1125821150000001 21.500000000000004 0.9700989295000001 19.500000000000004 0.63832095183014004 1.1100206280000002 1.0952802825000003
decision_type=2 2 2 2 2 2 2 2 10 2 2 2 2 2 8 2 10 2 2 2 2 2 2 2 2 2 2 8 2 2
left_child=1 2 3 4 13 -6 -7 15 16 -5 -11 -12 -13 -1 17 -4 -9 -15 19 -18 25 -22 -23 -24 -17 -20 -27 28 -14 -29
right_child=-2 -3 7 9 5 6 -8 8 -10 10 11 12 27 14 -16 24 18 -19 20 -21 21 22 23 -25 -26 26 -28 29 -30 -31
leaf_value=-0.00090111067664596473 -0.0026035683501321781 -0.0014791426769740199 -1.2240979857576735e-05 0.0014994497917459305 -0.0020785958368302157 0.00084668339033835581 -0.0018390009193754303 -0.0006379278949690348 0.0042015219760729488 -0.0021748146441990003 0.0015643211417867287 -0.0020632408914711122 -0.00042343691260796372 0.0010277927423961069 -0.00062854212051292706 0.00050195274818997716 0.0041392570018457878 -2.1135280577714261e-06 0.0015544273897624594 0.0010893100148315705 0.002438377919169437 8.8867832974572471e-05 0.002887182338398288 0.00045363570543882192 0.0021541009650446509 0.0012645145242653152 -0.00074007129614568753 0.00064680175509165079 0.0012408485542066232 -0.00017188545425336584
leaf_weight=6036 4854 6539 59658 5043 7318 6846 5669 7413 4618 6270 14858 4509 6773 8923 7413 6293 5269 7386 5921 7187 6253 11174 4531 4520 4509 5168 12453 17119 14310 56964
leaf_count=6036 4854 6539 59658 5043 7318 6846 5669 7413 4618 6270 14858 4509 6773 8923 7413 6293 5269 7386 5921 7187 6253 11174 4531 4520 4509 5168 12453 17119 14310 56964
internal_value=8.20823e-05 0.000110308 0.000136607 -1.462e-05 -0.00033662 -0.000871307 -0.000289537 0.000319614 0.000521191 0.000112276 6.71729e-05 0.000163396 4.03794e-05 1.98235e-05 0.000242762 0.000106436 0.000439165 0.000578951 0.000533442 0.00101757 0.000412794 0.000679304 0.000460949 0.000966763 0.00075044 0.000112966 -0.000107511 0.000120625 0.000472544 2.04488e-05
internal_weight=331797 326943 320404 175437 49591 19833 12515 144967 74507 125846 120803 114533 99675 29758 23722 70460 69889 16309 62476 12456 50020 26478 20225 9051 10802 23542 17621 95166 21083 74083
internal_count=331797 326943 320404 175437 49591 19833 12515 144967 74507 125846 120803 114533 99675 29758 23722 70460 69889 16309 62476 12456 50020 26478 20225 9051 10802 23542 17621 95166 21083 74083
is_linear=0
shrinkage=0.05


Tree=75
num_leaves=31
num_cat=0
split_feature=0 5 6 3 8 5 0 7 7 7 7 3 3 7 9 6 0 8 7 9 8 8 8 8 7 7 7 5 7 0
split_gain=5.30053 3.51577 2.55552 1.85936 1.75114 1.61994 3.15286 1.86275 4.34013 1.70659 1.6837 3.26156 1.86378 2.02116 1.77575 1.19391 2.72431 1.8255 2.54322 1.09636 0.942782 4.75191 2.26206 2.50725 2.24327 3.48674 3.19486 2.09082 2.08382 4.78724
threshold=117.50000000000001 18.500000000000004 2.5000000000000004 49.624655780000005 1.6904204555000002 4.5000000000000009 16.500000000000004 1.1659978160000002 1.2025225330000002 1.071862928 1.0934611560000003 -4.8256039429999991 -11.582993547999999 1.1144229290000003 20.500000000000004 1.0000000180025095e-35 62.500000000000007 0.9749352160000001 1.0654558240000001 4.5000000000000009 1.0441878835000002 1.0663997850000002 0.9749352160000001 0.93834529050000015 0.97919752400000004 0.93454038750000012 1.0000053235000002 12.500000000000002 0.95716687150000013 75.500000000000014
decision_type=2 2 2 2 2 2 2 2 2 2 2 2 2 2 2 2 2 2 2 2 2 2 2 2 2 2 2 2 2 2
left_child=1 2 4 15 5 6 -1 9 -9 19 11 -11 -12 -14 -15 -3 -17 -18 -19 -7 22 -22 23 28 25 -24 -26 -23 -21 -30
right_child=-2 3 -4 -5 -6 7 -8 8 -10 10 12 -13 13 14 -16 16 17 18 -20 20 21 27 24 -25 26 -27 -28 -29 29 -31
leaf_value=2.9990735026371906e-05 -0.0022340297639425414 0.00074489159178727112 -0.0013974973148986308 0.0028904007544311725 0.0011786021869417346 -0.0008996950520216312 -0.0011338760135100091 -0.0022238492183429348 0.00062660746016740207 0.0038453317382475937 -0.0010151222306759096 0.00038729482340983602 -0.00035436955782364572 0.00029113664004002076 0.0021596420125289256 -0.00080905074960190785 0.0023259298182509579 -0.001140265430475567 0.0022941425475890846 0.00020529361831279444 0.0022794358385258054 -0.00036149936977587809 -0.0011163437464213725 0.0011134313273869175 -0.0017687687432281635 0.00089230295123606017 -4.9022924377949123e-05 0.00053449885972245241 -0.001622288444156761 0.00051371997262528028
leaf_weight=17308 4869 52721 6001 5955 5106 7053 8464 5028 6240 4666 4532 7116 7034 5974 5365 8784 6581 6481 4527 33005 6248 27500 4544 12994 8326 6919 7507 27157 8157 10035
leaf_count=17308 4869 52721 6001 5955 5106 7053 8464 5028 6240 4666 4532 7116 7034 5974 5365 8784 6581 6481 4527 33005 6248 27500 4544 12994 8326 6919 7507 27157 8157 10035
internal_value=7.64145e-05 0.000100784 3.6942e-06 0.000377349 2.95834e-05 9.34368e-06 -0.000364278 5.62306e-05 -0.000568615 9.25122e-05 0.000410325 0.000895902 0.00016041 0.000384427 0.000797338 0.000313152 3.84792e-05 0.000397579 3.63226e-06 2.33617e-05 5.1576e-05 0.00020399 -4.98949e-05 0.000112235 -0.00043112 0.000101587 -0.000816706 5.46085e-05 -4.52129e-05 -0.000474803
internal_weight=332197 327328 242279 85049 236278 231172 25772 205400 11268 194132 34687 11782 22905 18373 11339 79094 26373 17589 11008 159445 152392 60905 91487 64191 27296 11463 15833 54657 51197 18192
internal_count=332197 327328 242279 85049 236278 231172 25772 205400 11268 194132 34687 11782 22905 18373 11339 79094 26373 17589 11008 159445 152392 60905 91487 64191 27296 11463 15833 54657 51197 18192
is_linear=0
shrinkage=0.05


Tree=76
num_leaves=31
num_cat=0
split_feature=2 0 4 7 0 2 3 0 0 2 3 7 7 7 7 7 7 7 7 7 7 4 5 5 4 7 2 7 7 7
split_gain=6.95957 5.96844 3.31042 2.49798 2.28254 7.55861 2.97381 2.25425 1.55625 2.51453 3.54427 2.65849 2.90196 2.5012 2.44929 2.2736 2.55558 4.99046 2.38406 2.09876 2.00762 2.56899 1.98882 1.71101 1.6673 1.52702 1.51902 1.42777 1.67763 1.41769
threshold=5.5000000000000009 85.500000000000014 0.3422227397364791 0.9726132500000001 41.500000000000007 2.5000000000000004 -9.5201824899999981 110.50000000000001 87.500000000000014 3.5000000000000004 -25.805010077499997 0.91977347650000008 0.89040702000000016 1.0731915865000003 1.0934611560000003 1.0445113095 1.0116805640000002 0.99967947350000008 0.98708003850000015 1.0896763150000002 0.94993144500000015 0.90884395598582868 11.500000000000002 14.500000000000002 1.2453562140017023 1.0452659895000003 1.5000000000000002 1.0463138475000002 0.95619744050000011 1.1496716780000003
decision_type=2 2 10 2 2 2 2 2 2 2 2 2 2 2 2 2 2 2 2 2 2 10 2 2 10 2 2 2 2 2
left_child=2 -2 3 -1 5 29 -7 8 9 11 -11 12 -6 15 27 16 17 18 26 -15 -12 22 -22 -23 -21 -3 -13 28 -10 -4
right_child=1 25 4 -5 7 6 -8 -9 14 10 20 13 -14 19 -16 -17 -18 -19 -20 24 21 23 -24 -25 -26 -27 -28 -29 -30 -31
leaf_value=-0.0017227744450033775 -0.0014120133708646354 -0.0006220985550838005 7.0639004753980642e-05 -9.6638446224892871e-05 0.00045154654101141908 -0.00097902139505783828 -0.0025887463072540012 -0.0010634915707928661 0.0019458465992989494 0.00095787262357935527 -0.0011550387805708841 -0.00074604953021580988 0.0021481046638943974 0.0034825263035659793 -0.00033236239831457322 -0.00097214248261543595 0.0013899545074156849 -0.0017868691977165358 0.0018698970870095928 0.00023873167355240748 -0.0003668222664181312 -0.0023477905291978979 0.0016675059351235607 -0.00026312200298171532 0.0018296095253760127 0.0011386927775660204 0.0004745886215374842 0.0026227268039764225 0.00061550743649278913 0.00091840380792016386
leaf_weight=5181 8707 31047 83357 8080 6200 5004 4586 9005 8510 8540 5049 5302 4585 4565 8275 8857 11789 5445 4604 14106 4840 4544 4697 4634 6419 5651 13240 7063 17221 13187
leaf_count=5181 8707 31047 83357 8080 6200 5004 4586 9005 8510 8540 5049 5302 4585 4565 8275 8857 11789 5445 4604 14106 4840 4544 4697 4634 6419 5651 13240 7063 17221 13187
internal_value=6.25952e-05 -0.000512552 0.00015363 -0.000617744 0.000191025 9.61023e-06 -0.00132882 0.000305979 0.000349707 0.000257024 -0.000118543 0.000399568 0.00113299 0.000293077 0.000614623 8.6004e-05 0.000245141 -1.03159e-05 0.000310138 0.000699343 -0.000432496 -0.000193643 0.000380948 -0.000790591 0.000483439 -0.000233223 5.71523e-05 0.000808561 0.000635491 0.000142622
internal_weight=332290 45405 286885 13261 273624 106134 9590 167490 158485 117416 32304 85112 10785 74327 41069 49237 40380 28591 23146 25090 23764 18715 9537 9178 20525 36698 18542 32794 25731 96544
internal_count=332290 45405 286885 13261 273624 106134 9590 167490 158485 117416 32304 85112 10785 74327 41069 49237 40380 28591 23146 25090 23764 18715 9537 9178 20525 36698 18542 32794 25731 96544
is_linear=0
shrinkage=0.05


Tree=77
num_leaves=31
num_cat=0
split_feature=2 0 8 0 7 4 8 2 8 0 8 8 8 8 7 8 0 8 8 8 8 7 8 7 9 7 4 8 9 8
split_gain=5.6601 10.1377 6.06627 3.10203 3.13125 4.27758 4.07463 3.01696 2.59993 2.57175 2.52437 5.40207 2.18223 2.4513 2.08848 2.9205 2.06542 2.04213 5.10299 1.7213 3.24257 3.18002 2.47127 1.67982 5.84096 3.50828 2.42459 2.09284 1.69517 1.4663
threshold=3.5000000000000004 58.500000000000007 0.96220362650000013 45.500000000000007 0.95113031850000007 0.84139536797606307 1.5646987590000003 6.5000000000000009 0.78344438100000013 91.500000000000014 0.98629535150000003 1.0472232010000002 1.0952802825000003 1.1478995315000002 0.87473695000000007 0.85802784950000011 60.500000000000007 0.87945863200000007 0.98186433550000007 0.91580697650000009 0.94434546000000008 0.93036914000000015 0.98818925650000011 0.97346863700000008 19.500000000000004 0.99019905000000008 0.85606651498690589 0.96036754150000014 8.5000000000000018 0.85095842600000016
decision_type=2 2 2 2 2 10 2 2 2 2 2 2 2 2 2 2 2 2 2 2 2 2 2 2 2 2 10 2 2 2
left_child=3 2 -2 8 17 16 10 23 -1 -9 -7 -12 -13 -14 -10 -16 -6 -5 -19 -17 -21 -22 -23 24 26 -25 -3 29 -27 -26
right_child=1 7 -4 4 5 6 -8 9 14 -11 11 12 13 -15 15 19 -18 18 -20 20 21 22 -24 25 27 28 -28 -29 -30 -31
leaf_value=-0.001227580072331328 -0.0029393370631453928 0.0017470383796797343 -0.00086746411825858866 0.0020135967616055103 7.6641754556628727e-05 0.0024384129427418083 0.0033456462801404311 -0.001075650184444015 -0.0010066150013638504 -0.00048449710777705266 -0.0012165064252815006 0.0021471355523044219 -0.0012118302240863926 0.00074473451631967271 0.0020117994484766151 -0.00077617495324628532 -0.0014122675057893974 -0.00060206858017168303 0.0017767547755431013 0.0022869530395117198 -0.001518157002507939 0.0021795312275803233 0.00011052493816115257 0.0024643399428171437 -0.0014028780244614554 -0.0012078863784219867 -9.1766471671063008e-05 -0.0015313433817908206 0.00041126950326398818 0.00017060310102760283
leaf_weight=4576 4516 5059 6546 7013 6525 6923 5715 4656 4643 20184 5883 4525 5639 33706 4791 7192 5726 4903 7360 4872 6114 5793 87853 6345 4742 5392 5509 4778 39334 5505
leaf_count=4576 4516 5059 6546 7013 6525 6923 5715 4656 4643 20184 5883 4525 5639 33706 4791 7192 5726 4903 7360 4872 6114 5793 87853 6345 4742 5392 5509 4778 39334 5505
internal_value=7.7154e-05 -0.000211155 -0.00164814 0.000224839 0.000442277 0.000295524 0.000463251 -5.44777e-05 6.25404e-05 -0.000533306 0.000334857 0.000210318 0.00040114 0.000281449 0.00010671 0.000148131 -0.000558502 0.00101032 0.000620721 9.63079e-05 0.000147749 8.62028e-05 0.000158354 0.000100693 -0.000229901 0.000266368 0.000670576 -0.000863273 0.000110215 -0.00045991
internal_weight=332318 112566 11062 219752 93918 74642 62391 101504 125834 24840 56676 49753 43870 39345 121258 116615 12251 19276 12263 111824 104632 99760 93646 76664 25593 51071 10568 15025 44726 10247
internal_count=332318 112566 11062 219752 93918 74642 62391 101504 125834 24840 56676 49753 43870 39345 121258 116615 12251 19276 12263 111824 104632 99760 93646 76664 25593 51071 10568 15025 44726 10247
is_linear=0
shrinkage=0.05


Tree=78
num_leaves=31
num_cat=0
split_feature=0 2 0 8 0 8 8 2 8 8 2 8 8 8 8 0 8 8 0 0 8 8 8 5 3 0 8 8 3 8
split_gain=5.51307 3.56753 12.0463 6.46839 3.01035 3.52544 3.33823 4.91404 3.9042 2.58433 2.31911 2.13546 2.1175 4.46635 1.95789 1.6074 1.56999 1.21879 2.2135 1.55025 2.6745 1.17569 1.55625 1.17526 2.99001 4.34095 2.13131 2.25005 2.14346 1.96208
threshold=117.50000000000001 3.5000000000000004 59.500000000000007 0.95800982700000004 43.500000000000007 0.80377605800000007 0.91975546850000012 2.5000000000000004 1.5535672370000002 0.95800982700000004 7.5000000000000009 0.85802784950000011 0.99996303200000003 1.0299972105000001 0.91580697650000009 105.50000000000001 0.94434546000000008 1.4213440125000003 97.500000000000014 59.500000000000007 1.1100206280000002 1.134337616 1.1894146140000001 18.500000000000004 -12.482722382999997 78.500000000000014 0.9749352160000001 0.92233349500000006 -32.422926974499994 1.2188603910000002
decision_type=2 2 2 2 2 2 2 2 2 2 2 2 2 2 2 2 2 2 2 2 2 2 2 2 2 2 2 2 2 2
left_child=1 4 3 -3 5 -1 7 -6 9 -8 23 -7 -11 -14 -13 -12 -16 18 19 20 -15 -21 -23 24 26 -26 27 28 -4 -25
right_child=-2 2 10 -5 6 11 8 -9 -10 12 15 14 13 17 16 -17 -18 -19 -20 21 -22 22 -24 29 25 -27 -28 -29 -30 -31
leaf_value=-0.0012352066982320668 -0.0024399205818867752 -0.0026787826783757386 -0.00029355128000299098 -0.00086649005878556933 0.0030711052231202716 0.0013925685677918763 -0.0011764404890055788 0.00028655877536610944 0.0023693709258766683 0.0019841414862195816 -0.0010679335419077009 -0.00085107760813642706 -0.0011287048930847773 0.0018042825822747778 0.0014892246807041423 -0.00028112085955226237 0.00010330010807283201 -0.00043549766730605625 -0.001087875773902146 0.0002553766162771062 -0.0002179456795084737 0.0023417738365373044 0.0010923137695746851 0.00040792839853684497 -0.002380357498701224 -7.0408929796403073e-05 -0.00018189849417157391 0.0026093315106602653 0.0012385316172150251 0.0029540029117457525
leaf_weight=5453 4844 4652 7475 7098 6660 5242 4553 6996 7330 5863 4646 7876 6459 4602 5233 6234 97427 6792 4712 8773 14831 5182 15168 18991 5618 20446 15593 5138 7763 4528
leaf_count=5453 4844 4652 7475 7098 6660 5242 4553 6996 7330 5863 4646 7876 6459 4602 5233 6234 97427 6792 4712 8773 14831 5182 15168 18991 5618 20446 15593 5138 7763 4528
internal_value=7.94443e-05 0.000104235 -0.000130699 -0.00164185 0.000220208 5.36559e-05 0.000426394 0.00115145 0.000308829 0.00020373 5.35066e-05 0.000112193 0.000276431 0.000196095 6.54058e-05 -0.0006339 0.000123703 0.000330475 0.000410903 0.000511316 0.000165398 0.00074207 0.000950627 0.000140959 2.68386e-05 -0.000380912 0.000322316 0.000658947 0.000353605 0.000441889
internal_weight=332178 327334 108182 11750 219152 121231 97921 13656 84265 76935 96432 115778 72382 66519 110536 10880 102660 60060 53268 48556 19433 29123 20350 85552 62033 26064 35969 20376 15238 23519
internal_count=332178 327334 108182 11750 219152 121231 97921 13656 84265 76935 96432 115778 72382 66519 110536 10880 102660 60060 53268 48556 19433 29123 20350 85552 62033 26064 35969 20376 15238 23519
is_linear=0
shrinkage=0.05


Tree=79
num_leaves=31
num_cat=0
split_feature=1 3 2 4 1 1 1 2 3 2 1 3 7 3 7 1 3 2 4 7 4 7 9 2 4 5 9 4 7 5
split_gain=6.05304 3.49829 3.49633 2.15299 3.08956 1.72508 1.56398 7.9715 4.75345 2.21396 3.64134 2.04762 1.9077 1.64577 2.31328 1.54842 1.50858 3.76202 2.33522 1.3284 2.57944 1.92998 2.20144 1.60748 1.50048 1.46357 1.25093 2.62452 2.13566 1.89779
threshold=2.5000000000000004 16.338331983000003 7.5000000000000009 0.3422227397364791 113.50000000000001 20.500000000000004 48.500000000000007 4.5000000000000009 -26.861442601499999 2.5000000000000004 78.500000000000014 -7.1114353084999999 0.96428644550000009 -12.712897638499998 0.95113031850000007 14.500000000000002 25.835106967000005 2.5000000000000004 1.4631902395942171 1.0866460510000002 1.1366125403974856 0.95716687150000013 23.500000000000004 1.0000000180025095e-35 1.0697713457918028 8.5000000000000018 18.500000000000004 0.62795627275391319 0.99391202600000017 13.500000000000002
decision_type=2 2 2 8 2 2 2 2 2 2 2 2 2 2 2 2 2 2 10 2 8 2 2 2 10 2 2 10 2 2
left_child=-1 2 3 4 -2 -3 26 8 -8 13 11 12 -11 14 -10 -4 -7 18 -18 20 25 -22 -23 -21 -25 -15 28 -28 -5 -30
right_child=1 5 15 6 -6 16 7 -9 9 10 -12 -13 -14 19 -16 -17 17 -19 -20 23 21 22 -24 24 -26 -27 27 -29 29 -31
leaf_value=-0.0023254489095981246 -0.0014433074417048342 5.0626791564396914e-05 -0.00082857723709660368 0.0016157979645787083 0.00037422443888192965 0.0016184425910912741 0.0015699615005149228 -0.0017987376143535985 0.00041034490625317709 -0.00047185831943728871 -0.0017831737815287335 -0.00080442624209343299 0.0011032510003380104 -0.00027209509308744523 -0.00094679264586050669 -0.00094922073550301935 -0.0017006632612766668 0.0022945632083911419 0.001088044788611176 0.0012202482974855754 0.00044769525980855565 -0.0004566426964502003 -0.0013917712449567285 0.00070801047244894381 -0.00055635654524935829 0.00046286431130643452 -0.0011000939623456039 0.00032560976796086778 -0.00086812150541630605 0.0015665594884347333
leaf_weight=4842 5480 14936 5614 12884 5347 15705 6464 8051 5057 4732 8762 10483 9608 15522 8219 4745 4504 6487 5341 14150 5160 10618 4828 9810 7122 46674 4509 54256 6763 5655
leaf_count=4842 5480 14936 5614 12884 5347 15705 6464 8051 5057 4732 8762 10483 9608 15522 8219 4745 4504 6487 5341 14150 5160 10618 4828 9810 7122 46674 4509 54256 6763 5655
internal_value=5.39822e-05 7.99413e-05 1.30653e-05 4.76388e-05 -0.000643002 0.000479267 7.64852e-05 -8.55828e-06 6.54552e-05 1.19753e-05 -0.000349062 -3.96728e-05 0.000348554 0.000107341 -0.000419396 -0.00088817 0.000686131 0.000349514 -0.000266497 0.000168761 6.41252e-05 -0.000420649 -0.000700278 0.000447454 0.000118675 0.000224755 0.000253771 0.000127191 0.000547675 7.96911e-05
internal_weight=332328 327486 280513 270154 10827 46973 259327 175260 167209 160745 33585 24823 14340 127160 13276 10359 32037 16332 9845 113884 82802 20606 15446 31082 16932 62196 84067 58765 25302 12418
internal_count=332328 327486 280513 270154 10827 46973 259327 175260 167209 160745 33585 24823 14340 127160 13276 10359 32037 16332 9845 113884 82802 20606 15446 31082 16932 62196 84067 58765 25302 12418
is_linear=0
shrinkage=0.05


Tree=80
num_leaves=31
num_cat=0
split_feature=1 2 3 1 4 2 1 2 9 2 9 3 4 3 7 7 7 7 1 4 1 9 7 7 3 1 7 7 7 5
split_gain=5.7291 3.54089 2.4285 2.23261 2.01938 3.53314 1.426 4.29782 2.09556 1.82585 3.46069 2.31722 2.54199 2.21392 2.96466 6.07161 1.83377 1.81571 1.80351 1.71058 4.99187 2.64595 1.62426 1.60988 2.92874 1.51906 1.47922 1.72318 1.46139 1.3463
threshold=2.5000000000000004 7.5000000000000009 46.633597832000007 15.500000000000002 0.3422227397364791 1.0000000180025095e-35 72.500000000000014 2.5000000000000004 12.500000000000002 3.5000000000000004 19.500000000000004 -10.917845775499998 0.6785940134479117 26.715604215000003 1.0692156960000003 1.0463138475000002 0.95516812250000005 0.9953402065000001 59.500000000000007 0.85903235413321954 35.500000000000007 20.500000000000004 1.0116805640000002 0.9726132500000001 1.0010019865000002 54.500000000000007 1.1496716780000003 1.1277034765000002 0.94993144500000015 8.5000000000000018
decision_type=2 2 2 2 8 2 2 2 2 2 2 2 10 2 2 2 2 2 2 10 2 2 2 2 2 2 2 2 2 2
left_child=-1 2 4 -3 5 -2 9 26 -9 10 17 12 -12 14 15 16 -13 -6 19 29 23 -22 25 24 -21 -18 27 -8 -14 -11
right_child=1 3 -4 -5 6 -7 7 8 -10 18 11 13 28 -15 -16 -17 22 -19 -20 20 21 -23 -24 -25 -26 -27 -28 -29 -30 -31
leaf_value=-0.0023746566532788205 0.00032077966893608988 -0.00052429027726281986 0.0026029955603776005 -0.0009724359173337862 0.002467793730100662 -0.0015804096422285343 9.9750179969612305e-05 -0.0018772390098172947 -0.00060053429856226205 0.0011378282047618371 0.0010628125634683369 0.0015893310679838384 9.253020594171237e-05 -0.00056105904309274458 0.0018535722813034475 -0.0022157025783321677 0.00061668334904606877 0.0011798128970572867 -0.00090183655375476203 0.00089752689149851482 -0.0024845564546163391 -0.00038888314805463731 0.0013384574230940027 0.00086827054383043693 -0.0020975607363797667 -0.00099995445457908591 0.0007506511354236048 -0.0010369261171386166 -0.0010934469378125046 0.00025811986893491069
leaf_weight=4835 5827 6595 8391 4536 4549 4918 91002 6892 8198 10748 4526 8008 4552 8250 15125 4541 6034 6703 7208 5014 4951 5633 7310 26014 4544 4675 14892 4548 9140 24396
leaf_count=4835 5827 6595 8391 4536 4549 4918 91002 6892 8198 10748 4526 8008 4552 8250 15125 4541 6034 6703 7208 5014 4951 5633 7310 26014 4544 4675 14892 4548 9140 24396
internal_value=7.02883e-05 9.55071e-05 0.000126329 -0.000780801 0.000103471 -0.000569767 0.0001278 -3.18445e-07 -0.000791653 0.000221345 0.000389185 0.000261966 -0.000225539 0.000426615 0.000562716 0.000279332 0.000573717 0.00120458 6.31547e-05 0.000130373 -6.97557e-05 -0.00102276 0.000293775 0.000213902 -0.000340897 -9.84691e-05 0.000107835 3.55818e-05 -0.000565087 0.000393183
internal_weight=332555 327720 316589 11131 308198 10745 297453 125532 15090 171921 83413 72161 18218 53943 45693 30568 26027 11252 88508 81300 46156 10584 18019 35572 9558 10709 110442 95550 13692 35144
internal_count=332555 327720 316589 11131 308198 10745 297453 125532 15090 171921 83413 72161 18218 53943 45693 30568 26027 11252 88508 81300 46156 10584 18019 35572 9558 10709 110442 95550 13692 35144
is_linear=0
shrinkage=0.05


Tree=81
num_leaves=31
num_cat=0
split_feature=2 4 7 7 4 3 8 7 2 7 7 8 8 5 8 7 7 8 8 7 4 7 7 7 7 7 7 7 8 2
split_gain=4.63965 2.95722 2.51447 3.45524 2.87178 4.69242 3.15118 2.75177 2.27562 2.17125 1.48165 1.60291 2.04912 1.47128 1.42859 2.83208 2.90513 4.00797 2.72684 2.6307 2.53924 3.9853 1.34166 4.18591 3.77727 3.87286 1.45465 3.34976 3.10076 2.1941
threshold=4.5000000000000009 1.2297504172796854 0.88119902450000009 1.0072142665000003 0.56244610137483664 -14.984457359999999 0.96422299450000015 0.94766751400000004 6.5000000000000009 0.83895903800000016 1.2523208980000002 1.6904204555000002 1.5441749580000004 16.500000000000004 1.4361150800000002 1.1842334040000002 1.1496716780000003 1.3243624265000002 1.2992437430000001 1.0984745745000002 0.80650813903758589 1.0629679565000003 1.0801551885000003 1.0654558240000001 1.0539681675000001 1.0452659895000003 1.0038369515000001 0.99967947350000008 1.1865423385 1.0000000180025095e-35
decision_type=2 10 2 2 10 2 2 2 2 2 2 2 2 2 2 2 2 2 2 2 10 2 2 2 2 2 2 2 2 2
left_child=9 2 -2 4 -4 6 8 -7 -6 -1 11 12 14 -9 15 16 17 18 22 -16 -19 -22 23 24 25 26 27 28 29 -11
right_child=1 -3 3 -5 5 7 -8 13 -10 10 -12 -13 -14 -15 19 -17 -18 20 -20 -21 21 -23 -24 -25 -26 -27 -28 -29 -30 -31
leaf_value=-0.00074041945357483782 0.00066468341104318615 0.0019142994867634034 -0.0012702817984574623 1.5170801494874605e-05 0.0015594491456828161 -0.002770199765017611 -0.0013226010043668043 -0.0019777488336717853 -0.00045006986142156509 0.0009781971342880337 0.001438421770045651 0.0016323800358476383 -0.00075548748882221675 -0.00031122714147637084 0.0028134300243869252 -0.0014061606560146257 0.0021256231686735622 -0.0016902944246906333 0.0018647856390259631 0.00011644920227467316 0.001184008025817875 -0.0014368151709479209 0.00079501312650655037 -0.0012644986195804279 0.0021794701117815517 -0.0015511711526688923 0.00072083006766396785 -0.00099247813142543649 -0.00094427691882152285 0.00016009403044255186
leaf_weight=8037 5686 5342 4633 23856 6493 4639 6045 5484 7135 18110 6737 5037 8734 4565 5053 6466 6552 4511 5983 7097 5751 7792 21761 7946 7223 5721 36394 8399 7668 67356
leaf_count=8037 5686 5342 4633 23856 6493 4639 6045 5484 7135 18110 6737 5037 8734 4565 5053 6466 6552 4511 5983 7097 5751 7792 21761 7946 7223 5721 36394 8399 7668 67356
internal_value=6.02932e-05 -0.000289106 -0.000377438 -0.000468539 -0.000758481 -0.000600739 -9.57921e-05 -0.0012768 0.000325681 0.00016022 0.0001862 0.000165956 0.000147303 -0.00081112 0.00017588 0.000146413 0.000177983 0.000144781 0.000213624 0.000703414 -0.000566476 -0.000224018 0.00017881 0.000128351 0.000187273 0.00013115 0.00018404 8.6815e-05 0.000173075 0.000259503
internal_weight=332206 73878 68536 62850 38994 34361 19673 14688 13628 258328 250291 243554 238517 10049 229783 217633 211167 204615 186561 12150 18054 13543 180578 158817 150871 143648 137927 101533 93134 85466
internal_count=332206 73878 68536 62850 38994 34361 19673 14688 13628 258328 250291 243554 238517 10049 229783 217633 211167 204615 186561 12150 18054 13543 180578 158817 150871 143648 137927 101533 93134 85466
is_linear=0
shrinkage=0.05


Tree=82
num_leaves=31
num_cat=0
split_feature=0 5 2 9 4 0 5 0 0 2 8 8 8 0 4 7 8 8 0 7 7 2 7 7 5 7 7 4 0 4
split_gain=4.33544 2.91821 4.35569 2.19419 2.05321 2.02881 2.00614 1.88113 1.49225 2.38119 2.07127 1.40408 1.17587 1.56261 1.15557 2.12326 2.65829 3.14458 3.09542 2.22588 1.73887 4.01927 2.86609 1.67319 1.27742 1.46217 1.4716 1.22698 1.1302 1.01353
threshold=117.50000000000001 17.500000000000004 6.5000000000000009 3.5000000000000004 0.80038028758824831 5.5000000000000009 2.5000000000000004 91.500000000000014 63.500000000000007 1.5000000000000002 1.3201884320000004 1.1446260655000002 0.93167404300000012 100.50000000000001 0.70396376307749819 1.1053226455000003 1.1970158730000002 1.1022741300000003 47.500000000000007 0.94873068150000017 0.89040702000000016 2.5000000000000004 0.9088738405000002 0.97175424950000011 6.5000000000000009 1.1659978160000002 0.9253556475000001 1.0299876677218076 91.500000000000014 0.77260412676304668
decision_type=2 2 2 2 10 2 2 2 2 2 2 2 2 2 10 2 2 2 2 2 2 2 2 2 2 2 2 10 2 8
left_child=1 2 3 5 -3 29 -5 -4 9 -6 12 -11 13 -10 15 16 17 18 23 -20 21 -16 -22 -8 -24 26 -26 -27 -12 -1
right_child=-2 4 7 6 8 -7 14 -9 10 11 28 -13 -14 -15 20 -17 -18 -19 19 -21 22 -23 24 -25 25 27 -28 -29 -30 -31
leaf_value=0.00057507805622541519 -0.0019591737084842459 -0.00087253024342707835 -0.0010253197264226284 -0.0010145978873182348 0.00050104484112694248 -0.0018522335834016742 -0.00072894909901432626 -0.00070271434719010296 0.0032254404534855976 -0.0011734461844582612 0.0011779785429408363 2.9468279602481352e-05 0.00041156869022031706 0.00050183583253723453 0.0003944949976759551 0.0015304305457126731 -0.00071362286760733289 0.0017387906647663186 0.001270158596104339 0.00016719816224029457 0.0013479635498738702 -0.0016248423340816211 -0.00082760663452316268 0.00067912282245442324 -0.00096078504793283839 -0.0013202435463184393 0.00023904390015961794 1.830729241455939e-06 0.0048167455551071953 -0.00069972792840571367
leaf_weight=5595 4881 4989 4808 4737 29968 5111 11066 13897 4712 5197 5367 6075 31938 5774 4936 4522 7180 4903 8459 7208 4677 4999 7386 6187 4514 4528 101383 5630 4653 6755
leaf_count=5595 4881 4989 4808 4737 29968 5111 11066 13897 4712 5197 5367 6075 31938 5774 4936 4522 7180 4903 8459 7208 4677 4999 7386 6187 4514 4528 101383 5630 4653 6755
internal_value=4.67566e-05 6.88352e-05 -2.93014e-05 3.58948e-05 0.000296064 -0.000500687 8.46248e-05 -0.000760288 0.000348707 0.000123652 0.000525654 -0.000495699 0.000372858 0.000832142 0.000110298 0.000317485 0.000213629 0.000381067 0.000205012 0.000713693 3.59633e-05 -0.000601106 8.53869e-05 -0.000256982 3.93291e-05 7.99157e-05 0.000134889 -0.000492964 0.00117207 -0.000153784
internal_weight=332035 327154 228481 209776 98673 17461 192315 18705 93684 41240 52444 11272 42424 10486 187578 49525 45003 37823 32920 15667 138053 9935 128118 17253 123441 116055 105897 10158 10020 12350
internal_count=332035 327154 228481 209776 98673 17461 192315 18705 93684 41240 52444 11272 42424 10486 187578 49525 45003 37823 32920 15667 138053 9935 128118 17253 123441 116055 105897 10158 10020 12350
is_linear=0
shrinkage=0.05


Tree=83
num_leaves=31
num_cat=0
split_feature=0 2 4 2 0 8 8 8 7 7 8 7 7 7 0 7 0 2 8 7 7 4 0 2 7 7 4 8 8 7
split_gain=3.20362 2.65278 2.48778 2.86006 2.34014 1.7501 3.26942 3.32269 1.96258 4.11173 1.86336 2.00932 2.12572 2.39923 3.62349 2.9095 2.87829 2.09231 1.90288 5.9275 3.77101 1.8038 1.6678 8.56256 2.33039 2.05041 2.92328 2.61327 6.95893 2.93651
threshold=117.50000000000001 7.5000000000000009 0.3422227397364791 1.0000000180025095e-35 104.50000000000001 1.4435879295000003 1.4151254285000003 1.3938727930000001 1.0951090540000001 1.1460201665000003 1.3676441160000004 1.1707504705000003 1.0801551885000003 1.0654558240000001 65.500000000000014 1.0517352690000001 74.500000000000014 1.5000000000000002 1.2554007370000002 1.0934611560000003 1.1125821150000001 1.1806733433601371 73.500000000000014 4.5000000000000009 1.0394500700000002 1.0233017285000001 0.94821113323500628 1.1318326185000003 1.2304387475000003 1.0018835860000002
decision_type=2 2 10 2 2 2 2 2 2 2 2 2 2 2 2 2 2 2 2 2 2 10 2 2 2 2 10 2 2 2
left_child=1 2 3 -1 -3 6 7 10 -7 -10 11 12 13 15 -15 22 -17 21 19 -19 -21 -14 23 24 25 27 -27 29 -29 -4
right_child=-2 4 5 -5 -6 8 -8 -9 9 -11 -12 -13 17 14 -16 16 -18 18 -20 20 -22 -23 -24 -25 -26 26 -28 28 -30 -31
leaf_value=6.3813375733122486e-07 -0.0017712060149769884 -0.00083747246124826454 9.4355073151847441e-05 -0.0014531041411522758 -0.00024528083987071828 0.0018519068506574002 -0.0016112650611567127 0.0021448106475276635 -0.00072609812882022283 0.00094177232788516239 -0.00084501551922029768 -0.0012826296582513436 0.0010288779747552946 -0.0015800556343530667 0.00096515179984480207 0.0022553934625608547 -0.00016804932170459279 0.0035978548331861977 -0.00085857869432312832 -0.0015740105952632125 0.00078501052326086177 0.0025502592296244445 0.00043036693279139101 -0.001806038570259157 -0.00081554650726257125 0.0025894215872460757 -0.00013136492623482947 -0.001593683697878834 0.0010675191300975307 0.0017020643637508587
leaf_weight=8926 4869 4565 65924 4961 6557 8792 4864 4809 5755 15183 5852 6903 7017 6069 4576 7262 4586 4942 6487 4546 6705 5750 73526 7143 7231 5572 4833 12214 7340 8013
leaf_count=8926 4869 4565 65924 4961 6557 8792 4864 4809 5755 15183 5852 6903 7017 6069 4576 7262 4586 4942 6487 4546 6705 5750 73526 7143 7231 5572 4833 12214 7340 8013
internal_value=7.11624e-05 9.01326e-05 0.000116867 -0.000537359 -0.000668644 0.00014697 0.000107176 0.000130563 0.000511182 0.000247816 0.000106688 0.00012681 0.000150076 9.074e-05 -0.000640845 0.000128997 0.000889227 0.000508716 0.00022041 0.000510248 -0.000123934 0.00102059 8.20123e-05 -3.4242e-05 7.36513e-05 0.00013407 0.000799712 5.99493e-05 -0.000454011 0.000195897
internal_weight=331772 326903 315781 13887 11122 301894 272164 267300 29730 20938 262491 256639 249736 214289 10645 203644 11848 35447 22680 16193 11251 12767 191796 118270 111127 103896 10405 93491 19554 73937
internal_count=331772 326903 315781 13887 11122 301894 272164 267300 29730 20938 262491 256639 249736 214289 10645 203644 11848 35447 22680 16193 11251 12767 191796 118270 111127 103896 10405 93491 19554 73937
is_linear=0
shrinkage=0.05


Tree=84
num_leaves=31
num_cat=0
split_feature=2 0 3 0 7 7 7 7 7 7 7 2 0 4 6 7 7 7 7 7 0 4 2 7 7 7 9 3 0 2
split_gain=3.43958 9.0608 2.22116 2.68647 2.69828 3.25371 2.38556 2.11969 2.6456 2.31271 2.03466 1.99231 1.9964 1.71657 1.60323 2.14148 1.39525 1.70689 1.52907 1.27896 2.62328 2.11149 2.08848 1.29627 1.24154 1.17935 3.33211 1.22208 1.06659 1.39943
threshold=3.5000000000000004 54.500000000000007 -12.712897638499998 47.500000000000007 0.95332521050000008 1.0692156960000003 1.0493762270000002 1.0934611560000003 1.1249927920000002 1.1626164030000001 0.98794492700000014 6.5000000000000009 90.500000000000014 0.80343773072580082 1.0000000180025095e-35 1.1496716780000003 1.1108714775000001 1.0801551885000003 1.0584166585000003 0.94443998950000008 46.500000000000007 0.66431621243611516 2.5000000000000004 1.0000053235000002 0.94093620500000008 0.94314624850000006 19.500000000000004 -24.383765019999995 39.500000000000007 1.5000000000000002
decision_type=2 2 2 2 2 2 2 2 2 2 2 2 2 8 2 2 2 2 2 2 2 10 2 2 2 2 2 2 2 2
left_child=2 -2 19 13 -5 6 10 -7 -9 -10 -6 25 -13 -4 15 16 17 18 24 20 -1 23 -23 -21 -15 26 -3 -28 29 -16
right_child=1 11 3 4 5 7 -8 8 9 -11 -12 12 -14 14 28 -17 -18 -19 -20 21 -22 22 -24 -25 -26 -27 27 -29 -30 -31
leaf_value=-0.00080885235126664217 -0.0018233621877944358 0.00074695628264428711 0.0005595948564279861 0.0016354486344210793 -0.00052847563515306961 0.0033548660759352995 -0.0011206705186115311 -0.00055752699180633576 0.0031803631306288726 0.00060792063942383405 0.00089631827566856188 -0.00076835507404586923 -0.00040392699768781321 -0.00048383904810893254 -0.00020477678123769386 0.0010376217153942712 -0.0011336861816783198 0.0016242443353088666 -0.00099893207302537493 -0.00044564478892528977 0.00083289380728899197 -0.0015375753586006242 -0.00026993849845165658 0.0012366601796536159 0.00037762748620543736 0.00034191791648204061 -0.00037014336160330006 -0.0020600031579548249 0.00049560823140780679 -0.0010893961306931161
leaf_weight=5564 8405 7159 36028 10976 8449 6228 5696 5922 4968 7962 19452 4523 20515 7522 11898 9233 4665 5009 4527 4892 7242 5330 6412 4626 23031 62536 4565 4940 5085 8696
leaf_count=5564 8405 7159 36028 10976 8449 6228 5696 5922 4968 7962 19452 4523 20515 7522 11898 9233 4665 5009 4527 4892 7242 5330 6412 4626 23031 62536 4565 4940 5085 8696
internal_value=7.02584e-05 -0.00015433 0.000185559 0.000253761 0.000499081 0.000364422 4.2706e-05 0.000795296 0.000530838 0.000931581 0.000233104 -2.69561e-05 -0.000415685 0.000106051 -2.34713e-05 0.000131223 -1.1841e-05 8.34291e-05 -3.99029e-05 -0.000185495 0.000209195 -0.00042323 -0.000871712 0.000130211 8.72114e-05 9.59537e-05 -0.000277761 -0.000891167 -0.00034866 -0.000508762
internal_weight=332056 112643 219413 185347 69653 58677 33597 25080 18852 12930 27901 104238 25038 115694 79666 53987 44754 40089 35080 34066 12806 21260 11742 9518 30553 79200 16664 9505 25679 20594
internal_count=332056 112643 219413 185347 69653 58677 33597 25080 18852 12930 27901 104238 25038 115694 79666 53987 44754 40089 35080 34066 12806 21260 11742 9518 30553 79200 16664 9505 25679 20594
is_linear=0
shrinkage=0.05


Tree=85
num_leaves=31
num_cat=0
split_feature=0 5 6 7 7 8 0 7 7 3 8 6 8 7 8 9 5 8 9 8 0 8 0 3 8 4 8 8 8 9
split_gain=3.70041 2.51466 2.04383 1.76996 1.46523 1.56752 1.34769 1.35101 1.25085 1.36561 1.16073 1.37918 3.14572 1.96107 2.12152 2.3031 1.55981 1.8025 2.30102 2.34433 2.13819 1.88147 2.02449 1.57447 1.45942 2.22935 2.50541 2.04191 2.60104 1.85565
threshold=117.50000000000001 21.500000000000004 2.5000000000000004 1.1496716780000003 0.83895903800000016 0.7698838870000001 60.500000000000007 1.0473717320000002 0.86021239400000005 -32.422926974499994 1.6712448535000004 1.0000000180025095e-35 1.4213440125000003 1.0731915865000003 1.1779470030000001 12.500000000000002 5.5000000000000009 0.9749352160000001 32.500000000000007 1.0299972105000001 76.500000000000014 1.1052717865000001 68.500000000000014 -14.984457359999999 1.2463057665000001 0.85021326156818178 1.3474409155000002 1.4361150800000002 1.3288227880000003 55.500000000000007
decision_type=2 2 2 2 2 2 2 2 2 2 2 2 2 2 2 2 2 2 2 2 2 2 2 2 2 10 2 2 2 2
left_child=1 2 4 6 5 -1 7 -3 -6 -10 11 24 13 16 -15 -16 -13 20 19 -19 -18 -21 -23 -22 29 26 -26 28 -27 -11
right_child=-2 3 -4 -5 8 -7 -8 -9 9 10 -12 12 -14 14 15 -17 17 18 -20 21 23 22 -24 -25 25 27 -28 -29 -30 -31
leaf_value=1.2543642044539775e-05 -0.001827066531789257 0.00033604294689620564 -0.0012686574139365845 0.0016776854196386471 0.00068239897665431696 -0.0013932029224403017 0.00088353591907477144 -0.00079777657569090872 -0.00044803262491043623 -3.6031736587656945e-05 0.0009550688020114567 -0.0010529038184234243 -0.0013018779325881824 0.0016781900559766677 -0.0012882385423291112 0.00085435562872440023 -0.00026017403250600695 -0.0011579649765480716 -0.0013576222360565963 0.0010184544510770499 0.0019893921920947511 0.0001963509485137086 -0.0014621886157179824 0.00055172785002430237 0.0010279417278852173 0.0018187247062872143 -0.00068919474671708841 0.0018633919110126276 -0.00024668513900205755 0.0017319745828473804
leaf_weight=4659 4777 9059 6395 8404 4700 4651 28210 6780 20446 79435 6784 7728 7690 7675 4508 8115 14398 9907 5998 9243 5344 13159 4630 9364 5029 8042 6778 7468 7884 4879
leaf_count=4659 4777 9059 6395 8404 4700 4651 28210 6780 20446 79435 6784 7728 7690 7675 4508 8115 14398 9907 5998 9243 5344 13159 4630 9364 5029 8042 6778 7468 7884 4879
internal_value=2.88883e-05 4.90583e-05 -1.14761e-05 0.000366293 9.5712e-06 -0.000606548 0.000239366 -0.000129702 3.1712e-05 1.67776e-05 5.10121e-05 3.17673e-05 -9.79453e-05 -2.30328e-05 0.000415702 1.70258e-05 -0.000134689 -6.225e-05 -0.000268152 -0.000120588 0.00024149 0.000120576 -0.000180117 0.000665398 0.00014872 0.000419105 -0.000140958 0.00070174 0.000381646 3.58165e-05
internal_weight=332139 327362 274909 52453 268514 9310 44049 15839 259204 254504 234058 227274 107759 100069 20298 12623 79771 72043 42937 36939 29106 27032 17789 14708 119515 35201 11807 23394 15926 84314
internal_count=332139 327362 274909 52453 268514 9310 44049 15839 259204 254504 234058 227274 107759 100069 20298 12623 79771 72043 42937 36939 29106 27032 17789 14708 119515 35201 11807 23394 15926 84314
is_linear=0
shrinkage=0.05


Tree=86
num_leaves=31
num_cat=0
split_feature=0 2 0 4 7 0 7 9 2 7 7 7 7 7 7 2 2 3 7 4 7 3 5 7 7 7 7 4 7 7
split_gain=3.62214 2.4204 9.92899 2.5177 2.32717 2.17804 3.79541 5.6415 2.7301 3.16123 2.19698 2.14039 1.92049 3.62066 2.22695 1.84686 1.76358 2.06368 3.35766 2.73973 1.71882 2.05096 1.7286 1.61013 1.58154 2.60189 4.13262 2.36718 2.12066 2.32386
threshold=117.50000000000001 4.5000000000000009 61.500000000000007 1.2297504172796854 0.83371487900000008 45.500000000000007 0.95113031850000007 18.500000000000004 2.5000000000000004 0.9272160570000002 0.94443998950000008 1.0142381880000002 1.2025225330000002 1.1626164030000001 1.1229187270000003 2.5000000000000004 7.5000000000000009 -13.686838875499998 0.9726132500000001 0.96287216725648517 1.2428445740000003 2.5863675615000004 18.500000000000004 0.8985102865000002 1.1053226455000003 1.0744235155000001 1.0629679565000003 1.1329029306833049 1.0527773555000002 1.0437164150000002
decision_type=2 2 2 10 2 2 2 2 2 2 2 2 2 2 2 2 2 2 2 10 2 2 2 2 2 2 2 10 2 2
left_child=1 4 -3 16 -1 8 7 -7 9 23 -11 -10 13 14 24 -9 17 -4 -19 -20 21 22 -12 -6 25 26 28 -27 29 -8
right_child=-2 2 3 -5 5 6 12 15 11 10 20 -13 -14 -15 -16 -17 -18 18 19 -21 -22 -23 -24 -25 -26 27 -28 -29 -30 -31
leaf_value=-0.00086220235924624816 -0.0017506869814108731 -0.002095146301144872 0.00040406646466276287 0.0020688324078423988 -8.6723890762096872e-05 0.0030044066032285047 0.00026402395861376964 0.001388729566366241 -8.6103314522032075e-05 0.0011276243786816022 0.00021001901398386602 -0.0019843445072125019 0.0021057790570468116 -0.0016432788837140039 0.0016616226738270642 8.1693080250818095e-05 -0.00086993603520880156 -0.0018375070665008369 -0.0014707783636358856 0.0011116534007359375 0.0012347165789330346 -0.00032869959456200575 0.0020952445386138168 -0.0016494696222551003 -0.00087141738311652644 0.0027966525570899282 -0.001721335791190012 -9.0006293073598151e-05 0.0017318607091611647 -0.0011628755664650889
leaf_weight=6932 4843 4622 27772 4576 7698 4652 50587 8712 6932 5459 56770 5278 6199 4857 8366 10868 10561 6605 4876 10780 4538 27204 4737 6664 4795 7158 4656 4569 4993 4981
leaf_count=6932 4843 4622 27772 4576 7698 4652 50587 8712 6932 5459 56770 5278 6199 4857 8366 10868 10561 6605 4876 10780 4538 27204 4737 6664 4795 7158 4656 4569 4993 4981
internal_value=4.99633e-05 7.00517e-05 -0.000191126 -3.22208e-05 0.000140814 0.000165811 0.000313123 0.000875108 1.83583e-05 9.50698e-05 0.000195922 -0.000691772 0.000178469 0.00012278 0.000194485 0.000502936 -0.000117659 6.2954e-06 -0.000352331 4.66128e-05 0.000138815 9.02319e-05 0.000250114 -0.000597898 0.000114932 0.000169853 4.65336e-05 0.000855353 0.000156936 6.81988e-05
internal_weight=332240 327397 69792 65170 257605 250673 125393 24232 125280 113070 98708 12210 101161 94962 90105 19580 60594 50033 22261 15656 93249 88711 61507 14362 81739 76944 65217 11727 60561 55568
internal_count=332240 327397 69792 65170 257605 250673 125393 24232 125280 113070 98708 12210 101161 94962 90105 19580 60594 50033 22261 15656 93249 88711 61507 14362 81739 76944 65217 11727 60561 55568
is_linear=0
shrinkage=0.05


end of trees

feature_importances:
crease_sr_idx=530
crease_avg_idx=461
legal_balls=378
wickets=332
run_rate_rel=257
runs_vs_par=226
crease_balls=167
runs_last_12=107
wickets_last_12=85
balls_remaining=67

parameters:
[boosting: gbdt]
[objective: quantile]
[metric: quantile]
[tree_learner: serial]
[device_type: cpu]
[data_sample_strategy: bagging]
[data: ]
[valid: ]
[num_iterations: 87]
[learning_rate: 0.05]
[num_leaves: 31]
[num_threads: 12]
[seed: 7]
[deterministic: 1]
[force_col_wise: 0]
[force_row_wise: 1]
[histogram_pool_size: -1]
[max_depth: -1]
[min_data_in_leaf: 4500]
[min_sum_hessian_in_leaf: 0.001]
[bagging_fraction: 0.8]
[pos_bagging_fraction: 1]
[neg_bagging_fraction: 1]
[bagging_freq: 1]
[bagging_seed: 17422]
[bagging_by_query: 0]
[feature_fraction: 0.8]
[feature_fraction_bynode: 1]
[feature_fraction_seed: 7040]
[extra_trees: 0]
[extra_seed: 6516]
[early_stopping_round: 0]
[early_stopping_min_delta: 0]
[first_metric_only: 0]
[max_delta_step: 0]
[lambda_l1: 0]
[lambda_l2: 5]
[linear_lambda: 0]
[min_gain_to_split: 0]
[drop_rate: 0.1]
[max_drop: 50]
[skip_drop: 0.5]
[xgboost_dart_mode: 0]
[uniform_drop: 0]
[drop_seed: 15215]
[top_rate: 0.2]
[other_rate: 0.1]
[min_data_per_group: 100]
[max_cat_threshold: 32]
[cat_l2: 10]
[cat_smooth: 10]
[max_cat_to_onehot: 4]
[top_k: 20]
[monotone_constraints: ]
[monotone_constraints_method: basic]
[monotone_penalty: 0]
[feature_contri: ]
[forcedsplits_filename: ]
[refit_decay_rate: 0.9]
[cegb_tradeoff: 1]
[cegb_penalty_split: 0]
[cegb_penalty_feature_lazy: ]
[cegb_penalty_feature_coupled: ]
[path_smooth: 0]
[interaction_constraints: ]
[verbosity: -1]
[saved_feature_importance_type: 0]
[use_quantized_grad: 0]
[num_grad_quant_bins: 4]
[quant_train_renew_leaf: 0]
[stochastic_rounding: 1]
[linear_tree: 0]
[max_bin: 255]
[max_bin_by_feature: ]
[min_data_in_bin: 3]
[bin_construct_sample_cnt: 200000]
[data_random_seed: 61]
[is_enable_sparse: 1]
[enable_bundle: 1]
[use_missing: 1]
[zero_as_missing: 0]
[feature_pre_filter: 1]
[pre_partition: 0]
[two_round: 0]
[header: 0]
[label_column: ]
[weight_column: ]
[group_column: ]
[ignore_column: ]
[categorical_feature: ]
[forcedbins_filename: ]
[precise_float_parser: 0]
[parser_config_file: ]
[objective_seed: 15521]
[num_class: 1]
[is_unbalance: 0]
[scale_pos_weight: 1]
[sigmoid: 1]
[boost_from_average: 1]
[reg_sqrt: 0]
[alpha: 0.1]
[fair_c: 1]
[poisson_max_delta_step: 0.7]
[tweedie_variance_power: 1.5]
[lambdarank_truncation_level: 30]
[lambdarank_norm: 1]
[label_gain: ]
[lambdarank_position_bias_regularization: 0]
[eval_at: ]
[multi_error_top_k: 1]
[auc_mu_weights: ]
[num_machines: 1]
[local_listen_port: 12400]
[time_out: 120]
[machine_list_filename: ]
[machines: ]
[gpu_platform_id: -1]
[gpu_device_id: -1]
[gpu_device_id_list: ]
[gpu_use_dp: 0]
[num_gpu: 1]

end of parameters

pandas_categorical:null
