tree
version=v4
num_class=1
num_tree_per_iteration=1
label_index=0
max_feature_idx=9
objective=quantile
feature_names=legal_balls balls_remaining wickets runs_vs_par run_rate_rel runs_last_12 wickets_last_12 crease_sr_idx crease_avg_idx crease_balls
feature_infos=[0:119] [1:120] [0:9] [-109.881995323:189.19159380299999] [0:8.0172162414209716] [0:63] [0:6] [0.60952400299999998:1.5237078850000001] [0.50168224299999997:2.6097224190000001] [0:119]
tree_sizes=2860 3067 3055 3051 3065 3073 3072 3072 3070 3088 3086 3090 3077 3091 3100 3093 3100 3098 3078 3097 3097 3094 3094 3086 3084 3104 3095 3093 3100 3115 3108 3113 3101 3106 3111 3100 3123 3118 3098 3095 3113 3104 3108 3117 3109 3120 3120 3095 3113 3124 3105 3113 3116 3115 3095 3120 3116 3129 3123 3132 3124 3112 3119 3123 3114 3128 3108 3107 3143 3123 3123 3104 3102 3133 3117 3124 3114 3126 3121 3130 3117 3132 3105 3117 3128 3102 3131 3129 3140 3136 3114 3133 3115 3099 3110 3124 3123 3123 3123 3132 3138 3140 3152 3126 3106 3134 3113 3122 3127 3140 3150 3121 3124 3118 3139 3119 3085 3095 3099 3115 3123 3122 3116 3136 3115 3105 3137 3127 3140 3140 3111 3142 3134 3130 3143 3117 3124 3125 3142 3118 3128 3137 3125 3117 3119 3099 3118 3115 3122 3116 3117 3122 3122 3105 3140 3135 3143 3123 3113 3120 3131 3110 3166 3133 3133 3135 3123 3140 3133 3144 3103 3139 3125 3110 3149 3140 3131 3138 3127 3117 3109 3122 3134 3095 3121 3122 3131 3131 3107 3135 3129 3127 3099 3113 3125 3129 3124 3158 3115 3112 3139 3119 3119 3134 3152 3117 3123 3109 3144 3111 3137 3118 3158 3150 3099 3118 3136 3124 3130 3146 3117 3126 3115

Tree=0
num_leaves=31
num_cat=0
split_feature=4 0 4 4 0 7 0 9 7 8 4 7 7 0 4 8 9 7 2 0 5 7 4 4 9 0 7 4 9 5
split_gain=5349.6 2387.76 755.191 616.029 419.172 360.735 228.724 169.395 151.549 141.703 127.409 100.976 100.46 90.8189 89.5737 84.9901 79.5503 69.7296 68.0233 51.0354 49.9597 46.9638 45.0973 42.7504 38.5575 35.925 34.9486 33.5754 33.5479 32.8384
threshold=0.94228477077224759 59.500000000000007 1.2088914691982777 0.7944594209416459 74.500000000000014 1.1393784770000002 80.500000000000014 25.500000000000004 1.0504484700000003 1.1208789765000002 1.4800650453164954 1.0744235155000001 1.0329430635000001 92.500000000000014 1.2297504172796854 1.0539520960000004 28.500000000000004 1.0172596405000001 6.5000000000000009 103.50000000000001 14.500000000000002 1.0320909540000003 1.0697713457918028 1.0935021903251465 15.500000000000002 82.500000000000014 1.1350018475000001 0.64381177141985335 29.500000000000004 18.500000000000004
decision_type=10 2 10 10 2 2 2 2 2 2 10 2 2 2 10 2 2 2 2 2 2 2 10 10 2 2 2 8 2 2
left_child=3 5 6 8 11 7 15 17 13 18 24 28 20 27 21 -3 -7 -2 19 22 -6 -9 -8 -17 -4 -26 -10 -1 -5 -11
right_child=1 2 10 4 12 16 9 14 26 29 -12 -13 -14 -15 -16 23 -18 -19 -20 -21 -22 -23 -24 -25 25 -27 -28 -29 -30 -31
leaf_value=1.311688630282879 1.3232993841171266 1.3295580506324769 1.3510833442211152 1.3205828607082366 1.3269115522503854 1.3335618108510972 1.3359841868281364 1.3276303544640542 1.3233013913035392 1.3447289645671845 1.3642496943473816 1.3284819409251214 1.3377810329198838 1.3182536408305168 1.3345301508903504 1.3340473011136056 1.3400145307183267 1.3279284060001373 1.3383392333984374 1.3521288260817528 1.3340758398175239 1.3323781773447991 1.3429731488227845 1.3388301372528075 1.3428702116012574 1.3588949739933014 1.3278126552700997 1.3184405505657195 1.325193527340889 1.3525177121162415
leaf_weight=38874 18337 6538 4791 19905 10576 10282 7054 8430 14866 6937 5475 8868 7514 13842 7000 8208 4512 19265 4745 8192 9302 6104 4791 4749 6376 10759 7044 32661 8863 7417
leaf_count=38874 18337 6538 4791 19905 10576 10282 7054 8430 14866 6937 5475 8868 7514 13842 7000 8208 4512 19265 4745 8192 9302 6104 4791 4749 6376 10759 7044 32661 8863 7417
internal_value=1.32964 1.33622 1.34189 1.32353 1.32737 1.32963 1.33868 1.32789 1.3212 1.34089 1.34874 1.32394 1.33207 1.32025 1.33142 1.33426 1.33661 1.32586 1.33859 1.33987 1.33021 1.32918 1.33776 1.3366 1.34703 1.34814 1.32491 1.31953 1.3225 1.34484
internal_weight=332277 159962 86032 172315 65028 73930 58631 59136 107287 39136 27401 37636 27392 85377 21534 19495 14794 37602 24782 20037 19878 14534 11845 12957 21926 17135 21910 71535 28768 14354
internal_count=332277 159962 86032 172315 65028 73930 58631 59136 107287 39136 27401 37636 27392 85377 21534 19495 14794 37602 24782 20037 19878 14534 11845 12957 21926 17135 21910 71535 28768 14354
is_linear=0
shrinkage=1


Tree=1
num_leaves=31
num_cat=0
split_feature=3 0 3 3 7 0 3 7 9 3 3 5 3 7 7 3 9 6 0 9 0 7 0 0 0 0 0 7 7 3
split_gain=5901.37 980.074 775.903 760.159 625.408 352.091 174.175 137.396 134.837 125.964 91.3815 87.4961 84.8077 78.9456 76.4676 76.3035 73.1162 52.1664 43.6123 41.4525 40.7575 40.265 37.9983 37.6908 37.1283 32.2957 31.8134 30.2606 30.0877 28.8621
threshold=7.6796061570000012 78.500000000000014 -19.952743553999998 22.237232914000003 1.0360263355000001 54.500000000000007 49.624655780000005 1.0485333710000002 28.500000000000004 1.0000000180025095e-35 -7.2869342384999998 14.500000000000002 -33.137012536499995 1.1393784770000002 1.1350018475000001 -4.6680788494999996 24.500000000000004 1.0000000180025095e-35 95.500000000000014 30.500000000000004 47.500000000000007 0.97754740050000011 65.500000000000014 49.500000000000007 84.500000000000014 94.500000000000014 107.50000000000001 1.1393784770000002 0.93807215200000005 -5.9303463359999986
decision_type=2 2 2 2 2 2 2 2 2 2 2 2 2 2 2 2 2 2 2 2 2 2 2 2 2 2 2 2 2 2
left_child=1 4 12 5 8 13 17 11 15 14 28 -4 26 -2 19 -1 25 22 -13 -6 27 -14 -5 -12 -18 -7 -3 -11 -10 -9
right_child=3 2 7 6 9 16 -8 29 10 20 23 18 21 -15 -16 -17 24 -19 -20 -21 -22 -23 -24 -25 -26 -27 -28 -29 -30 -31
leaf_value=-0.014445542991161343 0.00041818283498286927 -0.015937764272093775 0.0013074461556971035 0.012126505114138124 -0.0056438245624303779 0.0048027920722961475 0.035889393761754033 0.0088614602386951399 -0.012977133076637982 -0.0016266456246376015 -0.003742585256695752 0.0034394269436597794 -0.0067963017337024176 0.0066160096228122696 -0.0002042515017092267 -0.0081296202540397603 0.0090888165682554197 0.017583408653736112 0.013052857927978041 -0.0011808509565889858 0.0047181861661374537 0.00076234370470047448 0.023032884337007998 0.00070319890975951711 0.019818539023399352 0.017326683402061459 -0.0094494941085577003 0.0020955948531627632 -0.0063900914788246116 0.015375985875725751
leaf_weight=49327 14798 12115 12784 4676 25509 4543 7852 4533 6920 10353 4743 6487 7010 4552 12482 36277 9633 13059 9618 6204 5570 7721 9267 6890 7841 4827 4603 5794 10343 5969
leaf_count=49327 14798 12115 12784 4676 25509 4543 7852 4533 6920 10353 4743 6487 7010 4552 12482 36277 9633 13059 9618 6204 5570 7721 9267 6890 7841 4827 4603 5794 10343 5969
internal_value=-0.000104422 -0.00388885 0.00109464 0.011627 -0.00584562 0.00741953 0.0172014 0.00576994 -0.00807912 -0.00196535 -0.00512439 0.00398828 -0.00476132 0.00227719 -0.00349745 -0.00907615 0.0111252 0.0152896 0.00643932 -0.00480208 0.00115263 -0.00199427 0.0174227 -0.0016981 0.0130371 0.00755467 -0.00719817 -0.000119954 -0.0074321 0.0106667
internal_weight=332300 251252 70840 81048 180412 46194 34854 39391 114500 65912 28896 28889 31449 19350 44195 85604 26844 27002 16105 31713 21717 14731 13943 11633 17474 9370 16718 16147 17263 10502
internal_count=332300 251252 70840 81048 180412 46194 34854 39391 114500 65912 28896 28889 31449 19350 44195 85604 26844 27002 16105 31713 21717 14731 13943 11633 17474 9370 16718 16147 17263 10502
is_linear=0
shrinkage=0.05


Tree=2
num_leaves=31
num_cat=0
split_feature=3 4 1 1 3 8 3 4 5 9 8 8 1 1 8 8 8 1 8 1 1 8 8 6 8 2 1 1 4 9
split_gain=5368.84 1350.16 782.39 712.176 264.667 200.758 137.713 133.532 115.231 91.5019 76.0581 68.0181 60.5951 57.5005 57.342 54.8312 54.4557 52.1146 49.2464 72.0804 48.3461 35.5861 31.9448 29.1726 27.0625 26.4632 23.9606 23.6632 21.5932 21.405
threshold=7.6796061570000012 0.81541554238303438 48.500000000000007 63.500000000000007 40.087565716500002 1.2463057665000001 20.448980150000001 0.69180060699387691 14.500000000000002 24.500000000000004 1.2157222685000002 1.1667312910000003 22.500000000000004 34.500000000000007 1.1208789765000002 1.1805976600000003 1.0189477030000003 37.500000000000007 1.0539520960000004 24.500000000000004 72.500000000000014 1.1751955955000002 1.1052717865000001 1.5000000000000002 1.0052361115000001 1.0000000180025095e-35 28.500000000000004 26.500000000000004 1.1895740362512177 21.500000000000004
decision_type=2 10 2 2 2 2 2 8 2 2 2 2 2 2 2 2 2 2 2 2 2 2 2 2 2 2 2 2 10 2
left_child=1 7 8 4 9 16 21 14 11 13 -6 23 -9 24 26 -14 29 22 19 -10 -7 -5 -11 27 -2 -16 -1 -3 -19 -4
right_child=3 2 5 6 10 20 -8 12 18 17 -12 -13 15 -15 25 -17 -18 28 -20 -21 -22 -23 -24 -25 -26 -27 -28 -29 -30 -31
leaf_value=-0.016884184662252666 0.015593445241451266 0.0059156877351924878 -0.0094904533922672233 -0.00028473416902125573 0.027389964824542409 0.0029264998880680626 0.0096792963277548497 -0.00267696651723236 0.011957360795699069 0.017369082137942315 0.033139373278245336 0.0070829213187098457 -0.0092626858092844429 0.0044964884817600198 -0.0036007472346536785 -0.003542089551454403 -0.0032662010304629788 0.0080676050819456623 0.010627292795339595 0.00063407634571195366 -0.0009881115108728467 0.0033634321466088249 0.021736084891483189 -0.0042166901202872363 0.021879236467182636 -0.009975364092737438 -0.01662730196118355 -0.00018414851441048152 0.011302601560950276 -0.0055134012922644637
leaf_weight=7307 5817 5411 14622 8563 7159 8410 6172 7474 9501 6501 5051 5233 29141 4643 6767 12506 30498 5636 12272 6089 20198 10609 8856 5352 4943 12417 40618 6774 6969 10687
leaf_count=7307 5817 5411 14622 8563 7159 8410 6172 7474 9501 6501 5051 5233 29141 4643 6767 12506 30498 5636 12272 6089 20198 10609 8856 5352 4943 12417 40618 6774 6969 10687
internal_value=-0.000158789 -0.00376594 -0.000365692 0.011042 0.0142095 -0.00331305 0.00409484 -0.00771648 0.00454806 0.0123758 0.0207143 0.00190889 -0.00573449 0.00927521 -0.00916668 -0.00647838 -0.00505872 0.0140818 0.00670417 0.00483649 9.26152e-05 0.0020024 0.016042 0.000415432 0.0112819 -0.00685288 -0.0100921 0.00176682 0.0116881 -0.00677343
internal_weight=332196 251277 135047 80919 55575 84415 25344 116230 50632 43365 12210 22770 49121 15403 67109 41647 55807 27962 27862 15590 28608 19172 15357 17537 10760 19184 47925 12185 12605 25309
internal_count=332196 251277 135047 80919 55575 84415 25344 116230 50632 43365 12210 22770 49121 15403 67109 41647 55807 27962 27862 15590 28608 19172 15357 17537 10760 19184 47925 12185 12605 25309
is_linear=0
shrinkage=0.05


Tree=3
num_leaves=31
num_cat=0
split_feature=3 4 0 0 7 3 7 7 3 0 5 9 5 7 0 7 8 7 7 9 0 9 4 0 5 7 4 7 4 7
split_gain=4823.27 1252.76 731.882 662.839 262.969 230.762 155.401 143.298 135.883 101.53 89.1233 81.8761 77.2609 74.8726 52.2775 50.5224 49.3279 42.103 40.9115 40.3823 40.2948 40.2473 36.3066 33.8563 31.906 25.798 24.0113 23.4038 23.0688 23.0583
threshold=7.2043208685000009 0.79744675805708798 75.500000000000014 57.500000000000007 1.0360263355000001 49.624655780000005 1.0310529730000002 1.0142381880000002 22.904496796 92.500000000000014 14.500000000000002 36.500000000000007 13.500000000000002 1.1393784770000002 78.500000000000014 1.1368902595000001 1.1557926060000001 1.0801551885000003 1.1350018475000001 19.500000000000004 99.500000000000014 27.500000000000004 0.64887298102333657 97.500000000000014 12.500000000000002 0.90495753450000016 1.2399721071032637 1.0527773555000002 0.90003364559376353 0.9455878135000001
decision_type=2 10 2 2 2 2 2 2 2 2 2 2 2 2 2 2 2 2 2 2 2 2 8 2 2 2 10 2 10 2
left_child=1 6 4 8 11 10 9 12 13 22 21 25 28 -2 27 19 26 20 -8 -6 -9 -5 -1 -14 -11 -3 -16 -12 -4 -24
right_child=3 2 7 5 15 -7 18 17 -10 24 14 -13 23 -15 16 -17 -18 -19 -20 -21 -22 -23 29 -25 -26 -27 -28 -29 -30 -31
leaf_value=-0.016228801598027347 0.00052112484206445211 -0.011376182417571545 -0.005328027609345737 0.0068273902541026443 -0.003092825666302815 0.032600679964292799 -0.0057535173262120215 0.0036337174486048758 0.01037636439250782 -0.013547491142712531 0.0066860918983817075 -0.0010341750619467377 0.0017128401404916116 0.0063114663954824237 0.016130385046079755 0.0020418347621336541 0.021920475296839138 0.012168317471019686 -0.0012734220979851664 0.00043537086709402042 0.014740264421782924 0.0098151902183424653 -0.013278984247427433 0.0099292547315824771 -0.0031309040718013382 -0.0056556324849370843 0.02315534258959815 0.011733241701684894 0.0019276056966220534 -0.0078609670849546127
leaf_weight=36855 17479 7110 5979 5951 13386 7338 21268 7372 4753 8455 5338 8550 7856 5290 11453 12345 10914 7619 7152 14176 4725 4680 12007 9550 4987 35822 4851 5545 5603 17564
leaf_count=36855 17479 7110 5979 5951 13386 7338 21268 7372 4753 8455 5338 8550 7856 5290 11453 12345 10914 7619 7152 14176 4725 4680 12007 9550 4987 35822 4851 5545 5603 17564
internal_value=-0.000255326 -0.00375167 -0.000629649 0.0101331 -0.00326786 0.0132523 -0.00779044 0.00432056 0.0037772 -0.00892041 0.0120053 -0.00562909 0.00208326 0.00217079 0.0131354 -0.000221425 0.0143087 0.00760864 -0.0046139 -0.00141201 0.00577074 0.00795059 -0.00972249 0.00418844 -0.00495464 -0.00651885 0.0125575 0.0101959 -0.00108095 -0.00841349
internal_weight=331973 248381 140093 83592 91389 56070 108288 48704 27522 79868 48732 51482 28988 22769 38101 39907 27218 19716 28420 27562 12097 10631 66426 17406 13442 42932 16304 10883 11582 29571
internal_count=331973 248381 140093 83592 91389 56070 108288 48704 27522 79868 48732 51482 28988 22769 38101 39907 27218 19716 28420 27562 12097 10631 66426 17406 13442 42932 16304 10883 11582 29571
is_linear=0
shrinkage=0.05


Tree=4
num_leaves=31
num_cat=0
split_feature=3 1 3 3 7 1 3 5 7 7 9 9 6 5 7 9 7 1 3 8 1 2 9 7 3 1 1 3 1 5
split_gain=4385.42 788.486 574.83 571.8 571.375 237.995 163.194 135.611 115.378 99.9905 73.7664 72.5512 71.0731 69.0328 62.719 58.6327 49.8235 49.2451 43.1498 41.1848 40.8703 39.162 32.8933 31.9182 31.542 29.9967 29.2747 27.3427 27.8437 26.7135
threshold=7.6796061570000012 39.500000000000007 -22.230084205999997 22.237232914000003 1.0360263355000001 66.500000000000014 49.624655780000005 12.500000000000002 1.0394500700000002 1.1368902595000001 26.500000000000004 40.500000000000007 1.0000000180025095e-35 12.500000000000002 1.1201095380000001 24.500000000000004 0.94213990150000015 40.500000000000007 -2.3632294074999995 1.1208789765000002 11.500000000000002 5.5000000000000009 24.500000000000004 1.0463138475000002 -0.50310590799999988 22.500000000000004 26.500000000000004 -4.6680788494999996 77.500000000000014 16.500000000000004
decision_type=2 2 2 2 2 2 2 2 2 2 2 2 2 2 2 2 2 2 2 2 2 2 2 2 2 2 2 2 2 2
left_child=1 2 13 5 7 15 17 16 12 10 18 27 25 -1 -7 26 -3 19 -6 -5 -14 -22 -18 -17 -12 -4 -2 -9 -29 -10
right_child=3 4 8 6 9 14 -8 11 29 -11 24 -13 20 -15 -16 23 22 -19 -20 -21 21 -23 -24 -25 -26 -27 -28 28 -30 -31
leaf_value=-0.012097107708944677 0.014637830682080816 -0.015791379015650597 0.013293098306402096 0.018386846954545472 -0.0056949624746100713 3.4912785866758611e-05 0.030912887254799723 -0.0081282384947501118 0.0083689662839329642 0.0012794067260902377 -0.0016087512706790654 -0.00052473326853010873 0.010670345030938333 -0.0024728288908454107 0.0053922678787447532 0.008676656715056158 -0.009441785031325995 0.0093490231855167024 -0.0019055139218014689 0.023279967462728968 0.0021570345087422896 -0.00607931728761032 -0.0056183112626684685 0.012797215425613392 0.0036940392504091093 0.0043191906676090025 0.0034447681096685086 -0.0016724569111946086 -0.0052813251043169395 0.014398858208833543
leaf_weight=16484 4939 28601 4529 9115 18119 13629 7818 16403 6520 19783 8735 7057 5407 10794 5396 9212 33074 10449 15706 7441 7159 4807 10428 8610 4770 6043 4562 5557 15964 5273
leaf_count=16484 4939 28601 4529 9115 18119 13629 7818 16403 6520 19783 8735 7057 5407 10794 5396 9212 33074 10449 15706 7441 7159 4807 10428 8610 4770 6043 4562 5557 15964 5273
internal_value=-0.000323717 -0.00358837 0.00105564 0.00977952 -0.00527797 0.00614092 0.0146208 -0.00738626 0.00489206 -0.00159961 -0.00284726 -0.00523079 0.00314088 -0.00453304 0.00184643 0.00913029 -0.00873048 0.0127744 -0.00409437 0.0144738 0.00117318 -0.000457355 -0.00766256 0.0108221 0.000276647 0.00637232 0.00595282 -0.00609692 -0.00492254 0.00903861
internal_weight=332384 251213 67016 81171 184197 46348 34823 117084 39738 67113 47330 44981 27945 27278 19025 27323 72103 27005 33825 16556 17373 11966 43502 17822 13505 10572 9501 37924 21521 11793
internal_count=332384 251213 67016 81171 184197 46348 34823 117084 39738 67113 47330 44981 27945 27278 19025 27323 72103 27005 33825 16556 17373 11966 43502 17822 13505 10572 9501 37924 21521 11793
is_linear=0
shrinkage=0.05


Tree=5
num_leaves=31
num_cat=0
split_feature=4 0 4 4 7 0 9 4 7 7 7 9 7 4 0 9 0 0 8 0 0 8 8 6 0 6 6 8 4 7
split_gain=3555.8 1525.37 426.025 424.516 293.386 246.792 148.029 128.7 104.529 103.465 103.1 90.4602 78.5896 73.497 65.756 63.5276 61.7193 49.9205 49.48 47.1946 45.8896 51.6268 43.0039 40.3139 34.5004 34.0315 28.0165 25.3783 25.2379 24.1729
threshold=0.92108013454721493 66.500000000000014 0.73487844853869044 1.1105540971279948 1.1393784770000002 67.500000000000014 22.500000000000004 1.4800650453164954 1.0485333710000002 1.0205589460000002 1.0731915865000003 30.500000000000004 0.97690684250000015 1.0968733884058077 85.500000000000014 9.5000000000000018 87.500000000000014 99.500000000000014 0.95085857150000008 47.500000000000007 104.50000000000001 1.1640513860000004 1.2463057665000001 1.5000000000000002 87.500000000000014 1.0000000180025095e-35 1.0000000180025095e-35 1.1208789765000002 1.3225903383109763 1.0271803480000001
decision_type=10 2 8 10 2 2 2 10 2 2 2 2 2 10 2 2 2 2 2 2 2 2 2 2 2 2 2 2 10 2
left_child=2 4 9 10 6 8 18 15 -4 17 14 -6 -7 22 26 -5 -17 -1 -2 -15 21 -14 -8 -16 -12 -11 -3 -18 29 -20
right_child=1 3 5 7 11 12 13 -9 -10 25 24 -13 20 19 23 16 27 -19 28 -21 -22 -23 -24 -25 -26 -27 -28 -29 -30 -31
leaf_value=-0.013737489780106027 -0.008679465528627443 0.0038688844328729878 -0.007411827816737257 0.012215560629124057 0.0034306000677965355 -0.0038413281150390891 -0.0029045579905399468 0.028359724506705482 -0.0019903301839686474 -0.0033040104558900332 0.0069743548356459685 0.0097167448537113961 -0.0015955403568957639 0.00080579950101814521 0.0099367388922049476 0.0098575109922570629 0.021043716445552165 -0.011783975415824797 -0.0047683910287033733 0.0046870491995630315 0.011405495406148138 0.0049269610553148609 0.0020565565370203932 0.0043236567411719827 0.017868032813755548 -0.0085800205311103769 -0.0015188008085386896 0.024222249179657172 -9.9646625017979498e-05 -0.0018427971956179292
leaf_weight=52077 7278 5445 30578 4693 11738 15455 10824 4862 13985 12112 4553 5052 11159 10207 16684 11411 10140 6248 10298 8393 4837 5709 4561 4831 4928 10585 4849 8900 7540 11802
leaf_count=52077 7278 5445 30578 4693 11738 15455 10824 4862 13985 12112 4553 5052 11159 10207 16684 11411 10140 6248 10298 8393 4837 5709 4561 4831 4928 10585 4849 8900 7540 11802
internal_value=-0.000412146 0.00466784 -0.00568702 0.00960136 9.39303e-05 -0.00313953 -0.0013135 0.013272 -0.00564839 -0.0082562 0.00604371 0.00603602 -0.000130499 0.00106759 0.00467836 0.0122137 0.0130487 -0.00937104 -0.00350527 0.00318194 0.00180965 0.000577846 -0.00148879 0.00625058 0.0106196 -0.00538994 0.00139091 0.0147939 -0.0025974 -0.00344945
internal_weight=331734 168989 162745 81296 87693 81723 70903 40006 44563 81022 41290 16790 37160 33985 31809 35144 30451 58325 36918 18600 21705 16868 15385 21515 9481 22697 10294 19040 29640 22100
internal_count=331734 168989 162745 81296 87693 81723 70903 40006 44563 81022 41290 16790 37160 33985 31809 35144 30451 58325 36918 18600 21705 16868 15385 21515 9481 22697 10294 19040 29640 22100
is_linear=0
shrinkage=0.05


Tree=6
num_leaves=31
num_cat=0
split_feature=3 4 0 0 3 7 7 3 7 0 7 0 9 5 9 8 3 4 0 8 0 6 9 7 7 6 7 6 4 9
split_gain=3630.73 924.157 603.766 528.489 206.994 173.757 156.314 152.91 113.143 89.7934 80.6877 76.2951 73.8088 61.2409 48.849 47.6874 47.7511 46.0148 44.3422 40.4964 38.491 37.3083 32.6687 32.4733 32.1483 30.0083 29.652 26.0869 24.0474 23.9621
threshold=5.370655299500001 0.79744675805708798 72.500000000000014 70.500000000000014 27.630393783500004 1.0360263355000001 1.0251857335000003 49.624655780000005 1.0142381880000002 96.500000000000014 1.1201095380000001 48.500000000000007 10.500000000000002 11.500000000000002 38.500000000000007 1.3730554145000002 14.519103264000002 0.64381177141985335 101.50000000000001 1.1640513860000004 106.50000000000001 1.0000000180025095e-35 26.500000000000004 1.1350018475000001 0.90495753450000016 1.0000000180025095e-35 1.1368902595000001 1.0000000180025095e-35 0.69180060699387691 18.500000000000004
decision_type=2 10 2 2 2 2 2 2 2 2 2 2 2 2 2 2 2 8 2 2 2 2 2 2 2 2 2 2 10 2
left_child=1 6 4 5 10 14 9 12 13 17 11 -2 -4 -5 24 16 -14 -1 19 -10 27 23 -12 -8 -3 -13 29 -15 -11 -7
right_child=2 3 7 8 -6 26 21 -9 18 28 22 25 15 20 -16 -17 -18 -19 -20 -21 -22 -23 -24 -25 -26 -27 -28 -29 -30 -31
leaf_value=-0.014660843708076311 -0.00084694578226395261 -0.010443591752151375 0.010432285006607173 -0.0039494267233736923 0.011912727327507379 -0.003080996387061058 -0.003571210337938913 0.029924577677798117 0.0020229279091437376 -0.013829471817885792 0.0037720447886069098 0.0048660224644546113 0.0092656885293764309 0.0032555522902847581 -0.00079834721766989256 0.017484594950914995 0.016435097455133191 -0.0086291045919363544 0.016783339958386968 0.0071468286313486895 0.010336493189453667 -0.0068109596416936619 0.0077639148227038437 0.0009992517294524772 -0.005044402683677513 0.001029587705088575 0.0012226330351357674 -0.0012291107349202968 -0.0033006903202377454 -0.00021493809131772069
leaf_weight=36043 17729 6710 6614 8372 5717 11107 12707 6810 7198 5526 5583 7542 9747 7992 5318 5551 19466 30621 5463 8039 6870 13620 4725 4541 32779 4663 10492 7196 5520 12116
leaf_count=36043 17729 6710 6614 8372 5717 11107 12707 6810 7198 5526 5583 7542 9747 7992 5318 5551 19466 30621 5463 8039 6870 13620 4725 4541 32779 4663 10492 7196 5520 12116
internal_value=-0.000477199 -0.00376236 0.00783534 -0.000912407 0.00373472 -0.00348829 -0.00716526 0.0117455 0.00304341 -0.008361 0.00246913 0.00115485 0.0106004 0.00110317 -0.00552837 0.0115218 0.0107104 -0.00905293 0.00589471 0.00450646 0.00248493 -0.00415412 0.00628333 -0.00260824 -0.00613416 0.00419636 -0.000776616 0.00107944 -0.00418288 -0.00177318
internal_weight=332377 238230 94147 129652 45959 78522 108578 48188 51130 77710 40242 29934 41378 30430 44807 34764 29213 66664 20700 15237 22058 30868 10308 17248 39489 12205 33715 15188 11046 23223
internal_count=332377 238230 94147 129652 45959 78522 108578 48188 51130 77710 40242 29934 41378 30430 44807 34764 29213 66664 20700 15237 22058 30868 10308 17248 39489 12205 33715 15188 11046 23223
is_linear=0
shrinkage=0.05


Tree=7
num_leaves=31
num_cat=0
split_feature=4 0 4 4 0 7 9 7 4 7 0 7 7 9 0 0 7 8 0 4 8 6 7 8 9 2 7 7 0 0
split_gain=3000.93 1197.03 418.287 320.046 247.871 225.994 130.762 118.744 114.149 86.6699 73.9187 71.7237 67.8463 59.3129 58.4597 55.3035 47.0321 44.5248 44.376 41.9376 40.2044 39.382 39.1033 37.3946 35.86 33.823 29.6477 28.9913 26.9746 23.5159
threshold=0.93637219583725317 64.500000000000014 0.73487844853869044 1.1251459890337869 66.500000000000014 1.1393784770000002 22.500000000000004 1.0061706605000003 1.4800650453164954 1.0758004030000003 83.500000000000014 1.0142381880000002 1.0485333710000002 25.500000000000004 109.50000000000001 92.500000000000014 1.0183233475000002 1.1263025625000003 98.500000000000014 1.2297504172796854 1.2722218760000001 1.0000000180025095e-35 1.1350018475000001 1.0539520960000004 27.500000000000004 5.5000000000000009 0.9455878135000001 0.94213990150000015 47.500000000000007 89.500000000000014
decision_type=10 2 10 10 2 2 2 2 10 2 2 2 2 2 2 2 2 2 2 10 2 2 2 2 2 2 2 2 2 2
left_child=2 5 7 10 9 6 16 18 15 26 23 14 25 -7 21 24 -2 -17 27 20 28 -6 -9 -3 -5 -12 -4 -1 -8 -13
right_child=1 3 4 8 11 13 19 22 -10 -11 12 29 -14 -15 -16 17 -18 -19 -20 -21 -22 -23 -24 -25 -26 -27 -28 -29 -30 -31
leaf_value=-0.015901123516459888 -0.0051619505778294833 -0.00083444796551617741 -0.0098095307996624338 0.0053180864746528419 -0.00013991430339836409 0.0025024430703859792 -0.0025989360734942069 -0.0061073051777272517 0.025850659192039452 -0.0012651806426017154 0.0088110226252368969 0.0011143400431436275 0.013892610455367228 0.007641843456360476 0.0077763352578928751 0.019277087831322339 -0.0013711956212242777 0.024773966601503203 -0.011447740066815315 0.0031682195054482665 0.0025820268513684994 -0.0057368016785667303 -0.0012535882516530985 0.004158813890602131 0.0098416253959627501 0.0054411613370504959 -0.0050443218761287989 -0.010061618647242955 0.00073771973165843725 0.0067982716704303447
leaf_weight=24948 17280 5124 10174 4702 9522 9522 8129 22662 5009 9983 12365 7858 8469 6570 5232 11219 17550 7402 6293 9561 5672 12306 5650 8999 10495 6926 23847 24497 7639 6543
leaf_count=24948 17280 5124 10174 4702 9522 9522 8129 22662 5009 9983 12365 7858 8469 6570 5232 11219 17550 7402 6293 9561 5672 12306 5650 8999 10495 6926 23847 24497 7639 6543
internal_value=-0.00049706 0.00435499 -0.00515212 0.00867652 -0.00268881 9.7189e-05 -0.00120128 -0.00765659 0.0119467 -0.00530232 0.00564392 8.53109e-05 0.00714209 0.00540784 -0.00143174 0.0109001 -0.00330343 0.0127288 -0.0089962 0.00116066 -6.76148e-05 -0.0025695 -0.00501819 0.00269766 0.00865593 0.00550179 -0.00650422 -0.00949975 -0.00136626 0.00293541
internal_weight=332148 162633 169515 80710 85465 81923 65831 84050 38827 44004 41883 41461 27760 16092 27060 33818 34830 18621 55738 31001 21440 21828 28312 14123 15197 19291 34021 49445 15768 14401
internal_count=332148 162633 169515 80710 85465 81923 65831 84050 38827 44004 41883 41461 27760 16092 27060 33818 34830 18621 55738 31001 21440 21828 28312 14123 15197 19291 34021 49445 15768 14401
is_linear=0
shrinkage=0.05


Tree=8
num_leaves=31
num_cat=0
split_feature=3 4 3 0 0 7 7 3 7 0 2 5 7 4 7 5 8 9 9 7 9 0 3 7 4 9 0 0 4 7
split_gain=2950.61 802.294 496.988 444.57 235.012 161.868 137.583 116.783 98.7343 90.5723 65.2362 58.9671 56.4276 52.8556 52.8554 45.3589 41.467 39.0543 34.8723 32.2552 32.1178 30.3808 29.704 29.4956 26.6127 26.3422 23.9037 23.171 22.4053 20.9254
threshold=5.1593147565000015 0.77260412676304668 21.640579869500005 65.500000000000014 50.500000000000007 1.0360263355000001 0.94443998950000008 57.332769702000007 1.0731915865000003 100.50000000000001 5.5000000000000009 16.500000000000004 1.1350018475000001 0.63832095183014004 1.1201095380000001 22.500000000000004 1.0169589225000002 16.500000000000004 33.500000000000007 0.93549484700000007 32.500000000000007 93.500000000000014 -8.3719745129999978 1.1368902595000001 0.90574909818682825 28.500000000000004 88.500000000000014 78.500000000000014 0.94821113323500628 0.9088738405000002
decision_type=2 10 2 2 2 2 2 2 2 2 2 2 2 8 2 2 2 2 2 2 2 2 2 2 10 2 2 2 10 2
left_child=1 6 4 5 14 16 21 15 9 10 19 18 13 22 -2 -4 29 -11 -6 -5 -18 -1 -8 -7 -19 -15 -17 -13 -21 -3
right_child=2 3 7 8 11 23 12 -9 -10 17 -12 27 -14 25 -16 26 20 24 -20 28 -22 -23 -24 -25 -26 -27 -28 -29 -30 -31
leaf_value=-0.014299826866017424 -0.0010551702305689192 -0.009871663151909427 0.010257771006317334 -0.0026073249322679237 0.0028611033641202962 -0.0017721931542328513 -0.011627823693743917 0.029098067905977656 0.0072744202127947577 0.0025668071278331485 -0.0070099353214465622 0.0053225456712072796 -0.0012272702736470797 -0.0060076640525442704 0.003661836718642664 0.010377420524129778 -0.0042971084001500242 0.0062522795035633606 0.0067388746322595144 0.00023032143694010356 -0.00023471758651411601 -0.011667518203699646 -0.0045528784134240717 0.001076053479496325 0.014120164032820171 -0.0024641338897040455 0.024858298300169581 0.012648113950471208 0.0035800891079113802 -0.0062001654135444735
leaf_weight=27827 17995 6781 16176 6087 8808 22772 21147 5204 10706 7491 5514 7805 6522 21531 6768 7146 17656 4668 5606 12912 4667 4603 8794 10239 5344 7816 7463 12241 8064 15295
leaf_count=27827 17995 6781 16176 6087 8808 22772 21147 5204 10706 7491 5514 7805 6522 21531 6768 7146 17656 4668 5606 12912 4667 4603 8794 10239 5344 7816 7463 12241 8064 15295
internal_value=-0.000604095 -0.00359688 0.00682756 -0.00114109 0.00401098 -0.00365401 -0.00705125 0.0114613 0.0020591 0.00112708 -0.000431603 0.00668069 -0.00573691 -0.00622249 0.00029524 0.010287 -0.00562534 0.00402744 0.0042392 0.000578635 -0.00410415 -0.00971713 -0.00770095 -0.00100217 0.00606968 -0.00471305 0.0123093 0.00843474 0.00150851 -0.00716227
internal_weight=331648 236436 95212 138196 59223 77410 98240 35989 60786 50080 32577 34460 65810 59288 24763 30785 44399 17503 14414 27063 22323 32430 29941 33011 10012 29347 14609 20046 20976 22076
internal_count=331648 236436 95212 138196 59223 77410 98240 35989 60786 50080 32577 34460 65810 59288 24763 30785 44399 17503 14414 27063 22323 32430 29941 33011 10012 29347 14609 20046 20976 22076
is_linear=0
shrinkage=0.05


Tree=9
num_leaves=31
num_cat=0
split_feature=3 4 1 3 1 7 7 7 8 1 6 6 7 9 8 7 5 1 1 4 4 9 1 4 9 7 7 6 1 8
split_gain=2700.78 858.064 429.184 333.955 196.184 166.115 151.185 101.192 90.2141 75.7675 68.6323 68.3471 56.0401 55.7599 45.5776 43.0692 42.1629 39.5534 38.1818 35.5183 34.2327 34.0586 32.9746 32.6225 29.5198 25.3699 22.7111 19.1483 18.9573 21.7774
threshold=7.6796061570000012 0.79744675805708798 51.500000000000007 31.598499919000002 59.500000000000007 1.0360263355000001 0.94443998950000008 1.0731915865000003 1.3201884320000004 12.500000000000002 1.5000000000000002 1.0000000180025095e-35 1.1393784770000002 52.500000000000007 1.0052361115000001 1.0539681675000001 14.500000000000002 23.500000000000004 76.500000000000014 0.94821113323500628 0.59996869676802655 15.500000000000002 22.500000000000004 0.68746587859812014 17.500000000000004 0.9088738405000002 1.1393784770000002 1.0000000180025095e-35 33.500000000000007 1.1208789765000002
decision_type=2 10 2 2 2 2 2 2 2 2 2 2 2 2 2 2 2 2 2 10 10 2 2 10 2 2 2 2 2 2
left_child=1 6 7 4 13 14 17 9 22 21 19 15 -6 16 25 23 -2 -1 -16 27 -13 -3 -5 -8 26 -4 -7 -11 29 -18
right_child=3 2 5 8 12 24 11 -9 -10 10 -12 20 -14 -15 18 -17 28 -19 -20 -21 -22 -23 -24 -25 -26 -27 -28 -29 -30 -31
leaf_value=-0.0095553697430156102 0.0043657580856742983 0.0051240219405933431 -0.0088008330725716736 0.025387766676795012 0.00075950741073311514 -0.0027616620019423584 -0.00653739634837324 0.0081855083162960859 0.022789366921161139 0.0016805158421652477 -0.0055450774810386523 -0.011631548461896141 0.0058778909518646455 0.011748385517289983 -0.00064638609451903592 -0.0011074069618055599 0.012060011050766851 -0.013173405271893547 -0.0039675297029325039 0.0039115864531061089 -0.0064458496244093888 0.016128199754428769 0.0086890407342674666 -0.0027564292759536483 0.00096166711784977934 -0.0053324404275927328 0.00051173648379753138 -0.0018929943468062123 0.0055889164793388405 0.017754667502129257
leaf_weight=4562 7375 4786 6791 8073 19604 11832 15308 10638 5795 9284 5619 13288 6191 6422 9749 12296 7798 30716 15565 13199 22378 6079 6858 9755 19996 15322 6021 8058 8064 4691
leaf_count=4562 7375 4786 6791 8073 19604 11832 15308 10638 5795 9284 5619 13288 6191 6422 9749 12296 7798 30716 15565 13199 22378 6079 6858 9755 19996 15322 6021 8058 8064 4691
internal_value=-0.000604793 -0.00316292 -0.000619386 0.00734226 0.00545532 -0.00287227 -0.00651972 0.00271229 0.0128153 0.00171566 0.000615236 -0.00522063 0.0021594 0.0079297 -0.00484351 -0.00372518 0.0069613 -0.00920769 -0.0033937 0.00154971 -0.00678633 0.00537603 0.0107534 -0.00491413 -0.000401873 -0.00650206 -0.00187941 6.19704e-05 0.00812518 0.00934749
internal_weight=332113 251242 142939 80871 60145 85276 108303 57663 20726 47025 36160 73025 25795 34350 47427 37359 27928 35278 25314 30541 35666 10865 14931 25063 37849 22113 17853 17342 20553 12489
internal_count=332113 251242 142939 80871 60145 85276 108303 57663 20726 47025 36160 73025 25795 34350 47427 37359 27928 35278 25314 30541 35666 10865 14931 25063 37849 22113 17853 17342 20553 12489
is_linear=0
shrinkage=0.05


Tree=10
num_leaves=31
num_cat=0
split_feature=3 4 0 0 7 7 7 8 7 0 5 8 7 5 0 4 4 3 7 7 0 5 0 8 2 2 2 0 0 2
split_gain=2506.55 707.24 428.451 400.549 164.159 134.956 125.397 124.486 75.2408 61.9329 61.5196 56.4042 55.9071 53.613 50.5021 39.6799 38.0332 34.6512 29.3475 29.2406 27.633 25.8055 25.519 25.5792 24.4768 22.0456 20.1316 19.2549 19.2253 24.8011
threshold=5.370655299500001 0.77260412676304668 73.500000000000014 78.500000000000014 1.0360263355000001 0.94443998950000008 1.1393784770000002 1.3730554145000002 1.0142381880000002 41.500000000000007 17.500000000000004 1.0052361115000001 1.0504484700000003 15.500000000000002 45.500000000000007 1.4071874333953651 0.62250262374204135 40.087565716500002 0.9088738405000002 1.1303612510000003 93.500000000000014 18.500000000000004 102.50000000000001 1.1667312910000003 2.5000000000000004 1.0000000180025095e-35 1.0000000180025095e-35 90.500000000000014 106.50000000000001 4.5000000000000009
decision_type=2 10 2 2 2 2 2 2 2 2 2 2 2 2 2 10 8 2 2 2 2 2 2 2 2 2 2 2 2 2
left_child=1 5 6 4 11 20 9 10 13 -2 -4 18 16 28 -13 -8 26 -12 -3 -6 -1 -11 23 -10 -16 -14 -7 -18 29 -5
right_child=2 3 7 8 19 12 15 -9 22 21 17 14 25 -15 24 -17 27 -19 -20 -21 -22 -23 -24 -25 -26 -27 -28 -29 -30 -31
leaf_value=-0.012926050644962758 -0.0008607947644034275 -0.0081417092978693321 0.0076045263413120848 0.00096986547681630073 -0.0012806753260538762 -0.0044584679630390233 0.0048571543591461102 0.018291993916594057 0.0019127770874421636 0.0015006536703569995 0.012424372859215733 -0.0041205215657826649 -0.00065977085235564836 0.0049896041191788039 0.0010580761426168984 0.011087351439045738 -0.0056663109468900802 0.022140804518072085 -0.0054720387918195806 0.001322840328802577 -0.010653598204504379 0.004561539674651849 0.014482797133620901 0.0064345652429846911 -0.0028934699964742157 -0.0048055916502733114 -0.011735183508974506 -0.0039711621789910723 0.0043433109810757653 -0.0056919741528363987
leaf_weight=27802 15695 8123 13708 4707 26504 5280 6195 7250 6378 11121 19171 15957 7124 12385 6459 4848 18903 6950 18014 12943 4705 9055 5431 5729 6320 12562 16139 5507 4704 6385
leaf_count=27802 15695 8123 13708 4707 26504 5280 6195 7250 6378 11121 19171 15957 7124 12385 6459 4848 18903 6950 18014 12943 4705 9055 5431 5729 6320 12562 16139 5507 4704 6385
internal_value=-0.000593645 -0.00332329 0.00631968 -0.00104315 -0.00290485 -0.00658058 0.00293751 0.00968933 0.00279749 0.00150275 0.00859034 -0.00467332 -0.00527301 0.00119696 -0.00314359 0.00759527 -0.00623036 0.0100144 -0.00635424 -0.000444528 -0.00921467 0.00333482 0.00536824 0.00408789 -0.000800806 -0.00304327 -0.00776874 -0.00487917 -0.000734131 -0.00186987
internal_weight=332054 238061 93993 140039 94320 98022 46914 47079 45719 35871 39829 54873 65515 28181 28736 11043 45829 26121 26137 39447 32507 20176 17538 12107 12779 19686 21419 24410 15796 11092
internal_count=332054 238061 93993 140039 94320 98022 46914 47079 45719 35871 39829 54873 65515 28181 28736 11043 45829 26121 26137 39447 32507 20176 17538 12107 12779 19686 21419 24410 15796 11092
is_linear=0
shrinkage=0.05


Tree=11
num_leaves=31
num_cat=0
split_feature=3 4 1 1 7 7 3 8 4 6 5 7 9 8 7 7 7 1 7 1 1 9 1 1 4 7 4 9 9 7
split_gain=2264.96 656.517 383.376 355.563 144.962 130.342 119.639 112.513 77.4856 57.2567 54.7326 51.0424 49.5696 46.881 40.5674 38.9518 35.2701 30.3462 30.2037 29.3375 28.4753 30.4336 26.7488 26.677 26.2664 25.9718 25.9165 24.376 22.7385 19.7722
threshold=5.370655299500001 0.77260412676304668 44.500000000000007 49.500000000000007 1.0360263355000001 0.94213990150000015 19.877938300000004 1.3730554145000002 0.91797401009845758 1.0000000180025095e-35 18.500000000000004 1.1229187270000003 30.500000000000004 1.0169589225000002 1.0116805640000002 0.94667231500000015 1.0866460510000002 73.500000000000014 0.9088738405000002 11.500000000000002 13.500000000000002 26.500000000000004 31.500000000000004 31.500000000000004 0.59996869676802655 1.1393784770000002 0.63832095183014004 28.500000000000004 18.500000000000004 1.0744235155000001
decision_type=2 10 2 2 2 2 2 2 10 2 2 2 2 2 2 2 2 2 2 2 2 2 2 2 10 2 10 2 2 2
left_child=1 5 7 8 13 23 12 10 14 16 -2 -8 25 18 20 -10 26 -15 -5 -12 -3 -22 27 -1 -11 -4 -7 -17 -6 -14
right_child=2 3 6 4 28 9 11 -9 15 24 19 -13 29 17 -16 22 -18 -19 -20 -21 21 -23 -24 -25 -26 -27 -28 -29 -30 -31
leaf_value=-0.010924640508748019 0.0077875244561232126 0.0047858319168962993 -0.00097892977785427613 -0.0083968891443250981 -0.0016036027037662521 -0.0058922268379033643 0.0044080731186271543 0.017793366235598573 0.00026826754678398179 -0.010606819442499867 0.027512464135583628 0.011706679979454369 0.0019185338944859604 -0.00067294495969864594 0.0032794711063789395 0.0075892939226587216 -0.00052977234083331499 -0.0036944800364280051 -0.0052197855055806765 0.010556295378563918 -0.0060724947552213363 -3.8974920874901287e-05 0.0029281590521659934 -0.012451816037771636 -0.006483763648878333 0.0035174435164855079 -0.0027749118832783417 0.010854055743666258 0.00067805393431700231 0.0046158403202677641
leaf_weight=5695 15326 4965 17835 7492 18022 14683 8457 6917 5296 13416 7894 4560 8012 8928 10293 7182 7518 15405 16967 15315 6431 6780 8420 25874 19058 4819 11877 6057 17808 5086
leaf_count=5695 15326 4965 17835 7492 18022 14683 8457 6917 5296 13416 7894 4560 8012 8928 10293 7182 7518 15405 16967 15315 6431 6780 8420 25874 19058 4819 11877 6057 17808 5086
internal_value=-0.000621553 -0.00321758 0.00594037 -0.00102016 -0.00305901 -0.00635369 0.0028609 0.0092439 0.00209277 -0.00509789 0.00818792 0.00696418 0.00136617 -0.00483226 0.000273495 0.00401382 -0.00366532 -0.00327728 -0.00637825 0.00971989 -0.0011468 -0.00235983 0.00495349 -0.00899989 -0.00660042 -4.96491e-05 -0.00452099 0.00635476 -0.000643924 0.00381401
internal_weight=332388 238167 94221 140046 84622 98121 48769 45452 55424 66552 38535 13017 35752 48792 28469 26955 34078 24333 24459 23209 18176 13211 21659 31569 32474 22654 26560 13239 35830 13098
internal_count=332388 238167 94221 140046 84622 98121 48769 45452 55424 66552 38535 13017 35752 48792 28469 26955 34078 24333 24459 23209 18176 13211 21659 31569 32474 22654 26560 13239 35830 13098
is_linear=0
shrinkage=0.05


Tree=12
num_leaves=31
num_cat=0
split_feature=3 7 1 1 3 3 7 1 8 5 9 7 5 9 6 3 2 1 8 2 8 1 8 3 3 9 7 9 2 7
split_gain=2039.81 399.769 348.67 296.712 188.144 151.42 146.575 131.495 73.3482 68.5135 61.7488 60.0402 52.7491 45.8835 45.7891 43.9152 39.6794 39.6117 37.6239 38.9195 36.0965 34.7228 38.5346 33.7054 28.9106 28.335 27.2498 24.4523 21.4996 19.441
threshold=4.9572752275000012 0.94766751400000004 69.500000000000014 44.500000000000007 -21.054209681999996 40.087565716500002 1.0758004030000003 32.500000000000007 1.2428557500000001 16.500000000000004 23.500000000000004 1.1393784770000002 10.500000000000002 32.500000000000007 1.5000000000000002 -41.640154907499998 2.5000000000000004 23.500000000000004 1.5927279265000003 2.5000000000000004 1.1208789765000002 12.500000000000002 1.1640513860000004 -15.498409037999998 11.182899174500003 28.500000000000004 0.87473695000000007 35.500000000000007 3.5000000000000004 1.1350018475000001
decision_type=2 2 2 2 2 2 2 2 2 2 2 2 2 2 2 2 2 2 2 2 2 2 2 2 2 2 2 2 2 2
left_child=1 7 5 4 15 9 10 12 -7 27 16 24 -1 26 21 -3 -5 20 19 29 -11 -6 -23 -12 -4 -17 -9 -2 -28 -8
right_child=2 3 11 6 14 8 18 13 -10 17 23 -13 -14 -15 -16 25 -18 -19 -20 -21 -22 22 -24 -25 -26 -27 28 -29 -30 -31
leaf_value=-0.010811513800286627 0.0031146950881074612 -0.011018175750016863 -0.0017638818994322376 -0.0038677134729213636 0.017552752421040384 0.015669776509595692 -0.0013104900885798577 -0.014638347921008805 0.022590033627941344 0.014104047244223006 -0.0050557843526794549 0.0047445155257516362 -8.3593125382147587e-05 -0.0042545000877470792 -0.00081320224055786428 -0.0047665534492996042 -0.0088213718342868338 0.0062332471045283 0.002631278968075257 -0.0047054364459071856 0.020434119150353217 0.0023829843586732958 0.0064920137024627291 -0.0011357424588169407 0.0014619211220802176 0.0018265949992487041 -0.0072606926712310898 0.0062321137310343833 -0.014339077688962476 0.001141788775543129
leaf_weight=5156 13014 5456 12166 38869 4846 7753 13587 11808 4755 8205 8214 7249 9203 10106 5621 8547 15911 21231 5269 7933 5384 13435 7839 20003 9988 6232 19770 6735 7085 10521
leaf_count=5156 13014 5456 12166 38869 4846 7753 13587 11808 4755 8205 8214 7249 9203 10106 5621 8547 15911 21231 5269 7933 5384 13435 7839 20003 9988 6232 19770 6735 7085 10521
internal_value=-0.000631787 -0.00314119 0.00549101 -0.00189385 0.00126296 0.00748096 -0.00325768 -0.00654491 0.0124431 0.00634253 -0.00442775 0.000950847 -0.00233831 -0.00778309 0.00366463 -0.00250432 -0.00540659 0.00767696 -0.000654563 -0.00129852 0.00978649 0.00454545 0.00367381 -0.00252684 -0.000341848 -0.00108817 -0.00856748 0.00398843 -0.00768382 -0.000298594
internal_weight=331891 235411 96480 172283 51976 67077 120307 63128 12508 54569 82997 29403 14359 48769 31741 20235 54780 34820 37310 32041 13589 26120 21274 28217 22154 14779 38663 19749 26855 24108
internal_count=331891 235411 96480 172283 51976 67077 120307 63128 12508 54569 82997 29403 14359 48769 31741 20235 54780 34820 37310 32041 13589 26120 21274 28217 22154 14779 38663 19749 26855 24108
is_linear=0
shrinkage=0.05


Tree=13
num_leaves=31
num_cat=0
split_feature=3 4 0 0 7 7 8 3 5 7 7 0 6 0 7 0 7 0 2 2 2 2 0 7 7 6 0 2 4 6
split_gain=1865.46 583.663 313.772 312.167 132.674 121.871 112.361 104.891 64.9217 62.2125 55.3096 50.5833 49.8505 42.5219 40.1244 39.3176 38.8485 36.7052 36.5818 35.2277 32.6428 30.0638 29.3328 27.2212 24.2387 24.1939 23.4711 39.3534 20.589 20.3799
threshold=5.1593147565000015 0.75615471935197054 80.500000000000014 80.500000000000014 1.0758004030000003 1.0107513135000004 1.3730554145000002 19.877938300000004 15.500000000000002 0.94213990150000015 1.1393784770000002 96.500000000000014 1.5000000000000002 51.500000000000007 1.0310529730000002 106.50000000000001 0.92847607600000004 44.500000000000007 1.5000000000000002 1.0000000180025095e-35 3.5000000000000004 1.5000000000000002 56.500000000000007 1.1201095380000001 0.97690684250000015 1.0000000180025095e-35 108.50000000000001 5.5000000000000009 0.59421509617575907 1.0000000180025095e-35
decision_type=2 10 2 2 2 2 2 2 2 2 2 2 2 2 2 2 2 2 2 2 2 2 2 2 2 2 2 2 10 2
left_child=1 5 4 7 9 11 12 13 14 -3 -9 16 15 23 26 20 -1 21 -19 -7 -5 -11 -6 -2 -10 -15 27 -4 -21 -18
right_child=3 2 8 6 22 19 -8 10 24 17 -12 -13 -14 25 -16 -17 29 18 -20 28 -22 -23 -24 -25 -26 -27 -28 -29 -30 -31
leaf_value=-0.012838971877484152 -0.00083012700974580697 -0.0060311170900031082 0.00069853951580373108 0.010003073110594451 -0.0004621252871835652 -0.00076199213523743818 0.018340442171086442 0.004115941408089685 0.0028619163698204056 -0.0023461387363632874 0.012275219012647637 -0.0075765896119842748 0.0063690624510893473 0.0043346890765384614 0.0045082296640591183 0.023313316230924384 -0.0053756901618476939 0.0019208866379471835 -0.0022415338250925012 -0.0077162995559359572 0.0063663892589672227 -0.0061760532022315465 0.0034233805274675624 0.0025282944451365699 0.007584797320540718 0.0012577245668163733 0.0060661395765346906 -0.0077535445751229035 -0.0039763721641930322 -0.010197394496254196
leaf_weight=21997 17745 18447 7898 10242 20062 9304 5943 10497 7161 21008 4678 8264 6893 8607 6802 9986 16424 4513 21585 7224 8194 7909 6547 6547 13108 5958 4545 5390 12811 15636
leaf_count=21997 17745 18447 7898 10242 20062 9304 5943 10497 7161 21008 4678 8264 6893 8607 6802 9986 16424 4513 21585 7224 8194 7909 6547 6547 13108 5958 4545 5390 12811 15636
internal_value=-0.000661171 -0.0030398 -0.00106523 0.00524555 -0.00262338 -0.00616266 0.00852035 0.00274442 0.00240709 -0.00371902 0.00626894 -0.00741364 0.00744798 0.00136734 0.000682325 0.0083732 -0.00797071 -0.002876 -0.00151611 -0.00350455 0.0070007 -0.00410285 0.000401574 8.64304e-05 0.00450269 0.00350292 -0.000564105 -0.00162492 -0.004685 -0.00685794
internal_weight=331925 236635 144975 95290 100071 91660 41258 54032 44904 73462 15175 62321 35315 38857 24635 28422 54057 55015 26098 29339 18436 28917 26609 24292 20269 14565 17833 13288 20035 32060
internal_count=331925 236635 144975 95290 100071 91660 41258 54032 44904 73462 15175 62321 35315 38857 24635 28422 54057 55015 26098 29339 18436 28917 26609 24292 20269 14565 17833 13288 20035 32060
is_linear=0
shrinkage=0.05


Tree=14
num_leaves=31
num_cat=0
split_feature=3 4 0 0 7 7 9 4 7 8 4 7 4 0 2 8 0 8 8 7 0 2 2 9 9 7 7 8 9 4
split_gain=1676.23 577.052 301.843 244.254 115.431 108.929 95.5648 88.5635 87.265 77.4397 49.7902 42.8401 40.558 39.6819 56.2695 34.8657 28.6101 37.4392 27.7847 26.5625 24.1143 23.9343 23.5684 23.5127 22.1087 20.7008 19.0964 17.8459 16.1817 15.9101
threshold=6.4705876725000007 0.7461120381225248 60.500000000000007 84.500000000000014 1.0360263355000001 1.0251857335000003 27.500000000000004 0.91797401009845758 1.1201095380000001 1.3730554145000002 0.59421509617575907 0.97690684250000015 1.2399721071032637 92.500000000000014 3.5000000000000004 1.2592987655000003 101.50000000000001 1.1640513860000004 0.8314545940000001 0.87800698450000014 87.500000000000014 1.0000000180025095e-35 2.5000000000000004 17.500000000000004 47.500000000000007 1.1439495680000002 0.96724136100000013 0.96876116550000013 22.500000000000004 0.59996869676802655
decision_type=2 10 2 2 2 2 2 10 2 2 8 2 10 2 2 2 2 2 2 2 2 2 2 2 2 2 2 2 2 10
left_child=1 5 4 6 15 10 25 11 24 12 18 -4 26 14 -9 19 17 -13 -1 -3 27 -7 -6 -15 -8 -2 -5 -12 -21 -23
right_child=3 2 7 9 22 21 8 13 -10 -11 20 16 -14 23 -16 -17 -18 -19 -20 28 -22 29 -24 -25 -26 -27 -28 -29 -30 -31
leaf_value=-0.020409627295454088 -7.6199259974518713e-05 -0.0080833400580581829 -0.0027565391955159169 0.0048097398451331574 -0.00031607818684573075 -0.00078283124007625109 0.0019027255864480621 0.0036859455588262205 0.0089420854436980026 0.018120100538617165 -0.0092711636328865425 -0.0017360342978862465 0.016416124313772897 0.0046255439409004897 -0.002019907498333362 -0.00034039469627672458 0.007419973037510969 0.0031824740356237837 -0.0092817431085444047 -0.0052578680638360551 -0.0057393992235269314 -0.0074751043572053259 -0.004090365875493729 0.0098198569375038351 0.0052364338757924902 0.0043071683691500605 0.010449349642118085 -0.0048043514716787335 -0.0027085386914887572 -0.0035566893483804235
leaf_weight=7375 18566 4654 16305 4846 29672 8360 14450 12270 7828 5138 11674 11177 11902 5747 7563 4603 5651 6562 23778 23288 7985 6435 5356 9579 5871 4719 14451 12834 13974 9600
leaf_count=7375 18566 4654 16305 4846 29672 8360 14450 12270 7828 5138 11674 11177 11902 5747 7563 4603 5651 6562 23778 23288 7985 6435 5356 9579 5871 4719 14451 12834 13974 9600
internal_value=-0.000661651 -0.00278987 -0.000967114 0.00526525 -0.00307151 -0.00602767 0.00304778 0.00132549 0.00500773 0.00840316 -0.00711654 -0.000293136 0.00746419 0.00315273 0.00167545 -0.00470376 0.00107822 9.08758e-05 -0.00854556 -0.00515732 -0.00574535 -0.00318596 -0.000903434 0.00506327 0.00327844 0.000677866 0.00604536 -0.00652307 -0.00471127 -0.00431655
internal_weight=332213 244442 156401 87771 81547 88041 51434 74854 28149 36337 63646 39695 31199 35159 19833 46519 23390 17739 31153 41916 32493 24395 35028 15326 20321 23285 19297 24508 37262 16035
internal_count=332213 244442 156401 87771 81547 88041 51434 74854 28149 36337 63646 39695 31199 35159 19833 46519 23390 17739 31153 41916 32493 24395 35028 15326 20321 23285 19297 24508 37262 16035
is_linear=0
shrinkage=0.05


Tree=15
num_leaves=31
num_cat=0
split_feature=3 5 0 0 7 3 8 8 3 7 0 2 0 0 2 5 2 7 7 2 0 2 7 7 7 3 3 7 0 7
split_gain=1507.83 338.424 268.753 237.847 214.865 94.0203 93.8792 76.5389 65.3616 60.6588 53.7329 58.6607 46.4552 44.7623 39.9939 38.0228 36.5614 36.4468 30.2355 23.3432 22.6667 26.9492 22.6441 22.6096 22.0279 20.7608 20.4987 20.3187 19.7356 16.3945
threshold=4.5688337305000006 11.500000000000002 77.500000000000014 85.500000000000014 1.0154001440000002 31.598499919000002 1.0025047235000002 1.3868331465000001 -19.952743553999998 0.87473695000000007 53.500000000000007 1.5000000000000002 50.500000000000007 108.50000000000001 3.5000000000000004 7.5000000000000009 2.5000000000000004 1.1393784770000002 1.1229187270000003 2.5000000000000004 86.500000000000014 3.5000000000000004 1.0473717320000002 0.9088738405000002 1.0116805640000002 -3.1171845404999998 -9.7033890364999973 1.0000053235000002 77.500000000000014 0.9953402065000001
decision_type=2 2 2 2 2 2 2 2 2 2 2 2 2 2 2 2 2 2 2 2 2 2 2 2 2 2 2 2 2 2
left_child=1 4 5 6 9 12 23 13 -5 -1 11 -8 17 14 -4 26 -12 29 28 -14 21 -17 -16 -3 -10 -13 -11 -15 -6 -2
right_child=2 3 7 8 18 -7 10 -9 24 15 16 25 19 27 22 20 -18 -19 -20 -21 -22 -23 -24 -25 -26 -27 -28 -29 -30 -31
leaf_value=-0.014698028289669741 -0.002278498867261225 -0.0061896228341772998 0.0083385781760117687 -0.00029970250234589161 -0.0030281472773805774 0.008059243119726547 -0.00065966162585923138 0.015482942697545311 0.004158359479631152 -0.010555447093222382 0.0029628416066443176 -0.0064917113831366559 0.0042120119140404031 0.014868627074920324 0.002283310014396342 -0.0039034898102062567 -0.00082329069463541187 0.0031414452084984391 0.00016174311339879068 0.00082635365535816969 -0.0036354900073028275 -0.0098695532661659813 0.0086828488776252936 -0.0038460271053758072 0.0081723306194343426 -0.0024433989896597177 -0.0052630105939610932 0.025002551066788038 -2.0289173350118705e-05 0.00018929597760964923
leaf_weight=11578 7234 7635 13469 12972 25941 5036 22124 5951 12355 17929 7631 7353 12601 5400 7982 17383 12666 7041 12106 6675 7947 6736 5153 18616 9041 4521 12919 6785 5433 15573
leaf_count=11578 7234 7635 13469 12972 25941 5036 22124 5951 12355 17929 7631 7353 12601 5400 7982 17383 12666 7041 12106 6675 7947 6736 5153 18616 9041 4521 12919 6785 5433 15573
internal_value=-0.000666911 -0.00286346 0.00450533 -0.000932178 -0.00474457 0.00213607 -0.00241803 0.00737289 0.00254997 -0.00637475 -0.00123089 -0.00244611 0.00146858 0.00656126 0.00540982 -0.00576177 0.000804724 0.000232807 -0.00195125 0.00338157 -0.00455474 -0.00531784 0.00344463 -0.0048727 0.00424747 -0.00528033 -0.00701553 0.00907199 -0.00277016 -0.000738098
internal_weight=331786 232886 98900 114914 117972 54160 80546 44740 34368 74492 54295 33998 49124 38789 26604 62914 20297 29848 43480 19276 32066 24119 13135 26251 21396 11874 30848 12185 31374 22807
internal_count=331786 232886 98900 114914 117972 54160 80546 44740 34368 74492 54295 33998 49124 38789 26604 62914 20297 29848 43480 19276 32066 24119 13135 26251 21396 11874 30848 12185 31374 22807
is_linear=0
shrinkage=0.05


Tree=16
num_leaves=31
num_cat=0
split_feature=4 0 4 4 0 7 8 9 8 7 9 0 8 7 0 9 7 5 0 7 4 0 8 4 0 5 4 0 5 4
split_gain=1395.91 505.148 237.045 137.634 105.608 101.131 92.47 64.8855 58.3331 57.1497 51.4822 49.487 49.1079 41.1528 39.5041 39.4814 39.0519 31.4866 30.2474 29.9732 26.9508 26.5958 25.5797 24.3683 23.2009 22.606 19.4421 15.556 14.2734 13.4758
threshold=0.91797401009845758 62.500000000000007 0.6785940134479117 1.1942823075328672 58.500000000000007 1.1201095380000001 1.0000014820000003 52.500000000000007 0.93643926100000019 0.98477545750000017 17.500000000000004 111.50000000000001 1.3201884320000004 0.94314624850000006 94.500000000000014 14.500000000000002 0.93454038750000012 21.500000000000004 19.500000000000004 0.87209273600000004 1.3951014835576214 102.50000000000001 1.2618163615000004 0.82384091727504383 39.500000000000007 14.500000000000002 0.55541694280659659 90.500000000000014 8.5000000000000018 1.0037338850404318
decision_type=10 2 8 10 2 2 2 2 2 2 2 2 2 2 2 2 2 2 2 2 10 2 2 10 2 2 10 2 2 10
left_child=2 5 6 7 9 8 19 11 -2 -4 21 13 14 -3 -5 -10 -12 -7 -8 -1 24 -6 -11 -18 -17 -15 -21 -27 -20 -26
right_child=1 3 4 12 10 17 18 -9 15 22 16 -13 -14 25 -16 20 23 -19 28 26 -22 -23 -24 -25 29 27 -28 -29 -30 -31
leaf_value=-0.017748739992032726 -0.0039900191573612465 -0.0015341446772931117 -0.0057420398223226423 0.005034427323534249 -0.006173631196937774 0.0012974796756306446 -0.0021320854515707865 0.0084380439552662386 -0.0024115872417243833 -0.0036600674820157775 -0.0033385663339270872 0.016298835887969567 0.014724682423870518 0.0019188214399323722 0.017153712729721816 -0.0013059826591725 -0.00053772429992208495 0.0057298396271912135 -0.0084760947584146869 -0.011960393887854033 0.0036600184396142379 -0.0010713210972468079 -0.00084742023826400454 0.0029411411899654461 -0.0010169643850551414 0.0026444669164567614 -0.0074393168499675925 0.007393258062429112 -0.0044958884499979928 0.0015294181358813498
leaf_weight=7485 10576 6166 18462 10174 10511 13704 14001 9001 15947 16727 7710 7690 6862 14111 11137 14741 14514 5462 7357 13779 4695 5695 10940 13849 4610 11511 12397 11016 8168 12694
leaf_count=7485 10576 6166 18462 10174 10511 13704 14001 9001 15947 16727 7710 7690 6862 14111 11137 14741 14514 5462 7357 13779 4695 5695 10940 13849 4610 11511 12397 11016 8168 12694
internal_value=-0.000673054 0.00248843 -0.00400085 0.00513043 -0.00246614 -0.000321621 -0.00639064 0.0037666 -0.0012856 -0.00420975 -0.000927387 0.00306887 0.00800935 0.00240487 0.00682175 -0.000605168 0.000124383 0.00285979 -0.00434713 -0.00818222 0.000296639 -0.00326784 -0.0027713 0.000982181 -0.000221919 0.00304083 -0.00738131 0.00402372 -0.00586687 0.0010197
internal_weight=331692 170097 161595 87668 98408 82429 63187 59495 63263 46129 52279 50494 28173 42804 21311 52687 36073 19166 29526 33661 36740 16206 27667 28363 32045 36638 26176 22527 15525 17304
internal_count=331692 170097 161595 87668 98408 82429 63187 59495 63263 46129 52279 50494 28173 42804 21311 52687 36073 19166 29526 33661 36740 16206 27667 28363 32045 36638 26176 22527 15525 17304
is_linear=0
shrinkage=0.05


Tree=17
num_leaves=31
num_cat=0
split_feature=4 0 4 5 9 7 8 8 0 7 9 9 7 4 7 0 9 0 0 9 7 0 8 0 4 7 9 4 0 7
split_gain=1263.97 462.575 214.323 117.74 109.534 100.632 80.676 64.8053 64.2448 80.2235 62.677 53.9645 44.2165 42.7393 33.3786 32.1629 30.4332 26.5259 25.9179 25.4074 25.0804 22.6473 21.5516 17.9016 17.0086 15.9977 14.9266 14.3937 14.2247 14.0265
threshold=0.91184646788642276 66.500000000000014 0.65432679673362382 18.500000000000004 27.500000000000004 1.0758004030000003 1.0000014820000003 1.3838021630000001 101.50000000000001 1.0154001440000002 32.500000000000007 14.500000000000002 0.93934972700000008 1.1942823075328672 0.94443998950000008 21.500000000000004 43.500000000000007 44.500000000000007 102.50000000000001 13.500000000000002 0.87209273600000004 110.50000000000001 0.95800982700000004 105.50000000000001 1.1993176527928719 1.2082677355000002 17.500000000000004 0.52369155028788228 86.500000000000014 1.0703823300000002
decision_type=10 2 8 2 2 2 2 2 2 2 2 2 2 10 2 2 2 2 2 2 2 2 2 2 10 2 2 10 2 2
left_child=2 5 6 14 8 11 20 13 9 26 25 22 -6 21 -3 -8 28 -13 19 -16 -1 -5 -2 -15 -19 -7 -4 -22 -14 -21
right_child=1 3 4 7 12 10 15 -9 -10 -11 -12 17 16 23 18 -17 -18 24 -20 29 27 -23 -24 -25 -26 -27 -28 -29 -30 -31
leaf_value=-0.017188592224367222 -0.0072629466475269029 -0.00013639018847436403 -0.0069730441327639061 0.0043191138456046942 -0.0033664841445248343 3.6058503506838924e-05 -0.0020690859174879116 0.014746988517198465 0.00031837531199392091 -0.0019656854570176407 0.0046147487785746597 -0.0012283286528957217 -0.0010984787571483468 0.0081824302899293263 -0.00032513066332072184 -0.0070448928243288028 0.0035271266162304584 3.086976254649265e-05 0.011232459983645905 0.0027683730222504755 -0.011726575971926466 0.017181560908284182 -0.0025731497530675496 0.024327296847870467 0.0032597328634380086 0.0032059867230661261 -0.0042092143741280456 -0.0078021451603914223 0.0025078943926863774 0.0057672209591473431
leaf_weight=6890 4787 6760 21473 16131 8615 19552 14055 6114 8860 23881 8298 21464 13654 9263 5240 12275 8221 13093 9371 12388 11314 4958 12468 5600 4612 5488 12815 11974 4726 7626
leaf_count=6890 4787 6760 21473 16131 8615 19552 14055 6114 8860 23881 8298 21464 13654 9263 5240 12275 8221 13093 9371 12388 11314 4958 12468 5600 4612 5488 12815 11974 4726 7626
internal_value=-0.000680858 0.00227279 -0.0039035 0.00495246 -0.00253753 -0.000218622 -0.00637464 0.00681526 -0.00372367 -0.00432775 0.00195918 -0.00150543 -0.000279663 0.00600439 0.00305841 -0.00435067 0.000728689 -0.000478953 0.00368575 0.00285146 -0.00813952 0.00455521 -0.00383473 0.00805841 0.000953557 0.000710721 -0.00587729 -0.00735199 -0.000402502 0.00366277
internal_weight=331966 173213 158753 83451 102245 89762 56508 42066 67029 58169 33338 56424 35216 35952 41385 26330 26601 39169 34625 25254 30178 21089 17255 14863 17705 25040 34288 23288 18380 20014
internal_count=331966 173213 158753 83451 102245 89762 56508 42066 67029 58169 33338 56424 35216 35952 41385 26330 26601 39169 34625 25254 30178 21089 17255 14863 17705 25040 34288 23288 18380 20014
is_linear=0
shrinkage=0.05


Tree=18
num_leaves=31
num_cat=0
split_feature=4 0 4 3 3 0 8 7 3 7 7 2 7 2 4 0 0 2 4 8 0 8 0 0 2 0 9 9 0 7
split_gain=1182.17 395.242 207.982 124.071 98.3769 96.1446 82.5341 58.623 54.4423 51.8461 49.9298 57.8578 46.4021 46.062 41.0738 33.1303 31.3264 40.4553 30.4459 30.0633 36.2148 27.796 23.2041 21.2259 23.3154 20.0075 18.9385 17.9425 19.7049 17.0662
threshold=0.91797401009845758 60.500000000000007 0.68311762687982269 14.519103264000002 11.856961295500001 59.500000000000007 1.0052361115000001 1.0172596405000001 57.332769702000007 1.0731915865000003 0.98477545750000017 1.5000000000000002 0.97690684250000015 2.5000000000000004 1.5390651465205558 95.500000000000014 111.50000000000001 5.5000000000000009 0.5882475888489489 1.1640513860000004 101.50000000000001 1.1292062270000003 89.500000000000014 86.500000000000014 2.5000000000000004 47.500000000000007 24.500000000000004 21.500000000000004 95.500000000000014 0.86446267950000011
decision_type=10 2 8 2 2 2 2 2 2 2 2 2 2 2 10 2 2 2 10 2 2 2 2 2 2 2 2 2 2 2
left_child=2 4 6 9 7 10 18 -2 15 16 -4 -12 27 -8 -6 26 17 23 29 20 -14 -17 -11 24 -3 -13 -5 28 -7 -1
right_child=1 3 5 8 14 12 13 -9 -10 22 11 25 19 -15 -16 21 -18 -19 -20 -21 -22 -23 -24 -25 -26 -27 -28 -29 -30 -31
leaf_value=-0.01811548452458937 -0.0025196254200136243 0.0024066397622344859 -0.0052158702195082927 0.002145443047478296 0.0013497074628775196 -0.007437437825569446 -0.0021425680330962511 1.2533363621700101e-05 0.019620454544462308 0.0037929608206566353 -0.00043898165948287328 -0.0064095767011210893 -0.0022101685835966638 -0.008088261387620194 0.0061664925927552468 0.011525812851759409 0.013254008628444195 -0.0041109922740253605 -0.0070773865372393335 0.0031226166706194939 0.0050263124786188249 0.016916713023999979 0.011350742151848404 0.0048615605077015822 -0.00075754579381519531 -0.002736778770456208 0.0054855602307407828 -0.0014223966830190671 -0.0035810552262382834 -0.010561923329194995
leaf_weight=4835 26136 6525 18660 4688 13158 4582 20054 35694 4939 7932 15178 7662 14280 9298 4923 10899 5248 5065 12686 8865 5760 6562 4644 11662 9395 5122 13216 12589 4669 17407
leaf_count=4835 26136 6525 18660 4688 13158 4582 20054 35694 4939 7932 15178 7662 14280 9298 4923 10899 5248 5065 12686 8865 5760 6562 4644 11662 9395 5122 13216 12589 4669 17407
internal_value=-0.000684732 0.00221731 -0.00374903 0.00447469 -0.000347083 -0.0022916 -0.00595629 -0.00129579 0.0065432 0.00282238 -0.00393066 -0.00259323 -0.000785468 -0.00400075 0.00289658 0.00585489 0.00189875 0.00132189 -0.00759883 0.000528796 -0.000543777 0.0074051 0.00560369 0.00207616 0.00088854 -0.00507076 0.00434139 -0.00252461 -0.00419593 -0.00871466
internal_weight=332333 170686 161647 90775 79911 97367 64280 61830 40304 50471 46622 27962 50745 29352 18081 35365 37895 32647 34928 28905 20040 17461 12576 27582 15920 12784 17904 21840 9251 22242
internal_count=332333 170686 161647 90775 79911 97367 64280 61830 40304 50471 46622 27962 50745 29352 18081 35365 37895 32647 34928 28905 20040 17461 12576 27582 15920 12784 17904 21840 9251 22242
is_linear=0
shrinkage=0.05


Tree=19
num_leaves=31
num_cat=0
split_feature=4 3 4 0 0 7 3 7 9 2 7 7 0 9 7 7 0 2 0 2 9 0 7 9 4 3 7 0 9 2
split_gain=1050.48 362.347 197.787 183.064 85.859 81.4729 62.5034 60.9486 50.4941 47.3774 52.8605 44.067 41.7048 41.2056 38.1593 36.1864 31.5344 36.6763 29.5417 25.0413 24.4485 23.7493 22.4139 20.3579 17.9327 19.9697 16.3987 16.0939 15.7697 14.6936
threshold=0.92108013454721493 19.877938300000004 0.68746587859812014 60.500000000000007 57.500000000000007 1.0000053235000002 46.633597832000007 1.0172596405000001 53.500000000000007 1.5000000000000002 0.98628077500000011 1.0801551885000003 99.500000000000014 15.500000000000002 0.94314624850000006 0.86446267950000011 102.50000000000001 3.5000000000000004 98.500000000000014 1.0000000180025095e-35 12.500000000000002 82.500000000000014 1.1439495680000002 13.500000000000002 0.52369155028788228 -16.359770412999996 0.93198645250000012 43.500000000000007 16.500000000000004 2.5000000000000004
decision_type=10 2 8 2 2 2 2 2 2 2 2 2 2 2 2 2 2 2 2 2 2 2 2 2 10 2 2 2 2 2
left_child=2 3 5 7 9 15 18 20 14 10 -4 12 13 -6 -5 -1 17 -16 22 -7 -2 -19 -3 -9 25 -17 -15 -11 -14 -26
right_child=1 6 4 8 11 19 -8 23 -10 27 -12 -13 28 26 16 24 -18 21 -20 -21 -22 -23 -24 -25 29 -27 -28 -29 -30 -31
leaf_value=-0.014662834165898132 -0.0050619915746004445 0.0033515755568899854 -0.0044007148134874276 -0.0010280463846221721 -0.0067839223926063454 -0.00057412822368011482 0.01567473370946838 -0.001081358037062563 0.006796715015287863 -0.0064043800254236262 -0.00031283145282430259 0.0034313323396706983 -0.0018982386232865578 -0.0040931615007107182 0.0034385620676604667 -0.013810086153514093 0.0098674107115570182 -0.003189106745586734 0.014409173887969496 -0.0047272124479411206 -0.0013492277683286704 0.0021924623363280106 0.0086328347206764081 0.0008858971706523556 -0.0031440371116473881 -0.0051655739611459472 -0.00060576165888809601 -0.0039033350968558952 0.0041713997824869174 -0.0080073575629570608
leaf_weight=7338 8510 15707 9755 7487 7077 7203 9163 13243 8004 10090 14793 6442 5932 5795 17069 8462 11130 4821 10509 15575 20415 9339 4620 29240 7466 6804 19332 9874 8009 12792
leaf_count=7338 8510 15707 9755 7487 7077 7203 9163 13243 8004 10090 14793 6442 5932 5795 17069 8462 11130 4821 10509 15575 20415 9339 4620 29240 7466 6804 19332 9874 8009 12792
internal_value=-0.000691564 0.00206625 -0.00355981 0.000779225 -0.00212646 -0.00567979 0.00622469 -0.000914399 0.00286967 -0.00374239 -0.0022706 -0.000758433 -0.0012993 -0.00228818 0.00227729 -0.00696398 0.00285885 0.00204385 0.00514575 -0.0032623 -0.0026845 0.000162372 0.00403121 0.000290965 -0.00630189 -0.00759773 -0.00133843 -0.0055511 0.000985049 -0.00532374
internal_weight=331996 169257 162739 129258 97099 65640 39999 71408 57850 44512 24548 52587 46145 32204 49846 42862 42359 31229 30836 22778 28925 14160 20327 42483 35524 15266 25127 19964 13941 20258
internal_count=331996 169257 162739 129258 97099 65640 39999 71408 57850 44512 24548 52587 46145 32204 49846 42862 42359 31229 30836 22778 28925 14160 20327 42483 35524 15266 25127 19964 13941 20258
is_linear=0
shrinkage=0.05


Tree=20
num_leaves=31
num_cat=0
split_feature=4 0 4 7 5 8 8 7 0 0 2 8 2 0 7 2 2 4 7 6 6 8 7 4 6 0 4 7 6 0
split_gain=971.885 358.848 143.154 125.138 97.1716 80.5841 70.9328 57.6833 57.6637 55.7272 55.4134 54.5035 51.9984 38.479 37.8457 36.0655 35.4444 29.4587 28.1865 26.1767 26.1594 24.1848 22.9306 21.9454 19.2168 18.6272 18.1744 22.3507 17.6507 19.8854
threshold=0.86794185012195324 82.500000000000014 0.63832095183014004 1.0758004030000003 18.500000000000004 1.0000014820000003 0.90015274200000006 0.87209273600000004 39.500000000000007 76.500000000000014 3.5000000000000004 1.1396604570000002 2.5000000000000004 52.500000000000007 1.0801551885000003 7.5000000000000009 2.5000000000000004 1.517623163222303 1.1368902595000001 1.5000000000000002 1.0000000180025095e-35 0.8314545940000001 0.98203505650000011 1.2399721071032637 1.0000000180025095e-35 102.50000000000001 1.0632909416606242 1.0262334550000001 1.0000000180025095e-35 99.500000000000014
decision_type=10 2 8 2 2 2 2 2 2 2 2 2 2 2 2 2 2 10 2 2 2 2 2 10 2 2 10 2 2 2
left_child=2 3 5 6 19 21 -2 -4 -8 14 22 23 -7 17 20 28 18 24 -15 25 -9 -1 -10 -6 -5 -3 -24 -28 -11 -30
right_child=1 4 7 13 11 12 8 9 10 15 -12 -13 -14 16 -16 -17 -18 -19 -20 -21 -22 -23 26 -25 -26 -27 27 -29 29 -31
leaf_value=-0.015449797820366679 -0.0041849065891427896 0.0029988598508900177 -0.009089284418643746 0.0010833769181506027 0.0060138395697309612 -0.0019386746021300056 -0.0018032630153491881 -0.0025150618546052857 0.0030326237751340857 0.0022271891699635837 -0.0037919830905768503 0.012553375314956358 -0.0084524475756246886 0.0027855426375075322 -0.00069550103564565424 -0.011037509169629603 0.0016087969326307851 0.0043330182989313017 0.0086915164711887094 0.0004877207412918805 -0.0048520200914194071 -0.008052118970449695 -0.00068688591751842336 0.013964274146054528 -0.0014626148649793946 0.0097820458577337187 -0.00033876165522837013 0.0036710800974507937 -0.0025707977109183434 0.00265404487155706
leaf_weight=9171 12115 15599 6448 15063 15037 17312 29824 23710 10518 9793 6259 13688 7112 4517 11024 4570 7269 4625 4628 8919 18435 19109 10604 5611 8245 8194 5249 6712 7899 4794
leaf_count=9171 12115 15599 6448 15063 15037 17312 29824 23710 10518 9793 6259 13688 7112 4517 11024 4570 7269 4625 4628 8919 18435 19109 10604 5611 8245 8194 5249 6712 7899 4794
internal_value=-0.00071151 0.00158916 -0.00389191 1.27355e-05 0.00454268 -0.0059468 -0.00115287 -0.00264211 -0.000534545 -0.00227611 0.000722418 0.00640051 -0.00384175 0.002149 -0.00321609 -0.000428661 0.00406998 0.00101967 0.00614071 0.00259192 -0.00389828 -0.00776383 0.0015387 0.00477655 0.000295972 0.00345775 0.000639677 0.00197539 0.000394602 -0.000835762
internal_weight=332053 192676 139377 125628 67048 52704 81281 86673 69166 80225 39342 34336 24424 44347 53169 27056 16414 27933 9145 32712 42145 28280 33083 20648 23308 23793 22565 11961 22486 12693
internal_count=332053 192676 139377 125628 67048 52704 81281 86673 69166 80225 39342 34336 24424 44347 53169 27056 16414 27933 9145 32712 42145 28280 33083 20648 23308 23793 22565 11961 22486 12693
is_linear=0
shrinkage=0.05


Tree=21
num_leaves=31
num_cat=0
split_feature=4 3 7 0 3 6 4 7 4 0 7 0 0 0 5 0 4 7 6 0 7 9 9 7 7 9 7 6 4 0
split_gain=881.668 316.549 146.918 127.675 83.0598 66.9496 57.8188 54.1344 46.6055 45.7648 45.1645 38.4933 35.3348 31.8001 30.6005 27.3999 32.6233 29.9147 25.6853 24.3231 22.6744 22.105 18.4173 17.9327 17.3991 16.8733 16.4321 16.0962 14.2454 14.0069
threshold=0.88848677474165438 11.856961295500001 0.94766751400000004 47.500000000000007 38.286769956500009 1.0000000180025095e-35 0.58198096355525697 1.0731915865000003 0.70792748231424296 104.50000000000001 0.97838995950000007 96.500000000000014 88.500000000000014 53.500000000000007 28.500000000000004 71.500000000000014 0.73120486283240538 1.1350018475000001 1.0000000180025095e-35 87.500000000000014 1.1201095380000001 26.500000000000004 16.500000000000004 1.0000053235000002 1.0825141075000002 32.500000000000007 1.0473717320000002 1.5000000000000002 1.0066804572528361 99.500000000000014
decision_type=10 2 2 2 2 2 8 2 10 2 2 2 2 2 2 2 10 2 2 2 2 2 2 2 2 2 2 2 10 2
left_child=2 3 6 10 11 15 -1 9 27 18 -2 20 21 -10 -6 17 -17 -4 28 -9 24 -8 -11 -13 -3 -22 29 -7 -5 -15
right_child=1 4 5 7 14 8 12 19 13 22 -12 23 -14 26 -16 16 -18 -19 -20 -21 25 -23 -24 -25 -26 -27 -28 -29 -30 -31
leaf_value=-0.010817060526499032 -0.0035018503857896957 0.0024621200884530322 -0.0020863348026632701 -2.8355636401583564e-05 0.0085511020159866006 -0.004673536932923811 -0.0069784602551491472 0.0026301493979018959 -0.0043288103357689792 0.0026005878821082186 -0.00064940058395584479 0.007038472579414751 -0.0029296870182867144 -0.0030458117767206585 0.018817892931915072 -0.0035524418693475114 0.0028314221210108629 0.0014685190911773117 -0.0013395249882629245 0.0091006320811903765 0.0023201578632590036 -0.0033810701325218242 0.0098560875890259872 0.013087843146840267 -0.00082873573360753858 0.0072229830768449632 0.0014677360284811815 -0.010308446991720921 0.0024284856866920532 0.00017867518302177034
leaf_weight=15382 14317 21038 33365 10708 9470 16423 14926 11442 9907 4716 39939 5468 7910 8091 4772 4525 8301 5597 18938 5088 4599 8417 5933 8355 4602 4578 4671 6249 9488 4707
leaf_count=15382 14317 21038 33365 10708 9470 16423 14926 11442 9907 4716 39939 5468 7910 8091 4772 4525 8301 5597 18938 5088 4599 8417 5933 8355 4602 4578 4671 6249 9488 4707
internal_value=-0.000703091 0.00161517 -0.0035675 0.000115178 0.00449099 -0.00250292 -0.00589167 0.00158686 -0.00380696 0.000763487 -0.00168353 0.00350704 -0.00465521 -0.00241773 0.00784902 -0.00124245 0.000761827 -0.00190225 -2.74662e-05 0.00406562 0.00262011 -0.00563378 0.00366881 0.00573926 0.00185611 0.0047525 -0.00113383 -0.00548353 0.00121281 -0.00206006
internal_weight=331922 183451 148471 120569 62882 101836 46635 66313 50048 49783 54256 48640 31253 27376 14242 51788 12826 38962 39134 16530 34817 23343 10649 13823 25640 9177 17469 22672 20196 12798
internal_count=331922 183451 148471 120569 62882 101836 46635 66313 50048 49783 54256 48640 31253 27376 14242 51788 12826 38962 39134 16530 34817 23343 10649 13823 25640 9177 17469 22672 20196 12798
is_linear=0
shrinkage=0.05


Tree=22
num_leaves=31
num_cat=0
split_feature=4 3 4 0 3 9 3 0 2 0 8 8 4 8 0 0 0 8 2 0 8 2 2 8 8 9 4 9 8 2
split_gain=797.289 296.923 127.917 120.968 82.4662 78.1074 76.2103 47.4962 49.6257 58.9967 44.481 39.1087 34.6426 31.3481 31.045 31.0021 29.5902 35.5797 27.4614 29.1902 28.4752 24.7612 23.9462 23.8979 22.3636 18.4022 16.6491 15.1144 14.0692 17.8976
threshold=0.88848677474165438 13.326599906500002 0.64381177141985335 51.500000000000007 -12.954458743999998 24.500000000000004 40.087565716500002 111.50000000000001 3.5000000000000004 87.500000000000014 1.2618163615000004 1.0143242110000001 0.51481931355890931 1.429914388 102.50000000000001 90.500000000000014 85.500000000000014 1.0025047235000002 1.5000000000000002 46.500000000000007 1.0216345210000002 5.5000000000000009 5.5000000000000009 1.0000014820000003 1.1052717865000001 17.500000000000004 0.75978287587202054 30.500000000000004 1.2922678700000001 1.5000000000000002
decision_type=10 2 8 2 2 2 2 2 2 2 2 2 10 2 2 2 2 2 2 2 2 2 2 2 2 2 10 2 2 2
left_child=2 3 4 11 12 14 15 8 13 -10 -8 -2 -1 -5 18 25 17 -7 20 -20 -4 -11 26 -6 -17 -3 -21 -14 29 -13
right_child=1 6 5 7 23 16 10 -9 9 21 -12 28 27 -15 -16 24 -18 -19 19 22 -22 -23 -24 -25 -26 -27 -28 -29 -30 -31
leaf_value=-0.012051038972642526 -0.0030460819736698066 -0.0002835668617567788 -0.0047130846258697347 0.0018411915428105776 -0.0056081311140968766 -0.0037311846407915628 0.0085796857751732746 0.013560665452810917 -0.0039295299057402226 0.0038748578935693502 0.016495092166002309 -0.00047669226072514229 -0.0075027662413673923 0.0051477279838147982 -0.00044028667153960259 0.0069394483918311517 0.0019035203238200018 -3.2025507691380017e-05 -0.006019830941038618 -0.0050654927978243391 -0.0007877548344149333 -0.0016904015674279349 -0.009545388250493881 -0.0011887601703317041 0.011436827668538447 0.0030753695499355807 -0.0011469365634253186 -0.0038997789856869583 0.00026239017334730443 -0.0034637510427756703
leaf_weight=14383 15802 4787 6484 27259 7047 9807 8245 6549 10042 10725 4699 19019 14187 4533 6845 9558 11779 16329 10549 5363 12135 6197 6535 13354 7099 23569 8586 4931 18841 6859
leaf_count=14383 15802 4787 6484 27259 7047 9807 8245 6549 10042 10725 4699 19019 14187 4533 6845 9558 11779 16329 10549 5363 12135 6197 6535 13354 7099 23569 8586 4931 18841 6859
internal_value=-0.000677239 0.00152356 -0.00340432 0.000159539 -0.00534764 -0.00229461 0.00448462 0.00165193 0.00120148 -0.000376358 0.00786547 -0.00145082 -0.00687377 0.00253955 -0.00347266 0.00351165 -0.000538964 -0.00147661 -0.00390781 -0.00481869 -0.00238872 0.00142524 -0.00371663 -0.00284046 0.00522371 0.0025052 -0.00254497 -0.00547639 -0.000695097 -0.00145173
internal_weight=332097 183783 148314 125826 53902 94412 57957 65305 58756 26964 12944 60521 33501 31792 56497 45013 37915 26136 49652 31033 18619 16922 20484 20401 16657 28356 13949 19118 44719 25878
internal_count=332097 183783 148314 125826 53902 94412 57957 65305 58756 26964 12944 60521 33501 31792 56497 45013 37915 26136 49652 31033 18619 16922 20484 20401 16657 28356 13949 19118 44719 25878
is_linear=0
shrinkage=0.05


Tree=23
num_leaves=31
num_cat=0
split_feature=4 0 4 9 3 9 6 0 0 4 2 7 7 0 7 7 4 7 7 7 7 4 0 7 0 7 9 2 9 2
split_gain=743.174 237.514 162.504 88.8447 75.7755 73.4433 56.8787 67.3604 55.258 54.2605 39.4663 37.8327 37.0958 45.3911 36.6748 28.973 26.9718 25.3379 25.0468 23.101 22.7133 21.3121 19.0248 16.4254 16.0289 14.205 13.1209 12.9336 12.3516 12.3288
threshold=0.94821113323500628 71.500000000000014 0.63832095183014004 19.500000000000004 -13.196754723499998 17.500000000000004 1.5000000000000002 105.50000000000001 85.500000000000014 1.517623163222303 3.5000000000000004 1.1182239370000002 1.0142381880000002 101.50000000000001 1.1249927920000002 0.94993144500000015 0.51481931355890931 0.91220460200000009 1.1201095380000001 0.96303851350000014 1.0413678250000002 0.83254392057830817 39.500000000000007 1.0485333710000002 109.50000000000001 1.1496716780000003 30.500000000000004 4.5000000000000009 44.500000000000007 1.5000000000000002
decision_type=10 2 8 2 2 2 2 2 2 10 2 2 2 2 2 2 10 2 2 2 2 10 2 2 2 2 2 2 2 2
left_child=2 5 4 12 16 19 7 10 11 18 14 17 13 -4 -3 -6 -1 -5 22 -2 -9 -10 -7 27 -8 -21 -18 -12 -19 -14
right_child=1 6 3 8 15 9 24 20 21 -11 23 -13 29 -15 -16 -17 26 28 -20 25 -22 -23 -24 -25 -26 -27 -28 -29 -30 -31
leaf_value=-0.011524614409143097 -0.0040987171109793776 0.0042789922093731669 -0.0051382353529897343 -0.0042568203495392757 -0.0061507216555636126 -0.0010155874742363707 -0.001053742378590758 0.012307214095424663 -7.9341750470765526e-05 0.0055413759861554562 0.0024694806036732438 0.0028925501314444714 -0.00029970386091882631 -0.0015293624517710687 0.010877589647038655 -0.0012820515523027127 -0.0072826134524076689 -0.0015992679713335957 0.0025029839838463298 -0.001463667605079927 0.020537197251563569 0.0045570481982069562 0.00088452859493188824 0.0046129691199187145 0.0080066865736288569 0.0010438844895448885 -0.0037842915382541673 -0.0018583201175467524 0.00060923040563907191 -0.0031488965594073715
leaf_weight=14185 6278 20266 27908 6958 5426 14094 6734 9670 10046 4771 4892 4581 9479 6840 4757 15004 13424 29559 11399 20716 6541 9742 25809 7124 4506 5379 4660 4581 4845 12167
leaf_count=14185 6278 20266 27908 6958 5426 14094 6734 9670 10046 4771 4892 4581 9479 6840 4757 15004 13424 29559 11399 20716 6541 9742 25809 7124 4506 5379 4660 4581 4845 12167
internal_value=-0.000641387 0.0018495 -0.00288568 -0.00188416 -0.0052062 0.00013369 0.00404645 0.00467896 -0.000634926 0.00122842 0.00361321 -0.0015863 -0.00334004 -0.00435214 0.00486705 -0.00282236 -0.00671477 -0.00206384 0.000753796 -0.00176238 0.0074132 0.00157379 0.000163188 0.00172193 0.000791463 -0.0011068 -0.00543148 0.000357407 -0.00150687 -0.0017147
internal_weight=332341 157517 174824 122125 52699 88446 69071 57831 65731 56073 41620 45943 56394 34748 25023 20430 32269 41362 51302 32373 16211 19788 39903 16597 11240 26095 18084 9473 34404 21646
internal_count=332341 157517 174824 122125 52699 88446 69071 57831 65731 56073 41620 45943 56394 34748 25023 20430 32269 41362 51302 32373 16211 19788 39903 16597 11240 26095 18084 9473 34404 21646
is_linear=0
shrinkage=0.05


Tree=24
num_leaves=31
num_cat=0
split_feature=3 4 0 0 8 9 8 8 2 8 4 5 3 9 2 0 8 0 2 8 0 8 8 0 0 3 2 0 5 0
split_gain=665.892 201.924 165.918 123.848 83.5645 76.277 53.6778 50.837 41.9894 39.769 39.4934 38.4527 30.0495 27.0553 24.7994 31.8652 24.2385 22.2503 22.0642 22.0478 21.8471 24.8279 21.6348 20.7091 17.8524 17.4799 15.1465 14.0503 12.8808 11.626
threshold=1.1545216740000002 0.73487844853869044 89.500000000000014 63.500000000000007 1.0000014820000003 31.500000000000004 0.90015274200000006 1.1208789765000002 1.0000000180025095e-35 0.95085857150000008 0.56244610137483664 12.500000000000002 32.781237475000005 32.500000000000007 1.5000000000000002 45.500000000000007 1.1667312910000003 106.50000000000001 2.5000000000000004 1.0189477030000003 93.500000000000014 0.95085857150000008 0.8314545940000001 112.50000000000001 97.500000000000014 13.326599906500002 4.5000000000000009 46.500000000000007 18.500000000000004 37.500000000000007
decision_type=2 8 2 2 2 2 2 2 2 2 10 2 2 2 2 2 2 2 2 2 2 2 2 2 2 2 2 2 2 2
left_child=1 4 5 6 10 9 -3 23 -6 -2 22 16 27 18 19 -16 -5 -9 -10 -8 21 -13 -1 26 -12 -11 -4 -7 -27 -21
right_child=2 3 7 11 8 12 14 17 13 25 24 20 -14 -15 15 -17 -18 -19 -20 29 -22 -23 -24 -25 -26 28 -28 -29 -30 -31
leaf_value=-0.01477496772959524 -0.0029934758256065621 -0.0057500179221408104 0.0057289690317825857 -0.0025995776193470017 5.5862696960468086e-05 0.00017819496305148121 -0.0030164091354330739 0.0075620876174549547 -0.0024626135964563424 -6.0606787640671295e-05 -0.0055389538292774793 -0.0026431711729913293 0.006741158057702085 -0.00010815175965590008 -0.0046492284144802999 -0.001362507353936282 0.001922307304394355 0.020467274678926332 -0.0065930732260915947 -0.0007562117641035593 0.0042378841021985638 0.0012749692732089925 -0.007554968624315813 0.017328200484734477 -0.0036329731048289626 0.00010178964013790592 0.0017685587204107234 0.0028713583314018635 0.0030204171338483743 0.0015573867733520486
leaf_weight=6304 8139 8548 8038 19028 10607 6150 7068 9404 12721 33648 18744 5124 4854 4559 11325 13443 4949 5720 10777 19303 18012 14468 12536 6464 4703 4785 7448 22415 7449 4975
leaf_count=6304 8139 8548 8038 19028 10607 6150 7068 9404 12721 33648 18744 5124 4854 4559 11325 13443 4949 5720 10777 19303 18012 14468 12536 6464 4703 4785 7448 22415 7449 4975
internal_value=-0.00060278 -0.00233942 0.002287 -0.00108942 -0.0042886 0.0010984 -0.00261764 0.00508981 -0.00260803 -6.3164e-05 -0.00582468 0.000515336 0.00297578 -0.003621 -0.00205501 -0.0032374 -0.00104922 0.00732038 -0.00430477 -0.00112038 0.00151294 0.000357198 -0.00752985 0.00355158 -0.00445324 0.000508314 0.00255794 0.00235693 0.0021264 -0.000404604
internal_weight=331708 207194 124514 126243 80951 87440 64662 37074 38664 54021 42287 61581 33419 28057 56114 24768 23977 15124 23498 31346 37604 19592 18840 21950 23447 45882 15486 28565 12234 24278
internal_count=331708 207194 124514 126243 80951 87440 64662 37074 38664 54021 42287 61581 33419 28057 56114 24768 23977 15124 23498 31346 37604 19592 18840 21950 23447 45882 15486 28565 12234 24278
is_linear=0
shrinkage=0.05


Tree=25
num_leaves=31
num_cat=0
split_feature=4 0 9 7 7 6 6 4 7 4 2 7 3 9 0 9 0 7 7 2 0 2 7 0 4 7 7 3 0 7
split_gain=614.252 262.248 124.555 104.322 88.5376 69.5787 60.9117 46.7973 44.8852 40.9697 38.7784 32.027 31.9816 27.0903 27.0333 21.6171 21.2453 20.1824 19.2208 20.0322 18.2724 17.1218 16.6371 15.1462 14.7055 12.0978 15.5846 13.6406 12.0435 11.5659
threshold=0.82384091727504383 90.500000000000014 18.500000000000004 0.87209273600000004 1.1201095380000001 1.5000000000000002 1.5000000000000002 1.3637326224228989 1.0183233475000002 0.5882475888489489 1.0000000180025095e-35 0.90495753450000016 21.640579869500005 29.500000000000004 112.50000000000001 53.500000000000007 86.500000000000014 1.1927919445000004 1.0473717320000002 4.5000000000000009 112.50000000000001 3.5000000000000004 1.0251857335000003 37.500000000000007 0.96581831991233036 1.0951090540000001 1.0758004030000003 13.326599906500002 56.500000000000007 0.97919752400000004
decision_type=10 2 2 2 2 2 2 10 2 8 2 2 2 2 2 2 2 2 2 2 2 2 2 2 10 2 2 2 2 2
left_child=3 2 8 -1 11 7 9 14 21 10 -5 -4 28 22 18 24 -8 -10 19 -3 -7 23 -11 -2 -13 26 27 -26 -6 -21
right_child=1 5 4 6 12 20 16 -9 17 13 -12 15 -14 -15 -16 -17 -18 -19 -20 29 -22 -23 -24 -25 25 -27 -28 -29 -30 -31
leaf_value=-0.010392570682912418 -0.0029914093464978309 0.0057228461198126079 -0.0026996733480586094 -0.0011961669618992588 0.0014128146115873182 -0.0014032961898928443 -0.0088960774168755398 0.017536566527346895 -0.0011149479632383108 -0.0029866906209650213 -0.0062344181084229514 -0.00071078181761629895 0.0082993817391845866 -0.00022450818180955734 0.019195681948435031 0.0030547818563539499 -0.0063172475629277693 0.0022650147281428139 0.0072004702163051245 -0.0013486189670128075 0.0079081801658052783 -0.0075494291305799217 -0.0010418799904436504 -0.00025665644586612415 -1.5431520781411524e-05 -0.0015603604196795075 0.003064439761397553 0.0019969252926391487 0.0042817164321973305 0.0037748251258613893
leaf_weight=12108 15102 10979 6838 10665 8440 8025 9848 4768 25521 28480 19718 20196 5291 18455 8340 7209 4684 4792 11520 4670 4570 5339 15989 4510 23968 4775 4671 10986 6075 5334
leaf_count=12108 15102 10979 6838 10665 8440 8025 9848 4768 25521 28480 19718 20196 5291 18455 8340 7209 4684 4792 11520 4670 4570 5339 15989 4510 23968 4775 4671 10986 6075 5334
internal_value=-0.000653793 0.000964556 -0.000117829 -0.00351297 0.000948539 0.00382273 -0.0030186 0.00473107 -0.00201741 -0.00254938 -0.00405711 0.000195968 0.00393594 -0.0018211 0.00418289 0.000507415 -0.00602944 -0.000724405 0.00353028 0.00262829 0.000532738 -0.00358781 -0.00248938 -0.00290309 0.000217489 0.00072627 0.00101281 0.000650047 0.00272125 0.00100909
internal_weight=331866 211919 153713 119947 98449 58206 107839 45611 55264 93307 30383 78643 19806 62924 40843 71805 14532 30313 32503 20983 12595 24951 44469 19612 64596 44400 39625 34954 14515 10004
internal_count=331866 211919 153713 119947 98449 58206 107839 45611 55264 93307 30383 78643 19806 62924 40843 71805 14532 30313 32503 20983 12595 24951 44469 19612 64596 44400 39625 34954 14515 10004
is_linear=0
shrinkage=0.05


Tree=26
num_leaves=31
num_cat=0
split_feature=4 0 7 9 9 4 7 2 2 0 4 0 0 3 2 0 2 2 8 8 7 0 7 8 0 2 7 7 2 7
split_gain=542.887 169.843 140.554 80.3932 65.0515 57.3409 49.5901 49.2898 48.0792 45.5354 44.8034 38.5877 30.4308 28.8965 28.168 49.4313 27.0477 26.6552 26.0915 26.0618 22.7972 22.3024 21.1881 20.5916 19.4711 26.747 17.537 17.4285 13.5912 13.3415
threshold=0.94821113323500628 87.500000000000014 0.94766751400000004 13.500000000000002 26.500000000000004 0.55541694280659659 1.1201095380000001 6.5000000000000009 1.5000000000000002 101.50000000000001 0.70792748231424296 109.50000000000001 83.500000000000014 21.640579869500005 5.5000000000000009 54.500000000000007 3.5000000000000004 2.5000000000000004 0.95800982700000004 1.4435879295000003 0.87209273600000004 91.500000000000014 1.0801551885000003 0.8314545940000001 41.500000000000007 3.5000000000000004 0.99967947350000008 1.1368902595000001 5.5000000000000009 0.98203505650000011
decision_type=10 2 2 2 2 10 2 2 2 2 10 2 2 2 2 2 2 2 2 2 2 2 2 2 2 2 2 2 2 2
left_child=2 3 5 18 8 23 19 11 27 14 -6 17 16 -8 15 -10 20 -3 -2 24 -7 22 26 -1 -5 29 -12 -4 -14 -26
right_child=1 7 4 6 10 12 13 -9 9 -11 21 -13 28 -15 -16 -17 -18 -19 -20 -21 -22 -23 -24 -25 25 -27 -28 -29 -30 -31
leaf_value=-0.014148915851363048 -0.0055585990072038738 0.0081595383424178831 -0.0011154838323520655 -0.0008483630255772701 -0.0033243051479443179 -0.0056064067009163575 0.0018969664476020749 -0.00062341166948640949 -0.0045623254195364255 2.2229514193372604e-05 0.0010091488906955437 0.017143131160925675 0.00031186133435380514 0.007426887832123974 -0.010035505614392211 -0.0010745735759164043 -0.0086337561126461747 0.0041121482227539363 -0.0010728327383093151 0.0033370114029791622 -0.0023586522803207446 0.0049870937026400526 0.0029174406968675796 -0.006243570492965634 0.0027100835279071089 -0.0025098790671854638 -0.0018088856783105513 0.0014227890093214458 -0.0057409419202416271 0.00063771670892430465
leaf_weight=5505 4852 5500 27787 21049 8659 5354 14220 5956 20476 8247 7043 11942 5096 5209 8314 13616 6853 24372 21026 4836 14350 7690 5047 8435 10191 5384 9714 5679 6649 22828
leaf_count=5505 4852 5500 27787 21049 8659 5354 14220 5956 20476 8247 7043 11942 5096 5209 8314 13616 6853 24372 21026 4836 14350 7690 5047 8435 10191 5384 9714 5679 6649 22828
internal_value=-0.00063889 0.00149067 -0.00255918 0.000406136 -0.00163154 -0.00472994 0.00115904 0.00397855 -0.0024082 -0.00337977 8.09136e-05 0.00458464 -0.00372974 0.00337231 -0.00404081 -0.00340353 -0.00466691 0.00362319 -0.00202932 0.000489944 -0.00372419 0.00100936 0.000192581 -0.0074758 0.000202667 0.00087254 -0.000662958 -0.000937379 -0.00160957 0.00140542
internal_weight=331879 157365 174514 109595 122272 52242 83717 47770 84119 50653 38153 41814 38302 19429 42406 34092 26557 29872 25878 64288 19704 29494 21804 13940 59452 38403 16757 33466 11745 33019
internal_count=331879 157365 174514 109595 122272 52242 83717 47770 84119 50653 38153 41814 38302 19429 42406 34092 26557 29872 25878 64288 19704 29494 21804 13940 59452 38403 16757 33466 11745 33019
is_linear=0
shrinkage=0.05


Tree=27
num_leaves=31
num_cat=0
split_feature=3 7 3 4 0 4 0 2 0 3 2 2 8 0 8 5 7 8 7 7 0 7 2 0 7 9 8 9 0 7
split_gain=500.615 162.51 119.027 74.8512 77.2171 67.9747 55.7434 45.3407 37.0087 35.7455 33.9988 27.3852 25.6231 25.2453 28.0569 24.4954 23.6278 22.7621 22.3108 21.5365 20.435 18.3982 17.4404 17.3773 17.1458 15.2999 14.8486 13.0044 11.5629 11.4187
threshold=1.1545216740000002 0.94766751400000004 19.877938300000004 0.71193700132673154 64.500000000000014 0.56244610137483664 58.500000000000007 1.5000000000000002 83.500000000000014 57.332769702000007 3.5000000000000004 3.5000000000000004 0.95800982700000004 108.50000000000001 1.1640513860000004 8.5000000000000018 0.95619744050000011 0.8314545940000001 1.0758004030000003 0.88119902450000009 110.50000000000001 1.1557826560000002 5.5000000000000009 45.500000000000007 1.0882052975000003 16.500000000000004 1.2618163615000004 52.500000000000007 106.50000000000001 1.1927919445000004
decision_type=2 2 2 8 2 10 2 2 2 2 2 2 2 2 2 2 2 2 2 2 2 2 2 2 2 2 2 2 2 2
left_child=1 5 6 7 10 17 12 -3 11 20 18 19 -2 14 25 -9 -8 -1 26 -7 21 -4 -10 -21 -16 -6 -5 28 -18 -14
right_child=2 3 9 4 13 8 16 15 22 -11 -12 -13 29 -15 24 -17 27 -19 -20 23 -22 -23 -24 -25 -26 -27 -28 -29 -30 -31
leaf_value=-0.013280224778769468 -0.0025263747523597974 -0.00079358409691087652 0.0029109223499616979 -0.0020738331953769618 -0.0028717589215125766 -0.0046691015063951543 -0.00056290320170526709 -0.006753482112670928 0.00070660334068632646 0.01445521727760214 -0.0066321323345395096 -0.0079323777996764995 -8.8188945643555286e-05 0.0078086017408747019 0.00095919637951312757 -0.0032975486385945388 0.0023057832244031407 -0.0060713281473337918 0.00014243340049941989 -0.0034556108531554222 0.017007308145416167 0.0077296737758598107 -0.0051260808423393344 -0.00031948325468893484 0.0047137650762003663 0.00033266416655018953 3.4806580804591648e-05 0.0052514033936365114 0.011234268676198096 0.0024933152176485397
leaf_weight=5664 6796 19291 23666 26813 8208 7660 6185 12924 6214 5221 4854 7212 35994 8138 7805 14007 21122 8716 16292 9367 5713 5268 7424 6277 5088 18969 6569 4820 4546 5069
leaf_count=5664 6796 19291 23666 26813 8208 7660 6185 12924 6214 5221 4854 7212 35994 8138 7805 14007 21122 8716 16292 9367 5713 5268 7424 6277 5088 18969 6569 4820 4546 5069
internal_value=-0.000581506 -0.00208509 0.00192637 -0.00120785 -0.000456001 -0.00431721 0.000864119 -0.00287873 -0.00334417 0.00417827 -0.00174482 -0.00431179 -0.000259851 0.0010018 0.000485964 -0.00420395 0.00233076 -0.00730275 -0.00135419 -0.0034772 0.00359611 0.00305557 -0.00117826 -0.00241229 0.00240638 -0.000425373 -0.00209438 0.00290231 0.00245394 0.000210931
internal_weight=331892 207492 124400 148958 102736 58534 84532 46222 44154 39868 54528 30516 47859 48208 40070 26931 36673 14380 49674 23304 34647 28934 13638 15644 12893 27177 33382 30488 25668 41063
internal_count=331892 207492 124400 148958 102736 58534 84532 46222 44154 39868 54528 30516 47859 48208 40070 26931 36673 14380 49674 23304 34647 28934 13638 15644 12893 27177 33382 30488 25668 41063
is_linear=0
shrinkage=0.05


Tree=28
num_leaves=31
num_cat=0
split_feature=3 7 0 5 6 0 0 2 8 2 2 6 0 0 2 7 0 8 8 0 8 7 5 2 8 2 0 7 8 0
split_gain=457.646 152.199 107.083 65.1623 62.6959 57.1683 44.9221 52.8628 44.1133 43.9402 36.7325 36.0913 29.5736 27.8621 38.5261 27.5095 25.8339 24.6239 24.4165 21.6189 20.4138 20.3503 17.7314 17.5334 16.742 16.0685 21.4616 15.5719 15.3669 15.1918
threshold=1.0010019865000002 0.94766751400000004 96.500000000000014 9.5000000000000018 1.5000000000000002 91.500000000000014 40.500000000000007 3.5000000000000004 1.5097159270000002 5.5000000000000009 6.5000000000000009 1.0000000180025095e-35 98.500000000000014 61.500000000000007 2.5000000000000004 1.1927919445000004 89.500000000000014 0.84791830200000018 1.2618163615000004 80.500000000000014 1.1865423385 1.0000053235000002 19.500000000000004 1.0000000180025095e-35 1.1208789765000002 3.5000000000000004 47.500000000000007 0.99391202600000017 0.95085857150000008 109.50000000000001
decision_type=2 2 2 2 2 2 2 2 2 2 2 2 2 2 2 2 2 2 2 2 2 2 2 2 2 2 2 2 2 2
left_child=1 3 6 17 5 9 15 8 22 13 -7 24 -6 14 18 28 25 -1 23 -9 27 -13 -8 -3 -4 26 -5 -15 -2 -23
right_child=2 4 11 16 12 10 7 19 -10 -11 -12 21 -14 20 -16 -17 -18 -19 -20 -21 -22 29 -24 -25 -26 -27 -28 -29 -30 -31
leaf_value=-0.010475928532347877 -0.0029414712425973322 -0.0004174924017389559 0.0089135426762957833 -0.003507225661891095 -0.0059111445324006723 0.0043123636968836173 0.0010726311702206393 -0.0039296381330290791 0.0056299560143618982 -0.0078539363438846661 -0.0028281367413069609 0.0020753713405024326 -0.001346828456000271 0.0010158535336700803 -0.0038086241637228513 0.0040451596433816019 -0.00063814523601805895 -0.0045777769157413278 0.00026585887053097169 0.00072790592912548027 0.001885506894338368 0.0040953748819533287 0.0034029561134623107 -0.0020258450674959351 0.014834097877777045 -0.0069870527152150119 -0.00063039156813627381 -0.0018848065223022626 -0.00031607842777425235 0.016196709916615006
leaf_weight=11258 5083 17010 5649 9847 13324 14774 24037 4673 5719 4834 6538 7228 5384 6604 13733 4733 8762 15361 21956 6848 9955 5671 17768 23111 5728 5790 7311 10631 27531 4761
leaf_count=11258 5083 17010 5649 9847 13324 14774 24037 4673 5719 4834 6538 7228 5384 6604 13733 4733 8762 15361 21956 6848 9955 5671 17768 23111 5728 5790 7311 10631 27531 4761
internal_value=-0.00059813 -0.00204686 0.00178331 -0.00420959 -0.00119354 -0.000801581 0.000981358 0.00183975 0.00257632 -0.00126925 0.00156448 0.00444486 -0.00389836 -0.00105043 -0.0015429 -0.000375817 -0.00267776 -0.00603356 -0.00101257 -0.00119838 0.00032267 0.00302859 0.00201238 -0.00174606 0.00664097 -0.00355945 -0.00278943 -0.000718532 -0.000892885 0.00444093
internal_weight=331612 206183 125429 58329 147854 129146 96392 59045 47524 107834 21312 29037 18708 103000 75810 37347 31710 26619 62077 11521 27190 17660 41805 40121 11377 22948 17158 17235 32614 10432
internal_count=331612 206183 125429 58329 147854 129146 96392 59045 47524 107834 21312 29037 18708 103000 75810 37347 31710 26619 62077 11521 27190 17660 41805 40121 11377 22948 17158 17235 32614 10432
is_linear=0
shrinkage=0.05


Tree=29
num_leaves=31
num_cat=0
split_feature=4 3 7 0 6 7 7 3 6 8 4 2 2 0 8 8 7 4 0 2 0 2 0 0 2 8 2 7 7 9
split_gain=445.269 168.87 93.7263 88.0247 52.9212 49.224 47.2279 42.6103 34.0859 28.9146 27.6739 32.6095 22.7533 22.3007 22.5845 28.3676 22.0754 23.1714 19.1242 16.3715 15.7835 15.1538 14.6062 14.5261 14.4779 13.2031 12.9421 12.4458 13.6518 12.0089
threshold=0.82384091727504383 11.856961295500001 0.87209273600000004 58.500000000000007 1.0000000180025095e-35 1.0731915865000003 0.97754740050000011 49.624655780000005 1.5000000000000002 0.89784091200000005 0.72354225804866756 2.5000000000000004 2.5000000000000004 103.50000000000001 1.5192940695000001 1.3109496115000001 1.1350018475000001 0.59421509617575907 103.50000000000001 3.5000000000000004 94.500000000000014 1.0000000180025095e-35 77.500000000000014 84.500000000000014 4.5000000000000009 0.82065572850000013 1.5000000000000002 1.0758004030000003 1.0999404950000002 37.500000000000007
decision_type=10 2 2 2 2 2 2 2 2 2 10 2 2 2 2 2 2 10 2 2 2 2 2 2 2 2 2 2 2 2
left_child=2 3 25 6 16 8 26 9 18 -3 11 -6 27 14 15 -11 17 21 19 -5 -12 -4 24 -21 -13 -1 -2 -8 -29 -19
right_child=1 7 4 5 10 -7 12 -9 -10 13 20 22 -14 -15 -16 -17 -18 29 -20 23 -22 -23 -24 -25 -26 -27 -28 28 -30 -31
leaf_value=-0.012229415391305221 -0.0016738758060530269 -0.0010740831284091396 -0.0016093986198451829 0.0012825082021232226 -0.0022906835910389751 0.0039307522687289992 -0.00072218069740589703 0.010181633803384311 -0.0034017022202732037 0.0028872436074977581 -0.0026361052835343515 -0.0053297558509493919 -0.0029722185622238998 0.011302664189585211 0.0056057865003095566 -0.00065174698581238477 0.001655676179909571 -0.0013165710441469581 0.0053758230899816576 -0.0026711653025520421 0.00037880940902447762 -0.0060341263868782472 -0.0067164198987321906 0.00055312174037051582 -0.013815112973372798 -0.0050247026276095787 -0.0045553583732219514 0.0022252312773694493 -3.0088974722342066e-06 0.00073911743832850714
leaf_weight=7253 13819 6378 11380 20093 13364 15545 27158 7818 9814 27013 13989 8013 7163 9361 4638 7837 5004 22456 10292 6216 4719 7289 8923 9919 4550 4880 7629 5196 16733 8207
leaf_count=7253 13819 6378 11380 20093 13364 15545 27158 7818 9814 27013 13989 8013 7163 9361 4638 7837 5004 22456 10292 6216 4719 7289 8923 9919 4550 4880 7629 5196 16733 8207
internal_value=-0.000629821 0.000744614 -0.0030645 -0.000170224 -0.00259571 0.00109082 -0.00133682 0.00291495 0.000403362 0.00242545 -0.00371105 -0.00454382 -0.000575504 0.00283882 0.00231813 0.00188137 -0.00149611 -0.00181709 0.000968297 0.000427787 -0.00215893 -0.00320566 -0.00575008 -0.000758209 -0.00684974 -0.00723039 -0.00333287 -0.000191223 0.000694698 -0.000971289
internal_weight=332649 212622 120027 149577 107894 71879 77698 63045 56334 55227 53558 34850 56250 48849 39488 34850 54336 49332 46520 36228 18708 18669 21486 16135 12563 12133 21448 49087 21929 30663
internal_count=332649 212622 120027 149577 107894 71879 77698 63045 56334 55227 53558 34850 56250 48849 39488 34850 54336 49332 46520 36228 18708 18669 21486 16135 12563 12133 21448 49087 21929 30663
is_linear=0
shrinkage=0.05


Tree=30
num_leaves=31
num_cat=0
split_feature=5 3 8 0 7 3 0 7 6 8 9 7 5 8 7 9 3 0 0 0 9 3 9 6 5 5 9 8 7 0
split_gain=399.951 160.297 138.68 72.5848 44.5592 40.5922 40.451 39.1775 38.7425 35.9567 35.1137 25.6321 25.1042 22.778 22.1462 19.1878 15.9704 15.2318 14.2054 12.7417 12.4116 12.134 11.3692 11.3075 10.0714 9.51305 9.11248 8.90158 8.67715 8.64925
threshold=12.500000000000002 10.196841280000003 0.94232026850000017 83.500000000000014 0.94213990150000015 -29.674830943499995 94.500000000000014 0.87209273600000004 1.0000000180025095e-35 1.5192940695000001 21.500000000000004 1.0744235155000001 7.5000000000000009 1.1292062270000003 1.0838404605000003 47.500000000000007 -1.9534493009999998 86.500000000000014 114.50000000000001 38.500000000000007 22.500000000000004 -8.3719745129999978 13.500000000000002 1.0000000180025095e-35 17.500000000000004 29.500000000000004 7.5000000000000009 1.3109496115000001 0.97430084000000006 59.500000000000007
decision_type=2 2 2 2 2 2 2 2 2 2 2 2 2 2 2 2 2 2 2 2 2 2 2 2 2 2 2 2 2 2
left_child=2 3 7 4 -2 20 9 -1 15 25 11 21 -9 28 18 16 -6 -14 23 -18 -4 -7 -10 24 -5 27 -23 -3 -8 -12
right_child=1 6 5 14 8 10 13 12 22 -11 29 -13 17 -15 -16 -17 19 -19 -20 -21 -22 26 -24 -25 -26 -27 -28 -29 -30 -31
leaf_value=-0.0095167284415780904 -0.0027725100253314068 0.0016454295305555534 -0.0083607629858977878 0.00058978116775092464 -0.00081277822613987365 -0.0035896461681102221 0.0032511993617827502 -0.0064976124464290966 -0.0029657247116430421 0.0056016311327557917 -0.00057113258821371029 -0.0003317796798747247 -0.0043922381372497243 0.011290631589077484 0.0057210470958008854 0.0028287389714013512 0.00010793068081781376 -0.0019023804431784975 0.010839534855212607 0.0019973295189216231 -0.0032499475150035706 -0.0022936535031683469 -0.00092146796665508739 -0.00013354724280717213 0.0042444439194316702 0.003876883445941004 -0.00070437734874230777 -0.00036811294282743659 0.0089281884606263271 0.0011567956705599099
leaf_weight=10771 15522 23998 4652 6077 16846 15736 4504 14618 9964 4919 15036 19702 12436 9193 4623 5332 15920 7766 4606 8096 5081 13935 14357 14954 7520 4514 11494 6783 8666 14800
leaf_count=10771 15522 23998 4652 6077 16846 15736 4504 14618 9964 4919 15036 19702 12436 9193 4623 5332 15920 7766 4606 8096 5081 13935 14357 14954 7520 4514 11494 6783 8666 14800
internal_value=-0.000587236 0.000947832 -0.00254662 -9.45914e-05 -0.0008968 -0.00150835 0.00301025 -0.00483348 -0.00036284 0.00206184 -0.00117892 -0.00186765 -0.00401723 0.00471488 0.00173217 0.000487565 0.000119289 -0.002874 0.0012797 0.000947088 -0.00457614 -0.00257742 -0.00197782 0.000863654 0.00190689 0.00150319 -0.00190149 0.00118845 0.00337951 0.000226199
internal_weight=332421 186394 146027 123817 86037 100436 62577 45591 70515 40214 90703 60867 34820 22363 37780 46194 40862 20202 33157 24016 9733 41165 24321 28551 13597 35295 25429 30781 13170 29836
internal_count=332421 186394 146027 123817 86037 100436 62577 45591 70515 40214 90703 60867 34820 22363 37780 46194 40862 20202 33157 24016 9733 41165 24321 28551 13597 35295 25429 30781 13170 29836
is_linear=0
shrinkage=0.05


Tree=31
num_leaves=31
num_cat=0
split_feature=4 1 7 2 1 6 8 5 7 4 2 9 7 7 1 9 5 1 9 7 2 7 6 8 4 8 1 4 8 2
split_gain=371.794 144.694 95.4228 83.7722 78.2396 56.1034 47.3956 43.819 40.9318 29.8739 32.8012 28.7732 26.7557 22.4378 22.1149 21.5211 18.4615 18.2506 18.0114 15.8812 15.7599 21.0396 14.8272 12.4154 11.5954 11.445 11.3183 10.1448 9.52229 8.64431
threshold=0.83254392057830817 36.500000000000007 0.87209273600000004 3.5000000000000004 76.500000000000014 1.5000000000000002 1.5097159270000002 22.500000000000004 0.9455878135000001 0.59421509617575907 1.0000000180025095e-35 6.5000000000000009 1.2082677355000002 1.0473717320000002 30.500000000000004 32.500000000000007 18.500000000000004 6.5000000000000009 20.500000000000004 0.96637136850000005 3.5000000000000004 0.94993144500000015 1.0000000180025095e-35 1.0372372480000003 0.52369155028788228 0.94434546000000008 56.500000000000007 1.1037822531573624 0.82065572850000013 5.5000000000000009
decision_type=10 2 2 2 2 2 2 2 2 8 2 2 2 2 2 2 2 2 2 2 2 2 2 2 10 2 2 10 2 2
left_child=2 7 28 4 6 9 16 11 25 10 -4 -2 22 -9 -7 19 26 -13 -5 -11 -19 -22 -10 24 -12 -6 -3 -18 -1 -21
right_child=1 3 5 18 8 14 -8 13 12 15 23 17 -14 -15 -16 -17 27 20 -20 29 21 -23 -24 -25 -26 -27 -28 -29 -30 -31
leaf_value=-0.010891846850341155 -0.0026294959498063156 0.0014691669184592943 -0.00061938561208081948 -0.0054386494950660839 -0.0046689692989336845 -0.0039079399661728137 0.004579346652626751 0.0052198406833516096 -0.00011781438675027844 -0.00272686486804562 -0.0075101154973740121 0.014973407917540989 0.002936836605688881 0.010656265253917606 -0.0072450714045063872 0.00039045381472633259 0.00089625230328684859 0.0041347185851483342 -0.0019119542608964175 -0.00073397456734877742 -0.0023625489146029883 0.0025635847372454668 -0.0017899483054189703 -0.0027372904974185099 -0.0040261660346283205 -0.001811093209433845 -0.00031476724538744287 0.0032605533026223823 -0.0046685725106957246 -0.0049424210347298186
leaf_weight=7374 6121 13468 10851 7917 5288 4593 5824 11906 33660 15305 7496 5516 5394 8890 10433 15844 6895 11775 6920 29087 4652 21532 16652 8184 4797 4790 19190 11467 5030 4726
leaf_count=7374 6121 13468 10851 7917 5288 4593 5824 11906 33660 15305 7496 5516 5394 8890 10433 15844 6895 11775 6920 29087 4652 21532 16652 8184 4797 4790 19190 11467 5030 4726
internal_value=-0.000556914 0.000734802 -0.00272702 -0.000209227 0.000220169 -0.00226327 0.00157874 0.00257823 -0.000953807 -0.00181967 -0.0030878 0.00177013 -0.000423166 0.00450459 -0.00510445 -0.00120792 0.00109064 0.002222 -0.00375707 -0.00172475 0.00183101 0.00114743 -0.000782042 -0.00426533 -0.00527017 -0.00388525 0.000377338 0.00235885 -0.00688613 -0.0011196
internal_weight=331577 207857 123720 137465 122628 111316 56844 70392 65784 96290 31328 49596 55706 20796 15026 64962 51020 43475 14837 49118 37959 26184 50312 20477 12293 10078 32658 18362 12404 33813
internal_count=331577 207857 123720 137465 122628 111316 56844 70392 65784 96290 31328 49596 55706 20796 15026 64962 51020 43475 14837 49118 37959 26184 50312 20477 12293 10078 32658 18362 12404 33813
is_linear=0
shrinkage=0.05


Tree=32
num_leaves=31
num_cat=0
split_feature=4 3 7 0 7 7 5 4 3 3 9 0 0 8 9 4 7 0 3 8 9 7 3 8 7 8 7 5 7 0
split_gain=341.426 133.847 84.8333 72.4824 41.3576 39.2567 38.2465 37.1474 47.8329 25.0841 24.6765 22.3555 21.075 20.9499 17.945 16.1827 14.9804 15.4621 14.3826 13.6266 13.3947 11.1884 11.1333 17.776 10.7784 14.9513 10.486 10.4318 10.1398 9.94758
threshold=0.82384091727504383 13.326599906500002 0.87209273600000004 57.500000000000007 0.97754740050000011 1.0731915865000003 27.500000000000004 0.59996869676802655 -15.774219878499999 33.993690428000008 36.500000000000007 113.50000000000001 98.500000000000014 1.1052717865000001 7.5000000000000009 0.45483948677125158 1.0251857335000003 102.50000000000001 -1.9534493009999998 0.82065572850000013 12.500000000000002 1.1496716780000003 -23.930843164499993 0.90015274200000006 1.0920774425000002 0.97077317050000012 1.0539681675000001 9.5000000000000018 0.89250176900000011 93.500000000000014
decision_type=10 2 2 2 2 2 2 8 2 2 2 2 2 2 2 10 2 2 2 2 2 2 2 2 2 2 2 2 2 2
left_child=2 3 19 4 28 11 12 8 15 -8 16 14 21 -14 -5 -4 17 22 -6 -1 -20 24 -9 -24 25 -3 -10 -17 -2 -7
right_child=1 6 7 5 18 29 9 10 26 -11 -12 -13 13 -15 -16 27 -18 -19 20 -21 -22 -23 23 -25 -26 -27 -28 -29 -30 -31
leaf_value=-0.010504400808194016 -0.0038076172138980235 -0.0010814374489007239 -0.0092803106002995236 -0.0039357859351241255 -0.0016771988337300843 0.0022146168809085765 0.0038738167133112512 -0.0043359908778415864 -0.0021757314447904742 0.011932489158971427 0.0006118281442207441 0.0092138076251185256 0.0047172926615492222 0.01074131869466778 0.00042706130848685353 -0.006168939581879607 -0.00084194072496654448 0.00016183733107271448 -0.00091013970356360887 -0.004095162977077885 0.00047877208592085331 0.0038742117852914818 -0.0048338346173166348 -0.0013453947650009291 -0.0012694488785599174 0.0020727495868654521 1.8393988691611798e-05 -0.0034127516732994235 -0.0019138815913170709 0.0074580874157520547
leaf_weight=7263 4819 4777 5747 4828 13154 12164 6607 9332 12281 6368 11270 5512 8373 5529 48545 8559 20011 5058 15518 4910 28521 5893 5350 19218 5174 15095 6141 4780 16630 4674
leaf_count=7263 4819 4777 5747 4828 13154 12164 6607 9332 12281 6368 11270 5512 8373 5529 48545 8559 20011 5058 15518 4910 28521 5893 5350 19218 5174 15095 6141 4780 16630 4674
internal_value=-0.000527128 0.00067812 -0.00265958 -9.04483e-05 -0.00115357 0.00101366 0.00272998 -0.00221237 -0.00348279 0.00512038 -0.00153376 0.00040478 0.00203781 0.00365463 9.15639e-05 -0.00523676 -0.00194344 -0.00251457 -0.000451283 -0.00661541 -1.78798e-05 0.00131084 -0.00289928 -0.00233997 0.000849267 0.00137848 -0.00166468 -0.00427814 -0.00302566 0.00314225
internal_weight=332101 212181 119920 154365 78642 75723 57816 107747 37508 12975 70239 58885 44841 13902 53373 19086 58969 38958 57193 12173 44039 30939 33900 24568 25046 19872 18422 13339 21449 16838
internal_count=332101 212181 119920 154365 78642 75723 57816 107747 37508 12975 70239 58885 44841 13902 53373 19086 58969 38958 57193 12173 44039 30939 33900 24568 25046 19872 18422 13339 21449 16838
is_linear=0
shrinkage=0.05


Tree=33
num_leaves=31
num_cat=0
split_feature=4 0 8 2 0 6 8 2 8 4 0 0 8 4 3 8 0 2 0 4 0 2 4 3 4 5 5 0 2 0
split_gain=318.206 130.469 82.7636 75.2886 72.2673 53.8116 44.8911 42.1465 32.498 31.2002 29.5913 28.3126 24.2156 21.3441 20.6064 17.3077 16.7601 15.2682 15.1181 12.6841 12.5466 12.346 11.6445 11.2791 11.0572 10.8846 9.9733 9.87734 9.87218 9.51907
threshold=0.82384091727504383 86.500000000000014 0.8314545940000001 3.5000000000000004 44.500000000000007 1.5000000000000002 1.5097159270000002 6.5000000000000009 0.94232026850000017 0.56912320991037435 110.50000000000001 112.50000000000001 1.0000014820000003 0.52369155028788228 10.817853018500001 1.1692778010000002 80.500000000000014 1.0000000180025095e-35 63.500000000000007 1.4800650453164954 85.500000000000014 1.5000000000000002 0.50605770383338944 -15.774219878499999 0.97426748322205581 23.500000000000004 19.500000000000004 7.5000000000000009 3.5000000000000004 62.500000000000007
decision_type=10 2 2 2 2 2 2 2 2 8 2 2 2 10 2 2 2 2 2 10 2 2 10 2 10 2 2 2 2 2
left_child=2 3 9 4 8 12 26 10 -2 -1 15 -9 13 23 21 -3 -11 27 -5 -16 -15 -10 -19 -4 -23 -12 29 -14 -17 -6
right_child=1 7 5 18 6 -7 -8 11 14 16 25 -13 17 20 19 28 -18 22 -20 -21 -22 24 -24 -25 -26 -27 -28 -29 -30 -31
leaf_value=-0.010028717567680479 -0.0030212521045322239 0.0022039604462375964 -0.0083082322943931648 -0.0062118511079557043 -0.00014679664480434231 -0.0062054131384141516 0.0043976669763181545 -0.0044889219963226623 -0.00029858255222703356 -0.0065757097811951718 0.0093702696979522607 0.0066848409216067085 -0.00056564685443565303 -0.0023496644672610593 -5.1825766013258168e-05 0.0063201977582682872 -0.0035388779941389532 -0.0033622607064982325 -0.0023602768787532899 0.0027701179165083079 -0.0002615017241189732 -0.0037280672557530453 -0.0010197271205166448 -0.0028085763354135846 -0.00095928972573571534 0.019187524846857179 0.0020641537713639636 0.0011996629031734126 0.0035491305783642933 0.0013065435506574158
leaf_weight=6542 10265 27759 4583 4680 19159 12719 6079 5982 37721 5845 7307 4888 8890 18411 5465 7765 5538 5665 13436 4784 7936 4772 32604 4506 5576 5067 16488 6772 7106 17716
leaf_count=6542 10265 27759 4583 4680 19159 12719 6079 5982 37721 5845 7307 4888 8890 18411 5465 7765 5538 5665 13436 4784 7936 4772 32604 4506 5576 5067 16488 6772 7106 17716
internal_value=-0.00054641 0.000618161 -0.00260372 -0.000214597 0.000212353 -0.00205332 0.0014883 0.0024655 -0.00089356 -0.00573689 0.00302769 -0.00037931 -0.00162005 -0.00263537 -0.000436792 0.00240237 -0.0041524 -0.00095275 -0.00323106 0.00159816 -0.00191399 -0.000870793 -0.00149089 -0.00472427 -0.00240027 0.00518014 0.00102426 0.000362226 0.00377874 0.000567042
internal_weight=332026 212015 120011 146141 128025 102086 59442 65874 68583 17925 55004 10870 89367 35436 58318 42630 11383 53931 18116 10249 26347 48069 38269 9089 10348 12374 53363 15662 14871 36875
internal_count=332026 212015 120011 146141 128025 102086 59442 65874 68583 17925 55004 10870 89367 35436 58318 42630 11383 53931 18116 10249 26347 48069 38269 9089 10348 12374 53363 15662 14871 36875
is_linear=0
shrinkage=0.05


Tree=34
num_leaves=31
num_cat=0
split_feature=5 3 8 9 0 7 3 4 8 0 9 8 7 7 0 2 7 2 9 3 2 0 0 2 7 2 0 7 8 8
split_gain=288.192 120.703 112.076 56.7757 38.9682 40.7533 32.3042 31.6411 30.1309 29.8138 22.7962 20.1353 19.3807 16.9898 13.8044 13.2075 12.6732 12.6335 12.1986 11.2268 10.9273 18.1036 10.7656 10.7781 9.81454 8.87881 13.0062 11.7171 12.7975 8.58477
threshold=11.500000000000002 10.520400037500002 0.94232026850000017 48.500000000000007 99.500000000000014 1.0758004030000003 -29.674830943499995 0.57551723420865308 1.5192940695000001 107.50000000000001 13.500000000000002 0.8176335815000001 1.0310529730000002 0.91589081200000011 84.500000000000014 6.5000000000000009 1.0183233475000002 2.5000000000000004 20.500000000000004 -8.1946058189999977 3.5000000000000004 51.500000000000007 53.500000000000007 1.5000000000000002 0.98628077500000011 4.5000000000000009 44.500000000000007 0.99308499750000012 1.1942968215000003 0.96220362650000013
decision_type=2 2 2 2 2 2 2 10 2 2 2 2 2 2 2 2 2 2 2 2 2 2 2 2 2 2 2 2 2 2
left_child=2 3 7 4 5 10 -4 11 9 29 -2 -1 18 -12 17 -16 -11 -9 19 -8 21 -7 23 -14 -6 26 -15 -28 -29 -3
right_child=1 8 6 -5 24 20 12 14 -10 16 13 -13 22 25 15 -17 -18 -19 -20 -21 -22 -23 -24 -25 -26 -27 27 28 -30 -31
leaf_value=-0.010998792580642259 -0.0028304231134384794 5.3994887938557667e-05 -0.0049888916360491089 0.0031382292287557402 0.00068689590610319104 0.0004211842285759299 -0.0033911238261945366 -0.0029572795849871383 0.0063829352233923057 0.0071093244825390037 -0.0023881115793476185 -0.0055837508109946813 -8.6831835375086877e-05 -0.0008297998123346751 -0.00014417692760564094 -0.0073453357890639285 0.015063659227581317 -0.0062085258087223099 -0.00056197038104942591 -0.0012758746119884647 -0.0018495139828955259 0.0028466760742957399 0.0010994198352286099 -0.0021001404304509474 0.0046871667093099948 -0.0027892459309197706 0.0013780975310440536 -0.0014930902411040448 0.0011647269124690051 0.0020500039857747898
leaf_weight=5421 17254 7809 8871 14577 9435 17588 10771 7829 6269 5813 10020 8739 18870 21777 4719 4898 5631 8850 13269 15631 4918 5387 11433 7987 9740 6897 10523 8825 5039 37872
leaf_count=5421 17254 7809 8871 14577 9435 17588 10771 7829 6269 5813 10020 8739 18870 21777 4719 4898 5631 8850 13269 15631 4918 5387 11433 7987 9740 6897 10523 8825 5039 37872
internal_value=-0.000486297 0.000672294 -0.00235559 -0.000137691 -0.000475932 -0.000844012 -0.00134275 -0.00452905 0.00248624 0.00212476 -0.0014157 -0.00643487 -0.00101727 -0.000975058 -0.00350177 -0.00199153 0.0044065 -0.0043717 -0.0017917 -0.00241319 0.000802477 0.00126034 -0.00021478 -0.000761764 0.00160128 -0.000618334 -0.000368212 0.000424832 -0.000529959 0.00155272
internal_weight=332662 205374 127288 141980 127403 108228 86832 40456 63394 57125 80335 14160 77961 63081 26296 9617 11444 16679 39671 26402 27893 22975 38290 26857 19175 53061 46164 24387 13864 45681
internal_count=332662 205374 127288 141980 127403 108228 86832 40456 63394 57125 80335 14160 77961 63081 26296 9617 11444 16679 39671 26402 27893 22975 38290 26857 19175 53061 46164 24387 13864 45681
is_linear=0
shrinkage=0.05


Tree=35
num_leaves=31
num_cat=0
split_feature=3 7 3 5 9 2 0 0 8 2 8 9 0 9 0 0 8 8 7 2 7 9 0 2 2 7 9 7 0 7
split_gain=260.782 107.992 65.2113 47.8731 44.539 41.2511 37.5618 34.8734 28.3714 27.739 23.162 22.2156 20.9481 20.9204 18.4604 18.432 18.3925 18.2482 30.6003 15.3316 15.149 15.02 14.0057 20.9595 18.9358 11.7134 11.1709 10.9775 10.2035 9.00319
threshold=0.73508838600000015 0.94766751400000004 31.598499919000002 7.5000000000000009 29.500000000000004 7.5000000000000009 100.50000000000001 54.500000000000007 1.3201884320000004 1.0000000180025095e-35 0.86540467600000015 11.500000000000002 98.500000000000014 40.500000000000007 101.50000000000001 91.500000000000014 0.84791830200000018 1.1942968215000003 0.99967947350000008 3.5000000000000004 1.1496716780000003 58.500000000000007 51.500000000000007 4.5000000000000009 2.5000000000000004 1.0046301695000002 10.500000000000002 0.91589081200000011 82.500000000000014 1.0485333710000002
decision_type=2 2 2 2 2 2 2 2 2 2 2 2 2 2 2 2 2 2 2 2 2 2 2 2 2 2 2 2 2 2
left_child=1 3 7 16 5 6 9 20 12 -3 -9 25 -4 14 19 17 -1 18 -6 27 26 -12 24 -24 -13 -11 -2 -5 -25 -19
right_child=2 4 8 13 15 -7 -8 10 -10 11 21 22 -14 -15 -16 -17 -18 29 -20 -21 -22 -23 23 28 -26 -27 -28 -29 -30 -31
leaf_value=-0.008747001026042223 -0.0016078985555117442 1.1979983521215321e-05 0.00085266690964963532 -0.0030063860695095064 0.0010336777400568875 -0.012552453138109333 0.0035700523104483907 -0.0017215107827035477 0.0095955234952212181 -0.004619248397528317 0.0020671597652385299 -0.0010875247225482388 0.0088608024108285579 8.5143678871155154e-05 -0.00031806593329925529 0.0035778504150059121 -0.0035547636637350724 -0.00011697713335535321 -0.0028426293125560389 -0.0057325298742730542 0.0014330488442545032 0.0045039662101436454 0.00078305439842853988 -0.0049569795299774155 -0.0040908090370929883 -0.0022542454292831418 -7.1184640749588643e-05 -0.00095362200792439291 -0.0007101651884596883 0.0022091542938188604
leaf_weight=7735 9637 23805 7057 10952 7855 5907 7365 5648 5782 8992 44376 17721 7752 6742 5063 10793 10389 5056 9623 9812 9528 5400 12399 4506 6740 13337 32951 7057 4688 7009
leaf_count=7735 9637 23805 7057 10952 7855 5907 7365 5648 5782 8992 44376 17721 7752 6742 5063 10793 10389 5056 9623 9812 9528 5400 12399 4506 6740 13337 32951 7057 4688 7009
internal_value=-0.000483935 -0.00159628 0.00128311 -0.00342611 -0.000871393 -0.00141184 -0.0011708 0.000789437 0.00386058 -0.00144534 0.00166249 -0.00195703 0.0026993 -0.00245199 -0.00297212 0.000541633 -0.00555464 -0.000104491 -0.00113682 -0.00347741 -0.000139099 0.00200679 -0.00132927 -0.000401079 -0.00214839 -0.00325121 -0.000542343 -0.00260978 -0.00220948 0.00139085
internal_weight=331677 203546 128131 57750 145796 105460 99553 107540 20591 92188 55424 68383 14809 39626 32884 40336 18124 29543 17478 27821 52116 49776 46054 21593 24461 22329 42588 18009 9194 12065
internal_count=331677 203546 128131 57750 145796 105460 99553 107540 20591 92188 55424 68383 14809 39626 32884 40336 18124 29543 17478 27821 52116 49776 46054 21593 24461 22329 42588 18009 9194 12065
is_linear=0
shrinkage=0.05


Tree=36
num_leaves=31
num_cat=0
split_feature=4 1 7 8 6 6 9 4 8 1 4 3 7 1 1 7 6 8 9 7 6 3 3 7 7 8 7 7 8 7
split_gain=255.82 98.7265 69.863 46.907 45.206 43.5224 35.3513 33.2659 25.7942 24.0238 23.2004 29.0437 15.7615 14.8401 14.5067 14.0518 13.8414 12.7532 11.8636 11.4395 10.6379 10.4072 10.2108 9.95334 9.37759 8.76632 7.77697 7.12817 5.98102 6.90041
threshold=0.82384091727504383 43.500000000000007 0.87209273600000004 0.90015274200000006 1.5000000000000002 1.5000000000000002 18.500000000000004 1.3732174841372542 1.5192940695000001 7.5000000000000009 0.55541694280659659 -11.352440008499999 1.1201095380000001 12.500000000000002 32.500000000000007 1.0934611560000003 1.0000000180025095e-35 0.82065572850000013 35.500000000000007 1.0744235155000001 1.0000000180025095e-35 0.44142719550000004 13.326599906500002 1.0194998250000002 0.96637136850000005 1.0000014820000003 1.0744235155000001 0.9911600195000001 1.2690178225000002 0.98398051450000013
decision_type=10 2 2 2 2 2 2 10 2 2 8 2 2 2 2 2 2 2 2 2 2 2 2 2 2 2 2 2 2 2
left_child=2 5 17 -3 10 7 16 9 12 -2 11 25 15 -7 -6 19 26 -1 24 22 -11 -18 -8 -22 -12 -4 -5 -16 29 -26
right_child=1 3 4 6 14 13 8 -9 -10 20 18 -13 -14 -15 27 -17 21 -19 -20 -21 23 -23 -24 -25 28 -27 -28 -29 -30 -31
leaf_value=-0.0091022004974960387 0.013871512916855967 -0.0029723530055433601 -0.0066581246770966718 -0.0007151314534095788 -0.0038372089741285768 0.0028882932058876933 -0.00031032240867276964 0.0089796858993613556 0.0026440379592674729 0.0028169416550498207 -0.002090785875743953 -0.00073278802754299106 0.0018149065493268336 -0.0025184246774499126 -0.0071934488374582606 -0.0024199676032304555 -0.0027029483059254318 -0.003518607210474842 0.00036902126507845358 0.0022052857003987958 -3.5285728726935917e-05 -0.00096281093061033058 0.0014523410196690346 0.002459585875310952 0.0003130820781142352 -0.0032306188794185399 0.00077822512490046964 -0.0046771488269417684 0.00012778540955201979 -0.0015076408159473309
leaf_weight=7253 8492 12877 7729 10717 4580 7078 33789 6545 8006 28805 17596 12446 10934 8324 5119 4915 10908 4870 12630 4843 13095 13519 8817 12490 5115 5659 8074 4807 9248 22777
leaf_count=7253 8492 12877 7729 10717 4580 7078 33789 6545 8006 28805 17596 12446 10934 8324 5119 4915 10908 4870 12630 4843 13095 13519 8817 12490 5115 5659 8074 4807 9248 22777
internal_value=-0.000474347 0.000568479 -0.00232123 -0.000311509 -0.00191601 0.00189001 1.02596e-05 0.00242341 0.000694162 0.00206998 -0.00151172 -0.00278552 0.000355828 -0.000514377 -0.00451209 -4.77382e-06 -0.00111804 -0.00591915 -0.00102307 0.000258935 0.00168352 -0.00190273 -2.93351e-06 0.000941286 -0.00134177 -0.00440155 -9.77602e-05 -0.00558604 -0.000891102 -0.00125641
internal_weight=332057 212228 119829 127399 107706 84829 114522 69427 71304 62882 93200 25834 63298 15402 14506 52364 43218 12123 67366 47449 54390 24427 42606 25585 54736 13388 18791 9926 37140 27892
internal_count=332057 212228 119829 127399 107706 84829 114522 69427 71304 62882 93200 25834 63298 15402 14506 52364 43218 12123 67366 47449 54390 24427 42606 25585 54736 13388 18791 9926 37140 27892
is_linear=0
shrinkage=0.05


Tree=37
num_leaves=31
num_cat=0
split_feature=5 8 3 9 2 7 5 7 3 6 8 6 4 3 5 2 4 9 6 7 3 9 7 9 3 4 7 8 8 7
split_gain=226.868 97.4871 94.6679 49.1907 32.3494 27.6868 25.395 24.6457 18.2176 14.2059 14.1666 14.0536 11.506 13.0687 11.2201 14.8235 10.0216 8.66558 8.24203 12.9076 11.3526 6.57067 6.30009 6.2645 5.72433 18.9714 5.30635 5.0271 5.7984 4.89511
threshold=11.500000000000002 0.94232026850000017 11.512596165000001 47.500000000000007 5.5000000000000009 0.94443998950000008 27.500000000000004 0.8508313755000001 33.993690428000008 1.5000000000000002 0.89784091200000005 1.0000000180025095e-35 0.59421509617575907 -16.965990684499996 6.5000000000000009 2.5000000000000004 0.85903235413321954 11.500000000000002 1.0000000180025095e-35 1.0000053235000002 29.446888422000004 28.500000000000004 0.96815741250000009 16.500000000000004 -12.024442542499999 0.73883510777368866 1.0183233475000002 1.1894146140000001 1.0740390135000004 1.0758004030000003
decision_type=2 2 2 2 2 2 2 2 2 2 2 2 8 2 2 2 10 2 2 2 2 2 2 2 2 10 2 2 2 2
left_child=1 7 3 5 9 24 10 -1 -8 12 -4 16 13 -3 15 -9 -7 -13 19 -12 -21 22 -16 26 25 -2 -14 28 -25 -18
right_child=2 4 6 -5 -6 11 8 14 -10 -11 18 17 23 -15 21 -17 29 -19 -20 20 -22 -23 -24 27 -26 -27 -28 -29 -30 -31
leaf_value=-0.008115905655979614 -0.003623947495926122 -0.0036002854300717399 -0.001221684874522977 0.0024952224891010735 -0.0062266763902273153 -0.00059111541809813155 0.0030307675577054497 -0.0025406628453010435 0.0095952781935345378 -0.0027291579645690512 0.0052640547069718827 -0.0017839626125872978 -0.001354778303661164 -0.00065018555529454966 -0.0046836631879256631 -0.0083876623860244283 0.00032302527937529135 -0.00026726446055684859 0.0016260447918834105 0.0012769036271811697 0.0051069137171797898 -0.0014950786925763794 -0.0025670361099960461 0.00057278472247559162 -0.0020511764158913483 0.0012574740259923833 -0.00015577705387136433 0.00086712611258408243 -0.0012979856771425657 0.0013318102981456832
leaf_weight=7322 4904 6000 5243 16527 7981 15577 7212 5662 6316 8918 4798 15138 9469 13950 10643 6622 25942 31817 18884 12549 4827 4673 5616 8368 15887 4531 13833 11841 6223 14918
leaf_count=7322 4904 6000 5243 16527 7981 15577 7212 5662 6316 8918 4798 15138 9469 13950 10643 6622 25942 31817 18884 12549 4827 4673 5616 8368 15887 4531 13833 11841 6223 14918
internal_value=-0.000477391 -0.00213695 0.000551384 -0.000138128 -0.0011894 -0.00046788 0.00222511 -0.0041604 0.00413064 -0.000881283 0.00166798 -0.000104935 -0.000640704 -0.00165497 -0.00358057 -0.0047807 0.000426766 -0.000743984 0.00198049 0.00263425 0.00199931 -0.00287529 -0.00335019 -0.00023372 -0.0019495 -0.000973252 -0.000831295 0.00029315 -0.000328001 0.000838126
internal_weight=332191 127121 205070 145241 86583 128714 59829 40538 13528 78602 46301 103392 69684 19950 33216 12284 56437 46955 41058 22174 17376 20932 16259 49734 25322 9435 23302 26432 14591 40860
internal_count=332191 127121 205070 145241 86583 128714 59829 40538 13528 78602 46301 103392 69684 19950 33216 12284 56437 46955 41058 22174 17376 20932 16259 49734 25322 9435 23302 26432 14591 40860
is_linear=0
shrinkage=0.05


Tree=38
num_leaves=31
num_cat=0
split_feature=5 0 8 7 2 2 8 0 4 9 7 8 0 0 2 2 7 0 2 7 3 0 8 7 7 8 3 2 0 7
split_gain=213.752 89.7264 88.853 53.0544 30.7767 28.7665 28.2102 28.1349 23.4867 22.5896 22.1597 21.3299 20.204 18.1538 23.8341 21.5307 19.4266 14.9781 20.6937 11.4945 11.3523 10.9955 10.6289 10.3157 15.1899 14.2636 12.3401 9.77597 9.62303 8.91262
threshold=11.500000000000002 96.500000000000014 0.94232026850000017 1.1201095380000001 7.5000000000000009 4.5000000000000009 0.90015274200000006 78.500000000000014 0.59421509617575907 34.500000000000007 0.98628077500000011 0.80894011650000008 111.50000000000001 43.500000000000007 4.5000000000000009 1.5000000000000002 0.98203505650000011 52.500000000000007 2.5000000000000004 1.1393784770000002 -22.623501473999998 86.500000000000014 1.4093943000000004 1.028182989 1.0906577955000001 1.1667312910000003 4.9572752275000012 3.5000000000000004 79.500000000000014 1.2082677355000002
decision_type=2 2 2 2 2 2 2 2 8 2 2 2 2 2 2 2 2 2 2 2 2 2 2 2 2 2 2 2 2 2
left_child=2 3 8 6 10 17 28 -7 11 29 -3 -1 -12 15 16 -8 -15 18 19 -4 -19 27 23 25 26 -18 -25 -10 -2 -5
right_child=1 4 5 9 -6 7 13 -9 21 -11 12 -13 -14 14 -16 -17 22 20 -20 -21 -22 -23 -24 24 -26 -27 -28 -29 -30 -31
leaf_value=-0.0098123585587804995 -0.002626690109027423 0.0023969872615648316 -0.00088825732163984046 0.00018467187439409895 -0.0027711972366598532 -0.0071752333356353455 -0.00019729845192380802 -0.0020989607239688679 -0.0029655500774295688 0.0040466614500621056 0.0042966972260273439 -0.0048418271163996 0.01596328250168073 0.0019037890989298868 -0.0025086654912140518 -0.0025209564990667042 -0.0017801753668093307 -0.0014706985056736289 -0.0030306796365099781 0.0009272924167643082 0.0010973534978855892 -0.0023702185350369834 0.0018297589861947629 -6.8120642237926027e-05 -0.0022349547669533675 0.00097327043109844973 0.002785225461524521 -0.0055867312416593264 -0.00050280955548252522 0.0025651785706005906
leaf_weight=5281 13856 15271 38002 12600 5268 4894 32812 8941 10865 9395 18672 9526 8517 16507 8166 10866 10606 4729 7964 7320 14737 8793 4741 8114 4733 4947 8329 6137 5327 6158
leaf_count=5281 13856 15271 38002 12600 5268 4894 32812 8941 10865 9395 18672 9526 8517 16507 8166 10866 10606 4729 7964 7320 14737 8793 4741 8114 4733 4947 8329 6137 5327 6158
internal_value=-0.000441687 0.000557799 -0.00205169 -1.885e-05 0.00245637 -0.00114661 -0.000448031 -0.00323609 -0.00398146 0.00194749 0.00290357 -0.00556896 0.00375956 -0.00013897 0.000383421 -0.000929996 0.000739669 -0.000749069 -0.00118266 -0.000769409 0.000437831 -0.00306928 0.000162146 -0.000125565 0.000592512 -0.00110313 0.00131095 -0.00381167 -0.00221688 0.000944678
internal_weight=332074 204885 127189 157157 47728 86587 129004 13835 40602 28153 42460 14807 27189 109821 66143 43678 57977 72752 53286 45322 19466 25795 41470 36729 21176 15553 16443 17002 19183 18758
internal_count=332074 204885 127189 157157 47728 86587 129004 13835 40602 28153 42460 14807 27189 109821 66143 43678 57977 72752 53286 45322 19466 25795 41470 36729 21176 15553 16443 17002 19183 18758
is_linear=0
shrinkage=0.05


Tree=39
num_leaves=31
num_cat=0
split_feature=4 0 8 2 0 6 4 2 7 9 7 7 2 0 0 9 7 0 7 2 7 2 8 8 8 8 7 7 8 7
split_gain=191.594 85.1366 63.3547 60.6689 46.7562 43.0113 30.802 29.9948 24.2707 23.6691 21.7532 21.6131 20.798 46.2652 19.7072 15.2413 14.5757 14.0111 13.7141 12.6367 12.0083 9.92387 10.0067 14.6884 11.527 9.28817 8.11945 13.7785 9.64976 12.8696
threshold=0.83254392057830817 87.500000000000014 0.8314545940000001 3.5000000000000004 47.500000000000007 1.5000000000000002 0.56912320991037435 6.5000000000000009 1.1350018475000001 45.500000000000007 0.98794492700000014 1.0758004030000003 4.5000000000000009 80.500000000000014 108.50000000000001 20.500000000000004 0.9543694155000001 80.500000000000014 0.92847607600000004 6.5000000000000009 1.0154001440000002 1.5000000000000002 0.95085857150000008 1.0771584090000001 1.2690178225000002 1.1692778010000002 1.0951090540000001 1.1201095380000001 1.3158465240000001 1.2082677355000002
decision_type=10 2 2 2 2 2 8 2 2 2 2 2 2 2 2 2 2 2 2 2 2 2 2 2 2 2 2 2 2 2
left_child=2 3 6 4 11 9 -1 14 16 12 -9 21 18 -14 25 -5 -6 -8 -4 -15 -16 22 -2 -24 -25 -3 -13 -28 -29 -30
right_child=1 7 5 15 8 -7 17 10 -10 -11 -12 26 13 19 20 -17 -18 -19 -20 -21 -22 -23 23 24 -26 -27 27 28 29 -31
leaf_value=-0.0079810357980592602 -0.0021485168335712568 0.0016661815972575712 -0.0021742527478007868 -0.0042299305758577658 0.002087724342310371 -0.0048865019484848511 -0.0052357637121320634 -0.0053933289970277635 0.0036389994409031234 0.0019858894719533672 0.0037511792617261953 0.0019989384115698229 -0.0075301060689258849 0.00060861509436958014 0.0064222959799823121 -0.0015106405861040535 0.00037966194406698073 -0.0023416366810468658 -0.00058597164319303954 -0.0052040587449204041 0.013443467435472735 -0.0021262974080885843 0.00087051359870190528 -0.0015639168318209635 0.00030048639249499742 0.0037922404516000708 -0.0017801996831753265 0.0019577568089741925 -0.0010113007976577549 0.002131662602549511
leaf_weight=6590 8325 24003 12153 9387 8957 13241 6015 5503 8957 5958 4954 4815 5893 5921 7700 8980 36764 5760 57329 5005 7788 11377 9699 11280 5830 13137 4890 4735 6508 5011
leaf_count=6590 8325 24003 12153 9387 8957 13241 6015 5503 8957 5958 4954 4815 5893 5921 7700 8980 36764 5760 57329 5005 7788 11377 9699 11280 5830 13137 4890 4735 6508 5011
internal_value=-0.000444589 0.000480334 -0.0020022 -0.000184768 0.000203298 -0.00153026 -0.00471217 0.00201438 0.00130708 -0.00114766 -0.000431323 -0.000629527 -0.0013581 -0.00293554 0.00250033 -0.00287054 0.000840605 -0.00317806 -0.000976082 -0.0010086 0.00399858 -0.00127456 -0.000858732 -0.000388323 -0.00126935 0.00187508 0.000526209 0.000104024 0.00080417 2.27785e-05
internal_weight=332465 208600 123865 145515 127148 105500 18365 63085 54678 92259 10457 72470 86301 16819 52628 18367 45721 11775 69482 10926 15488 46511 35134 26809 17110 37140 25959 21144 16254 11519
internal_count=332465 208600 123865 145515 127148 105500 18365 63085 54678 92259 10457 72470 86301 16819 52628 18367 45721 11775 69482 10926 15488 46511 35134 26809 17110 37140 25959 21144 16254 11519
is_linear=0
shrinkage=0.05


Tree=40
num_leaves=31
num_cat=0
split_feature=5 8 1 7 6 3 1 8 1 7 9 7 7 6 9 7 1 3 5 9 6 3 7 7 7 7 7 8 8 3
split_gain=171.433 76.8432 74.2062 40.7163 29.1695 26.8319 23.8654 23.3261 23.05 22.9396 18.8445 17.7684 12.6164 11.9828 10.3606 11.2288 10.3202 10.2685 10.2084 9.40658 9.15079 9.70298 8.95339 8.64092 12.523 10.3449 8.19105 9.87855 12.0265 7.99403
threshold=11.500000000000002 0.94232026850000017 25.500000000000004 1.1201095380000001 1.5000000000000002 -29.674830943499995 5.5000000000000009 0.8314545940000001 76.500000000000014 0.8508313755000001 34.500000000000007 1.0394500700000002 1.0310529730000002 1.0000000180025095e-35 31.500000000000004 0.9911600195000001 62.500000000000007 -10.703900558999999 20.500000000000004 11.500000000000002 1.5000000000000002 -23.930843164499993 1.2082677355000002 0.98203505650000011 0.95226128050000014 1.028182989 0.9455878135000001 1.0771584090000001 1.0117252615000003 1.0000000180025095e-35
decision_type=2 2 2 2 2 2 2 2 2 2 2 2 2 2 2 2 2 2 2 2 2 2 2 2 2 2 2 2 2 2
left_child=1 9 6 4 7 -3 18 -4 13 -1 22 19 17 23 15 20 -14 -7 -2 -8 21 -11 -5 24 -9 -25 -10 28 -28 -27
right_child=2 5 3 10 -6 12 11 8 26 14 -12 -13 16 -15 -16 -17 -18 -19 -20 -21 -22 -23 -24 25 -26 29 27 -29 -30 -31
leaf_value=-0.0073198192460720126 0.0086024526592169224 -0.003996850560600779 -0.0028055482105172505 -6.0791200681986628e-05 -0.0034897054612643866 -0.001979217732215452 -0.0019476886368977209 0.00057747066225822543 -0.0018854383067594489 -0.00634497350073936 0.003498687344878554 0.0047940152256719772 0.0013843289052823283 -0.00043384397857592076 -0.0010294247384797089 -0.0017540048048168555 -0.00048243399779169805 -0.00064098483451893176 0.020323395376605703 0.0019261837236996537 -0.0072033690775347714 -0.0022775749054418592 0.0023553804327206777 -0.00058092458658849384 0.0033559406527371911 -0.0001324850803888611 -0.0005066119570251215 -0.00094631476249971427 0.0018539054616910329 0.0019702494277903412
leaf_weight=7344 5512 8812 7559 12505 7207 15708 5731 8640 7778 5883 9243 14277 10197 22013 4636 5178 28059 23673 5086 21175 6326 11269 6101 11657 6122 6694 8391 24150 4656 10750
leaf_count=7344 5512 8812 7559 12505 7207 15708 5731 8640 7778 5883 9243 14277 10197 22013 4636 5178 28059 23673 5086 21175 6326 11269 6101 11657 6122 6694 8391 24150 4656 10750
internal_value=-0.000432392 -0.00187554 0.000461201 -9.10595e-05 -0.000474539 -0.00103249 0.00209782 -0.000286492 -0.000103174 -0.00366871 0.00163845 0.00155294 -0.000735588 0.000492555 -0.00310989 -0.00346464 -8.88633e-05 -0.00136375 0.00421343 0.000796143 -0.00392944 -0.00332809 0.000721348 0.00097024 0.00195537 0.000470264 -0.000975711 -0.000666967 0.000441503 0.00124076
internal_weight=332332 127085 205247 153466 125617 86449 51781 118410 110851 40636 27849 41183 77637 65876 33292 28656 38256 39381 10598 26906 23478 17152 18606 43863 14762 29101 44975 37197 13047 17444
internal_count=332332 127085 205247 153466 125617 86449 51781 118410 110851 40636 27849 41183 77637 65876 33292 28656 38256 39381 10598 26906 23478 17152 18606 43863 14762 29101 44975 37197 13047 17444
is_linear=0
shrinkage=0.05


Tree=41
num_leaves=31
num_cat=0
split_feature=5 8 3 9 2 8 4 0 0 9 0 2 3 4 0 2 0 2 2 8 8 8 5 4 0 8 0 2 8 2
split_gain=161.62 74.8903 64.2119 31.021 26.8245 23.9538 22.8865 22.126 21.9014 22.2132 19.1717 28.8228 16.1809 11.246 9.74233 10.2036 9.28612 18.6688 18.5725 8.84254 8.329 10.6812 8.22524 7.30346 5.9261 9.1978 6.52338 8.40075 5.70444 5.39636
threshold=11.500000000000002 0.94232026850000017 13.326599906500002 49.500000000000007 5.5000000000000009 1.5192940695000001 0.50605770383338944 104.50000000000001 111.50000000000001 11.500000000000002 77.500000000000014 3.5000000000000004 -22.623501473999998 0.85606651498690589 49.500000000000007 1.0000000180025095e-35 75.500000000000014 2.5000000000000004 5.5000000000000009 1.0189477030000003 1.3474409155000002 0.96220362650000013 22.500000000000004 0.94821113323500628 39.500000000000007 1.2992437430000001 92.500000000000014 3.5000000000000004 1.1535191605000004 1.5000000000000002
decision_type=2 2 2 2 2 2 8 2 2 2 2 2 2 10 2 2 2 2 2 2 2 2 2 10 2 2 2 2 2 2
left_child=1 6 3 8 10 7 12 20 9 23 11 14 -1 -11 15 -3 17 -8 -18 -17 21 -4 -9 -2 29 26 27 -26 -16 -15
right_child=2 4 5 -5 -6 -7 16 22 -10 13 -12 -13 -14 24 28 19 18 -19 -20 -21 -22 -23 -24 -25 25 -27 -28 -29 -30 -31
leaf_value=-0.010473727238669649 -0.0030748976666976958 -0.00013594199251340533 -0.00071308501065679708 0.0023137609501026504 -0.0055139834470405496 0.0053513672618964005 -0.0021610405541331811 0.0048268134501012307 0.0053010064370971948 -0.00090932565071789873 0.0016425410022280762 -0.0036282395695385662 -0.0036853495524774016 -8.6860667679450335e-05 -0.00049122722213758025 -0.0026378766084502459 0.00049122949804132621 -0.0056050148520055965 -0.0050100780365506803 -0.0010323688747158638 -0.00075997717642055937 0.0018761948593627844 0.011284895356409775 -0.001096442769777789 0.00020311443299190213 0.0014626717049824351 0.001622019574374467 -0.0016981895662445791 0.0015360518873096781 -0.001484346533972672
leaf_weight=4968 8649 23352 5936 14579 8027 5365 9518 5999 8167 33052 8872 8923 4527 24003 5721 5187 4784 7886 8850 20672 5862 23718 6989 12508 19069 9754 9332 7121 5970 4562
leaf_count=4968 8649 23352 5936 14579 8027 5365 9518 5999 8167 33052 8872 8923 4527 24003 5721 5187 4784 7886 8850 20672 5862 23718 6989 12508 19069 9754 9332 7121 5970 4562
internal_value=-0.000429838 -0.001829 0.00044016 -8.91904e-05 -0.000999666 0.00192185 -0.0036031 0.00157084 -0.000323828 -0.000483972 -0.000718692 -0.000996885 -0.00575132 -0.000190953 -0.000607894 -0.000916115 -0.00294511 -0.00371072 -0.00196679 -0.0016002 0.000924805 0.00126521 0.00333641 -0.00196402 0.000152175 0.000507939 0.000134405 -0.00027009 0.000689338 -0.000411708
internal_weight=331922 127257 204665 150796 86724 53869 40533 48504 136217 128050 78697 69825 9495 106893 60902 49211 31038 17404 13634 25859 35516 29654 12988 21157 73841 45276 35522 26190 11691 28565
internal_count=331922 127257 204665 150796 86724 53869 40533 48504 136217 128050 78697 69825 9495 106893 60902 49211 31038 17404 13634 25859 35516 29654 12988 21157 73841 45276 35522 26190 11691 28565
is_linear=0
shrinkage=0.05


Tree=42
num_leaves=31
num_cat=0
split_feature=4 1 8 2 6 8 1 2 7 2 1 4 7 7 6 1 2 2 7 4 3 7 1 2 7 8 8 1 8 7
split_gain=140.419 65.4581 54.7822 46.4716 40.5221 38.3953 33.0087 39.9291 24.6343 17.8067 40.2256 17.5387 17.0254 22.4341 15.4311 14.3497 14.0183 13.2699 11.9153 13.0863 12.8343 11.6313 9.38427 14.728 9.1782 11.5302 10.2618 8.64175 8.57548 8.84663
threshold=0.781726907187691 55.500000000000007 0.78344438100000013 2.5000000000000004 1.5000000000000002 1.5646987590000003 6.5000000000000009 6.5000000000000009 1.0758004030000003 4.5000000000000009 38.500000000000007 0.58198096355525697 1.0920774425000002 1.1201095380000001 1.0000000180025095e-35 78.500000000000014 3.5000000000000004 6.5000000000000009 1.1393784770000002 0.50605770383338944 -17.589821763499994 1.0000053235000002 38.500000000000007 3.5000000000000004 0.9455878135000001 1.0796594780000002 1.0117252615000003 74.500000000000014 0.90015274200000006 0.99308499750000012
decision_type=10 2 2 2 2 2 2 2 2 2 2 8 2 2 2 2 2 2 2 10 2 2 2 2 2 2 2 2 2 2
left_child=2 5 11 8 9 6 21 14 15 18 17 -1 -10 -14 28 -3 -5 -11 19 20 -4 -2 -16 -24 -17 26 -26 -15 -8 -30
right_child=1 3 4 16 -6 -7 7 -9 12 10 -12 -13 13 27 22 24 -18 -19 -20 -21 -22 -23 23 -25 25 -27 -28 -29 29 -31
leaf_value=-0.0097860314667383638 0.0059583130556310152 0.00026699770973737937 -0.0043716631244973382 -0.0016438878689372966 -0.0048887844170809429 0.0066920661041948108 -0.00023229600802187058 -0.0044379042394982774 0.0028584256121754444 0.0010297400178416142 -0.0071925806755956338 -0.0046730761233530456 -0.0014714115551179741 0.0027330250661119328 0.0010244139557022164 -0.0021981658115833302 -0.0050655180659866048 -0.004463930390540694 0.0014302223796992643 -0.00041957542972365092 -0.0010613719667445399 0.01756294582419109 0.00068532929532105216 -0.002242528219623563 -0.00049452620126197997 -0.0011673898761361378 0.0017795692232392413 0.00063709024718272284 0.0032019691973294213 0.001580691206581153
leaf_weight=4544 6776 20214 4729 12834 12148 4635 5541 8560 5444 5622 5903 4794 7513 4635 31116 10284 6056 5346 5538 39389 14041 5724 8115 6447 9235 17989 4613 15668 11154 27347
leaf_count=4544 6776 20214 4729 12834 12148 4635 5541 8560 5444 5622 5903 4794 7513 4635 31116 10284 6056 5346 5538 39389 14041 5724 8115 6447 9235 17989 4613 15668 11154 27347
internal_value=-0.000407656 0.000277506 -0.00195108 -0.000569591 -0.00158324 0.00111777 0.000931083 0.000623188 -0.000121731 -0.00117719 -0.00262133 -0.00560045 0.000977003 0.000476259 0.000934522 -0.000708013 -0.00283541 -0.000829308 -0.00079452 -0.00100556 -0.00209188 0.00335066 0.000290589 -0.000756848 -0.0012335 -0.000813784 0.000270699 0.00133999 0.00160227 0.00186692
internal_weight=331954 229900 102054 114485 92716 115415 110780 98280 95595 80568 16871 9338 33260 27816 89720 62335 18890 10968 63697 58159 18770 12500 45678 14562 42121 31837 13848 20303 44042 38501
internal_count=331954 229900 102054 114485 92716 115415 110780 98280 95595 80568 16871 9338 33260 27816 89720 62335 18890 10968 63697 58159 18770 12500 45678 14562 42121 31837 13848 20303 44042 38501
is_linear=0
shrinkage=0.05


Tree=43
num_leaves=31
num_cat=0
split_feature=3 7 6 3 0 2 0 2 8 0 8 0 6 4 2 0 2 0 7 6 0 2 8 3 7 7 8 8 7 0
split_gain=131.695 62.3835 43.0291 38.2945 31.8842 66.4219 25.3891 25.15 23.8762 20.5659 19.2693 17.8289 17.7941 13.3623 12.922 12.6217 28.6897 12.6058 12.5275 12.3525 12.2026 13.2181 10.5985 12.9319 11.3249 9.92602 8.86816 8.36541 10.0239 7.19823
threshold=0.73508838600000015 0.87209273600000004 1.5000000000000002 31.598499919000002 84.500000000000014 4.5000000000000009 105.50000000000001 7.5000000000000009 1.3201884320000004 70.500000000000014 1.6117187765000003 48.500000000000007 1.5000000000000002 0.54033720891950865 5.5000000000000009 50.500000000000007 1.5000000000000002 53.500000000000007 0.91589081200000011 1.0000000180025095e-35 106.50000000000001 3.5000000000000004 1.0052361115000001 -4.9814100674999997 1.0046301695000002 1.0539681675000001 0.95085857150000008 1.0877557720000002 0.96428644550000009 99.500000000000014
decision_type=2 2 2 2 2 2 2 2 2 2 2 2 2 8 2 2 2 2 2 2 2 2 2 2 2 2 2 2 2 2
left_child=1 13 4 11 5 10 14 29 19 -7 15 26 20 -1 17 16 18 -4 -3 -5 21 -13 -20 24 -24 -25 -2 28 -18 -6
right_child=3 2 6 8 7 9 -8 -9 -10 -11 -12 12 -14 -15 -16 -17 27 -19 22 -21 -22 -23 23 25 -26 -27 -28 -29 -30 -31
leaf_value=-0.0067339061095101687 -0.0016862755397882845 -0.0027696662721501566 -0.0035435585164603741 0.0042715475104345537 0.00059428636745958443 -0.0077510769845852145 0.00068463258368381972 -0.005597880130953992 0.0081001194395389827 -0.0036156921719955049 0.0021803302615927252 0.00153363266478177 -0.0017937806008049173 -0.0033088849823922186 -0.0079600397726560246 -1.8068480376687292e-05 -0.0026605564388074822 -0.00090776873490485137 -0.0013362995013662588 0.00081113334291000878 0.0075582302430341336 -0.00044670602562192629 0.0018525500111614636 -0.0011483345623336666 0.00020078137166944511 0.00047305291836110543 2.31143515356802e-05 -0.0031631738101898566 -0.00013501730877928388 0.0032836803959412578
leaf_weight=4508 6377 4948 8086 6832 17525 4537 5036 4975 5794 6035 4728 33701 7681 11958 6494 35907 5639 5312 13110 8043 7466 12312 4804 10766 8107 10981 40133 10874 5468 14142
leaf_count=4508 6377 4948 8086 6832 17525 4537 5036 4975 5794 6035 4728 33701 7681 11958 6494 35907 5639 5312 13110 8043 7466 12312 4804 10766 8107 10981 40133 10874 5468 14142
internal_value=-0.000399169 -0.0011888 -0.000929571 0.000855611 -0.000632878 -0.00101065 -0.00286367 0.000665129 0.00282662 -0.00480287 -0.00066284 0.00047713 0.00103818 -0.00413909 -0.00366638 -0.000796499 -0.0011668 -0.00277736 -0.000533943 0.00176495 0.00136139 0.00105692 -0.000285726 0.000172374 0.00142556 -0.000571787 -0.000260669 -0.00268409 -0.00171774 0.00118441
internal_weight=332279 203940 187474 128339 162546 125904 24928 36642 20669 10572 115332 107670 61160 16466 19892 110604 74697 13398 52716 14875 53479 46013 47768 34658 12911 21747 46510 21981 11107 31667
internal_count=332279 203940 187474 128339 162546 125904 24928 36642 20669 10572 115332 107670 61160 16466 19892 110604 74697 13398 52716 14875 53479 46013 47768 34658 12911 21747 46510 21981 11107 31667
is_linear=0
shrinkage=0.05


Tree=44
num_leaves=31
num_cat=0
split_feature=5 0 8 4 2 4 2 9 0 3 0 2 0 2 0 2 9 2 0 0 8 0 2 0 8 8 8 0 2 8
split_gain=129.481 57.1345 57.1233 28.1885 25.2455 23.8382 23.8205 21.7553 17.3334 16.6097 16.4239 23.675 15.1423 12.8828 16.4915 12.7418 12.1685 10.6859 10.2082 9.78871 7.45496 7.10342 10.0884 6.69373 6.34234 11.4344 9.49086 7.15066 8.86561 5.539
threshold=12.500000000000002 98.500000000000014 0.94232026850000017 1.6534265709003368 7.5000000000000009 0.44216914617872494 5.5000000000000009 9.5000000000000018 115.50000000000001 0.73508838600000015 79.500000000000014 3.5000000000000004 95.500000000000014 7.5000000000000009 88.500000000000014 3.5000000000000004 46.500000000000007 3.5000000000000004 61.500000000000007 70.500000000000014 0.90015274200000006 41.500000000000007 3.5000000000000004 49.500000000000007 1.0216345210000002 0.99996303200000003 1.0559896245000002 47.500000000000007 1.5000000000000002 1.4992900485000002
decision_type=2 2 2 10 2 8 2 2 2 2 2 2 2 2 2 2 2 2 2 2 2 2 2 2 2 2 2 2 2 2
left_child=2 3 5 7 8 -1 10 -2 17 16 11 24 -8 14 15 23 20 -3 -13 -17 -9 -11 29 -7 25 -4 -26 28 -28 -23
right_child=1 4 6 -5 -6 13 12 9 -10 21 -12 18 -14 -15 -16 19 -18 -19 -20 -21 -22 22 -24 -25 26 -27 27 -29 -30 -31
leaf_value=-0.0065770856254797842 -0.00213599030582321 0.0058799416638329084 -0.00021615780286715625 0.0034374244630866555 -0.0030772459420676025 -0.0025735823782414794 -0.0059563524196544759 -0.0019626129720814625 0.019961240552831536 -4.1301380738509313e-05 0.0015301150909033557 -0.0044830412060904799 -0.0021988007783267927 -0.0098723912575513495 -0.00020237413880824784 -0.0054173854915148482 0.0012659594949540609 0.0027115076867759744 -0.001443733559691457 -0.002568141076862593 -0.00044102522931838974 0.0011482763936754071 -0.00069584226784434329 -0.00020413338642524261 0.0012188797167857813 -0.0029708129231893268 -0.00023123067451860104 0.00052954195016169663 -0.0018725236624132419 0.0023102488083008689
leaf_weight=6735 10535 7060 8129 5198 4588 11928 4583 8303 6272 25674 10095 5314 4617 4569 8033 4687 7873 23156 5490 5030 41932 32717 8003 4513 5249 5314 29085 12158 10074 4651
leaf_count=6735 10535 7060 8129 5198 4588 11928 4583 8303 6272 25674 10095 5314 4617 4569 8033 4687 7873 23156 5490 5030 41932 32717 8003 4513 5249 5314 29085 12158 10074 4651
internal_value=-0.000364667 0.000509633 -0.00148129 4.29633e-05 0.0021555 -0.00295027 -0.000813581 -9.16295e-05 0.00259502 8.66187e-05 -0.000568126 -0.000805668 -0.00323737 -0.00247259 -0.00213877 -0.0027472 -0.000540327 0.00209788 -0.00298362 -0.00418252 -0.000826781 0.000599402 0.000975461 -0.00189788 -0.00046937 -0.00144538 -0.000237312 -0.000444497 -0.000773351 0.00132047
internal_weight=331565 185962 145603 144886 41076 45495 100108 139688 36488 129153 90908 80813 9200 38760 34191 26158 58108 30216 10804 9717 50235 71045 45371 16441 70009 13443 56566 51317 39159 37368
internal_count=331565 185962 145603 144886 41076 45495 100108 139688 36488 129153 90908 80813 9200 38760 34191 26158 58108 30216 10804 9717 50235 71045 45371 16441 70009 13443 56566 51317 39159 37368
is_linear=0
shrinkage=0.05


Tree=45
num_leaves=31
num_cat=0
split_feature=5 8 3 7 0 7 3 5 6 6 6 7 0 3 9 0 7 0 3 8 6 3 8 0 5 7 7 3 9 7
split_gain=111.668 52.9644 51.5706 32.6691 27.7559 22.939 20.6848 17.7312 15.1939 14.1681 12.3724 11.1388 11.0402 10.8467 9.89944 9.4842 8.81146 7.49781 7.65061 6.9914 6.08379 5.45557 8.84731 6.17529 5.36049 5.31284 5.18077 4.95453 4.65454 5.01123
threshold=10.500000000000002 0.94232026850000017 19.877938300000004 0.94213990150000015 71.500000000000014 0.8508313755000001 -29.674830943499995 27.500000000000004 1.5000000000000002 1.0000000180025095e-35 1.5000000000000002 1.0563097930000003 106.50000000000001 -0.26244720199999994 23.500000000000004 61.500000000000007 0.84552124650000016 103.50000000000001 -8.5617234004999982 1.1505799880000003 1.0000000180025095e-35 -17.920236034499997 1.1831267190000003 22.500000000000004 6.5000000000000009 1.1393784770000002 1.0970247890000002 -13.686838875499998 17.500000000000004 0.99967947350000008
decision_type=2 2 2 2 2 2 2 2 2 2 2 2 2 2 2 2 2 2 2 2 2 2 2 2 2 2 2 2 2 2
left_child=1 5 3 16 8 -1 -3 12 13 26 24 14 -4 28 21 25 -2 18 -11 -9 -15 -8 23 -23 27 -13 -6 -7 -5 -30
right_child=2 6 7 4 9 10 11 19 -10 17 -12 15 -14 20 -16 -17 -18 -19 -20 -21 -22 22 -24 -25 -26 -27 -28 -29 29 -31
leaf_value=-0.0065945749026920493 -0.0035286900645978172 -0.0036234914024501548 0.00085185777264782389 -0.001248214743042167 0.0019306751985284755 -0.0050836620833718373 -0.0028298280483839825 0.003952812681933965 -0.0028046000647843684 -0.001610128451448778 -0.0058023827859260638 -0.00075447204322722514 0.0069412216879711774 0.00056451828727858706 0.00019348999978410775 0.0022201214525152447 -0.0010361093876171846 0.0027738072363886952 0.00070949703560708186 0.0066333866174915828 -0.00050007853386546122 -3.0285278451053223e-05 -0.0021456298868357065 -0.0018033484807538304 -0.0016111767482942603 0.00066414312358464573 0.0040878173826891795 -0.0015395270402967344 0.00041561164546962683 -0.00071364695482180058
leaf_weight=6616 4739 7814 21146 12370 23161 4500 4664 4691 4677 8203 7249 12200 6821 33491 9875 5167 29114 11992 10778 5704 13919 11863 6982 7344 12252 8108 4936 4675 9059 17831
leaf_count=6616 4739 7814 21146 12370 23161 4500 4664 4691 4677 8203 7249 12200 6821 33491 9875 5167 29114 11992 10778 5704 13919 11863 6982 7344 12252 8108 4936 4675 9059 17831
internal_value=-0.000379617 -0.00168837 0.000262984 -8.42491e-05 0.000231598 -0.00328215 -0.000928271 0.0019307 -0.00031458 0.00107617 -0.00266901 -0.000640972 0.00127494 -0.000164696 -0.00115386 0.000179062 -0.00148746 0.000338547 -0.000279811 0.00369351 0.0003443 -0.00159481 -0.00131376 -0.000759291 -0.00206409 -0.000307685 0.0018891 -0.00297794 -0.00077932 -0.000409927
internal_weight=331941 109309 222632 184270 150417 35292 74017 38362 91347 59070 28676 66203 27967 86670 40728 25475 33853 30973 18981 10395 47410 30853 26189 19207 21427 20308 28097 9175 39260 26890
internal_count=331941 109309 222632 184270 150417 35292 74017 38362 91347 59070 28676 66203 27967 86670 40728 25475 33853 30973 18981 10395 47410 30853 26189 19207 21427 20308 28097 9175 39260 26890
is_linear=0
shrinkage=0.05


Tree=46
num_leaves=31
num_cat=0
split_feature=3 7 6 0 0 2 0 0 6 2 7 8 9 3 2 0 0 2 2 7 7 7 8 8 7 8 8 2 8 8
split_gain=100.577 47.3764 39.2701 27.7948 27.1313 41.0113 32.9037 23.1661 22.9323 18.6406 17.5484 17.4741 14.6772 14.0026 12.5393 14.7049 12.463 22.1864 10.4475 10.3819 18.2819 13.7528 9.74667 15.9739 9.71667 10.4636 10.3138 9.53927 8.627 8.15325
threshold=0.73508838600000015 0.84552124650000016 1.5000000000000002 98.500000000000014 90.500000000000014 4.5000000000000009 70.500000000000014 106.50000000000001 1.0000000180025095e-35 7.5000000000000009 1.1496716780000003 1.5927279265000003 12.500000000000002 24.275273039000002 5.5000000000000009 56.500000000000007 50.500000000000007 1.5000000000000002 5.5000000000000009 0.9088738405000002 0.99308499750000012 1.0116805640000002 1.0189477030000003 1.0796594780000002 0.97754740050000011 1.3520143715000001 1.2690178225000002 1.0000000180025095e-35 1.1208789765000002 0.77793374000000004
decision_type=2 2 2 2 2 2 2 2 2 2 2 2 2 2 2 2 2 2 2 2 2 2 2 2 2 2 2 2 2 2
left_child=1 29 4 10 5 11 -7 14 28 -6 12 16 -2 -12 15 -4 17 22 -8 -18 -21 -22 27 -24 -25 26 -26 -3 -5 -1
right_child=3 2 7 8 9 6 18 -9 -10 -11 13 -13 -14 -15 -16 -17 19 -19 -20 20 21 -23 23 24 25 -27 -28 -29 -30 -31
leaf_value=-0.0072278326797269535 -0.0010206306635117764 -0.00042627557104978064 -0.0032205156211228881 0.0054063034366588023 0.0018203478032335603 -0.0069595544502552564 -0.00025160560414672073 0.00094333349081856535 0.002366075945224855 -0.0045930710233678899 0.00081657274792671937 0.0021183222207185408 0.00039120154719844984 0.0054515600288146506 -0.0074096233236019332 -0.0004444935500920011 -0.0016562125922675254 -0.00215469974549668 -0.0043914646626947778 0.0013655891316458613 -0.00300272593270412 5.1091712020004401e-05 0.0017379986211333021 -0.0016328212043558834 -0.00010935903061846109 -0.0012512296572341208 0.0017619535896886919 -0.0023791198470186794 0.010103696552292887 -0.0026386146736536139
leaf_weight=5352 16886 10624 8865 5156 24852 4714 5277 4876 16753 4789 12700 5344 66976 4691 6987 5223 5337 22675 4941 14217 4921 16706 5236 4985 12547 7515 4633 8391 5188 4787
leaf_count=5352 16886 10624 8865 5156 24852 4714 5277 4876 16753 4789 12700 5344 66976 4691 6987 5223 5337 22675 4941 14217 4921 16706 5236 4985 12547 7515 4633 8391 5188 4787
internal_value=-0.000349391 -0.00103987 -0.00086537 0.000746952 -0.00058524 -0.000879911 -0.00335409 -0.0026752 0.00216912 0.000787206 0.000366267 -0.000579745 6.64743e-05 0.00181148 -0.00339362 -0.00253317 -0.000706648 -0.00108372 -0.00175829 -5.15952e-06 0.000301264 -0.000614252 -0.00053188 -3.57951e-05 -0.000485093 -7.84413e-05 0.000602269 -0.00144256 0.00401971 -0.00437081
internal_weight=332144 203794 193655 128350 167704 138063 14932 25951 27097 29641 101253 123131 83862 17391 21075 14088 117787 76606 10218 41181 35844 21627 53931 34916 29680 24695 17180 19015 10344 10139
internal_count=332144 203794 193655 128350 167704 138063 14932 25951 27097 29641 101253 123131 83862 17391 21075 14088 117787 76606 10218 41181 35844 21627 53931 34916 29680 24695 17180 19015 10344 10139
is_linear=0
shrinkage=0.05


Tree=47
num_leaves=31
num_cat=0
split_feature=5 8 0 7 2 4 9 7 9 0 0 2 0 7 2 0 2 8 0 9 7 5 3 5 4 3 2 8 0 7
split_gain=102.795 48.7735 43.293 30.7627 23.5939 21.3509 19.1525 17.1018 16.7019 12.925 12.8444 23.0512 11.2532 9.42991 10.9952 11.5251 10.137 9.18793 9.4323 9.16933 8.47506 9.86984 8.20097 7.11651 6.67418 6.41048 6.03754 6.7047 5.85184 5.69917
threshold=12.500000000000002 0.94232026850000017 107.50000000000001 1.1350018475000001 5.5000000000000009 0.44216914617872494 13.500000000000002 1.0142381880000002 44.500000000000007 95.500000000000014 80.500000000000014 3.5000000000000004 58.500000000000007 0.87209273600000004 6.5000000000000009 86.500000000000014 2.5000000000000004 0.8314545940000001 44.500000000000007 12.500000000000002 1.0801551885000003 5.5000000000000009 -5.9303463359999986 23.500000000000004 1.0509582606440817 9.2873560365000021 2.5000000000000004 1.4583205875 64.500000000000014 1.0934611560000003
decision_type=2 2 2 2 2 8 2 2 2 2 2 2 2 2 2 2 2 2 2 2 2 2 2 2 10 2 2 2 2 2
left_child=1 5 3 6 10 -1 25 19 23 -6 11 20 -13 -7 15 16 -15 -8 22 -4 21 -3 -19 26 -22 -2 27 -5 -18 -20
right_child=2 4 7 8 9 13 17 -9 -10 -11 -12 12 -14 14 -16 -17 28 18 29 -21 24 -23 -24 -25 -26 -27 -28 -29 -30 -31
leaf_value=-0.005769468710522513 -0.0017377562698150661 -0.0014790072197295779 -0.0012169562179183192 0.0018445295765899677 -0.0055787796195729379 -0.0040603798707425035 -0.0016395694758128715 0.0097549404356662272 0.005325563537257539 -0.0021537601866349009 0.001433083404629032 -0.0045262035461139426 -0.0015610270145533678 -0.00060120311498782365 -0.0062437716635403376 0.00099963773518642047 -0.0041655304148527335 -0.0015711146984029867 0.00068829649727649995 0.0050809244661232413 0.00081785618006112177 -0.00024934537240743903 -7.8000380652620832e-05 0.0033062644676539188 -0.00085552625110186804 3.1463683912325013e-05 -0.0012514686311195788 -0.00023953525261489751 -0.0016539458096879623 -0.0007216195783655067
leaf_weight=6739 18140 13827 4746 5530 4642 8277 7566 9825 5108 4667 9603 4608 6595 9126 7484 4839 4624 5799 65226 9386 16412 35255 27223 4658 4823 5313 4677 4527 4529 8617
leaf_count=6739 18140 13827 4746 5530 4642 8277 7566 9825 5108 4667 9603 4608 6595 9126 7484 4839 4624 5799 65226 9386 16412 35255 27223 4658 4823 5313 4677 4527 4529 8617
internal_value=-0.000367446 -0.00136062 0.000410996 0.000118235 -0.000744745 -0.00271628 -0.000171877 0.00239494 0.00175066 -0.00314178 -0.000499709 -0.000703465 -0.00280938 -0.00226539 -0.00185987 -0.00132011 -0.00189442 9.49221e-05 0.000214162 0.00128033 -0.000367773 -0.000728808 -0.000488237 0.00108006 0.00046669 -0.00147338 0.000541081 0.00123112 -0.00306972 0.000528281
internal_weight=332391 146050 186341 162384 100432 45618 137884 23957 24500 9309 91123 81520 11203 38879 30602 23118 18279 114431 106865 14132 70317 49082 33022 19392 21235 23453 14734 10057 9153 73843
internal_count=332391 146050 186341 162384 100432 45618 137884 23957 24500 9309 91123 81520 11203 38879 30602 23118 18279 114431 106865 14132 70317 49082 33022 19392 21235 23453 14734 10057 9153 73843
is_linear=0
shrinkage=0.05


Tree=48
num_leaves=31
num_cat=0
split_feature=4 2 0 6 4 0 2 2 0 8 2 8 8 8 0 2 2 3 2 8 4 4 3 0 8 8 8 0 6 8
split_gain=89.4001 50.5291 49.6433 44.4781 36.972 35.6518 47.6822 32.6404 16.8484 16.3696 14.085 14.4891 13.1792 12.2189 10.0894 13.8832 8.06119 7.62176 15.0218 7.25285 7.22887 8.28717 6.89741 6.17202 6.04663 5.92853 7.69989 5.54307 4.9188 4.14759
threshold=0.63832095183014004 2.5000000000000004 115.50000000000001 1.5000000000000002 0.46574743022419068 71.500000000000014 3.5000000000000004 6.5000000000000009 41.500000000000007 1.4521807725000002 1.5000000000000002 0.95800982700000004 0.95550089700000018 1.5097159270000002 88.500000000000014 6.5000000000000009 3.5000000000000004 -48.356497743999988 4.5000000000000009 1.3520143715000001 0.74956026705008683 1.6171833825325279 -9.9067643604999969 95.500000000000014 1.0901267645000001 0.89565229550000003 0.99996303200000003 59.500000000000007 1.0000000180025095e-35 1.5329480100000004
decision_type=10 2 2 2 10 2 2 2 2 2 2 2 2 2 2 2 2 2 2 2 10 10 2 2 2 2 2 2 2 2
left_child=1 12 3 5 -3 6 8 9 10 23 11 -2 22 25 16 -16 -5 -6 -19 -14 -13 29 -1 -7 -12 -10 -27 -8 -25 -22
right_child=2 4 -4 14 17 7 27 -9 13 -11 24 20 19 -15 15 -17 -18 18 -20 -21 21 -23 -24 28 -26 26 -28 -29 -30 -31
leaf_value=-0.0033554991153359639 -0.0017661989160592364 -0.0082983297109983454 0.01335629877251579 -0.0016151270166776422 -0.0014837316204317941 0.00067788796317839193 -0.0043329020776535585 -0.0034436197215595241 -0.00089466952181903596 0.0043458321798350739 -0.00046965664719779144 0.0012850530674576755 0.00020650007218855351 0.002360765258528508 0.00062784577257807847 -0.0048700306968780084 -0.0042486797650692241 -0.0017541600038355088 -0.0068208002677141964 -0.0014048968828503372 -0.00012191720752591229 0.0017731187683062894 -0.0011180888581027906 0.0032771772798985579 -0.0026141303861611231 0.0015986908300275326 0.00018256120410298782 -0.0021833609263973877 0.0014799328293423619 -0.0015407884966634729
leaf_weight=4771 11693 5751 9339 8337 4875 45937 4806 8420 5605 6607 5821 5519 17753 5422 7807 5490 7582 7551 5590 4970 38551 4762 4576 15390 7950 7231 37763 6251 15100 4732
leaf_count=4771 11693 5751 9339 8337 4875 45937 4806 8420 5605 6607 5821 5519 17753 5422 7807 5490 7582 7551 5590 4970 38551 4762 4576 15390 7950 7231 37763 6251 15100 4732
internal_value=-0.000337996 -0.00216257 3.10101e-05 -9.44595e-05 -0.00390954 0.000131964 -0.000352643 0.000906144 -9.4129e-05 0.00120696 -0.000564321 -0.000257615 -0.000867498 0.000569155 -0.00193525 -0.000918095 -0.00278432 -0.00279396 -0.00342024 -0.000217243 9.05374e-05 -0.0001064 -0.00244734 0.0010004 -0.00201709 0.000327296 0.000518345 -0.00350863 0.00155189 -0.000324282
internal_weight=331952 55837 276115 266776 23767 237560 146106 91454 135049 83034 79028 65257 32070 56021 29216 13297 15919 18016 13141 22723 53564 48045 9347 76427 13771 50599 44994 11057 30490 43283
internal_count=331952 55837 276115 266776 23767 237560 146106 91454 135049 83034 79028 65257 32070 56021 29216 13297 15919 18016 13141 22723 53564 48045 9347 76427 13771 50599 44994 11057 30490 43283
is_linear=0
shrinkage=0.05


Tree=49
num_leaves=31
num_cat=0
split_feature=4 9 8 1 2 2 7 4 7 1 2 7 7 1 2 1 1 7 9 2 8 9 7 6 8 8 8 1 4 7
split_gain=85.1697 54.3322 47.7384 47.3628 36.7491 34.5907 25.5555 22.6058 19.857 18.5203 21.138 25.3782 12.9016 11.6917 11.1418 22.4388 10.0962 11.6728 13.1441 10.6401 10.3284 9.21657 8.36453 7.50669 7.47718 19.2965 7.85785 7.08679 7.02577 6.86119
threshold=0.63832095183014004 8.5000000000000018 0.78344438100000013 12.500000000000002 6.5000000000000009 2.5000000000000004 1.1201095380000001 0.47693509215705504 0.84552124650000016 32.500000000000007 3.5000000000000004 0.95516812250000005 0.97631804550000012 52.500000000000007 2.5000000000000004 59.500000000000007 73.500000000000014 0.98106093850000009 25.500000000000004 1.5000000000000002 1.0901267645000001 13.500000000000002 1.0183233475000002 1.0000000180025095e-35 1.0189477030000003 1.0796594780000002 1.1751955955000002 49.500000000000007 0.4142750846076762 1.0769784025000002
decision_type=8 2 2 2 2 2 2 10 2 2 2 2 2 2 2 2 2 2 2 2 2 2 2 2 2 2 2 2 10 2
left_child=2 22 -1 12 6 28 8 -7 -5 -10 16 -12 -3 -13 15 -8 17 -11 -19 24 -21 -9 -2 -14 -18 -26 -27 -16 -4 -20
right_child=1 3 5 4 -6 7 14 21 9 10 11 13 23 -15 27 -17 19 18 29 20 -22 -23 -24 -25 25 26 -28 -29 -30 -31
leaf_value=-0.0073240858247643932 -0.002614953818259322 0.0021862316093088198 -0.001084831665535796 -0.0034741770131269168 -0.0051925359025083414 -0.0067408473371350711 0.0053009772854389825 -0.0042294332454219678 0.0013875933409738363 0.0013056816242641989 -0.004137062868461364 0.00035329725844429616 0.011401833695685433 -0.0022049514000987177 0.0015636453084465569 0.0010873883297665698 -0.0007105212009129475 0.0014511576826092055 -0.00080535926904357351 -9.6893443209261632e-05 -0.0022174119946088921 -0.0016424575440263365 -0.00076324480463555453 0.0056562936830333067 0.003139947067261473 -0.00095727353041570877 0.00039277106712930503 -0.0015160338446122302 0.0001581537613069825 0.00070956895580125416
leaf_weight=5863 23736 7929 11739 5150 6318 4862 5412 4579 32996 18357 5782 10967 6268 5768 7468 17784 14130 7692 21252 7599 8266 10186 18050 8866 4513 7860 16290 4577 15350 6460
leaf_count=5863 23736 7929 11739 5150 6318 4862 5412 4579 32996 18357 5782 10967 6268 5768 7468 17784 14130 7692 21252 7599 8266 10186 18050 8866 4513 7860 16290 4577 15350 6460
internal_value=-0.000333999 1.33276e-05 -0.00218008 0.000305626 7.42502e-05 -0.00164594 0.000188225 -0.00324407 -6.16742e-05 3.21549e-05 -0.000227507 -0.00162563 0.00245849 -0.000638441 0.00141541 0.00205595 5.25911e-05 0.000547511 1.69448e-05 -0.000401019 -0.00150677 -0.00226896 -0.00164928 0.00331429 9.05416e-06 0.000473088 -8.79735e-05 0.000181535 -0.000487654 -0.000490674
internal_weight=332069 279490 52579 237704 214641 46716 208323 19627 173082 167932 134936 22517 23063 16735 35241 23196 112419 53761 35404 58658 15865 14765 41786 15134 42793 28663 24150 12045 27089 27712
internal_count=332069 279490 52579 237704 214641 46716 208323 19627 173082 167932 134936 22517 23063 16735 35241 23196 112419 53761 35404 58658 15865 14765 41786 15134 42793 28663 24150 12045 27089 27712
is_linear=0
shrinkage=0.05


Tree=50
num_leaves=31
num_cat=0
split_feature=4 9 8 0 7 3 4 7 8 8 3 7 7 7 9 9 0 7 7 7 8 7 8 8 7 7 7 7 7 9
split_gain=78.8321 51.2357 43.9251 43.6656 27.5656 27.158 24.6751 18.2656 15.5158 20.7379 13.6058 13.0073 11.0726 10.304 15.1291 9.36391 9.22457 8.77649 8.44622 13.9673 7.95269 6.95861 18.5578 17.9918 11.527 11.2886 9.47711 32.0495 15.4109 11.7568
threshold=0.62250262374204135 11.500000000000002 0.78344438100000013 107.50000000000001 1.1201095380000001 -15.774219878499999 0.44216914617872494 0.84552124650000016 1.4435879295000003 1.3628059890000002 13.326599906500002 1.0183233475000002 1.0731915865000003 0.99308499750000012 21.500000000000004 42.500000000000007 116.50000000000001 0.99800425250000013 1.028182989 0.98009628400000015 1.3109496115000001 1.0320909540000003 1.0901267645000001 1.1505799880000003 1.0575228460000001 1.0575228460000001 0.99967947350000008 1.0028781850000004 0.97754740050000011 41.500000000000007
decision_type=8 2 2 2 2 2 10 2 2 2 2 2 2 2 2 2 2 2 2 2 2 2 2 2 2 2 2 2 2 2
left_child=2 11 -1 4 7 6 -4 -3 9 10 21 -2 18 14 -8 20 17 -5 19 -12 -6 26 24 -24 -23 -25 28 -28 29 -9
right_child=1 3 5 16 15 -7 13 8 -10 -11 12 -13 -14 -15 -16 -17 -18 -19 -20 -21 -22 22 23 25 -26 -27 27 -29 -30 -31
leaf_value=-0.0071457004449685113 -0.0021602487210536925 -0.003330492940842185 -0.0058197439918021027 0.0014343594040228836 0.002349943886735162 -0.00026360762346647751 -0.003010832103742768 -0.00083234829771440262 0.0018319019244380482 -0.0022730792532454414 0.002823086675807893 -0.00042558430806078354 -0.0010867039801962242 -0.0041233185532749518 0.00081208262488979008 0.0036028934422709493 0.020056941302953209 0.0065773590515284842 0.0030310074989346766 -0.00065854212093882094 0.00032959800105699104 0.00040155053795043472 -0.0025320049563352879 0.0019940053169929281 0.0034689604625016777 -0.00048594340664186446 -0.0054733906216743455 -0.00030053635760052548 0.0011375045017000597 0.00098059593276739188
leaf_weight=5488 35033 4916 5370 7266 8558 20750 5400 37741 8784 6963 7004 27579 5089 6091 5750 7602 4615 8798 6172 7177 16627 5383 5749 5930 5038 11977 4941 19420 15609 9401
leaf_count=5488 35033 4916 5370 7266 8558 20750 5400 37741 8784 6963 7004 27579 5089 6091 5750 7602 4615 8798 6172 7177 16627 5383 5749 5930 5038 11977 4941 19420 15609 9401
internal_value=-0.000340619 -2.08203e-05 -0.00219557 0.000337236 0.00011114 -0.00166173 -0.00286025 -0.000148686 -5.77339e-05 -0.000174643 -4.7993e-05 -0.0012832 0.00100307 -0.00193741 -0.00103317 0.00143671 0.00252429 0.00195718 0.00152458 0.000852072 0.000972112 -0.000268681 0.000337055 -0.000437429 0.00209452 0.000344043 -0.000505642 -0.00134255 -0.00018066 -0.000631535
internal_weight=332221 283372 48849 220760 200081 43361 22611 167294 162378 153594 146631 62612 25442 17241 11150 32787 20679 16064 20353 14181 25185 121189 34077 23656 10421 17907 87112 24361 62751 47142
internal_count=332221 283372 48849 220760 200081 43361 22611 167294 162378 153594 146631 62612 25442 17241 11150 32787 20679 16064 20353 14181 25185 121189 34077 23656 10421 17907 87112 24361 62751 47142
is_linear=0
shrinkage=0.05


Tree=51
num_leaves=31
num_cat=0
split_feature=4 9 2 0 4 2 7 0 2 7 7 7 7 7 7 7 3 7 0 2 0 3 2 0 2 0 7 7 7 7
split_gain=76.0854 46.7978 41.1671 38.4689 32.0027 25.9796 21.2238 19.6208 34.2689 16.5338 14.6357 16.3341 16.0177 13.0812 11.5571 12.9929 11.3231 10.0722 9.94405 13.9206 9.86035 9.56521 15.6024 9.40514 16.1643 9.26161 9.18336 9.40641 11.4774 6.58098
threshold=0.63832095183014004 10.500000000000002 2.5000000000000004 108.50000000000001 0.44216914617872494 6.5000000000000009 0.84552124650000016 76.500000000000014 3.5000000000000004 0.97754740050000011 1.0758004030000003 1.0920774425000002 1.1201095380000001 1.0517352690000001 0.99967947350000008 0.98947461550000015 -15.774219878499999 1.1496716780000003 112.50000000000001 6.5000000000000009 45.500000000000007 -48.356497743999988 4.5000000000000009 70.500000000000014 2.5000000000000004 116.50000000000001 1.0107513135000004 1.0445113095 1.0310529730000002 0.92847607600000004
decision_type=8 2 2 2 10 2 2 2 2 2 2 2 2 2 2 2 2 2 2 2 2 2 2 2 2 2 2 2 2 2
left_child=2 17 16 5 -4 6 -3 8 10 -10 14 -12 -13 -11 15 20 -1 18 19 23 -8 -6 -23 24 -2 -5 -16 28 -28 -18
right_child=1 3 4 25 21 -7 7 -9 9 13 11 12 -14 -15 26 -17 29 -19 -20 -21 -22 22 -24 -25 -26 -27 27 -29 -30 -31
leaf_value=-0.0023844474327894827 -0.0010370784563017877 -0.0031322895204991931 -0.0076320444439886394 0.0039349834840405971 -0.0011993001650656256 -0.0043550933801678243 -0.00045095355565550889 0.0012251804504240405 -0.0043457446241902068 0.00054214079688509338 0.0024745610029376476 -0.0010386160884737316 0.0012240048763235063 -0.0030324863413854655 -0.0018857755137744294 0.0022360599405094384 -0.0015949632496393017 0.00071588149835347678 0.0016270011538062957 -0.0082495188840867786 0.00080880217884278245 -0.001644481319477531 -0.0063369166208294917 -0.00025067120433678593 -0.0035311073087517632 0.019580720093967371 -0.00038227420183754027 -0.0012207667725924187 0.0017227492646416044 0.00016809084913059215
leaf_weight=6963 23099 4879 4648 14670 5304 6015 20165 61344 4762 4970 6697 8788 22932 4614 7136 4947 4524 5350 4983 4574 17133 7921 5707 10086 6559 4790 10238 14081 6679 17511
leaf_count=6963 23099 4879 4648 14670 5304 6015 20165 61344 4762 4970 6697 8788 22932 4614 7136 4947 4524 5350 4983 4574 17133 7921 5707 10086 6559 4790 10238 14081 6679 17511
internal_value=-0.000305692 2.25853e-05 -0.00205057 0.000341569 -0.00360187 0.000140224 0.000237937 0.000319681 -2.12172e-05 -0.00232911 0.000257574 0.00106026 0.000586288 -0.0011315 -0.000126113 0.000443491 -0.000788712 -0.00128966 -0.00151325 -0.00175135 0.000123985 -0.00268786 -0.00338884 -0.00145035 -0.00189883 0.00246596 -0.000757099 -0.00038464 0.000409969 -0.000233099
internal_weight=332069 279491 52578 224840 23580 205380 199365 194486 133142 14346 118796 38417 31720 9584 80379 42245 28998 54651 49301 44318 37298 18932 13628 39744 29658 19460 38134 30998 16917 22035
internal_count=332069 279491 52578 224840 23580 205380 199365 194486 133142 14346 118796 38417 31720 9584 80379 42245 28998 54651 49301 44318 37298 18932 13628 39744 29658 19460 38134 30998 16917 22035
is_linear=0
shrinkage=0.05


Tree=52
num_leaves=31
num_cat=0
split_feature=3 4 3 9 4 0 0 6 6 7 4 7 0 8 7 7 8 8 7 7 7 7 0 8 0 8 0 7 7 9
split_gain=71.3655 40.4636 48.9149 25.2761 23.4818 21.738 17.8369 13.6818 13.5381 12.9894 9.30604 9.25423 9.1342 8.40091 9.16765 13.4802 9.78268 17.1736 17.8586 21.1738 13.5852 7.9055 12.368 7.56388 10.3889 7.46805 7.16062 7.13318 8.23357 6.4911
threshold=0.73508838600000015 0.50605770383338944 -17.920236034499997 15.500000000000002 1.7688405962482279 113.50000000000001 110.50000000000001 1.0000000180025095e-35 1.0000000180025095e-35 0.91220460200000009 0.4142750846076762 0.99800425250000013 98.500000000000014 0.86540467600000015 0.95619744050000011 0.96815741250000009 1.1640513860000004 1.0995788130000002 1.0485333710000002 0.99967947350000008 1.0080447965000003 1.0046301695000002 94.500000000000014 1.3201884320000004 54.500000000000007 1.429914388 86.500000000000014 1.1496716780000003 1.0934611560000003 26.500000000000004
decision_type=2 8 2 2 8 2 2 2 2 2 10 2 2 2 2 2 2 2 2 2 2 2 2 2 2 2 2 2 2 2
left_child=1 2 10 7 5 8 9 -3 12 -5 -1 -10 27 -11 29 -16 17 18 19 -17 -21 22 -9 24 -18 -25 -13 28 -2 -15
right_child=4 3 -4 6 -6 -7 -8 21 11 13 -12 26 -14 14 15 16 23 -19 -20 20 -22 -23 -24 25 -26 -27 -28 -29 -30 -31
leaf_value=-0.0069025079635448242 0.00051673433655855525 -0.00020574290729895585 -0.00072286077598245069 -0.001451691888312784 0.0039380158372369885 0.010038815620249497 0.0059138190351758274 -0.0028735369347070716 -0.0015164427802625503 -0.0021409298813860112 -0.003953692109755963 -0.0004239639704310655 0.0041355161295516113 -8.4720135175322963e-05 -0.0022650971972322576 0.0011784516788331757 -2.3446249171230062e-05 -0.0022285892554194139 0.0030012933266326037 -0.0042901776103882209 -0.0005019470540472249 -0.0010165349537502005 -0.0014592796775595692 -0.0011095565226424797 0.0021706694397303108 0.0010757343318689662 0.0017736415111395565 0.0015707370729724337 -0.00087207654653693187 0.0016544212724940333
leaf_weight=5009 40045 17813 15464 16363 5370 8005 5973 19809 14877 6705 6091 21408 7654 5132 4575 9898 7018 8386 4579 4526 7701 18402 8980 6580 9425 7596 11736 10102 8963 7861
leaf_count=5009 40045 17813 15464 16363 5370 8005 5973 19809 14877 6705 6091 21408 7654 5132 4575 9898 7018 8386 4579 4526 7701 18402 8980 6580 9425 7596 11736 10102 8963 7861
internal_value=-0.000312828 -0.000893983 -0.00271369 -0.00062131 0.000611711 0.000470092 -0.000167152 -0.00140596 0.000294342 -0.000316526 -0.00524538 -0.000345906 0.000754841 -8.0845e-05 5.62847e-05 -0.000169301 1.35055e-05 -0.000556347 6.3649e-05 -0.00052474 -0.00191608 -0.00185159 -0.00236898 0.000666552 0.00139607 -0.000179818 0.000119159 0.000544278 0.00029482 0.00127616
internal_weight=332046 203886 26564 177322 128160 122790 112318 65004 114785 106345 11100 48021 66764 89982 83277 70284 65709 35090 26704 22125 12227 47191 28789 30619 16443 14176 33144 59110 49008 12993
internal_count=332046 203886 26564 177322 128160 122790 112318 65004 114785 106345 11100 48021 66764 89982 83277 70284 65709 35090 26704 22125 12227 47191 28789 30619 16443 14176 33144 59110 49008 12993
is_linear=0
shrinkage=0.05


Tree=53
num_leaves=31
num_cat=0
split_feature=3 7 2 0 0 2 0 8 0 8 2 7 8 2 2 0 2 7 0 8 7 7 8 9 7 2 9 8 8 8
split_gain=64.0937 35.1708 33.6802 36.4617 34.3681 46.9652 39.0587 22.2643 17.4237 13.7115 14.1265 11.7875 11.5128 11.0452 11.0328 20.1333 19.5675 10.079 9.55518 7.41119 7.34892 10.4148 8.31111 9.41467 6.89544 6.83948 6.88282 6.64158 6.16271 6.10329
threshold=0.73508838600000015 0.84552124650000016 7.5000000000000009 106.50000000000001 91.500000000000014 4.5000000000000009 65.500000000000014 1.6336611120000002 71.500000000000014 0.96648837100000018 4.5000000000000009 1.2082677355000002 0.89296422700000011 2.5000000000000004 1.0000000180025095e-35 45.500000000000007 2.5000000000000004 1.0072142665000003 113.50000000000001 0.77793374000000004 0.9088738405000002 0.95619744050000011 1.1970158730000002 36.500000000000007 0.91752535600000018 2.5000000000000004 46.500000000000007 1.2650961850000002 1.0976287175000004 1.3520143715000001
decision_type=2 2 2 2 2 2 2 2 2 2 2 2 2 2 2 2 2 2 2 2 2 2 2 2 2 2 2 2 2 2
left_child=1 19 4 -4 5 7 -7 14 11 10 -10 13 -6 -2 29 16 24 -8 25 -1 -17 -22 23 -23 -16 -11 28 -24 -27 -3
right_child=8 2 3 -5 12 6 17 -9 9 18 -12 -13 -14 -15 15 20 -18 -19 -20 -21 21 22 27 -25 -26 26 -28 -29 -30 -31
leaf_value=-0.005726013597372976 9.6841226856658746e-05 0.00039220835965572134 -0.012895409436152248 -0.0014040103839881289 0.003359965417297417 -0.0073639448214418762 -0.002980273393881436 0.0025160889583765948 0.0021236881346839405 0.0028748860172272519 -0.0027416177001692438 0.0023923051278618157 0.00059427150733047944 -0.0016473709809980198 -0.0022995307150409858 -0.0012926703813989735 -0.0031934583552099328 -0.00016953273204888266 0.012903033370456181 -0.0019787733352578832 0.0012322840334978255 -0.00019378281433659052 0.0017977333188075374 -0.0022002327693570302 -0.00064267062423409022 0.00046892202563986743 -0.0010567215551181897 -0.00011531259846838671 0.0026531765619689065 -0.00089501722658629499
leaf_weight=5353 56272 26307 4668 5624 8785 5135 9186 4550 6684 11637 8050 6525 20453 8957 4986 6662 9910 5617 4791 4888 8512 14996 4785 6964 31984 7679 5061 9169 12785 5320
leaf_count=5353 56272 26307 4668 5624 8785 5135 9186 4550 6684 11637 8050 6525 20453 8957 4986 6662 9910 5617 4791 4888 8512 14996 4785 6964 31984 7679 5061 9169 12785 5320
internal_value=-0.000294124 -0.000845315 -0.000694215 -0.00347674 -0.000537908 -0.000836129 -0.00310009 -0.000499534 0.000580691 0.00123584 -7.63281e-05 6.30583e-05 0.00103358 -0.000139689 -0.000620274 -0.000882386 -0.00163059 -0.00179548 0.00169664 -0.00370022 -0.000195722 3.65736e-05 -0.000336173 -0.000942408 -0.00110142 0.00142532 0.000967 0.000617881 0.00137525 0.000191657
internal_weight=332295 203854 193613 10292 183321 154083 19938 134145 128441 56687 14734 71754 29238 65229 129595 97968 46880 14803 41953 10241 51088 44426 35914 21960 36970 37162 25525 13954 20464 31627
internal_count=332295 203854 193613 10292 183321 154083 19938 134145 128441 56687 14734 71754 29238 65229 129595 97968 46880 14803 41953 10241 51088 44426 35914 21960 36970 37162 25525 13954 20464 31627
is_linear=0
shrinkage=0.05


Tree=54
num_leaves=31
num_cat=0
split_feature=4 2 0 2 0 2 7 4 0 0 0 2 8 2 8 8 3 7 8 8 8 3 7 8 3 8 7 8 7 8
split_gain=57.4564 41.4338 34.788 41.273 33.7171 42.9473 24.7269 24.7246 19.732 18.0037 17.8445 12.4617 11.1161 10.9702 10.7029 10.3777 9.92514 9.73737 9.64908 16.7466 10.0993 8.57253 8.18373 8.15626 7.94371 7.33511 7.27009 13.1663 10.9471 9.70296
threshold=0.61687566541761862 2.5000000000000004 115.50000000000001 6.5000000000000009 77.500000000000014 3.5000000000000004 1.2428445740000003 0.45483948677125158 100.50000000000001 55.500000000000007 41.500000000000007 1.5000000000000002 1.4521807725000002 7.5000000000000009 1.0000014820000003 0.95800982700000004 2.5863675615000004 0.97754740050000011 1.3201884320000004 1.2650961850000002 1.1970158730000002 -9.7033890364999973 0.91589081200000011 1.0877557720000002 -48.356497743999988 1.5192940695000001 0.99967947350000008 0.90015274200000006 1.028182989 1.3429127405000003
decision_type=8 2 2 2 2 2 2 10 2 2 2 2 2 2 2 2 2 2 2 2 2 2 2 2 2 2 2 2 2 2
left_child=1 14 3 4 5 6 10 -3 -5 -7 11 15 -6 -10 21 22 23 -11 19 20 -17 -1 -2 -13 -9 26 27 -12 -28 -30
right_child=2 7 -4 8 12 9 -8 24 13 17 25 16 -14 -15 -16 18 -18 -19 -20 -21 -22 -23 -24 -25 -26 -27 28 -29 29 -31
leaf_value=-0.0027829779461834405 -0.0032561211332545166 -0.0065244065037001562 0.011284786552259153 -0.0068980871267897322 0.0009585988094525683 -0.004287495315773074 0.0033058050909607313 -0.0010164991174300864 0.00066665504058892886 -0.0028602228886256175 -0.00079935356854496939 -0.00075161820664419179 0.0041183910299344654 -0.0055948736901123789 0.00016229141323114151 0.00034618153542481656 0.00015265205024766749 -0.0006862245280868873 -0.00081586067663326489 0.0021390299858893513 -0.0012905827897767676 -0.00027588302442588529 -0.00057043258087320365 -0.0028963764872361854 -0.003077632352390447 0.0018343508239592938 -0.0013329145969090573 0.0012613520775780292 0.000745711541164118 -0.0011780769541431481
leaf_weight=5863 4668 5203 9549 5539 75560 5606 5812 4595 5104 5466 6701 6683 5527 5209 16014 26327 4516 9845 15940 4549 6951 4979 7970 7451 10604 4800 8907 18984 19895 6985
leaf_count=5863 4668 5203 9549 5539 75560 5606 5812 4595 5104 5466 6701 6683 5527 5209 16014 26327 4516 9845 15940 4549 6951 4979 7970 7451 10604 4800 8907 18984 19895 6985
internal_value=-0.000268153 -0.00188255 0 -0.000103045 4.84762e-05 -0.000336402 -5.30564e-05 -0.00358088 -0.0025793 -0.00246451 -0.00017602 -0.000655273 0.000893584 -0.00128538 -0.000591936 -0.000334475 -0.00179711 -0.00157597 -3.13825e-05 0.000403428 1.42716e-05 -0.00180465 -0.00162343 -0.0024489 -0.002561 0.000439066 0.000291979 0.000933729 -0.000168683 0.000334759
internal_weight=331802 47258 284544 274995 259143 178056 157139 20402 15852 20917 151327 85055 81087 10313 26856 66405 18650 15311 53767 37827 33278 10842 12638 14134 15199 66272 61472 25685 35787 26880
internal_count=331802 47258 284544 274995 259143 178056 157139 20402 15852 20917 151327 85055 81087 10313 26856 66405 18650 15311 53767 37827 33278 10842 12638 14134 15199 66272 61472 25685 35787 26880
is_linear=0
shrinkage=0.05


Tree=55
num_leaves=31
num_cat=0
split_feature=5 2 3 7 7 9 4 9 5 4 6 3 6 2 7 5 2 7 7 8 7 7 7 8 2 8 8 7 8 8
split_gain=57.348 35.943 29.5669 21.7151 19.7862 19.3856 17.8328 14.4787 12.6383 7.90979 7.16895 6.98537 5.90182 6.03292 5.68806 5.0567 4.94642 4.67607 18.6282 9.92322 9.64249 6.041 17.5817 7.84996 9.5708 9.37379 5.70173 4.89257 4.87409 21.3315
threshold=8.5000000000000018 4.5000000000000009 19.877938300000004 0.9139297395 0.87209273600000004 51.500000000000007 0.62795627275391319 7.5000000000000009 27.500000000000004 0.54793268706120779 1.0000000180025095e-35 38.286769956500009 1.0000000180025095e-35 1.5000000000000002 1.1393784770000002 5.5000000000000009 1.0000000180025095e-35 1.0028781850000004 0.99967947350000008 1.0000014820000003 0.98947461550000015 0.98203505650000011 0.97631804550000012 1.0877557720000002 2.5000000000000004 0.97717730150000015 0.95085857150000008 0.94993144500000015 1.3288227880000003 1.2922678700000001
decision_type=2 2 2 2 2 2 10 2 2 10 2 2 2 2 2 2 2 2 2 2 2 2 2 2 2 2 2 2 2 2
left_child=1 3 4 10 -2 7 -3 -6 12 -9 -1 -10 13 -4 15 16 -5 18 20 26 21 22 23 24 25 -11 -19 -25 29 -21
right_child=2 6 8 14 5 -7 -8 9 11 17 -12 -13 -14 -15 -16 -17 -18 19 -20 28 -22 -23 -24 27 -26 -27 -28 -29 -30 -31
leaf_value=-0.0014560488185408422 -0.00198496244753969 -0.0063747072638970564 0.00022289522827700914 -0.0004124666899740698 -0.0017883647894196442 0.0019837103523777876 -0.0026031272684033159 -0.0021486601802381071 0.0021024471041984683 -3.9230739690288013e-05 -0.0036838768827716934 0.006685440358963058 0.00027911642164428762 0.0031390186044131909 0.00091905670270779898 -4.6086925837818261e-05 -0.0016070425734808103 0.00060840735529678618 -0.00358618162279962 2.181898295627871e-05 0.0015415099944969257 -0.0013834936066280585 0.0027676419370222306 -0.000485493536785947 -0.00082040250593789501 0.0017063203364575009 0.0021977118086065283 -0.0019774677393561758 -0.00039512484438051224 0.0024077531026337005
leaf_weight=5416 11190 7127 4967 11992 17455 15265 10130 4504 5071 10221 5372 5360 15508 8333 6600 20147 8705 7012 5914 48909 8393 6482 4866 4520 22362 6182 5179 4508 28921 5512
leaf_count=5416 11190 7127 4967 11992 17455 15265 10130 4504 5071 10221 5372 5360 15508 8333 6600 20147 8705 7012 5914 48909 8393 6482 4866 4520 22362 6182 5179 4508 28921 5512
internal_value=-0.000258447 -0.00146982 9.79002e-05 -0.000875732 -0.000130117 -1.89734e-05 -0.00347367 -0.000156066 0.00136104 -1.79405e-05 -0.00290003 0.00285191 0.00082081 0.00159339 -0.000415183 -0.000635266 -0.00118406 3.72072e-05 -0.000262753 0.000267825 -2.70214e-05 -0.00025213 -7.47664e-05 -0.000366386 -5.70673e-05 0.000860099 0.00159991 -0.00169379 7.2888e-05 0.000351624
internal_weight=332123 75489 256634 58232 217395 206205 17257 190940 39239 173485 10788 10431 28808 13300 47444 40844 20697 168981 73448 95533 67534 59141 52659 47793 38765 16403 12191 9028 83342 54421
internal_count=332123 75489 256634 58232 217395 206205 17257 190940 39239 173485 10788 10431 28808 13300 47444 40844 20697 168981 73448 95533 67534 59141 52659 47793 38765 16403 12191 9028 83342 54421
is_linear=0
shrinkage=0.05


Tree=56
num_leaves=31
num_cat=0
split_feature=5 4 0 2 3 4 0 2 0 0 0 7 2 7 8 7 7 7 7 8 7 7 8 7 8 8 3 7 8 8
split_gain=53.666 31.9109 31.2873 32.25 27.2813 22.9798 21.6557 35.0876 27.5452 17.5325 16.5145 16.0527 13.9794 11.1112 10.0958 10.116 15.6681 10.2661 8.6429 8.36208 7.97936 7.10954 8.96917 7.07304 6.95724 16.24 7.82522 8.07984 14.425 6.6795
threshold=7.5000000000000009 1.7033585699110478 113.50000000000001 6.5000000000000009 -19.270891765499996 0.45483948677125158 89.500000000000014 3.5000000000000004 53.500000000000007 99.500000000000014 43.500000000000007 0.9543694155000001 1.5000000000000002 1.0563097930000003 1.5773862285000002 0.9543694155000001 0.9088738405000002 1.1350018475000001 0.94314624850000006 0.99996303200000003 1.0142381880000002 0.99308499750000012 1.1667312910000003 1.0212551835000003 1.0189477030000003 1.0740390135000004 -3.6946692314999994 1.0517352690000001 1.3201884320000004 0.98186433550000007
decision_type=2 10 2 2 2 10 2 2 2 2 2 2 2 2 2 2 2 2 2 2 2 2 2 2 2 2 2 2 2 2
left_child=4 2 3 6 5 -1 7 10 -9 -5 12 -10 24 -6 15 16 -12 -17 -8 -20 -4 -13 -23 -14 29 -26 -27 -28 -29 -2
right_child=1 -3 20 9 13 -7 18 8 11 -11 14 21 23 -15 -16 17 -18 -19 19 -21 -22 22 -24 -25 25 26 27 28 -30 -31
leaf_value=-0.0063909617196846701 -0.00026596163762675765 0.0038921476847565864 0.0038377610246758428 -0.0067843363625656877 -0.0012272656370113629 -0.0019464469028273148 -0.00074089952529096117 -0.0043230959633776822 -0.0028381478694046616 -0.0020355694850310081 -0.00020585725380551924 0.0011054598289818641 -0.0017345866822748301 0.00024616222126919439 0.0027699097958835519 -0.00014919166280044917 0.0027885507130341325 0.0019348405342691111 0.0032637717252130606 0.0010900373940573944 0.013329896249271611 -0.001885576856984747 0.00052982229193803136 -0.00051244650768546567 0.0026238093202601482 0.00071883841903376273 -0.0010714965847423818 0.0012843430125039303 -0.00094908101995605791 -0.0017053853899256901
leaf_weight=4932 13211 5447 9398 5076 28540 13621 8224 4816 7501 8487 7328 4988 12113 13170 4705 46788 8466 7401 12899 26926 4961 9672 6515 10127 4894 8743 10087 7893 10676 4519
leaf_count=4932 13211 5447 9398 5076 28540 13621 8224 4816 7501 8487 7328 4988 12113 13170 4705 46788 8466 7401 12899 26926 4961 9672 6515 10127 4894 8743 10087 7893 10676 4519
internal_value=-0.000259387 3.98634e-05 -3.76287e-05 -0.000166974 -0.00160927 -0.00320414 -3.20759e-05 -0.0002714 -0.00174045 -0.00253814 4.21296e-05 -0.00115233 -0.000446559 -0.000899557 0.000580376 0.000429538 0.00154282 0.000104947 0.000916417 0.00122113 0.00223214 -0.000447946 -0.000956491 -0.00151719 -4.97684e-05 0.000298773 -5.58095e-05 -0.000455323 0.000163535 -0.000881026
internal_weight=332124 271861 266414 252055 60263 18553 238492 190443 33492 13563 156951 28676 82263 41710 74688 69983 15794 54189 48049 39825 14359 21175 16187 22240 60023 42293 37399 28656 18569 17730
internal_count=332124 271861 266414 252055 60263 18553 238492 190443 33492 13563 156951 28676 82263 41710 74688 69983 15794 54189 48049 39825 14359 21175 16187 22240 60023 42293 37399 28656 18569 17730
is_linear=0
shrinkage=0.05


Tree=57
num_leaves=31
num_cat=0
split_feature=4 8 9 0 4 3 4 7 7 6 7 8 8 8 8 7 3 7 7 8 8 7 7 7 9 8 8 4 7 3
split_gain=54.0614 35.4997 32.9601 25.7212 18.4771 17.8357 17.3377 14.4631 12.646 10.9395 10.5524 13.5016 10.6627 24.5786 11.9853 11.8539 9.78003 8.38949 7.4193 9.98268 8.58861 17.6532 16.9163 19.6687 14.3739 9.22377 6.59013 7.37904 6.43559 8.89869
threshold=0.61116393523125501 0.80894011650000008 7.5000000000000009 106.50000000000001 1.6534265709003368 -15.498409037999998 0.46574743022419068 0.84552124650000016 0.99308499750000012 1.5000000000000002 1.1201095380000001 1.3109496115000001 1.429914388 1.3628059890000002 1.5441749580000004 1.0999404950000002 11.182899174500003 0.96202659950000002 1.0744235155000001 1.2763179770000004 1.0952802825000003 1.0413678250000002 0.99967947350000008 1.0046301695000002 44.500000000000007 0.99846873800000002 1.5773862285000002 1.0450571994635582 0.9455878135000001 -20.309445161999996
decision_type=10 2 2 2 10 2 10 2 2 2 2 2 2 2 2 2 2 2 2 2 2 2 2 2 2 2 2 10 2 2
left_child=1 -1 -2 4 7 6 -3 -4 -8 10 12 -12 13 15 -14 16 18 -5 19 20 21 22 24 -24 28 -25 27 -13 -9 -30
right_child=2 5 3 17 -6 -7 8 9 -10 -11 11 26 14 -15 -16 -17 -18 -19 -20 -21 -22 -23 23 25 -26 -27 -28 -29 29 -31
leaf_value=-0.0051107558062272965 -0.0015641965353862114 -0.0042089542166668104 -0.0025072820718105462 0.00055558419343901819 0.0028496362882341839 -0.00021400524858011805 -0.0001690062769202555 -0.00062027326932418141 -0.0033461911126003207 -0.0014925377513590522 0.0025225205708250377 -0.0014167087496349652 0.0027938647305120745 -0.0025095595189820186 -0.0002810974497793911 -0.0019277183675543181 0.0010877836189063961 0.005273481025723387 0.0010018264256503873 0.0010089732773374798 -0.00082070285234800704 0.0026263253796038472 -0.0042382166053922697 0.00056759056549164362 0.0020847126445303734 -0.0015695818520089168 0.0017375905167382744 0.00041776045170580924 -0.001519299167792665 0.00083386253350691561
leaf_weight=6447 33622 6580 5626 7229 4790 22119 8776 21582 4992 12047 11057 5631 5449 6237 4564 6866 25438 19190 8441 7236 31142 5482 4911 5698 6633 5775 7000 8974 4777 17756
leaf_count=6447 33622 6580 5626 7229 4790 22119 8776 21582 4992 12047 11057 5631 5449 6237 4564 6866 25438 19190 8441 7236 31142 5482 4911 5698 6633 5775 7000 8974 4777 17756
internal_value=-0.000246144 -0.00178101 1.90265e-05 0.000217053 4.23545e-05 -0.00125583 -0.00232398 -2.50771e-05 -0.00131417 4.11376e-05 0.000129016 0.000951266 -3.08794e-05 -0.000131188 0.00155096 -4.69547e-06 9.15438e-05 0.00169212 -9.80634e-05 -0.000206762 -0.000332013 -3.4082e-05 -0.000256937 -0.00165355 0.000194077 -0.000519472 0.000223855 -0.000380732 -0.00013231 0.00045867
internal_weight=332067 48914 283153 249531 223112 42467 20348 218322 13768 212696 200649 32662 167987 157974 10013 151737 144871 26419 119433 110992 103756 72614 67132 16384 50748 11473 21605 14605 44115 22533
internal_count=332067 48914 283153 249531 223112 42467 20348 218322 13768 212696 200649 32662 167987 157974 10013 151737 144871 26419 119433 110992 103756 72614 67132 16384 50748 11473 21605 14605 44115 22533
is_linear=0
shrinkage=0.05


Tree=58
num_leaves=31
num_cat=0
split_feature=4 2 9 0 2 7 0 2 0 0 7 7 2 4 2 7 0 2 8 0 8 8 8 8 8 8 8 7 3 7
split_gain=42.5337 39.0325 31.1649 33.5301 41.5015 15.3342 14.8395 40.7789 10.7518 10.6958 11.4017 9.88248 9.06573 8.92723 7.98667 7.42892 6.55902 10.2397 9.7121 7.03369 6.57686 20.6922 9.57867 14.7616 8.90932 17.2123 9.6823 7.16369 6.15421 8.10052
threshold=0.50605770383338944 3.5000000000000004 6.5000000000000009 105.50000000000001 6.5000000000000009 1.2132531175000001 74.500000000000014 3.5000000000000004 53.500000000000007 116.50000000000001 0.99800425250000013 0.86021239400000005 1.0000000180025095e-35 0.36763814755456808 6.5000000000000009 0.97754740050000011 45.500000000000007 1.5000000000000002 0.91975546850000012 32.500000000000007 1.3520143715000001 1.2690178225000002 1.1942968215000003 1.1208789765000002 1.0740390135000004 1.0216345210000002 0.98373178200000011 1.1249927920000002 24.275273039000002 1.0769784025000002
decision_type=8 2 2 2 2 2 2 2 2 2 2 2 2 10 2 2 2 2 2 2 2 2 2 2 2 2 2 2 2 2
left_child=1 12 14 4 5 6 7 11 -9 10 -5 -4 -1 -14 -2 -10 17 20 -18 -19 21 22 23 24 25 26 -13 -22 29 -20
right_child=2 -3 3 9 -6 -7 -8 8 15 -11 -12 16 13 -15 -16 -17 18 19 28 -21 27 -23 -24 -25 -26 -27 -28 -29 -30 -31
leaf_value=5.9968381231856331e-05 -0.0011289446146779791 -0.0060272381594672466 -0.0016805618946294622 0.00025038945859220951 -0.0049040959482042068 0.002175093278896431 0.00069115017947463109 -0.0036051634729126259 -0.0028260253085340709 0.015978850128757351 0.0046558520208022014 0.00020605590480504146 -0.0031442141448988284 -0.00076438270213950168 -0.0067572700329360143 -0.00075638621802029404 0.0016762022640755992 -0.0018428165568059596 3.925824557752256e-05 -0.0002990252786048753 9.7905999594949394e-05 0.0018535895901738376 -0.0011523428305830808 0.0012461952045012465 -0.0014642293459093349 0.0025161027004471483 -0.0017860621054641285 -0.0016971551585553248 -0.0015351948999823674 0.0013371231981427895
leaf_weight=9385 28106 6237 5599 11871 8260 10442 67309 4925 5462 5886 12806 12308 4532 6384 5232 8327 5798 8631 29895 13030 6821 6034 6763 7412 4587 4670 4694 4656 4512 11418
leaf_count=9385 28106 6237 5599 11871 8260 10442 67309 4925 5462 5886 12806 12308 4532 6384 5232 8327 5798 8631 29895 13030 6821 6034 6763 7412 4587 4670 4694 4656 4512 11418
internal_value=-0.000215363 -0.00213521 -4.85335e-05 0.000128252 -6.91863e-05 5.41689e-05 -3.35979e-05 -0.000301999 -0.00249078 0.00168845 0.00123116 -2.55786e-06 -0.00107173 -0.00205109 -0.00149132 -0.00177342 8.52485e-05 -0.000199407 0.000524183 -0.00112677 0.000147325 0.000412067 4.32751e-06 0.000349284 -0.000207032 0.00021682 -0.000521844 -0.000924273 0.000280111 0.000471647
internal_weight=331992 26538 305454 272116 241553 233293 222851 155542 18714 30563 24677 136828 20301 10916 33338 13789 131229 79606 51623 21661 57945 46468 40434 33671 26259 21672 17002 11477 45825 41313
internal_count=331992 26538 305454 272116 241553 233293 222851 155542 18714 30563 24677 136828 20301 10916 33338 13789 131229 79606 51623 21661 57945 46468 40434 33671 26259 21672 17002 11477 45825 41313
is_linear=0
shrinkage=0.05


Tree=59
num_leaves=31
num_cat=0
split_feature=7 6 0 3 0 7 6 7 7 9 8 7 6 0 8 3 0 7 6 7 7 7 8 8 8 8 8 8 8 7
split_gain=43.8578 33.9238 30.5361 20.9023 20.2843 22.6776 13.7755 10.5512 9.95182 9.20548 7.73468 7.48324 6.53205 6.44324 6.09948 5.71741 5.33952 5.19295 5.13019 6.61301 12.0957 11.9353 8.72592 6.13517 9.87043 16.4556 9.78713 8.66019 5.34208 5.10483
threshold=0.84552124650000016 1.5000000000000002 115.50000000000001 -29.674830943499995 71.500000000000014 1.2428445740000003 2.5000000000000004 0.95716687150000013 1.0473717320000002 38.500000000000007 0.77793374000000004 1.0607328465000003 1.0000000180025095e-35 98.500000000000014 0.9915069485000001 -4.8256039429999991 91.500000000000014 0.97536380700000014 1.0000000180025095e-35 0.90085482550000007 0.9455878135000001 0.95813489450000011 1.0143242110000001 1.5192940695000001 1.3572194490000002 1.2618163615000004 1.2157222685000002 1.3109496115000001 0.89784091200000005 0.99967947350000008
decision_type=2 2 2 2 2 2 2 2 2 2 2 2 2 2 2 2 2 2 2 2 2 2 2 2 2 2 2 2 2 2
left_child=10 2 3 9 5 18 7 -3 12 16 -1 -10 -6 -9 -14 -16 17 -2 19 -5 22 -22 -21 24 25 26 29 -27 -20 -23
right_child=1 6 -4 4 8 -7 -8 13 11 -11 -12 -13 14 -15 15 -17 -18 -19 28 20 21 23 -24 -25 -26 27 -28 -29 -30 -31
leaf_value=-0.0048162176966067326 -0.0030090743284053867 -0.0030784175061705499 0.013492373349527199 0.0010814929629267666 0.0009851622572973368 0.0028202503098369251 -0.0057601579506140537 -0.0011820145882503242 0.0043200195998229695 0.00051592532798372392 -0.0015027434786832495 0.001362201744688224 0.00054150384222897974 0.0013092851834549891 -0.0028865169284167714 -0.00043844068297249628 -0.0012140067686759099 -0.0017174557067578741 -0.0018488581535744842 -0.0004720031044733175 0.0015625596776398911 0.00049151681666386175 -0.002740181077008819 0.0009474371354126432 -0.0013263487563091093 0.0021979461929201582 -0.0018759534507938854 5.6547217758873283e-05 -0.00045488132645537252 -0.00040660909192840049
leaf_weight=5998 5645 8654 6365 7177 26448 6121 6654 15543 4590 4510 5633 26316 12767 7494 4589 6833 6215 4730 6748 7379 4927 15561 4545 7741 12556 6582 7008 5129 50774 30848
leaf_count=5998 5645 8654 6365 7177 26448 6121 6654 15543 4590 4510 5633 26316 12767 7494 4589 6833 6215 4730 6748 7379 4927 15561 4545 7741 12556 6582 7008 5129 50774 30848
internal_value=-0.000262132 -0.000152635 3.70424e-05 -4.20227e-05 8.33026e-05 -0.000222991 -0.00154791 -0.00111331 0.000733464 -0.00155413 -0.00327754 0.00144043 0.000301874 -0.00055388 -0.000291911 -0.00113109 -0.00209852 -0.00279263 -0.0003326 -0.000131672 -0.000234648 -3.70752e-05 -0.00173108 -0.000175143 -0.000308924 -6.14128e-05 -0.000433576 0.00163558 -0.000714882 -0.000170477
internal_weight=332080 320449 282104 275739 254639 173096 38345 31691 81543 21100 11631 30906 50637 23037 24189 11422 16590 10375 166975 109453 102276 90352 11924 85425 77684 65128 53417 11711 57522 46409
internal_count=332080 320449 282104 275739 254639 173096 38345 31691 81543 21100 11631 30906 50637 23037 24189 11422 16590 10375 166975 109453 102276 90352 11924 85425 77684 65128 53417 11711 57522 46409
is_linear=0
shrinkage=0.05


Tree=60
num_leaves=31
num_cat=0
split_feature=5 4 0 9 3 4 8 8 8 8 8 8 8 9 8 8 8 3 8 8 4 3 9 4 9 9 4 6 9 4
split_gain=38.1261 26.0283 23.3965 22.0133 20.8561 17.3051 10.8361 12.139 16.668 9.32912 10.3296 11.0329 18.1727 6.76686 5.29803 5.29511 5.50721 13.4724 8.235 7.8056 6.42902 7.96239 8.0253 5.56017 5.34228 5.24402 5.58566 4.43205 4.04172 3.88208
threshold=7.5000000000000009 1.7033585699110478 115.50000000000001 9.5000000000000018 -18.923556584999996 0.45483948677125158 0.95085857150000008 0.99996303200000003 1.0025047235000002 0.91975546850000012 0.90015274200000006 0.88416965650000012 0.86540467600000015 18.500000000000004 1.2922678700000001 1.6712448535000004 1.3429127405000003 -6.7641791689999993 1.3838021630000001 1.2428557500000001 1.3225903383109763 11.512596165000001 38.500000000000007 1.2088914691982777 50.500000000000007 3.5000000000000004 0.96866832947603576 1.0000000180025095e-35 19.500000000000004 0.65944985486520957
decision_type=2 10 2 2 2 10 2 2 2 2 2 2 2 2 2 2 2 2 2 2 10 2 2 10 2 2 10 2 2 10
left_child=4 2 3 25 5 -1 9 28 -9 10 11 12 29 -7 -6 16 19 -18 -19 20 21 24 -23 -20 -10 -2 -27 -21 -8 -5
right_child=1 -3 -4 6 14 13 7 8 15 -11 -12 -13 -14 -15 -16 -17 17 18 23 27 -22 22 -24 -25 -26 26 -28 -29 -30 -31
leaf_value=-0.0052374537200320041 -0.0036211594991182958 0.0035877541807030899 0.0092500610099707 -0.0024054918546096205 -0.00089271345803600133 -0.0030538877859657963 0.00027667967946406747 -0.0034077568617079169 -0.00015529317984374626 -0.0018623827150110184 0.0015946798992292845 -0.0023021799957305051 0.0025467749809668541 -0.00059079275450506924 0.00026970848202713117 0.0017388086195793463 -0.0023941712960922068 -0.0014566759289499688 0.0010750187033416042 0.001151708283508146 -0.0013920350537859672 0.0027732117568242012 3.0663651520695949e-05 -0.00048261746137468479 0.001785890139947033 -0.0016702150504626367 -0.00032086936917162805 0.00014778150759141019 0.0016698854785381024 -0.00050611998780865093
leaf_weight=5102 5612 5482 9437 4591 31891 7054 5892 4967 57967 11443 6462 4942 5368 6946 9601 6344 6549 5781 12626 15669 8137 6491 5839 7724 5438 13567 12946 8612 12824 20407
leaf_count=5102 5612 5482 9437 4591 31891 7054 5892 4967 57967 11443 6462 4942 5368 6946 9601 6344 6549 5781 12626 15669 8137 6491 5839 7724 5438 13567 12946 8612 12824 20407
internal_value=-0.000240379 1.30476e-05 -5.73615e-05 -0.000147442 -0.0013742 -0.00274114 2.80594e-05 0.000222105 7.42693e-05 -0.000594958 -0.000248354 -0.00058477 -0.000228014 -0.00183149 -0.000744632 0.000170452 0.000106772 -0.000461986 4.63919e-05 0.000278643 5.00733e-05 0.00019359 0.0013559 0.000519528 -3.25264e-05 -0.00137138 -0.0010771 0.001068 0.00142354 -0.000794905
internal_weight=331711 271117 265635 256198 60594 19102 224073 170860 152144 53213 41770 35308 30366 14000 41492 147177 140833 32680 26131 108153 83872 75735 12330 20350 63405 32125 26513 24281 18716 24998
internal_count=331711 271117 265635 256198 60594 19102 224073 170860 152144 53213 41770 35308 30366 14000 41492 147177 140833 32680 26131 108153 83872 75735 12330 20350 63405 32125 26513 24281 18716 24998
is_linear=0
shrinkage=0.05


Tree=61
num_leaves=31
num_cat=0
split_feature=2 0 2 0 0 7 0 2 7 7 2 0 5 7 7 7 9 2 4 3 2 2 7 7 3 4 0 7 7 7
split_gain=43.2064 40.2867 58.9882 34.071 31.5159 23.3753 16.2639 27.2672 14.3718 13.9762 10.9523 10.5099 9.05533 7.11057 12.8548 9.90394 13.6938 10.3265 5.94335 5.10608 5.10395 5.03266 4.89252 6.27509 6.9012 4.57593 4.27442 4.30898 4.22136 4.65796
threshold=7.5000000000000009 92.500000000000014 4.5000000000000009 65.500000000000014 104.50000000000001 0.81406633500000003 48.500000000000007 2.5000000000000004 0.94213990150000015 1.2428445740000003 5.5000000000000009 114.50000000000001 27.500000000000004 0.98106093850000009 0.9088738405000002 1.1201095380000001 26.500000000000004 2.5000000000000004 1.2297504172796854 -14.202976339499999 5.5000000000000009 1.5000000000000002 1.0028781850000004 1.0575228460000001 0.59675392550000017 0.93637219583725317 32.500000000000007 1.0183233475000002 0.96815741250000009 1.0320909540000003
decision_type=2 2 2 2 2 2 2 2 2 2 2 2 2 2 2 2 2 2 10 2 2 2 2 2 2 10 2 2 2 2
left_child=1 2 5 -4 -2 -1 7 9 20 21 19 -10 13 14 -8 16 -15 -17 22 -5 -3 -7 -18 24 -24 -16 -23 -28 -9 -30
right_child=4 8 3 10 -6 6 12 28 11 -11 -12 -13 -14 15 25 17 18 -19 -20 -21 -22 26 23 -25 -26 -27 27 -29 29 -31
leaf_value=-0.0030653547737413802 -0.012272643630575045 0.00050258790641392328 -0.0059536276240469742 0.00031530039535916936 -0.0022847396650232834 -9.0292477565287468e-05 -0.00055325334344975558 -0.0034386249242223639 0.0017018537279618149 0.0028136618398342584 -0.0031566651649880084 0.011871532475191765 0.0033528760300470754 0.00075599240092946165 0.00087618861310222456 0.0025741109089784443 -0.001869847297301075 -0.00024532832853351171 -0.0023046643578623293 -0.0020396260127496734 -0.0026602135224694113 -0.0014101446648513843 -0.00041917199061829451 -0.00094931383917012946 0.0018905837200991317 0.0020002031236443204 -0.0008542813551383144 0.00070224939924234953 -0.00064033466380156168 -0.0024074529697147491
leaf_weight=4745 4540 6088 5868 6047 7955 91182 8969 5164 42600 4637 8864 7423 4707 15305 11481 6607 6056 6521 4633 4525 5348 10868 7029 9150 4691 8954 6494 5673 4647 5018
leaf_count=4745 4540 6088 5868 6047 7955 91182 8969 5164 42600 4637 8864 7423 4707 15305 11481 6607 6056 6521 4633 4525 5348 10868 7029 9150 4691 8954 6494 5673 4647 5018
internal_value=-0.0002193 -0.000106405 -0.000380614 -0.00267296 -0.003103 -0.000131109 -5.87161e-05 -0.000413182 0.0010439 -0.000160905 -0.00166401 0.00140946 0.000444835 0.000332211 0.000969091 2.0001e-05 -0.000320041 0.00123353 -0.000915204 -0.000576723 -0.000555021 -0.000270198 -0.000630315 -0.000267066 0.000498934 0.00166157 -0.000930447 -0.000286518 -0.00243444 -0.00181618
internal_weight=331789 319294 257835 25304 12495 232531 227786 133683 61459 118854 19436 50023 94103 89396 29404 59992 46864 13128 31559 10572 11436 114217 26926 20870 11720 20435 23035 12167 14829 9665
internal_count=331789 319294 257835 25304 12495 232531 227786 133683 61459 118854 19436 50023 94103 89396 29404 59992 46864 13128 31559 10572 11436 114217 26926 20870 11720 20435 23035 12167 14829 9665
is_linear=0
shrinkage=0.05


Tree=62
num_leaves=31
num_cat=0
split_feature=2 0 2 0 7 7 0 0 7 2 0 7 2 7 7 0 2 8 8 8 8 7 8 7 7 2 8 8 8 7
split_gain=38.616 37.0689 64.8175 34.0973 25.9017 20.0624 14.4922 13.0632 10.8897 14.6874 15.9758 8.65763 8.4206 12.3764 21.6123 7.75301 8.52791 8.90257 14.8012 8.42854 14.9803 10.2419 9.39321 10.6866 17.1873 11.5752 9.71027 7.57391 10.0591 6.75658
threshold=7.5000000000000009 76.500000000000014 4.5000000000000009 105.50000000000001 0.84552124650000016 1.2428445740000003 62.500000000000007 116.50000000000001 1.0251857335000003 5.5000000000000009 94.500000000000014 0.95226128050000014 3.5000000000000004 1.0370127805000002 0.97690684250000015 41.500000000000007 1.5000000000000002 1.3520143715000001 1.2690178225000002 1.1970158730000002 1.1640513860000004 1.0607328465000003 0.97077317050000012 0.99967947350000008 1.0194998250000002 1.0000000180025095e-35 0.85802784950000011 0.91975546850000012 0.96422299450000015 0.99217032650000003
decision_type=2 2 2 2 2 2 2 2 2 2 2 2 2 2 2 2 2 2 2 2 2 2 2 2 2 2 2 2 2 2
left_child=1 2 4 -2 -1 12 -4 8 9 27 -11 -12 15 14 -14 16 17 18 19 20 21 22 26 25 -25 -24 -6 -3 -29 -30
right_child=3 7 6 -5 5 -7 -8 -9 -10 10 11 -13 13 -15 -16 -17 -18 -19 -20 -21 -22 -23 23 24 -26 -27 -28 28 29 -31
leaf_value=-0.0026139133527593242 -0.011508978876493362 0.0019437495838940224 -0.0062866004433334427 -0.0016448363673741751 0.0010123988622660494 0.0026085800864910527 -0.0028097132176033435 0.013805091390997927 0.0014926514216052373 -0.0035210028599937855 -0.0025997403357231707 0.0014735544451647876 -0.001972325647765069 -0.0027784534012198631 0.0018712568457334919 0.0002253699151498645 -0.0010690435937191253 -0.0010220648461291282 0.0013326412540452639 -0.0011645755221781795 0.002156914947176325 -0.0015348479839774167 0.0020194334237063293 -0.0017279257492308104 0.00092370035247538174 -5.7522275975108174e-06 -0.0014494859898287584 -0.0022960759631845021 0.0015627554217146596 -0.00047716480965648013
leaf_weight=7440 4884 13386 4760 7639 4794 6777 6756 5302 40252 5562 5240 8107 6127 4772 4524 67082 23980 16399 8173 9069 4609 5559 7129 4578 5240 5553 11947 4736 11494 10090
leaf_count=7440 4884 13386 4760 7639 4794 6777 6756 5302 40252 5562 5240 8107 6127 4772 4524 67082 23980 16399 8173 9069 4609 5559 7129 4578 5240 5553 11947 4736 11494 10090
internal_value=-0.000193394 -8.65963e-05 -0.000461275 -0.00291647 -0.000254961 -0.000145173 -0.00410989 0.000687672 0.000557918 0.000123038 -0.00102371 -8.51932e-05 -0.00024078 -0.00136035 -0.00041174 -0.000141571 -0.000405708 -0.000165854 9.09521e-05 -0.000187661 6.95653e-05 -0.000209798 7.48484e-05 0.000742057 -0.000496284 0.00170056 -0.000821838 0.00066921 0.000176638 0.000634582
internal_weight=331960 319437 215268 12523 203752 196312 11516 104169 98867 58615 18909 13347 189535 15423 10651 174112 107030 83050 66651 58478 49409 44800 39241 22500 9818 12682 16741 39706 26320 21584
internal_count=331960 319437 215268 12523 203752 196312 11516 104169 98867 58615 18909 13347 189535 15423 10651 174112 107030 83050 66651 58478 49409 44800 39241 22500 9818 12682 16741 39706 26320 21584
is_linear=0
shrinkage=0.05


Tree=63
num_leaves=31
num_cat=0
split_feature=2 0 2 0 0 7 4 7 0 2 0 7 7 7 7 7 7 9 2 0 7 0 7 5 5 2 7 0 4 0
split_gain=35.0423 35.2947 40.6096 37.7891 28.0593 17.7808 15.3335 14.9822 11.5983 22.7518 8.29136 6.57603 10.147 16.9519 5.73488 13.3511 7.47694 10.2736 7.19432 6.23528 5.68953 5.46498 5.45216 5.36399 6.37674 6.54163 5.2164 5.01458 4.52545 3.47238
threshold=7.5000000000000009 97.500000000000014 4.5000000000000009 65.500000000000014 105.50000000000001 0.81406633500000003 1.7688405962482279 0.9543694155000001 50.500000000000007 2.5000000000000004 116.50000000000001 1.1393784770000002 1.0999404950000002 1.0744235155000001 0.98106093850000009 0.9088738405000002 1.1229187270000003 37.500000000000007 2.5000000000000004 77.500000000000014 0.94213990150000015 83.500000000000014 0.96815741250000009 7.5000000000000009 19.500000000000004 1.5000000000000002 1.0517352690000001 31.500000000000004 0.84440490432270965 79.500000000000014
decision_type=2 2 2 2 2 2 10 2 2 2 2 2 2 2 2 2 2 2 2 2 2 2 2 2 2 2 2 2 8 2
left_child=1 2 5 -4 -2 -1 8 -5 9 11 20 12 13 23 15 -10 17 19 -18 -16 -3 -9 -11 -7 25 -25 -24 -27 -13 -19
right_child=4 10 3 7 -6 6 -8 21 14 22 -12 28 -14 -15 16 -17 18 29 -20 -21 -22 -23 26 24 -26 27 -28 -29 -30 -31
leaf_value=-0.002777636608332021 -0.010548663587405966 -0.00045576608603756788 -0.0055967096460253982 -0.0030570085229471577 -0.0017452964255540327 -0.00085357243864891692 0.0026009249617390596 -0.0014298216653546804 -0.00053583992818427855 -0.0029692451811792475 0.013813348368207499 0.0016828060091911179 -0.0013047485766323587 0.0015142705600921737 -9.6698116482063512e-05 0.0012456000401230849 0.0024095096772936975 -0.00049561267645442111 -4.8620984154254536e-05 0.0015683804514031508 0.0020314311122022477 0.00039043365499214226 -0.00057952654500862961 0.00041156984205501239 -0.00078000118848858271 -0.0016891569617723868 -0.0021165122705953609 -8.5579451850476e-07 0.00017018856378758773 -0.002098874917978688
leaf_weight=4806 4828 7997 5928 7773 7705 23494 4527 7162 9080 5733 5308 4976 9948 8758 20051 21345 7037 13443 7146 8600 35380 10326 6342 33548 12624 4939 4597 7574 12439 8463
leaf_count=4806 4828 7997 5928 7773 7705 23494 4527 7162 9080 5733 5308 4976 9948 8758 20051 21345 7037 13443 7146 8600 35380 10326 6342 33548 12624 4939 4597 7574 12439 8463
internal_value=-0.000203574 -0.00010177 -0.000324711 -0.00202162 -0.0027965 -0.000103664 -4.1974e-05 -0.00117797 -9.86891e-05 -0.000396734 0.00113755 -0.000152994 -0.000307885 -0.000141986 0.000324025 0.000890158 5.79195e-05 -0.000226702 0.00107221 0.000396514 0.000909075 -0.000365861 -0.00212568 -0.000364882 -0.000109261 0.000163624 -0.00146998 -0.000811831 0.000744116 -0.00104171
internal_weight=331877 319344 270659 31189 12533 239470 234664 25261 230137 134972 48685 118300 100885 90937 95165 30425 64740 50557 14183 28651 43377 17488 16672 82179 58685 46061 10939 12513 17415 21906
internal_count=331877 319344 270659 31189 12533 239470 234664 25261 230137 134972 48685 118300 100885 90937 95165 30425 64740 50557 14183 28651 43377 17488 16672 82179 58685 46061 10939 12513 17415 21906
is_linear=0
shrinkage=0.05


Tree=64
num_leaves=31
num_cat=0
split_feature=4 2 4 0 2 0 2 0 0 0 8 7 2 2 8 8 8 7 7 8 4 7 7 7 8 8 0 7 8 8
split_gain=33.8998 33.4268 21.6448 18.7957 24.8585 17.0706 32.3529 15.3949 11.1991 10.9452 12.4889 10.7532 10.3639 10.2553 7.97552 14.6758 12.2999 8.49178 11.6899 7.92974 9.11037 7.77813 10.9736 7.18614 7.05488 6.94054 6.53039 6.40416 9.17191 7.1535
threshold=0.50605770383338944 4.5000000000000009 1.7688405962482279 116.50000000000001 7.5000000000000009 87.500000000000014 3.5000000000000004 51.500000000000007 107.50000000000001 45.500000000000007 1.5773862285000002 0.93198645250000012 5.5000000000000009 1.5000000000000002 0.91975546850000012 0.96876116550000013 0.8450821515000001 0.99308499750000012 1.028182989 0.95800982700000004 0.74956026705008683 0.95516812250000005 1.0769784025000002 0.93934972700000008 1.0952802825000003 1.5441749580000004 29.500000000000004 0.94213990150000015 0.88734975450000009 0.99361192700000012
decision_type=8 2 10 2 2 2 2 2 2 2 2 2 2 2 2 2 2 2 2 2 8 2 2 2 2 2 2 2 2 2
left_child=1 11 3 4 5 6 9 -8 -6 13 14 -1 21 19 16 -16 -11 24 -19 23 -21 -9 -23 -2 -17 -22 -15 28 -7 -29
right_child=2 -3 -4 -5 8 27 7 12 -10 10 -12 -13 -14 26 15 17 -18 18 -20 20 25 22 -24 -25 -26 -27 -28 29 -30 -31
leaf_value=-0.0021380714409825435 -0.0019438159989345243 -0.0066809621009823435 0.0030848152875782801 0.010782533476265477 -0.0074950839934169074 0.00093813708653894823 -0.0033144098146339674 -0.0018550380652071876 -0.0015815892044886981 -0.00019259591319917559 0.00298852337229322 -0.00030074169130164113 -0.0033137765814928418 -0.0018025773237627719 -0.0021127681262240404 0.0017338615349178023 0.0028093174778800164 -0.0013956642967031974 0.00037013390533741086 0.0010485715624326264 0.00010212947595821254 0.0004804579177582702 -0.001995801448853285 8.6649586211551283e-05 0.00011200546181510118 -0.0016295431297443236 -0.00046822301099608277 0.0022600903455655629 -0.0022609305464237786 0.00066615574945841924
leaf_weight=6326 7630 4560 5062 7209 4602 7365 5301 7319 4614 4742 4600 15764 6678 9232 4713 7677 5140 10270 29319 11003 45297 14224 5783 6933 6797 5214 18069 19635 5154 36001
leaf_count=6326 7630 4560 5062 7209 4602 7365 5301 7319 4614 4742 4600 15764 6678 9232 4713 7677 5140 10270 29319 11003 45297 14224 5783 6933 6797 5214 18069 19635 5154 36001
internal_value=-0.000177922 -0.00188801 -2.8756e-05 -8.33954e-05 -0.000145406 -6.24778e-05 -0.000280221 -0.00157752 -0.00270036 8.4918e-06 0.000476025 -0.00108282 -0.00118645 -0.000322829 0.000306934 8.59121e-05 0.00162082 0.000319274 -5.96681e-05 -2.44802e-05 0.000223915 -0.000754638 -0.000244228 -0.00107341 0.00135541 -6.01295e-05 -0.00115405 0.000627384 -0.000394243 0.000857282
internal_weight=332233 26650 305583 300521 293312 284096 215941 39305 9216 176636 73258 22090 34004 103378 68658 58776 9882 54063 39589 76077 61514 27326 20007 14563 14474 50511 27301 68155 12519 55636
internal_count=332233 26650 305583 300521 293312 284096 215941 39305 9216 176636 73258 22090 34004 103378 68658 58776 9882 54063 39589 76077 61514 27326 20007 14563 14474 50511 27301 68155 12519 55636
is_linear=0
shrinkage=0.05


Tree=65
num_leaves=31
num_cat=0
split_feature=7 6 4 0 3 4 9 8 7 8 4 9 8 9 8 7 7 7 7 8 7 7 8 8 8 7 4 8 6 3
split_gain=31.1605 26.8623 20.9705 18.3927 16.1247 8.83511 8.33739 8.06107 7.5559 10.6452 18.8665 7.40388 7.30374 7.22683 5.89447 7.90572 5.16592 18.0445 10.3151 6.93116 5.60086 6.26283 4.86685 15.0412 9.04661 6.67411 13.9098 5.74889 4.79716 4.58683
threshold=0.84552124650000016 2.5000000000000004 1.7688405962482279 97.500000000000014 -29.674830943499995 1.1942823075328672 20.500000000000004 1.6712448535000004 1.2132531175000001 1.4757161485000003 0.95428110347530426 9.5000000000000018 0.77793374000000004 50.500000000000007 0.88978217450000008 1.0028781850000004 1.1201095380000001 1.1460201665000003 1.1017561920000001 1.3109496115000001 1.0758004030000003 1.0906577955000001 1.3572194490000002 1.2690178225000002 1.2271159115000001 1.028182989 1.0388845658113703 1.0976287175000004 1.0000000180025095e-35 -13.686838875499998
decision_type=2 2 10 2 2 10 2 2 2 2 8 2 2 2 2 2 2 2 2 2 2 2 2 2 2 2 10 2 2 2
left_child=12 2 3 4 6 13 -2 8 9 11 -11 28 -1 14 29 -16 18 -18 20 -19 22 -22 23 24 25 -13 27 -27 -6 -5
right_child=1 -3 -4 5 7 -7 -8 -9 -10 10 -12 16 -14 -15 15 -17 17 19 -20 -21 21 -23 -24 -25 -26 26 -28 -29 -30 -31
leaf_value=-0.0039445341807507949 -0.0029222610883761452 -0.0048573273114733834 0.0031001771671591016 0.003161469655651214 -8.2128928961844322e-05 0.004119161408902461 -0.00071594761300503582 0.001592296566413365 0.0013389515442417399 -0.0037124076971102177 -1.9635217167987553e-05 -0.00023070250662479144 -0.0011479919536369939 0.0032911346032928057 -0.0018041414325876859 0.001185565839840569 0.0026376295281450527 0.00062454486119696291 -0.0017463351570435549 -0.0015538173950574387 0.0013954337273805019 -0.00039306633793869674 -0.0012155495265371409 0.0012682091414849272 -0.0017617784238584844 0.00073420172253360063 0.0020280102912181687 -0.0010255151315866574 -0.001070150744571323 -8.2041302304236571e-05
leaf_weight=5986 7180 6659 4961 6750 18191 11644 10412 7500 8153 4532 6638 88697 5660 5455 11947 12507 7936 4675 7350 4548 8247 4977 5425 9860 6549 6259 8812 6252 23706 4864
leaf_count=5986 7180 6659 4961 6750 18191 11644 10412 7500 8153 4532 6638 88697 5660 5455 11947 12507 7936 4675 7350 4548 8247 4977 5425 9860 6549 6259 8812 6252 23706 4864
internal_value=-0.000152857 -6.05723e-05 6.09014e-06 -4.57015e-05 -0.000221519 0.000800468 -0.0016821 -0.000113664 -0.000166098 -0.000220853 -0.00172483 -0.000141379 -0.0026929 0.000459028 0.000202367 -0.000238154 5.67539e-06 0.000828041 -8.69234e-05 -0.000675932 5.6864e-06 0.000986469 -9.27127e-05 -2.97586e-05 -0.0001884 -8.08907e-05 0.000713264 -0.000358541 -0.00073654 0.00112962
internal_weight=332332 320686 314027 309066 255899 53167 17592 238307 230807 222654 11170 211484 11646 41523 36068 24454 169587 17159 152428 9223 145078 13224 131854 126429 116569 110020 21323 12511 41897 11614
internal_count=332332 320686 314027 309066 255899 53167 17592 238307 230807 222654 11170 211484 11646 41523 36068 24454 169587 17159 152428 9223 145078 13224 131854 126429 116569 110020 21323 12511 41897 11614
is_linear=0
shrinkage=0.05


Tree=66
num_leaves=31
num_cat=0
split_feature=5 3 5 9 1 2 7 7 8 2 1 7 7 8 8 1 2 7 6 9 3 8 7 7 7 7 8 7 8 7
split_gain=31.1637 20.6009 19.0618 16.4721 17.4545 31.85 8.20685 13.8387 12.6152 8.02421 7.53851 6.86223 6.35167 6.76274 5.75259 5.71813 15.6049 10.7939 6.15615 8.02144 6.30323 5.67461 4.95058 3.98781 16.5271 12.2652 4.65625 21.0794 8.76789 5.36525
threshold=6.5000000000000009 -18.923556584999996 33.500000000000007 5.5000000000000009 16.500000000000004 6.5000000000000009 1.1201095380000001 1.1108714775000001 1.3109496115000001 2.5000000000000004 47.500000000000007 1.0205589460000002 1.1795612660000001 1.4583205875 1.4879882285000001 48.500000000000007 3.5000000000000004 0.97754740050000011 1.0000000180025095e-35 38.500000000000007 10.196841280000003 0.99846873800000002 1.0744235155000001 1.0758004030000003 1.0934611560000003 1.0654558240000001 1.2690178225000002 1.0413678250000002 1.1970158730000002 1.028182989
decision_type=2 2 2 2 2 2 2 2 2 2 2 2 2 2 2 2 2 2 2 2 2 2 2 2 2 2 2 2 2 2
left_child=1 10 3 -2 11 6 7 15 9 -8 -1 -5 13 -10 -14 18 23 -18 -6 20 21 -20 -3 25 -25 26 28 -28 29 -17
right_child=2 22 -4 4 5 -7 8 -9 12 -11 -12 -13 14 -15 -16 16 17 -19 19 -21 -22 -23 -24 24 -26 -27 27 -29 -30 -31
leaf_value=-0.0019603280341683473 -0.0018933635862338205 -0.00091021314664149202 0.0040973340644745952 0.0011919064139441328 0.00084734404131947549 -0.0042529718237746218 0.0027629926763196645 -0.0024663259173217825 0.0001673215406870543 0.00094026139271321532 -0.0032420029823892055 0.0045728486187296942 -0.00077022114652048343 -0.0020356662210235326 0.0016632034442068456 -0.00013942408663574214 -0.0027758597663693515 -0.0004185821649728028 0.00060584705151420226 -0.0019446160759927029 0.0018337117529784815 -0.0011686487720503457 0.00022313041106704345 0.0017460880290781828 -0.00088680962187766841 -0.0019536293254613759 0.0013983619596483088 -0.0018739243895442128 -0.0012409316365472657 0.00097972809229339712
leaf_weight=5970 15945 24386 4715 21824 31269 6704 6757 4920 5899 4900 8212 12302 4716 4604 8435 60459 6055 7254 8850 5372 5728 8256 9206 7550 5772 4731 7972 4577 8439 10169
leaf_count=5970 15945 24386 4715 21824 31269 6704 6757 4920 5899 4900 8212 12302 4716 4604 8435 60459 6055 7254 8850 5372 5728 8256 9206 7550 5772 4731 7972 4577 8439 10169
internal_value=-0.000169 -0.00135049 2.96468e-05 -2.35719e-05 7.08678e-05 -8.60968e-05 1.6166e-05 -0.000115609 0.000715327 0.00206118 -0.00294812 0.00112581 5.17773e-05 -0.000864817 0.000783863 -4.50104e-05 -0.000239667 -0.00185613 0.000357473 -0.000178122 0.000230965 -0.000249839 -0.000675656 -4.34241e-05 0.000767239 -0.000155549 -2.72863e-05 0.000867253 -0.000169308 1.27419e-05
internal_weight=331948 47774 284174 279459 263514 229388 222684 187373 35311 11657 14182 34126 23654 10503 13151 182453 122978 13309 59475 28206 22834 17106 33592 109669 13322 96347 91616 12549 79067 70628
internal_count=331948 47774 284174 279459 263514 229388 222684 187373 35311 11657 14182 34126 23654 10503 13151 182453 122978 13309 59475 28206 22834 17106 33592 109669 13322 96347 91616 12549 79067 70628
is_linear=0
shrinkage=0.05


Tree=67
num_leaves=31
num_cat=0
split_feature=2 0 2 0 0 8 7 0 2 7 0 8 7 3 7 8 8 8 7 9 2 7 8 3 7 7 9 8 8 8
split_gain=30.453 24.0137 46.7696 23.9508 23.2467 18.2311 11.0803 11.1784 20.6589 9.98448 9.03674 7.95019 11.0975 8.15924 6.98132 12.0888 11.2315 11.2104 10.3708 7.79049 6.95192 6.71895 10.9602 6.6871 6.24721 12.0411 8.09847 5.60048 7.26595 12.6101
threshold=7.5000000000000009 88.500000000000014 4.5000000000000009 105.50000000000001 62.500000000000007 0.77793374000000004 1.2428445740000003 48.500000000000007 2.5000000000000004 0.94213990150000015 111.50000000000001 0.9915069485000001 1.0100786505000003 3.2642548770000004 0.98106093850000009 1.0663997850000002 1.1126193215000002 1.1942968215000003 1.0262334550000001 33.500000000000007 5.5000000000000009 0.9088738405000002 1.0995788130000002 -11.796539283499998 1.0575228460000001 1.1229187270000003 34.500000000000007 0.85802784950000011 0.95800982700000004 0.98373178200000011
decision_type=2 2 2 2 2 2 2 2 2 2 2 2 2 2 2 2 2 2 2 2 2 2 2 2 2 2 2 2 2 2
left_child=1 2 5 -2 -4 -1 7 8 27 -3 11 13 -13 -11 21 18 -17 19 -16 -18 -6 -9 -23 -10 26 -26 -19 -7 -29 -30
right_child=3 9 4 -5 20 6 -8 14 23 10 -12 12 -14 -15 15 16 17 24 -20 -21 -22 22 -24 -25 25 -27 -28 28 29 -31
leaf_value=-0.0021907759362606973 -0.0097567814884385509 -0.00077817841855951368 -0.0057206225193389589 -0.0018026021375284057 -0.00079681797179401994 0.0010607931066484583 0.0019159078808109659 -0.00018565042421250235 -0.00077732242396709732 0.0027920611639877749 0.0060435713567554067 -0.0016765371102983985 0.0011298734349233454 8.0203512549004152e-05 -0.0020221823456832572 0.0023918272000275523 5.2611508053945771e-05 0.0024140641661981655 0.00044413825019901933 -0.0023217294072403307 -0.0028641624411585853 0.0017515368750521622 -0.00054634550617879696 -0.0030194358640909 -0.00090406540112017712 0.0016524518674553069 0.00029675555057455676 -0.0011147461515063851 0.0016274879735503345 -0.00015006668409779935
leaf_weight=7552 4880 13450 4794 7579 9239 6171 7280 7841 6613 10243 12403 8583 21753 5499 8382 4846 4773 4512 5082 4696 7237 14553 4824 7626 9768 9809 5229 14861 4623 87598
leaf_count=7552 4880 13450 4794 7579 9239 6171 7280 7841 6613 10243 12403 8583 21753 5499 8382 4846 4773 4512 5082 4696 7237 14553 4824 7626 9768 9809 5229 14861 4623 87598
internal_value=-0.000177812 -8.33216e-05 -0.000316692 -0.0026025 -0.00255817 -0.000106279 -2.29926e-05 -8.8935e-05 -0.000384323 0.000720953 0.00100345 0.000680837 0.00020764 0.00159237 0.000357715 4.35624e-05 0.000447718 0.000164016 -0.00126587 -0.00133128 -0.00166555 0.0010166 0.00151623 -0.00217899 0.000647103 0.000132137 0.00168146 -0.000158598 -0.000243027 -7.76625e-05
internal_weight=332299 319840 247909 12459 21270 226639 219087 211807 127492 71931 58481 46078 30336 15742 84315 57097 43633 38787 13464 9469 16476 27218 19377 14239 29318 19577 9741 113253 107082 92221
internal_count=332299 319840 247909 12459 21270 226639 219087 211807 127492 71931 58481 46078 30336 15742 84315 57097 43633 38787 13464 9469 16476 27218 19377 14239 29318 19577 9741 113253 107082 92221
is_linear=0
shrinkage=0.05


Tree=68
num_leaves=31
num_cat=0
split_feature=5 4 9 3 0 8 6 4 4 3 6 0 4 4 8 9 9 6 8 8 8 8 8 8 8 8 8 8 0 0
split_gain=22.9262 20.3971 18.2615 17.8308 14.1573 12.257 10.8439 10.7001 5.82562 5.37307 5.27274 5.11314 4.99935 4.91488 3.6998 3.63332 4.42114 3.60768 3.58689 4.22712 8.03735 7.83642 7.41125 12.2242 8.55109 15.9464 3.66455 6.44991 5.82861 3.46975
threshold=5.5000000000000009 1.7688405962482279 3.5000000000000004 -14.202976339499999 102.50000000000001 0.77793374000000004 1.0000000180025095e-35 0.45483948677125158 0.84139536797606307 -21.847178241999995 1.0000000180025095e-35 70.500000000000014 0.78808883970587662 0.74956026705008683 0.89296422700000011 9.5000000000000018 38.500000000000007 1.5000000000000002 0.85399369700000005 0.95550089700000018 0.99996303200000003 0.91975546850000012 1.0216345210000002 1.0796594780000002 1.2618163615000004 1.3109496115000001 1.1181251215000003 1.1996017105000003 44.500000000000007 35.500000000000007
decision_type=2 10 2 2 2 2 2 10 10 2 2 2 10 10 2 2 2 2 2 2 2 2 2 2 2 2 2 2 2 2
left_child=3 2 -2 7 5 12 11 -1 14 -8 -10 18 -4 -5 -6 -11 17 -17 -7 21 -21 -20 -22 -24 26 -26 -25 28 -28 -27
right_child=1 -3 4 13 8 6 9 -9 10 15 -12 -13 -14 -15 -16 16 -18 -19 19 20 22 -23 23 24 25 29 27 -29 -30 -31
leaf_value=-0.0045123864041004408 -0.0031100763579439555 0.0032471296151466351 -0.0028953600789456482 -9.3845648135870718e-05 0.0014170142525594899 0.0011590007097727229 -0.0012974402973138345 -0.0017775422484568482 0.0045964518095383987 -0.00089493165340615022 0.0015064455394599441 0.00072874598701710427 -0.00065500081674749753 -0.0015432026818391177 -0.0017675482855759651 7.6863370355162444e-05 -0.0017588588079375774 -0.0010196433550888951 6.1706279189724381e-05 0.0010514698830938975 -0.0019935811497672875 -0.002417506543638215 0.001340330783651983 -0.0013887403754645701 0.0022364093253850414 -0.00062390012155670311 0.00059620144958040251 -0.0011896546482303761 -0.00093845450688358764 0.00030249022770182933
leaf_weight=4519 7670 4568 4598 17711 4533 4716 14339 7699 11327 17866 19461 39096 4505 6609 5211 55625 6290 6247 6688 6492 5081 4865 8715 6129 5886 12038 7569 8725 5224 12367
leaf_count=4519 7670 4568 4598 17711 4533 4716 14339 7699 11327 17866 19461 39096 4505 6609 5211 55625 6290 6247 6688 6492 5081 4865 8715 6129 5886 12038 7569 8725 5224 12367
internal_value=-0.000179203 -3.32532e-05 -8.52737e-05 -0.00136073 -2.01429e-05 -0.00016441 -9.43525e-05 -0.00291868 0.000844907 -0.000487063 0.00118209 0.000200698 -0.00196393 -0.000577595 -0.000220535 -0.000337661 -0.000171271 -4.28269e-05 1.71958e-06 -6.89154e-05 6.29546e-05 -0.000961455 -8.95608e-05 5.08191e-05 -0.000211846 0.000368448 -0.000847588 -0.00054012 0.000174832 -0.000195104
internal_weight=332369 295831 291263 36538 283593 243061 233958 12218 40532 100367 30788 133591 9103 24320 9744 86028 68162 61872 94495 89779 78226 11553 71734 66653 57938 30291 27647 21518 12793 24405
internal_count=332369 295831 291263 36538 283593 243061 233958 12218 40532 100367 30788 133591 9103 24320 9744 86028 68162 61872 94495 89779 78226 11553 71734 66653 57938 30291 27647 21518 12793 24405
is_linear=0
shrinkage=0.05


Tree=69
num_leaves=31
num_cat=0
split_feature=2 1 2 1 7 1 1 7 2 1 5 2 7 7 1 2 4 7 7 7 7 7 7 7 2 2 5 7 7 4
split_gain=31.3944 22.8664 47.455 19.5036 15.7617 11.4509 11.254 10.8208 8.54232 10.5944 7.33673 7.30352 8.12301 15.2629 5.37402 6.63586 9.2888 6.50984 11.6865 7.11806 6.69916 7.78149 5.77393 4.42574 8.59828 7.60952 4.35927 4.3132 8.50691 6.17903
threshold=7.5000000000000009 43.500000000000007 4.5000000000000009 15.500000000000002 0.84552124650000016 3.5000000000000004 57.500000000000007 1.2428445740000003 6.5000000000000009 18.500000000000004 30.500000000000004 3.5000000000000004 1.0370127805000002 0.97690684250000015 77.500000000000014 1.0000000180025095e-35 0.76303206761758635 1.0999404950000002 1.0107513135000004 1.1393784770000002 1.0423911465000002 1.0744235155000001 0.99308499750000012 1.0233017285000001 5.5000000000000009 5.5000000000000009 4.5000000000000009 0.98203505650000011 1.0310529730000002 0.89126302574341332
decision_type=2 2 2 2 2 2 2 2 2 2 2 2 2 2 2 2 8 2 2 2 2 2 2 2 2 2 2 2 2 10
left_child=1 5 4 -2 -3 -1 -4 11 10 -10 23 14 13 -13 27 16 26 18 22 -19 -20 -22 -17 24 -7 -25 -16 -6 -29 -30
right_child=3 2 6 -5 7 8 -8 -9 9 -11 -12 12 -14 -15 15 17 -18 19 20 -21 21 -23 -24 25 -26 -27 -28 28 29 -31
leaf_value=0.012591263525317108 -0.0023223932559970697 -0.0019679138527685077 -0.0022926929129825856 -0.0092993618486475315 0.00065498182480074052 0.00062957179510796384 -0.0054648392218024757 0.0018097529061539943 0.00090978309824681644 -0.0031979494627854101 0.0037833468122817487 -0.0017649716497403602 -0.0022979293691322289 0.0014159685470274685 0.00021719197787384571 -0.00058087459749366359 -0.00026739439717758938 -0.0024795305379524042 0.001189959179568198 -0.00049051810456933193 -0.0012832347644341935 0.0010649592201932346 -0.0021191900420684641 0.00068504942735397596 -0.0014952255090328439 0.0037139653376985272 0.0014120234069660898 -0.00079391288406188698 0.0016207806264829094 4.9691437092802554e-05
leaf_weight=5314 8086 7480 6789 4599 20246 37117 4766 6723 5714 4578 5008 6156 4783 4509 8410 23512 33794 5194 8214 5564 6738 4667 5803 31436 10318 4719 7384 14961 6597 22861
leaf_count=5314 8086 7480 6789 4599 20246 37117 4766 6723 5714 4578 5008 6156 4783 4509 8410 23512 33794 5194 8214 5564 6738 4667 5803 31436 10318 4719 7384 14961 6597 22861
internal_value=-0.000205846 -0.000108929 -0.00040337 -0.0026448 -0.000226423 0.000498997 -0.00351968 -0.000140475 0.00037742 -0.000985724 0.000535817 -0.000210469 -0.00125218 -0.000483833 -0.000117922 -0.000331702 9.57796e-05 -0.000686802 -0.000441877 -0.00180015 0.000502573 -0.000281551 -0.00107393 0.000424367 0.000106714 0.000841054 0.00109659 0.000243351 -3.23586e-05 0.000460747
internal_weight=332040 319355 215151 12685 203596 104204 11555 196116 98890 10292 88598 189393 15448 10665 173945 109280 49588 59692 48934 10758 19619 11405 29315 83590 47435 36155 15794 64665 44419 29458
internal_count=332040 319355 215151 12685 203596 104204 11555 196116 98890 10292 88598 189393 15448 10665 173945 109280 49588 59692 48934 10758 19619 11405 29315 83590 47435 36155 15794 64665 44419 29458
is_linear=0
shrinkage=0.05


Tree=70
num_leaves=31
num_cat=0
split_feature=6 7 3 2 0 2 0 0 0 0 2 7 2 7 3 7 7 7 9 0 9 0 7 7 3 4 2 9 3 4
split_gain=26.2132 21.0915 15.7562 15.3761 12.8033 12.8455 25.1145 11.0054 7.93888 6.4519 13.6477 7.34749 6.09473 5.79433 4.8186 4.76866 7.90821 6.14353 10.2203 6.5307 5.51955 3.99862 3.85678 8.48973 3.80168 5.0676 5.41735 3.80079 3.6132 3.29512
threshold=2.5000000000000004 0.84552124650000016 57.332769702000007 7.5000000000000009 103.50000000000001 4.5000000000000009 65.500000000000014 108.50000000000001 82.500000000000014 47.500000000000007 2.5000000000000004 1.2428445740000003 2.5000000000000004 1.0251857335000003 -14.706182936999999 0.88717036500000013 0.98106093850000009 1.1249927920000002 37.500000000000007 72.500000000000014 51.500000000000007 76.500000000000014 1.028182989 1.0596003980000002 -16.674830226999998 0.74956026705008683 1.0000000180025095e-35 5.5000000000000009 -11.796539283499998 1.047932569326131
decision_type=2 2 2 2 2 2 2 2 2 2 2 2 2 2 2 2 2 2 2 2 2 2 2 2 2 8 2 2 2 10
left_child=1 12 3 4 5 9 -7 -5 -8 10 11 24 -1 14 -10 -11 20 18 21 -19 -17 -18 -20 -24 -3 26 -26 -27 -12 -23
right_child=-2 2 -4 7 -6 6 8 -9 13 15 28 -13 -14 -15 -16 16 17 19 22 -21 -22 29 23 -25 25 27 -28 -29 -30 -31
leaf_value=-0.00085893248747124509 -0.0047552417389145453 -0.0014478909233537618 0.0052789639012330363 -0.0062531234701549672 0.0021015114251674433 -0.0038493552639644645 -0.0015353141590983028 -0.00060172559194680017 0.0002721326414656167 -0.0009247364922450596 -0.00071243602206921006 0.0018642067608932974 -0.0034889533455498612 0.0014412934346664354 -0.0022494567292563271 0.00065904368005265113 6.7622165035849391e-05 0.00015426301082562544 -0.0018687945741076796 0.0030720095430046808 0.0025900350779364621 0.00041389857729262625 0.0012085048572133439 -0.0012434509675516266 0.00082218861479011753 -0.00084650729836590059 -0.00012063045552517805 -9.5330821442318758e-05 -0.0023757462743406775 0.0022129875008090162
leaf_weight=5506 7059 4735 5069 4835 29008 4946 9096 5049 8591 4641 5883 4568 5801 7141 5473 23998 22364 8716 9931 6514 4538 5617 6026 8756 14884 10999 15451 64765 6904 5224
leaf_count=5506 7059 4735 5069 4835 29008 4946 9096 5049 8591 4641 5883 4568 5801 7141 5473 23998 22364 8716 9931 6514 4538 5617 6026 8756 14884 10999 15451 64765 6904 5224
internal_value=-0.000148904 -8.34144e-05 -6.93278e-06 -5.23638e-05 1.18401e-05 -9.54994e-05 -0.000985405 -0.00199211 -0.000445869 3.82698e-05 -0.000200575 -2.88111e-05 -0.00220452 8.42763e-05 -0.000504656 0.000326225 0.000397781 0.000122346 -0.00011265 0.00101575 0.00110368 0.000460328 -0.000882454 -0.000370258 -0.000109844 -4.79482e-05 0.000498105 -0.0002666 -0.00175012 0.00124816
internal_weight=332088 325029 313722 308653 298769 269761 35247 9884 30301 234514 128189 115402 11307 21205 14064 106325 101684 73148 57918 15230 28536 33205 24713 14782 110834 106099 30335 75764 12787 10841
internal_count=332088 325029 313722 308653 298769 269761 35247 9884 30301 234514 128189 115402 11307 21205 14064 106325 101684 73148 57918 15230 28536 33205 24713 14782 110834 106099 30335 75764 12787 10841
is_linear=0
shrinkage=0.05


Tree=71
num_leaves=31
num_cat=0
split_feature=4 3 2 0 8 0 9 7 4 8 8 7 8 7 7 7 4 7 8 8 8 4 7 7 9 8 8 2 0 8
split_gain=22.2724 33.3089 18.9451 19.1343 13.7468 12.3616 9.89779 8.78909 5.88574 9.27279 9.76739 9.52504 8.68981 22.663 8.21683 9.57205 13.4934 12.1303 19.1848 8.87063 15.3273 13.761 8.82767 17.6609 12.8852 11.0659 12.1023 9.2571 16.2863 8.7211
threshold=0.36763814755456808 -11.582993547999999 7.5000000000000009 108.50000000000001 1.6712448535000004 113.50000000000001 6.5000000000000009 0.81406633500000003 1.6171833825325279 1.4757161485000003 1.4361150800000002 1.1707504705000003 1.3572194490000002 1.0812419045000001 1.028182989 1.0445113095 1.0935021903251465 1.0504484700000003 1.0299972105000001 1.1865423385 1.2157222685000002 1.0151837473047911 0.99967947350000008 1.0000053235000002 45.500000000000007 1.1640513860000004 1.0071276700000003 3.5000000000000004 70.500000000000014 0.9749352160000001
decision_type=8 2 2 2 2 2 2 2 10 2 2 2 2 2 2 2 10 2 2 2 2 10 2 2 2 2 2 2 2 2
left_child=1 -1 4 -4 5 6 -2 -8 9 10 12 -11 14 -14 22 16 -16 -17 -19 21 -21 -20 24 -24 27 26 -25 -9 -29 -30
right_child=2 -3 3 -5 -6 -7 7 8 -10 11 -12 -13 13 -15 15 17 -18 18 19 20 -22 -23 23 25 -26 -27 -28 28 29 -31
leaf_value=-0.0044186925888205749 -0.00088611059311632934 -0.00010721145565006918 -0.0068662757324700202 -0.00029316741464161802 0.0021343984873882561 0.0051746473690626521 -0.0019881482761183109 0.00022342495513225647 0.0013223977011230848 -0.0018493456333346149 0.002226025717526392 0.0003389645632640659 -0.0028208585791812402 0.00032926154981130777 0.00044870229677536902 -0.0019725556022252596 0.0035431503604604984 0.0032945853056867316 -0.001781337918452708 0.003133529669192392 0.00012788614944582167 0.00053683778124378188 -0.0037585922006686035 0.00033566463353025268 0.0015755483847391617 0.00095472676794638176 -0.0016362294843973004 -0.0021737997466237725 0.0005082472642500502 -0.0015782053716943412
leaf_weight=4586 31128 7821 5752 6514 8328 10979 4756 56671 5695 8112 5157 5758 5355 8978 10620 5250 4512 6956 9553 4906 22953 9903 5459 9185 13331 8720 11553 8869 17875 6979
leaf_count=4586 31128 7821 5752 6514 8328 10979 4756 56671 5695 8112 5157 5758 5355 8978 10620 5250 4512 6956 9553 4906 22953 9903 5459 9185 13331 8720 11553 8869 17875 6979
internal_value=-0.000144558 -0.00222265 -6.39047e-05 -0.00199047 1.29655e-05 -4.282e-05 -0.000105555 -3.59767e-06 3.65556e-05 -1.52031e-07 7.46918e-05 -0.00125586 2.59189e-05 -0.00116561 0.000106013 0.000528912 0.00165158 0.000243381 0.000465445 0.000104871 0.000676949 -0.000714249 -0.000121712 -0.000809304 0.00010978 -0.000324984 -0.000953334 -0.00010426 -0.000760125 -0.000103584
internal_weight=332214 12407 319807 12266 307541 299213 288234 257106 252350 246655 232785 13870 227628 14333 213295 74653 15132 59521 54271 47315 27859 19456 138642 34917 103725 29458 20738 90394 33723 24854
internal_count=332214 12407 319807 12266 307541 299213 288234 257106 252350 246655 232785 13870 227628 14333 213295 74653 15132 59521 54271 47315 27859 19456 138642 34917 103725 29458 20738 90394 33723 24854
is_linear=0
shrinkage=0.05


Tree=72
num_leaves=31
num_cat=0
split_feature=4 3 4 9 0 7 8 7 8 8 8 7 7 7 7 7 7 8 8 9 8 8 7 7 7 7 8 8 4 7
split_gain=21.5997 29.3724 18.7486 15.9539 11.49 8.97598 8.1899 7.51687 6.37206 8.47778 9.0468 19.6255 7.73104 5.84639 8.16648 7.08322 16.4676 9.89899 31.4519 11.1423 8.58785 9.15571 6.79602 6.34353 5.53809 14.8285 9.33582 8.45126 13.0962 10.0493
threshold=0.36763814755456808 -11.352440008499999 1.7688405962482279 6.5000000000000009 116.50000000000001 0.84552124650000016 1.6712448535000004 1.0183233475000002 1.4757161485000003 1.4361150800000002 1.3572194490000002 1.0812419045000001 1.1707504705000003 1.0251857335000003 1.0370127805000002 0.99967947350000008 1.0000053235000002 1.2463057665000001 1.1831267190000003 54.500000000000007 1.1640513860000004 1.0071276700000003 1.0107513135000004 0.99472305000000005 1.0493762270000002 1.0445113095 1.0299972105000001 1.1865423385 1.0151837473047911 1.0934611560000003
decision_type=8 2 10 2 2 2 2 2 2 2 2 2 2 2 2 2 2 2 2 2 2 2 2 2 2 2 2 2 10 2
left_child=1 -1 3 7 5 -5 8 -2 9 10 13 -12 -10 15 -15 17 -17 18 19 23 21 22 -18 -7 25 -16 -26 28 -28 -30
right_child=2 -3 -4 4 -6 6 -8 -9 12 -11 11 -13 -14 14 24 16 20 -19 -20 -21 -22 -23 -24 -25 26 -27 27 -29 29 -31
leaf_value=-0.00405473807783423 -0.0018397063121313451 -0.00017120697048562673 0.0029118910398821698 -0.0013745689671251088 0.0098304613487299689 -5.4672499950816912e-05 0.0018477041821007845 -0.00024837175475318221 -0.0015643979336805532 0.0019646784439195319 -0.0026277161289943564 0.00017894938280560991 0.00033202575964912389 0.0012635144543175659 0.00065166738448997348 -0.0037115502166971044 0.0016299501774759391 0.0016122901717267825 -0.0032286825417719659 0.0026063100854356817 0.00082679403924428019 -0.0016776494285957316 -0.0011181056019236163 0.0018236097192785628 0.00244477879507915 -0.0031220347310143754 -0.0017037089175700266 0.00062993297214707653 0.0017808823927372127 -0.0010990524390623313
leaf_weight=4634 20583 7723 5038 8804 5851 88780 7123 14212 8394 5303 5456 9227 6101 12091 6891 5894 4612 4661 4576 5405 8048 10674 4610 4573 7711 4590 9924 29334 6086 4915
leaf_count=4634 20583 7723 5038 8804 5851 88780 7123 14212 8394 5303 5456 9227 6101 12091 6891 5894 4612 4661 4576 5405 8048 10674 4610 4573 7711 4590 9924 29334 6086 4915
internal_value=-0.000134407 -0.00218512 -5.50518e-05 -0.000103559 2.2082e-05 -2.47911e-05 2.74073e-05 -0.00111315 -1.88086e-05 4.18608e-05 -2.2053e-06 -0.00120421 -0.00103707 7.6831e-05 0.000414178 -0.000117123 -0.000748308 8.06713e-05 -2.10472e-05 0.000166813 -0.000241511 -0.000798955 0.000354937 3.89629e-05 0.000205346 -0.00079771 0.000404053 0.000155429 -0.00061216 0.000575822
internal_weight=331824 12357 319467 314429 279634 273783 264979 34795 257856 243361 238058 14683 14495 223375 81542 141833 33838 107995 103334 98758 27944 19896 9222 93353 69451 11481 57970 50259 20925 11001
internal_count=331824 12357 319467 314429 279634 273783 264979 34795 257856 243361 238058 14683 14495 223375 81542 141833 33838 107995 103334 98758 27944 19896 9222 93353 69451 11481 57970 50259 20925 11001
is_linear=0
shrinkage=0.05


Tree=73
num_leaves=31
num_cat=0
split_feature=7 6 0 9 7 7 5 5 0 9 5 7 0 7 7 7 9 7 7 7 7 7 7 7 7 9 7 9 0 9
split_gain=18.0022 14.4461 12.494 11.5138 7.43278 6.9456 5.92633 5.77918 5.6873 6.00587 5.48724 4.4847 4.2947 4.13163 7.28613 25.9206 5.53311 5.11424 8.42066 6.23783 15.7131 22.1777 3.50594 4.06732 3.35962 2.82364 2.84865 2.85984 2.78819 2.79811
threshold=0.84552124650000016 1.0000000180025095e-35 99.500000000000014 5.5000000000000009 1.0028781850000004 0.97631804550000012 5.5000000000000009 8.5000000000000018 84.500000000000014 30.500000000000004 29.500000000000004 1.0640450860000004 61.500000000000007 0.89637365600000007 0.94667231500000015 0.95619744050000011 23.500000000000004 0.97091154350000008 0.98106093850000009 0.98947461550000015 0.99967947350000008 1.0061706605000003 0.89250176900000011 0.9911600195000001 1.0038369515000001 39.500000000000007 1.0370127805000002 18.500000000000004 59.500000000000007 16.500000000000004
decision_type=2 2 2 2 2 2 2 2 2 2 2 2 2 2 2 2 2 2 2 2 2 2 2 2 2 2 2 2 2 2
left_child=7 2 10 24 6 -4 -5 -1 9 11 13 28 -13 -2 16 -16 -15 -17 -19 -20 -21 -22 -8 -24 -3 26 -10 -28 29 -6
right_child=1 3 5 4 8 -7 22 -9 25 -11 -12 12 -14 14 15 17 -18 18 19 20 21 -23 23 -25 -26 -27 27 -29 -30 -31
leaf_value=-0.0028255198477880605 0.00094075760494460869 -0.0025830898841916086 0.00010416868569952388 -0.0022168390487874667 0.00032455213154500284 0.0042955243445419403 -0.0016126908695502319 -0.0011000292832115787 0.0025144687816457401 -0.0013655455882028657 0.0017068062010265894 -0.00075089675807749892 0.00098649920512529072 -0.0014213625765843398 0.0026883012252102434 -0.00093247650645343356 -0.00021321533918193804 0.0014380540756561368 -0.0013308827744044267 0.0020455264340267566 -0.0023750715938948316 7.1072636147395679e-05 -0.00012455952717311814 -0.0015084019710260078 -0.00089856235014224581 -0.0007893516325698319 0.0020731984430332863 -0.00037791456260558579 -0.00034896789521406959 0.0013115460460053742
leaf_weight=5030 9063 10950 5574 6719 8151 12075 6138 6625 6353 6257 5507 16306 4549 7073 4886 8079 10951 6581 5226 6495 7254 81378 41065 9427 8047 4558 6325 5429 5293 4551
leaf_count=5030 9063 10950 5574 6719 8151 12075 6138 6625 6353 6257 5507 16306 4549 7073 4886 8079 10951 6581 5226 6495 7254 81378 41065 9427 8047 4558 6325 5429 5293 4551
internal_value=-0.000144576 -7.43135e-05 0.000241115 -0.000431813 -0.000265108 0.00150037 -0.000654457 -0.0020744 9.88536e-05 -0.000225827 9.53291e-05 5.79076e-06 -0.000493169 3.72472e-05 -3.07226e-05 0.000110192 -0.000967885 -4.14066e-05 5.02623e-05 -6.3398e-05 2.90386e-05 -0.000144973 -0.000487773 -0.000350516 -0.00158207 0.000744927 0.00102487 0.000563398 0.000584028 0.000985677
internal_weight=331915 320260 170142 150118 131121 17649 63349 11655 67772 45107 152493 38850 20855 146986 137923 119899 18024 115013 106934 100353 95127 88632 56630 50492 18997 22665 18107 11754 17995 12702
internal_count=331915 320260 170142 150118 131121 17649 63349 11655 67772 45107 152493 38850 20855 146986 137923 119899 18024 115013 106934 100353 95127 88632 56630 50492 18997 22665 18107 11754 17995 12702
is_linear=0
shrinkage=0.05


Tree=74
num_leaves=31
num_cat=0
split_feature=6 5 4 0 0 8 8 7 8 8 8 8 7 7 8 7 8 7 7 7 7 8 8 4 8 7 7 7 9 4
split_gain=20.8121 15.7611 15.5047 11.2751 8.79729 10.0554 8.4312 9.32376 9.68591 6.10355 7.13187 21.6771 6.90753 10.5842 13.2206 11.7784 10.8388 14.3636 6.90662 17.5205 16.2789 13.8532 12.8484 14.2292 13.1958 22.5718 10.82 14.5168 14.6602 5.7696
threshold=2.5000000000000004 5.5000000000000009 1.7688405962482279 22.500000000000004 113.50000000000001 0.8314545940000001 0.85095842600000016 0.90684916650000014 0.99601396100000017 1.6712448535000004 1.3109496115000001 1.2922678700000001 1.0413678250000002 1.0852959850000004 1.3730554145000002 1.1125821150000001 1.429914388 1.2082677355000002 0.98203505650000011 1.0251857335000003 0.97754740050000011 1.0260839095000003 1.0641062075000003 1.0240184921611701 0.99996303200000003 0.99391202600000017 0.96905717250000001 0.95619744050000011 26.500000000000004 1.0180573495327909
decision_type=2 2 10 2 2 2 2 2 2 2 2 2 2 2 2 2 2 2 2 2 2 2 2 10 2 2 2 2 2 10
left_child=1 3 4 -1 5 -3 -7 8 -8 10 11 18 -12 -14 -15 -16 -17 -18 20 22 21 26 24 -24 25 -20 27 28 -9 -26
right_child=-2 2 -4 -5 -6 6 7 9 -10 -11 12 -13 13 14 15 16 17 -19 19 -21 -22 -23 23 -25 29 -27 -28 -29 -30 -31
leaf_value=-0.00027948095598509943 -0.0041860233662630699 -0.0010256014014394354 0.0030130691742331628 -0.0020246202188188081 0.0040059833002700608 0.0016944077633077371 -0.0018755135889413383 -1.8056828383100632e-05 0.00051499159312318188 0.0016216550673906539 0.000575896478426452 0.0027010766994477464 -0.0020255777579582302 -0.0020217480951842839 0.0022874500537065274 0.0019034410653084811 -0.0022567621372792334 0.0008212853482777255 -0.0029634346794577826 0.00033031910791933019 0.0029708472118762153 -0.00067751142834376887 0.00084107356578847501 -0.0013359389013845675 -0.0032303187468046752 0.00085003844610654082 0.0022776246605423797 -0.0016577417790674788 0.0024074127367437973 -0.0015459978261307878
leaf_weight=21926 7093 23085 4523 12864 13336 6061 9990 10563 4741 7251 8235 5425 8551 6956 4594 4995 7490 4838 5035 68449 4791 18113 12351 8466 9314 8980 5186 6183 7892 4520
leaf_count=21926 7093 23085 4523 12864 13336 6061 9990 10563 4741 7251 8235 5425 8551 6956 4594 4995 7490 4838 5035 68449 4791 18113 12351 8466 9314 8980 5186 6183 7892 4520
internal_value=-0.000119989 -6.14396e-05 5.92407e-05 -0.00106696 1.31834e-05 -4.8289e-05 4.42816e-05 -1.69813e-06 -0.00122065 7.70215e-05 3.01563e-05 0.000175155 -0.000526399 -0.000814876 -0.000357106 0.000245758 -0.00035131 -0.00114733 7.57295e-05 -0.000138213 0.000550888 0.000272986 -0.000863451 7.62415e-05 -0.00156575 -0.00048413 0.000935331 0.000498113 0.00120057 -0.00266096
internal_weight=331797 324704 289914 34790 285391 272055 248970 242909 14731 228178 220927 175268 45659 37424 28873 21917 17323 12328 169843 117115 52728 47937 48666 20817 27849 14015 29824 24638 18455 13834
internal_count=331797 324704 289914 34790 285391 272055 248970 242909 14731 228178 220927 175268 45659 37424 28873 21917 17323 12328 169843 117115 52728 47937 48666 20817 27849 14015 29824 24638 18455 13834
is_linear=0
shrinkage=0.05


Tree=75
num_leaves=31
num_cat=0
split_feature=6 3 5 3 9 0 8 8 7 7 8 8 8 3 7 7 7 5 8 8 8 7 7 8 3 3 8 6 7 7
split_gain=16.3806 15.1281 11.2376 12.6953 8.86763 6.75606 5.1957 15.6832 8.56626 8.13332 7.37288 9.20164 7.51833 15.1802 6.87665 7.78278 13.9403 4.70863 4.7005 13.9601 9.43202 8.7003 8.68322 13.1386 5.38696 3.9847 3.7134 3.6679 3.57966 10.8764
threshold=2.5000000000000004 57.332769702000007 5.5000000000000009 -15.498409037999998 7.5000000000000009 116.50000000000001 0.94232026850000017 0.92937962750000014 0.97091154350000008 0.95619744050000011 0.98373178200000011 0.96876116550000013 1.0000014820000003 -5.2964884334999995 0.86803575000000011 0.91220460200000009 0.93338623450000002 14.500000000000002 1.3109496115000001 1.2922678700000001 1.4053251940000002 1.0563097930000003 1.2082677355000002 1.5192940695000001 10.520400037500002 -3.6946692314999994 0.94232026850000017 1.0000000180025095e-35 1.1201095380000001 1.0999404950000002
decision_type=2 2 2 2 2 2 2 2 2 2 2 2 2 2 2 2 2 2 2 2 2 2 2 2 2 2 2 2 2 2
left_child=1 2 3 26 17 6 7 8 9 14 11 25 13 -12 -6 27 -17 -4 19 28 24 -22 23 -23 -20 -8 -1 -16 29 -14
right_child=-2 -3 4 -5 5 -7 10 -9 -10 -11 12 -13 18 -15 15 16 -18 -19 20 -21 21 22 -24 -25 -26 -27 -28 -29 -30 -31
leaf_value=-0.0034810503682177309 -0.0036430990056485289 0.0050549281460015444 -0.0013562142558441017 -0.0002742895656402955 -0.0012289212140508656 0.0086809083345328105 0.00086421274623852686 -0.0030274167351072609 0.0010020810737002117 -0.0028494827793573486 -0.0029205190812374411 0.0020100516557664204 0.00020330110532070235 0.00061994901980113595 0.0019649335006336728 -0.0022723145218429388 0.00072310354730199681 0.00016902569674196735 -0.00049703647101916331 0.0023423003414290793 0.0017343946389765303 -0.001806411940052577 0.0013725688674359777 0.00058460280985596087 -0.0021914903655075924 -0.00099707805364574473 -0.0010089886130490763 0.00021790066885400973 0.0010852966832185895 -0.0016613226766555246
leaf_weight=5561 7098 5062 18593 24533 9832 4993 7032 5746 15669 4838 6522 6709 91979 5567 5458 5665 7422 7200 13697 5150 5294 9029 7810 8672 5439 4626 4930 4853 11186 6032
leaf_count=5561 7098 5062 18593 24533 9832 4993 7032 5746 15669 4838 6522 6709 91979 5567 5458 5665 7422 7200 13697 5150 5294 9029 7810 8672 5439 4626 4930 4853 11186 6032
internal_value=-0.000113071 -6.11727e-05 -0.000104088 -0.000949214 -2.19284e-07 8.77616e-05 5.19702e-05 -0.000357005 -9.1409e-05 -0.000496415 0.000176894 0.00113012 7.76015e-05 -0.00112556 -0.000217391 0.0002489 -0.000560457 -0.000884274 0.000166167 0.00034291 -0.000238508 0.000303067 -7.98519e-05 -0.000692562 -0.00111018 0.000280803 -0.00240449 0.00127593 0.000222867 0.000126127
internal_weight=332197 325099 320037 35024 285013 259220 254227 59483 53737 38068 194744 18367 176377 12089 33230 23398 13087 25793 164288 114347 49941 30805 25511 17701 19136 11658 10491 10311 109197 98011
internal_count=332197 325099 320037 35024 285013 259220 254227 59483 53737 38068 194744 18367 176377 12089 33230 23398 13087 25793 164288 114347 49941 30805 25511 17701 19136 11658 10491 10311 109197 98011
is_linear=0
shrinkage=0.05


Tree=76
num_leaves=31
num_cat=0
split_feature=2 0 4 2 0 2 2 0 4 0 7 3 7 7 7 7 7 5 7 0 7 7 7 7 0 3 7 3 2 7
split_gain=22.2816 19.5111 16.7835 20.834 13.8744 18.8114 7.19776 18.2103 9.2645 7.39952 7.31656 8.62886 7.25011 6.92778 6.39922 14.6082 5.96028 5.48125 5.17702 5.1376 5.0531 4.56834 4.55316 16.8085 8.18902 7.3884 5.20934 5.35692 6.95967 6.52218
threshold=7.5000000000000009 104.50000000000001 0.36763814755456808 1.0000000180025095e-35 98.500000000000014 6.5000000000000009 3.5000000000000004 49.500000000000007 0.87675195544678564 88.500000000000014 1.1393784770000002 -4.0893626474999989 0.9543694155000001 0.99308499750000012 1.0934611560000003 1.0852959850000004 0.94213990150000015 19.500000000000004 0.90085482550000007 81.500000000000014 1.1164245220000002 1.0205589460000002 0.9543694155000001 0.9455878135000001 41.500000000000007 24.275273039000002 0.96530230600000011 4.1743087730000008 1.5000000000000002 1.0445113095
decision_type=2 2 8 2 2 2 2 2 10 2 2 2 2 2 2 2 2 2 2 2 2 2 2 2 2 2 2 2 2 2
left_child=2 -2 3 -1 5 6 10 -8 12 21 14 -12 18 -14 15 22 -6 -13 -9 -15 -16 -10 23 24 -4 26 -24 -28 29 -29
right_child=1 -3 4 -5 16 -7 7 8 9 -11 11 17 13 19 20 -17 -18 -19 -20 -21 -22 -23 25 -25 -26 -27 27 28 -30 -31
leaf_value=7.2196365195775772e-05 -0.0084024203805845125 -0.0013407972861221489 -0.00051878629035682076 -0.0028349192594032905 -0.00051720009565425773 -0.0038103577570817674 -0.0025883738414106089 0.0004923708719752354 -0.0023691722628255865 0.00016945140065458277 0.0024574891019487014 -0.00014441120378259342 0.0023189420896240877 -0.00047959337927897531 -0.0011945915197351859 0.002263782796323058 0.0020744664704601375 0.0017143583836426225 -0.001432814459709747 0.0015748046724919447 2.681624137274019e-05 -0.00078059860925586144 -0.0010067729977962625 0.002077958965186727 0.0007098156803148931 -0.0017090612400612187 -0.00016665166375814667 0.00053183226346402717 0.0014249516689567199 -0.0011542309384609539
leaf_weight=6187 4524 7974 21249 5811 8496 4567 5198 4588 7012 8998 4727 14388 5626 7827 11194 5070 37484 9141 5169 5210 8901 7175 7119 5348 18212 6256 64226 8532 10705 5376
leaf_count=6187 4524 7974 21249 5811 8496 4567 5198 4588 7012 8998 4727 14388 5626 7827 11194 5070 37484 9141 5169 5210 8901 7175 7119 5348 18212 6256 64226 8532 10705 5376
internal_value=-0.00011082 -0.00218148 -2.98627e-05 -0.00186412 4.16668e-05 -9.90188e-05 -4.25167e-05 -0.000539317 -0.000255038 -0.000996658 9.82794e-05 0.000843919 0.000350044 0.000927389 -2.41009e-05 8.6704e-05 0.000842666 0.000452006 -0.0007542 0.000294242 -0.000862562 -0.00170783 -4.33591e-06 0.000415886 5.92282e-05 -0.000188566 -7.99787e-05 2.43404e-05 0.000651454 -8.62503e-05
internal_weight=332290 12498 319792 11998 307794 261814 257247 56803 51605 23185 200444 28256 28420 18663 172188 152093 45980 23529 9757 13037 20095 14187 147023 44809 39461 102214 95958 88839 24613 13908
internal_count=332290 12498 319792 11998 307794 261814 257247 56803 51605 23185 200444 28256 28420 18663 172188 152093 45980 23529 9757 13037 20095 14187 147023 44809 39461 102214 95958 88839 24613 13908
is_linear=0
shrinkage=0.05


Tree=77
num_leaves=31
num_cat=0
split_feature=2 0 4 0 0 2 2 7 8 8 8 8 8 0 7 8 8 8 4 7 8 8 8 8 7 7 7 8 8 4
split_gain=19.4461 16.787 12.8617 17.564 10.7318 18.0552 6.17508 6.42123 7.96135 7.82756 7.47448 6.0371 6.16592 5.15057 4.7511 4.69039 17.5016 20.1276 13.0868 6.90704 8.08281 8.98475 7.99424 8.702 11.8115 19.219 12.7154 11.331 18.913 9.59421
threshold=7.5000000000000009 105.50000000000001 0.36763814755456808 10.500000000000002 91.500000000000014 5.5000000000000009 2.5000000000000004 0.94443998950000008 1.0025047235000002 1.0539520960000004 0.87664883000000005 0.8314545940000001 0.85399369700000005 111.50000000000001 0.8985102865000002 0.94232026850000017 0.91975546850000012 0.90015274200000006 0.7944594209416459 0.89637365600000007 0.98373178200000011 0.96876116550000013 1.0000014820000003 1.0843950875000001 0.97754740050000011 0.99308499750000012 0.95332521050000008 1.1831267190000003 1.1996017105000003 0.90296336447812076
decision_type=2 2 8 2 2 2 2 2 2 2 2 2 2 2 2 2 2 2 8 2 2 2 2 2 2 2 2 2 2 8
left_child=2 -2 3 -1 5 11 -6 10 -9 -10 -8 14 -13 -11 -4 16 17 18 -14 -17 21 -21 -22 29 26 -26 -25 -27 -29 -24
right_child=1 -3 4 -5 6 -7 7 8 9 13 -12 12 15 -15 -16 19 -18 -19 -20 20 22 -23 23 24 25 27 -28 28 -30 -31
leaf_value=-5.5423371258039869e-05 -0.0078817101464722632 -0.0011507989076338322 -0.0001824810445370695 -0.0029519371179703244 0.0033828065162495482 -0.0021795601224566226 0.00059306646066675794 0.002331464194476962 -0.0026948934376852421 0.0001722810452708057 -0.0030393024673930347 0.00141594918165045 0.00087013840859225813 0.0057136358288040314 -0.0019890336609807656 0.0013816129255527444 -0.0023540690400849192 0.0020667339207578461 -0.0019026362817570865 0.00020664622630750529 -0.0012226046718132406 0.0017354086544229099 0.0014493314958745895 -4.9147860212786502e-05 0.0016377483336707521 -0.00086415526936260982 -0.0021958652583931094 0.0028240905878851533 -5.5807191460999218e-05 -5.5848799287683272e-05
leaf_weight=7316 4803 7697 8977 4780 5415 9795 6780 20990 4615 16888 4603 5050 4907 4743 6412 5670 7782 5849 6922 8501 9936 5153 14071 6912 6053 25441 6416 5086 78705 16050
leaf_count=7316 4803 7697 8977 4780 5415 9795 6780 20990 4615 16888 4603 5050 4907 4743 6412 5670 7782 5849 6922 8501 9936 5153 14071 6912 6053 25441 6416 5086 78705 16050
internal_value=-0.000112917 -0.00204718 -3.72862e-05 -0.00163623 2.55909e-05 -0.000125773 0.000601587 0.000452247 0.00070913 0.000128567 -0.000613584 -3.76767e-05 2.97471e-05 0.000527477 -0.000994706 -1.11263e-05 -0.000647948 0.000221965 -0.000964382 7.51334e-05 2.16641e-05 0.00119152 -7.30695e-05 1.30718e-05 -0.000166093 -3.14424e-06 -0.00157504 -0.000155167 0.000125453 0.000777982
internal_weight=332318 12500 319818 12096 307722 243688 64034 58619 47236 26246 11383 233893 218504 21631 15389 213454 25460 17678 11829 187994 182324 13654 168670 158734 128613 115285 13328 109232 83791 30121
internal_count=332318 12500 319818 12096 307722 243688 64034 58619 47236 26246 11383 233893 218504 21631 15389 213454 25460 17678 11829 187994 182324 13654 168670 158734 128613 115285 13328 109232 83791 30121
is_linear=0
shrinkage=0.05


Tree=78
num_leaves=31
num_cat=0
split_feature=2 0 2 0 8 8 8 2 5 2 8 8 8 3 8 8 8 5 3 3 0 8 8 8 3 2 2 8 8 8
split_gain=16.2183 15.6762 31.233 11.846 11.1062 10.7546 13.7139 10.4368 7.25884 5.72729 11.9746 9.86394 9.62072 8.29458 8.06197 6.07902 8.86526 9.60213 8.73444 5.94774 5.55482 4.37577 8.80602 8.02571 14.9886 9.76928 9.63104 7.19413 5.12054 4.91391
threshold=7.5000000000000009 72.500000000000014 4.5000000000000009 104.50000000000001 0.89565229550000003 0.91975546850000012 0.94232026850000017 2.5000000000000004 29.500000000000004 3.5000000000000004 1.4361150800000002 0.92233349500000006 1.3158465240000001 -9.312333697999998 1.2554007370000002 1.1208789765000002 0.99996303200000003 13.500000000000002 3.9758924865000007 6.2401220540000013 91.500000000000014 0.98373178200000011 1.0000014820000003 1.0843950875000001 -4.9814100674999997 2.5000000000000004 3.5000000000000004 0.96876116550000013 1.0519316795000002 1.2690178225000002
decision_type=2 2 2 2 2 2 2 2 2 2 2 2 2 2 2 2 2 2 2 2 2 2 2 2 2 2 2 2 2 2
left_child=1 2 4 -2 7 -6 -7 -1 9 10 11 -3 15 -13 -15 16 18 -18 20 -17 -11 27 -23 24 25 -24 29 -8 -26 -25
right_child=3 8 -4 -5 5 6 21 -9 -10 12 -12 13 -14 14 -16 19 17 -19 -20 -21 -22 22 23 26 28 -27 -28 -29 -30 -31
leaf_value=-0.00033390633742405031 -0.0071770520346899104 0.0027785358878999441 -0.0029502783947436303 -0.0013464686839775144 0.001555486221600555 -0.0021780095020508595 -3.5751001621514565e-05 -0.0023941703966380069 0.0034690132309782799 -8.2441366024588191e-06 0.0038804764102418985 -0.0015444073159939786 -0.0026035815348517291 0.0013245001436613781 -0.0011299681878117723 0.0021428102042410717 -0.0027231424184213093 0.00014370042142605177 -0.0015791536742233742 -0.00060107817705930548 0.0019089450672689192 -0.0013564386335917973 0.0021557170495147522 -0.0002972240020578693 -0.00081990893646372021 0.00036801755175651791 -0.0016983935558597786 0.0015029415547849314 0.0006780847728433848 0.0002211161624998681
leaf_weight=17893 4510 4908 9182 7959 5941 6325 7499 7556 7269 11558 4652 5054 5205 14319 5702 8160 7249 9340 9300 4503 17969 8676 6598 51116 8919 4596 5567 4649 5811 54193
leaf_count=17893 4510 4908 9182 7959 5941 6325 7499 7556 7269 11558 4652 5054 5205 14319 5702 8160 7249 9340 9300 4503 17969 8676 6598 51116 8919 4596 5567 4649 5811 54193
internal_value=-0.000100171 -3.11607e-05 -0.000293911 -0.00186889 -0.00015991 -1.39792e-05 -8.97355e-05 -0.00113391 0.000435356 0.000332294 0.000862081 0.000495615 8.18677e-05 9.41986e-05 0.000551158 0.000240328 1.4435e-05 -0.000952905 0.000427804 0.00122849 0.000848656 1.9032e-06 -7.42365e-05 2.37564e-05 0.000815689 0.00219439 -0.000161434 0.000913355 -0.00023244 -5.42426e-05
internal_weight=332178 319709 204521 12469 195339 169890 163949 25449 115188 107919 34635 29983 73284 25075 20021 68079 55416 16589 38827 12663 29527 157624 145476 136800 25924 11194 110876 12148 14730 105309
internal_count=332178 319709 204521 12469 195339 169890 163949 25449 115188 107919 34635 29983 73284 25075 20021 68079 55416 16589 38827 12663 29527 157624 145476 136800 25924 11194 110876 12148 14730 105309
is_linear=0
shrinkage=0.05


Tree=79
num_leaves=31
num_cat=0
split_feature=2 1 1 2 1 7 7 9 7 7 2 7 7 4 1 7 3 7 4 2 7 4 2 4 7 7 5 5 7 7
split_gain=18.0702 36.509 11.5793 21.2999 11.0967 8.46333 7.03943 5.42103 7.11941 4.41789 6.78304 4.34861 4.14729 2.89998 4.22587 3.9972 5.34426 5.39884 7.76902 3.84283 4.14813 3.90646 3.48147 4.57421 3.82332 3.92017 3.25023 3.98928 4.76306 4.39602
threshold=6.5000000000000009 23.500000000000004 49.500000000000007 3.5000000000000004 70.500000000000014 0.84552124650000016 1.2428445740000003 7.5000000000000009 0.98794492700000014 1.1201095380000001 3.5000000000000004 0.97754740050000011 1.2025225330000002 0.76943089093853934 82.500000000000014 0.9543694155000001 14.998353170000001 1.0801551885000003 0.97157314642954262 1.0000000180025095e-35 0.99889278250000013 0.5882475888489489 1.5000000000000002 0.96581831991233036 1.0758004030000003 1.1460201665000003 7.5000000000000009 22.500000000000004 0.98947461550000015 1.0222017195000002
decision_type=2 2 2 2 2 2 2 2 2 2 2 2 2 8 2 2 2 2 10 2 2 10 2 10 2 2 2 2 2 2
left_child=2 7 9 5 11 -4 12 -2 -9 -1 -11 -5 13 19 15 -15 17 18 -17 20 -7 -21 24 -24 26 -26 -16 28 -28 -30
right_child=1 -3 3 4 -6 6 -8 8 -10 10 -12 -13 -14 14 22 16 -18 -19 -20 21 -22 -23 23 -25 25 -27 27 -29 29 -31
leaf_value=0.00032235814881927951 -0.0027290770872785506 -0.0060230862708693864 -0.0014533381338582647 -0.0016210208135858523 -0.0027806781084944582 0.0013609229097639301 0.0016398153062000239 -0.0010075644692601568 0.0030330581700288017 0.003085897063747295 0.00018280317270129022 -0.00028084491197001988 -0.0014114184102837159 0.00078814437341443171 -0.0013884885564939943 -0.00093066432767324465 -0.00094012880785716022 0.00091657789453186429 0.00048665810658235498 -0.00053515488054548259 9.820497847077837e-05 0.00037117354688918637 -0.0018038920639146 -0.00024516095789852143 0.00063876063083287697 -0.00065835434318959338 -0.00055357480176184976 -0.0010563187981302514 0.001206346193330421 -0.00019936660806486596
leaf_weight=94924 5040 6894 6476 6323 5675 7444 6182 7824 5372 6991 6703 8518 4891 9380 5817 11438 9723 9868 12499 14522 8339 18714 4572 5163 10296 4601 10662 4929 5335 7213
leaf_count=94924 5040 6894 6476 6323 5675 7444 6182 7824 5372 6991 6703 8518 4891 9380 5817 11438 9723 9868 12499 14522 8339 18714 4572 5163 10296 4601 10662 4929 5335 7213
internal_value=-0.000124423 -0.00141337 -1.89614e-05 -0.00024599 -0.00177136 -7.01975e-05 -3.20526e-06 -0.000241215 0.000291645 0.000396095 0.00123549 -0.00105163 -6.51408e-05 -2.14148e-05 -0.00016233 0.000161586 -4.01994e-05 0.000256951 -0.000148797 0.000299088 0.00094138 -6.01667e-06 -0.000454832 -0.00131802 -0.000282707 0.000385015 -0.00057566 -0.000353095 -7.8613e-05 0.000581534
internal_weight=332328 25130 307198 198580 20516 178064 171588 18236 13196 108618 13694 14841 165406 160515 111496 52908 43528 33805 23937 49019 15783 33236 58588 9735 48853 14897 33956 28139 23210 12548
internal_count=332328 25130 307198 198580 20516 178064 171588 18236 13196 108618 13694 14841 165406 160515 111496 52908 43528 33805 23937 49019 15783 33236 58588 9735 48853 14897 33956 28139 23210 12548
is_linear=0
shrinkage=0.05


Tree=80
num_leaves=31
num_cat=0
split_feature=2 1 1 2 1 7 7 7 7 9 7 2 1 4 2 5 3 6 3 9 9 2 7 3 1 4 7 5 6 7
split_gain=17.1381 32.7648 13.5997 17.262 13.1667 9.63261 7.40352 5.46426 8.93966 5.182 5.14454 4.75219 3.49075 5.16554 4.93738 6.09454 4.24158 3.98864 3.94478 3.08535 2.9121 3.70442 6.09523 4.01623 4.09829 3.5802 2.89698 2.38729 4.51461 3.37286
threshold=6.5000000000000009 27.500000000000004 45.500000000000007 3.5000000000000004 72.500000000000014 0.84552124650000016 1.2428445740000003 0.97754740050000011 1.0584166585000003 25.500000000000004 1.1585803860000001 7.5000000000000009 80.500000000000014 0.7756355426729139 1.0000000180025095e-35 3.5000000000000004 24.275273039000002 1.0000000180025095e-35 -5.1350214544999995 66.500000000000014 30.500000000000004 3.5000000000000004 0.94443998950000008 -16.359770412999996 31.500000000000004 1.1806733433601371 1.0000053235000002 13.500000000000002 1.0000000180025095e-35 1.0607328465000003
decision_type=2 2 2 2 2 2 2 2 2 2 2 2 2 8 2 2 2 2 2 2 2 2 2 2 2 10 2 2 2 2
left_child=2 9 10 5 7 -4 12 -5 -9 11 19 -2 16 14 15 -14 -7 -16 -15 20 21 -1 -23 -24 25 -25 -19 -22 29 -29
right_child=1 -3 3 4 -6 6 -8 8 -10 -11 -12 -13 13 18 17 -17 -18 26 -20 -21 27 22 23 24 -26 -27 -28 28 -30 -31
leaf_value=0.0016949607531083349 0.00014717621681983596 -0.0066425151588421051 -0.0013997744071349461 -0.0013777026125088064 -0.0032231034631541866 0.00025909832539460778 0.0017035555453227436 0.00067365036446298543 -0.0017069866429387016 0.0019489734965856056 0.0033030311731661434 -0.0029710004783202962 -8.25591557064076e-05 -0.0013915915276325463 -0.0012494319981622454 0.001167994956501911 -0.0010153616906548675 -0.00036175647377739706 -0.00029582087991837094 0.002000773536032896 0.00065798278177547356 -0.0010107559777007516 0.0018102859829362745 0.00047378488885284624 -0.00072461456199913185 0.0028657877402966494 0.00067278492708995336 0.00072801516160943551 -0.0017678204070376681 -0.0011360480151927921
leaf_weight=7746 6807 5387 6693 8302 4805 63028 6343 6847 4698 4612 6844 8481 7461 4843 5550 8951 5838 8857 59274 4716 11592 8134 8310 11132 4702 4735 7722 15371 8925 5849
leaf_count=7746 6807 5387 6693 8302 4805 63028 6343 6847 4698 4612 6844 8481 7461 4843 5550 8951 5838 8857 59274 4716 11592 8134 8310 11132 4702 4735 7722 15371 8925 5849
internal_value=-9.27276e-05 -0.0013438 1.02515e-05 -0.000217478 -0.00146003 -5.14724e-05 1.86229e-05 -0.000890968 -0.000187229 -0.000406933 0.00049612 -0.000850062 -4.34329e-05 -0.000228174 0.000229272 0.000886276 0.000231955 -0.000258087 -0.000503142 0.000396856 0.000328898 0.000609027 0.000400819 0.000741327 0.00036636 0.000750536 0.000130397 2.84486e-05 -0.000206053 0.000190813
internal_weight=332555 25287 307268 209212 24652 184560 177867 19847 11545 19900 98056 15288 171524 102658 38541 16412 68866 22129 64117 91212 86496 44759 37013 28879 20569 15867 16579 41737 30145 21220
internal_count=332555 25287 307268 209212 24652 184560 177867 19847 11545 19900 98056 15288 171524 102658 38541 16412 68866 22129 64117 91212 86496 44759 37013 28879 20569 15867 16579 41737 30145 21220
is_linear=0
shrinkage=0.05


Tree=81
num_leaves=31
num_cat=0
split_feature=8 4 4 9 3 4 8 8 4 2 8 8 7 7 7 2 7 2 7 9 7 8 8 2 8 8 3 7 8 4
split_gain=15.2208 21.9436 12.0655 8.91063 8.49525 6.32955 5.70007 6.0742 9.99635 5.64589 4.7431 8.07919 11.2246 5.5584 9.34887 11.1708 8.82746 9.38759 7.68322 7.50555 15.0446 5.9493 15.6328 8.14452 8.64828 15.1421 11.0619 11.7654 8.16102 7.72072
threshold=0.78344438100000013 0.71998289365542911 1.7688405962482279 3.5000000000000004 -3.4032432764999996 0.31590727960229092 1.6712448535000004 1.4992900485000002 0.95715950022525653 7.5000000000000009 1.4435879295000003 1.3572194490000002 1.0812419045000001 1.1201095380000001 1.0934611560000003 2.5000000000000004 1.1419238990000002 1.5000000000000002 1.0262334550000001 50.500000000000007 0.98106093850000009 1.2463057665000001 1.1912749420000002 2.5000000000000004 1.1208789765000002 0.99996303200000003 -39.244419957499993 0.9253556475000001 0.87664883000000005 0.78492537866292544
decision_type=2 10 10 2 2 10 2 2 10 2 2 2 2 2 2 2 2 2 2 2 2 2 2 2 2 2 2 2 2 10
left_child=1 -1 3 -2 -3 -5 7 9 -9 10 11 13 -13 14 18 -16 -15 -18 19 21 -21 22 23 29 25 26 -25 28 -28 -7
right_child=2 4 -4 5 -6 6 -8 8 -10 -11 -12 12 -14 16 15 -17 17 -19 -20 20 -22 -23 -24 24 -26 -27 27 -29 -30 -31
leaf_value=-0.0034934289902467373 -0.0010043557307965745 0.001645982530807598 0.0024497361616771379 -0.0012127538126814053 -0.0017501576885204512 0.00094571657335777162 0.0015089592023679156 -0.002364592895886153 -1.4346229974404601e-05 -0.0020724087148088709 0.0015394310665970525 -0.0020618771633375112 6.4411551903509339e-06 0.0022592366046290807 -0.0020164790916248564 0.0003250623752128812 0.0014398137494917584 -0.0014706752229362659 0.00057722431483271663 0.0027584633211992699 -0.0011871833917464242 0.0008239361589665984 -0.0019990420849861162 0.0024684252360822503 0.0018738526308867715 -0.0016711778303379111 -0.00047279216216825488 0.00024160895585114697 -0.0032024186287638746 -3.4157368856629903e-05
leaf_weight=7780 18569 5710 4958 4845 4534 18462 7651 4536 8567 9125 6833 6119 10701 6794 6145 5963 4869 6626 55856 7378 4826 7455 6586 4670 4898 19325 5490 26605 5214 35116
leaf_count=7780 18569 5710 4958 4845 4534 18462 7651 4536 8567 9125 6833 6119 10701 6794 6145 5963 4869 6626 55856 7378 4826 7455 6586 4670 4898 19325 5490 26605 5214 35116
internal_value=-7.36731e-05 -0.00148649 7.40005e-06 -3.18534e-05 3.41497e-05 3.59957e-05 6.63891e-05 2.93442e-05 -0.00102132 8.1302e-05 0.000124885 8.92201e-05 -0.000968796 0.000165854 9.43368e-05 -0.00125485 0.00100238 0.000157609 0.000175285 -1.54934e-05 0.00117127 -0.000123761 -0.000204754 -7.42998e-05 -0.000445195 -0.000606762 -7.35399e-05 -0.00036079 -0.0017602 0.000383984
internal_weight=332206 18024 314182 309224 10244 290655 285810 278159 13103 265056 255931 249098 16820 232278 213989 12108 18289 11495 201881 146025 12204 133821 126366 119780 66202 61304 41979 37309 10704 53578
internal_count=332206 18024 314182 309224 10244 290655 285810 278159 13103 265056 255931 249098 16820 232278 213989 12108 18289 11495 201881 146025 12204 133821 126366 119780 66202 61304 41979 37309 10704 53578
is_linear=0
shrinkage=0.05


Tree=82
num_leaves=31
num_cat=0
split_feature=2 0 0 2 8 2 0 7 0 7 8 8 8 7 8 8 7 7 4 8 8 8 7 7 8 7 8 7 7 8
split_gain=16.7534 29.1789 12.7768 19.3295 10.8064 6.49674 12.2446 6.484 6.54492 6.31869 6.00107 4.30147 16.8503 23.3656 13.8735 13.4137 12.2459 11.6534 9.33889 10.0069 9.814 8.37131 10.5838 7.5497 6.30773 5.7563 4.87608 9.4635 8.21997 13.4314
threshold=6.5000000000000009 90.500000000000014 70.500000000000014 4.5000000000000009 0.76366048500000006 2.5000000000000004 39.500000000000007 0.98794492700000014 111.50000000000001 1.2428445740000003 1.5441749580000004 1.3572194490000002 1.2690178225000002 1.0413678250000002 1.1970158730000002 1.1751955955000002 1.0485333710000002 1.0896763150000002 0.7756355426729139 1.0000014820000003 1.0586509240000002 1.5192940695000001 1.0999404950000002 0.97430084000000006 1.3109496115000001 1.1522298355000002 1.1318326185000003 1.0310529730000002 0.99967947350000008 0.97265127900000015
decision_type=2 2 2 2 2 2 2 2 2 2 2 2 2 2 2 2 2 2 8 2 2 2 2 2 2 2 2 2 2 2
left_child=2 -2 3 4 -1 9 -7 8 -3 11 -4 12 14 -14 15 17 -16 18 19 23 -21 22 -13 -6 -15 -23 27 28 29 -20
right_child=1 7 10 -5 5 6 -8 -9 -10 -11 -12 21 13 24 16 -17 -18 -19 26 20 -22 25 -24 -25 -26 -27 -28 -29 -30 -31
leaf_value=-0.0021921385287032523 -0.0065787825949549369 -0.0027158637551347314 0.00042283928274235996 -0.0024545394422374692 0.00075204037062657776 -0.001971064508692172 -0.00013854561900716322 0.00097416113287573664 0.00033800656006575117 0.0020317084326397896 0.0027736852988469204 3.5765547277905042e-05 0.0027259676032901389 0.001344010314823041 -0.0021152736210892447 0.0018340910217797325 -7.0284292692912584e-05 -0.0014882122949010702 -0.00079995714453291462 0.0024149212124933263 0.00055100231433103948 -0.00036586280164825624 -0.0019939399403550162 -0.0014141220899872688 -0.0006311655844700643 0.0021496993873005191 -0.0010351603023502438 0.0012924938585558378 -0.0016553699431549607 0.00080589838502133089
leaf_weight=5280 4800 7235 104199 7367 10267 7951 30069 8167 5167 5494 4606 8107 4904 4989 7554 5271 7966 4738 14391 4517 6717 5978 8537 4805 4870 4513 6248 7236 7538 12554
leaf_count=5280 4800 7235 104199 7367 10267 7951 30069 8167 5167 5494 4606 8107 4904 4989 7554 5271 7966 4738 14391 4517 6717 5978 8537 4805 4870 4513 6248 7236 7538 12554
internal_value=-9.58845e-05 -0.00133059 6.27709e-06 -0.000233049 -0.000135827 -7.22118e-05 -0.000654832 -0.00051096 -0.00123116 7.82954e-05 0.000441481 1.3761e-05 0.000147835 0.00172417 -8.54149e-05 0.000167582 -0.00145894 4.58768e-06 0.000158021 0.000915017 0.00204422 -0.000552229 -0.00124932 7.29588e-05 0.00032061 0.000553782 -0.000257181 -6.20147e-05 -0.000407026 1.39147e-06
internal_weight=332035 25369 306666 197861 190494 185214 38020 20569 12402 147194 108805 141700 114565 14763 99802 84282 15520 79011 74273 26306 11234 27135 16644 15072 9859 10491 47967 41719 34483 26945
internal_count=332035 25369 306666 197861 190494 185214 38020 20569 12402 147194 108805 141700 114565 14763 99802 84282 15520 79011 74273 26306 11234 27135 16644 15072 9859 10491 47967 41719 34483 26945
is_linear=0
shrinkage=0.05


Tree=83
num_leaves=31
num_cat=0
split_feature=2 0 8 4 8 0 2 8 4 5 2 0 7 7 8 8 8 8 8 8 7 7 7 8 7 2 7 8 0 7
split_gain=12.5946 26.8494 9.51208 8.02313 6.45216 6.40962 16.5558 7.02351 5.90904 5.57172 5.43675 10.729 5.80802 5.41598 5.29724 9.56615 8.7773 4.97823 10.3768 8.8076 11.8772 9.41219 8.87162 8.67091 7.89366 11.366 7.40328 7.52409 8.57081 7.27443
threshold=6.5000000000000009 97.500000000000014 0.78344438100000013 1.7688405962482279 0.74929210700000015 75.500000000000014 4.5000000000000009 0.88978217450000008 0.95125861605176498 14.500000000000002 2.5000000000000004 40.500000000000007 1.1182239370000002 0.94667231500000015 0.99996303200000003 1.0396849785000002 0.96648837100000018 1.1100206280000002 1.0216345210000002 1.2618163615000004 1.0413678250000002 1.0744235155000001 1.0054214725000001 1.0441878835000002 1.0934611560000003 1.0000000180025095e-35 1.1201095380000001 1.1942968215000003 33.500000000000007 0.97536380700000014
decision_type=2 2 2 10 2 2 2 2 10 2 2 2 2 2 2 2 2 2 2 2 2 2 2 2 2 2 2 2 2 2
left_child=2 -2 4 5 -1 6 10 9 -3 -7 17 -12 -13 -9 16 -16 -15 18 -4 26 22 -22 -21 -20 -23 -26 27 28 -19 -25
right_child=1 8 3 -5 -6 7 -8 13 -10 -11 11 12 -14 14 15 -17 -18 19 23 20 21 24 -24 29 25 -27 -28 -29 -30 -31
leaf_value=-0.00049933953522525172 -0.0049295329115361585 0.00072707804613108553 -1.1091419956985039e-05 0.0019797288544692207 -0.0023983895675187246 0.0026460949899819956 -0.0021469356674462372 -0.0010266712290227188 -0.0035391003198353534 0.0005451283660793838 -0.0017234394136195208 8.7632262956779958e-05 -0.0016183459717184158 0.00045921132289239441 -0.0021924766404044422 0.00043385482442219182 0.0043420157455444251 0.00040749603202536736 0.0019478450150111988 0.00033868227300485335 -0.0015441843818266854 0.0019868636988545352 0.002070301607270775 -0.00070822467649507288 0.00079805535332911628 -0.00076947239946058288 0.00090154190134565659 -0.0015044595363788939 -0.0012262659296081225 0.0011080296290487124
leaf_weight=8667 7399 12462 42446 4901 5114 5602 8755 8451 5402 6441 8545 30323 5097 10052 7344 45642 5159 10522 5740 4705 7289 4607 4533 4812 11682 15542 4504 12230 7939 9865
leaf_count=8667 7399 12462 42446 4901 5114 5602 8755 8451 5402 6441 8545 30323 5097 10052 7344 45642 5159 10522 5740 4705 7289 4607 4533 4812 11682 15542 4504 12230 7939 9865
internal_value=-0.000107904 -0.00118084 -1.94526e-05 4.0993e-05 -0.00130295 6.81821e-06 -0.000150647 0.00036036 -0.000131513 0.00148261 -5.28532e-05 -0.000540425 -0.000156669 0.000183946 0.000331918 9.5771e-05 0.00115421 9.35658e-05 0.00042967 -0.00015932 0.000278622 -0.000102236 0.00189062 0.00135577 0.000268957 -5.50883e-05 -0.000761009 -0.00103882 -0.000401413 0.000710905
internal_weight=331772 25263 306509 292728 13781 287827 199136 88691 17864 12043 190381 43965 35420 76648 68197 52986 15211 146416 62863 83553 48358 39120 9238 20417 31831 27224 35195 30691 18461 14677
internal_count=331772 25263 306509 292728 13781 287827 199136 88691 17864 12043 190381 43965 35420 76648 68197 52986 15211 146416 62863 83553 48358 39120 9238 20417 31831 27224 35195 30691 18461 14677
is_linear=0
shrinkage=0.05


Tree=84
num_leaves=31
num_cat=0
split_feature=0 2 0 4 3 4 7 7 0 2 4 2 7 7 9 7 7 7 9 4 9 9 7 2 9 7 6 7 4 2
split_gain=13.582 15.5594 22.5848 8.25454 13.4478 7.68141 5.5718 7.24895 5.07095 13.0622 4.58966 4.29486 13.1292 14.4171 7.89943 7.43385 7.88524 14.8549 9.28481 7.76416 9.08211 5.84725 5.54023 4.95768 4.64861 6.63722 4.63629 4.46601 4.17295 6.26181
threshold=117.50000000000001 6.5000000000000009 90.500000000000014 0.36763814755456808 -9.7033890364999973 1.7688405962482279 0.98794492700000014 0.94314624850000006 49.500000000000007 3.5000000000000004 0.71612826102680394 2.5000000000000004 1.1350018475000001 0.9543694155000001 29.500000000000004 0.94766751400000004 0.99308499750000012 1.0028781850000004 40.500000000000007 0.87970052935698539 43.500000000000007 31.500000000000004 0.97536380700000014 4.5000000000000009 16.500000000000004 1.0852959850000004 1.0000000180025095e-35 1.0575228460000001 0.98877495332736143 2.5000000000000004
decision_type=2 2 2 8 2 10 2 2 2 2 8 2 2 2 2 2 2 2 2 10 2 2 2 2 2 2 2 2 8 2
left_child=1 3 -3 4 -1 8 7 -4 9 10 -5 12 13 -10 -15 21 18 -18 22 -19 24 23 -17 -13 27 26 -26 -21 29 -12
right_child=-2 2 6 5 -6 -7 -8 -9 11 -11 28 15 -14 14 -16 16 17 19 -20 20 -22 -23 -24 -25 25 -27 -28 -29 -30 -31
leaf_value=-0.0023449536934286547 0.013705604141566045 -0.0059916083287099731 3.8540118542640392e-05 0.00030924638141739962 2.1525575616099248e-05 0.0018867354365851242 0.00069445099706716418 -0.003908067373087987 0.0017072832933160643 -0.0020619297822925486 -0.00038987494137113779 0.00070695903546022509 0.0026045817879630229 0.0012609256051426905 -0.00065668002825007565 -0.00029692811105704877 -0.002914914785891576 0.00095018595259758478 0.0036413523013914457 -0.0023647684821429872 -0.0022968656680670166 -0.0017820520401979597 0.0014584800527764231 -0.001212711550166476 0.00050543462362117046 -0.00053449198661426056 0.0025452420676561841 0.00026414214300426455 -1.813794800883395e-05 -0.0021383776229651043
leaf_weight=4602 4784 4792 5152 29554 7181 5016 7224 5866 9251 5142 33938 8232 6989 5507 23922 10145 7571 17700 4702 5075 8723 9186 7681 8147 6051 9413 6734 6159 52881 4736
leaf_count=4602 4784 4792 5152 29554 7181 5016 7224 5866 9251 5142 33938 8232 6989 5507 23922 10145 7571 17700 4702 5075 8723 9186 7681 8147 6051 9413 6734 6159 52881 4736
internal_value=-8.55265e-05 -0.000124207 -0.00137701 -2.93351e-05 -0.00132656 2.29519e-05 -0.000574067 -0.00128141 -1.09152e-05 -0.000248206 -0.000143357 0.000174946 0.000585399 0.000224893 -0.000316386 1.26597e-05 0.000226492 -4.41192e-05 0.00103626 0.000219888 -0.000149134 -0.000739636 0.000514553 -0.000173187 0.000225798 0.000645183 0.00138683 -0.000602812 -0.000318234 -0.000712919
internal_weight=332056 327272 23034 304238 11783 292455 18242 11018 287439 126251 121109 161188 45669 38680 29429 115519 89954 67426 22528 59855 42155 25565 17826 16379 33432 22198 12785 11234 91555 38674
internal_count=332056 327272 23034 304238 11783 292455 18242 11018 287439 126251 121109 161188 45669 38680 29429 115519 89954 67426 22528 59855 42155 25565 17826 16379 33432 22198 12785 11234 91555 38674
is_linear=0
shrinkage=0.05


Tree=85
num_leaves=31
num_cat=0
split_feature=4 3 9 3 7 7 0 5 8 8 7 7 8 8 8 7 7 7 7 8 4 7 7 7 7 3 7 6 7 7
split_gain=12.2159 20.5663 10.4395 8.47124 7.15639 5.82524 4.78824 3.29616 2.77615 13.6548 5.97316 15.6396 9.23309 8.95706 11.1474 6.53473 4.77653 10.413 7.01014 12.3357 12.7454 7.40934 7.39021 11.6674 9.68404 8.34546 5.6976 5.66412 4.87484 4.6512
threshold=0.36763814755456808 -11.582993547999999 9.5000000000000018 57.332769702000007 0.81406633500000003 1.1496716780000003 101.50000000000001 4.5000000000000009 1.3109496115000001 1.2922678700000001 1.0575228460000001 1.0812419045000001 1.3730554145000002 1.4583205875 1.5773862285000002 1.0183233475000002 1.1201095380000001 1.0999404950000002 1.0563097930000003 1.0820314650000002 1.047932569326131 1.0445113095 1.028182989 0.99967947350000008 1.0018835860000002 1.4494967760000002 1.1522298355000002 1.0000000180025095e-35 0.8943654055000001 1.0164539485000004
decision_type=8 2 2 2 2 2 2 2 2 2 2 2 2 2 2 2 2 2 2 2 10 2 2 2 2 2 2 2 2 2
left_child=1 -1 5 4 -4 -2 7 -6 9 16 15 -12 -13 -14 -15 -10 17 18 21 -20 -21 22 23 27 -25 -24 -18 -9 -29 -26
right_child=2 -3 3 -5 6 -7 -8 8 10 -11 11 12 13 14 -16 -17 26 -19 19 20 -22 -23 25 24 29 -27 -28 28 -30 -31
leaf_value=-0.0030347426884797719 -0.00076377075642739553 -5.0518159762941164e-05 -0.0018810839006859316 0.0040367587284074746 -0.0012478819699948129 0.00079853937110248025 0.0012667147343649932 0.00041612612511293667 -0.00047294353491904588 0.002103730604440432 -0.0025475185650312843 -0.0016470431034194711 0.0018102476637998355 -0.0015959646675556801 0.00078058129525369066 0.0016203519376396692 0.0023434299480793786 -0.0018991628542948031 0.0028254439779531906 -0.00097525245303222157 0.0015029031980209357 -0.0017337055528739932 6.7939581246861949e-05 -0.0027319021833114828 0.00015996036858932086 0.0025358510969193172 -0.00018166941244562585 -0.0016055095849672686 -4.6114449303981403e-05 -0.0010867840342632773
leaf_weight=4558 54013 7863 4539 4661 4577 5765 34105 49275 4895 4776 4582 6115 8283 7352 8501 5851 5312 5400 5617 7342 5778 6710 6824 5906 11656 4509 4620 5558 28244 8952
leaf_count=4558 54013 7863 4539 4661 4577 5765 34105 49275 4895 4776 4582 6115 8283 7352 8501 5851 5312 5400 5617 7342 5778 6710 6824 5906 11656 4509 4620 5558 28244 8952
internal_value=-9.25427e-05 -0.00163065 -3.27627e-05 0.000104253 6.56622e-05 -0.000628523 0.000101298 1.4598e-05 4.32654e-05 0.000137926 -0.000302464 -0.000620371 -0.00020781 0.000231971 -0.000464277 0.000727839 6.0062e-05 -9.47119e-06 7.01105e-05 0.000973082 0.000133333 -6.24809e-05 2.72887e-05 -9.84297e-05 -0.00101154 0.0012425 0.00112207 0.000193032 -0.00030541 -0.000499685
internal_weight=332139 12421 319718 259940 255279 59778 250740 216635 212058 166479 45579 34833 30251 24136 15853 10746 161703 151771 146371 18737 13120 127634 120924 109591 26514 11333 9932 83077 33802 20608
internal_count=332139 12421 319718 259940 255279 59778 250740 216635 212058 166479 45579 34833 30251 24136 15853 10746 161703 151771 146371 18737 13120 127634 120924 109591 26514 11333 9932 83077 33802 20608
is_linear=0
shrinkage=0.05


Tree=86
num_leaves=31
num_cat=0
split_feature=2 9 0 2 4 7 5 0 7 4 2 7 7 0 2 7 7 7 7 7 7 7 9 0 6 7 7 7 3 7
split_gain=12.4858 10.576 8.58518 19.2136 7.65345 5.75773 4.74023 4.07149 4.0599 3.98395 5.09992 6.53248 13.2018 4.84758 8.27971 4.377 7.77329 4.27953 13.0719 4.24492 4.23023 4.20901 5.86779 3.96948 3.44849 3.38241 3.20863 6.33136 5.33374 3.88908
threshold=7.5000000000000009 16.500000000000004 82.500000000000014 4.5000000000000009 0.63312286171054521 0.84552124650000016 10.500000000000002 116.50000000000001 1.2428445740000003 0.76621155510965255 1.0000000180025095e-35 1.0999404950000002 1.0485333710000002 62.500000000000007 2.5000000000000004 1.0640450860000004 1.0028781850000004 0.99391202600000017 0.96428644550000009 1.0107513135000004 1.1460201665000003 1.1249927920000002 23.500000000000004 31.500000000000004 1.0000000180025095e-35 0.87473695000000007 1.0758004030000003 1.0463138475000002 3.0920740135000004 0.98947461550000015
decision_type=2 2 2 2 10 2 2 2 2 8 2 2 2 2 2 2 2 2 2 2 2 2 2 2 2 2 2 2 2 2
left_child=2 -2 3 5 -5 -1 -6 25 9 10 -7 12 17 14 20 16 -16 18 -12 -19 23 22 -15 26 -24 -4 27 28 29 -11
right_child=1 -3 7 4 6 8 -8 -9 -10 13 11 -13 -14 21 15 -17 -18 19 -20 -21 -22 -23 24 -25 -26 -27 -28 -29 -30 -31
leaf_value=-0.0010599629702699677 -0.0052978005587287049 0.00063424468028442098 -0.0014384044531940367 -0.0029931324827334308 -5.5488918441691516e-05 0.00073731798291862835 -0.0024880135601823561 0.0079517486027013869 0.0012007149826524012 -0.0010592675230245985 -0.00033627558501465871 -0.0017272709173754648 0.0018807950300799626 0.0010149236023596409 -0.0020986544203085654 -0.0016658002370144754 0.00056792119856703411 -0.0017644992543252693 0.0013999580341082952 -7.0529151016596189e-05 -0.00090522306780625457 0.0017993076629927885 6.7885853953164602e-05 0.00022044816402190249 -0.0011066963042956873 0.00047818730225678843 0.00029702882473509051 -0.0019181348445849733 0.00051763552149482477 5.509155316797132e-05
leaf_weight=7859 7945 4542 4594 5110 5262 16321 5453 5320 7034 10824 16788 4536 4529 7070 6175 4775 4527 4718 5886 5742 11340 4841 16031 38245 6550 78132 9861 5809 8179 8242
leaf_count=7859 7945 4542 4594 5110 5262 16321 5453 5320 7034 10824 16788 4536 4529 7070 6175 4775 4527 4718 5886 5742 11340 4841 16031 38245 6550 78132 9861 5809 8179 8242
internal_value=-9.33046e-05 -0.00164405 -3.27201e-05 -0.000192426 -0.00187382 -6.91334e-05 -0.00111357 0.000387559 -1.89277e-05 -6.0263e-05 0.000287057 -3.25799e-06 0.000212714 -0.000202932 -0.00036777 -0.00143796 -0.000875595 -0.000133528 0.000252436 -0.0009699 -0.000188638 0.000313071 8.97795e-05 -6.22189e-05 -0.000303839 0.000301278 -0.0003923 -0.000628422 -0.000308716 -0.000766871
internal_weight=332240 12487 319753 231707 15825 215882 10715 88046 208023 200989 58520 42199 37663 142469 107977 15477 10702 33134 22674 10460 92500 34492 29651 81160 22581 82726 42915 33054 27245 19066
internal_count=332240 12487 319753 231707 15825 215882 10715 88046 208023 200989 58520 42199 37663 142469 107977 15477 10702 33134 22674 10460 92500 34492 29651 81160 22581 82726 42915 33054 27245 19066
is_linear=0
shrinkage=0.05


Tree=87
num_leaves=31
num_cat=0
split_feature=8 4 0 2 0 8 7 8 4 8 8 7 4 8 0 2 4 7 8 8 3 3 8 8 3 7 7 8 8 0
split_gain=12.787 17.8199 8.82633 15.0244 9.63187 7.50613 5.3 10.3331 16.0687 6.70107 9.02067 10.4777 9.53147 8.88812 4.97669 15.8106 7.56845 6.8753 6.01717 6.35545 5.06958 6.19253 5.22271 9.81498 4.83565 4.37881 5.61834 6.38337 6.60339 10.8289
threshold=0.78344438100000013 0.72737128769017889 113.50000000000001 6.5000000000000009 96.500000000000014 1.6712448535000004 1.2132531175000001 1.4757161485000003 0.95428110347530426 1.4435879295000003 1.3572194490000002 1.0812419045000001 1.0666091571406124 1.3380145900000002 71.500000000000014 4.5000000000000009 0.76943089093853934 0.89250176900000011 0.88416965650000012 0.83524822400000009 24.275273039000002 1.0000000180025095e-35 1.1996017105000003 1.2690178225000002 -2.9773669934999996 0.94667231500000015 0.98794492700000014 1.0796594780000002 1.0071276700000003 94.500000000000014
decision_type=2 8 2 2 2 2 2 2 8 2 2 2 8 2 2 2 8 2 2 2 2 2 2 2 2 2 2 2 2 2
left_child=1 -1 3 5 -5 6 7 9 -9 10 13 -12 -13 14 15 16 -2 -18 19 -16 21 -19 -23 -24 -3 -20 -27 28 29 -28
right_child=2 24 -4 4 -6 -7 -8 8 -10 -11 11 12 -14 -15 18 -17 17 20 25 -21 -22 22 23 -25 -26 26 27 -29 -30 -31
leaf_value=-0.0033253230945659768 0.00031694822851601194 0.0013323267886950138 0.0039484764663741626 -0.0039617801427235004 -0.00093169708497113646 0.0016392181129513573 0.001253420181265283 -0.00321646144822636 -7.0620148484196182e-05 0.0017888948401883738 -0.0020659352192401365 0.0010571465125415291 -0.0015434968213470486 0.0014882234668380789 2.9835393072169538e-05 -0.0023836432228605572 -0.0015987009773970051 -0.00048621667736928055 -0.00081240862137736409 0.0023725595577303695 -0.001408795661450868 0.00044524346747196745 -0.0014999473493846783 0.00052178408191867753 -0.0013793845780748744 0.0013847863089605896 -0.0013611003783835507 0.00057372678163546413 -0.0020586952945580717 0.0032140416201463934
leaf_weight=7919 48359 5554 13331 5683 10018 8467 9612 4825 7623 4580 6592 4971 4616 4546 4778 6638 5577 39820 9220 6245 4560 32778 7141 6118 4512 12591 6075 26101 7895 5308
leaf_count=7919 48359 5554 13331 5683 10018 8467 9612 4825 7623 4580 6592 4971 4616 4546 4778 6638 5577 39820 9220 6245 4560 32778 7141 6118 4512 12591 6075 26101 7895 5308
internal_value=-0.000102279 -0.00139869 -2.8019e-05 -8.38343e-05 -0.00158936 -8.77067e-07 -4.57834e-05 -8.73252e-05 -0.00149362 -1.85157e-05 -5.32641e-05 -0.00119485 -0.000139439 2.57748e-05 -1.76695e-05 -0.000185353 -7.55933e-05 -0.000332556 0.000306036 0.00138851 -0.000227406 -0.000141069 0.000253844 -0.000583346 -2.48238e-06 0.000128358 0.000289349 3.00216e-05 -0.000659908 0.000110862
internal_weight=332053 17985 314068 300737 15701 285036 276569 266957 12448 254509 249929 16179 9587 233750 229204 150991 144353 95994 78213 11023 90417 85857 46037 13259 10066 67190 57970 45379 19278 11383
internal_count=332053 17985 314068 300737 15701 285036 276569 266957 12448 254509 249929 16179 9587 233750 229204 150991 144353 95994 78213 11023 90417 85857 46037 13259 10066 67190 57970 45379 19278 11383
is_linear=0
shrinkage=0.05


Tree=88
num_leaves=31
num_cat=0
split_feature=4 3 0 2 0 4 0 2 4 2 0 7 7 5 0 7 2 5 2 7 7 7 0 3 7 2 7 7 7 0
split_gain=10.6588 16.7954 9.78244 12.6686 6.35339 5.36169 3.17109 10.7686 4.81515 6.49742 4.75351 3.41314 3.43341 4.1308 3.16554 3.14406 3.78738 3.51081 4.05853 5.37615 7.01772 5.41391 3.30025 2.94324 3.97467 6.69778 9.24009 5.42843 5.38749 4.13201
threshold=0.36763814755456808 -11.352440008499999 117.50000000000001 7.5000000000000009 105.50000000000001 1.7688405962482279 70.500000000000014 4.5000000000000009 0.76621155510965255 2.5000000000000004 43.500000000000007 0.88717036500000013 1.1017561920000001 4.5000000000000009 38.500000000000007 0.9455878135000001 1.0000000180025095e-35 21.500000000000004 1.0000000180025095e-35 1.0008343830000002 1.0539681675000001 1.1419238990000002 18.500000000000004 -46.226510897999994 1.0463138475000002 5.5000000000000009 0.95226128050000014 1.0607328465000003 1.0154001440000002 97.500000000000014
decision_type=8 2 2 2 2 10 2 2 8 2 2 2 2 2 2 2 2 2 2 2 2 2 2 2 2 2 2 2 2 2
left_child=1 -1 3 5 -5 6 7 8 11 14 -11 -2 13 -13 15 16 -10 18 19 -17 -21 -22 -20 -8 25 28 -27 -26 -25 -28
right_child=2 -3 -4 4 -6 -7 23 -9 9 10 -12 12 -14 -15 -16 17 -18 -19 22 20 21 -23 -24 24 27 26 29 -29 -30 -31
leaf_value=-0.0027386609866832446 -0.00057214024110464337 -8.5950248500776816e-05 0.011927182762098955 -0.0053493723110489754 -0.001451894351106109 0.0015580264894057283 0.0014898149251237726 -0.0018668824200782129 -0.001576348471750269 -0.002061744694550244 -0.0005122122349311087 -0.00048839646118435393 -0.00043627082022387189 0.00065927454637737526 0.00023093065347455091 0.001220757016758023 -0.00013243141271541137 -0.00065978211634540882 -0.0013809467474745485 -0.0010220619926727958 0.00098689064253361099 -0.00046688183788678452 -4.4723946391916906e-05 0.00048921542093051666 0.0024692044190480853 -0.0030963651950622565 -0.0011371345174488068 0.00034786339881939245 -0.00099626206286743406 0.0010887111597370437
leaf_weight=4641 6275 7779 4842 4540 6228 5025 4795 7642 5180 5127 18437 4894 6319 31941 40874 5664 5200 10085 5015 4913 6559 4938 14743 42728 6154 6888 4549 31005 11682 8357
leaf_count=4641 6275 7779 4842 4540 6228 5025 4795 7642 5180 5127 18437 4894 6319 31941 40874 5664 5200 10085 5015 4913 6559 4938 14743 42728 6154 6888 4549 31005 11682 8357
internal_value=-7.21795e-05 -0.00150905 -1.64923e-05 -5.07107e-05 -0.00173582 8.81165e-06 -1.83352e-05 -0.00014757 -6.78326e-05 -0.000231083 -0.000980101 0.00035072 0.000509164 0.000693879 -5.99703e-05 -0.000284301 -0.00107848 -0.000125429 7.64873e-05 0.000542371 8.37648e-05 0.00075965 -0.000444012 0.000186161 0.000133903 -7.74839e-05 -0.000864943 0.000555982 0.000209042 -7.5517e-05
internal_weight=333019 12420 320599 315757 10768 304989 299964 183806 176164 126735 23564 49429 43154 36835 103171 62297 10380 51917 41832 22074 16410 11497 19758 116158 111363 74204 19794 37159 54410 12906
internal_count=333019 12420 320599 315757 10768 304989 299964 183806 176164 126735 23564 49429 43154 36835 103171 62297 10380 51917 41832 22074 16410 11497 19758 116158 111363 74204 19794 37159 54410 12906
is_linear=0
shrinkage=0.05


Tree=89
num_leaves=31
num_cat=0
split_feature=2 9 4 3 5 2 4 8 8 8 8 7 3 9 7 1 8 2 1 7 8 4 7 7 7 8 7 8 8 8
split_gain=10.2732 8.97635 8.12817 10.8989 6.60875 8.34113 6.27804 4.89848 6.46376 10.8256 9.0047 13.0987 7.31537 4.81409 2.78614 2.65006 6.36479 6.24749 12.3451 9.73015 7.39445 6.28302 6.02566 17.5834 6.75506 5.80338 5.55824 7.75098 8.98652 13.4194
threshold=7.5000000000000009 15.500000000000002 0.36763814755456808 -10.703900558999999 27.500000000000004 1.5000000000000002 1.2867201414757929 1.6712448535000004 1.4992900485000002 1.4435879295000003 1.3572194490000002 1.0812419045000001 -1.5714841039999998 4.5000000000000009 0.81406633500000003 19.500000000000004 0.88978217450000008 4.5000000000000009 52.500000000000007 1.0517352690000001 0.97265127900000015 0.70792748231424296 1.1201095380000001 1.0951090540000001 1.1522298355000002 0.96220362650000013 1.0758004030000003 1.2922678700000001 1.0952802825000003 1.0586509240000002
decision_type=2 2 8 2 2 2 10 2 2 2 2 2 2 2 2 2 2 2 2 2 2 10 2 2 2 2 2 2 2 2
left_child=2 -2 3 -1 7 -6 -7 8 9 10 13 -12 -10 -4 -15 16 -16 21 19 20 -19 -17 23 26 -24 -18 27 28 29 -23
right_child=1 -3 4 -5 5 6 -8 -9 12 -11 11 -13 -14 14 15 17 25 18 -20 -21 -22 22 24 -25 -26 -27 -28 -29 -30 -31
leaf_value=-0.002172620999728586 -0.0051440174170629578 0.00034749552608380756 -0.00070624685481455454 -0.00011088860673188484 -0.00038177760554327647 0.001143868962871522 0.0052677746338548994 0.0012799228213689062 -0.002177145672024794 0.0018475207507893166 -0.0022236905257892597 -9.7692851168029734e-05 -0.00022803103716515229 -0.0010075780681426533 0.0028719773362125504 0.00055940698262575423 -0.0024717854044081335 8.4723270033357228e-05 -0.0027944310851167166 0.0016700495347106437 -0.0019481298448896624 -9.8591012241822104e-05 0.0019274993064859304 -0.0022407204245892126 -0.00010681907757468524 0.00097100679384793396 0.0010528321263404306 0.0010748406579880244 -0.0006322431762136177 0.001565223754968681
leaf_weight=4545 7611 4809 17362 7615 6029 6522 4668 7701 4573 6887 6198 10685 8604 5067 8033 31705 5297 12054 5218 5104 7408 55497 5890 7030 5918 16084 7719 6292 35996 8235
leaf_count=4545 7611 4809 17362 7615 6029 6522 4668 7701 4573 6887 6198 10685 8604 5067 8033 31705 5297 12054 5218 5104 7408 55497 5890 7030 5918 16084 7719 6292 35996 8235
internal_value=-0.000106511 -0.0015171 -5.17283e-05 -0.00131936 -1.62453e-06 0.000949983 0.00175748 -5.80341e-05 -9.19179e-05 -3.90735e-05 -9.03739e-05 -0.00120722 -0.001173 -1.36735e-05 4.73087e-05 7.36067e-05 0.000515823 6.56976e-06 -0.000659639 -0.000190265 -0.000699902 0.000127369 -2.38532e-05 -0.00012927 0.00105392 6.48789e-05 2.07703e-05 -7.35676e-05 -0.000180983 0.000175722
internal_weight=332356 12420 319936 12160 307776 17219 11190 290557 282856 269679 262792 16883 13177 245909 228547 223480 29414 194066 29784 24566 19462 164282 132577 120769 11808 21381 113739 106020 99728 63732
internal_count=332356 12420 319936 12160 307776 17219 11190 290557 282856 269679 262792 16883 13177 245909 228547 223480 29414 194066 29784 24566 19462 164282 132577 120769 11808 21381 113739 106020 99728 63732
is_linear=0
shrinkage=0.05


Tree=90
num_leaves=31
num_cat=0
split_feature=4 2 9 2 1 1 2 8 1 2 4 8 8 2 7 8 7 7 7 7 7 8 7 7 7 4 4 8 8 7
split_gain=10.9476 17.1694 8.64663 6.34042 8.4085 5.80618 4.71383 4.29242 3.84346 4.5998 3.31699 3.13182 13.6163 10.9937 6.78968 10.9653 6.60716 7.14547 4.02101 5.55599 4.35931 14.1237 10.9181 7.1561 10.0492 8.52971 6.78488 3.70804 5.6324 4.58647
threshold=0.40039526982211632 1.5000000000000002 9.5000000000000018 5.5000000000000009 20.500000000000004 11.500000000000002 6.5000000000000009 1.6712448535000004 52.500000000000007 2.5000000000000004 0.72737128769017889 1.3109496115000001 1.2922678700000001 3.5000000000000004 1.0413678250000002 1.5097159270000002 1.0852959850000004 1.1460201665000003 1.1350018475000001 1.0999404950000002 1.0563097930000003 1.1292062270000003 1.0445113095 1.0251857335000003 1.0164539485000004 1.0866353860021223 0.87675195544678564 1.1912749420000002 1.1505799880000003 0.99967947350000008
decision_type=8 2 2 2 2 2 2 2 2 2 10 2 2 2 2 2 2 2 2 2 2 2 2 2 2 10 10 2 2 2
left_child=1 -1 3 8 -5 -4 7 11 -2 -10 -8 12 18 14 -13 16 -16 -18 19 20 22 -22 23 24 27 26 -25 28 29 -7
right_child=2 -3 5 4 -6 6 10 -9 9 -11 -12 13 -14 -15 15 -17 17 -19 -20 -21 21 -23 -24 25 -26 -27 -28 -29 -30 -31
leaf_value=-0.0001431662979162876 0.0009583345320675063 -0.0028306688380161787 0.0024252399097928617 -0.00097764423962161113 -0.0036117953104850792 0.00019084466396552537 -0.0024979734078897919 0.0014297540498844576 -0.00014483154659232638 -0.0012503509576171524 -0.00011494016768373028 0.00089677003279274863 0.0021637302193383001 -0.0023280687247125066 -0.0021194482572536866 0.00096825917808648356 0.00059838821753570586 -0.0012983386714960354 0.0012932014474604349 -0.00095309360993178771 0.0023750282148744754 -0.00027441675749919904 -0.0020339652566159663 0.0011125018007473232 -0.001764946068509546 0.0023764868638299188 -0.00097957527213206048 -0.00069554777810608426 0.0015552514208976493 -0.00071340240645767494
leaf_weight=10184 8001 4791 21238 8479 4524 80540 4517 6821 30168 7189 4797 6625 5097 5513 5577 8597 8337 7127 7785 8871 9001 11176 7167 5346 7104 4534 4561 8480 5640 14431
leaf_count=10184 8001 4791 21238 8479 4524 80540 4517 6821 30168 7189 4797 6625 5097 5513 5577 8597 8337 7127 7785 8871 9001 11176 7167 5346 7104 4534 4561 8480 5640 14431
internal_value=-5.68142e-05 -0.00137767 5.55559e-06 -0.000544195 -0.00151734 0.000129497 5.87e-05 0.000103685 -0.000265084 -0.000478093 -0.00104357 6.56279e-05 0.000156269 -0.00032431 -7.9271e-06 -0.000331444 -0.000946142 -0.000413731 8.18823e-05 3.00409e-05 9.84271e-05 0.000784734 -2.08624e-06 0.000102188 -2.82917e-05 0.0011517 0.000329146 9.0402e-05 0.000175047 8.3837e-05
internal_weight=332218 14975 317243 58361 13003 258882 237644 228330 45358 37357 9314 221509 179733 41776 36263 29638 21041 15464 174636 166851 157980 20177 137803 130636 116195 14441 9907 109091 100611 94971
internal_count=332218 14975 317243 58361 13003 258882 237644 228330 45358 37357 9314 221509 179733 41776 36263 29638 21041 15464 174636 166851 157980 20177 137803 130636 116195 14441 9907 109091 100611 94971
is_linear=0
shrinkage=0.05


Tree=91
num_leaves=31
num_cat=0
split_feature=6 3 7 8 0 3 9 7 8 6 3 7 8 8 8 8 7 7 8 7 9 7 8 3 8 8 0 7 7 7
split_gain=9.64389 8.67363 7.28784 6.97916 5.05193 4.3612 5.51438 4.31255 3.44648 5.70173 5.22922 4.63387 2.91792 4.13439 13.1341 6.9627 5.14317 22.7825 9.31072 6.37191 8.01036 7.92225 4.54042 4.23414 3.8963 5.08035 11.5984 5.90921 11.5749 10.5192
threshold=2.5000000000000004 57.332769702000007 0.84552124650000016 0.77793374000000004 101.50000000000001 -29.674830943499995 14.500000000000002 0.99889278250000013 0.88204568800000016 1.0000000180025095e-35 -13.686838875499998 0.99391202600000017 1.6712448535000004 1.4757161485000003 1.5192940695000001 1.4435879295000003 1.1303612510000003 1.1460201665000003 1.3572194490000002 1.0951090540000001 28.500000000000004 1.0866460510000002 1.3989826220000003 4.1743087730000008 1.2922678700000001 1.2363020150000004 45.500000000000007 1.0563097930000003 1.0445113095 1.0654558240000001
decision_type=2 2 2 2 2 2 2 2 2 2 2 2 2 2 2 2 2 2 2 2 2 2 2 2 2 2 2 2 2 2
left_child=1 2 3 -1 5 6 -4 -8 10 -10 -6 -11 13 15 -15 16 18 -18 19 21 -21 24 -20 -16 25 27 -27 28 -7 -29
right_child=-2 -3 4 -5 8 12 7 -9 9 11 -12 -13 -14 14 23 -17 17 -19 22 20 -22 -23 -24 -25 -26 26 -28 29 -30 -31
leaf_value=-0.002386093159701376 -0.0028951304250239215 0.0033968049948419677 -0.0024404236873195543 -2.2082285617817943e-05 0.004024222968209634 -3.2194431317328354e-06 0.00030691426282788569 -0.0017642823978474083 0.0023854033868214719 -0.0021367095211225098 0.00027270277158852608 0.00069031989627798553 0.00084742530327442951 -0.0028576804123840479 -0.00061911159099511395 0.0017992940689827764 0.0034576523477353686 -0.00029880458067351736 -0.0019269075008531145 -0.00014369667902594809 -0.0022293571223702402 0.0015225266143015449 -0.00029970880605351136 0.00095441326960461759 0.00071974062727901136 -0.0018040189345402858 0.0003743851337755788 0.002244278740143474 -0.0023998979721975068 -4.3683124733429059e-05
leaf_weight=5760 7106 5059 4851 5444 5290 129558 9874 4683 11261 6747 5386 11723 7955 4610 6233 4715 6083 15228 5648 8240 4648 4700 4651 5016 9208 5865 5525 5195 6671 9031
leaf_count=5760 7106 5059 4851 5444 5290 129558 9874 4683 11261 6747 5386 11723 7955 4610 6233 4715 6083 15228 5648 8240 4648 4700 4651 5016 9208 5865 5525 5195 6671 9031
internal_value=-6.64219e-05 -2.65497e-05 -5.90596e-05 -0.00131145 -1.35693e-05 -9.20979e-05 -0.000813888 -0.00032705 0.000507584 0.000230781 0.00127797 -0.000309878 -3.57739e-05 -6.6904e-05 -0.000847044 -1.18904e-05 -5.26092e-05 0.000685518 -0.000131695 -5.17504e-05 -0.00112464 2.69547e-05 -0.00159525 7.4418e-05 -2.87183e-05 -8.56503e-05 -0.00110355 -8.55709e-06 -0.000109829 0.00096093
internal_weight=331964 324858 319799 11204 308595 268188 19408 14557 40407 29731 10676 18470 248780 240825 15859 224966 220251 21311 198940 188641 12888 175753 10299 11249 171053 161845 11390 150455 136229 14226
internal_count=331964 324858 319799 11204 308595 268188 19408 14557 40407 29731 10676 18470 248780 240825 15859 224966 220251 21311 198940 188641 12888 175753 10299 11249 171053 161845 11390 150455 136229 14226
is_linear=0
shrinkage=0.05


Tree=92
num_leaves=31
num_cat=0
split_feature=2 0 0 2 0 7 7 0 7 2 7 7 7 7 7 7 9 7 7 9 9 3 7 3 2 5 7 3 9 7
split_gain=9.20691 8.91052 6.48742 5.86448 15.7378 5.49332 5.44072 13.0812 12.9926 12.181 11.4705 8.17515 20.3463 13.2762 15.2449 8.55622 12.6269 8.63287 6.8159 13.8491 5.69994 7.82691 5.34131 5.07868 4.78826 4.57754 3.9521 4.42252 3.81583 8.07783
threshold=7.5000000000000009 106.50000000000001 110.50000000000001 2.5000000000000004 44.500000000000007 1.0054214725000001 1.1350018475000001 60.500000000000007 1.0934611560000003 1.0000000180025095e-35 1.0758004030000003 1.0423911465000002 1.0310529730000002 1.0504484700000003 1.0584166585000003 0.99967947350000008 27.500000000000004 0.98947461550000015 0.9543694155000001 31.500000000000004 26.500000000000004 -4.3715272484999987 1.0100786505000003 -3.2571924589999997 6.5000000000000009 14.500000000000002 0.86021239400000005 -14.202976339499999 43.500000000000007 1.0243316185000002
decision_type=2 2 2 2 2 2 2 2 2 2 2 2 2 2 2 2 2 2 2 2 2 2 2 2 2 2 2 2 2 2
left_child=2 -2 3 6 5 -5 8 23 10 -10 11 12 15 -13 -15 17 22 18 19 -1 21 -20 -17 -8 26 -21 -6 -28 -29 -30
right_child=1 -3 -4 4 24 -7 7 -9 9 -11 -12 13 -14 14 -16 16 -18 -19 20 25 -22 -23 -24 -25 -26 -27 27 28 29 -31
leaf_value=-5.4471754657681175e-05 -0.0053746385021208685 -0.00057160949184345002 0.0025466955081115128 -0.0023501415775016412 -0.001381225625020824 -0.00058393615247412107 0.0016106147851795789 0.0033115479292041231 0.00033158558089368961 -0.00192409990313962 0.0014488963885993967 -0.0025768753342678809 0.0021019145127258443 0.0021390807420417187 -0.0011115326820446802 -0.00075084247269373858 -0.001883365000411222 0.0015417110851602524 0.00088847219702740954 0.0022541854388147681 -0.0012132984071170584 -0.000752917359150021 0.0005052018230463529 -0.00010714860687477401 -0.0013696554578925824 0.00093088641502883933 0.00037616054801003915 -7.1845790110869337e-05 0.00055654205003575769 -0.0030933987264931575
leaf_weight=27276 5162 7309 17414 7265 5690 5678 4528 4915 5200 10215 9349 5341 7121 4980 9855 6508 8178 7303 5578 4891 8173 8418 8509 17537 8805 5310 40028 53929 5109 6217
leaf_count=27276 5162 7309 17414 7265 5690 5678 4528 4915 5200 10215 9349 5341 7121 4980 9855 6508 8178 7303 5578 4891 8173 8418 8509 17537 8805 5310 40028 53929 5109 6217
internal_value=-7.32001e-05 -0.0014057 -2.11383e-05 -7.52705e-05 -0.00032407 -0.00198004 0.00011991 0.000770799 -3.60383e-06 -0.00137403 0.000163058 2.8843e-05 0.00021885 -0.000886973 -0.000117082 1.55298e-05 -0.000811961 0.00030226 0.000103519 0.00051458 -0.000591346 2.1427e-05 4.90947e-05 0.000250906 -0.000145054 0.00208578 -5.59796e-05 1.34156e-05 -0.000240385 -0.00107449
internal_weight=331791 12471 319320 301906 132721 12943 169185 26980 142205 15415 126790 117441 97265 20176 14835 90144 23195 66949 59646 37477 22169 13996 15017 22065 119778 10201 110973 105283 65255 11326
internal_count=331791 12471 319320 301906 132721 12943 169185 26980 142205 15415 126790 117441 97265 20176 14835 90144 23195 66949 59646 37477 22169 13996 15017 22065 119778 10201 110973 105283 65255 11326
is_linear=0
shrinkage=0.05


Tree=93
num_leaves=31
num_cat=0
split_feature=4 3 9 0 2 7 2 7 0 8 8 7 7 7 7 0 7 7 8 9 7 8 7 8 0 7 7 8 8 3
split_gain=9.12548 13.0734 7.27101 6.89462 6.00972 5.44635 3.26204 9.32956 6.93027 7.67323 4.95415 13.3037 7.90654 10.431 4.93327 10.8611 9.199 10.6025 8.97309 7.19835 8.67862 23.925 14.7729 9.80965 7.30194 6.94507 13.8609 4.56393 12.4222 8.39062
threshold=0.38556450163460065 -14.455859143999998 6.5000000000000009 114.50000000000001 5.5000000000000009 0.81406633500000003 2.5000000000000004 0.89637365600000007 69.500000000000014 0.89565229550000003 1.0260839095000003 0.98398051450000013 1.0028781850000004 1.0517352690000001 1.1350018475000001 61.500000000000007 1.0920774425000002 1.0769784025000002 1.429914388 24.500000000000004 0.9543694155000001 0.97265127900000015 0.99967947350000008 1.1208789765000002 43.500000000000007 1.028182989 1.0575228460000001 1.1667312910000003 1.3288227880000003 6.2401220540000013
decision_type=8 2 2 2 2 2 2 2 2 2 2 2 2 2 2 2 2 2 2 2 2 2 2 2 2 2 2 2 2 2
left_child=1 -1 4 5 -2 -4 7 -7 9 -8 11 -11 -12 -14 16 18 17 19 -16 24 -21 -22 23 -23 -9 -24 -27 -10 29 -29
right_child=2 -3 3 -5 -6 6 8 14 27 10 12 -13 13 -15 15 -17 -18 -19 -20 20 21 22 25 -25 -26 26 -28 28 -30 -31
leaf_value=-0.002552328840810858 -0.00025054265516626095 -0.00013637708944582163 -0.0015666832549033006 0.0050474632739421106 -0.0030510645188753295 0.0013445530277598095 -0.0019751603972446826 0.0001721425262455889 -8.209091412032522e-05 0.0017086370277043879 -0.0020361765510175491 -0.0013003934860268476 0.0010081066106629177 -0.00092381785270529153 0.0010184679429902199 0.0031653853730698456 -0.0010119063763177839 0.0014724800685002788 -0.00082023405524569439 0.00070163686728893506 -0.0032496426101337739 0.0021401896838509796 -0.0018732422756935652 -0.00017282302646821901 0.0015363917759027958 0.00086489884401606267 -0.0018893570519799064 0.002718221473041202 -0.0010452051162226251 0.00028891163292634749
leaf_weight=4509 27928 9145 4753 10119 8172 8850 6468 37265 68233 5846 5691 4598 5945 10702 8613 4816 13277 6926 8799 9241 4713 4513 7969 4516 4615 7654 4956 8366 8586 6011
leaf_count=4509 27928 9145 4753 10119 8172 8850 6468 37265 68233 5846 5691 4598 5945 10702 8613 4816 13277 6926 8799 9241 4713 4513 7969 4516 4615 7654 4956 8366 8586 6011
internal_value=-4.68279e-05 -0.00131232 7.50442e-06 9.30256e-05 -0.000660573 4.53247e-05 7.51851e-05 0.000245835 -0.000103679 -0.000659152 -0.000348461 0.000550292 -0.000768697 -0.000218442 0.000137142 0.000814105 -5.32418e-06 0.000171587 0.000232531 1.90176e-05 -0.000430945 -0.000797136 -0.000270152 0.00141549 0.000487048 -0.00100989 -0.000279429 0.000135415 0.000745058 0.00164355
internal_weight=331795 13654 318141 282041 36100 271922 267169 136723 130446 39250 32782 10444 22338 16647 127873 22228 105645 92368 17412 85442 43562 34321 29608 9029 41880 20579 12610 91196 22963 14377
internal_count=331795 13654 318141 282041 36100 271922 267169 136723 130446 39250 32782 10444 22338 16647 127873 22228 105645 92368 17412 85442 43562 34321 29608 9029 41880 20579 12610 91196 22963 14377
is_linear=0
shrinkage=0.05


Tree=94
num_leaves=31
num_cat=0
split_feature=4 3 9 3 2 1 2 8 1 8 8 2 8 2 8 1 3 3 8 8 8 8 8 2 1 8 8 8 2 8
split_gain=9.14824 12.2683 8.06995 6.21873 6.13158 2.59397 4.50271 3.52606 2.58729 2.78158 12.7489 13.3372 12.5133 32.3542 8.80216 7.70736 6.79523 6.73972 5.72293 6.49648 4.13099 11.9179 4.60472 5.18971 10.0146 8.85368 10.6796 7.12577 7.89549 7.24714
threshold=0.36763814755456808 -12.024442542499999 9.5000000000000018 57.332769702000007 7.5000000000000009 50.500000000000007 2.5000000000000004 0.89565229550000003 5.5000000000000009 0.94232026850000017 0.91975546850000012 3.5000000000000004 0.86540467600000015 1.5000000000000002 0.98373178200000011 47.500000000000007 -6.1002532549999993 -17.286409209999995 0.88416965650000012 0.80894011650000008 1.0000014820000003 0.99996303200000003 1.0117252615000003 1.5000000000000002 85.500000000000014 1.0771584090000001 1.1232906845000004 1.0586509240000002 5.5000000000000009 1.0843950875000001
decision_type=8 2 2 2 2 2 2 2 2 2 2 2 2 2 2 2 2 2 2 2 2 2 2 2 2 2 2 2 2 2
left_child=1 -1 4 8 5 7 -7 -2 -4 10 11 12 16 -14 17 18 -10 -11 19 -13 21 -16 -22 25 27 -24 -27 -25 29 -29
right_child=2 -3 3 -5 -6 6 -8 -9 9 14 -12 15 13 -15 20 -17 -18 -19 -20 -21 22 -23 23 24 -26 26 -28 28 -30 -31
leaf_value=-0.0024303678473873908 0.0018011215543220133 -0.00012268944382863022 0.0034468546472048059 0.0031963058515922073 -0.004198028217290351 -0.00022294776478125612 -0.0012380347460186542 -0.00054749429889781604 -0.0010127919124814186 0.0021060181227300135 -0.0019118191421422682 -0.0010344623284321453 -0.00045572815334674613 0.0039518405534793273 0.00037295301603511299 -0.0022365471759616799 0.00092245800943385476 0.0004915137766924538 -0.00202656858925675 0.0013092377722278448 0.0014649363027376074 -0.0029415381678478819 0.0017737367605734024 -0.0010318058982533242 -0.0015397731810434913 -0.0010517224738510412 0.00034510878178531937 0.0012933075251262195 0.0023705793871123928 -8.4684567382237186e-05
leaf_weight=4522 5406 7946 8244 4617 4837 31411 8414 9674 7696 5501 9183 6986 4581 4963 6856 4704 6616 12570 5033 8084 4907 4810 7515 13393 7117 5947 44940 5709 4855 65328
leaf_count=4522 5406 7946 8244 4617 4837 31411 8414 9674 7696 5501 9183 6986 4581 4963 6856 4704 6616 12570 5033 8084 4907 4810 7515 13393 7117 5947 44940 5709 4855 65328
internal_value=-3.44872e-05 -0.00136294 1.731e-05 0.000137656 -0.00050672 -0.000356265 -0.000567725 0.000202188 0.000104777 7.57181e-05 -0.00022774 9.47748e-05 0.00093877 0.00234056 0.000168379 -0.000716891 3.49235e-06 0.00121777 -0.000290307 0.000197347 5.76928e-05 -0.000850398 0.000124048 7.6223e-05 -0.000149107 0.000448148 0.000211477 -5.17975e-06 0.000182484 4.90907e-05
internal_weight=332365 12468 319897 260155 59742 54905 39825 15080 255538 247294 57846 48663 23856 9544 189448 24807 14312 18071 20103 15070 171377 11666 159711 154804 96402 58402 50887 89285 75892 71037
internal_count=332365 12468 319897 260155 59742 54905 39825 15080 255538 247294 57846 48663 23856 9544 189448 24807 14312 18071 20103 15070 171377 11666 159711 154804 96402 58402 50887 89285 75892 71037
is_linear=0
shrinkage=0.05


Tree=95
num_leaves=31
num_cat=0
split_feature=6 7 2 0 0 2 3 0 9 4 7 2 3 4 3 7 9 6 9 2 0 7 7 7 7 7 7 7 7 7
split_gain=7.60575 7.61833 8.21754 15.5229 11.1811 7.83967 7.82178 6.58224 5.73786 5.44251 4.77336 3.76945 7.57262 3.51682 3.23434 3.21965 3.06423 4.46525 3.81587 3.44907 4.51504 2.8195 2.58676 10.082 14.0714 6.95494 6.62548 9.31408 5.01639 13.2462
threshold=1.0000000180025095e-35 1.0028781850000004 5.5000000000000009 91.500000000000014 49.500000000000007 2.5000000000000004 -5.9303463359999986 112.50000000000001 30.500000000000004 1.2803134669781076 0.90684916650000014 3.5000000000000004 -12.250087273999998 0.7944594209416459 29.446888422000004 1.1460201665000003 9.5000000000000018 1.5000000000000002 31.500000000000004 1.5000000000000002 43.500000000000007 1.0896763150000002 0.89637365600000007 0.94667231500000015 0.95619744050000011 0.87209273600000004 0.96905717250000001 0.98203505650000011 0.98947461550000015 0.99967947350000008
decision_type=2 2 2 2 2 2 2 2 2 10 2 2 2 10 2 2 2 2 2 2 2 2 2 2 2 2 2 2 2 2
left_child=7 2 4 -4 5 10 -5 14 11 15 -2 -6 -13 -12 22 16 -3 18 19 -18 -21 -16 25 -24 -25 -1 -26 -28 -29 -30
right_child=1 9 3 6 8 -7 -8 -9 -10 -11 13 12 -14 -15 21 -17 17 -19 -20 20 -22 -23 23 24 26 -27 27 28 29 -31
leaf_value=-0.00016367537861739501 -0.0015449173003078437 -0.00020436927942151797 -0.0040029131719244663 0.0001113792665985644 0.0013198415587799607 -0.0019103827350852517 -0.004906078800206954 0.0055691642016380107 -0.00085930443048608533 -0.0011937927126472654 0.00055907450639388766 0.0013141408365746844 -0.0009164403931990029 -0.00077053994453192835 0.00033043267028314005 -0.00072779023519565784 0.0014996962319515335 0.0018657757463566517 -0.00070341578001963676 -0.00075840834837354607 0.00068207657497105785 0.002719729501966145 -0.00088629762725782747 0.0019534228472013028 -0.00092226193842096524 0.0016419412001163259 0.0014787806915999625 -0.0011620881454167508 0.0018626008286840329 -4.1627610054520429e-05
leaf_weight=9312 4759 14268 6345 12214 7775 7192 5423 5195 7993 10870 6978 7449 6941 7076 5506 9060 5602 5045 7680 4506 18796 4623 19492 5369 7526 5875 8959 5077 7142 91984
leaf_count=9312 4759 14268 6345 12214 7775 7192 5423 5195 7993 10870 6978 7449 6941 7076 5506 9060 5602 5045 7680 4506 18796 4623 19492 5369 7526 5875 8959 5077 7142 91984
internal_value=-3.29783e-05 -0.000287222 -0.000627105 -0.0014018 -0.00029621 -0.00105584 -0.000638391 0.000192259 0.000358883 7.20342e-05 -0.000518785 0.000773004 0.000293505 -5.51248e-05 0.000138921 0.000245336 0.000387061 0.000603773 0.000411326 0.00067453 0.00040653 0.00100528 8.42971e-05 1.94945e-05 0.000183144 0.000705141 7.16694e-05 0.000167231 3.41864e-05 0.00011273
internal_weight=332032 155972 80145 23982 56163 26005 17637 176060 30158 75827 18813 22165 14390 14054 170865 64957 55897 41629 36584 28904 23302 10129 160736 145549 126057 15187 120688 113162 104203 99126
internal_count=332032 155972 80145 23982 56163 26005 17637 176060 30158 75827 18813 22165 14390 14054 170865 64957 55897 41629 36584 28904 23302 10129 160736 145549 126057 15187 120688 113162 104203 99126
is_linear=0
shrinkage=0.05


Tree=96
num_leaves=31
num_cat=0
split_feature=0 2 9 7 0 2 8 0 7 8 8 8 3 7 8 3 0 8 8 8 8 7 7 2 7 3 7 9 3 7
split_gain=9.00207 10.5475 7.06784 4.37112 4.58186 11.4153 7.36058 7.80152 3.63214 3.54101 4.07836 3.34382 13.2092 7.80811 4.54659 3.86577 3.30289 6.39297 7.0594 10.8733 6.52028 6.02707 17.0337 5.78196 4.96089 4.99396 4.45352 4.49613 6.76924 6.36428
threshold=117.50000000000001 7.5000000000000009 13.500000000000002 0.81406633500000003 89.500000000000014 4.5000000000000009 1.1126193215000002 66.500000000000014 0.99693670000000012 0.77793374000000004 0.82440334850000008 0.88978217450000008 2.9156208245000004 0.94443998950000008 0.8176335815000001 -23.049473060499995 38.500000000000007 1.5773862285000002 0.91975546850000012 0.94862549100000015 0.88734975450000009 0.99308499750000012 0.97754740050000011 2.5000000000000004 1.0107513135000004 14.998353170000001 1.1522298355000002 25.500000000000004 1.0000000180025095e-35 1.0517352690000001
decision_type=2 2 2 2 2 2 2 2 2 2 2 2 2 2 2 2 2 2 2 2 2 2 2 2 2 2 2 2 2 2
left_child=1 3 -3 -1 5 9 7 -7 -9 -5 -11 12 14 -13 -6 -15 23 18 20 -20 -18 22 -21 -12 -23 26 27 29 -29 -26
right_child=-2 2 -4 4 11 6 -8 8 -10 10 16 13 -14 15 -16 -17 17 -19 19 21 -22 24 -24 -25 25 -27 -28 28 -30 -31
leaf_value=-0.0011572006461235851 0.010888430132411997 -0.0052579532041101169 -0.00053044545053577703 -0.0011589748354631142 0.0012611512616192368 -0.003543721040080672 0.00054241961143612909 -0.00033044829885918729 -0.0017943314941321843 0.0010803283108562754 -8.7249560209520799e-05 -0.0018599178072944646 -0.0020545593987841226 -0.00095712871536975943 0.0037293026190129588 0.00084443827736260248 0.00023242603658650831 0.0015483857716447197 -0.0017612973950964644 -7.4038386926475469e-06 0.0021031306463581215 -0.0013585734665530148 0.001975490433002916 -0.0012077909986554281 0.0016689836162820161 -0.00077341965329781603 -0.00081139881628508332 -0.00051651778955167933 0.0008304258835362899 0.00026386805532428725
leaf_weight=6229 4827 5939 5087 4722 4869 4815 4525 7586 4633 5494 96404 4986 4656 6359 4903 39190 6517 6436 4836 19312 4650 9853 5990 6679 5041 13634 4750 12699 9801 7080
leaf_count=6229 4827 5939 5087 4722 4869 4815 4525 7586 4633 5494 96404 4986 4656 6359 4903 39190 6517 6436 4836 19312 4650 9853 5990 6679 5041 13634 4750 12699 9801 7080
internal_value=-5.99236e-05 -9.15146e-05 -0.00161137 -3.85673e-05 -1.22413e-05 -0.000111066 -0.00120977 -0.00168584 -0.00101338 -5.24781e-06 2.39528e-05 0.000361139 0.00103236 0.00016942 0.0020763 0.000375104 -1.06464e-05 0.00017913 8.45989e-05 -5.80639e-05 0.00127215 6.86213e-05 0.000720156 -0.000214259 -0.000193675 -2.12224e-06 0.000283485 0.000480492 6.22084e-05 0.0012566
internal_weight=332502 327675 11026 316649 310420 245457 21559 17034 12219 223898 219176 64963 14428 50535 9772 45549 213682 110599 104163 92996 11167 88160 25302 103083 62858 53005 39371 34621 22500 12121
internal_count=332502 327675 11026 316649 310420 245457 21559 17034 12219 223898 219176 64963 14428 50535 9772 45549 213682 110599 104163 92996 11167 88160 25302 103083 62858 53005 39371 34621 22500 12121
is_linear=0
shrinkage=0.05


Tree=97
num_leaves=31
num_cat=0
split_feature=2 9 5 3 7 2 0 2 3 8 3 7 3 2 8 7 7 8 8 8 8 8 8 8 3 8 7 7 2 7
split_gain=6.46737 6.35345 5.39264 5.32838 4.12729 4.00551 3.5229 8.19317 10.4711 5.19399 7.41941 5.41358 6.61406 6.1696 5.82637 4.93459 5.45351 4.41117 7.11082 4.63818 3.80392 13.4603 11.3729 5.74926 5.85239 4.11516 11.0853 16.2914 10.2591 9.99741
threshold=7.5000000000000009 16.500000000000004 29.500000000000004 33.993690428000008 0.84552124650000016 2.5000000000000004 89.500000000000014 3.5000000000000004 -13.432584267999998 0.88978217450000008 -2.8488577389999996 0.94443998950000008 -8.7444052459999977 5.5000000000000009 0.98373178200000011 0.97919752400000004 1.0640450860000004 0.91975546850000012 0.98186433550000007 1.1208789765000002 0.91975546850000012 0.89784091200000005 0.94232026850000017 0.87664883000000005 -4.6680788494999996 1.0952802825000003 1.0350312120000003 0.99967947350000008 1.0000000180025095e-35 1.0054214725000001
decision_type=2 2 2 2 2 2 2 2 2 2 2 2 2 2 2 2 2 2 2 2 2 2 2 2 2 2 2 2 2 2
left_child=2 -2 4 -4 5 -1 7 20 17 10 -8 -11 14 -14 -13 -10 -17 -9 -19 -20 21 23 -22 24 -6 26 27 28 -24 -29
right_child=1 -3 3 -5 6 -7 9 8 15 11 -12 12 13 -15 -16 16 -18 18 19 -21 22 -23 25 -25 -26 -27 -28 29 -30 -31
leaf_value=-7.675332639870692e-05 -0.0039660780892936901 0.00067501582210690583 0.00012309610313446795 0.0040758007428609274 -0.00048524198104901164 -0.0019211772049888512 0.0025812056655329708 -0.00096819028227840146 -0.0025814851702637867 -0.0018550328253855665 -0.00042012302824592231 0.00092033612857889135 0.00045170028547083521 0.0041606601656635767 -0.0018788171989871261 -0.00010116896977512836 -0.0020180236776116247 0.0017792455908927974 -0.00092109238672225544 0.00061444257227983863 -0.0020008085353499629 0.002343802962911948 0.0016835055177206655 -0.0011442651373459428 0.0012908161821790554 -0.00012629275665843875 0.0015850315025502494 -0.0025088029721624717 0.00010750002246682767 -0.00010322574403444918
leaf_weight=5464 8025 4509 6609 4852 7583 5670 8501 8448 5583 4692 5503 4561 23605 5678 8971 7015 6333 4555 6979 5449 5865 4928 7224 4628 7253 111788 9050 5475 20119 7080
leaf_count=5464 8025 4509 6609 4852 7583 5670 8501 8448 5583 4692 5503 4561 23605 5678 8971 7015 6333 4555 6979 5449 5865 4928 7224 4628 7253 111788 9050 5475 20119 7080
internal_value=-8.0384e-05 -0.00119427 -3.66627e-05 0.00102804 -7.62975e-05 -0.00102119 -4.08427e-05 -0.000128898 -0.000740979 0.000296061 0.00114212 4.65672e-05 0.000223319 0.000645742 -0.0006907 -0.00163115 -0.00110837 -7.81373e-05 0.000386302 -0.00023325 1.32855e-05 0.000596385 -7.21012e-05 5.13637e-06 0.000485143 6.84331e-06 0.000389149 3.06994e-05 0.000715317 -0.00145999
internal_weight=331995 12534 319461 11461 308000 11134 296866 235355 44362 61511 14004 47507 42815 29283 13532 18931 13348 25431 16983 12428 190993 24392 166601 19464 14836 160736 48948 39898 27343 12555
internal_count=331995 12534 319461 11461 308000 11134 296866 235355 44362 61511 14004 47507 42815 29283 13532 18931 13348 25431 16983 12428 190993 24392 166601 19464 14836 160736 48948 39898 27343 12555
is_linear=0
shrinkage=0.05


Tree=98
num_leaves=31
num_cat=0
split_feature=2 9 8 0 4 3 7 8 8 4 8 7 4 8 8 8 3 0 8 4 7 7 7 7 8 8 8 9 8 7
split_gain=6.93448 8.07993 5.8043 5.41175 4.44023 7.17229 4.11763 7.21391 12.6611 11.1019 4.31176 8.21589 7.30672 5.46075 6.10014 14.7063 5.98991 4.59535 5.44046 8.13393 6.76086 19.3529 9.9325 9.9822 8.92296 6.36347 6.02775 10.7398 6.50703 7.44798
threshold=7.5000000000000009 16.500000000000004 1.6712448535000004 114.50000000000001 0.31590727960229092 -6.2613083744999996 1.2428445740000003 1.4757161485000003 1.4435879295000003 0.95428110347530426 1.3572194490000002 1.0812419045000001 1.1251459890337869 1.3380145900000002 1.3109496115000001 1.2922678700000001 46.633597832000007 51.500000000000007 1.1667312910000003 0.8738568205984002 0.98203505650000011 0.97536380700000014 1.0563097930000003 1.0984745745000002 0.88978217450000008 1.2526022160000003 0.8314545940000001 29.500000000000004 0.87945863200000007 0.90684916650000014
decision_type=2 2 2 2 8 2 2 2 2 8 2 2 8 2 2 2 2 2 2 10 2 2 2 2 2 2 2 2 2 2
left_child=2 -2 3 4 5 -1 7 8 10 -9 13 -12 -13 14 15 16 17 -6 20 -20 21 26 24 -24 -22 -21 27 -19 -28 -30
right_child=1 -3 -4 -5 6 -7 -8 9 -10 -11 11 12 -14 -15 -16 -17 -18 18 19 25 22 -23 23 -25 -26 -27 28 -29 29 -31
leaf_value=-0.0020340582089235604 -0.0040573323349739039 0.00085205512499832723 0.0012926580259095656 0.0041769520768074166 -0.00022783094224811953 0.00010718058303819944 0.0012744594399642319 -0.0024358396842088653 0.00252439370881038 -0.00017334069638825779 -0.0015833457554225328 0.0010174543522828761 -0.0014498467662258042 0.0011037160656436563 -0.00097642311384716631 0.00191956493085583 -0.0026024531908144578 0.0002522863891877364 0.001981827500918232 0.0008389873039207574 0.0010140409118924443 0.0037316703468735059 0.0019395936734616038 -0.0014096265812764742 -0.0012014278370858973 -0.0011093058179846378 0.0016918717355431656 -0.0023195683856903292 -0.0012360899340070884 0.00050743889448729991
leaf_weight=4558 7998 4542 8690 9085 100158 4750 5352 5028 4647 8719 6392 5956 4526 4666 7142 6054 4591 8683 6272 12365 5266 4590 9545 5012 32998 4640 6903 4953 6460 21822
leaf_count=4558 7998 4542 8690 9085 100158 4750 5352 5028 4647 8719 6392 5956 4526 4666 7142 6054 4591 8683 6272 12365 5266 4590 9545 5012 32998 4640 6903 4953 6460 21822
internal_value=-7.4428e-05 -0.00122758 -2.91954e-05 -6.48024e-05 -0.000100976 -0.00117578 -6.67817e-05 -9.23822e-05 -3.62238e-05 -0.00120982 -8.09483e-05 -0.000854612 7.15171e-06 -2.91522e-05 -6.11212e-05 -1.83091e-05 -8.12121e-05 -4.54452e-05 0.000151238 0.000843463 -4.70646e-07 0.000396183 -0.000401554 0.000709896 -0.000824427 0.000275573 0.000104197 -0.000788065 0.000450057 0.00011401
internal_weight=332363 12540 319823 311133 302048 9308 292740 287388 273641 13747 268994 16874 10482 252120 247454 240312 234258 229667 129509 23277 106232 53411 52821 14557 38264 17005 48821 13636 35185 28282
internal_count=332363 12540 319823 311133 302048 9308 292740 287388 273641 13747 268994 16874 10482 252120 247454 240312 234258 229667 129509 23277 106232 53411 52821 14557 38264 17005 48821 13636 35185 28282
is_linear=0
shrinkage=0.05


Tree=99
num_leaves=31
num_cat=0
split_feature=4 0 6 8 8 8 4 7 7 5 7 4 7 8 3 8 4 7 8 8 8 7 8 7 7 7 6 3 7 7
split_gain=7.11586 6.21463 7.18587 4.86253 4.63097 6.03824 2.49906 2.75669 16.5752 9.08728 6.08109 13.6331 13.3357 11.2145 10.628 12.082 8.83865 7.56074 5.58452 19.7382 6.56132 37.1997 8.43068 12.6429 7.70819 12.9102 6.1147 5.76913 12.6505 5.34363
threshold=1.9872758246888045 117.50000000000001 2.5000000000000004 0.69131934800000006 0.74929210700000015 0.77793374000000004 1.6534265709003368 1.0028781850000004 0.99967947350000008 11.500000000000002 0.97536380700000014 1.2399721071032637 0.98106093850000009 1.1831267190000003 1.7695376100000002 1.0663997850000002 0.79744675805708798 0.98947461550000015 1.3109496115000001 1.2922678700000001 1.2363020150000004 1.0731915865000003 1.1831267190000003 1.0801551885000003 1.0984745745000002 1.0801551885000003 1.0000000180025095e-35 11.512596165000001 1.1585803860000001 1.0132845280000002
decision_type=8 2 2 2 2 2 10 2 2 2 2 10 2 2 2 2 10 2 2 2 2 2 2 2 2 2 2 2 2 2
left_child=1 2 3 -1 -5 -6 7 8 10 -10 11 13 -12 16 15 17 -7 -14 19 20 22 -22 24 -24 25 29 -26 -20 -29 -9
right_child=-2 -3 -4 4 5 6 -8 18 9 -11 12 -13 14 -15 -16 -17 -18 -19 27 -21 21 -23 23 -25 26 -27 -28 28 -30 -31
leaf_value=-0.0020693961063604493 0.0014470347676108386 0.0088715110968153824 -0.0027039140702924016 0.0013714248136499796 -0.0017437502817789219 0.0002143867263501409 -0.0012548626252142565 0.00084472166671608901 -0.0031045896893742292 -0.00096423748825236752 0.0020239069811088584 0.0017631635213273629 -0.0017529069583394064 -0.0017652229490052519 -0.0016773490799384507 0.0014755649445521769 -0.0007098574039270056 0.00088227728762441116 -1.7612163953359407e-05 0.0025618702198857701 -0.0026026289712899804 0.0014669501628884363 0.0022776835078133773 -0.00023089734283439079 -0.0019376576437641652 0.0021722496329771857 -3.4054408950656703e-06 -0.0023396729909875209 0.00091405373057390775 -0.00019180811146667922
leaf_weight=4667 5515 4870 6557 5751 4716 37059 4988 10380 4772 5772 8237 6704 5331 6477 7605 7373 39223 5441 39770 5111 7272 8389 9401 7334 5112 6101 5472 8046 5886 42448
leaf_count=4667 5515 4870 6557 5751 4716 37059 4988 10380 4772 5772 8237 6704 5331 6477 7605 7373 39223 5441 39770 5111 7272 8389 9401 7334 5112 6101 5472 8046 5886 42448
internal_value=-7.50486e-05 -0.000105166 -0.00013204 -9.79059e-05 -7.37888e-05 -0.000100353 -7.24036e-05 -5.361e-05 -0.000221084 -0.00212342 -5.85233e-05 -0.000274819 0.000510782 -0.000450528 -4.9505e-05 0.000608127 -0.000280847 -0.000459311 8.60154e-05 0.000294791 0.000142645 -0.000798704 0.000313612 0.00132094 7.10248e-05 0.000294185 -0.00117103 -0.000330031 -0.00120542 4.2587e-05
internal_weight=331780 326265 321395 314838 310171 304420 299704 294716 133994 10544 123450 89463 33987 82759 25750 18145 76282 10772 160722 107020 101909 15661 86248 16735 69513 58929 10584 53702 13932 52828
internal_count=331780 326265 321395 314838 310171 304420 299704 294716 133994 10544 123450 89463 33987 82759 25750 18145 76282 10772 160722 107020 101909 15661 86248 16735 69513 58929 10584 53702 13932 52828
is_linear=0
shrinkage=0.05


Tree=100
num_leaves=31
num_cat=0
split_feature=0 6 8 8 9 5 5 7 8 3 8 8 7 8 9 3 8 8 8 8 8 3 8 8 8 8 7 7 8 3
split_gain=7.69392 6.88045 4.53683 4.22421 4.43075 4.1598 3.48162 3.47718 4.69338 9.8873 4.79427 4.57486 12.4481 3.94129 6.24218 2.95083 2.84522 4.0726 3.40674 17.7396 7.4961 8.65106 10.7156 27.7265 7.19238 6.86462 6.56874 8.53368 6.03546 12.8548
threshold=117.50000000000001 2.5000000000000004 1.6712448535000004 0.69131934800000006 3.5000000000000004 3.5000000000000004 2.5000000000000004 1.2132531175000001 1.4757161485000003 -0.14453587699999998 1.4361150800000002 1.3572194490000002 1.0812419045000001 1.3039599405000002 21.500000000000004 -48.356497743999988 0.74929210700000015 0.78344438100000013 0.87945863200000007 0.86540467600000015 0.94232026850000017 -19.615297948999999 0.90015274200000006 0.91975546850000012 0.98373178200000011 0.84791830200000018 0.94766751400000004 0.98009628400000015 1.0000014820000003 -3.9567143409999996
decision_type=2 2 2 2 2 2 2 2 2 2 2 2 2 2 2 2 2 2 2 2 2 2 2 2 2 2 2 2 2 2
left_child=1 2 3 -1 6 -6 -5 8 10 -10 11 13 -13 15 -15 -7 -17 -18 19 25 21 -20 -23 -24 26 -19 -22 -28 29 -26
right_child=-2 -3 -4 4 5 7 -8 -9 9 -11 -12 12 -14 14 -16 16 17 18 20 -21 24 22 23 -25 28 -27 27 -29 -30 -31
leaf_value=-0.0020172491745081901 0.010038827322296068 -0.0026806413009289017 0.0012072010432474661 -0.00014450534992992148 -0.00099413700204115107 0.0011851359498778581 -0.0015566043528980557 0.0010328805503233673 -0.0022775913853296417 0.00016784891051533913 0.0013118370108947065 -0.0018767652462093332 0.00038697047356134611 0.0016667770393749449 2.0289269233880749e-05 0.0013915543779461804 -0.0012794165506902157 0.00039273789240795167 -0.0021489180758388986 0.0030050874178388144 -0.00040069727576001469 -0.0015426884818206866 0.0027558699662074862 -0.0016532520514081829 -0.0024066185557040098 -0.0015895821133093181 0.0027524758734953749 0.00053928382190222563 1.808674941861932e-05 0.00065339152251885362
leaf_weight=4725 4843 6587 8590 9216 8333 5365 8223 8680 4776 6712 5258 5804 8462 5141 8036 4547 4899 16486 7347 5133 6451 6144 6495 8107 7421 5263 4793 9339 124638 6033
leaf_count=4725 4843 6587 8590 9216 8333 5365 8223 8680 4776 6712 5258 5804 8462 5141 8036 4547 4899 16486 7347 5133 6451 6144 6495 8107 7421 5263 4793 9339 124638 6033
internal_value=-4.60672e-05 -7.53802e-05 -4.2483e-05 -7.37176e-05 -5.0878e-05 -4.27213e-06 -0.000824782 2.8347e-05 -3.0258e-06 -0.000991908 4.04913e-05 9.7691e-06 -0.000860136 6.11439e-05 0.000901798 1.26386e-05 -1.52397e-05 -4.10082e-05 -8.30779e-06 0.000517908 -8.40593e-05 -0.000836803 -0.000314443 0.000422743 4.92343e-05 -0.000106302 0.000921046 0.00152437 -8.07403e-05 -0.00108663
internal_weight=331847 327004 320417 311827 307102 289663 17439 281330 272650 11488 261162 255904 14266 241638 13177 228461 223096 218549 213650 26882 186768 28093 20746 14602 158675 21749 20583 14132 138092 13454
internal_count=331847 327004 320417 311827 307102 289663 17439 281330 272650 11488 261162 255904 14266 241638 13177 228461 223096 218549 213650 26882 186768 28093 20746 14602 158675 21749 20583 14132 138092 13454
is_linear=0
shrinkage=0.05


Tree=101
num_leaves=31
num_cat=0
split_feature=4 0 2 0 3 4 0 2 3 4 4 2 8 8 8 8 7 8 8 2 8 7 7 8 8 7 7 7 7 0
split_gain=5.93081 5.36166 6.2326 17.0344 4.71602 3.52232 3.46028 7.54004 6.30318 4.54346 3.45987 3.23653 3.06058 9.38668 3.98169 7.00645 5.49752 3.62644 4.83512 3.05351 3.27596 2.88704 6.97157 4.36418 10.3039 3.36954 4.20466 8.59558 9.91733 5.20652
threshold=1.9872758246888045 117.50000000000001 6.5000000000000009 91.500000000000014 -10.703900558999999 0.781726907187691 67.500000000000014 3.5000000000000004 -9.7033890364999973 0.76621155510965255 0.59996869676802655 4.5000000000000009 0.85399369700000005 0.90015274200000006 0.98373178200000011 1.0189477030000003 0.96905717250000001 1.0740390135000004 1.1022741300000003 1.0000000180025095e-35 1.0000014820000003 1.2428445740000003 1.1875882665000002 1.5192940695000001 1.4213440125000003 1.1201095380000001 1.0934611560000003 1.0758004030000003 1.0584166585000003 41.500000000000007
decision_type=8 2 2 2 2 10 2 2 2 10 10 2 2 2 2 2 2 2 2 2 2 2 2 2 2 2 2 2 2 2
left_child=1 2 6 -4 5 -5 7 9 11 10 19 -9 -11 -14 16 -16 -15 -17 -19 -1 -21 22 23 24 25 26 27 28 29 -20
right_child=-2 -3 3 4 -6 -7 -8 8 -10 12 -12 -13 13 14 15 17 -18 18 21 20 -22 -23 -24 -25 -26 -27 -28 -29 -30 -31
leaf_value=0.00035298763711552887 0.0013095047982209897 0.0084634537157398885 -0.0046519786122402734 -0.00045328216334031838 -0.0028688488149449412 0.0019168477119333228 0.00015612207614768283 3.2111456247130298e-05 -0.0022652227997870924 0.00064380389181920852 0.0005357815332115379 -0.0016190138250934184 -0.0016375934415826855 -0.00035709244605792724 -0.0014797003624616889 0.00057835339549849873 0.0012258093990275916 -0.0014396374519300148 -0.00045550219297558206 -0.00099915134479287024 0.00013060520500097206 0.00083845623068277151 -0.0017236618150961948 0.000717269746427629 -0.0020073583137553558 0.00058064496046267289 -0.0013106629468740694 0.0013839967485361816 -0.0018659807606086045 0.00061634970638543287
leaf_weight=11896 5502 4803 5088 7495 5562 4807 113832 7549 5257 6895 24030 4965 4622 6192 7489 9625 5552 4775 14234 8190 9259 4527 5403 6165 5326 7825 5292 4666 4551 10908
leaf_count=11896 5502 4803 5088 7495 5562 4807 113832 7549 5257 6895 24030 4965 4622 6192 7489 9625 5552 4775 14234 8190 9259 4527 5403 6165 5326 7825 5292 4666 4551 10908
internal_value=-8.8252e-05 -0.000115672 -0.000140419 -0.000934356 -0.000207063 0.000339238 -7.94653e-05 -0.000212813 -0.00119192 -0.000108853 0.000271871 -0.000581117 -0.00028704 -0.000352753 -0.000253328 -0.0003654 0.000612818 -0.000233638 -0.000352892 -9.24191e-05 -0.000513493 -0.000246183 -0.000332039 -0.000174447 -0.000321454 -8.74034e-05 -0.000274549 -7.23868e-05 -0.000385969 2.98246e-06
internal_weight=332282 326780 321977 22952 17864 12302 299025 185193 17771 167422 53375 12514 114047 107152 102530 90786 11744 83297 73672 29345 17449 68897 64370 58967 52802 47476 39651 34359 29693 25142
internal_count=332282 326780 321977 22952 17864 12302 299025 185193 17771 167422 53375 12514 114047 107152 102530 90786 11744 83297 73672 29345 17449 68897 64370 58967 52802 47476 39651 34359 29693 25142
is_linear=0
shrinkage=0.05


Tree=102
num_leaves=31
num_cat=0
split_feature=4 8 0 2 8 8 3 2 4 4 8 8 8 3 8 8 8 8 8 8 3 0 4 8 8 8 3 6 8 0
split_gain=7.20769 5.91403 5.38102 6.00377 3.99816 9.12495 4.04329 3.35157 11.159 4.9619 6.05181 13.351 7.76682 4.68764 4.22057 32.3454 13.204 11.1648 8.19264 6.50174 3.81711 6.25568 3.66892 3.66527 3.61614 3.17317 3.66023 4.41726 2.69637 7.78963
threshold=1.7688405962482279 0.69131934800000006 117.50000000000001 7.5000000000000009 0.74929210700000015 0.78344438100000013 -43.04940938299999 4.5000000000000009 0.66431621243611516 0.70792748231424296 1.0559896245000002 1.0000014820000003 0.91068698050000008 -22.230084205999997 0.90015274200000006 0.91975546850000012 0.87945863200000007 0.94232026850000017 0.8424309980000001 0.98373178200000011 -17.589821763499994 104.50000000000001 0.73883510777368866 1.6712448535000004 0.96036754150000014 1.5441749580000004 25.835106967000005 1.0000000180025095e-35 1.0143242110000001 53.500000000000007
decision_type=10 2 2 2 2 2 2 2 8 8 2 2 2 2 2 2 2 2 2 2 2 2 10 2 2 2 2 2 2 2
left_child=1 -1 3 4 -3 -6 -7 9 -9 10 11 12 -8 -11 16 -16 18 -17 -15 24 22 -22 -10 25 -19 26 28 -28 29 -21
right_child=-2 2 -4 -5 5 6 7 8 20 13 -12 -13 -14 14 15 17 -18 19 -20 23 21 -23 -24 -25 -26 -27 27 -29 -30 -31
leaf_value=-0.002232673060808388 0.0016738628975900617 0.0012448923856688194 0.0088720422185062844 -0.0022170340994718224 -0.0018516916456327388 0.0013295240389993108 0.0011857435869045197 -0.0026248327456017437 -0.00087081358406145004 -0.0017434228061094126 -7.2020274597923981e-05 0.0020104608617164013 -0.00039583220059189188 -0.0012996916589395502 0.0030819149416751791 -0.0020575022621858066 -0.0021595046736967993 5.2460379538388228e-05 0.0010417800830722107 -0.0013489928229981187 -0.0013419982741179782 0.00067916089578696776 0.0011411049690084414 0.00096688213136037491 0.0013609131380165923 -0.00085215571378848833 -0.00015058007154745978 -0.0024393756811219194 4.5803651253539806e-05 0.0010048024228689889
leaf_weight=5207 5063 5406 4652 10634 5627 6072 8625 4603 4683 4520 23984 5245 9568 6281 4673 5852 4543 4831 5850 6286 17405 11711 8918 7023 6960 7811 8098 5727 111505 4687
leaf_count=5207 5063 5406 4652 10634 5627 6072 8625 4603 4683 4520 23984 5245 9568 6281 4673 5852 4543 4831 5850 6286 17405 11711 8918 7023 6960 7811 8098 5727 111505 4687
internal_value=-5.33797e-05 -8.23797e-05 -5.53164e-05 -8.00926e-05 -3.95597e-05 -6.37677e-05 -2.57644e-05 -5.25667e-05 -0.000437401 2.26687e-05 0.000481266 0.00105255 0.000411446 -8.90692e-05 -5.12144e-05 2.18353e-05 -0.0008109 -9.18328e-05 5.04697e-05 -1.473e-05 -0.000185209 -0.000508224 0.00050621 -0.000102966 0.00111584 -0.000157335 -0.00010115 -0.000872198 -1.40836e-05 -0.000761751
internal_weight=332050 326987 321780 317128 306494 301088 295461 289389 47320 242069 47422 23438 18193 194647 190127 173453 16674 168780 12131 162928 42717 29116 13601 151137 11791 144114 136303 13825 122478 10973
internal_count=332050 326987 321780 317128 306494 301088 295461 289389 47320 242069 47422 23438 18193 194647 190127 173453 16674 168780 12131 162928 42717 29116 13601 151137 11791 144114 136303 13825 122478 10973
is_linear=0
shrinkage=0.05


Tree=103
num_leaves=31
num_cat=0
split_feature=4 4 2 9 7 7 8 8 4 8 7 8 7 1 7 7 2 7 4 4 8 8 4 8 2 1 7 7 8 8
split_gain=5.70614 4.60135 10.4771 4.98632 3.22936 2.97046 9.50861 3.60806 9.85075 7.82893 5.40671 12.1523 12.1457 5.46597 4.22315 4.76242 6.73514 7.87765 4.4178 10.8835 6.60573 18.1469 4.36043 3.5301 3.39638 9.29756 4.70462 5.20365 3.21527 7.23213
threshold=1.7688405962482279 0.3422227397364791 1.0000000180025095e-35 3.5000000000000004 1.0116805640000002 1.2268644580000003 1.6712448535000004 1.4757161485000003 0.96008366783430221 1.4361150800000002 1.1303612510000003 1.3474409155000002 1.1460201665000003 67.500000000000014 1.1108714775000001 1.0251857335000003 5.5000000000000009 1.0825141075000002 1.0509582606440817 0.90296336447812076 1.0820314650000002 1.1942968215000003 1.3225903383109763 1.1942968215000003 5.5000000000000009 28.500000000000004 0.96202659950000002 0.92424868750000011 1.1912749420000002 1.2463057665000001
decision_type=10 8 2 2 2 2 2 2 10 2 2 2 2 2 2 2 2 2 10 10 2 2 10 2 2 2 2 2 2 2
left_child=1 2 -1 4 -3 6 7 9 -9 10 11 14 -12 -13 15 24 17 18 19 20 -17 -22 -20 -19 28 26 27 -26 -5 -30
right_child=-2 3 -4 5 -6 -7 -8 8 -10 -11 12 13 -14 -15 -16 16 -18 23 22 -21 21 -23 -24 -25 25 -27 -28 -29 29 -31
leaf_value=0.00028593535908311987 0.0015051237649031379 -0.0014863529325832793 -0.0019144387000486153 0.0001014549622304406 -0.00010784822862050514 -0.0010587514921996833 0.0021823674379382652 -0.0022378968608311569 0.00021890639490347032 0.0016397211212455826 0.0029398464700046371 -0.002420977355466983 -5.9202045112871643e-05 -0.00050624136813490759 -0.0010140366710515991 0.0020469604433751734 0.002561260941603416 -0.00010096371220776335 0.001554037506524786 -0.0010726421639087435 -0.0012865235234394202 0.0015800535539694128 -0.00015141389645932925 -0.0014976817598177372 0.00033624167806324827 -0.0022403287131079587 0.0010322332620919417 -0.0027665305983343214 -0.0015070586448312025 0.00024078913088400601
leaf_weight=5906 4989 8931 5191 120501 6888 9033 4898 4532 7418 5272 6374 5074 12429 6352 6813 5552 7313 7206 13677 10273 5178 5110 4847 5917 5605 8365 12181 5599 6996 7719
leaf_count=5906 4989 8931 5191 120501 6888 9033 4898 4532 7418 5272 6374 5074 12429 6352 6813 5552 7313 7206 13677 10273 5178 5110 4847 5917 5605 8365 12181 5599 6996 7719
internal_value=-3.78977e-05 -6.3502e-05 -0.001064 -2.83571e-05 -0.000893421 1.72363e-05 4.49424e-05 7.55305e-06 -0.000842744 4.46041e-05 7.2003e-06 -5.42386e-05 0.000824782 -0.00164684 2.19797e-05 5.8017e-05 0.000420841 0.000239765 0.000556371 0.000137357 0.000959293 0.00020888 0.00114685 -0.000836952 -8.33977e-05 -0.000548732 -3.68747e-05 -0.000776162 2.58836e-05 -0.000671705
internal_weight=332139 327150 11097 316053 15819 300234 291201 286303 11950 274353 269081 250278 18803 11426 238852 232039 65073 57760 44637 26113 15840 10288 18524 13123 166966 31750 23385 11204 135216 14715
internal_count=332139 327150 11097 316053 15819 300234 291201 286303 11950 274353 269081 250278 18803 11426 238852 232039 65073 57760 44637 26113 15840 10288 18524 13123 166966 31750 23385 11204 135216 14715
is_linear=0
shrinkage=0.05


Tree=104
num_leaves=31
num_cat=0
split_feature=7 4 2 9 0 8 8 8 7 8 7 7 7 2 4 4 7 7 2 8 7 7 7 8 8 8 7 8 7 2
split_gain=6.44886 5.83614 5.32691 6.41588 4.95106 2.31984 13.0223 11.7513 17.8592 7.03966 7.55953 17.4544 13.771 13.179 9.49316 8.85511 8.28003 6.95127 5.88186 5.69768 4.73991 11.1455 12.3104 10.58 13.8054 14.0277 5.63458 5.228 9.06112 9.02901
threshold=0.81406633500000003 1.7688405962482279 7.5000000000000009 15.500000000000002 116.50000000000001 0.99996303200000003 1.0000014820000003 0.96876116550000013 0.95516812250000005 1.0092210495 0.97754740050000011 0.99308499750000012 0.95332521050000008 2.5000000000000004 0.82670384160985899 0.98011631505122498 1.0107513135000004 1.0222017195000002 1.5000000000000002 1.0901267645000001 1.0584166585000003 1.0493762270000002 1.0423911465000002 1.2957820940000002 1.2055926885000001 1.1396604570000002 1.0251857335000003 1.3109496115000001 1.0852959850000004 3.5000000000000004
decision_type=2 10 2 2 2 2 2 2 2 2 2 2 2 2 10 8 2 2 2 2 2 2 2 2 2 2 2 2 2 2
left_child=-1 2 4 -4 5 7 -7 -2 -9 -8 12 15 13 14 -11 -12 18 -10 -13 -14 21 22 23 24 25 26 -18 -22 -29 -30
right_child=1 -3 3 -5 -6 6 9 8 17 10 11 16 19 -15 -16 -17 20 -19 -20 -21 27 -23 -24 -25 -26 -27 -28 28 29 -31
leaf_value=-0.0013873294407817538 -5.8664708250244503e-05 0.0016140672858099921 -0.0037065595226222717 0.0007511839085709252 0.0065963957958543378 -0.0024305058627449305 0.0014366899111166011 -0.00096200595193230158 0.0024501633031000034 -0.00036396731144096029 0.0022741381441752128 6.2818898989192015e-05 -0.00058699220031243758 -0.0015524678010372828 0.0016732166786317506 0.00023943494617480188 -0.0012569713389942673 0.00083893288724554984 -0.0020815381503924259 -0.0020664387198952223 0.00017036768466749397 0.0020156238961705378 -0.0016964761544173757 0.0016663115989995593 -0.0015480079871005858 0.0018350159091528484 0.00074020870977267175 -0.0017867519960012429 1.6190688331552129e-05 -0.0024779933745100406
leaf_weight=6529 83203 5068 7583 4802 5140 6334 4862 4990 7208 5117 6520 5803 5178 5991 6710 4510 5268 4510 9731 7584 45117 8445 6919 5505 5816 6035 6308 6496 33941 4935
leaf_count=6529 83203 5068 7583 4802 5140 6334 4862 4990 7208 5117 6520 5803 5178 5991 6710 4510 5268 4510 9731 7584 45117 8445 6919 5505 5816 6035 6308 6496 33941 4935
internal_value=-3.83095e-05 -7.10153e-06 -3.37294e-05 -0.00105024 7.13866e-06 -1.89743e-05 -0.000115997 0.000178275 0.00138814 -4.41447e-05 -9.17633e-05 4.48548e-05 -0.00081249 8.55636e-05 0.00105329 0.0019642 -9.60425e-05 0.00245458 -0.00118894 -0.00206587 2.9954e-05 0.000453714 6.86775e-05 0.000521823 5.8147e-05 0.000755705 -0.000263362 -0.000177498 -0.000556449 -0.000267483
internal_weight=332158 325629 320561 12385 308176 303036 203125 99911 16708 196791 191929 161349 30580 17818 11827 11030 150319 11718 15534 12762 134785 44296 35851 28932 23427 17611 11576 90489 45372 38876
internal_count=332158 325629 320561 12385 308176 303036 203125 99911 16708 196791 191929 161349 30580 17818 11827 11030 150319 11718 15534 12762 134785 44296 35851 28932 23427 17611 11576 90489 45372 38876
is_linear=0
shrinkage=0.05


Tree=105
num_leaves=31
num_cat=0
split_feature=7 5 9 5 8 0 7 7 3 8 8 7 7 8 5 8 8 8 3 7 8 8 8 7 7 7 7 9 8 8
split_gain=6.11301 5.98089 5.33024 5.2512 4.76231 4.9498 6.2376 10.6378 4.1313 4.12789 12.235 8.15347 11.7259 4.66301 4.46169 6.49455 5.14613 9.16331 7.07173 4.45256 4.36387 14.6135 5.05992 5.80573 22.2629 6.73909 5.72605 5.10544 5.00593 10.9067
threshold=1.2132531175000001 19.500000000000004 4.5000000000000009 3.5000000000000004 1.6712448535000004 102.50000000000001 1.1460201665000003 1.1350018475000001 31.598499919000002 0.94232026850000017 0.92937962750000014 0.97091154350000008 0.95516812250000005 0.88978217450000008 20.500000000000004 0.96220362650000013 1.4361150800000002 1.3628059890000002 11.182899174500003 1.0405934205000003 1.0000014820000003 0.99846873800000002 1.0260839095000003 0.97754740050000011 0.99308499750000012 1.0028781850000004 0.96122050300000017 37.500000000000007 1.2271159115000001 1.2922678700000001
decision_type=2 2 2 2 2 2 2 2 2 2 2 2 2 2 2 2 2 2 2 2 2 2 2 2 2 2 2 2 2 2
left_child=2 -2 -1 -4 5 6 7 8 9 10 11 12 -5 -13 15 -11 17 18 20 -20 21 -17 -22 26 -25 -26 -24 28 -27 -30
right_child=1 -3 3 4 -6 -7 -8 -9 -10 14 -12 13 -14 -15 -16 16 -18 -19 19 -21 22 -23 23 24 25 27 -28 -29 29 -31
leaf_value=-0.00067721837492501773 0.00016884617715204331 0.0037924774554324195 -0.0012910426487545397 -0.00019658428745271685 0.0016442161608984374 0.00096998615168721882 -0.00099566345991469198 0.0020303266519637489 -0.0013508378340727407 0.0013147008865966982 -0.0023316590461660127 0.001406398666287645 -0.0025140239203408857 -0.00019475309200739507 -0.00039405870296659322 0.000148812470929538 0.0010631784360500274 -0.0012339805026299168 0.0018537768448305516 0.00030110627939634594 0.0011282352887026172 -0.0026276706225684858 -0.00011408794073553275 0.0018826959944438617 -0.0016183870107840616 0.00057358902549987099 -0.0016046642913362108 -0.00078600792674143882 -0.0012223521537985838 0.00088186520013137102
leaf_weight=26775 8606 4809 7579 32565 4558 39191 14852 5111 7784 7089 5324 7572 4518 5476 26441 11805 7525 6685 5610 4645 8311 4946 12738 5829 4533 24695 5138 8049 7127 5702
leaf_count=26775 8606 4809 7579 32565 4558 39191 14852 5111 7784 7089 5324 7572 4518 5476 26441 11805 7525 6685 5610 4645 8311 4946 12738 5829 4533 24695 5138 8049 7127 5702
internal_value=-4.9609e-05 0.000995715 -9.36976e-05 -3.16572e-05 3.03886e-06 -2.3141e-05 -0.000108195 -4.27354e-05 -9.5122e-05 -5.36316e-05 -0.000424405 -0.000182254 -0.000560491 0.000892515 7.74512e-05 0.000197517 0.000112897 3.05436e-05 0.000140654 0.00139011 1.09984e-05 -0.000724367 0.000161031 2.92958e-05 0.000279987 -6.0366e-05 -0.000754991 0.000122592 0.000367716 -0.000433419
internal_weight=331588 13415 318173 291398 283819 279261 240070 225218 220107 212323 55455 50131 37083 13048 156868 130427 123338 115813 109128 10255 98873 16751 82122 73811 55935 50106 17876 45573 37524 12829
internal_count=331588 13415 318173 291398 283819 279261 240070 225218 220107 212323 55455 50131 37083 13048 156868 130427 123338 115813 109128 10255 98873 16751 82122 73811 55935 50106 17876 45573 37524 12829
is_linear=0
shrinkage=0.05


Tree=106
num_leaves=31
num_cat=0
split_feature=2 5 0 7 4 2 0 7 7 7 0 4 7 7 3 7 4 7 7 7 7 7 7 3 7 2 3 7 7 7
split_gain=4.65369 8.2068 4.12596 3.58777 3.28458 2.35931 10.8529 6.05646 7.55006 10.557 8.63624 6.34175 5.16637 4.89729 14.5072 9.73283 6.81431 7.73796 9.97059 6.49428 6.62056 12.7882 5.78444 8.665 6.23101 5.98438 16.1745 5.69117 5.47576 9.96998
threshold=7.5000000000000009 9.5000000000000018 116.50000000000001 1.2132531175000001 1.3380551774317528 3.5000000000000004 47.500000000000007 0.87209273600000004 1.0769784025000002 1.0493762270000002 81.500000000000014 0.88848677474165438 0.94443998950000008 0.9543694155000001 11.182899174500003 0.94667231500000015 1.2088914691982777 1.0758004030000003 1.0654558240000001 1.0906577955000001 1.1350018475000001 1.1626164030000001 0.96530230600000011 -21.054209681999996 0.99308499750000012 1.5000000000000002 -5.1350214544999995 1.0000053235000002 0.99019905000000008 1.0394500700000002
decision_type=2 2 2 2 8 2 2 2 2 2 2 10 2 2 2 2 8 2 2 2 2 2 2 2 2 2 2 2 2 2
left_child=2 -2 3 5 -5 13 -7 -8 9 11 -10 -9 -13 14 15 -1 17 18 22 -19 -21 -22 -15 -24 25 -25 -27 -26 -18 -30
right_child=1 -3 -4 4 -6 6 7 8 10 -11 -12 12 -14 16 -16 -17 28 19 -20 20 21 -23 23 24 27 26 -28 -29 29 -31
leaf_value=-4.5592691956908296e-05 -0.0048272484277957651 0.00011505497802364318 0.0060635071340802678 0.00022456579823212642 0.0025655712613874338 -0.0020594118671206085 -0.0019675352420247777 0.00036407360691002036 -0.0025363552667561659 0.002064808021543474 -0.00037213980430733651 -0.002223293750767269 -0.00036970591683517799 -0.00085046573465167316 0.0034309141812857383 0.0015596435645843509 -0.0019392430270841034 0.0015099010505736643 -0.0017916687583659219 -0.00025423955833025759 0.0021258369661780129 -0.00026630941977009439 -0.0017707287234523779 9.4010284223067231e-05 -0.0011471811162125979 -0.00015799331914243128 0.0042674989689968582 0.00015300876128476472 0.00075284597140776741 -0.00083682395579244291
leaf_weight=40236 4962 7503 5286 8856 4537 4837 5764 33011 4516 7965 9757 5434 22014 6881 5031 4523 4957 7226 5240 15274 6379 6685 4666 9341 7771 4512 4527 40584 8855 24915
leaf_count=40236 4962 7503 5286 8856 4537 4837 5764 33011 4516 7965 9757 5434 22014 6881 5031 4523 4957 7226 5240 15274 6379 6685 4666 9341 7771 4512 4527 40584 8855 24915
internal_value=-2.77443e-05 -0.000975341 9.23072e-06 -1.4079e-05 0.000786498 -4.97248e-05 -0.000258566 -0.000132395 -2.31252e-05 0.000195093 -0.00106895 -3.039e-05 -0.000591921 4.41337e-05 0.000476453 0.000190164 -9.2274e-05 9.50953e-05 -0.00016791 0.000712699 0.000371344 0.00119749 -2.6505e-05 0.000106959 0.00025266 0.00103617 0.00195295 -4.52337e-05 -0.000668375 -0.000440415
internal_weight=332045 12465 319580 314294 13393 300901 93298 88461 82697 68424 14273 60459 27448 207603 49790 44759 157813 119086 83522 35564 28338 13064 78282 71401 66735 18380 9039 48355 38727 33770
internal_count=332045 12465 319580 314294 13393 300901 93298 88461 82697 68424 14273 60459 27448 207603 49790 44759 157813 119086 83522 35564 28338 13064 78282 71401 66735 18380 9039 48355 38727 33770
is_linear=0
shrinkage=0.05


Tree=107
num_leaves=31
num_cat=0
split_feature=4 0 2 0 7 7 7 4 7 4 7 7 7 3 2 3 0 0 7 7 7 0 7 4 3 7 5 7 0 5
split_gain=5.84682 5.21486 7.11984 14.555 4.17672 9.90655 2.64365 9.42552 6.81157 7.43214 6.5442 6.1392 10.4939 5.13398 4.8516 8.68977 7.70811 4.90283 4.35035 11.1094 11.9887 4.0358 3.87523 5.82492 3.50666 3.4837 3.29916 3.25435 3.7423 4.54686
threshold=1.9872758246888045 117.50000000000001 6.5000000000000009 92.500000000000014 0.98794492700000014 0.94314624850000006 0.94443998950000008 1.2297504172796854 0.95619744050000011 1.2803134669781076 0.96905717250000001 1.1585803860000001 1.1092861080000003 -1.3418075809999996 2.5000000000000004 -0.50310590799999988 49.500000000000007 30.500000000000004 0.99308499750000012 1.0000053235000002 0.99967947350000008 55.500000000000007 0.97838995950000007 0.8095376440316665 14.102201865500001 1.028182989 14.500000000000002 1.1585803860000001 69.500000000000014 10.500000000000002
decision_type=8 2 2 2 2 2 2 10 2 10 2 2 2 2 2 2 2 2 2 2 2 2 2 10 2 2 2 2 2 2
left_child=1 2 6 -4 5 -5 7 14 13 10 21 12 24 -8 17 16 -16 -1 22 20 -20 -10 23 -12 -11 -26 -19 -21 29 -29
right_child=-2 -3 3 4 -6 -7 8 -9 9 11 18 -13 -14 -15 15 -17 -18 26 19 27 -22 -23 -24 -25 25 -27 -28 28 -30 -31
leaf_value=-0.00046455434850602444 0.0012807193538764445 0.0079652035765055123 -0.0040031610994083781 0.001201909392287684 0.0010306907823410206 -0.0037659718172012857 0.0016575944589882431 0.0021733856686492275 -0.0012153729578617519 0.00036300422706659897 0.00094263062608484778 0.0005944574980579876 -0.0023309623462457602 -0.00011947937201844949 -0.0016201529778209517 -0.0036076728700619124 -0.00012267228608573433 0.00094375180014024122 -1.2852070633143087e-05 0.00025265041068175124 -0.0029529746775629143 -4.4088952833877543e-05 0.00099710469229254139 -0.00087547553959994309 -0.0016253934104764447 -0.00031513682411816183 -0.00028699289323672327 0.00024374247791091597 0.0015378026926940902 -0.0013675867602468861
leaf_weight=14402 5524 4824 5427 4900 6958 5609 7614 4680 6780 5573 4603 8409 5350 4524 4534 4584 19207 8542 8214 117884 5949 6542 16834 6462 6323 8240 5396 5518 4645 8177
leaf_count=14402 5524 4824 5427 4900 6958 5609 7614 4680 6780 5573 4603 8409 5350 4524 4534 4584 19207 8542 8214 117884 5949 6542 16834 6462 6323 8240 5396 5518 4645 8177
internal_value=-2.97984e-05 -5.70844e-05 -8.15509e-05 -0.000931263 -0.000228222 -0.00085719 -1.64721e-05 -0.000309087 5.9069e-05 -3.04867e-06 0.000117685 -0.000685472 -0.00107195 0.00121263 -0.000487251 -0.000949965 -0.000564832 -2.46957e-05 0.00019757 9.11784e-05 -0.00124135 -0.000951077 0.000770947 4.40379e-05 -0.000548632 -0.00095672 0.000643692 0.00022976 -0.000389752 -0.000805657
internal_weight=332228 326704 321880 22894 17467 10509 298986 61345 237641 225503 191608 33895 25486 12138 56665 28325 23741 28340 178286 150387 14163 13322 27899 11065 20136 14563 13938 136224 18340 13695
internal_count=332228 326704 321880 22894 17467 10509 298986 61345 237641 225503 191608 33895 25486 12138 56665 28325 23741 28340 178286 150387 14163 13322 27899 11065 20136 14563 13938 136224 18340 13695
is_linear=0
shrinkage=0.05


Tree=108
num_leaves=31
num_cat=0
split_feature=9 2 4 4 7 7 8 8 4 8 7 7 8 1 3 7 2 3 8 8 7 3 7 7 7 3 8 7 8 8
split_gain=5.01899 7.21324 5.75625 3.88059 3.43956 3.27929 8.27341 4.72196 10.5723 5.41272 7.0534 11.1814 8.8133 4.89929 2.83043 2.67458 2.44771 10.2628 5.47072 10.1397 10.3772 4.39861 5.7938 12.546 8.81636 6.44558 3.94223 9.30886 7.92501 6.98397
threshold=4.5000000000000009 5.5000000000000009 0.31590727960229092 1.7033585699110478 0.81406633500000003 1.2268644580000003 1.6712448535000004 1.4757161485000003 0.96008366783430221 1.4361150800000002 1.1303612510000003 1.1460201665000003 1.3474409155000002 67.500000000000014 -50.741739744999997 1.1842334040000002 1.0000000180025095e-35 5.1593147565000015 0.97077317050000012 1.1831267190000003 0.99800425250000013 15.442479321500002 0.95813489450000011 0.99800425250000013 1.0731915865000003 25.835106967000005 0.9749352160000001 0.91220460200000009 0.94232026850000017 0.92937962750000014
decision_type=2 2 10 10 2 2 2 2 10 2 2 2 2 2 2 2 2 2 2 2 2 2 2 2 2 2 2 2 2 2
left_child=1 -1 -2 4 -4 6 7 9 -9 10 12 -12 14 -14 -6 -13 17 18 -16 20 -20 26 -23 -24 25 -25 28 -28 29 -18
right_child=2 -3 3 -5 5 -7 -8 8 -10 -11 11 15 13 -15 16 -17 21 -19 19 -21 -22 22 23 24 -26 -27 27 -29 -30 -31
leaf_value=-0.00024423919200148306 -0.0014074338269841004 -0.0039918415409942289 -0.00094734900377520248 0.0013901939174812555 0.0012995965703471502 -0.0010887220101311241 0.0021449587895890575 -0.0022533824958807431 0.00019311351540545198 0.00139255206020239 0.0029048124407966671 -0.00041788873009223075 -0.0022426254117011517 -0.00035317969343496848 -0.0002029237642662135 0.0010976223169129275 5.0047410444423183e-05 -0.00078388817775350012 0.0024561536785445482 -0.00028620777723318836 0.00051820457364949452 0.0026002495157056854 -0.0024451821299892153 0.0028221961348677662 -0.00095927097760939439 0.00091896153701191978 -0.001869331689524148 -0.00021389435805846402 0.0011773402200203455 -0.0019273033487960196
leaf_weight=23133 4885 5188 5410 4780 5085 8796 4839 4516 7215 5173 6229 7403 5006 6152 6546 4713 46928 7017 4909 4679 5141 5468 5591 5384 5892 6822 4748 96401 13104 5138
leaf_count=23133 4885 5188 5410 4780 5085 8796 4839 4516 7215 5173 6229 7403 5006 6152 6546 4713 46928 7017 4909 4679 5141 5468 5591 5384 5892 6822 4748 96401 13104 5138
internal_value=-5.75917e-05 -0.00069415 1.72712e-06 2.9548e-05 6.58319e-06 2.99844e-05 5.98438e-05 2.37953e-05 -0.000957524 6.7496e-05 3.54156e-05 0.000980245 -3.68205e-05 -0.00140867 3.00951e-05 9.48767e-05 3.57505e-06 0.000438209 0.00098508 0.00151944 0.00241422 -5.93408e-05 0.000507081 0.000168292 0.000807877 0.0015744 -0.000158651 -0.000354039 0.000144611 -0.000132031
internal_weight=332291 28321 303970 299085 294305 288895 280099 275260 11731 263529 258356 18345 240011 11158 228853 12116 223768 28292 21275 14729 10050 195476 29157 23689 18098 12206 166319 101149 65170 52066
internal_count=332291 28321 303970 299085 294305 288895 280099 275260 11731 263529 258356 18345 240011 11158 228853 12116 223768 28292 21275 14729 10050 195476 29157 23689 18098 12206 166319 101149 65170 52066
is_linear=0
shrinkage=0.05


Tree=109
num_leaves=31
num_cat=0
split_feature=5 2 1 8 8 8 3 1 2 8 8 9 7 8 7 8 9 8 3 5 8 8 8 2 8 3 8 1 8 8
split_gain=5.51209 3.8736 5.57143 3.13413 5.33011 7.0532 2.91284 3.41235 3.29165 3.97662 6.41521 6.38343 6.27121 13.3565 4.41618 16.1733 9.19212 8.62719 8.6084 8.01716 5.97365 9.11036 7.64514 7.40404 5.68476 6.11513 6.65564 6.63471 13.0886 10.0065
threshold=33.500000000000007 7.5000000000000009 11.500000000000002 0.69131934800000006 0.74929210700000015 0.77793374000000004 -46.226510897999994 5.5000000000000009 6.5000000000000009 0.85095842600000016 0.8314545940000001 22.500000000000004 0.90684916650000014 1.0071276700000003 0.95619744050000011 1.0260839095000003 27.500000000000004 0.91580697650000009 -3.2571924589999997 10.500000000000002 0.99996303200000003 0.95085857150000008 0.93401700600000004 1.5000000000000002 1.0000014820000003 -8.0036416279999987 1.0283053655000003 35.500000000000007 1.0843950875000001 1.1942968215000003
decision_type=2 2 2 2 2 2 2 2 2 2 2 2 2 2 2 2 2 2 2 2 2 2 2 2 2 2 2 2 2 2
left_child=1 3 -3 -1 -5 -6 -7 -8 9 10 11 -9 13 -11 15 16 19 18 -16 -14 21 22 -19 -23 -22 27 -27 -26 -29 -30
right_child=-2 2 -4 4 5 6 7 8 -10 12 -12 -13 14 -15 17 -17 -18 20 -20 -21 24 23 -24 -25 25 26 -28 28 29 -31
leaf_value=-0.0016601854958853456 0.0019660000958295234 0.00011436923462943561 -0.0033289700192663061 0.0015340900160360493 -0.0017610908599024922 0.0011442240136156356 0.0040177895592786953 0.0008773369305078813 -0.0012506254776065069 -0.0016361579723958575 0.001697419864503902 -0.0013003127499858743 0.0013532566832222884 0.00082176669873154369 -0.0028098577477650988 -0.00067811173987222806 0.0023098305039702199 0.00092007060843384285 -4.2899285194175632e-05 -0.00044303065486993591 -0.0017358512074261839 -5.5549271878127528e-05 -0.0019419839559821185 0.0021166431611887916 -0.00091531680756075102 -0.0015841650269900727 -0.00013000382538433665 0.0019228025761685225 -0.00077534214960932606 0.00074111577270436499
leaf_weight=4596 4737 6427 5991 5501 4628 4573 7291 6634 7562 11369 5901 4612 6054 5064 5243 12286 7194 4847 5449 6421 5726 4984 4800 10695 8054 6318 124038 8016 9889 17303
leaf_count=4596 4737 6427 5991 5501 4628 4573 7291 6634 7562 11369 5901 4612 6054 5064 5243 12286 7194 4847 5449 6421 5726 4984 4800 10695 8054 6318 124038 8016 9889 17303
internal_value=-2.91609e-05 -5.36689e-05 -0.000919665 -1.95205e-05 -3.22106e-07 -2.81598e-05 1.70647e-06 -1.76666e-05 -4.46763e-05 -1.69543e-05 0.000720761 1.99982e-05 -6.49277e-05 -0.00101062 -2.0722e-06 0.000546386 0.00143527 -8.34622e-05 -0.0014677 0.000613982 -1.11152e-05 0.000707631 -0.000501191 0.00145132 -0.00011263 -6.14838e-05 -0.000232431 0.000453579 0.000749723 0.000226128
internal_weight=332203 327466 12418 315048 310452 304951 300323 295750 288459 280897 17147 11246 263750 16433 247317 31955 19669 215362 10692 12475 204670 25326 9647 15679 179344 173618 130356 43262 35208 27192
internal_count=332203 327466 12418 315048 310452 304951 300323 295750 288459 280897 17147 11246 263750 16433 247317 31955 19669 215362 10692 12475 204670 25326 9647 15679 179344 173618 130356 43262 35208 27192
is_linear=0
shrinkage=0.05


Tree=110
num_leaves=31
num_cat=0
split_feature=4 4 9 4 0 2 0 5 4 7 5 7 7 7 7 3 3 0 2 7 7 5 3 7 7 7 7 7 5 9
split_gain=4.63883 4.44395 5.37437 2.66608 2.26492 5.15971 7.54405 3.40208 2.95395 3.09958 4.03221 2.86031 7.5553 6.12346 5.00038 3.63576 2.76378 2.20975 2.69902 4.699 4.21012 4.11045 7.58524 3.96121 3.20451 11.3317 7.09408 7.4361 4.16087 2.64978
threshold=1.9872758246888045 0.25619123725046894 2.5000000000000004 1.6534265709003368 113.50000000000001 6.5000000000000009 94.500000000000014 8.5000000000000018 0.85606651498690589 1.0801551885000003 3.5000000000000004 1.2268644580000003 1.1795612660000001 1.1460201665000003 1.1350018475000001 35.269646639500003 -13.432584267999998 88.500000000000014 4.5000000000000009 1.0906577955000001 0.98318968800000006 19.500000000000004 -1.8181951069999998 1.0758004030000003 1.0575228460000001 1.0473717320000002 1.0394500700000002 1.0310529730000002 15.500000000000002 37.500000000000007
decision_type=8 10 2 10 2 2 2 2 10 2 2 2 2 2 2 2 2 2 2 2 2 2 2 2 2 2 2 2 2 2
left_child=1 -1 -3 4 5 7 -7 8 9 10 -4 12 13 14 15 17 -12 18 19 23 -20 22 -21 24 25 26 27 29 -26 -9
right_child=-2 2 3 -5 -6 6 -8 11 -10 -11 16 -13 -14 -15 -16 -17 -18 -19 20 21 -22 -23 -24 -25 28 -27 -28 -29 -30 -31
leaf_value=-0.00098700897673688055 0.0012367452462113183 -0.0013255397243339463 -0.00085508085439166834 -0.0011134339454044102 0.0018742007939846262 -0.0029941853856488149 -0.00019503925531779849 6.3780211259423234e-05 -0.0002680699555203059 0.001267173290934931 0.00080494029123412414 -0.0012144026500380046 0.0018287916319751464 -0.0012228396028021395 0.0014764828864744645 -0.0017032478713436218 -9.4933297828669889e-07 0.00041185666078850106 -0.0022102794793057989 -0.0017110542550876464 1.1564505824368522e-05 -0.0018881256696663407 0.0005201399593850242 0.00093065654014609373 0.00012154040479790962 0.0019231397125171663 -0.0013812820576349029 0.0012929543309817327 -0.0015839027301285614 -0.00046320782352292925
leaf_weight=7077 5495 8301 5026 4852 13942 5659 11724 67021 12178 6374 18524 7349 8078 8201 4922 7522 10612 38271 4520 4819 5798 4516 6652 7646 4878 6136 5221 5227 5311 20062
leaf_count=7077 5495 8301 5026 4852 13942 5659 11724 67021 12178 6374 18524 7349 8078 8201 4922 7522 10612 38271 4520 4819 5798 4516 6652 7646 4878 6136 5221 5227 5311 20062
internal_value=-3.77351e-05 -6.19976e-05 -3.45236e-05 -1.00467e-06 1.74318e-05 -1.22754e-05 -0.000847567 4.05648e-05 0.000401658 0.000606793 0.000417801 -4.51262e-05 -1.19294e-05 -7.05637e-05 -1.52372e-05 -5.52672e-05 0.000643423 -1.16883e-05 -9.93661e-05 -4.082e-05 -0.000879105 -0.000846517 -0.000343107 6.52226e-05 -8.78264e-06 7.43933e-05 -5.67739e-05 4.4684e-05 -0.000854669 -6.53075e-05
internal_weight=331914 326419 319342 311041 306189 292247 17383 274864 52714 40536 34162 222150 214801 206723 198522 193600 29136 186078 147807 137489 10318 15987 11471 121502 113856 103667 97531 92310 10189 87083
internal_count=331914 326419 319342 311041 306189 292247 17383 274864 52714 40536 34162 222150 214801 206723 198522 193600 29136 186078 147807 137489 10318 15987 11471 121502 113856 103667 97531 92310 10189 87083
is_linear=0
shrinkage=0.05


Tree=111
num_leaves=31
num_cat=0
split_feature=2 5 5 3 4 3 3 7 7 5 7 9 3 7 7 7 7 7 7 2 1 9 4 7 6 1 2 7 7 7
split_gain=5.43443 5.568 4.77264 5.27253 2.9076 3.78242 2.40501 4.69663 9.57104 4.84764 7.14558 6.34151 7.03308 4.48075 3.1836 3.2972 15.7117 6.04328 5.94742 10.2042 6.12819 4.38699 3.62673 3.54841 3.95981 8.99053 4.92379 9.70376 5.45082 7.5443
threshold=7.5000000000000009 9.5000000000000018 29.500000000000004 33.993690428000008 0.28577987573609226 -48.356497743999988 6.0224775670000001 1.0485333710000002 1.0575228460000001 13.500000000000002 1.0758004030000003 33.500000000000007 0.87528259250000007 1.0423911465000002 1.0360263355000001 0.99967947350000008 1.0000053235000002 0.97754740050000011 0.98318968800000006 1.5000000000000002 51.500000000000007 40.500000000000007 0.69588095284535967 0.9726132500000001 1.5000000000000002 59.500000000000007 4.5000000000000009 0.91977347650000008 0.93198645250000012 0.95619744050000011
decision_type=2 2 2 2 8 2 2 2 2 2 2 2 2 2 2 2 2 2 2 2 2 2 10 2 2 2 2 2 2 2
left_child=2 -2 4 -4 -1 -6 7 13 -9 -10 -11 12 -12 14 15 17 -17 23 -19 -20 -21 22 -18 24 26 -26 28 -28 -7 -30
right_child=1 -3 3 -5 5 6 -8 8 9 10 11 -13 -14 -15 -16 16 21 18 19 20 -22 -23 -24 -25 25 -27 27 -29 29 -31
leaf_value=-0.00073202647050596566 -0.0045258950265260394 -0.00042493200470578865 0.00010781483874579556 0.0037267334656928999 0.0012604731216046606 -0.00011066497921415342 -0.00024663116842778835 0.0022836193027029605 0.00049961553055169895 -0.0017460424382093498 -0.0013062632091984272 0.0013808501719282413 0.00065333870686331565 -0.0013387385085155802 0.0011321337541089465 -0.0029187201006686441 0.00071733916499351071 0.0019535148027209348 0.0012837988157692938 0.00051069763737431333 -0.0015677413306988464 -0.001518443837668579 -0.00013267564159553379 -0.0010837264704337823 0.00044990689809001482 -0.0019066994262187762 0.0010573805432542965 -0.0021444576935773173 0.0010986102512045932 -0.00012626566647578886
leaf_weight=8342 4954 7482 6619 4809 4635 31257 78382 6123 33436 5164 7970 5522 5660 5009 5156 5272 6642 5218 6064 6405 5089 4568 21308 5055 5312 4520 4942 7173 13446 10625
leaf_count=8342 4954 7482 6619 4809 4635 31257 78382 6123 33436 5164 7970 5522 5660 5009 5156 5272 6642 5218 6064 6405 5089 4568 21308 5055 5312 4520 4942 7173 13446 10625
internal_value=-1.96815e-05 -0.00104493 2.02125e-05 0.00102335 -1.69883e-05 8.62621e-06 -1.36291e-05 7.21394e-05 0.000432256 0.000232872 -0.000304264 0.000140941 -0.00043821 -7.81526e-05 -2.83675e-05 -7.24278e-05 -0.000472946 7.1591e-05 0.000792327 0.000351591 -0.000523959 -6.22636e-05 0.000172599 -0.000127831 -4.38341e-05 -0.00098099 9.28493e-05 -0.000819926 0.000292773 0.00085822
internal_weight=332159 12436 319723 11428 308295 299953 295318 216936 63875 57752 24316 19152 13630 153061 148052 142896 37790 105106 22776 17558 11494 32518 27950 82330 77275 9832 67443 12115 55328 24071
internal_count=332159 12436 319723 11428 308295 299953 295318 216936 63875 57752 24316 19152 13630 153061 148052 142896 37790 105106 22776 17558 11494 32518 27950 82330 77275 9832 67443 12115 55328 24071
is_linear=0
shrinkage=0.05


Tree=112
num_leaves=31
num_cat=0
split_feature=4 3 7 8 0 2 0 4 4 8 8 7 8 8 8 2 7 2 8 8 8 7 8 3 7 7 8 8 8 8
split_gain=4.85394 12.2236 4.83266 6.21106 2.85883 2.80661 7.42328 5.26266 4.75668 4.8814 15.3998 4.45313 7.69881 4.32666 7.2181 5.60138 3.98322 3.86188 5.01557 8.98606 3.38635 3.16681 8.29689 11.8733 6.6257 4.75028 4.52942 16.191 11.4755 7.91479
threshold=0.40039526982211632 -16.965990684499996 1.2132531175000001 1.5192940695000001 117.50000000000001 6.5000000000000009 92.500000000000014 0.95125861605176498 0.69986162902331761 1.5192940695000001 1.4583205875 1.1748222615000004 1.4093943000000004 1.2237114120000003 1.1208789765000002 4.5000000000000009 0.84552124650000016 3.5000000000000004 0.91327798100000013 1.0000014820000003 1.6117187765000003 1.0563097930000003 1.3109496115000001 7.6796061570000012 1.0445113095 1.0360263355000001 0.91975546850000012 0.90015274200000006 0.87945863200000007 0.93834529050000015
decision_type=10 2 2 2 2 2 2 10 10 2 2 2 2 2 2 2 2 2 2 2 2 2 2 2 2 2 2 2 2 2
left_child=1 -1 4 -4 5 8 -7 -8 13 10 11 12 16 14 15 17 -10 18 -2 -20 -11 24 -23 -24 25 26 27 28 -18 -28
right_child=2 -3 3 -5 -6 6 7 -9 9 20 -12 -13 -14 -15 -16 -17 21 -19 19 -21 -22 22 23 -25 -26 -27 29 -29 -30 -31
leaf_value=-0.0021849962559260514 0.0012983997952511997 -7.0206893079191598e-05 0.0028200649059692082 -7.2271439134466434e-05 0.0062843878760274093 -0.0030265288754333501 0.00048274692359661644 -0.0031057388340685445 -0.0014123892618369772 0.0013378112502154594 -0.0027514843270762118 -0.0020017140353150165 0.0015263668088536519 -0.0004167802960078099 0.0015858604498983798 -0.00077865011405109656 0.00029051263094284077 0.0013116456532348388 -0.001261894260721934 0.00074454901463639762 0.00010895601244786391 0.00048299787117819239 0.0002232255905606273 -0.0023786646442579581 -0.0016879748476645445 0.00088629618260028804 -0.0019739783787562164 0.0025645045189771065 -0.0017130092971041511 -0.00021455431204491784
leaf_weight=4564 7110 13406 5708 6908 4717 4794 12659 4587 5449 5269 5302 5517 5681 8252 5358 8270 21276 5049 5928 6357 6282 41496 6621 4536 9842 7601 5422 5875 5305 86647
leaf_count=4564 7110 13406 5708 6908 4717 4794 12659 4587 5449 5269 5302 5517 5681 8252 5358 8270 21276 5049 5928 6357 6282 41496 6621 4536 9842 7601 5422 5875 5305 86647
internal_value=-5.34972e-05 -0.000852573 -7.72729e-06 0.000950796 -4.78907e-05 -6.73294e-05 -0.000610116 -0.00012608 -2.37293e-05 -0.000117534 -0.000170957 -0.000104131 -6.6523e-05 0.00043817 0.00066313 0.000384333 -0.000118081 0.000764857 0.000443943 -0.000167819 0.00088374 -8.07318e-05 0.000250437 -0.000959729 -0.00020356 -0.000110307 -0.000184393 0.000323465 -0.000201704 -0.000363431
internal_weight=331788 17970 313818 12616 301202 296485 22040 17246 274445 228121 216570 211268 205751 46324 38072 32714 200070 24444 19395 12285 11551 194621 52653 11157 141968 132126 124525 32456 26581 92069
internal_count=331788 17970 313818 12616 301202 296485 22040 17246 274445 228121 216570 211268 205751 46324 38072 32714 200070 24444 19395 12285 11551 194621 52653 11157 141968 132126 124525 32456 26581 92069
is_linear=0
shrinkage=0.05


Tree=113
num_leaves=31
num_cat=0
split_feature=9 5 7 2 0 2 8 4 2 7 0 8 8 7 7 7 8 8 8 7 7 7 7 7 7 7 5 7 8 8
split_gain=4.59629 4.58909 4.52201 5.17011 3.14558 6.36064 4.5456 2.18556 4.97949 5.8356 4.34322 3.69428 6.05689 6.71689 5.61148 13.8681 5.67206 4.41326 7.87036 7.00828 18.1133 6.00509 11.4205 18.5623 7.58919 8.611 3.44814 4.31503 7.70978 9.6654
threshold=2.5000000000000004 2.5000000000000004 0.84552124650000016 2.5000000000000004 99.500000000000014 6.5000000000000009 1.3201884320000004 0.89403782176714686 3.5000000000000004 0.9225350630000001 76.500000000000014 0.92233349500000006 0.96876116550000013 0.95813489450000011 0.97690684250000015 0.99308499750000012 1.0237742465000002 1.1996017105000003 1.1640513860000004 1.028182989 1.0692156960000003 1.0320909540000003 1.0575228460000001 1.0758004030000003 1.0920774425000002 1.1144229290000003 15.500000000000002 1.0233017285000001 1.0519316795000002 1.1557926060000001
decision_type=2 2 2 2 2 2 2 10 2 2 2 2 2 2 2 2 2 2 2 2 2 2 2 2 2 2 2 2 2 2
left_child=1 -1 3 -2 5 7 -6 26 9 -9 -10 -11 -13 -14 -15 -16 -17 18 19 -18 -21 -19 -23 -24 -25 -26 27 -4 -29 -30
right_child=2 -3 4 -5 6 -7 -8 8 10 11 -12 12 13 14 15 16 17 21 -20 20 -22 22 23 24 25 -27 -28 28 29 -31
leaf_value=-0.00011137768724585052 0.00011023063863399991 -0.0019497920495920363 8.5527004298813217e-06 -0.0020822959329570736 0.00032556316965738912 -0.0017452945881839405 0.0035964539361325156 0.0010906442332160315 -0.001615094747015064 0.0007115879328764785 -0.00037089017520535177 -0.0016223235560609895 0.0010086362078779527 -0.0016007652404819107 0.0013136530978553969 -0.001550665974404686 -0.0013514730401196634 -0.0011277293528183187 0.0012420626905302323 0.0025333550063820435 -0.0011491732961718016 0.0015374364186198919 -0.0028895070253186494 0.0012642017880323043 -0.0017140230348491855 -3.7668666236548304e-05 -0.00042160324907185856 0.0019343905965223647 -0.00087800739992542349 0.00073996078448151372
leaf_weight=8225 5056 6593 61067 6021 44964 7452 4585 8649 6918 7416 15643 4733 5932 4630 5370 5734 5900 5880 5956 5641 5580 6083 4757 4747 5194 24876 15714 5147 6247 21958
leaf_count=8225 5056 6593 61067 6021 44964 7452 4585 8649 6918 7416 15643 4733 5932 4630 5370 5734 5900 5880 5956 5641 5580 6083 4757 4747 5194 24876 15714 5147 6247 21958
internal_value=-6.86861e-05 -0.000929299 -2.85508e-05 -0.0010208 7.29355e-06 -6.29789e-05 0.000372069 -2.00179e-05 -0.000151367 -2.02848e-05 -0.00083145 -0.000120004 -0.000199098 -0.000113206 -0.000220247 -0.000128612 -0.000293082 -0.000176564 0.000398037 -0.000146707 0.000586807 -0.000433869 -0.000240079 -0.000550165 -0.00014969 -0.000443059 0.000146521 0.000260659 0.00071799 0.000393034
internal_weight=332668 14818 317850 11077 306773 257224 49549 249772 139639 117078 22561 108429 101013 96280 90348 85718 80348 74614 23077 17121 11221 51537 45657 39574 34817 30070 110133 94419 33352 28205
internal_count=332668 14818 317850 11077 306773 257224 49549 249772 139639 117078 22561 108429 101013 96280 90348 85718 80348 74614 23077 17121 11221 51537 45657 39574 34817 30070 110133 94419 33352 28205
is_linear=0
shrinkage=0.05


Tree=114
num_leaves=31
num_cat=0
split_feature=4 7 9 2 0 3 2 7 7 5 3 7 2 7 2 0 3 4 3 2 4 3 9 7 7 7 7 9 0 2
split_gain=4.62239 3.0602 2.79303 7.27369 3.71868 3.3975 3.3378 1.79766 2.42993 2.11725 3.03585 1.92049 6.56756 6.465 2.62297 8.42428 5.61235 4.41585 3.33812 5.78213 5.00192 4.56878 3.86202 5.9949 3.23501 6.45288 4.5885 3.89757 8.341 5.98509
threshold=1.7688405962482279 0.81406633500000003 4.5000000000000009 5.5000000000000009 108.50000000000001 35.269646639500003 7.5000000000000009 1.1460201665000003 1.1350018475000001 21.500000000000004 8.4466092650000011 1.0934611560000003 2.5000000000000004 1.0866460510000002 4.5000000000000009 67.500000000000014 -14.202976339499999 0.71193700132673154 11.182899174500003 1.5000000000000002 0.70792748231424296 -19.952743553999998 33.500000000000007 0.92120249550000011 1.0758004030000003 1.0575228460000001 1.0473717320000002 28.500000000000004 52.500000000000007 2.5000000000000004
decision_type=10 2 2 2 2 2 2 2 2 2 2 2 2 2 2 2 2 10 2 2 10 2 2 2 2 2 2 2 2 2
left_child=1 -1 3 -3 5 6 7 8 11 10 -9 13 -13 14 18 -16 17 -17 20 -20 22 -22 23 -4 25 26 27 28 29 -23
right_child=-2 2 4 -5 -6 -7 -8 9 -10 -11 -12 12 -14 -15 15 16 -18 -19 19 -21 21 24 -24 -25 -26 -27 -28 -29 -30 -31
leaf_value=-0.00091496723229397565 0.001443596471298378 -9.3542252135114809e-05 -0.00055030308252364268 -0.0035733200416639523 0.0013196817040164095 -0.0014004998336419718 -0.0021451354135270414 -0.00019953259748445586 0.00099377082233650395 0.00065751803005714704 -0.0016121212618566806 -0.00086692745367842336 0.00058473309884297942 0.0014553484769303183 -0.0021446828997041287 -0.00025815507310750636 -0.0010120166481412812 0.0011600396184292372 -0.00021429805735810327 0.0012375434375351685 -0.001424712292907815 6.782763088216682e-05 0.0014117333792006304 0.00054727877887088001 0.00087455358228045739 -0.0011412175956259875 0.0014595647293748515 -0.00038915381399311504 0.0010663427384842467 -0.0013902619538971818
leaf_weight=6518 4988 21286 7743 5075 24948 9691 4964 15262 5189 5065 4649 12767 8592 5073 5040 8834 12062 9583 9159 13782 6229 30621 4653 23507 4547 8385 5053 31537 11384 5631
leaf_count=6518 4988 21286 7743 5075 24948 9691 4964 15262 5189 5065 4649 12767 8592 5073 5040 8834 12062 9583 9159 13782 6229 30621 4653 23507 4547 8385 5053 31537 11384 5631
internal_value=-2.77634e-05 -5.08286e-05 -2.89948e-05 -0.000521979 1.52234e-05 -3.89395e-05 -4.57935e-06 2.04933e-05 6.43594e-05 -0.000382291 -0.000614456 3.95875e-05 -0.000411323 8.70812e-05 4.18447e-05 -0.0003473 -3.40342e-05 0.000515009 0.000127053 0.000685849 3.49977e-05 -0.000141573 0.000543403 0.000343145 -5.73778e-05 -0.000121334 1.03881e-05 -8.28829e-05 0.000202557 -0.000168243
internal_weight=331817 326829 320311 26361 293950 269002 259311 254347 229371 24976 19911 224182 21359 202823 197750 35519 30479 18417 162231 22941 139290 103387 35903 31250 97158 92611 84226 79173 47636 36252
internal_count=331817 326829 320311 26361 293950 269002 259311 254347 229371 24976 19911 224182 21359 202823 197750 35519 30479 18417 162231 22941 139290 103387 35903 31250 97158 92611 84226 79173 47636 36252
is_linear=0
shrinkage=0.05


Tree=115
num_leaves=31
num_cat=0
split_feature=8 4 8 7 8 5 7 8 9 9 7 8 8 7 7 7 4 7 8 0 8 8 8 7 8 7 8 8 8 7
split_gain=3.65721 9.38896 7.99394 12.8731 12.775 9.18798 8.57249 7.58691 5.79237 5.76507 5.22934 19.1837 11.1961 11.8199 9.90201 9.98589 13.0404 6.47879 4.17286 3.55791 3.95004 6.59682 13.3637 12.4181 6.08047 15.7502 11.9079 14.4966 9.45065 9.28255
threshold=0.94232026850000017 0.36763814755456808 0.99996303200000003 0.9139297395 1.0000014820000003 10.500000000000002 0.90085482550000007 0.91975546850000012 24.500000000000004 24.500000000000004 0.97754740050000011 1.0260839095000003 1.0189477030000003 0.99308499750000012 0.96724136100000013 0.94873068150000017 0.81541554238303438 1.0000053235000002 1.1126193215000002 105.50000000000001 1.0472232010000002 1.1640513860000004 1.2271159115000001 1.0370127805000002 1.2618163615000004 1.0744235155000001 1.3109496115000001 1.2922678700000001 1.4053251940000002 1.0584166585000003
decision_type=2 10 2 2 2 2 2 2 2 2 2 2 2 2 2 2 10 2 2 2 2 2 2 2 2 2 2 2 2 2
left_child=1 -1 3 -2 -4 -5 -6 -3 -7 -9 11 -8 -12 18 15 16 -13 -15 -14 20 -19 -22 23 -23 25 -24 27 -26 -28 -30
right_child=2 7 4 5 6 8 10 9 -10 -11 12 14 13 17 -16 -17 -18 19 -20 -21 21 22 24 -25 26 -27 28 -29 29 -31
leaf_value=-0.0021488402800152809 -0.001457805195452494 5.9771698024638222e-06 -0.002211552527510935 0.001757254208716974 0.0015219475512155412 -0.00017990284090856347 0.0016863181634681201 -0.00043114171454524677 0.0014933347920426639 -0.0023129151564793451 -0.0017633240787177651 -0.0028712166371718502 0.00047456850440753541 -0.0013638175032817225 -0.0021742099115166255 0.00047393559613574389 -0.00010705370175415063 0.0014251124757051481 0.0015554336580460377 0.0023418623280886453 -0.00053555719664530321 0.0024533821928343137 -0.0022387809598788748 0.00037538535426072942 6.1825501676360256e-05 0.00052661465089131059 -0.00083542039141227826 0.0025207319426253012 0.0015911683014200651 -6.2560640902634143e-05
leaf_weight=4942 4587 68712 7195 9277 4631 10073 4547 7126 9344 5110 6391 4674 4645 6119 5796 8031 6339 6069 6194 10251 32322 6159 4960 14066 7977 5721 20150 5184 4673 30808
leaf_count=4942 4587 68712 7195 9277 4631 10073 4547 7126 9344 5110 6391 4674 4645 6119 5796 8031 6339 6069 6194 10251 32322 6159 4960 14066 7977 5721 20150 5184 4673 30808
internal_value=-4.53583e-05 -0.00032627 5.26529e-05 0.000773223 -6.00027e-05 0.00116642 1.24567e-05 -0.000197028 0.000547704 -0.00134384 -3.65524e-05 -0.000652814 6.89453e-05 0.000148364 -0.00119944 -0.000648328 -0.00162575 3.63353e-05 0.00174405 0.000102127 3.53926e-05 -2.19655e-05 0.000179282 0.00132662 -0.000112767 -0.00122239 5.95956e-05 0.00141178 -0.000260398 0.000230725
internal_weight=332073 85890 246183 33281 212902 28694 205707 80948 19417 12236 201076 29387 171689 165298 24840 19044 11013 154459 10839 148340 138089 132020 99698 20225 79473 10681 68792 13161 55631 35481
internal_count=332073 85890 246183 33281 212902 28694 205707 80948 19417 12236 201076 29387 171689 165298 24840 19044 11013 154459 10839 148340 138089 132020 99698 20225 79473 10681 68792 13161 55631 35481
is_linear=0
shrinkage=0.05


Tree=116
num_leaves=31
num_cat=0
split_feature=6 3 8 8 2 4 7 8 8 8 8 7 7 7 7 8 8 8 4 2 8 7 8 3 8 8 3 8 2 2
split_gain=3.72997 3.33368 2.20449 11.0966 8.00217 9.89628 10.8503 8.87592 9.11739 12.4987 8.0181 7.55612 6.61583 4.85091 7.48165 7.32995 7.35608 11.5857 11.4317 8.87326 7.61032 7.90462 7.38511 4.41923 10.4384 8.83554 7.97941 4.14656 15.1829 9.68571
threshold=2.5000000000000004 57.332769702000007 1.3109496115000001 1.2922678700000001 3.5000000000000004 1.1683272618710758 1.1585803860000001 1.6516427525000001 1.5441749580000004 1.4093943000000004 1.3572194490000002 1.0906577955000001 1.1053226455000003 1.0563097930000003 1.0445113095 1.0299972105000001 1.1831267190000003 1.2157222685000002 0.80650813903758589 1.5000000000000002 1.2395363740000003 1.1036785675000003 1.134337616 14.519103264000002 0.90015274200000006 1.0092210495 23.559487304500006 1.1831267190000003 2.5000000000000004 1.0000000180025095e-35
decision_type=2 2 2 2 2 8 2 2 2 2 2 2 2 2 2 2 2 2 10 2 2 2 2 2 2 2 2 2 2 2
left_child=1 2 3 13 5 7 11 8 9 10 -4 -7 -11 14 23 -15 18 -18 -17 -20 -19 -22 -21 27 -25 -26 -27 29 -29 -1
right_child=-2 -3 4 -5 -6 6 -8 -9 -10 12 -12 -13 -14 15 -16 16 17 20 19 22 21 -23 -24 24 25 26 -28 28 -30 -31
leaf_value=0.00060265606927432382 -0.0018997098040290318 0.0023463574037193959 0.00045688448666907913 0.0016768121696474404 -0.0018494017631003224 -0.00058546849817300297 0.00042243663041708349 0.0018812519791509552 -0.0013473131337916279 0.0022216305829196176 -0.0013011591175778464 -0.0023659337499788605 0.00023372372964677868 0.0021338858484647757 -0.001545462212672777 -0.0018190734491786516 0.002646542647263295 -0.001278783364343869 -0.0011433483722353948 0.0021697624715655175 -0.00065738753401575203 0.0023931236623749908 -0.00070831214228957444 -0.0016299106422974941 0.0037626783473350498 0.0015468052848276515 -0.0014387925866313767 -0.0013593472636402788 0.00099437665690715882 -0.00017560901194937223
leaf_weight=25184 7112 5091 7128 6167 7402 4742 7930 5925 4765 5418 6962 5108 5194 7672 9805 4590 6073 4842 5066 6621 4555 5339 4578 4950 6510 4646 5118 10588 5853 131236
leaf_count=25184 7112 5091 7128 6167 7402 4742 7930 5925 4765 5418 6962 5108 5194 7672 9805 4590 6073 4842 5066 6621 4555 5339 4578 4950 6510 4646 5118 10588 5853 131236
internal_value=-5.79514e-06 1.89963e-05 -1.21104e-06 6.22114e-05 -0.000272784 -5.82959e-05 -0.00102052 0.000425177 6.99817e-05 0.000456348 -0.000519688 -0.00212836 0.00175191 1.11558e-05 -9.64957e-05 0.00045601 0.000194389 0.000859398 -0.000469199 0.000152889 0.000101757 0.000896555 0.000938281 -2.84018e-05 0.000652409 0.0012639 0.000312212 -0.000112009 -0.000867232 -3.26035e-05
internal_weight=332170 325058 319967 259393 60574 53172 17780 35392 29467 24702 14090 9850 10612 253226 203890 49336 41664 20809 20855 16265 14736 9894 11199 194085 21224 16274 9764 172861 16441 156420
internal_count=332170 325058 319967 259393 60574 53172 17780 35392 29467 24702 14090 9850 10612 253226 203890 49336 41664 20809 20855 16265 14736 9894 11199 194085 21224 16274 9764 172861 16441 156420
is_linear=0
shrinkage=0.05


Tree=117
num_leaves=31
num_cat=0
split_feature=9 0 2 4 4 4 3 2 0 4 2 9 8 8 6 0 7 8 8 7 8 7 4 7 3 8 8 8 0 7
split_gain=4.64359 4.00215 8.8175 6.75186 3.90209 3.25538 2.63981 4.94349 7.12213 4.2646 5.98184 3.43611 5.78867 5.77949 3.92981 3.70386 3.68563 3.20291 10.2563 7.19479 5.5113 3.83878 5.44489 7.86987 7.12363 3.84753 2.63302 8.05534 6.04394 4.5669
threshold=2.5000000000000004 102.50000000000001 6.5000000000000009 0.69180060699387691 1.2399721071032637 0.84440490432270965 -13.432584267999998 2.5000000000000004 46.500000000000007 0.4142750846076762 1.5000000000000002 43.500000000000007 1.0976287175000004 1.3474409155000002 1.0000000180025095e-35 77.500000000000014 1.071862928 1.1942968215000003 1.0283053655000003 1.0291086955000002 1.2891002410000001 1.0046301695000002 0.73487844853869044 0.93934972700000008 -30.342766166999997 0.91068698050000008 1.5192940695000001 1.4521807725000002 49.500000000000007 1.1201095380000001
decision_type=2 2 2 10 10 10 2 2 2 10 2 2 2 2 2 2 2 2 2 2 2 2 10 2 2 2 2 2 2 2
left_child=5 2 6 -4 -3 -1 9 26 -9 -2 -11 12 14 16 -10 -16 -14 18 21 -20 -19 22 23 24 -12 -24 27 29 -28 -8
right_child=1 4 3 -5 -6 -7 7 8 11 10 17 -13 13 -15 15 -17 -18 20 19 -21 -22 -23 25 -25 -26 -27 28 -29 -30 -31
leaf_value=-0.00030030985147856963 -0.0007597973760483629 0.00047784383337424742 -0.003311151732992958 -0.00017956817083881473 0.0032463668422263838 -0.0020113462197194122 -1.68040876166925e-05 -0.0014121365480822602 -0.00144194643308041 -0.00088787571441723001 0.0017657744304333508 -0.0015409468461374477 0.00030292980273637082 -0.00078489472174582138 -0.00082964369984924466 0.00050178248664729537 0.0018906556650595486 0.0023335872790864244 0.0001298581170826249 -0.0017328382746759437 0.00019115035195552688 0.002757939891646344 0.00075037917274247974 -0.0012013031960855349 -0.0002612265430560354 0.0020837228260781162 2.599318141489615e-05 -0.0019270388422422014 0.0018676589231624132 0.00069021148890897335
leaf_weight=9891 4939 35228 4703 4844 7606 4842 105482 8203 7609 5269 5003 8634 8494 6093 6416 8807 6732 4509 7976 4870 5035 4701 4516 7224 4778 4565 9801 5301 4500 15544
leaf_count=9891 4939 35228 4703 4844 7606 4842 105482 8203 7609 5269 5003 8634 8494 6093 6416 8807 6732 4509 7976 4870 5035 4701 4516 7224 4778 4565 9801 5301 4500 15544
internal_value=-1.53183e-05 2.49695e-05 -4.51643e-05 -0.00153764 0.000474451 -0.000882922 8.63188e-06 -7.98528e-05 -0.00045579 0.000290069 0.000409317 -0.000242707 -6.42608e-05 0.000528161 -0.000617419 -0.0001535 0.00104885 0.000568566 0.000386991 -0.000799549 0.00139805 0.000882128 0.000644858 0.000116843 0.00104103 0.00163301 8.31953e-05 1.03893e-05 0.000726094 9.39842e-05
internal_weight=332115 317382 274548 9547 42834 14733 265001 201616 60988 63385 58446 52785 44151 21319 22832 15223 15226 53177 43633 12846 9544 30787 26086 17005 9781 9081 140628 126327 14301 121026
internal_count=332115 317382 274548 9547 42834 14733 265001 201616 60988 63385 58446 52785 44151 21319 22832 15223 15226 53177 43633 12846 9544 30787 26086 17005 9781 9081 140628 126327 14301 121026
is_linear=0
shrinkage=0.05


Tree=118
num_leaves=31
num_cat=0
split_feature=0 2 4 4 4 8 8 7 8 8 7 7 7 7 8 8 2 8 0 2 8 8 8 7 8 8 2 8 4 8
split_gain=3.67813 3.79427 3.89318 3.12194 3.69808 2.34584 8.6622 6.50877 6.81533 14.8608 7.43894 11.5916 3.51082 6.69346 9.37681 4.21997 15.1826 11.9807 9.78515 6.12916 11.8864 5.16626 3.47687 6.17672 4.12707 11.4862 7.06275 7.55831 4.85529 9.2754
threshold=117.50000000000001 7.5000000000000009 0.8126302106496357 1.9872758246888045 1.6534265709003368 1.3572194490000002 1.3938727930000001 1.0563097930000003 1.4583205875 1.5192940695000001 1.2268644580000003 1.1557826560000002 1.0563097930000003 1.0692156960000003 1.1156738845000003 1.1865423385 1.0000000180025095e-35 1.2489364475000002 58.500000000000007 1.5000000000000002 1.1368772090000003 1.0689273500000003 1.2922678700000001 1.0445113095 1.1912749420000002 1.1667312910000003 2.5000000000000004 1.2304387475000003 0.7944594209416459 1.0952802825000003
decision_type=2 2 10 8 10 2 2 2 2 2 2 2 2 2 2 2 2 2 2 2 2 2 2 2 2 2 2 2 10 2
left_child=1 3 -3 4 5 12 -7 -8 -9 -10 11 -11 22 14 -14 19 -17 -18 -19 -15 21 -21 23 24 25 28 27 -26 -1 -30
right_child=-2 2 -4 -5 -6 6 7 8 9 10 -12 -13 13 15 -16 16 17 18 -20 20 -22 -23 -24 -25 26 -27 -28 -29 29 -31
leaf_value=0.00024518875616834633 0.0073150877464874505 -0.0031276581422887504 0.00023549696052430348 0.00099647006550925856 -0.0013331188246444748 -0.0014706749340014091 0.0011386096596475383 0.00082975906701823201 -0.0025625673086663667 -0.0005040760892963237 -0.0017976101247871219 0.0029314035709240905 0.0034960934362635921 -0.001152584923835559 0.00024213369039753353 0.0018203895937643545 0.0011456702788323226 -0.002111216354232795 0.00017427367180241349 0.00013287657542131737 -0.0017237273688725187 0.0023867896708363538 0.00064272666887676413 -0.0014913246593822429 -0.0020775408345672709 0.0017342673716409741 0.00045672656315633446 -0.00017025829699018891 -5.5772257438183043e-05 -0.0012017195574562268
leaf_weight=64662 4812 6519 4558 5509 5026 8303 6689 9013 5478 6423 5608 4834 4766 6092 6087 5711 8573 5700 6382 5882 4677 4617 7259 9506 5331 5862 6139 5253 82880 14087
leaf_count=64662 4812 6519 4558 5509 5026 8303 6689 9013 5478 6423 5608 4834 4766 6092 6087 5711 8573 5700 6382 5882 4677 4617 7259 9506 5331 5862 6139 5253 82880 14087
internal_value=-3.25816e-05 -5.27592e-05 -0.000962146 -2.09022e-05 -4.18215e-05 -1.97012e-05 -0.000347335 -2.79238e-05 -0.000330028 -0.00079817 -6.29816e-05 0.000678166 3.8829e-05 0.000379753 0.00150005 0.000124373 0.000547002 -8.40997e-05 -0.00109829 -0.000399568 0.000138331 0.00107221 -6.03904e-05 -0.000100658 -3.65055e-05 3.82845e-05 -0.00078536 -0.00156766 -4.0601e-05 -0.00026438
internal_weight=332238 327426 11077 316349 310840 305814 46348 38045 31356 22343 16865 11257 259466 58487 10853 47634 26366 20655 12082 21268 15176 10499 200979 193720 184214 167491 16723 10584 161629 96967
internal_count=332238 327426 11077 316349 310840 305814 46348 38045 31356 22343 16865 11257 259466 58487 10853 47634 26366 20655 12082 21268 15176 10499 200979 193720 184214 167491 16723 10584 161629 96967
is_linear=0
shrinkage=0.05


Tree=119
num_leaves=31
num_cat=0
split_feature=9 5 0 8 8 8 7 3 5 3 4 7 8 5 8 8 9 7 4 8 8 3 3 7 4 8 7 9 9 8
split_gain=3.06403 3.27672 2.96899 5.40574 6.41852 4.63098 3.82992 10.0442 5.32514 3.48577 4.10469 4.39801 15.9478 3.97687 3.34169 7.60976 6.06563 5.40649 3.66353 4.28534 5.18101 5.81343 5.35632 3.59535 5.44401 3.25595 6.37116 3.03051 2.9399 2.93084
threshold=2.5000000000000004 1.5000000000000002 76.500000000000014 0.89565229550000003 0.87664883000000005 1.4521807725000002 0.91047063400000006 -5.7697706354999996 7.5000000000000009 -32.422926974499994 0.90296336447812076 0.94766751400000004 1.0519316795000002 9.5000000000000018 0.88416965650000012 0.90801627700000009 37.500000000000007 0.98628077500000011 1.1895740362512177 0.9749352160000001 1.0420770275000002 6.7264742820000007 -5.7697706354999996 0.94667231500000015 0.75615471935197054 1.1052717865000001 1.0825141075000002 19.500000000000004 38.500000000000007 1.0901267645000001
decision_type=2 2 2 2 2 2 2 2 2 2 10 2 2 2 2 2 2 2 10 2 2 2 2 2 10 2 2 2 2 2
left_child=1 -1 3 4 6 14 8 -8 -2 -5 11 12 13 -11 16 -16 17 23 19 27 22 25 -21 24 -4 -22 -27 -17 -20 -13
right_child=2 -3 5 9 -6 -7 7 -9 -10 10 -12 29 -14 -15 15 18 -18 -19 28 20 21 -23 -24 -25 -26 26 -28 -29 -30 -31
leaf_value=2.387403039725289e-05 -0.0011268408024100397 -0.0014897859206741415 -0.00030582610743489229 -0.00082984665977998149 -0.0015149438174825961 0.0018729698302205834 -0.00227472313648881 0.00039026303379126608 0.00084729718158645388 -0.00021415334317332615 -0.00013780425614826064 0.00073928271572230311 -0.0021909391984226922 0.0012935057196530764 -0.0024533199841543021 -0.00026382582409551213 -0.0011013833176535467 0.0032043528605689656 0.0020043132393195774 -0.0022208958788165313 0.0016570498156574299 -0.0013897979408787565 0.0001926722396711378 -0.00065593735860612905 0.0025272418719830547 -0.00062710612375364025 0.0018479830358776152 0.0015904507049659207 8.5586147611538271e-05 0.00016338293296222495
leaf_weight=7279 4735 7518 4515 4647 4942 6191 5679 4603 8648 5011 94987 22532 4668 4727 5194 5712 4804 4651 8869 8685 6503 9399 5484 5205 6517 10549 4871 8359 7624 39104
leaf_count=7279 4735 7518 4515 4647 4942 6191 5679 4603 8648 5011 94987 22532 4668 4727 5194 5712 4804 4651 8869 8685 6503 9399 5484 5205 6517 10549 4871 8359 7624 39104
internal_value=-2.39301e-05 -0.000727098 8.8605e-06 -0.000104938 -0.000742258 0.000214342 -0.000399768 -0.00112521 0.000157791 -1.13843e-06 3.55923e-05 0.000309348 -0.000477066 0.000674843 0.000137336 -1.98452e-05 0.000634315 0.00100273 0.000106659 -7.59649e-05 -0.000311841 4.7084e-05 -0.00110502 0.00057182 0.00108272 0.000493091 9.72447e-05 0.000686452 0.000766002 0.000493178
internal_weight=332212 14797 317415 204283 28607 113132 23665 10282 13383 175676 171029 76042 14406 9738 106941 81249 25692 20888 76055 59562 45491 31322 14169 16237 11032 21923 15420 14071 16493 61636
internal_count=332212 14797 317415 204283 28607 113132 23665 10282 13383 175676 171029 76042 14406 9738 106941 81249 25692 20888 76055 59562 45491 31322 14169 16237 11032 21923 15420 14071 16493 61636
is_linear=0
shrinkage=0.05


Tree=120
num_leaves=31
num_cat=0
split_feature=7 2 0 9 2 4 4 7 7 7 5 5 7 7 7 4 7 3 7 7 7 2 5 4 7 7 2 0 9 7
split_gain=4.23384 4.70017 3.45763 3.57386 4.43874 3.22484 2.62026 3.02513 3.44073 2.11024 2.63214 2.88987 2.50855 4.72998 4.25526 2.90989 3.95447 5.37462 2.46756 5.58919 4.91117 3.64281 3.04649 2.22576 3.40328 10.7166 2.81505 2.41811 2.0723 2.05005
threshold=0.84552124650000016 2.5000000000000004 117.50000000000001 5.5000000000000009 5.5000000000000009 0.90296336447812076 1.7033585699110478 1.2268644580000003 1.1927919445000004 0.86446267950000011 3.5000000000000004 14.500000000000002 0.90684916650000014 0.9253556475000001 0.94314624850000006 1.2867201414757929 1.1092861080000003 22.237232914000003 0.97838995950000007 0.95619744050000011 0.99308499750000012 5.5000000000000009 18.500000000000004 1.054011042644299 1.0072142665000003 1.0262334550000001 1.5000000000000002 63.500000000000007 51.500000000000007 1.071862928
decision_type=2 2 2 2 2 10 10 2 2 2 2 2 2 2 2 10 2 2 2 2 2 2 2 10 2 2 2 2 2 2
left_child=1 -1 3 4 5 -2 7 8 9 -5 -11 -12 -13 -14 -15 18 17 -17 19 -16 -20 23 -21 24 -22 -26 -27 -28 -25 -29
right_child=2 -3 -4 6 -6 -7 -8 -9 -10 10 11 12 13 14 15 16 -18 -19 20 22 21 -23 -24 28 25 26 27 29 -30 -31
leaf_value=5.0355622695269501e-05 0.0001153146678118111 -0.0018441255854274711 0.0067541732530509713 0.0010056432927338377 -0.0026583149983486877 -0.00093917126892081317 0.0012332327174804925 -0.00099304813011397998 0.0013056184894662149 -0.0011090299829636025 0.0001416679370816354 -0.00092345444557352945 0.0012708099999684391 -0.0013912782017660138 0.00060242895968984356 0.00056942017817127044 -0.0016688198832652157 -0.0013114611370832171 0.0011234915027607873 -0.00031765304679136076 -0.0017289662334235346 0.0021960147451098866 -0.0018418338448414784 0.00030977686897291912 0.0015531422706038468 0.00015579366076013402 -0.0017050477670267628 -0.0012647692595332606 -0.00084308565112770637 0.00015325637083931365
leaf_weight=5507 17844 6252 4719 4508 5734 9677 4513 8566 6156 5419 128467 6152 4614 5592 5186 6028 5685 9112 7657 4867 4951 5919 5187 24688 4581 5988 4564 4686 4793 4512
leaf_count=5507 17844 6252 4719 4508 5734 9677 4513 8566 6156 5419 128467 6152 4614 5592 5186 6028 5685 9112 7657 4867 4951 5919 5187 24688 4581 5988 4564 4686 4793 4512
internal_value=-4.06469e-05 -0.000972246 -6.43787e-06 -2.65325e-05 -0.000516762 -0.000252943 3.12062e-05 1.17855e-05 4.12154e-05 1.38698e-05 -4.83273e-06 1.85105e-05 -0.000152885 -0.0001018 -0.000165349 -9.5933e-05 -0.0006271 -0.000204688 3.03994e-05 -0.000547721 0.000152224 1.04349e-05 -0.00123521 -0.00010869 -0.000417421 -0.000174125 -0.000679575 -0.00107322 0.000197975 -0.000605781
internal_weight=332124 11759 320365 315646 33255 27521 282391 277878 269312 263156 258648 253229 124762 118610 113996 108404 20825 15140 87579 15240 72339 64682 10054 58763 29282 24331 19750 13762 29481 9198
internal_count=332124 11759 320365 315646 33255 27521 282391 277878 269312 263156 258648 253229 124762 118610 113996 108404 20825 15140 87579 15240 72339 64682 10054 58763 29282 24331 19750 13762 29481 9198
is_linear=0
shrinkage=0.05


Tree=121
num_leaves=31
num_cat=0
split_feature=2 9 4 3 7 7 7 9 7 7 2 3 7 4 9 9 4 0 4 7 5 2 7 7 7 0 3 7 9 7
split_gain=3.26256 4.92779 2.87332 3.43227 4.11246 7.37717 5.86628 5.75032 5.52275 22.8396 11.1717 4.64639 4.62449 4.41497 11.9943 5.11319 4.35272 4.32379 3.96047 6.28534 6.08713 5.51476 5.24116 4.3399 8.25314 5.51053 4.44194 8.31608 4.80669 3.6662
threshold=7.5000000000000009 16.500000000000004 1.9872758246888045 6.7264742820000007 0.94213990150000015 0.95619744050000011 0.96905717250000001 25.500000000000004 0.99967947350000008 1.0000053235000002 1.0000000180025095e-35 4.5688337305000006 0.99308499750000012 0.70396376307749819 26.500000000000004 34.500000000000007 0.65944985486520957 56.500000000000007 1.1070181890119197 1.0906577955000001 15.500000000000002 1.0000000180025095e-35 1.1585803860000001 0.93934972700000008 0.99800425250000013 89.500000000000014 25.835106967000005 1.0437164150000002 33.500000000000007 0.88401987800000015
decision_type=2 2 8 2 2 2 2 2 2 2 2 2 2 10 2 2 10 2 10 2 2 2 2 2 2 2 2 2 2 2
left_child=2 -2 3 4 13 7 17 -6 10 -10 -8 -11 16 14 -1 29 -12 -7 -5 21 -21 -20 -22 -23 25 -25 27 -26 -28 -15
right_child=1 -3 -4 18 5 6 8 -9 9 11 12 -13 -14 15 -16 -17 -18 -19 19 20 22 23 -24 24 26 -27 28 -29 -30 -31
leaf_value=-0.00038650290265263845 -0.0030821483313127427 0.0010024935478255754 0.00094623885877751781 -0.0015179115684090722 0.00047394582495238757 -0.0011572857855633668 0.0019602731592845007 0.0020621340208581418 -0.0025943839263979727 7.4302434120249183e-05 0.0015043298514791415 0.0010019721130739012 -0.001047586237796938 0.00056886798432319037 0.0014100298821895425 -0.0014865084728786617 0.00022235764378998881 5.1397155822080488e-05 -0.00097994632798459325 -0.0024577011554348994 -0.0011633931004881137 0.0020788808884527805 0.00046930653671949655 -0.0014602272429979691 0.0020300502728407277 0.00046172214688280369 0.0010491577246444673 1.9977641816837367e-05 -0.0019302050619168232 -0.00058337030098469804
leaf_weight=16335 7976 4522 5515 9884 7970 6701 5604 4725 5895 103595 4510 8181 5953 8460 6038 8512 17267 5618 6639 5134 10730 5716 9228 6071 7663 4851 5143 7534 4673 15505
leaf_count=16335 7976 4522 5515 9884 7970 6701 5604 4725 5895 103595 4510 8181 5953 8460 6038 8512 17267 5618 6639 5134 10730 5716 9228 6071 7663 4851 5143 7534 4673 15505
internal_value=-4.5461e-05 -0.000837799 -1.44687e-05 -3.43398e-05 6.49164e-05 0.000182717 9.24514e-05 0.0013435 0.000178051 1.7102e-05 0.000746123 0.000177132 0.000334415 -0.000313098 0.000227344 -0.00068538 0.000672 -0.000956467 -0.000309532 -0.000182934 -0.0008248 0.000150637 -0.000429545 0.000363993 0.000160337 -0.00098609 0.000661024 0.00119639 -0.000168007 -0.000311327
internal_weight=332148 12498 319650 314135 230869 176019 163324 12695 151005 117671 33334 111776 27730 54850 22373 32477 21777 12319 83266 73382 25092 48290 19958 41651 35935 10922 25013 15197 9816 23965
internal_count=332148 12498 319650 314135 230869 176019 163324 12695 151005 117671 33334 111776 27730 54850 22373 32477 21777 12319 83266 73382 25092 48290 19958 41651 35935 10922 25013 15197 9816 23965
is_linear=0
shrinkage=0.05


Tree=122
num_leaves=31
num_cat=0
split_feature=5 3 2 4 0 8 3 4 8 8 8 8 8 8 8 8 8 9 8 2 8 9 8 8 8 8 9 3 8 8
split_gain=3.29985 3.29493 2.52876 8.09167 6.04305 5.57686 4.6165 6.38721 5.87785 4.71736 8.70592 8.17087 5.52304 5.79083 7.3773 4.49419 13.3765 11.718 10.7322 6.61627 9.87224 8.37541 7.84382 4.16908 6.55374 7.50666 4.13402 4.01715 3.56549 7.58259
threshold=30.500000000000004 31.598499919000002 2.5000000000000004 0.44216914617872494 66.500000000000014 0.89565229550000003 -50.741739744999997 0.63832095183014004 0.76366048500000006 1.1692778010000002 1.2097847630000003 1.134337616 1.0923965605000003 0.9749352160000001 0.93834529050000015 1.0952802825000003 1.0216345210000002 34.500000000000007 1.1232906845000004 1.5000000000000002 0.97265127900000015 23.500000000000004 0.93401700600000004 1.0260839095000003 1.1052717865000001 1.2526022160000003 37.500000000000007 -7.6407521534999985 0.88416965650000012 0.82065572850000013
decision_type=2 2 2 8 2 2 2 10 2 2 2 2 2 2 2 2 2 2 2 2 2 2 2 2 2 2 2 2 2 2
left_child=2 -2 15 -4 5 -5 -6 -8 -9 11 -11 12 13 14 28 16 19 -18 -17 21 27 -1 -23 -7 -25 -26 -12 -21 29 -10
right_child=1 -3 3 4 6 23 7 8 9 10 26 -13 -14 -15 -16 18 17 -19 -20 20 -22 22 -24 24 25 -27 -28 -29 -30 -31
leaf_value=8.8026335641783193e-05 -9.9086790384939063e-05 0.0031239050863388351 -0.0018803847576871855 -0.0018096738688401074 0.001778985322165383 0.00034138688675866558 -0.0013324046755616521 0.0020505738507131887 -0.0013737203285593691 0.0028662034785591124 0.00081539128471022073 -0.0029043859790056636 0.0017019826670191087 -0.0011346586953348199 0.0018630173911915572 -0.0013394292849717604 0.00055272907358832615 0.0024781687441538108 -4.8519684082981573e-07 -0.00073477114290517462 0.0022881847389284947 -0.00019734557392577792 -0.0020781157178704547 -0.0014743233925269704 0.00063741933131363513 -0.00079514130937242413 -0.00087369752629254675 0.0008022124345258508 -0.0011420830826421146 0.0013580378513375958
leaf_weight=23135 4744 4571 4574 7266 4636 9905 6170 5849 6413 4856 11553 4541 6369 24308 8761 7704 13674 4508 89056 5658 4699 5973 5713 5556 7996 7930 8156 5233 11776 10861
leaf_count=23135 4744 4571 4574 7266 4636 9905 6170 5849 6413 4856 11553 4541 6369 24308 8761 7704 13674 4508 89056 5658 4699 5973 5713 5556 7996 7930 8156 5233 11776 10861
internal_value=-4.63647e-05 0.00088117 -7.31413e-05 -0.000216534 -0.000154506 -0.000694876 2.8336e-05 -3.70605e-05 5.61876e-05 -3.61172e-05 0.000563187 -0.000237732 -0.00010147 -0.000245276 0.000141805 6.3423e-05 0.000373007 0.00153544 -0.000156048 -4.63642e-05 0.000809554 -0.000429636 -0.0015204 -0.000405756 -0.000796994 -0.000280899 9.57441e-05 -1.72081e-05 -0.000241783 0.00021558
internal_weight=332144 9315 322829 157476 152902 38653 114249 109613 103443 97594 24565 73029 68488 62119 37811 165353 68593 18182 96760 50411 15590 34821 11686 31387 21482 15926 19709 10891 29050 17274
internal_count=332144 9315 322829 157476 152902 38653 114249 109613 103443 97594 24565 73029 68488 62119 37811 165353 68593 18182 96760 50411 15590 34821 11686 31387 21482 15926 19709 10891 29050 17274
is_linear=0
shrinkage=0.05


Tree=123
num_leaves=31
num_cat=0
split_feature=8 8 8 9 8 8 8 8 9 2 3 3 0 8 2 8 8 8 7 7 8 8 8 7 7 5 8 7 8 9
split_gain=3.15664 8.66746 8.5215 6.13373 4.92673 3.42816 5.51054 4.01164 5.16104 3.75916 4.02451 3.83136 2.75447 3.77872 5.59013 4.41842 10.2099 7.50023 7.63625 7.12037 3.42781 6.59556 3.82294 10.1463 6.41466 6.06188 5.07734 4.48952 2.90093 2.87102
threshold=1.5192940695000001 1.4757161485000003 1.4435879295000003 40.500000000000007 1.7298127505000003 1.3572194490000002 1.4053251940000002 1.3039599405000002 22.500000000000004 7.5000000000000009 49.624655780000005 -21.847178241999995 52.500000000000007 0.77793374000000004 3.5000000000000004 1.1970158730000002 1.1751955955000002 1.2690178225000002 1.0463138475000002 1.0896763150000002 0.85802784950000011 0.90015274200000006 1.0796594780000002 1.0100786505000003 0.99967947350000008 15.500000000000002 1.1208789765000002 0.96905717250000001 0.94434546000000008 31.500000000000004
decision_type=2 2 2 2 2 2 2 2 2 2 2 2 2 2 2 2 2 2 2 2 2 2 2 2 2 2 2 2 2 2
left_child=1 2 5 4 -2 7 -7 9 -9 10 12 -11 13 -1 15 16 19 18 -17 20 -15 -22 23 24 27 26 -24 28 -23 -14
right_child=3 -3 -4 -5 -6 6 -8 8 -10 11 -12 -13 29 14 -16 17 -18 -19 -20 -21 21 22 25 -25 -26 -27 -28 -29 -30 -31
leaf_value=-0.0014242496963455587 0.00049262677122841601 -0.0018610206585656125 0.0019364485573103579 0.0020825244246652666 -0.0013179690368525011 -0.0011394168159799989 0.00021895222165426722 0.0012325731027897524 -7.1815949553699629e-05 -0.0031013778126308417 -0.0020359297963018943 0.00017042989680543798 0.00035801540340096584 0.00083926563260996458 -0.0012907316802923314 -0.0016469893544108771 0.0016117197885585411 0.00054358105755377979 -0.0001974884581114611 -0.0014494127230094912 -0.0011487070984717242 -0.00065500460956175463 -0.00052789488317858679 0.0013300449006078395 -0.0011088762314901968 -0.0010342125600152491 0.00081408952266896902 0.0010213494915653433 0.00017322936214295148 -0.00013912942294142804
leaf_weight=5289 11392 5030 5242 5033 4672 11248 7593 7040 8179 7446 4842 4918 77042 7818 5976 7041 4949 5936 7441 4633 6578 4878 5856 8476 5090 6046 6296 7825 11992 60566
leaf_count=5289 11392 5030 5242 5033 4672 11248 7593 7040 8179 7446 4842 4918 77042 7818 5976 7041 4949 5936 7441 4633 6578 4878 5856 8476 5090 6046 6296 7825 11992 60566
internal_value=-5.21636e-05 -9.22829e-05 -5.84507e-05 0.000539641 6.22316e-05 -9.32727e-05 -0.00074618 -4.96619e-05 0.000739786 -9.46846e-05 -5.33242e-05 -0.000945913 -2.56274e-05 -0.000209588 -0.000144965 -5.68858e-05 0.000109862 -0.000713656 -0.00132705 -3.44403e-05 8.97897e-05 -3.27163e-05 0.000141905 0.000425639 -8.81168e-06 -0.000454595 0.000189191 0.000324393 -0.000134815 0.000124262
internal_weight=332363 311266 306236 21097 16064 300994 18841 282153 15219 266934 254570 12364 249728 112120 106831 100855 80437 20418 14482 75488 70855 63037 56459 38261 29785 18198 12152 24695 16870 137608
internal_count=332363 311266 306236 21097 16064 300994 18841 282153 15219 266934 254570 12364 249728 112120 106831 100855 80437 20418 14482 75488 70855 63037 56459 38261 29785 18198 12152 24695 16870 137608
is_linear=0
shrinkage=0.05


Tree=124
num_leaves=31
num_cat=0
split_feature=7 8 9 5 3 8 8 3 8 7 8 3 7 7 8 7 8 7 8 7 8 8 3 7 7 9 3 7 7 8
split_gain=3.28595 4.16338 3.12545 3.43173 3.20698 2.46548 5.85269 7.28925 3.38113 2.73863 8.89555 8.65588 11.9021 2.9367 4.79601 3.85712 9.86455 6.49025 5.68877 6.27983 5.22507 12.1623 4.34128 3.30241 10.2141 5.07288 4.13537 3.2625 3.61143 3.15774
threshold=1.2132531175000001 1.5192940695000001 4.5000000000000009 3.5000000000000004 -50.741739744999997 1.6712448535000004 1.4757161485000003 -0.14453587699999998 1.4361150800000002 1.1350018475000001 1.3628059890000002 16.809247325000005 1.1585803860000001 1.1017561920000001 1.1640513860000004 1.0563097930000003 1.2805315585000001 1.0640450860000004 1.2957820940000002 1.0445113095 1.1912749420000002 1.1667312910000003 -1.6899342194999998 1.0251857335000003 1.0132845280000002 22.500000000000004 2.9156208245000004 1.0744235155000001 1.0825141075000002 1.1100206280000002
decision_type=2 2 2 2 2 2 2 2 2 2 2 2 2 2 2 2 2 2 2 2 2 2 2 2 2 2 2 2 2 2
left_child=2 -2 -1 -4 -5 6 8 -8 9 10 13 12 -11 15 -15 18 17 -17 19 20 21 23 -22 24 -6 -26 -25 -19 -29 -21
right_child=1 -3 3 4 5 -7 7 -9 -10 11 -12 -13 -14 14 -16 16 -18 27 -20 29 22 -23 -24 26 25 -27 -28 28 -30 -31
leaf_value=-0.00049772892680244459 0.00213485146957641 -0.0001065027661902751 -0.0010356945001434082 0.0011918910995410261 1.6235910841960743e-05 0.0010780419861322499 -0.0020561833881792115 -7.364932051589502e-05 0.0011124128780854476 0.0024850666748399254 -0.0012684030683374594 -0.0015060925283376493 -0.00026409549288664014 -0.002083995544077144 3.0576427279269129e-05 0.0021189028764458605 -0.001138294660480571 -0.00038044615275512061 0.00091874026634621302 -0.0030715072872559814 -8.8268314108830298e-05 0.0017655833231170204 -0.0012998601805965767 6.7385292343680181e-05 -0.00040522096244889616 -0.0027571814384490302 0.0019100107323575589 0.0017577670882151565 0.00028575454282637748 -0.0003618467438738671
leaf_weight=26764 6111 7343 7611 5154 129103 4613 4741 6862 5276 5623 9007 4750 5585 4873 7996 5884 4823 6405 7019 4615 8459 5567 7444 8689 4648 4733 4609 4661 8692 4555
leaf_count=26764 6111 7343 7611 5154 129103 4613 4741 6862 5276 5623 9007 4750 5585 4873 7996 5884 4823 6405 7019 4615 8459 5567 7444 8689 4648 4733 4609 4661 8692 4555
internal_value=-4.27051e-05 0.000722565 -7.50158e-05 -2.76111e-05 4.39536e-07 -2.23824e-05 -4.16479e-05 -0.00114038 6.84356e-06 -1.8817e-05 -6.06939e-05 0.000615486 0.00137341 -1.02028e-06 -0.000735009 4.19488e-05 0.000564079 0.000954303 -4.20304e-05 -9.57917e-05 -2.82817e-05 5.9023e-05 -0.000891847 -2.51998e-05 -9.74807e-05 -0.00169002 0.00072728 0.000519911 0.000964778 -0.00137057
internal_weight=332215 13454 318761 291997 284386 279232 274619 11603 263016 257740 241782 15958 11208 232775 12869 219906 30465 25642 189441 182422 173252 157349 15903 151782 138484 9381 13298 19758 13353 9170
internal_count=332215 13454 318761 291997 284386 279232 274619 11603 263016 257740 241782 15958 11208 232775 12869 219906 30465 25642 189441 182422 173252 157349 15903 151782 138484 9381 13298 19758 13353 9170
is_linear=0
shrinkage=0.05


Tree=125
num_leaves=31
num_cat=0
split_feature=4 3 7 7 8 7 7 8 7 0 8 7 8 0 7 7 8 3 7 0 7 7 7 4 7 3 7 4 8 7
split_gain=3.16651 2.59937 5.2526 9.02011 5.92071 11.4789 5.53495 8.55631 7.11695 5.72448 4.96969 5.78846 4.8786 6.92226 6.20353 9.73874 6.35187 4.17763 3.85729 3.71641 3.37922 3.1829 7.68455 5.2412 6.24536 3.63441 3.14612 2.53753 3.05575 5.74334
threshold=1.9872758246888045 7.4488068425000007 1.0485333710000002 1.0575228460000001 1.0299972105000001 1.0866460510000002 1.1585803860000001 1.4879882285000001 1.1393784770000002 48.500000000000007 0.83524822400000009 0.93934972700000008 1.1318326185000003 100.50000000000001 1.0575228460000001 1.0072142665000003 0.96220362650000013 -1.3418075809999996 1.0423911465000002 49.500000000000007 1.0360263355000001 1.028182989 1.0596003980000002 1.3550120298981967 1.1585803860000001 12.931751794000002 1.0301846000000003 0.3422227397364791 0.88978217450000008 0.98628077500000011
decision_type=8 2 2 2 2 2 2 2 2 2 2 2 2 2 2 2 2 2 2 2 2 2 2 10 2 2 2 10 2 2
left_child=1 2 18 -4 -5 19 8 -8 9 17 -3 -12 14 21 15 16 -13 -7 20 -6 26 -14 -23 25 -25 -24 27 -1 29 -29
right_child=-2 10 3 4 5 6 7 -9 -10 -11 11 12 13 -15 -16 -17 -18 -19 -20 -21 -22 22 23 24 -26 -27 -28 28 -30 -31
leaf_value=-0.00079805782396301936 0.0011181488752836754 -0.0028940762233330866 0.002066493213641002 0.0024088705635371579 -0.00024556349597993911 -0.00076013763193210075 -0.0013606277197498297 0.00087826353822685339 0.0017972674021974806 0.0013107685228715528 0.0017359591347196224 -0.00084043367243445417 -0.0015801037537015979 0.0015109918957428249 0.0017478826181626496 -0.0015582491843128294 0.0015727488887513853 0.00048256318732323725 -0.0012773144054494146 -0.0016501414869749794 0.0010008297895461483 0.00079726749288480669 -0.00051494270189119957 -0.0015327778308339647 0.0011842623841628931 -0.0021704326568556948 -0.00085260189949990526 0.00011295244672449023 -0.00013326326918997324 0.0019780828569807454
leaf_weight=7442 5503 4515 6847 4893 8771 6505 8330 7066 4954 9062 4973 5555 5610 7240 7054 8412 7824 5413 5374 7464 5620 4579 6394 5069 4815 8580 5810 38623 108682 5101
leaf_count=7442 5503 4515 6847 4893 8771 6505 8330 7066 4954 9062 4973 5555 5610 7240 7054 8412 7824 5413 5374 7464 5620 4579 6394 5069 4815 8580 5810 38623 108682 5101
internal_value=-3.37263e-05 -5.37767e-05 2.69859e-05 0.000395866 0.000206922 6.4921e-05 0.000507439 -0.000243491 0.000953198 0.000550393 -0.000300155 -0.000204474 -0.000319805 -0.000661768 0.000181542 -0.000235708 0.000602398 -0.00016984 -0.000117742 -0.00106142 -7.63357e-05 -0.000952513 -0.00074426 -0.00109098 -0.000197189 -0.00168069 -0.000117256 -7.56945e-05 -3.16578e-05 0.000321297
internal_weight=332080 326577 245957 69305 62458 57565 41330 15396 25934 20980 80620 76105 71132 42287 28845 21791 13379 11918 176652 16235 171278 35047 29437 24858 9884 14974 165658 159848 152406 43724
internal_count=332080 326577 245957 69305 62458 57565 41330 15396 25934 20980 80620 76105 71132 42287 28845 21791 13379 11918 176652 16235 171278 35047 29437 24858 9884 14974 165658 159848 152406 43724
is_linear=0
shrinkage=0.05


Tree=126
num_leaves=31
num_cat=0
split_feature=3 2 9 1 2 1 4 8 8 7 7 8 7 2 7 1 8 8 7 8 4 3 7 7 2 7 8 8 8 8
split_gain=2.89185 2.86322 4.04051 2.53397 5.62692 5.17597 5.13906 3.73918 6.23432 3.04332 5.85961 9.18362 4.58324 5.86581 4.29849 3.27685 5.77664 5.45948 4.0989 3.82591 9.5496 8.2121 3.59748 3.75168 3.2752 2.82507 2.75919 6.83138 6.2755 4.98183
threshold=57.332769702000007 7.5000000000000009 15.500000000000002 52.500000000000007 3.5000000000000004 72.500000000000014 0.76621155510965255 0.82065572850000013 0.90015274200000006 1.2428445740000003 1.1277034765000002 1.4361150800000002 1.0758004030000003 1.0000000180025095e-35 1.0640450860000004 101.50000000000001 1.1421310905000002 0.94862549100000015 0.98106093850000009 1.1557926060000001 1.2039874762748179 1.6085935655000003 0.99967947350000008 0.94667231500000015 1.0000000180025095e-35 1.0920774425000002 0.99996303200000003 0.96648837100000018 1.0539520960000004 1.0260839095000003
decision_type=2 2 2 2 2 2 8 2 2 2 2 2 2 2 2 2 2 2 2 2 10 2 2 2 2 2 2 2 2 2
left_child=1 3 -3 26 6 -6 -5 -8 -9 10 12 24 14 -14 15 17 18 -10 -17 20 22 -21 23 -19 -12 -15 27 -1 29 -28
right_child=-2 2 -4 4 5 -7 7 8 9 -11 11 -13 13 25 -16 16 -18 19 -20 21 -22 -23 -24 -25 -26 -27 28 -29 -30 -31
leaf_value=0.00018877840045257999 0.0021037197406816644 -0.002902583684889977 0.00071315605236279558 0.00025159290411522206 -0.00042636587998914899 -0.0017336258307489528 0.0010096411180590265 -0.00112026565181792 0.0013427686404105911 0.0010687371120809697 -0.00063070007605527112 -0.0019173870494832879 0.0010241292354307209 0.00089836679728528277 -0.0014195098893976133 -0.00082056819172857955 -0.0016349749512689416 -0.0011996497361063702 0.00088319583519663736 0.00093555108489172816 0.00094637691904267407 -0.00052319795238736644 -0.0015483038708997228 0.00017471710903028682 0.00038722148731400456 -0.00044709049597422282 -0.00024615967245122385 0.0019311316852729467 0.00020837994066026934 -0.0021930242300118061
leaf_weight=44696 5245 7504 4837 53346 13511 4857 4587 7488 4663 4998 4738 6811 5655 4563 4850 4500 5169 4632 4534 9393 5119 8621 8198 7045 6339 7033 8596 8324 56287 6060
leaf_count=44696 5245 7504 4837 53346 13511 4857 4587 7488 4663 4998 4738 6811 5655 4563 4850 4500 5169 4632 4534 9393 5119 8621 8198 7045 6339 7033 8596 8324 56287 6060
internal_value=-3.32251e-05 -5.19178e-05 -0.000798842 -2.26068e-05 -0.000137028 -0.000968813 -4.83205e-05 -0.000231207 -0.000287375 -0.000189607 -0.000248729 -0.00107025 -7.36783e-05 0.000652672 -0.000261505 -0.000149081 -0.000815562 4.95532e-05 -5.25501e-05 -0.000126706 -0.000527021 0.000428714 -0.00102301 -0.00045904 -0.000181601 8.61995e-06 0.000153366 0.000426214 -5.05652e-05 -0.000971966
internal_weight=332199 326954 12341 314613 190650 18368 172282 118936 114349 106861 101863 17888 83975 17251 66724 61874 14203 47671 9034 43008 24994 18014 19875 11677 11077 11596 123963 53020 70943 14656
internal_count=332199 326954 12341 314613 190650 18368 172282 118936 114349 106861 101863 17888 83975 17251 66724 61874 14203 47671 9034 43008 24994 18014 19875 11677 11077 11596 123963 53020 70943 14656
is_linear=0
shrinkage=0.05


Tree=127
num_leaves=31
num_cat=0
split_feature=4 4 8 9 1 2 4 8 8 7 7 8 8 8 8 9 2 8 1 7 2 7 7 8 8 4 2 2 2 4
split_gain=3.27163 2.46665 7.86842 1.9036 2.00128 4.79944 4.76652 3.69861 5.82064 8.65511 8.88957 8.83888 10.8214 3.10019 13.7077 16.9077 12.9048 6.25918 4.38286 3.16386 9.05693 6.24996 8.825 4.73726 13.9871 5.02123 7.03224 8.49543 4.23639 4.93547
threshold=1.9872758246888045 0.4142750846076762 0.91975546850000012 2.5000000000000004 53.500000000000007 4.5000000000000009 0.79129468432128502 0.84791830200000018 0.91760223650000017 0.94873068150000017 0.99889278250000013 1.0796594780000002 1.1942968215000003 0.88416965650000012 0.86540467600000015 32.500000000000007 5.5000000000000009 0.90801627700000009 12.500000000000002 0.96428644550000009 4.5000000000000009 1.0463138475000002 1.0607328465000003 1.2395363740000003 1.1640513860000004 1.1105540971279948 4.5000000000000009 5.5000000000000009 5.5000000000000009 1.0797330287070916
decision_type=8 10 2 2 2 2 10 2 2 2 2 2 2 2 2 2 2 2 2 2 2 2 2 2 2 10 2 2 2 10
left_child=1 2 -1 -3 13 6 7 -6 -9 -10 -11 -12 -13 14 15 16 -5 -15 -18 20 -19 23 -23 24 25 26 -21 -28 29 -24
right_child=-2 3 -4 4 5 -7 -8 8 9 10 11 12 -14 17 -16 -17 18 19 -20 21 -22 22 28 -25 -26 -27 27 -29 -30 -31
leaf_value=-0.002075520833619757 0.0010028244131361137 -0.00086999523590031158 5.447325175447632e-05 0.002874859761382412 -0.00067531502929440719 -0.001584489923035959 -0.00018642820742436619 0.0015676977332726065 -0.00076734074356382687 0.0012465826901841171 0.0016225564225560236 -0.0013580440185691379 0.00030451483867427465 -0.0017258416946786287 0.0038268466679900917 -0.0023015153185373229 0.0018640406499477195 0.0015957153488475263 -0.0010992655686947322 -0.0018852651356061263 -0.0008658426496020666 0.0027081247896726724 0.00074964976845813547 -0.0016219379136347357 0.0025214629620772312 0.00065713171356099895 0.0015766016555499446 -0.0018646706756581617 0.0019643017007465848 -0.00082775352704413942
leaf_weight=5171 5542 7395 11060 6739 5755 5605 109934 4616 7881 8788 5042 4898 11295 6068 4721 6189 5032 10401 6408 10938 7205 6629 13206 6367 4699 8041 5542 9166 4542 17047
leaf_count=5171 5542 7395 11060 6739 5755 5605 109934 4616 7881 8788 5042 4898 11295 6068 4721 6189 5032 10401 6408 10938 7205 6629 13206 6367 4699 8041 5542 9166 4542 17047
internal_value=-2.77923e-05 -4.82559e-05 -0.000649021 -1.68062e-05 2.55979e-06 -0.000115829 -6.48647e-05 0.000349265 0.000510288 0.000305996 0.000693103 0.000139477 -0.000429837 0.000142143 0.000601069 0.000123087 0.000891581 2.05951e-05 -0.000131062 0.000111887 0.00072256 -1.29087e-05 0.000429651 -0.00042255 -0.000212941 -0.000569497 -0.000911271 -0.000197105 0.000110991 -0.000102865
internal_weight=331922 326380 16231 310149 302754 163814 158209 48275 42520 37904 30023 21235 16193 138940 29089 24368 18179 109851 11440 103783 17606 86177 41424 44753 38386 33687 25646 14708 34795 30253
internal_count=331922 326380 16231 310149 302754 163814 158209 48275 42520 37904 30023 21235 16193 138940 29089 24368 18179 109851 11440 103783 17606 86177 41424 44753 38386 33687 25646 14708 34795 30253
is_linear=0
shrinkage=0.05


Tree=128
num_leaves=31
num_cat=0
split_feature=8 7 8 7 8 8 8 7 7 8 7 2 8 8 7 4 3 8 7 8 2 8 8 7 7 8 8 7 7 7
split_gain=2.77345 2.62397 4.02649 3.52249 3.19119 7.10088 6.97323 4.67575 12.2474 10.5355 4.47356 3.58437 3.01579 6.25235 3.79643 3.70136 2.72151 8.95817 7.77816 6.02473 8.4923 7.42943 13.2553 8.78308 6.34348 4.75364 8.16095 7.87938 14.2288 8.72678
threshold=0.69131934800000006 1.2132531175000001 1.5192940695000001 1.1875882665000002 1.6516427525000001 1.4757161485000003 1.4361150800000002 1.1350018475000001 1.1460201665000003 1.3628059890000002 1.1125821150000001 1.5000000000000002 1.2922678700000001 1.3109496115000001 1.0539681675000001 1.5390651465205558 14.519103264000002 0.89784091200000005 0.97919752400000004 1.2218113130000001 1.0000000180025095e-35 0.97077317050000012 0.89784091200000005 0.99800425250000013 1.0413678250000002 0.9749352160000001 0.94232026850000017 1.0028781850000004 0.99217032650000003 0.97690684250000015
decision_type=2 2 2 2 2 2 2 2 2 2 2 2 2 2 2 8 2 2 2 2 2 2 2 2 2 2 2 2 2 2
left_child=-1 3 -3 4 5 6 7 9 -9 12 -7 -11 15 -14 -15 16 19 -18 -19 20 21 22 -2 -23 -25 26 -22 28 29 -27
right_child=1 2 -4 -5 -6 10 -8 8 -10 11 -12 -13 13 14 -16 -17 17 18 -20 -21 25 23 -24 24 -26 27 -28 -29 -30 -31
leaf_value=-0.0014028480723592418 0.00091826185094877062 0.0020671364029903497 -0.00017405740713209716 -0.0011791314884670502 0.001053482536866704 -0.00025835453699668554 0.0014286512411423591 0.0027608379946302167 -0.00017223876217173362 -0.00053757877014628532 -0.0019056611644433536 -0.0021516943158621515 0.0015119012249439762 0.0006363893690233658 -0.00066633130598801058 -0.001054914320637318 -0.0018756848616849064 0.0027539333064789621 0.00035702401135241369 -0.00063480483740904205 -8.7023785039748455e-05 0.0015667446255032359 -0.0015714633741137421 -0.00054348958141889336 0.0011835672290903432 -0.00059456693221628944 0.0010716260147404122 8.4500392697955961e-05 -0.0023158518690984289 0.00073755655091379277
leaf_weight=5165 5852 6120 7326 6287 4896 5785 5363 4957 9259 5059 4664 4961 5030 5196 5007 7911 5426 5979 19863 18122 61564 7837 4598 5119 4641 25178 14257 41511 11519 7415
leaf_count=5165 5852 6120 7326 6287 4896 5785 5363 4957 9259 5059 4664 4961 5030 5196 5007 7911 5426 5979 19863 18122 61564 7837 4598 5119 4641 25178 14257 41511 11519 7415
internal_value=-2.3616e-05 -5.433e-06 0.000678388 -3.47953e-05 -1.07908e-05 -3.13247e-05 1.45733e-05 -1.89072e-05 0.000864918 -6.51075e-05 -0.0013117 -0.00165586 -4.2457e-06 0.000678403 -3.30623e-05 -4.63944e-05 -1.11455e-05 0.000423688 0.000811506 -7.66432e-05 6.66241e-06 0.000809657 -0.000246294 0.00143663 0.000435228 -0.000132859 0.000155455 -0.000388162 -0.000853413 -0.000319421
internal_weight=331867 326702 13446 313256 306969 302073 291624 286261 14216 272045 10449 10020 262025 15233 10203 246792 238881 31268 25842 207613 189491 28047 10450 17597 9760 161444 75821 85623 44112 32593
internal_count=331867 326702 13446 313256 306969 302073 291624 286261 14216 272045 10449 10020 262025 15233 10203 246792 238881 31268 25842 207613 189491 28047 10450 17597 9760 161444 75821 85623 44112 32593
is_linear=0
shrinkage=0.05


Tree=129
num_leaves=31
num_cat=0
split_feature=8 7 8 8 4 8 7 4 8 8 8 4 2 4 8 8 8 3 7 7 2 8 7 7 7 8 7 2 3 8
split_gain=3.39292 3.27127 3.38017 7.39122 7.37051 3.32127 4.66914 5.13766 3.31528 4.83028 7.77342 4.94947 2.84518 3.94133 2.3016 3.76458 6.87616 6.65641 5.92404 2.73182 12.1032 5.44297 4.65445 6.40161 5.74871 7.97765 4.63534 8.81998 6.4755 11.1369
threshold=1.6712448535000004 1.2428445740000003 1.4757161485000003 1.4435879295000003 0.96008366783430221 1.3572194490000002 1.0812419045000001 1.1289813850102288 1.3380145900000002 1.3109496115000001 1.2922678700000001 1.6534265709003368 7.5000000000000009 0.84733515173618079 0.69131934800000006 0.74929210700000015 0.77793374000000004 -36.404110705499996 0.97838995950000007 0.93198645250000012 3.5000000000000004 0.90530909250000013 0.92120249550000011 0.90684916650000014 0.86446267950000011 0.93401700600000004 0.95619744050000011 4.5000000000000009 -1.8181951069999998 0.96648837100000018
decision_type=2 2 2 2 8 2 2 8 2 2 2 8 2 10 2 2 2 2 2 2 2 2 2 2 2 2 2 2 2 2
left_child=1 2 3 5 -4 8 -7 -8 9 10 11 12 14 -14 -1 -16 -17 18 -18 20 22 -22 23 24 -19 -26 27 28 29 -21
right_child=-2 -3 4 -5 -6 6 7 -9 -10 -11 -12 -13 13 -15 15 16 17 19 -20 26 21 -23 -24 -25 25 -27 -28 -29 -30 -31
leaf_value=-0.0013309338835398199 0.00086069804599654416 0.0012259652313649173 -0.0017369860886204569 0.0018337163081021013 5.6283557580599777e-05 -0.0011910269529954278 0.00064248761545180895 -0.0012353654587026976 0.00073617341315086466 -0.00080771271436612673 0.0012777649089708799 -0.0012623165378462199 -0.0027091038023954769 0.00060780658415137692 0.0014153545814570027 -0.0016564442290284448 0.0018222996538563479 0.00099076425924573695 -0.00015593847381162041 0.0026611938685834145 -0.00074422987686930677 -0.0028470797475220661 -0.00086902738160987703 0.0016333149721135644 0.00063803465485245405 -0.001409640064233969 -3.7976448377766153e-05 -0.001477576604209635 5.1358893278308228e-05 0.00028710842679311458
leaf_weight=4595 8623 5623 5452 4807 8750 6767 6375 4546 4921 7429 6239 6165 7786 4598 5398 4543 6962 5922 4806 4908 5373 4708 4960 5364 5434 5052 158788 4524 7225 5286
leaf_count=4595 8623 5623 5452 4807 8750 6767 6375 4546 4921 7429 6239 6165 7786 4598 5398 4543 6962 5922 4806 4908 5373 4708 4960 5364 5434 5052 158788 4524 7225 5286
internal_value=-3.82983e-05 -6.44117e-05 -8.55792e-05 -5.02906e-05 -0.000839375 -8.16094e-05 -0.000746058 -0.000106398 -3.977e-05 -6.27105e-05 -2.79183e-05 -6.94069e-05 -3.57091e-05 -0.000774881 1.84537e-06 2.31445e-05 -7.00205e-06 3.11795e-05 0.00118916 -3.14872e-05 -0.000424045 -0.00189991 0.000132775 0.00044772 -4.26491e-05 -0.000745877 4.84823e-05 0.000729565 0.00124039 0.00205167
internal_weight=331929 323306 317683 303481 14202 298674 17688 10921 280986 276065 268636 262397 256232 12384 243848 239253 233855 229312 11768 217544 36813 10081 26732 21772 16408 10486 180731 21943 17419 10194
internal_count=331929 323306 317683 303481 14202 298674 17688 10921 280986 276065 268636 262397 256232 12384 243848 239253 233855 229312 11768 217544 36813 10081 26732 21772 16408 10486 180731 21943 17419 10194
is_linear=0
shrinkage=0.05


Tree=130
num_leaves=31
num_cat=0
split_feature=2 5 1 2 4 8 8 8 7 8 8 8 8 3 8 7 8 8 8 8 1 2 4 8 8 8 7 8 8 7
split_gain=2.73513 4.95515 2.32121 5.33967 4.20481 3.67355 8.20991 9.27581 8.45163 5.40629 7.22408 3.60632 4.139 3.27774 3.23504 3.02787 2.60576 5.82305 5.54813 3.65369 2.34387 3.92414 4.7677 3.95198 5.68482 3.91644 8.61673 3.08693 2.88031 8.12887
threshold=7.5000000000000009 9.5000000000000018 47.500000000000007 4.5000000000000009 0.7756355426729139 1.1667312910000003 1.0000014820000003 1.0559896245000002 1.0061706605000003 1.2690178225000002 1.3628059890000002 1.4521807725000002 1.3474409155000002 -20.309445161999996 0.96648837100000018 0.93198645250000012 0.90015274200000006 0.93401700600000004 0.85399369700000005 0.96036754150000014 79.500000000000014 1.0000000180025095e-35 0.89403782176714686 1.4583205875 1.2650961850000002 1.0796594780000002 1.0539681675000001 1.0714725580000002 1.1865423385 1.0906577955000001
decision_type=2 2 2 2 8 2 2 2 2 2 2 2 2 2 2 2 2 2 2 2 2 2 10 2 2 2 2 2 2 2
left_child=2 -2 11 4 5 6 13 -8 -9 -7 -11 12 -1 -4 -5 -15 18 -18 -6 -19 -21 23 -23 24 25 -22 -27 -24 -29 -30
right_child=1 -3 3 14 16 9 7 8 -10 10 -12 -13 -14 15 -16 -17 17 19 -20 20 21 22 27 -25 -26 26 -28 28 29 -31
leaf_value=0.00020582795886193994 -0.0032796996042653292 0.00012880603435724836 -0.00072164967818290219 -0.0023269770310456682 -6.0326164816432161e-05 -0.00087255408426846763 0.0017461490673142969 0.0011008610743096225 -0.0005756466791847465 0.0013505501871649284 -0.0003444971663367852 0.0014953968939556252 -0.0014356673666387878 -0.00031862264860794135 -0.0002758169612786743 0.00074260061423757633 0.0012769283494152074 -0.0010881687387377353 -0.0013461751989231122 6.1625577641166718e-05 0.0005297043481043318 -0.001195429275011442 0.00050185717147698536 -0.0010955097758399758 0.0010308310250273678 -0.0016586319911545801 0.00037140815026474319 -0.0014381432332741112 0.00077917341901526669 -0.001184253359834886
leaf_weight=102198 4989 7563 8736 4569 8171 8079 6522 5230 4864 4791 8102 7079 5772 8075 4607 8997 4989 4574 5394 50345 5956 6568 5180 5421 7605 5173 4672 4886 6001 6903
leaf_count=102198 4989 7563 8736 4569 8171 8079 6522 5230 4864 4791 8102 7079 5772 8075 4607 8997 4989 4574 5394 50345 5956 6568 5180 5421 7605 5173 4672 4886 6001 6903
internal_value=-2.8726e-05 -0.000752568 -2.73896e-07 -0.000101387 -4.59693e-05 0.000288639 0.000556223 0.0014229 0.000472819 -0.000252658 0.000382811 0.000179372 0.000107664 -1.93701e-06 -0.00127982 0.000401124 -0.000206875 -0.000131576 -0.000863117 -0.000205227 -0.000146944 -0.000362558 -0.000767525 5.24591e-05 0.000334245 -0.000206409 -0.000818528 -0.000427639 -0.000740377 -0.000348594
internal_weight=332011 12552 319459 204410 195234 63396 42424 16616 10094 20972 12893 115049 107970 25808 9176 17072 131838 118273 13565 113284 108710 58365 29538 28827 23406 15801 9845 22970 17790 12904
internal_count=332011 12552 319459 204410 195234 63396 42424 16616 10094 20972 12893 115049 107970 25808 9176 17072 131838 118273 13565 113284 108710 58365 29538 28827 23406 15801 9845 22970 17790 12904
is_linear=0
shrinkage=0.05


Tree=131
num_leaves=31
num_cat=0
split_feature=8 8 8 9 8 8 8 8 7 8 7 7 8 0 8 8 7 8 7 7 7 7 8 8 5 5 9 8 7 7
split_gain=3.02163 5.93427 5.48903 5.33501 5.37461 3.91839 5.08474 6.29672 2.98298 3.49088 3.44002 6.52213 3.74672 8.16588 3.74932 9.91419 5.81428 8.90305 6.34395 16.221 11.1091 9.44578 11.868 6.7381 6.01036 4.93207 7.49927 4.41079 5.93222 14.2983
threshold=1.5192940695000001 1.4757161485000003 1.4435879295000003 40.500000000000007 1.7298127505000003 1.4151254285000003 1.3938727930000001 1.3628059890000002 0.84552124650000016 0.77793374000000004 0.89637365600000007 0.90684916650000014 0.80894011650000008 97.500000000000014 0.99996303200000003 1.0000014820000003 0.91977347650000008 0.95085857150000008 0.96724136100000013 0.97754740050000011 0.95619744050000011 0.98947461550000015 0.88416965650000012 0.91760223650000017 15.500000000000002 10.500000000000002 24.500000000000004 1.0117252615000003 0.97754740050000011 0.96724136100000013
decision_type=2 2 2 2 2 2 2 2 2 2 2 2 2 2 2 2 2 2 2 2 2 2 2 2 2 2 2 2 2 2
left_child=1 2 5 4 -2 6 7 8 9 -1 -10 -12 13 -13 16 -16 -14 18 20 -20 24 -21 -23 -24 -18 -19 -27 -17 29 -29
right_child=3 -3 -4 -5 -6 -7 -8 -9 10 -11 11 12 14 -15 15 27 17 25 19 21 -22 22 23 -25 -26 26 -28 28 -30 -31
leaf_value=-0.0014836058434070265 0.00048534609713862809 -0.0015809364365460101 0.0015412945133914031 0.0019492194873700797 -0.001386995091530896 -0.00099435592407704789 0.0013683899726661842 -0.0012079806670412807 0.00059768491073338293 3.2551672309821815e-05 -0.0013086177836041019 -0.0020411704730497597 0.0021264335021424596 0.00076190255996754505 -0.0018632965515282777 0.00092449331954523877 0.00040360913326124571 0.0015080759801720468 0.0028744769058574485 -0.0026318642891320688 -0.0029086485976257737 0.0027487256466873556 -0.0022099553017439406 0.00044844726690233539 -0.0015248412594333488 -0.0004083073144369287 0.0017931043603452131 -0.00010478750769744584 3.902038451494006e-05 -0.0022427301182454703
leaf_weight=6001 11398 4985 5164 5011 4681 5036 4985 7566 19348 5667 6527 5614 4896 4751 7310 6134 10495 7504 5329 5684 5121 5420 4624 6279 4714 8608 8074 19417 120268 5638
leaf_count=6001 11398 4985 5164 5011 4681 5036 4985 7566 19348 5667 6527 5614 4896 4751 7310 6134 10495 7504 5329 5684 5121 5420 4624 6279 4714 8608 8074 19417 120268 5638
internal_value=-5.64704e-05 -9.57293e-05 -6.78525e-05 0.000522636 7.84942e-05 -9.55932e-05 -7.2049e-05 -9.91859e-05 -6.11707e-05 -0.000843828 -2.75519e-05 -7.68089e-05 -3.53824e-05 -0.000965526 5.57278e-06 -0.000133131 0.000292497 0.000178827 -0.000217638 0.0002798 -0.000886403 -0.000319712 0.000291677 -0.00065892 -0.000207868 0.000960068 0.000480913 -4.62987e-05 -0.000101753 -0.000801576
internal_weight=332249 311159 306174 21090 16079 301010 295974 290989 283423 11668 271755 252407 245880 10365 235515 158767 76748 71852 47666 27336 20330 22007 16323 10903 15209 24186 16682 151457 145323 25055
internal_count=332249 311159 306174 21090 16079 301010 295974 290989 283423 11668 271755 252407 245880 10365 235515 158767 76748 71852 47666 27336 20330 22007 16323 10903 15209 24186 16682 151457 145323 25055
is_linear=0
shrinkage=0.05


Tree=132
num_leaves=31
num_cat=0
split_feature=0 9 4 0 7 8 7 8 8 8 7 8 8 8 8 4 9 8 7 8 7 2 4 8 9 2 2 0 0 7
split_gain=3.07511 2.93653 3.01949 2.65212 2.3007 2.94041 2.85463 3.23818 6.88738 5.89392 4.80282 3.48844 4.19524 4.1416 8.87366 4.20167 2.04516 8.57821 11.4834 11.2491 7.86784 7.33737 7.69542 6.00565 4.7473 3.43071 3.00209 7.72286 5.78827 5.54181
threshold=117.50000000000001 2.5000000000000004 0.28577987573609226 4.5000000000000009 1.2132531175000001 1.5192940695000001 1.1875882665000002 1.6516427525000001 1.4757161485000003 1.4093943000000004 1.1108714775000001 1.3628059890000002 1.3380145900000002 1.3109496115000001 1.2922678700000001 1.5625634733841545 33.500000000000007 0.83524822400000009 0.98106093850000009 0.91975546850000012 0.99693670000000012 4.5000000000000009 1.0358580307267065 1.1640513860000004 51.500000000000007 2.5000000000000004 4.5000000000000009 73.500000000000014 51.500000000000007 0.93700084550000018
decision_type=2 2 10 2 2 2 2 2 2 2 2 2 2 2 2 10 2 2 2 2 2 2 10 2 2 2 2 2 2 2
left_child=1 3 -3 -1 6 -6 7 8 9 11 -10 12 13 14 15 16 26 -18 19 -19 -20 22 23 -22 -21 -24 28 -28 -4 -30
right_child=-2 2 4 -5 5 -7 -8 -9 10 -11 -12 -13 -14 -15 -16 -17 17 18 20 24 21 -23 25 -25 -26 -27 27 -29 29 -31
leaf_value=-0.00023544473089847642 0.0067329535085291718 -0.00090621786812001008 -1.2297190382998259e-05 -0.0018340093300502208 0.0017219744189892361 -3.1316116214347156e-05 -0.001097901578012872 0.0012173390185271195 -0.00018498034074913849 0.0010573553896185861 -0.0018342692137924223 -0.0007306101611858518 0.00087066538350556168 -0.00074959674832957848 0.0016622720657775648 -0.0015058327359516177 -0.0017688738167673081 0.0025255734467285493 -0.0025797655149062738 -0.00034269224665171849 -0.0025211282894718858 0.0018040770618620806 0.00062665262251225822 -0.00016434857072013533 0.0013811650728802417 -0.0010373334653605015 -0.0015320342571913531 6.7523524109686095e-05 0.0013745787878427951 0.0003776277248138338
leaf_weight=9312 4814 5555 80423 5131 5529 6955 5912 4613 5238 8821 4527 8860 5210 6607 5518 4909 5611 5943 4993 11835 6985 5724 8908 4596 4571 5085 8519 41856 8893 30758
leaf_count=9312 4814 5555 80423 5131 5529 6955 5912 4613 5238 8821 4527 8860 5210 6607 5518 4909 5611 5943 4993 11835 6985 5724 8908 4596 4571 5085 8519 41856 8893 30758
internal_value=-3.47289e-05 -5.31839e-05 -2.10091e-05 -0.000750104 -1.21989e-07 0.000664585 -2.82704e-05 -6.01194e-06 -2.73387e-05 1.90711e-05 -0.00133188 -2.31369e-05 1.05079e-05 -1.85708e-05 1.4737e-05 -3.09352e-05 -6.391e-07 -0.000241028 -6.22389e-05 0.00082927 -0.000611293 -0.000317062 -0.000679268 -0.00163236 0.00015386 0.000109837 8.99803e-05 -0.000233972 0.000225893 0.000720257
internal_weight=332211 327397 312954 14443 307399 12484 294915 289003 284390 274625 9765 265804 256944 251734 245127 239609 234700 64251 58640 22349 36291 31298 25574 11581 16406 13993 170449 50375 120074 39651
internal_count=332211 327397 312954 14443 307399 12484 294915 289003 284390 274625 9765 265804 256944 251734 245127 239609 234700 64251 58640 22349 36291 31298 25574 11581 16406 13993 170449 50375 120074 39651
is_linear=0
shrinkage=0.05


Tree=133
num_leaves=31
num_cat=0
split_feature=2 9 1 4 3 1 6 7 7 7 3 7 7 1 2 7 4 7 7 2 3 1 9 7 7 7 4 7 7 2
split_gain=3.41686 2.96255 2.4623 2.02304 3.50149 4.36703 2.84469 1.71473 2.42899 6.19138 4.44794 4.57081 4.39485 5.06839 4.6967 3.93133 3.69347 2.01764 2.51027 2.80204 6.63895 4.1523 4.44915 3.75619 6.63453 2.33548 6.96735 5.80963 5.64762 3.6021
threshold=7.5000000000000009 10.500000000000002 3.5000000000000004 1.9872758246888045 35.269646639500003 34.500000000000007 1.0000000180025095e-35 1.2523208980000002 1.0934611560000003 1.0882052975000003 8.4466092650000011 1.1875882665000002 1.1053226455000003 59.500000000000007 1.5000000000000002 1.1557826560000002 0.98593977063107419 1.0785493675000002 0.94213990150000015 3.5000000000000004 -6.595586053499999 65.500000000000014 34.500000000000007 0.91047063400000006 0.86803575000000011 0.95619744050000011 0.98593977063107419 0.94873068150000017 0.96032202150000012 3.5000000000000004
decision_type=2 2 2 8 2 2 2 2 2 2 2 2 2 2 2 2 10 2 2 2 2 2 2 2 2 2 10 2 2 2
left_child=2 -2 -1 4 7 6 -6 8 9 17 11 12 -10 -14 16 -12 -15 18 19 21 23 22 -4 24 -21 26 27 -20 -27 -30
right_child=1 -3 3 -5 5 -7 -8 -9 10 -11 15 -13 13 14 -16 -17 -18 -19 25 20 -22 -23 -24 -25 -26 28 -28 -29 29 -31
leaf_value=0.0046282699360354453 -0.0031469837978504293 -0.00035329661156398577 0.0013810017007555076 0.00084624573593515833 0.00089730571056620976 -0.0021609851721387519 -0.0016430403609600964 0.00075398189094879611 -0.00057362836176326482 0.0015054370711844373 -0.0016488449346210216 -0.0011096059543961258 0.0017588256981838025 0.00096953038012915777 -0.0011102034429866792 -8.6775349748427494e-05 -0.00021656293854012133 -0.00058221736462933389 0.00017923627945884424 -0.0010876706411966474 -0.0027318308403411875 -0.00022901035157896351 5.08870286113905e-06 -0.0011717575266844249 0.0014929284081119376 -0.0011394085173833737 -0.00059218149075999102 0.0020018458354884197 -3.4596540552120357e-05 0.00048579261277524599
leaf_weight=5305 5500 7019 4711 5481 4525 4630 5087 5710 5728 4672 9490 6982 7162 6061 5569 6254 4792 7813 4764 5151 4569 27918 7379 6046 5305 4588 4717 5423 96476 47203
leaf_count=5305 5500 7019 4711 5481 4525 4630 5087 5710 5728 4672 9490 6982 7162 6061 5569 6254 4792 7813 4764 5151 4569 27918 7379 6046 5305 4588 4717 5423 96476 47203
internal_value=-4.72089e-05 -0.000857354 -1.54531e-05 -3.34966e-05 -5.04081e-05 -0.000815961 -0.000207965 -1.33707e-05 -3.03434e-05 3.76468e-05 -0.000339623 -3.51249e-05 0.000238769 0.000540506 5.63097e-05 -0.00104134 0.000661954 1.34659e-06 2.88734e-05 -0.00024454 -0.000711117 1.24959e-06 0.000775114 -0.000243836 0.000329796 0.000131223 0.000727748 0.00146316 7.12373e-05 0.000126406
internal_weight=332030 12519 319511 314206 308725 14242 9612 294483 288773 236735 52038 36294 29312 23584 16422 15744 10853 232063 224250 61079 21071 40008 12090 16502 10456 163171 14904 10187 148267 143679
internal_count=332030 12519 319511 314206 308725 14242 9612 294483 288773 236735 52038 36294 29312 23584 16422 15744 10853 232063 224250 61079 21071 40008 12090 16502 10456 163171 14904 10187 148267 143679
is_linear=0
shrinkage=0.05


Tree=134
num_leaves=31
num_cat=0
split_feature=2 1 4 7 7 2 3 7 4 2 7 7 7 7 3 4 7 3 2 7 7 9 3 7 7 7 2 7 4 7
split_gain=2.85415 3.97143 2.65435 3.37565 4.73478 7.67079 2.88261 7.2239 6.31196 4.07059 3.40662 12.8041 5.38058 9.05926 8.52676 4.37905 3.00802 3.14709 3.39222 5.86631 3.06917 5.00198 4.24071 4.17608 4.27022 19.6804 7.48855 4.05486 4.31968 4.51804
threshold=7.5000000000000009 15.500000000000002 1.7688405962482279 1.2268644580000003 1.1795612660000001 1.5000000000000002 7.4488068425000007 1.0906577955000001 1.1070181890119197 1.0000000180025095e-35 0.99800425250000013 0.97690684250000015 1.0394500700000002 1.0563097930000003 25.028207614000006 1.2399721071032637 0.94213990150000015 -27.942502842499994 3.5000000000000004 0.8985102865000002 0.95619744050000011 26.500000000000004 4.9572752275000012 0.96905717250000001 0.99967947350000008 1.0000053235000002 1.0000000180025095e-35 0.99308499750000012 0.65944985486520957 0.97754740050000011
decision_type=2 2 10 2 2 2 2 2 10 2 2 2 2 2 2 10 2 2 2 2 2 2 2 2 2 2 2 2 10 2
left_child=2 -2 3 4 6 -6 16 8 -8 -10 11 15 14 -14 -12 -11 17 -1 -19 -20 21 -18 23 -22 26 -26 -25 28 -28 -30
right_child=1 -3 -4 -5 5 -7 7 -9 9 10 12 -13 13 -15 -16 -17 20 18 19 -21 22 -23 -24 24 25 -27 27 -29 29 -31
leaf_value=0.00036922862617532197 -0.00017660318318042103 -0.0029455536152172383 0.0011039868232595007 -0.0009915918644774369 -0.00040358461129732517 0.0029576505168891765 -0.0019835989709900358 -0.0011649102731982942 -0.00075663082449244914 -0.00030784228175917975 0.0023922011834587643 -0.002529279503937676 -0.0018546388126144371 0.0011358289931589383 -0.00010483943592394241 0.0016551153386491408 0.00014087290630075968 -0.00013622207792781394 0.00014449840088459064 -0.0019587616693463455 -0.00060303326762308211 0.0018033919858039705 0.00073200066940757875 0.0017729219336424685 -0.0023858631784511811 0.00012074700420329211 0.0013888919062971837 -0.0009628208649390624 -0.00064518534498445306 0.00060836012623232132
leaf_weight=11857 8011 4556 5031 10068 5100 5597 6364 16451 5676 6115 6463 4529 4558 8387 4757 5452 8367 32928 4851 6283 11887 4539 10087 5597 5866 95713 4550 5829 5884 10695
leaf_count=11857 8011 4556 5031 10068 5100 5597 6364 16451 5676 6115 6463 4529 4558 8387 4757 5452 8367 32928 4851 6283 11887 4539 10087 5597 5866 95713 4550 5829 5884 10695
internal_value=-2.36408e-05 -0.000762607 5.43842e-06 -1.27999e-05 1.70014e-05 0.00105004 -2.06425e-05 -0.000303969 -1.64895e-05 0.000188009 0.000364762 -0.000198745 0.00074007 4.53668e-05 0.0015412 0.000683763 6.59626e-05 -0.000251904 -0.000446479 -0.00120074 0.000171135 0.000912013 0.000109856 4.13454e-05 0.000120957 -3.8761e-05 0.000619241 0.000273523 0.000595604 0.000220845
internal_weight=332048 12567 319481 314450 304382 10697 293685 68752 52301 45937 40261 16096 24165 12945 11220 11567 224933 55919 44062 11134 169014 12906 156108 146021 134134 101579 32555 26958 21129 16579
internal_count=332048 12567 319481 314450 304382 10697 293685 68752 52301 45937 40261 16096 24165 12945 11220 11567 224933 55919 44062 11134 169014 12906 156108 146021 134134 101579 32555 26958 21129 16579
is_linear=0
shrinkage=0.05


Tree=135
num_leaves=31
num_cat=0
split_feature=8 4 2 0 8 0 3 8 8 8 8 8 0 0 8 8 8 8 0 8 8 8 8 8 5 3 0 8 2 8
split_gain=3.22967 2.79883 2.16491 11.2353 5.37613 4.12174 3.60439 6.17713 6.77183 11.3315 5.37348 4.67809 5.45898 3.91837 4.08737 3.16797 2.87027 12.047 9.56836 9.27918 5.28198 4.11042 8.1309 3.06489 3.73755 3.18799 2.94115 7.68127 4.20784 3.88129
threshold=0.69131934800000006 1.7688405962482279 3.5000000000000004 48.500000000000007 1.3109496115000001 101.50000000000001 -9.1210145509999982 1.1640513860000004 0.97265127900000015 0.93834529050000015 1.0420770275000002 0.88978217450000008 86.500000000000014 79.500000000000014 1.0539520960000004 0.80894011650000008 0.91975546850000012 0.95800982700000004 41.500000000000007 0.90015274200000006 0.87945863200000007 0.8424309980000001 0.8135863965000002 0.98373178200000011 15.500000000000002 6.9518792145000008 38.500000000000007 1.3773010990000001 1.0000000180025095e-35 1.0796594780000002
decision_type=2 10 2 2 2 2 2 2 2 2 2 2 2 2 2 2 2 2 2 2 2 2 2 2 2 2 2 2 2 2
left_child=-1 2 5 -4 6 16 7 8 9 11 -10 12 -5 -8 -15 -14 19 18 -18 20 21 22 -2 -19 25 26 28 -28 29 -25
right_child=1 -3 3 4 -6 -7 13 -9 10 -11 -12 -13 15 14 -16 -17 17 23 -20 -21 -22 -23 -24 24 -26 -27 27 -29 -30 -31
leaf_value=-0.0014093453234895166 0.00082343192462965291 0.0011061133489093018 -0.001657820011689526 -0.0006675247373686675 -0.0016792046392642536 0.0026090778900983436 -0.0013538016613758115 0.0015437978031374701 -0.001456406932718546 0.0027824432346578252 0.00036329593000092867 -0.00092906878413580036 0.00029672937273330648 -0.00085259686133257184 0.0010199018603190364 0.0026115728954113544 -0.00040233478672966477 0.00066666743777940021 -0.0026617425407874915 0.0019203246674709296 -0.0010314254433383464 0.0011931768707689862 -0.0013898669602863706 0.0010259885190373019 -0.00019832229470652108 -0.00045683654100842075 0.00025939020840424766 0.0017666152534841163 -0.00024334984444954468 0.00015403965653871811
leaf_weight=5255 7890 5076 5187 6540 7349 6332 6592 4959 10381 5563 8129 8063 5021 22571 12210 6791 6068 8177 4540 4781 5221 7249 4540 5514 66285 9873 24808 5741 25520 19969
leaf_count=5255 7890 5076 5187 6540 7349 6332 6592 4959 10381 5563 8129 8063 5021 22571 12210 6791 6068 8177 4540 4781 5221 7249 4540 5514 66285 9873 24808 5741 25520 19969
internal_value=-3.27739e-05 -1.29991e-05 -3.13792e-05 -0.000212141 -9.8993e-05 6.16433e-05 0 0.000263516 9.80334e-05 0.000538567 -0.000662976 0.000106453 0.000547475 -0.000353147 -0.000141221 0.00118897 2.3038e-05 -5.34703e-05 -0.00168661 0.000477919 9.03433e-05 0.00046548 -8.64495e-05 5.10121e-05 2.06068e-06 0.000209313 0.000312052 0.00069999 7.96444e-05 0.000534075
internal_weight=332195 326940 321864 109356 104169 212508 96820 55447 50488 31978 18510 26415 18352 41373 34781 11812 206176 176495 10608 29681 24900 19679 12430 165887 157710 91425 81552 30549 51003 25483
internal_count=332195 326940 321864 109356 104169 212508 96820 55447 50488 31978 18510 26415 18352 41373 34781 11812 206176 176495 10608 29681 24900 19679 12430 165887 157710 91425 81552 30549 51003 25483
is_linear=0
shrinkage=0.05


Tree=136
num_leaves=31
num_cat=0
split_feature=8 4 3 8 8 8 7 7 2 8 4 3 8 8 7 8 7 2 8 7 4 8 7 7 2 7 1 8 8 8
split_gain=2.54226 10.8563 8.48183 3.73023 11.6078 8.86131 3.98032 7.70966 5.92071 2.81381 13.8173 2.8212 12.8166 11.6871 10.4315 8.28978 3.85383 11.9128 9.94398 7.60019 5.9884 9.91961 7.9353 9.96855 10.6811 9.01008 4.84922 5.48983 7.94678 4.07055
threshold=0.78344438100000013 0.71998289365542911 -3.6946692314999994 0.85095842600000016 0.86540467600000015 0.87664883000000005 0.87800698450000014 0.92847607600000004 5.5000000000000009 0.90015274200000006 0.86794185012195324 -22.623501473999998 0.94232026850000017 0.91975546850000012 0.96530230600000011 1.0714725580000002 0.94443998950000008 2.5000000000000004 1.0586509240000002 0.95332521050000008 0.74956026705008683 1.0559896245000002 0.97690684250000015 0.9700989295000001 2.5000000000000004 0.98318968800000006 33.500000000000007 1.0189477030000003 0.99996303200000003 1.1100206280000002
decision_type=2 10 2 2 2 2 2 2 2 2 10 2 2 2 2 2 2 2 2 2 8 2 2 2 2 2 2 2 2 2
left_child=1 -1 -3 6 -5 -6 -2 -8 -9 10 -7 12 -11 -13 -14 -16 17 18 -15 -18 21 -21 23 24 -22 -24 -27 28 -28 -29
right_child=3 2 -4 4 5 9 7 8 -10 11 -12 13 14 16 15 -17 19 -19 -20 20 22 -23 25 -25 -26 26 27 29 -30 -31
leaf_value=-0.002104756703770562 0.0015312127908062606 0.0020663770197787089 -0.0011124083230942383 -0.0025011341357801756 0.0021205233599220995 0.00053342718538958449 -0.0012557609358821332 0.0016048925736043386 -0.0004413932846128205 -0.002588948450013845 -0.0024122834353456028 0.0018714998530881544 0.0011380566527398439 -0.00061222328172002021 -0.0017113606377930912 0.0005434694733869261 0.001371281358776147 -0.0020774747614531407 0.001311938464988538 0.0014078627371196225 -0.0011994088577540363 8.668194787069817e-05 0.0018216041603134172 -0.0021535293514550638 0.0015785227627673705 0.00062090420521286886 -0.00014341799974526559 0.00058238158647141438 -0.0022902872188840795 -0.000170014038227731
leaf_weight=7754 4736 5573 4558 5229 5236 6676 5897 6843 4820 5341 5151 8081 6791 10063 9573 7661 5242 7608 6361 7420 5387 21912 4633 4545 4587 38867 8069 16121 5424 85942
leaf_count=7754 4736 5573 4558 5229 5236 6676 5897 6843 4820 5341 5151 8081 6791 10063 9573 7661 5242 7608 6361 7420 5387 21912 4633 4545 4587 38867 8069 16121 5424 85942
internal_value=-3.3009e-05 -0.000612772 0.000464927 0 -4.7615e-05 -5.01402e-06 0.00062329 0.000276117 0.00102095 -4.29457e-05 -0.000797625 -9.82817e-06 -0.000472405 4.67189e-05 2.02871e-05 -0.000633737 -1.83581e-05 -0.000617798 0.000139996 5.08638e-05 2.27931e-06 0.000662985 -0.000109388 -0.00122814 -0.000343221 -7.22993e-06 -7.24448e-05 -0.000234941 -0.00118258 -0.000109608
internal_weight=332101 17885 10131 314216 291920 286691 22296 17560 11663 281455 11827 269628 29366 240262 24025 17234 232181 24032 16424 208149 202907 29332 173575 14519 9974 159056 154423 115556 13493 102063
internal_count=332101 17885 10131 314216 291920 286691 22296 17560 11663 281455 11827 269628 29366 240262 24025 17234 232181 24032 16424 208149 202907 29332 173575 14519 9974 159056 154423 115556 13493 102063
is_linear=0
shrinkage=0.05


Tree=137
num_leaves=31
num_cat=0
split_feature=2 1 7 4 4 7 7 7 5 7 3 7 1 7 7 3 7 7 3 9 3 3 7 1 6 1 7 7 7 7
split_gain=2.8073 8.53379 5.53218 4.42903 5.94247 5.20205 6.7532 5.57245 3.66686 3.53673 4.33396 4.93881 3.43854 3.41814 8.93655 6.90795 5.14371 5.13775 10.4309 6.81659 5.82111 4.88996 3.75085 3.90797 3.46586 3.07229 6.62472 3.47961 3.04606 2.98393
threshold=3.5000000000000004 72.500000000000014 0.87209273600000004 0.52369155028788228 0.89403782176714686 1.0769784025000002 1.0251857335000003 0.91752535600000018 27.500000000000004 0.95516812250000005 -18.923556584999996 0.98009628400000015 29.500000000000004 1.1393784770000002 1.1277034765000002 -4.8256039429999991 1.1144229290000003 0.9543694155000001 11.512596165000001 26.500000000000004 -7.2869342384999998 22.237232914000003 0.94443998950000008 66.500000000000014 1.5000000000000002 52.500000000000007 1.2428445740000003 1.1626164030000001 1.0301846000000003 1.0575228460000001
decision_type=2 2 2 10 10 2 2 2 2 2 2 2 2 2 2 2 2 2 2 2 2 2 2 2 2 2 2 2 2 2
left_child=13 2 -2 -4 5 6 7 -5 12 -9 11 -11 29 14 16 -15 17 18 22 24 28 -22 23 -1 -19 -17 27 -27 -21 -6
right_child=1 -3 3 4 8 -7 -8 9 -10 10 -12 -13 -14 15 -16 25 -18 19 -20 20 21 -23 -24 -25 -26 26 -28 -29 -30 -31
leaf_value=0.00065965557568257451 -0.0017113382361929137 -0.0014935662278948798 -0.0017689932764293926 0.002201234371029849 -0.00094601824995531607 -0.0010216121557043128 0.0016955373426456146 -0.001044307142982398 0.0016996799092282523 0.0011034041100507208 0.0013646834821191113 -0.00075537299295353475 -0.0011111786443630479 0.001993879527340764 -0.0017560368867064304 0.0016988011488590971 0.0010156522091045381 6.1212105507135739e-06 0.0028494181211652508 -0.0017777673038490123 -2.1647372027433499e-05 -0.00132803762529346 0.0010540004841137929 -0.00020953591219284863 0.00097480771341131869 0.00027928583043325129 0.00173789735701467 -0.00093554929006446912 -0.00027534651379790834 0.0010600285907978624
leaf_weight=10982 6906 4920 4579 5150 22333 4996 7013 7829 5339 5905 4828 10069 13979 4844 4807 5539 5756 68560 4966 8968 30849 9227 5793 28191 6136 5163 5250 10074 4683 8715
leaf_count=10982 6906 4920 4579 5150 22333 4996 7013 7829 5339 5905 4828 10069 13979 4844 4807 5539 5756 68560 4966 8968 30849 9227 5793 28191 6136 5163 5250 10074 4683 8715
internal_value=-6.62321e-05 -0.000269286 -0.000176156 -8.22662e-05 -9.87926e-06 0.000402336 0.000588862 0.000295611 -0.000384646 2.31352e-05 0.00036406 -3.28556e-05 -0.000531566 3.77628e-05 -4.19483e-05 0.000525506 1.36463e-05 -3.38501e-05 0.0003965 -0.000201183 -0.000630676 -0.000326838 0.000156212 -1.94625e-05 0.000107763 0.000202643 -7.99092e-05 -0.000607696 -0.00152222 -0.000238302
internal_weight=332349 112561 107641 100735 96156 45790 40794 33781 50366 28631 20802 15974 45027 219788 188918 30870 184111 178355 49932 128423 53727 40076 44966 39173 74696 26026 20487 15237 13651 31048
internal_count=332349 112561 107641 100735 96156 45790 40794 33781 50366 28631 20802 15974 45027 219788 188918 30870 184111 178355 49932 128423 53727 40076 44966 39173 74696 26026 20487 15237 13651 31048
is_linear=0
shrinkage=0.05


Tree=138
num_leaves=31
num_cat=0
split_feature=9 8 3 8 3 8 8 8 7 7 8 3 8 8 8 7 7 7 7 7 7 3 8 7 6 8 7 3 8 8
split_gain=3.46406 2.06572 4.77656 4.31353 4.45475 3.00591 10.0864 8.34095 7.20438 7.48201 4.99273 6.96439 9.14755 9.27272 2.77735 6.84591 11.1519 6.45731 6.73478 16.0362 7.26751 7.84811 7.11637 11.4664 6.50454 6.44067 5.04653 3.43021 4.56749 7.10375
threshold=2.5000000000000004 0.78344438100000013 -50.741739744999997 0.74929210700000015 -22.230084205999997 0.85095842600000016 0.86540467600000015 0.87945863200000007 0.91220460200000009 0.97536380700000014 0.94232026850000017 -17.920236034499997 0.90015274200000006 0.91975546850000012 0.98373178200000011 1.0126016745000002 0.9543694155000001 0.90085482550000007 0.97754740050000011 0.9700989295000001 0.99308499750000012 -29.674830943499995 1.1751955955000002 0.95226128050000014 1.0000000180025095e-35 1.0796594780000002 0.99800425250000013 -10.703900558999999 1.1942968215000003 1.1126193215000002
decision_type=2 2 2 2 2 2 2 2 2 2 2 2 2 2 2 2 2 2 2 2 2 2 2 2 2 2 2 2 2 2
left_child=-1 3 -3 4 -2 8 -7 -8 -4 -10 11 -9 -13 -14 15 16 -12 -16 19 22 25 -22 23 24 -19 -20 -23 28 29 -28
right_child=1 2 5 -5 -6 6 7 10 9 -11 14 12 13 -15 17 -17 -18 18 20 -21 21 26 -24 -25 -26 -27 27 -29 -30 -31
leaf_value=-0.00066597421475355918 -0.0013723086730822135 0.0016761527560705371 0.0015682071110666553 -0.0015341483344013156 0.0012832497108166696 -0.0023118256604193091 0.0017365535208067773 -0.0014859653657204265 -0.0010269179418420829 0.0014512269548995539 -0.00031990125340881361 -0.0012874479441851413 0.0018916907315009392 -0.00056686058114417963 0.0012145784210645272 -0.00075453270959719993 0.0019488040245428607 -0.0012144642070282153 -0.00010041740646360431 -0.0021781524190390036 -0.0021961426858009797 -0.0014712714209115492 -0.001311681377214083 0.0012878591323384925 0.00050396421931397928 0.0012271836020224663 0.00072797428242505908 -3.9092688860598022e-06 0.0011265242445048563 -0.0010292865403935425
leaf_weight=15028 4674 4665 7533 6058 6309 4677 5971 9178 7850 4569 7898 6515 6894 8457 4855 5507 9299 6956 4877 5187 5164 4558 6210 7811 5491 7388 9209 126657 11680 5083
leaf_count=15028 4674 4665 7533 6058 6309 4677 5971 9178 7850 4569 7898 6515 6894 8457 4855 5507 9299 6956 4877 5187 5164 4558 6210 7811 5491 7388 9209 126657 11680 5083
internal_value=-1.67061e-05 1.84435e-05 4.88516e-05 -0.000516983 7.39443e-05 2.3775e-05 -1.91451e-05 2.06295e-05 0.000616325 -0.000123752 -2.10473e-05 -0.000616767 -0.000131453 0.000534807 5.80538e-05 0.000583469 0.00107473 1.53933e-06 -4.09039e-05 -0.00071186 8.07463e-05 -7.9301e-06 -0.000213425 0.000240586 -0.000701695 0.00125407 5.51078e-05 0.000104089 0.000627478 2.79779e-05
internal_weight=332208 317180 300139 17041 10983 295474 275522 270845 19952 12419 264874 31044 21866 15351 233830 22704 17197 211126 206271 31655 174616 162351 26468 20258 12447 12265 157187 152629 25972 14292
internal_count=332208 317180 300139 17041 10983 295474 275522 270845 19952 12419 264874 31044 21866 15351 233830 22704 17197 211126 206271 31655 174616 162351 26468 20258 12447 12265 157187 152629 25972 14292
is_linear=0
shrinkage=0.05


Tree=139
num_leaves=31
num_cat=0
split_feature=9 7 2 3 3 4 3 7 7 0 0 7 3 7 7 7 2 3 2 2 3 3 7 6 7 7 7 0 7 2
split_gain=3.24801 2.2187 4.97207 2.4277 2.15458 2.12964 1.45442 1.5081 1.50989 3.80729 4.36167 1.71598 7.84122 7.29943 2.01946 6.51018 6.85813 1.91991 5.67505 3.21942 3.02668 1.92477 3.04828 3.3509 2.65115 2.60787 4.62746 4.34657 4.70923 3.67472
threshold=2.5000000000000004 0.84552124650000016 2.5000000000000004 57.332769702000007 -50.741739744999997 0.85021326156818178 44.107140965000006 1.2523208980000002 1.1460201665000003 67.500000000000014 28.500000000000004 1.1201095380000001 -0.50310590799999988 1.1125821150000001 1.0866460510000002 1.0934611560000003 2.5000000000000004 13.326599906500002 1.5000000000000002 4.5000000000000009 24.275273039000002 6.0224775670000001 0.95928635150000019 1.0000000180025095e-35 1.0222017195000002 1.0703823300000002 1.0485333710000002 32.500000000000007 1.0584166585000003 1.0000000180025095e-35
decision_type=2 2 2 2 2 10 2 2 2 2 2 2 2 2 2 2 2 2 2 2 2 2 2 2 2 2 2 2 2 2
left_child=5 2 -2 4 -3 -1 7 8 11 10 -10 13 -13 14 17 -16 -17 21 -19 20 -20 25 -23 24 -24 26 29 -28 -29 -6
right_child=1 3 -4 -5 6 -7 -8 -9 9 -11 -12 12 -14 -15 15 16 -18 18 19 -21 -22 22 23 -25 -26 -27 27 28 -30 -31
leaf_value=-0.00029501683143444982 0.00041559222047973245 0.0010470401916989156 -0.0016071281541950866 0.0020188098120464959 0.00036744032704792988 -0.001632147270911144 -0.0011249256886593339 0.00079021902015087022 7.7941725217284274e-05 0.0010174344213458198 -0.001293313934511034 0.00167404081655822 -0.00032333128833312853 -0.0015957163837189482 0.0016447840366448142 -0.00067595720289250762 0.0012412652228893208 -0.00057706325785627512 0.0018501888917913602 -0.00033110183087285976 0.00048598286723520182 -0.0016666214139846676 0.00096790995421192072 -0.00096005725583630521 -0.00021558410118999172 -0.00061124068985131679 -0.00028319757863385367 0.0026662933152543922 0.0003067375029699282 -0.00012236901094484222
leaf_weight=10064 5036 5342 6016 5053 22202 4833 5072 5980 7555 6649 8888 5279 7508 4657 5866 7249 5363 8163 8367 6497 7027 4528 4705 7083 5049 8890 4969 4627 5139 128068
leaf_count=10064 5036 5342 6016 5053 22202 4833 5072 5980 7555 6649 8888 5279 7508 4657 5866 7249 5363 8163 8367 6497 7027 4528 4705 7083 5049 8890 4969 4627 5139 128068
internal_value=-2.09508e-05 1.29801e-05 -0.000682825 3.81402e-05 1.98685e-05 -0.00074235 1.86198e-06 1.65339e-05 0 -0.000387496 -0.000795689 3.42596e-05 0.000599007 5.18205e-06 4.26584e-05 0.000545095 -9.51098e-05 1.4424e-06 0.000373432 0.000792953 0.00118677 -5.58216e-05 -0.000503627 -0.000193712 0.000407316 -7.90684e-07 4.4164e-05 0.000889586 0.00150189 -3.87623e-05
internal_weight=331724 316827 11052 305775 300722 14897 295380 290308 284328 23092 16443 261236 12787 248449 243792 18478 12612 225314 30054 21891 15394 195260 21365 16837 9754 173895 165005 14735 9766 150270
internal_count=331724 316827 11052 305775 300722 14897 295380 290308 284328 23092 16443 261236 12787 248449 243792 18478 12612 225314 30054 21891 15394 195260 21365 16837 9754 173895 165005 14735 9766 150270
is_linear=0
shrinkage=0.05


Tree=140
num_leaves=31
num_cat=0
split_feature=4 3 7 4 7 7 7 7 7 7 3 6 7 6 4 5 3 3 7 4 9 9 0 3 0 7 7 7 9 0
split_gain=2.72527 1.99518 2.88931 7.47644 5.87966 4.74656 5.90288 5.22547 5.16248 4.37592 5.51412 5.0681 3.65836 3.54961 2.25462 2.74023 2.37782 2.17584 6.41125 6.51084 7.17356 4.90877 4.27285 3.29871 2.48763 2.3369 2.01269 1.86275 1.81228 2.31191
threshold=1.9872758246888045 6.7264742820000007 1.0731915865000003 1.1037822531573624 1.0563097930000003 1.0394500700000002 1.0222017195000002 1.0038369515000001 0.99019905000000008 1.1496716780000003 12.931751794000002 1.0000000180025095e-35 0.93934972700000008 1.0000000180025095e-35 0.25619123725046894 11.500000000000002 4.5688337305000006 -22.623501473999998 0.91220460200000009 0.71998289365542911 12.500000000000002 34.500000000000007 56.500000000000007 -15.774219878499999 73.500000000000014 1.1393784770000002 1.0413678250000002 1.1460201665000003 9.5000000000000018 86.500000000000014
decision_type=8 2 2 10 2 2 2 2 2 2 2 2 2 2 10 2 2 2 2 10 2 2 2 2 2 2 2 2 2 2
left_child=1 14 3 -3 5 6 7 8 12 10 -4 -11 -5 -14 -1 17 27 18 -16 20 -20 22 23 -19 -24 -25 -18 28 29 -17
right_child=-2 2 9 4 -6 -7 -8 -9 -10 11 -12 -13 13 -15 15 16 26 21 19 -21 -22 -23 24 25 -26 -27 -28 -29 -30 -31
leaf_value=-0.00067013463623125666 0.00094871862221710681 -0.0020026203062970759 5.6716501649328736e-05 0.0011187626031145593 0.0017254492484250622 -0.0014489650644203822 0.0017904262956737417 -0.0010640633418596169 0.0018914465936079484 0.00099391966538452396 -0.0017697970627614469 -0.001451101764658508 0.00025580355784808883 -0.001621869723419811 0.00088005527542828763 -0.00092577379606213761 -5.1761780161163619e-05 0.00088437531078673084 -0.002755106416634612 0.0012190014044748095 -0.00037990358872545262 -0.00065690333188550283 0.001552299516098285 -1.4921407463119875e-06 0.00076506576764420189 0.00074946484001275351 0.0010234881555051035 -0.00075767136448046113 -5.2634491147213196e-05 0.00018788475547083794
leaf_weight=7102 5510 7025 6168 6755 5202 5553 4801 6063 4541 8643 13605 5064 5757 5605 8603 6895 5749 6844 4573 4602 12814 7856 6538 41639 9334 6139 5175 7993 95247 4872
leaf_count=7102 5510 7025 6168 6755 5202 5553 4801 6063 4541 8643 13605 5064 5757 5605 8603 6895 5749 6844 4573 4602 12814 7856 6538 41639 9334 6139 5175 7993 95247 4872
internal_value=-4.6009e-05 -6.46112e-05 -0.000273332 -3.75192e-05 0.000202961 -7.3567e-06 0.000216989 -5.43932e-05 0.000294533 -0.000634613 -0.00111045 5.19618e-05 -8.34621e-05 -0.000631213 8.52343e-06 3.50714e-05 -0.000123773 0.000218684 -0.000138903 -0.000591639 -0.00103424 0.000358305 0.000490432 0.000280539 0.00121245 0.000133416 0.000581023 -0.000190741 -0.000135724 -0.00072099
internal_weight=332267 326757 84782 51302 44277 39075 33522 28721 22658 33480 19773 13707 18117 11362 241975 234873 125931 108942 30592 21989 17387 78350 70494 54622 15872 47778 10924 115007 107014 11767
internal_count=332267 326757 84782 51302 44277 39075 33522 28721 22658 33480 19773 13707 18117 11362 241975 234873 125931 108942 30592 21989 17387 78350 70494 54622 15872 47778 10924 115007 107014 11767
is_linear=0
shrinkage=0.05


Tree=141
num_leaves=31
num_cat=0
split_feature=4 4 3 9 5 3 2 4 7 4 7 7 3 7 7 2 2 7 7 7 0 7 7 7 7 9 7 0 7 2
split_gain=3.17641 2.20658 2.56573 1.96329 1.9025 4.33167 3.31027 2.32561 2.36853 3.00089 4.67317 3.68063 2.05916 4.23264 5.46908 4.93086 3.40229 8.33293 11.808 7.2355 4.5744 3.25478 5.39737 7.2373 3.25493 9.77165 6.33012 6.38394 5.31005 3.60524
threshold=1.9872758246888045 0.25619123725046894 -50.741739744999997 2.5000000000000004 10.500000000000002 6.9518792145000008 6.5000000000000009 0.65432679673362382 1.2268644580000003 1.5625634733841545 1.1795612660000001 1.1460201665000003 -12.024442542499999 0.9953402065000001 0.90495753450000016 4.5000000000000009 2.5000000000000004 1.1201095380000001 1.0906577955000001 1.0758004030000003 77.500000000000014 1.0584166585000003 1.0310529730000002 1.0437164150000002 1.0038369515000001 24.500000000000004 0.98947461550000015 63.500000000000007 0.9726132500000001 1.0000000180025095e-35
decision_type=8 8 2 2 2 2 2 10 2 10 2 2 2 2 2 2 2 2 2 2 2 2 2 2 2 2 2 2 2 2
left_child=1 -1 -3 -4 5 6 -5 -6 9 10 11 12 13 14 -9 -15 17 18 19 21 -18 22 24 -24 26 -26 27 28 29 -14
right_child=-2 2 3 4 7 -7 -8 8 -10 -11 -12 -13 16 15 -16 -17 20 -19 -20 -21 -22 -23 23 -25 25 -27 -28 -29 -30 -31
leaf_value=-0.00074988316286776497 0.00099109746236492047 0.00099849470026011633 -0.00078750883741524893 0.00027504306169860991 -0.00072820568302139899 -0.0013820950290496792 -0.0010544236041309968 0.0011938564642169803 -0.0010748104308916041 -0.0010406486334267439 0.0016110454652987632 -0.00095244988232451875 -0.0007708424564598082 0.00010312992432159884 -0.00068498322626463215 0.0022967184805227194 -0.0007717901993248927 0.0020124729789426535 -0.0012557529743548624 0.0015570332154030892 -0.00011040508302874176 -0.00094922787323963866 0.0018890737384003543 1.632146192059314e-05 0.00051779109451950418 -0.0013986419106553462 0.0013520418872532858 0.0011625300711671116 -0.0014776384133376175 0.00026817834625960936
leaf_weight=7170 5505 6161 8110 76911 8759 4878 6885 4893 7559 6471 7116 7211 6230 8243 15095 6859 18532 5116 7788 5296 44817 6162 4762 5907 4913 5303 7019 5568 4910 11932
leaf_count=7170 5505 6161 8110 76911 8759 4878 6885 4893 7559 6471 7116 7211 6230 8243 15095 6859 18532 5116 7788 5296 44817 6162 4762 5907 4913 5303 7019 5568 4910 11932
internal_value=-2.21705e-05 -4.2256e-05 -2.27763e-05 -4.26576e-05 -2.22439e-05 0.000172814 0.000257157 -0.000102152 -6.84859e-05 -3.56611e-05 -2.58162e-07 -4.82416e-05 -3.69389e-06 0.000339792 -0.000137548 0.000971404 -8.72556e-05 0.000127609 -4.28788e-06 0.000206964 -0.000361658 5.70075e-05 0.000175954 0.00118864 -5.96665e-05 -0.000846297 0.000165783 -0.000164078 -0.000530832 -0.000136236
internal_weight=332081 326576 319406 313245 305135 88674 83796 216461 207702 200143 193672 186556 179345 35090 19988 15102 144255 80906 75790 68002 63349 62706 56544 10669 45875 10216 35659 28640 23072 18162
internal_count=332081 326576 319406 313245 305135 88674 83796 216461 207702 200143 193672 186556 179345 35090 19988 15102 144255 80906 75790 68002 63349 62706 56544 10669 45875 10216 35659 28640 23072 18162
is_linear=0
shrinkage=0.05


Tree=142
num_leaves=31
num_cat=0
split_feature=4 3 8 8 8 3 4 2 4 4 8 9 8 0 9 8 3 8 4 8 8 8 8 8 5 8 9 0 2 2
split_gain=2.77532 2.03331 5.80264 4.50019 8.56019 4.265 3.72614 5.13457 4.81649 4.68752 5.20826 4.23476 4.14537 3.55176 2.85942 2.85059 2.75882 6.99295 6.96448 4.72471 7.97681 5.8712 4.28281 5.98951 4.03746 4.5906 2.84193 4.47345 4.60602 4.19893
threshold=1.9872758246888045 6.9518792145000008 0.8314545940000001 1.2722218760000001 1.5192940695000001 12.931751794000002 1.1105540971279948 1.0000000180025095e-35 1.4338158109036574 1.2399721071032637 1.0092210495 19.500000000000004 1.1396604570000002 87.500000000000014 51.500000000000007 1.1318326185000003 -22.230084205999997 0.75575043250000007 0.42848698758069387 0.90015274200000006 0.94232026850000017 0.82065572850000013 0.99996303200000003 1.0396849785000002 17.500000000000004 1.1667312910000003 35.500000000000007 38.500000000000007 2.5000000000000004 3.5000000000000004
decision_type=8 2 2 2 2 2 10 2 10 10 2 2 2 2 2 2 2 2 10 2 2 2 2 2 2 2 2 2 2 2
left_child=1 14 -3 6 5 -5 -4 -8 9 11 -11 -9 -12 -7 16 -13 18 -18 -1 21 -21 -20 -22 -24 26 -26 27 28 -19 -29
right_child=-2 2 3 4 -6 13 7 8 -10 10 12 15 -14 -15 -16 -17 17 24 19 20 22 -23 23 -25 25 -27 -28 29 -30 -31
leaf_value=-0.0017573899037205438 0.0010023582492789506 -0.002906502093023372 -0.0013269723119652022 -6.3015187370443765e-05 0.00069646154896034766 -0.0020337245936028593 -0.00083901055685866037 -0.0012784857331591738 -0.00090323335416409587 0.0032366022040049239 -0.00035337380085291028 0.0015526761333531536 0.0017245460173008209 -0.00094860824632087004 0.00074445327774201879 -0.00026158321607665512 0.0021968353307742676 7.0436255525888061e-05 -0.00042504106034872702 -0.0025475099322425977 0.00086218628541807625 0.0014963438385631801 -0.0020740242475924485 7.7038760921754889e-05 -0.00074143557343612501 0.00020905788202943421 -0.00034834170559862044 0.00078743965323183627 -0.0009871496486965948 0.00013109911639604954
leaf_weight=4627 5450 4571 7229 5686 7981 7937 5971 6002 5723 4755 4926 8116 5089 4561 11918 4789 5712 67958 8535 4758 5893 8384 5069 10501 21386 13498 16785 25725 5897 26479
leaf_count=4627 5450 4571 7229 5686 7981 7937 5971 6002 5723 4755 4926 8116 5089 4561 11918 4789 5712 67958 8535 4758 5893 8384 5069 10501 21386 13498 16785 25725 5897 26479
internal_value=-2.3161e-05 -4.18497e-05 -0.000254977 -0.000154405 -0.000690199 -0.00128924 0.000112157 0.000280159 0.000487248 0.000715145 0.0013824 0.00019366 0.00073478 -0.00180557 3.12076e-05 0.000703912 -7.731e-06 8.04056e-05 -0.000346176 -0.000148337 -0.000568615 0.000502984 -0.000157793 -0.000592295 2.50376e-05 -0.000457164 0.000142808 0.000224192 -2.62321e-05 0.000578444
internal_weight=331911 326461 83336 78765 26165 18184 52600 45371 39400 33677 14770 18907 10015 12498 243125 12905 231207 183440 47767 43140 26221 16919 21463 15570 177728 34884 142844 126059 73855 52204
internal_count=331911 326461 83336 78765 26165 18184 52600 45371 39400 33677 14770 18907 10015 12498 243125 12905 231207 183440 47767 43140 26221 16919 21463 15570 177728 34884 142844 126059 73855 52204
is_linear=0
shrinkage=0.05


Tree=143
num_leaves=31
num_cat=0
split_feature=8 9 7 4 5 5 4 7 0 4 7 7 7 7 8 8 0 5 7 7 9 8 7 8 8 7 8 8 4 8
split_gain=2.69643 1.92636 3.06533 2.88374 2.84929 4.09384 3.08388 3.55878 4.44702 2.8549 5.7955 5.38081 5.0548 3.05656 3.83242 11.3452 13.5503 3.55522 2.57597 4.43439 3.87075 3.63334 8.01111 6.51974 5.73418 4.40624 6.62906 6.75728 5.66599 5.25049
threshold=0.69131934800000006 10.500000000000002 1.1842334040000002 1.5390651465205558 4.5000000000000009 9.5000000000000018 0.79744675805708798 0.97631804550000012 63.500000000000007 1.6171833825325279 1.2268644580000003 1.1795612660000001 1.1460201665000003 1.1325404125000003 1.429914388 1.3288227880000003 58.500000000000007 16.500000000000004 1.0825141075000002 1.0563097930000003 21.500000000000004 1.2463057665000001 1.0445113095 1.1912749420000002 1.1640513860000004 1.028182989 1.0952802825000003 1.0689273500000003 1.3143924865272292 0.87945863200000007
decision_type=2 2 2 8 2 2 10 2 2 10 2 2 2 2 2 2 2 2 2 2 2 2 2 2 2 2 2 2 10 2
left_child=-1 2 3 -2 -3 6 -6 -8 -9 10 11 12 13 14 15 18 -17 -16 19 21 -20 22 23 24 25 26 27 28 29 -7
right_child=1 4 -4 -5 5 9 7 8 -10 -11 -12 -13 -14 -15 17 16 -18 -19 20 -21 -22 -23 -24 -25 -26 -27 -28 -29 -30 -31
leaf_value=-0.0013201781877420909 -0.00017344553064160828 -0.00089256346027512539 0.0010371349082768933 -0.0010862583054380814 0.00065051719657399924 0.0005424868593793986 -0.0010778214777821733 -0.00036259984699610337 0.0015562266020650195 0.0010761381255808694 -0.0016254177193387759 0.0017513583765559561 -0.0010297341424581774 0.0011890407077152277 0.0013475687758394972 -5.8823256735007767e-06 -0.003062400351581826 7.7039547038715303e-05 0.00065055320845895941 0.00082896016209855214 -0.0011337991027591532 0.00073949860188300416 -0.0022226277884053627 -0.0010537650515841546 0.0015868394836095479 0.0010387764221222674 -0.0008431949161436525 0.0016693521393208095 0.0017297971473932306 -0.00038048626992533976
leaf_weight=5183 64137 6252 4981 6035 25806 20975 4682 5374 5142 5514 6250 7137 7323 5109 4788 5634 4732 5630 4788 13915 10347 8521 5577 6997 4507 7750 10821 5066 4669 48485
leaf_count=5183 64137 6252 4981 6035 25806 20975 4682 5374 5142 5514 6250 7137 7323 5109 4788 5634 4732 5630 4788 13915 10347 8521 5577 6997 4507 7750 10821 5066 4669 48485
internal_value=-1.35112e-05 4.43494e-06 -0.000217708 -0.000302806 7.07418e-05 9.75894e-05 0.000553537 -1.15109e-05 0.000499002 6.17239e-06 -2.49339e-05 2.36674e-05 -2.8146e-05 2.47454e-05 -1.08252e-05 -7.03364e-05 -0.00167052 0.000918641 3.85441e-05 0.000106801 -0.000580416 1.13477e-05 -6.25805e-05 3.18005e-05 0.000132849 5.24184e-05 -4.61004e-05 0.000112532 -8.26207e-06 -0.000121644
internal_weight=332127 326944 75153 70172 251791 245539 41004 15198 10516 204535 199021 192771 185634 178311 173202 162784 10366 10418 152418 137283 15135 123368 114847 109270 102273 97766 90016 79195 74129 69460
internal_count=332127 326944 75153 70172 251791 245539 41004 15198 10516 204535 199021 192771 185634 178311 173202 162784 10366 10418 152418 137283 15135 123368 114847 109270 102273 97766 90016 79195 74129 69460
is_linear=0
shrinkage=0.05


Tree=144
num_leaves=31
num_cat=0
split_feature=5 8 2 7 5 7 8 9 1 7 8 7 7 8 7 7 8 2 7 4 9 4 8 7 8 7 1 7 8 7
split_gain=2.17645 2.06719 2.00689 8.43539 5.87637 5.24583 12.4161 5.13062 5.11502 4.99787 7.96254 5.23109 4.24301 5.56145 3.23594 6.479 4.56409 3.03308 7.56652 3.11865 2.46028 2.15979 3.83674 7.08669 7.04107 4.27801 5.3815 4.7841 10.5091 5.98799
threshold=29.500000000000004 1.1805976600000003 3.5000000000000004 1.1108714775000001 4.5000000000000009 0.96032202150000012 0.9749352160000001 25.500000000000004 18.500000000000004 0.98203505650000011 0.91760223650000017 1.0205589460000002 1.0107513135000004 0.96876116550000013 0.87209273600000004 0.9139297395 0.87106510550000016 5.5000000000000009 1.0769784025000002 0.90574909818682825 19.500000000000004 0.71998289365542911 0.80894011650000008 0.90684916650000014 0.94434546000000008 0.95332521050000008 58.500000000000007 0.96905717250000001 0.9248827850000001 0.97838995950000007
decision_type=2 2 2 2 2 2 2 2 2 2 2 2 2 2 2 2 2 2 2 10 2 8 2 2 2 2 2 2 2 2
left_child=2 -2 8 4 -4 6 14 -5 -1 10 -7 12 13 -11 -6 -16 -17 18 19 -13 -15 -10 -23 24 -24 26 -25 -27 -29 -30
right_child=1 -3 3 7 5 9 -8 -9 21 11 -12 17 -14 20 15 16 -18 -19 -20 -21 -22 22 23 25 -26 27 -28 28 29 -31
leaf_value=0.0029737382079075142 9.876919943893615e-06 0.0016744873603136007 -0.0021640888781294734 -0.00079758960833518357 -0.0010879339460881821 -0.000510918864003912 -0.0024484610424472032 -0.0040982611634140858 0.00023221582774524965 0.0010751291812861664 0.0026733538637497196 0.0016052476176439956 -0.0020649226747477488 -0.0022647696272284357 0.0018509217961734535 -0.0014795177260661263 0.00047762696155909394 0.0018003166621973156 -0.001437552442827561 0.00012783645437178804 -0.00017520657503408146 0.00099771057359763072 -0.0022202352965338653 0.0019191655951302233 1.3169400193527304e-05 -0.00085176574672302108 7.9723273620857521e-05 0.0016037892675797583 -0.0013370949580688851 -7.3702757090005075e-05
leaf_weight=4976 6188 5372 5186 5428 5970 5485 6160 4607 47530 7916 6710 5528 4574 4989 6940 6416 6336 8067 5055 7515 5940 5230 5420 4639 4526 8197 11312 5171 4582 109847
leaf_count=4976 6188 5372 5186 5428 5970 5485 6160 4607 47530 7916 6710 5528 4574 4989 6940 6416 6336 8067 5055 7515 5940 5230 5420 4639 4526 8197 11312 5171 4582 109847
internal_value=-4.2644e-05 0.000631215 -6.69775e-05 -0.000241438 -0.000101096 -1.02825e-05 -0.000531781 -0.00162226 2.28203e-05 0.00025836 0.00116496 3.52901e-05 -0.000507492 -0.000175729 -4.77267e-05 0.000261461 -0.000407619 0.000521112 0.000161575 0.000798015 -0.000906576 -1.53784e-05 -0.00010382 -0.000149155 -0.00143955 -5.98248e-05 0.000712115 -0.000156199 -7.60838e-05 -0.000175756
internal_weight=331812 11560 320252 108822 98787 93601 31822 10035 211430 61779 12195 49584 23419 18845 25662 19692 12752 26165 18098 13043 10929 206454 158924 153694 9946 143748 15951 127797 119600 114429
internal_count=331812 11560 320252 108822 98787 93601 31822 10035 211430 61779 12195 49584 23419 18845 25662 19692 12752 26165 18098 13043 10929 206454 158924 153694 9946 143748 15951 127797 119600 114429
is_linear=0
shrinkage=0.05


Tree=145
num_leaves=31
num_cat=0
split_feature=8 4 3 0 2 4 7 8 8 2 8 7 7 7 8 3 7 7 4 7 8 7 8 7 7 7 8 4 8 2
split_gain=2.34614 2.25734 2.07176 2.48049 2.12855 6.7554 4.81889 2.11307 7.51481 7.03466 5.20099 11.9209 8.70651 11.8351 7.24579 4.90375 4.69718 8.74709 7.0425 2.20912 7.00312 4.35482 4.73713 6.90271 11.7699 4.77425 5.81527 9.4166 2.77217 21.3418
threshold=0.69131934800000006 1.9872758246888045 -50.741739744999997 117.50000000000001 6.5000000000000009 0.72737128769017889 0.98794492700000014 1.3109496115000001 1.2922678700000001 3.5000000000000004 1.5192940695000001 1.0413678250000002 1.2340613275000003 1.1557826560000002 1.4583205875 44.107140965000006 1.0852959850000004 1.1659978160000002 1.0632909416606242 1.1201095380000001 1.1865423385 1.0999404950000002 1.2650961850000002 1.0563097930000003 1.0445113095 1.0640450860000004 1.0689273500000003 1.0270365214057262 1.1831267190000003 2.5000000000000004
decision_type=2 8 2 2 2 10 2 2 2 2 2 2 2 2 2 2 2 2 10 2 2 2 2 2 2 2 2 10 2 2
left_child=-1 2 -2 4 7 -6 -7 8 15 10 11 -9 13 -12 16 19 -13 18 -18 21 -21 22 23 24 28 -25 -27 -28 -4 -30
right_child=1 -3 3 -5 5 6 -8 9 -10 -11 12 14 -14 -15 -16 -17 17 -19 -20 20 -22 -23 -24 25 -26 26 27 -29 29 -31
leaf_value=-0.0012472600729342351 0.00095686824238323809 0.0010047432322954299 0.00010668862001309565 0.005411667653436281 -0.002823443799947695 -0.001075947031061436 0.0017463274868678991 0.00090576915731203087 0.0014873689349126807 -0.0015212835104979395 3.6538069684538543e-05 -0.0012121916320362303 -0.00143812563927479 0.0037086159512268683 -0.0020046804619550606 -0.001996402239576256 0.0015618091125728319 -0.0017482125256803151 -0.00040275899151435149 -0.0007298523058303475 0.0017271487058690416 -0.00093222383140496303 -0.00095336525261083835 0.0018311644415017537 -0.0019912202901178236 -0.00090666082699496502 -0.00012707511854063159 0.0019890407758619195 -0.0013987489040601737 0.0023220123923876376
leaf_weight=5134 5716 5486 148037 4511 5127 7299 6088 7034 6087 7593 8450 6101 4825 5204 5347 5635 5195 5227 5158 5533 7409 7154 5881 5464 8607 5088 6945 6020 9390 5334
leaf_count=5134 5716 5486 148037 4511 5127 7299 6088 7034 6087 7593 8450 6101 4825 5204 5347 5635 5195 5227 5158 5533 7409 7154 5881 5464 8607 5088 6945 6020 9390 5334
internal_value=-2.48055e-05 -8.14345e-06 -2.53139e-05 -4.23993e-05 -5.92796e-05 -0.000579135 1.21341e-05 -2.63901e-05 4.19194e-05 -0.000290577 -8.49256e-05 -0.000451317 0.000590375 0.00123545 -0.000928495 -4.69091e-06 -0.00052165 -6.0956e-05 0.000780797 3.24856e-05 0.000666177 -6.97367e-06 3.62353e-05 7.84417e-05 -3.1802e-05 0.000881621 0.000489395 0.00105146 6.35114e-05 -0.000590671
internal_weight=332079 326945 321459 315743 311232 18514 13387 292718 232584 60134 52541 34062 18479 13654 27028 226497 21681 15580 10353 220862 12942 207920 200766 194885 171368 23517 18053 12965 162761 14724
internal_count=332079 326945 321459 315743 311232 18514 13387 292718 232584 60134 52541 34062 18479 13654 27028 226497 21681 15580 10353 220862 12942 207920 200766 194885 171368 23517 18053 12965 162761 14724
is_linear=0
shrinkage=0.05


Tree=146
num_leaves=31
num_cat=0
split_feature=8 3 8 8 3 2 8 8 8 3 2 8 8 9 0 8 8 3 8 9 2 3 3 4 9 4 8 8 8 8
split_gain=2.34817 2.41445 2.18562 5.45042 3.14672 2.48847 4.10398 8.57549 8.17635 11.739 5.84449 13.7454 11.0167 9.09701 4.02474 4.64594 11.0287 8.38915 5.55098 8.67785 6.92374 8.99268 6.6776 5.3478 5.23213 4.98769 4.91883 7.3564 3.67632 5.48849
threshold=0.69131934800000006 57.332769702000007 0.74929210700000015 0.78344438100000013 -50.741739744999997 2.5000000000000004 1.0952802825000003 1.1232906845000004 1.0216345210000002 -6.595586053499999 1.5000000000000002 0.86832795850000011 0.97265127900000015 21.500000000000004 40.500000000000007 1.1640513860000004 1.2650961850000002 -11.796539283499998 0.97265127900000015 44.500000000000007 3.5000000000000004 -11.352440008499999 5.1593147565000015 1.1105540971279948 26.500000000000004 0.93637219583725317 0.93834529050000015 0.90315492350000015 1.1588549085000002 1.1751955955000002
decision_type=2 2 2 2 2 2 2 2 2 2 2 2 2 2 2 2 2 2 2 2 2 2 2 10 2 10 2 2 2 2
left_child=-1 2 -2 -4 -5 6 8 -8 10 -10 11 -6 -12 -13 -7 18 -17 -18 19 25 21 -20 -23 -22 -19 26 27 -16 -9 -30
right_child=1 -3 3 4 5 14 7 28 9 -11 12 13 -14 -15 15 16 17 24 20 -21 23 22 -24 -25 -26 -27 -28 -29 29 -31
leaf_value=-0.0012261342976631882 0.0010017488037100536 0.001935945292248889 -0.0013490198871712713 0.001259957049013394 0.001271794301806739 -0.00082518070181846208 -0.0011713053811785834 0.00071847398645748521 0.0018900055619922918 0.00045445741233183791 -4.1215510386766187e-05 -4.6274707616154878e-05 0.002473148792248742 -0.0013834994322346251 0.00052431808059559548 0.0014699948849039024 0.00095147518920340741 4.2212694151255731e-05 -0.0024025106514788813 0.0023363937446130856 -0.00063677801605770416 0.00067695453390530518 -0.0020310514485764376 0.0017356893463151557 -0.0019321914584047974 -0.0010902929929197031 0.0012794713563741705 -0.0016056434587534642 -0.00137759792629657 4.1436997838867341e-05
leaf_weight=5160 6356 5180 6311 4837 6265 8933 7784 9264 5040 13555 9366 15588 4765 9969 15480 15981 4986 6411 5234 4799 28038 4557 4534 6183 8334 16040 5866 5857 4582 76688
leaf_count=5160 6356 5180 6311 4837 6265 8933 7784 9264 5040 13555 9366 15588 4765 9969 15480 15981 4986 6411 5234 4799 28038 4557 4534 6183 8334 16040 5866 5857 4582 76688
internal_value=2.5983e-06 1.93168e-05 2.05996e-06 -1.64551e-05 1.32711e-05 -6.86443e-06 0.000126327 -7.7042e-05 0.000436076 0.00132056 7.80604e-05 -0.000297703 0.000924059 -0.000812241 -0.000160456 -9.10774e-05 0.00039617 -0.000394584 -0.000271241 0.000109788 -0.000648287 -0.001571 -0.000619778 -0.000261862 -0.000994068 -0.000114167 0.000298166 -5.44701e-05 5.99189e-05 -4.76776e-05
internal_weight=331943 326783 321603 315247 308936 304099 162866 98318 64548 18595 45953 31822 14131 25557 141233 132300 35712 19731 96588 48042 48546 14325 9091 34221 14745 43243 27203 21337 90534 81270
internal_count=331943 326783 321603 315247 308936 304099 162866 98318 64548 18595 45953 31822 14131 25557 141233 132300 35712 19731 96588 48042 48546 14325 9091 34221 14745 43243 27203 21337 90534 81270
is_linear=0
shrinkage=0.05


Tree=147
num_leaves=31
num_cat=0
split_feature=0 6 2 0 3 8 8 7 7 3 8 9 7 2 8 8 7 7 8 7 7 8 8 8 8 2 7 9 7 7
split_gain=1.99753 2.51968 1.30809 3.48601 3.01651 7.38899 8.81866 6.16026 6.15052 5.69036 5.24966 5.31215 10.5136 4.75323 4.36434 8.04815 9.632 4.84265 3.47535 3.25483 3.16672 4.52689 2.72824 10.4723 7.20782 11.9448 18.1224 4.57238 3.81353 3.47813
threshold=117.50000000000001 2.5000000000000004 2.5000000000000004 34.500000000000007 -13.432584267999998 1.1805976600000003 1.0169589225000002 0.90495753450000016 0.93454038750000012 -19.952743553999998 0.87106510550000016 42.500000000000007 1.0243316185000002 7.5000000000000009 1.1052717865000001 1.2650961850000002 1.1070499045000002 1.0640450860000004 1.0714725580000002 0.86803575000000011 0.98009628400000015 0.8450821515000001 0.97077317050000012 0.93401700600000004 1.0352592580000002 1.5000000000000002 0.98708003850000015 55.500000000000007 0.96724136100000013 0.91977347650000008
decision_type=2 2 2 2 2 2 2 2 2 2 2 2 2 2 2 2 2 2 2 2 2 2 2 2 2 2 2 2 2 2
left_child=1 2 22 -4 5 6 9 -6 -9 13 -10 14 -13 19 -12 17 -17 -16 -8 -5 21 -21 23 28 25 26 -24 -26 29 -1
right_child=-2 -3 3 4 7 -7 18 8 10 -11 11 12 -14 -15 15 16 -18 -19 -20 20 -22 -23 24 -25 27 -27 -28 -29 -30 -31
leaf_value=0.000263345267834951 0.0054540061008859358 -0.0013496498549370158 -0.00093872316336555549 -0.00087858281396446531 -0.0019391197675300176 0.0010826692785186555 -0.0015511578323502723 0.0016542403274260348 -0.0021111843358228551 0.0014971684068525366 -0.00048083410062325362 0.0011585370244186377 -0.0027970545755059088 -0.002331141051137073 0.0023007682054470013 -0.0016989138969582041 0.00080719478332061953 0.00035122845613585476 -0.00034696603017139174 -0.00025784656311531875 -0.00022996885452144513 0.0012125296864775204 0.0013797910457096886 -0.0015691329899121477 -4.7983034024609578e-05 0.0021022630768517737 -0.0012096772298410886 0.00096113540534143176 0.00091303405579984127 -0.0006608806163999559
leaf_weight=12708 4856 6552 4706 4560 5324 8605 5934 4710 5644 8816 26052 4951 7901 5594 7895 5684 6821 7026 7304 5018 8643 9672 6268 8605 106594 6680 6853 8226 6950 7130
leaf_count=12708 4856 6552 4706 4560 5324 8605 5934 4710 5644 8816 26052 4951 7901 5594 7895 5684 6821 7026 7304 5018 8643 9672 6268 8605 106594 6680 6853 8226 6950 7130
internal_value=-2.89659e-05 -4.39024e-05 -2.40745e-05 -0.000131243 -8.8089e-05 0.000168742 -4.25323e-05 -0.000288979 -0.000174732 0.00030993 -0.00028932 -0.000164694 -0.00107723 1.23164e-05 5.46903e-05 0.000494878 -0.000440647 0.00127881 -0.00116854 0.000279142 0.000517932 0.000964614 7.10215e-05 -0.00031958 0.000173722 0.0010546 0.000178082 2.17723e-05 0.000167954 -0.000185204
internal_weight=332282 327426 320874 150860 146154 64146 55541 82008 76684 42303 71974 66330 12852 33487 53478 27426 12505 14921 13238 27893 23333 14690 170014 35393 134621 19801 13121 114820 26788 19838
internal_count=332282 327426 320874 150860 146154 64146 55541 82008 76684 42303 71974 66330 12852 33487 53478 27426 12505 14921 13238 27893 23333 14690 170014 35393 134621 19801 13121 114820 26788 19838
is_linear=0
shrinkage=0.05


Tree=148
num_leaves=31
num_cat=0
split_feature=2 5 0 2 0 8 3 8 8 8 4 4 3 9 0 9 8 8 8 8 9 2 4 2 0 8 8 8 0 8
split_gain=2.16076 4.85381 2.029 1.50943 5.12037 5.50541 3.61502 9.82036 7.91209 4.54872 5.87411 2.53177 7.54813 3.58753 3.34398 6.11958 7.25346 5.73189 9.59984 4.47798 3.81587 6.84617 3.49307 3.61081 5.58448 3.30463 3.23646 7.78132 2.72853 7.28318
threshold=7.5000000000000009 9.5000000000000018 116.50000000000001 4.5000000000000009 62.500000000000007 1.1912749420000002 -6.2613083744999996 0.96648837100000018 1.0071276700000003 0.91760223650000017 0.72737128769017889 0.70792748231424296 -21.847178241999995 35.500000000000007 39.500000000000007 22.500000000000004 1.5773862285000002 0.86540467600000015 0.91975546850000012 0.96036754150000014 37.500000000000007 2.5000000000000004 1.1522179028777921 2.5000000000000004 67.500000000000014 1.5441749580000004 1.0952802825000003 1.2097847630000003 58.500000000000007 1.2650961850000002
decision_type=2 2 2 2 2 2 2 2 2 2 10 8 2 2 2 2 2 2 2 2 2 2 10 2 2 2 2 2 2 2
left_child=2 -2 3 11 -5 6 8 -8 9 10 -6 13 -13 -1 25 22 17 -17 -19 -20 28 26 23 -16 -25 -14 -22 -28 -21 -30
right_child=1 -3 -4 4 5 -7 7 -9 -10 -11 -12 12 14 -15 15 16 -18 18 19 20 21 -23 -24 24 -26 -27 27 -29 29 -31
leaf_value=0.00014017791406655821 -0.0029640353445429565 0.00012586037279029849 0.0043500878616303919 -0.0018236106394041275 -0.00083895861623825845 -0.0019513915297291575 -0.0029358756238998698 0.0011392553730033062 -0.001173132623004991 0.0015927865545004888 0.0013650072394194137 -0.0018497975936834889 -0.00012858478314672629 0.0013037439698191323 0.0014903547360102911 -0.0013576883244459715 0.0014812557082973965 0.0018923628538837778 -0.0017461654756840918 -0.00017765162912769528 0.00087835741325735799 -0.0015668819503299237 -8.5150936056388471e-05 -0.00010749216438142861 0.0014897779256409672 -0.0010801721708947971 -0.0013176285531651733 0.00033646367838064133 0.0012486663759216782 -0.00087392264454581598
leaf_weight=48319 4975 7589 5206 4671 6455 6059 7980 8159 7173 8804 7865 5186 70260 4599 4737 5954 6243 4942 4713 13337 6661 14048 8273 8411 8551 6506 6357 13040 11856 5084
leaf_count=48319 4975 7589 5206 4671 6455 6059 7980 8159 7173 8804 7865 5186 70260 4599 4737 5954 6243 4942 4713 13337 6661 14048 8273 8411 8551 6506 6357 13040 11856 5084
internal_value=-4.91314e-05 -0.000692179 -2.38297e-05 -4.00559e-05 -0.000272428 -0.00013119 5.38317e-05 -0.000550514 0.0003758 0.000825803 0.000275742 1.16208e-05 -6.82662e-05 0.000319804 -1.91604e-05 0.000143296 -5.84074e-05 -0.000177913 -6.65267e-05 -0.000207054 -0.000107085 -0.00042694 0.000763919 0.00109715 0.000755879 -0.000277774 5.27568e-05 -0.000273812 0.000316607 0.000737681
internal_weight=332013 12564 319449 314243 57166 52495 46436 16139 30297 23124 14320 257077 204159 52918 198973 122207 92235 85992 80038 75096 70383 40106 29972 21699 16962 76766 26058 19397 30277 16940
internal_count=332013 12564 319449 314243 57166 52495 46436 16139 30297 23124 14320 257077 204159 52918 198973 122207 92235 85992 80038 75096 70383 40106 29972 21699 16962 76766 26058 19397 30277 16940
is_linear=0
shrinkage=0.05


Tree=149
num_leaves=31
num_cat=0
split_feature=5 0 8 8 8 4 8 8 8 8 8 8 8 8 6 7 7 8 7 8 8 8 7 7 7 7 8 4 8 0
split_gain=2.13104 1.66533 3.26959 1.86731 3.655 2.38632 5.23206 3.37695 6.32131 4.89134 2.78464 1.9619 1.85939 1.65926 5.27832 4.91803 6.55259 7.964 5.6576 4.54789 5.18633 4.76294 6.94738 6.53088 4.66954 5.95606 4.0179 3.54811 3.3842 6.35243
threshold=33.500000000000007 89.500000000000014 1.3838021630000001 1.2690178225000002 1.1692778010000002 1.0240184921611701 0.89565229550000003 0.93401700600000004 0.9749352160000001 1.0420770275000002 0.90315492350000015 1.0092210495 0.80377605800000007 0.94232026850000017 1.5000000000000002 0.89637365600000007 0.91752535600000018 0.98373178200000011 0.96428644550000009 1.0052361115000001 0.99996303200000003 1.0260839095000003 0.97754740050000011 0.99308499750000012 0.96724136100000013 0.94873068150000017 0.92937962750000014 1.2088914691982777 1.0740390135000004 43.500000000000007
decision_type=2 2 2 2 2 10 2 2 2 2 2 2 2 2 2 2 2 2 2 2 2 2 2 2 2 2 2 8 2 2
left_child=1 13 3 4 5 6 12 -8 -9 -10 -7 -12 -3 14 26 -15 -17 18 -18 20 -19 -21 24 -24 25 -23 27 -1 29 -25
right_child=-2 2 -4 -5 -6 10 7 8 9 -11 11 -13 -14 15 -16 16 17 19 -20 21 -22 22 23 28 -26 -27 -28 -29 -30 -31
leaf_value=0.00018047334566616559 0.0012660520928388459 0.00053227658641386564 0.0021433176923611129 -0.0015669521168548001 0.0018634711155252393 -0.0023328804019795645 -0.0020737315242111173 0.0020612981679006717 -0.0017655981647863306 0.00079116381365787469 0.0015333794255928208 -0.0008594758882565696 0.0019322877679900903 0.0008912646778596392 -0.0014527450663412102 -0.0013243853159669472 0.0020943023379046909 8.0452217329134162e-05 0.00027496514018209576 0.00092120966151290617 -0.001637715641627774 -0.0010678772928647219 0.00077529505428116654 0.0017305400251019455 -0.0015190803441940378 0.00040620870509934797 -0.0011322320715226612 -0.0010068548020450375 -0.00010271458214233808 -0.00018634264283066694
leaf_weight=37697 4760 6946 4957 4762 6889 6317 4623 4707 7471 6410 6846 8408 9230 6080 7681 4893 4722 5662 8856 7928 6728 6930 8557 4542 4882 6461 4666 4503 113292 5466
leaf_count=37697 4760 6946 4957 4762 6889 6317 4623 4707 7471 6410 6846 8408 9230 6080 7681 4893 4722 5662 8856 7928 6728 6930 8557 4542 4882 6461 4666 4503 113292 5466
internal_value=-4.51975e-07 -1.57436e-05 0.000186603 0.000101737 0.000168934 4.55194e-05 0.000277023 -0.000204062 9.68106e-05 -0.000440192 -0.000377155 -1.14686e-05 0.000967184 -7.86412e-05 -0.000322399 -1.04485e-05 -5.55117e-05 -7.47157e-06 0.0011577 -0.000100321 -0.00102259 -2.79952e-05 -9.10847e-05 3.55485e-05 -0.00100462 -0.000521611 -0.000123211 3.0802e-05 -5.71753e-05 0.000823929
internal_weight=331872 327112 77566 72609 67847 60958 39387 23211 18588 13881 21571 15254 16176 249546 54547 194999 188919 184026 13578 170448 12390 158058 150130 131857 18273 13391 46866 42200 123300 10008
internal_count=331872 327112 77566 72609 67847 60958 39387 23211 18588 13881 21571 15254 16176 249546 54547 194999 188919 184026 13578 170448 12390 158058 150130 131857 18273 13391 46866 42200 123300 10008
is_linear=0
shrinkage=0.05


Tree=150
num_leaves=31
num_cat=0
split_feature=7 8 7 8 8 8 7 8 8 7 2 8 8 8 4 7 7 7 7 7 0 7 7 8 4 8 8 7 7 8
split_gain=2.15186 3.3448 2.57643 2.79327 7.3592 10.5334 5.20375 16.8117 7.13449 7.08501 3.89046 2.3681 2.94421 7.65823 4.27901 4.11721 9.20736 11.111 4.80897 3.41086 11.8403 11.1231 6.27097 14.9711 2.54901 11.3584 7.39998 7.66716 13.2571 6.52132
threshold=1.2132531175000001 1.5192940695000001 1.1875882665000002 1.6516427525000001 1.4757161485000003 1.4361150800000002 1.1201095380000001 1.1865423385 1.3628059890000002 1.1460201665000003 1.5000000000000002 1.3158465240000001 1.1894146140000001 1.1667312910000003 0.99464674085340155 1.0984745745000002 1.0563097930000003 1.0445113095 1.0731915865000003 1.0812419045000001 16.500000000000004 1.0473717320000002 1.0183233475000002 1.2463057665000001 0.7756355426729139 1.1052717865000001 0.74929210700000015 0.90684916650000014 0.91977347650000008 1.0952802825000003
decision_type=2 2 2 2 2 2 2 2 2 2 2 2 2 2 10 2 2 2 2 2 2 2 2 2 8 2 2 2 2 2
left_child=2 -2 3 4 5 6 8 -8 11 -9 -6 12 13 15 -15 16 17 24 -18 20 -14 22 23 -22 25 -1 -26 -28 -29 -30
right_child=1 -3 -4 -5 10 -7 7 9 -10 -11 -12 -13 19 14 -16 -17 18 -19 -20 -21 21 -23 -24 -25 26 -27 27 28 29 -31
leaf_value=1.9117983111605064e-06 0.0019907139894716429 -0.00011500805725133123 -0.00097418108721375463 0.0010175722495859407 -0.00022878421040114507 0.0018409786775994974 -0.0016222281568883112 0.0023744849974427803 -0.0010442673794626267 0.00038471421342843316 -0.0018470948411782317 0.00047407376254062774 -0.0015941223434258634 0.00022464054871821072 0.0017652734223340711 -0.0015015907490391056 0.0017863991231420212 -0.0026987273601555314 0.00024175310677625463 -0.0010834478883693821 -0.0010696735595591867 0.0015551396234663286 -0.0013652141689140197 0.0014434087155043602 0.0021756983143905368 0.0016434565101928701 -0.0011325829009711436 0.0028706651704092007 -5.9736839572813173e-05 -0.00095589119814695203
leaf_weight=61651 6106 7301 6381 4895 5623 5436 5451 7598 9069 6891 4802 8684 4629 4544 4598 4573 8436 6650 8379 8263 6223 7239 6701 5166 5558 4606 14524 4668 73242 14204
leaf_count=61651 6106 7301 6381 4895 5623 5436 5451 7598 9069 6891 4802 8684 4629 4544 4598 4573 8436 6650 8379 8263 6223 7239 6701 5166 5558 4606 14524 4668 73242 14204
internal_value=-2.29979e-05 0.000597413 -4.91074e-05 -2.87777e-05 -4.76558e-05 -1.80984e-06 -4.24881e-05 0.000737027 -9.97287e-05 0.0016274 -0.00135307 -5.20867e-05 -7.98672e-05 -8.17342e-06 0.00140757 -7.08852e-05 -3.72667e-05 -0.00013904 0.00108279 -0.000484291 -0.000236125 0.000188975 -0.000473888 0.000240258 -6.42308e-05 0.000181665 -0.000209446 -0.000302176 -0.000133794 -0.000272438
internal_weight=332091 13407 318684 312303 307408 296983 291547 19940 271607 14489 10425 262538 253854 215633 9142 206491 201918 185103 16815 38221 29958 25329 18090 11389 178453 66257 112196 106638 92114 87446
internal_count=332091 13407 318684 312303 307408 296983 291547 19940 271607 14489 10425 262538 253854 215633 9142 206491 201918 185103 16815 38221 29958 25329 18090 11389 178453 66257 112196 106638 92114 87446
is_linear=0
shrinkage=0.05


Tree=151
num_leaves=31
num_cat=0
split_feature=7 7 8 8 7 8 8 8 4 8 8 7 7 7 8 4 3 3 8 8 7 2 1 8 3 7 8 7 4 8
split_gain=1.8261 3.71083 2.96802 10.0991 7.92002 3.74787 3.49194 3.06354 4.25804 3.43983 5.50284 2.28059 6.70958 3.8655 6.77077 3.3977 5.27584 4.17033 3.60299 7.23761 3.68759 3.07907 10.1314 6.61004 9.17108 8.51078 6.50206 10.1682 5.20917 6.83741
threshold=1.2646002265000003 1.2268644580000003 1.5192940695000001 1.4583205875 1.1557826560000002 1.4053251940000002 1.3628059890000002 1.3380145900000002 1.6534265709003368 1.3109496115000001 1.2922678700000001 1.0563097930000003 1.0617768015000002 1.0445113095 1.1232906845000004 0.64887298102333657 -6.4232660774999992 -0.26244720199999994 1.0559896245000002 1.2027081425000004 1.0999404950000002 4.5000000000000009 54.500000000000007 0.9749352160000001 3.2642548770000004 1.0008343830000002 0.91760223650000017 0.98560577400000005 0.70396376307749819 1.0000014820000003
decision_type=2 2 2 2 2 2 2 2 10 2 2 2 2 2 2 10 2 2 2 2 2 2 2 2 2 2 2 2 8 2
left_child=1 2 3 5 -4 6 7 8 9 10 11 13 -13 21 -15 -14 -17 -18 -19 20 -20 28 23 24 26 -25 27 -23 29 -1
right_child=-2 -3 4 -5 -6 -7 -8 -9 -10 -11 -12 12 15 14 -16 16 17 18 19 -21 -22 22 -24 25 -26 -27 -28 -29 -30 -31
leaf_value=4.3079859660211112e-05 0.00093910496545275286 -0.0015159046228308604 -0.00011045652992667244 -0.0017862604675873694 0.0026236721947585865 0.00082782203620694334 -0.0008552367967383901 0.00059249789887203539 -0.0013119424787027712 -0.00067995872016648204 0.0010604373688170132 0.0018577437718395263 -0.00084403068492516775 -0.00256747502281276 0.00030734079482787059 0.0010922435487469185 -0.0011695172668394649 -0.0010280489547788152 0.0020583318621136605 -0.00052767663638846052 0.00034605316491242988 -0.00039919336784676189 -0.0024273883447232416 -0.0023536146454463309 -0.0027892254762880379 0.00076324048964608875 0.0021792625538578692 0.0026864982394840561 -7.2185978347114044e-05 0.00084839773625386417
leaf_weight=22298 6038 4939 9313 6479 5241 9314 9161 5999 4563 7140 5987 4530 4554 5409 4528 9405 6519 4684 5485 8290 5069 17770 4719 10324 6711 6131 7022 4528 105436 14611
leaf_count=22298 6038 4939 9313 6479 5241 9314 9161 5999 4563 7140 5987 4530 4554 5409 4528 9405 6519 4684 5485 8290 5069 17770 4719 10324 6711 6131 7022 4528 105436 14611
internal_value=-3.79664e-05 -5.39223e-05 -3.29987e-05 -6.61132e-05 0.000664537 -2.3943e-05 -5.55645e-05 -2.43152e-05 -4.86457e-05 -2.31417e-05 6.15495e-06 -2.86306e-05 0.000280176 -0.000100183 -0.00106241 9.14544e-05 0.000240768 -8.27732e-05 0.00022734 0.000535837 0.00140402 -5.22412e-05 -0.000362043 -0.000162409 0.000216797 -0.000992558 0.000598465 0.000180469 7.22691e-05 0.000583451
internal_weight=332197 326159 321220 306666 14554 300187 290873 281712 275713 271150 264010 258023 48536 209487 9937 44006 39452 30047 23528 18844 10554 199550 57205 52486 36031 16455 29320 22298 142345 36909
internal_count=332197 326159 321220 306666 14554 300187 290873 281712 275713 271150 264010 258023 48536 209487 9937 44006 39452 30047 23528 18844 10554 199550 57205 52486 36031 16455 29320 22298 142345 36909
is_linear=0
shrinkage=0.05


Tree=152
num_leaves=31
num_cat=0
split_feature=7 8 7 8 8 8 7 7 8 2 2 7 8 8 8 7 5 1 7 7 9 8 8 7 7 8 8 2 1 1
split_gain=2.27239 2.98869 2.81865 1.89202 8.85386 6.40055 6.34487 9.02046 6 2.52004 2.12736 8.56683 16.5779 11.3685 10.3955 7.75015 4.65769 3.30494 7.01713 6.26859 4.03994 8.59043 12.5025 13.4016 12.329 6.17734 7.03101 7.31346 5.83647 5.49847
threshold=1.2132531175000001 1.5192940695000001 1.1875882665000002 1.4757161485000003 1.5773862285000002 1.4361150800000002 1.1350018475000001 1.1460201665000003 1.3628059890000002 1.5000000000000002 1.0000000180025095e-35 1.0758004030000003 1.1894146140000001 0.97077317050000012 0.86832795850000011 0.99967947350000008 3.5000000000000004 87.500000000000014 1.0640450860000004 1.0142381880000002 30.500000000000004 0.8314545940000001 1.0169589225000002 0.98106093850000009 0.95516812250000005 1.0771584090000001 0.85095842600000016 7.5000000000000009 29.500000000000004 62.500000000000007
decision_type=2 2 2 2 2 2 2 2 2 2 2 2 2 2 2 2 2 2 2 2 2 2 2 2 2 2 2 2 2 2
left_child=2 -2 3 5 -5 6 8 -8 10 -10 11 12 13 14 -1 -15 -12 20 19 -19 25 -22 23 24 -23 26 29 -28 -25 -18
right_child=1 -3 -4 4 -6 -7 7 -9 9 -11 16 -13 -14 15 -16 -17 17 18 -20 -21 21 22 -24 28 -26 -27 27 -29 -30 -31
leaf_value=0.00083170835924835937 0.0017384780633050878 -9.3490643261992529e-05 -0.0010326929174959477 -0.0013108208688527691 0.00047662703850583912 0.0015154938147155517 0.0025371735335077334 8.009534762816185e-05 -0.00031156197421795541 -0.0015936878330102323 -0.001134365940441537 0.0010602959181144679 -0.0015076546845330552 0.001554158223761043 -0.0013261274561465475 0.00011894133116213679 0.0014378512032674042 -0.00043812098473570152 -0.0019966637619793755 0.00091248249513550264 -0.0019056458374884428 0.00071354166495736233 -0.00057380137498689871 0.0011507420768829934 0.0044837991819015044 0.00061041277487463436 -0.00012590700192891823 -0.0039253711417763697 -0.0012509007843353904 -0.00069080736338910102
leaf_weight=5036 6183 7338 6325 7407 7894 5344 4932 9169 5088 4983 6774 5442 6353 8839 7604 8554 17811 20345 4730 6785 6190 10595 42103 4577 4686 32742 51412 6098 6106 4501
leaf_count=5036 6183 7338 6325 7407 7894 5344 4932 9169 5088 4983 6774 5442 6353 8839 7604 8554 17811 20345 4730 6785 6190 10595 42103 4577 4686 32742 51412 6098 6106 4501
internal_value=-4.42083e-05 0.000590529 -7.11695e-05 -4.99832e-05 -0.000592088 -2.20263e-05 -5.34808e-05 0.000980966 -0.00010609 -0.00130384 -6.09361e-05 0.000266536 -1.03047e-05 0.000480641 -0.00066034 0.00130978 -0.000121696 -8.1681e-05 -0.00055233 -0.000242307 -1.40505e-06 -0.000287664 -0.000125419 0.000737418 0.001687 0.000187441 -4.97952e-05 -0.000342085 -0.000621024 0.0007035
internal_weight=331946 13521 318425 312100 15301 296799 291455 14101 277354 10071 267283 41828 36386 30033 12640 17393 225455 218681 31860 27130 186821 74257 68067 25964 15281 112564 79822 57510 10683 22312
internal_count=331946 13521 318425 312100 15301 296799 291455 14101 277354 10071 267283 41828 36386 30033 12640 17393 225455 218681 31860 27130 186821 74257 68067 25964 15281 112564 79822 57510 10683 22312
is_linear=0
shrinkage=0.05


Tree=153
num_leaves=31
num_cat=0
split_feature=9 7 8 8 4 4 7 7 7 8 7 8 0 8 9 8 8 7 7 7 8 2 8 7 4 4 7 7 2 2
split_gain=2.16719 1.73784 2.38101 3.83018 1.86782 1.80291 5.12556 7.27695 5.97894 4.43104 7.25219 4.40914 3.94502 3.39289 2.06194 7.36764 9.83306 6.4303 5.70773 8.41052 8.17751 4.66025 7.00946 4.57703 4.0085 9.44144 6.64211 7.30978 3.78628 3.52276
threshold=2.5000000000000004 1.2523208980000002 1.6712448535000004 1.5441749580000004 1.6534265709003368 1.3550120298981967 1.1585803860000001 1.1350018475000001 1.1842334040000002 1.0025047235000002 1.0493762270000002 1.4361150800000002 52.500000000000007 1.3628059890000002 28.500000000000004 0.86540467600000015 0.91975546850000012 1.0934611560000003 1.028182989 1.0154001440000002 0.95085857150000008 1.5000000000000002 1.1865423385 1.0882052975000003 1.1683272618710758 1.0601395062619907 0.99967947350000008 0.97754740050000011 2.5000000000000004 2.5000000000000004
decision_type=2 2 2 2 10 10 2 2 2 2 2 2 2 2 2 2 2 2 2 2 2 2 2 2 10 10 2 2 2 2
left_child=-1 2 3 4 5 6 7 11 -8 -7 -11 13 -12 14 23 -16 -17 18 19 20 -18 -20 -23 -2 25 26 27 28 -22 -25
right_child=1 -3 -4 -5 -6 9 8 -9 -10 10 12 -13 -14 -15 15 16 17 -19 21 -21 24 22 -24 29 -26 -27 -28 -29 -30 -31
leaf_value=-0.00054818293507241244 2.3744936922182048e-05 0.00082868399141312063 0.0009731888159187907 -0.00078345185741305343 -0.00086053758389025297 0.001769641445710843 -0.0017923738746799757 0.0012992358079901263 -4.436214410171169e-05 -0.0012878402435842512 -0.0001320057434532007 0.00097952353270233661 0.0024351174211743932 -0.00072627339574837249 -0.0012654395841282418 0.0014948896549442316 -0.0018200820981915918 -0.0016148279627311191 0.0013761933091346213 -0.0023359881273381624 0.00068003304723922027 0.0011355443187867659 -0.00083737960159828157 0.00011747039342785426 0.0014071899938130296 -0.0016159219920751366 -0.0011858968753153953 0.0020765021086875724 -0.00073850248580452501 0.0018137970581098785
leaf_weight=14734 142487 6866 5668 7735 5150 4500 4523 7642 6595 4550 4793 6640 4503 8711 11143 7616 4708 5843 5070 4663 5874 8504 5599 5587 4556 4675 5433 5254 6516 5885
leaf_count=14734 142487 6866 5668 7735 5150 4500 4523 7642 6595 4550 4793 6640 4503 8711 11143 7616 4708 5843 5070 4663 5874 8504 5599 5587 4556 4675 5433 5254 6516 5885
internal_value=-2.67297e-06 2.48586e-05 7.44939e-06 -1.14434e-05 1.71703e-05 3.3833e-05 1.64516e-06 4.62061e-05 -0.00104963 0.000513596 7.0392e-05 5.88769e-07 0.000870874 -3.34503e-05 1.82735e-06 -0.000195123 -1.53063e-05 -0.000209708 -5.75119e-05 -0.000385939 -0.000133708 0.000656351 0.000188723 0.000111146 0.000150094 -7.56566e-05 0.00033955 0.000810244 0.000147237 0.00107171
internal_weight=332023 317289 310423 304755 297020 291870 273524 262406 11118 18346 13846 254764 9296 248124 239413 85454 74311 66695 60852 41679 37016 19173 14103 153959 32308 27752 23077 17644 12390 11472
internal_count=332023 317289 310423 304755 297020 291870 273524 262406 11118 18346 13846 254764 9296 248124 239413 85454 74311 66695 60852 41679 37016 19173 14103 153959 32308 27752 23077 17644 12390 11472
is_linear=0
shrinkage=0.05


Tree=154
num_leaves=31
num_cat=0
split_feature=7 8 7 8 7 3 8 1 8 7 7 8 7 7 8 8 3 7 2 8 8 7 7 4 8 2 8 7 7 7
split_gain=1.57078 2.71928 2.12455 4.84543 1.8554 7.27347 2.9033 5.04736 3.39183 5.36425 5.34801 5.118 10.2361 4.30993 2.19092 9.16902 7.83325 4.74053 17.8244 4.39571 9.8079 9.47448 7.89252 6.72673 6.04505 6.25635 5.75658 3.81458 12.5349 10.3236
threshold=0.84552124650000016 0.77793374000000004 0.88401987800000015 0.85802784950000011 0.90684916650000014 -14.984457359999999 0.80894011650000008 24.500000000000004 0.84791830200000018 0.92120249550000011 0.95813489450000011 0.91580697650000009 0.98106093850000009 0.96032202150000012 0.98373178200000011 0.96876116550000013 8.1869690720000019 0.98708003850000015 2.5000000000000004 1.0396849785000002 1.0299972105000001 1.0413678250000002 0.99967947350000008 0.96287216725648517 1.0494941170000003 5.5000000000000009 1.0052361115000001 0.97754740050000011 0.99308499750000012 0.96724136100000013
decision_type=2 2 2 2 2 2 2 2 2 2 2 2 2 2 2 2 2 2 2 2 2 2 2 10 2 2 2 2 2 2
left_child=1 -1 3 -2 5 -4 7 -6 10 -10 -8 12 13 -11 15 16 17 18 -13 20 21 22 26 -24 -21 27 -16 29 -29 -26
right_child=2 -3 4 -5 6 -7 8 -9 9 11 -12 14 -14 -15 19 -17 -18 -19 -20 24 -22 -23 23 -25 25 -27 -28 28 -30 -31
leaf_value=-0.0011468624749366913 0.0016435283303326651 0.00013577573672252652 0.00070259027818584676 -0.00029512738434162581 0.00032940608547867847 -0.0013598856145247695 -0.00020683224842019677 -0.0016376808487323022 0.0011345821915822341 -0.00047384540014634713 0.0022788536962773955 -0.0019616219496387615 -0.0021723228127328632 0.0017061290885044629 -0.00067932889690019158 0.0014594626834822156 -0.0023368485348247538 0.001237206839409888 0.0010434838158156379 0.0015601719454608532 -0.002151121341339757 0.0020512872333447564 -0.0020030179720513909 -1.2723860239274853e-05 -2.2168253737187004e-06 0.0018193396348917257 0.0010943771719502727 0.0011200527240348647 -8.2298083795556706e-05 -0.0018394091296595251
leaf_weight=5978 6486 5691 5292 6406 5016 7692 4879 5278 7383 8292 4752 4527 9330 4824 5544 7561 4828 8475 6741 4719 4587 4920 8360 4900 12348 7347 6443 8398 139751 4939
leaf_count=5978 6486 5691 5292 6406 5016 7692 4879 5278 7383 8292 4752 4527 9330 4824 5544 7561 4828 8475 6741 4719 4587 4920 8360 4900 12348 7347 6443 8398 139751 4939
internal_value=-5.24206e-05 -0.000622109 -3.16384e-05 0.000597038 -5.80371e-05 -0.000642852 -3.22118e-05 -0.000856879 -2.28992e-06 -3.4689e-05 0.000919728 -7.14851e-05 -0.000793951 0.000106699 -5.11471e-06 0.000379625 -8.90096e-05 0.000352567 -0.000319347 -6.33654e-05 -0.000577548 -0.000249818 -0.000641038 -0.00148134 3.73225e-05 -1.09238e-05 0.000288734 -7.43467e-05 7.67782e-06 -0.000777093
internal_weight=331687 11669 320018 12892 307126 12984 294142 10294 283848 274217 9631 266834 22446 13116 244388 32132 24571 19743 11268 212256 34754 30167 25247 13260 177502 172783 11987 165436 148149 17287
internal_count=331687 11669 320018 12892 307126 12984 294142 10294 283848 274217 9631 266834 22446 13116 244388 32132 24571 19743 11268 212256 34754 30167 25247 13260 177502 172783 11987 165436 148149 17287
is_linear=0
shrinkage=0.05


Tree=155
num_leaves=31
num_cat=0
split_feature=4 9 7 7 7 2 7 5 7 0 2 7 0 2 4 5 0 2 4 9 0 6 0 4 9 9 6 2 9 7
split_gain=1.84364 2.46597 2.16143 4.45428 1.92952 9.33186 3.14516 2.39892 3.07231 1.70987 5.05488 3.56789 4.40132 3.28002 3.08996 4.37821 3.04216 2.74999 2.52318 3.10646 1.84477 1.62569 1.59329 1.36509 1.24693 1.23478 3.97602 3.37191 3.13278 2.73377
threshold=0.25619123725046894 2.5000000000000004 1.2646002265000003 1.2268644580000003 1.1795612660000001 1.5000000000000002 1.1626164030000001 11.500000000000002 1.1092861080000003 100.50000000000001 6.5000000000000009 0.87800698450000014 46.500000000000007 4.5000000000000009 0.66936825404084577 4.5000000000000009 33.500000000000007 3.5000000000000004 0.98299134921307907 32.500000000000007 48.500000000000007 1.0000000180025095e-35 12.500000000000002 0.68746587859812014 15.500000000000002 28.500000000000004 1.0000000180025095e-35 4.5000000000000009 37.500000000000007 1.0666651580000002
decision_type=8 2 2 2 2 2 2 2 2 2 2 2 2 2 10 2 2 2 8 2 2 2 2 10 2 2 2 2 2 2
left_child=-1 -2 3 4 6 -6 7 8 9 10 11 12 -3 14 15 -13 21 18 19 20 -16 -17 -9 -15 -11 29 -27 28 -28 -24
right_child=1 2 -4 -5 5 -7 -8 22 -10 24 -12 13 -14 23 17 16 -18 -19 -20 -21 -22 -23 25 -25 -26 26 27 -29 -30 -31
leaf_value=-0.00058890470077266896 -0.00064853152989737266 -1.5438390048494456e-05 0.0010898259385868053 -0.0016474919103252467 -0.00080827997201032018 0.0026646672331647305 -0.00098268763711849283 -0.00064375080503010227 0.00084992857252496061 0.00039219388977174558 -0.001596979379448546 -0.00050242694675420036 0.0017469756836082943 -0.0012084302117250673 -0.00038374217056718067 -0.00010062820113789228 0.0012616676202180988 0.00054289332223369515 0.00024709382105302379 -0.0013022427268314153 0.00054065721509667652 0.00072288595661238332 0.00016894843354611224 -0.00029718461784897514 0.0019368454865264367 -3.0027509788366213e-05 -0.00050528326553641873 0.0001334706710090644 -0.002503526331190531 -0.00039102971174470591
leaf_weight=7104 11959 4577 5628 4596 5026 5601 4686 5472 7173 4560 5395 5446 4808 4922 12577 4756 7333 6296 9259 4598 4692 5724 72307 7150 4679 65909 6268 5626 5738 21570
leaf_count=7104 11959 4577 5628 4596 5026 5601 4686 5472 7173 4560 5395 5446 4808 4922 12577 4756 7333 6296 9259 4598 4692 5724 72307 7150 4679 65909 6268 5626 5738 21570
internal_value=-4.74822e-05 -3.00229e-05 -3.0412e-06 -2.0864e-05 2.64767e-06 0.000664268 -2.14818e-05 -4.79361e-07 0.000191318 0.00011728 4.89787e-05 0.000146391 0.00106363 2.80038e-05 0.000177759 0.000630266 0.00100951 -0.000103535 -0.000296328 -0.000589224 -0.000281492 0.000462566 -0.000109489 -0.000724518 0.000764009 -8.35574e-05 -0.00022338 -0.000890174 -0.00136333 4.08758e-05
internal_weight=331435 324331 312372 306744 302148 10627 291521 286835 103945 96772 87533 82138 9385 72753 60681 23259 17813 37422 31126 21867 17269 10480 182890 12072 9239 177418 83541 17632 12006 93877
internal_count=331435 324331 312372 306744 302148 10627 291521 286835 103945 96772 87533 82138 9385 72753 60681 23259 17813 37422 31126 21867 17269 10480 182890 12072 9239 177418 83541 17632 12006 93877
is_linear=0
shrinkage=0.05


Tree=156
num_leaves=31
num_cat=0
split_feature=7 7 2 9 0 6 2 0 7 7 7 3 7 7 7 7 7 7 7 2 7 0 9 7 7 7 2 4 3 7
split_gain=2.36152 2.37028 2.29832 1.96765 1.74082 2.26006 1.53642 4.5095 3.15083 5.61107 7.42542 5.05616 4.57165 2.57043 2.5009 9.40553 4.51093 9.3895 5.48524 6.95498 5.57679 4.31393 4.16069 3.94109 2.66673 2.13578 7.05446 9.2949 5.39379 5.30431
threshold=0.84552124650000016 0.86446267950000011 2.5000000000000004 2.5000000000000004 111.50000000000001 1.0000000180025095e-35 2.5000000000000004 39.500000000000007 1.1182239370000002 1.0920774425000002 1.0769784025000002 8.7236352970000013 1.0485333710000002 1.0310529730000002 1.0028781850000004 0.99967947350000008 0.97536380700000014 0.98203505650000011 0.9272160570000002 4.5000000000000009 0.95226128050000014 81.500000000000014 31.500000000000004 1.0100786505000003 1.0205589460000002 1.1350018475000001 1.5000000000000002 0.9303875250156779 24.275273039000002 1.0934611560000003
decision_type=2 2 2 2 2 2 2 2 2 2 2 2 2 2 2 2 2 2 2 2 2 2 2 2 2 2 2 10 2 2
left_child=2 -2 -1 -3 6 -6 25 -8 9 10 12 -10 13 14 15 16 18 -18 22 21 -21 -20 -9 -16 -25 28 27 -27 29 -5
right_child=1 3 -4 4 5 -7 7 8 11 -11 -12 -13 -14 -15 23 -17 17 -19 19 20 -22 -23 -24 24 -26 26 -28 -29 -30 -31
leaf_value=4.8262196326587241e-07 0.00087128655502494439 -0.00051654039863329175 -0.0014252127624481805 0.00013469753822780152 0.003587081014365823 0.00031207697684155214 -0.00086006797180246961 0.00091317884222786867 2.846411644615854e-05 0.0012601734346928796 -0.0016232176512477742 -0.0023703049417988231 0.00092162098911054981 -0.00099133866395270122 0.0014920825741325584 -0.0028115125705355571 0.0026920882240123014 -4.9651478179579825e-05 -0.00053203635354723007 -0.0030574842412330189 -0.00055106482733273399 0.0013131363786806516 -0.00078365485002351029 -0.00066226701013046842 0.00075583026710553949 0.0012923386693612093 0.0018502611695413924 -0.00068296520741615858 -0.0012513149212924901 -0.00059129903434296813
leaf_weight=5569 5123 13890 6221 105806 5761 12710 7429 11047 8105 6709 4890 6051 11475 8725 4805 4689 4667 10945 7582 5504 6591 4943 4532 6412 5870 4687 7338 13068 7829 13111
leaf_count=5569 5123 13890 6221 105806 5761 12710 7429 11047 8105 6709 4890 6051 11475 8725 4805 4689 4667 10945 7582 5504 6591 4943 4532 6412 5870 4687 7338 13068 7829 13111
internal_value=-3.6436e-05 -1.08492e-05 -0.000731242 -2.81985e-05 -1.36913e-06 0.000468851 -3.20881e-05 -0.000157567 -8.5595e-05 5.25637e-06 -8.63102e-05 -0.000787374 8.81974e-06 -0.000115852 -2.4326e-05 -0.000175192 5.59875e-06 0.000726772 -0.000274537 -0.000739086 -0.00159401 8.67917e-05 0.000459606 0.000509741 3.45894e-05 7.61472e-05 0.00049755 -4.15259e-05 -7.29777e-06 7.64156e-05
internal_weight=332084 320294 11790 315171 301281 18471 282810 130971 123542 109386 102677 14156 97787 86312 77587 60500 55811 15612 40199 24620 12095 12525 15579 17087 12282 151839 25093 17755 126746 118917
internal_count=332084 320294 11790 315171 301281 18471 282810 130971 123542 109386 102677 14156 97787 86312 77587 60500 55811 15612 40199 24620 12095 12525 15579 17087 12282 151839 25093 17755 126746 118917
is_linear=0
shrinkage=0.05


Tree=157
num_leaves=31
num_cat=0
split_feature=4 4 4 7 4 5 7 7 4 7 7 7 7 9 7 0 7 7 7 0 4 9 2 4 2 2 7 7 7 7
split_gain=1.68205 1.48888 2.70835 1.92804 2.14663 1.85267 2.53855 2.95909 2.20597 2.7037 2.79764 10.619 5.03008 4.55343 4.33679 2.73509 2.65228 2.38934 3.73571 3.257 2.36712 2.36075 2.1611 1.86812 1.78462 1.73878 7.069 10.3166 3.9605 5.93835
threshold=0.25619123725046894 1.9872758246888045 1.5390651465205558 1.2268644580000003 1.4631902395942171 11.500000000000002 1.1795612660000001 1.1460201665000003 1.0866353860021223 1.0801551885000003 0.99967947350000008 1.0028781850000004 0.97536380700000014 14.500000000000002 0.96530230600000011 99.500000000000014 1.0132845280000002 0.87800698450000014 0.92120249550000011 51.500000000000007 0.59421509617575907 26.500000000000004 2.5000000000000004 0.66431621243611516 1.5000000000000002 2.5000000000000004 1.1201095380000001 1.0906577955000001 1.0758004030000003 1.0575228460000001
decision_type=8 8 10 2 10 2 2 2 10 2 2 2 2 2 2 2 2 2 2 2 10 2 2 10 2 2 2 2 2 2
left_child=-1 2 3 4 5 8 7 25 9 10 12 -12 14 -14 15 17 -13 19 22 -2 -18 -22 -19 -11 -20 26 27 28 29 -7
right_child=1 -3 -4 -5 -6 6 -8 -9 -10 23 11 16 13 -15 -16 -17 20 18 24 -21 21 -23 -24 -25 -26 -27 -28 -29 -30 -31
leaf_value=-0.00055926016999088835 -5.7938393699369377e-05 0.0007362647692861074 -0.00082566013761729568 -0.000712987184648739 0.0010260335693552975 0.00015264025662031777 0.0011707982260409616 -0.00092860484431704919 -0.00050471834744719171 3.0202737902584877e-05 -0.0018374645877899276 0.00087213484602143574 0.00022492881286434593 0.0017983330105572515 -0.00098716336624385392 0.0021218811506314161 -0.0007369580521225217 -7.7607340953556042e-05 0.00084449670697739343 0.0014342736371165566 0.00047301844996699429 -0.00051407212003293787 -0.0013262703333714572 0.00090424992571640217 -1.8398421561094391e-05 -0.00023515723554134172 0.0019807675140896762 -0.0012413231627454891 0.0010243135995389259 -0.0012059397084092345
leaf_weight=7144 5191 5448 10143 8587 4618 57429 6246 6447 8660 4833 4554 4548 5858 6410 4803 4745 4880 4717 5221 4635 11158 4802 5523 10434 10772 91172 4773 7247 4986 6176
leaf_count=7144 5191 5448 10143 8587 4618 57429 6246 6447 8660 4833 4554 4548 5858 6410 4803 4745 4880 4717 5221 4635 11158 4802 5523 10434 10772 91172 4773 7247 4986 6176
internal_value=-1.06875e-05 5.99961e-06 -7.9794e-06 1.83806e-05 3.94724e-05 2.27867e-05 -7.45334e-05 -0.000109266 0.000183447 0.000247844 0.000141052 -0.000251277 0.000344031 0.00124256 0.000102221 0.000269548 0.000147678 0.000120966 -0.000128154 0.00078578 -9.1149e-05 0.00020357 -0.000873597 0.000861871 0.000349262 -6.97808e-05 9.93909e-05 -1.81296e-05 0.000171475 6.50448e-05
internal_weight=332160 325016 319568 309425 300838 296220 184476 178230 111744 103084 87817 29942 57875 12268 45607 40804 25388 36059 26233 9826 20840 15960 10240 15267 15993 171783 80611 75838 68591 63605
internal_count=332160 325016 319568 309425 300838 296220 184476 178230 111744 103084 87817 29942 57875 12268 45607 40804 25388 36059 26233 9826 20840 15960 10240 15267 15993 171783 80611 75838 68591 63605
is_linear=0
shrinkage=0.05


Tree=158
num_leaves=31
num_cat=0
split_feature=7 0 7 8 3 8 7 2 7 8 8 8 7 7 8 8 7 0 7 7 7 7 8 8 7 7 8 0 3 0
split_gain=1.76763 2.01683 5.9316 9.1489 6.56687 5.18493 4.81501 4.37693 3.30657 2.88817 2.50311 3.97398 3.92892 2.75399 4.39623 2.76489 4.64386 7.09237 3.64732 6.90212 16.5346 15.6285 6.00737 16.8488 6.64902 4.95906 6.88778 4.6908 3.86114 3.16502
threshold=1.2428445740000003 66.500000000000014 1.1277034765000002 1.429914388 1.1545216740000002 1.3838021630000001 1.1460201665000003 4.5000000000000009 1.1249927920000002 0.76366048500000006 1.4361150800000002 1.3773010990000001 1.0758004030000003 1.0951090540000001 1.3158465240000001 1.1779470030000001 1.0629679565000003 18.500000000000004 1.0100786505000003 0.99967947350000008 0.9911600195000001 0.98203505650000011 1.0820314650000002 1.0237742465000002 1.0350312120000003 0.95226128050000014 0.82440334850000008 46.500000000000007 -3.1171845404999998 25.500000000000004
decision_type=2 2 2 2 2 2 2 2 2 2 2 2 2 2 2 2 2 2 2 2 2 2 2 2 2 2 2 2 2 2
left_child=1 2 7 6 -5 -3 -4 9 -7 -1 11 13 -12 14 15 18 17 -17 19 20 21 25 23 -20 -24 26 -11 29 -28 -27
right_child=-2 5 3 4 -6 8 -8 -9 -10 10 12 -13 -14 -15 -16 16 -18 -19 22 -21 -22 -23 24 -25 -26 27 28 -29 -30 -31
leaf_value=-0.0010601337437547431 0.00075671686426726512 8.4462073663998948e-06 0.00096716437650453129 -0.00066414155725582626 -0.0029619783041220068 0.0002912467880002184 -0.00058340427212668082 -0.0012099883952841131 0.0030450015328935989 0.0011242320399458162 -0.00015205639583280308 -0.00071512132488955611 0.0011256145228114827 -0.00060341957121741181 0.00077625419489671952 -0.0015658128806965044 0.00049658690916630228 -0.00011945732207990501 -0.00010679631833785953 -0.0010713949893900233 0.002349309019735249 -0.0019357508156579994 0.00066880071873990927 0.0026378418386989234 -0.00081176568727421301 0.00064377216375645092 1.815155449499395e-05 0.0014994128664440499 -0.0008875937451514271 -0.00031166799443222982
leaf_weight=5045 8519 130390 4667 4627 4590 6168 9352 6308 4625 4761 4874 5217 4712 8424 5717 4948 5664 13468 7731 8506 4632 4967 4655 5490 7085 6749 18049 4641 11661 5611
leaf_count=5045 8519 130390 4667 4627 4590 6168 9352 6308 4625 4761 4874 5217 4712 8424 5717 4948 5664 13468 7731 8506 4632 4967 4655 5490 7085 6749 18049 4641 11661 5611
internal_value=-2.8815e-05 -4.75507e-05 -0.000157489 -0.000903576 -0.00212671 9.42892e-05 -9.89375e-05 -4.83734e-05 0.0011472 4.99633e-06 4.52337e-05 -9.05922e-06 0.000826295 4.41573e-05 0.000103446 3.81461e-05 -0.000440108 -0.000825145 0.00015998 -2.60484e-05 0.000159842 -7.59602e-05 0.000678423 0.00140916 -0.000144742 0.000182606 -0.000162069 0.000881307 -0.000445061 0.000372018
internal_weight=331853 323334 182151 23236 9217 141183 14019 158915 10793 152607 147562 137976 9586 132759 124335 118618 24080 18416 94538 69577 61071 56439 24961 13221 11740 51472 34471 17001 29710 12360
internal_count=331853 323334 182151 23236 9217 141183 14019 158915 10793 152607 147562 137976 9586 132759 124335 118618 24080 18416 94538 69577 61071 56439 24961 13221 11740 51472 34471 17001 29710 12360
is_linear=0
shrinkage=0.05


Tree=159
num_leaves=31
num_cat=0
split_feature=2 0 5 8 8 7 3 7 8 8 8 8 7 7 3 7 8 8 9 8 7 8 8 7 3 2 2 7 7 8
split_gain=1.62799 5.78988 3.78412 3.40807 4.46838 4.21112 3.34386 3.63095 6.26869 3.87607 6.25189 5.70027 5.57683 12.4986 8.32473 4.32228 8.90696 7.47668 9.85651 6.36101 5.81011 5.88553 5.91906 10.0442 5.23488 4.17192 9.41385 3.05832 5.28064 10.5006
threshold=2.5000000000000004 41.500000000000007 4.5000000000000009 0.77793374000000004 0.83524822400000009 0.89637365600000007 -50.741739744999997 0.86021239400000005 0.76366048500000006 1.1667312910000003 1.2055926885000001 1.134337616 1.0360263355000001 1.0769784025000002 9.2873560365000021 1.0473717320000002 0.9749352160000001 0.93834529050000015 22.500000000000004 1.0771584090000001 0.91220460200000009 0.82065572850000013 0.90530909250000013 0.9726132500000001 3.9758924865000007 3.5000000000000004 5.5000000000000009 1.1393784770000002 1.1626164030000001 1.5097159270000002
decision_type=2 2 2 2 2 2 2 2 2 2 2 2 2 2 2 2 2 2 2 2 2 2 2 2 2 2 2 2 2 2
left_child=3 -2 -3 -1 -5 -6 -4 -8 -9 11 -11 15 -12 -14 -15 16 17 20 -19 24 -10 -22 23 -23 25 -18 -27 -7 -29 -30
right_child=1 2 6 4 5 27 7 8 9 10 12 -13 13 14 -16 -17 19 18 -20 -21 21 22 -24 -25 -26 26 -28 28 29 -31
leaf_value=-0.0010306909296441708 -0.00080897168425245333 -0.0014528628921160859 0.0012419557083794596 0.0010840678299140151 0.00085408199908641182 -5.7429697933100712e-05 -0.0012930116826021299 0.0019833986628866708 0.0013275138122063074 0.0018641056014909174 -0.00084983163201635408 -0.0017770705081765039 0.0023448710020737341 0.00073712273069181933 -0.0019584718265455935 0.00092827212200835292 -0.0024789564921998495 -0.00023810286786806747 0.0031684356425687454 0.00028679849168520845 -0.001946324807854405 -0.00076396064274887327 -0.0014374016522883282 0.0024608840349260837 -0.00018722439639555223 -0.00015998507465656288 -0.0041719351235654182 0.001083580162537673 -0.00088748324554346891 0.0015494156254864722
leaf_weight=4664 10510 5672 5024 4749 8720 126478 6011 5153 6035 6812 6750 5793 5997 9101 7223 14384 4531 4752 5041 7575 5361 7825 7392 6404 5802 7540 5339 6454 10179 8909
leaf_count=4664 10510 5672 5024 4749 8720 126478 6011 5153 6035 6812 6750 5793 5997 9101 7223 14384 4531 4752 5041 7575 5361 7825 7392 6404 5802 7540 5339 6454 10179 8909
internal_value=-2.8749e-05 -0.000142179 -6.34396e-05 7.92646e-05 0.000116847 7.2164e-05 -1.41412e-05 -5.93818e-05 -5.74862e-06 -7.37494e-05 0.000368159 -0.000242858 4.85796e-05 0.000429432 -0.000287831 -0.000142778 -0.000297716 0.000168749 0.00138166 -0.000946269 -0.00019116 -0.000504873 -0.000136988 0.000459288 -0.00135676 -0.00179012 -0.00133014 1.08535e-05 0.000509845 9.16566e-05
internal_weight=332180 162027 151517 170153 165489 160740 145845 140821 134810 129657 35883 93774 29071 22321 16324 87981 73597 42810 9793 30787 33017 26982 21621 14229 23212 17410 12879 152020 25542 19088
internal_count=332180 162027 151517 170153 165489 160740 145845 140821 134810 129657 35883 93774 29071 22321 16324 87981 73597 42810 9793 30787 33017 26982 21621 14229 23212 17410 12879 152020 25542 19088
is_linear=0
shrinkage=0.05


Tree=160
num_leaves=31
num_cat=0
split_feature=5 8 2 7 4 7 3 7 4 8 1 9 8 7 8 8 5 7 3 8 8 1 8 7 8 7 7 8 8 8
split_gain=2.10023 2.52379 2.2586 5.97824 6.0101 5.97636 5.5265 4.746 7.86166 4.1172 3.23255 2.60417 4.66203 6.42784 5.09353 4.23081 2.57958 2.34503 3.08031 2.35656 7.81441 11.81 6.43469 4.08018 7.2889 3.98119 4.72529 10.2846 8.6126 5.1527
threshold=29.500000000000004 1.0901267645000001 3.5000000000000004 1.1350018475000001 0.52369155028788228 0.87209273600000004 -13.686838875499998 1.0205589460000002 1.1723427985227428 1.0820314650000002 17.500000000000004 42.500000000000007 0.98186433550000007 1.0100786505000003 0.93401700600000004 0.8424309980000001 17.500000000000004 0.86446267950000011 -8.0036416279999987 0.91975546850000012 0.96036754150000014 79.500000000000014 0.90015274200000006 0.91220460200000009 0.98186433550000007 0.95332521050000008 0.97754740050000011 1.0714725580000002 1.0189477030000003 1.0952802825000003
decision_type=2 2 2 2 10 2 2 2 10 2 2 2 2 2 2 2 2 2 2 2 2 2 2 2 2 2 2 2 2 2
left_child=2 -2 10 4 -4 -6 11 9 16 -8 -1 12 14 -14 15 -7 -9 18 -12 22 21 -21 -19 -22 -25 -26 27 -27 -28 -30
right_child=1 -3 3 -5 5 6 7 8 -10 -11 17 -13 13 -15 -16 -17 -18 19 -20 20 23 -23 -24 24 25 26 28 -29 29 -31
leaf_value=0.0027277800392004007 -0.00051715394706012272 0.0014632576942830156 -0.0014023333578480777 -0.0019583752814264057 -0.0016366964242961969 0.0015179224597631437 -0.00054930807415412564 0.00020083795629344259 0.0024792109090682694 -0.0028419592723699649 -5.0154148636449849e-05 0.0015585853957459568 -0.0012305807235375805 0.00065953558773252383 0.0018519098458764371 -0.00033863953919659466 -0.0016983393994655371 3.7102890995832641e-05 0.0012072399142576684 -0.0027533457503166273 -0.00077604065938960409 9.361561983285139e-05 0.001628678860365751 0.0012903658864061003 0.00056850902918248458 0.00042348547294769894 -0.0010934970621925501 -0.0013842824966092738 0.00078882493417696271 -4.3403960231336301e-06
leaf_weight=4561 4561 6842 7256 6669 5710 7523 22872 8881 4628 4673 5194 4838 7994 7322 5203 9699 5487 19164 4986 4554 5339 6000 4589 5454 11370 5042 9948 6802 14920 103812
leaf_count=4561 4561 6842 7256 6669 5710 7523 22872 8881 4628 4673 5194 4838 7994 7322 5203 9699 5487 19164 4986 4554 5339 6000 4589 5454 11370 5042 9948 6802 14920 103812
internal_value=-2.12791e-05 0.00064538 -4.50085e-05 -0.000230209 -0.000135418 -2.92613e-05 7.12482e-05 -0.000305343 0.000302616 -0.000724592 5.01204e-05 0.000482869 0.000342752 -0.000329613 0.000801939 0.000387473 -0.000274821 2.1117e-05 0.000760923 -1.71321e-05 -8.11707e-05 -0.00139928 0.000449848 4.37944e-06 5.05233e-05 -1.39896e-05 -8.68148e-05 -0.00104228 1.16564e-06 0.000119592
internal_weight=331893 11403 320490 108755 102086 94830 89120 46541 18996 27545 211735 42579 37741 15316 22425 17222 14368 207174 10180 196994 173241 10554 23753 162687 157348 151894 140524 11844 128680 118732
internal_count=331893 11403 320490 108755 102086 94830 89120 46541 18996 27545 211735 42579 37741 15316 22425 17222 14368 207174 10180 196994 173241 10554 23753 162687 157348 151894 140524 11844 128680 118732
is_linear=0
shrinkage=0.05


Tree=161
num_leaves=31
num_cat=0
split_feature=7 5 8 8 7 7 8 8 8 2 7 8 8 7 4 7 8 2 7 7 7 9 7 8 8 4 4 8 8 8
split_gain=2.29803 2.97314 2.34037 14.2755 6.67394 3.14437 9.08941 4.2737 4.90929 15.8499 6.67086 11.154 4.8261 5.03521 7.805 5.95406 5.54336 6.20044 5.38093 7.92796 4.77731 3.38225 3.18935 4.47013 4.24605 4.00752 3.53685 10.8113 10.3416 6.35086
threshold=1.2132531175000001 19.500000000000004 1.5192940695000001 1.4583205875 1.1496716780000003 1.1707504705000003 1.4093943000000004 1.3520143715000001 1.2690178225000002 1.0000000180025095e-35 1.028182989 1.3039599405000002 1.2489364475000002 1.0563097930000003 1.5390651465205558 1.0640450860000004 1.1751955955000002 2.5000000000000004 1.0984745745000002 1.0801551885000003 1.0445113095 20.500000000000004 1.0360263355000001 1.1996017105000003 1.1667312910000003 1.3143924865272292 0.78492537866292544 1.0689273500000003 0.74929210700000015 0.78344438100000013
decision_type=2 2 2 2 2 2 2 2 2 2 2 2 2 2 8 2 2 2 2 2 2 2 2 2 2 10 10 2 2 2
left_child=2 -2 3 5 -4 6 7 8 12 -10 -11 -12 13 14 20 -15 18 -18 19 -17 22 -20 23 24 25 26 27 29 -28 -1
right_child=1 -3 4 -5 -6 -7 -8 -9 9 10 11 -13 -14 15 -16 16 17 -19 21 -21 -22 -23 -24 -25 -26 -27 28 -29 -30 -31
leaf_value=-0.0012865851771053317 4.5901674480985921e-05 0.0025075158309078808 -0.0001421164081737758 -0.0020655862783526299 0.0022641230553988147 -0.0009462393076482223 0.0016602595456292003 -0.00075799892936661011 0.0015726833887585029 -0.0007449876486331497 -0.0010996597837761135 0.0016922766622049974 -0.0012217365550786091 0.0017105422875303535 -0.0017099839450443633 -0.00084253776900532207 0.0013894550977988031 -0.00011142380611089964 -0.00013295127244562777 0.0016979347135420598 -0.0014296248460384604 -0.0020476915189635071 0.00097214182407723282 -0.00082513912896978745 0.00092410152295467618 0.00088796816798059064 0.002381597746593109 0.0010958959913438871 -0.00039247078092246039 0.00013096487738789575
leaf_weight=9252 8739 4765 8910 6360 4766 6989 6667 10918 4750 5560 5599 7024 7000 5848 5391 6898 6363 5305 4522 5985 8576 4619 7229 8127 7032 7479 5010 8033 88191 50193
leaf_count=9252 8739 4765 8910 6360 4766 6989 6667 10918 4750 5560 5599 7024 7000 5848 5391 6898 6363 5305 4522 5985 8576 4619 7229 8127 7032 7479 5010 8033 88191 50193
internal_value=-2.0626e-05 0.000618106 -4.77086e-05 -7.64122e-05 0.000592062 -2.64599e-05 -1.32898e-06 -4.40492e-05 -5.38339e-06 0.000694808 2.26798e-05 0.000658259 -6.93565e-05 -3.22157e-05 -0.000132079 0.000484258 0.000228507 0.0011094 -0.000238322 0.000419964 -8.12296e-05 -0.00116581 -2.92573e-05 -6.98907e-05 -1.66957e-05 -6.7048e-05 -0.000119723 0.000155965 -0.00031932 -7.67452e-05
internal_weight=332100 13504 318596 304920 13676 298560 291571 284904 273986 22933 18183 12623 251053 244053 204513 39540 33692 11668 22024 12883 199122 9141 190546 183317 175190 168158 160679 67478 93201 59445
internal_count=332100 13504 318596 304920 13676 298560 291571 284904 273986 22933 18183 12623 251053 244053 204513 39540 33692 11668 22024 12883 199122 9141 190546 183317 175190 168158 160679 67478 93201 59445
is_linear=0
shrinkage=0.05


Tree=162
num_leaves=31
num_cat=0
split_feature=4 3 3 8 0 8 8 8 8 8 8 8 3 8 8 2 4 2 8 8 2 8 8 3 8 8 3 8 8 4
split_gain=1.85568 2.50278 1.97782 2.76701 3.29798 1.7173 2.24035 1.55543 3.88522 10.1438 8.21418 4.48852 3.94296 2.85827 5.11511 2.65067 2.41076 2.11699 15.4313 9.6233 4.37034 2.90479 2.85833 2.94933 2.69831 2.34457 2.27499 2.31673 8.34276 5.1253
threshold=0.25619123725046894 -50.741739744999997 -43.04940938299999 0.74929210700000015 73.500000000000014 0.78344438100000013 0.8135863965000002 0.8314545940000001 0.85095842600000016 0.86540467600000015 0.87945863200000007 0.89565229550000003 -29.674830943499995 0.91975546850000012 0.93643926100000019 3.5000000000000004 0.63832095183014004 5.5000000000000009 1.0771584090000001 0.99996303200000003 4.5000000000000009 1.0586509240000002 0.96422299450000015 53.057794183000006 0.97717730150000015 0.9915069485000001 32.781237475000005 1.0952802825000003 1.0586509240000002 0.66936825404084577
decision_type=10 2 2 2 2 2 2 2 2 2 2 2 2 2 2 2 10 2 2 2 2 2 2 2 2 2 2 2 2 10
left_child=-1 -2 -3 4 -4 -5 -7 -8 -9 -10 -11 -12 16 15 -15 -14 -13 20 19 -19 22 -22 -16 24 -24 -26 27 28 29 -27
right_child=1 2 3 5 -6 6 7 8 9 10 11 12 13 14 17 -17 -18 18 -20 -21 21 -23 23 -25 25 26 -28 -29 -30 -31
leaf_value=-0.00051111402693974634 0.0010963129182799765 -0.00099383343208602772 -0.0001190336288232008 -0.0010691723260901843 0.002291726901202243 0.00091626635379958858 -0.00086503154312737591 0.00097477925836950141 -0.0023777898047257608 0.0017263969077601583 -0.00099833284143776299 -0.0013587941473592324 0.0013439058365919661 -0.0014669180653278881 0.00066798137973399512 -6.3592942145979109e-05 -0.00033490482358849993 0.0018380083030254957 0.0031175797422931389 -0.0036593042280786332 -8.1903327778415363e-05 -0.001654191071361011 -0.0009845479043622124 0.0019361898650839095 0.0007668350860221357 0.00091511783563786035 -0.0012060520857005319 -8.4709879814448555e-05 0.00098595582022114876 -0.00035182636929312897
leaf_weight=10159 6163 5166 4501 5425 4808 7021 5699 7046 4793 5783 7106 5311 5704 7359 10286 5087 6395 4639 4854 5064 6616 9025 4674 4560 4900 4584 7882 124109 12932 24293
leaf_count=10159 6163 5166 4501 5425 4808 7021 5699 7046 4793 5783 7106 5311 5704 7359 10286 5087 6395 4639 4854 5064 6616 9025 4674 4560 4900 4584 7882 124109 12932 24293
internal_value=-5.18152e-05 -3.08043e-05 -5.02967e-05 -3.41428e-05 0.000814634 -6.03931e-05 -4.42131e-05 -6.5681e-05 -4.92037e-05 -7.88155e-05 -3.84909e-05 -7.91303e-05 -4.50095e-05 -2.43336e-06 -3.886e-05 0.000793118 -0.000941423 2.95504e-06 0.000586286 -0.000565255 -3.67637e-05 -0.000841269 2.67373e-05 -1.76919e-05 -4.89424e-05 -1.79066e-05 -4.833e-05 -8.88967e-06 0.000312993 -0.000159702
internal_weight=331944 321785 315622 310456 9309 301147 295722 288701 283002 275956 271163 265380 258274 246568 235777 10791 11706 228418 14557 9703 213861 15641 198220 187934 183374 178700 173800 165918 41809 28877
internal_count=331944 321785 315622 310456 9309 301147 295722 288701 283002 275956 271163 265380 258274 246568 235777 10791 11706 228418 14557 9703 213861 15641 198220 187934 183374 178700 173800 165918 41809 28877
is_linear=0
shrinkage=0.05


Tree=163
num_leaves=31
num_cat=0
split_feature=4 4 8 9 4 2 4 3 8 8 8 8 4 8 8 5 4 8 8 8 2 2 8 0 2 3 8 9 4 3
split_gain=2.22593 1.71942 2.34454 5.26141 3.30586 2.59926 5.4979 3.34285 3.35463 4.89128 3.80792 3.59641 3.4319 3.88446 3.28987 2.96863 2.67852 2.57475 4.60927 6.23632 4.59721 3.70416 5.29368 3.68342 4.25475 7.69369 5.10523 4.33373 2.78433 5.16062
threshold=1.9872758246888045 1.6534265709003368 1.5441749580000004 38.500000000000007 1.0388845658113703 2.5000000000000004 0.44216914617872494 -50.741739744999997 0.76366048500000006 0.82065572850000013 0.84791830200000018 0.86832795850000011 0.62250262374204135 1.3474409155000002 1.2957820940000002 26.500000000000004 1.0299876677218076 1.2554007370000002 1.1640513860000004 1.1318326185000003 3.5000000000000004 7.5000000000000009 0.88978217450000008 48.500000000000007 3.5000000000000004 -9.9067643604999969 0.91760223650000017 10.500000000000002 1.1443603777901818 -1.2616499699999999
decision_type=8 10 2 2 10 2 10 2 2 2 2 2 10 2 2 2 10 2 2 2 2 2 2 2 2 2 2 2 10 2
left_child=1 2 5 4 -4 15 -7 -8 -9 -10 -11 -12 -13 14 17 -1 -15 18 19 21 -20 22 -14 -24 25 -25 -26 -28 29 -29
right_child=-2 -3 3 -5 -6 6 7 8 9 10 11 12 13 16 -16 -17 -18 -19 20 -21 -22 -23 23 24 26 -27 27 28 -30 -31
leaf_value=0.00016276270866564803 0.00083259588565667288 -0.00086425031427209142 -0.00029479363563230667 0.00086176765452624098 -0.0018844773450091363 -0.001338490968068816 0.0014496971027529865 0.0010880007264134712 -0.0012321280047751294 0.001270390294669524 -0.0018380194562733919 -0.00074743860561082018 0.0019130580546952158 -0.001297684849109504 0.0012346773106371002 -0.00084835296650927769 -0.00017465101480476641 -0.00084528303316302458 0.0017193536499838014 -0.0016128072090699137 0.0001266485552173513 -0.0030707126713328137 0.00093265762604213267 -0.0017388776167227449 -0.001637346185147956 3.965815594348943e-05 -0.00096471886260254553 0.00077303872042591433 0.0025888532450196317 -0.0012486048491845009
leaf_weight=139719 5452 5079 6698 4599 5830 4558 4698 8476 9243 6148 4500 8811 4753 4533 4517 7294 4747 5002 6832 5958 8343 5238 4744 5049 5350 9047 7182 18920 4668 6174
leaf_count=139719 5452 5079 6698 4599 5830 4558 4698 8476 9243 6148 4500 8811 4753 4533 4517 7294 4747 5002 6832 5958 8343 5238 4744 5049 5350 9047 7182 18920 4668 6174
internal_value=-2.78474e-06 -1.95124e-05 -5.09116e-06 -0.000574218 -0.00110508 2.69286e-05 -0.000114209 -6.31792e-05 -0.000104813 -0.0001634 -8.46607e-05 -0.000144726 -9.2598e-05 -1.72201e-05 7.20903e-05 0.000178124 -0.00099623 1.07953e-05 7.07217e-05 -8.61029e-05 0.000867095 4.41094e-05 0.000145883 2.08541e-05 -9.17635e-05 -0.000843912 0.000158987 0.000368075 0.000634091 0.000425316
internal_weight=332162 326710 321631 17127 12528 304504 157491 152933 148235 139759 130516 124368 119868 111057 101777 147013 9280 97260 92258 77083 15175 71125 65887 61134 56390 14096 42294 36944 29762 25094
internal_count=332162 326710 321631 17127 12528 304504 157491 152933 148235 139759 130516 124368 119868 111057 101777 147013 9280 97260 92258 77083 15175 71125 65887 61134 56390 14096 42294 36944 29762 25094
is_linear=0
shrinkage=0.05


Tree=164
num_leaves=31
num_cat=0
split_feature=3 7 7 2 4 0 7 7 2 2 7 7 7 2 4 7 7 4 7 7 3 2 7 4 7 4 7 2 7 6
split_gain=1.55718 1.97196 4.75966 6.63096 4.48511 2.52901 1.63494 6.05637 4.52628 5.45552 4.00751 2.3251 4.9944 2.39491 3.08457 3.96326 4.31634 3.72463 4.79821 3.13126 2.49304 2.35227 2.34581 10.111 4.82097 8.74058 5.36273 5.73956 3.12971 2.78243
threshold=57.332769702000007 1.1277034765000002 1.1393784770000002 3.5000000000000004 0.92108013454721493 67.500000000000014 1.0882052975000003 1.0934611560000003 1.0000000180025095e-35 2.5000000000000004 1.0825141075000002 1.0758004030000003 1.0703823300000002 7.5000000000000009 0.69588095284535967 1.0000053235000002 0.99019905000000008 0.3422227397364791 0.87473695000000007 0.90684916650000014 -20.684980040499998 4.5000000000000009 0.94213990150000015 1.2297504172796854 0.95813489450000011 0.98877495332736143 0.96905717250000001 2.5000000000000004 0.92120249550000011 1.5000000000000002
decision_type=2 2 2 2 8 2 2 2 2 2 2 2 2 2 8 2 2 10 2 2 2 2 2 8 2 8 2 2 2 2
left_child=1 6 -3 4 -4 -6 10 -8 -9 -10 11 12 13 14 15 16 17 -1 -19 -20 -17 -21 23 28 25 -24 27 -26 -16 -28
right_child=-2 2 3 -5 5 -7 7 8 9 -11 -12 -13 -14 -15 22 20 -18 18 19 21 -22 -23 24 -25 26 -27 29 -29 -30 -31
leaf_value=-0.00065553262456851671 0.00134510632419374 -0.0016027074700123074 0.00099639493977859441 -0.001758440887489038 -0.00038535001769494096 0.0011783342598295861 0.001512920986855848 0.00083704184938822041 -0.0009109232121157746 0.00058712866604890843 -0.0011459849101758471 0.00071440124739963196 -0.0011965139655138015 -0.0010767672648455517 -0.00031022918955806448 0.0017489948092827973 -0.00099209955626625157 0.0011755840408822328 -0.00067345691184908941 0.00057414809641107565 0.0002888843149771392 -0.00029589719663362382 0.0016135885389606088 0.0017938745120529176 -0.00152642044289959 -0.00029847603864162635 -1.6056454546461987e-05 -2.3994988653033844e-05 -0.0010484513871184321 0.00086676448401703805
leaf_weight=5569 5303 6140 7880 6307 16907 4510 5098 4581 8468 9376 4944 6160 4973 12049 25272 5348 4894 6713 4714 13793 7971 5026 7405 5009 4718 6149 98400 5368 11303 12048
leaf_count=5569 5303 6140 7880 6307 16907 4510 5098 4581 8468 9376 4944 6160 4973 12049 25272 5348 4894 6713 4714 13793 7971 5026 7405 5009 4718 6149 98400 5368 11303 12048
internal_value=6.01683e-07 -1.31841e-05 -0.00033414 -0.000112331 0.000204338 -0.000170969 3.37738e-05 0.000400047 4.6255e-05 -0.000313743 -5.33295e-06 2.22431e-05 -1.72255e-06 3.05579e-05 6.66072e-05 0.00039698 0.000151975 0.000342337 0.000561138 0.000224637 0.00114549 0.000513307 -3.50074e-05 -0.000363077 6.67447e-05 0.000960617 -3.38065e-05 -0.00113715 -0.000651654 6.69968e-05
internal_weight=332396 327093 41744 35604 29297 21417 285349 27523 22425 17844 257826 252882 246722 241749 229700 54028 40709 35815 30246 23533 13319 18819 175672 41584 134088 13554 120534 10086 36575 110448
internal_count=332396 327093 41744 35604 29297 21417 285349 27523 22425 17844 257826 252882 246722 241749 229700 54028 40709 35815 30246 23533 13319 18819 175672 41584 134088 13554 120534 10086 36575 110448
is_linear=0
shrinkage=0.05


Tree=165
num_leaves=31
num_cat=0
split_feature=2 2 4 3 8 2 8 0 8 3 9 2 8 8 8 8 9 0 2 6 3 8 8 4 9 8 8 8 2 8
split_gain=23.0875 7.11893 1.87348 3.65853 2.43689 7.23209 5.85927 5.13292 7.04249 7.58016 2.49971 2.5519 1.68238 1.22622 6.86164 6.86104 4.24169 4.10568 8.19947 4.96849 1.89004 4.13785 4.42736 3.8871 6.23502 2.73566 3.7483 4.48509 2.98654 2.62483
threshold=8.5000000000000018 7.5000000000000009 1.7688405962482279 49.624655780000005 1.3109496115000001 3.5000000000000004 1.2922678700000001 38.500000000000007 1.5097159270000002 12.931751794000002 19.500000000000004 1.0000000180025095e-35 1.3773010990000001 0.86540467600000015 0.85095842600000016 0.87664883000000005 32.500000000000007 54.500000000000007 5.5000000000000009 1.0000000180025095e-35 14.519103264000002 0.97077317050000012 1.0299972105000001 1.3225903383109763 37.500000000000007 0.88978217450000008 0.91580697650000009 0.92937962750000014 3.5000000000000004 0.94232026850000017
decision_type=2 2 10 2 2 2 2 2 2 2 2 2 2 2 2 2 2 2 2 2 2 2 2 10 2 2 2 2 2 2
left_child=1 2 3 4 6 7 13 10 9 12 11 -6 -9 14 16 -15 17 19 -19 -1 25 -22 -23 24 -24 -17 28 -28 -27 -29
right_child=-2 -3 -4 -5 5 -7 -8 8 -10 -11 -12 -13 -14 15 -16 20 -18 18 -20 -21 21 22 23 -25 -26 26 27 29 -30 -31
leaf_value=0.00062609931235435567 -0.0086423779950923155 0.0025624143942142132 0.00091592859520234216 -0.0019626524590407898 0.00018086786027712853 -0.0014499546778549588 0.0012875307990594109 -7.6287422247783853e-05 0.001259122062480747 -0.0016550750008034632 -0.00094337534615766827 -0.00064649245466388014 0.00090889574055474931 0.0016959825891250892 -0.0019316068214950439 0.00089853065662197644 -0.00091332928474378025 0.0020104528508414488 -0.00048032630417285118 -0.0010868734164504832 -0.0012398603793681352 0.0025787547815690651 0.002135577423718016 -0.00070597406298816563 -0.000359241174514946 -0.00012965768939384725 0.0011034640794611583 -0.00087031147616813966 -0.0018654131961851799 -8.4408858749857051e-06
leaf_weight=6004 4505 8085 4995 6116 9812 7297 6009 4754 9346 5205 7234 8780 6099 4692 4603 5293 7207 7917 7762 6208 5111 4627 6197 6240 5709 5553 6145 6203 4918 143374
leaf_count=6004 4505 8085 4995 6116 9812 7297 6009 4754 9346 5205 7234 8780 6099 4692 4603 5293 7207 7917 7762 6208 5111 4627 6197 6240 5709 5553 6145 6203 4918 143374
internal_value=-1.9578e-05 2.93511e-05 -7.74854e-06 -2.30186e-05 1.01361e-06 -0.000289372 6.90616e-05 -7.95355e-05 0.000425046 -0.00021011 -0.000575858 -0.000268861 0.000542227 3.10234e-05 -0.000223203 8.04883e-05 1.4956e-05 0.000294397 0.000829667 -0.000392895 3.59875e-05 0.000417727 0.000706274 0.000353975 0.000883637 -2.60947e-05 -6.17486e-05 -1.60537e-07 -0.000977234 -5.45687e-05
internal_weight=332000 327495 319410 314415 308299 58527 249772 51230 25404 16058 25826 18592 10853 243763 39701 204062 35098 27891 15679 12212 199370 27884 22773 18146 11906 171486 166193 155722 10471 149577
internal_count=332000 327495 319410 314415 308299 58527 249772 51230 25404 16058 25826 18592 10853 243763 39701 204062 35098 27891 15679 12212 199370 27884 22773 18146 11906 171486 166193 155722 10471 149577
is_linear=0
shrinkage=0.05


Tree=166
num_leaves=31
num_cat=0
split_feature=7 8 7 3 0 8 8 8 7 4 8 7 2 5 7 8 7 8 8 8 8 8 7 8 4 7 7 8 8 8
split_gain=2.14506 3.86081 2.95855 2.48633 3.46001 6.39054 8.41309 4.87444 5.56393 6.41217 6.6006 5.83964 3.67607 6.16761 2.64922 9.31503 9.58989 19.0072 9.07228 5.86012 9.14045 12.9501 5.2306 7.18779 6.72839 4.18378 6.65367 7.57757 8.51993 11.846
threshold=1.2132531175000001 1.5192940695000001 1.1875882665000002 7.2043208685000009 75.500000000000014 1.3078657835000003 1.1831267190000003 1.3201884320000004 1.0785493675000002 1.1037822531573624 0.96876116550000013 1.0262334550000001 1.0000000180025095e-35 17.500000000000004 0.97536380700000014 0.84791830200000018 0.98203505650000011 0.91580697650000009 1.1831267190000003 0.96220362650000013 1.0189477030000003 0.99996303200000003 0.96637136850000005 1.0586509240000002 0.81815611947937217 0.99308499750000012 1.0000053235000002 1.0472232010000002 1.1318326185000003 1.1100206280000002
decision_type=2 2 2 2 2 2 2 2 2 10 2 2 2 2 2 2 2 2 2 2 2 2 2 2 10 2 2 2 2 2
left_child=2 -2 3 14 5 6 12 8 9 -6 -11 -12 -5 -14 18 -16 -17 -18 22 -19 21 -21 23 -1 -24 -22 -27 -28 29 -29
right_child=1 -3 -4 4 7 -7 -8 -9 -10 10 11 -13 13 -15 15 16 17 19 -20 20 25 -23 24 -25 -26 26 27 28 -30 -31
leaf_value=-4.4229483528637763e-05 0.001739997012680411 -0.00020464056743727533 -0.00096703687398432827 -0.0013481620321321441 -0.0018554082543410734 -0.0012472410723786522 0.00092857667458836615 0.0015942423101552418 -0.0020696059150664969 -0.00088790306332749711 0.00056551140577785206 0.00349252790557191 -0.0012039469272641546 0.00040810438316393749 0.0023350388390811329 0.0016346971932923006 -0.0027564556463250569 0.0014897071990939816 -0.0013271397708943368 0.00053832523993721515 0.00094633166557022428 -0.0017531841612865252 0.00015541646728951808 0.0010290015957737709 -0.0018628849405607551 -0.0012825508072145941 0.0020339266529576629 -1.8366218026433235e-05 0.00028531018140485201 -0.0029736578783178288
leaf_weight=70306 6164 7381 6323 4671 5152 9112 7547 5887 6857 8524 7675 5016 6021 7919 5071 7476 6808 8091 6133 7591 6462 10687 4555 8546 4582 4912 4852 12314 64889 4598
leaf_count=70306 6164 7381 6323 4671 5152 9112 7547 5887 6857 8524 7675 5016 6021 7919 5071 7476 6808 8091 6133 7591 6462 10687 4555 8546 4582 4912 4852 12314 64889 4598
internal_value=-1.55814e-05 0.000600554 -4.17867e-05 -2.00955e-05 -0.000272397 -0.000631467 -0.000234109 5.14495e-05 -0.000183575 0.000146462 0.000530749 0.00125335 -0.000805087 -0.000397992 5.88012e-05 0.000193818 0.000116811 1.75293e-05 -0.000147407 0.000158359 6.78145e-05 -0.000958541 -1.77569e-05 0.000113497 -0.00114991 0.000259227 0.000172409 0.000273922 0.000159982 -0.000839392
internal_weight=332122 13545 318577 312254 74381 35270 26158 39111 33224 26367 21215 12691 18611 13940 237873 143751 138680 131204 94122 124396 116305 18278 87989 78852 9137 98027 91565 86653 81801 16912
internal_count=332122 13545 318577 312254 74381 35270 26158 39111 33224 26367 21215 12691 18611 13940 237873 143751 138680 131204 94122 124396 116305 18278 87989 78852 9137 98027 91565 86653 81801 16912
is_linear=0
shrinkage=0.05


Tree=167
num_leaves=31
num_cat=0
split_feature=4 3 3 5 3 4 7 7 7 2 2 7 0 7 7 0 5 5 4 4 4 7 0 3 6 7 7 7 7 4
split_gain=1.74416 1.7739 1.65758 1.38523 3.51353 1.89668 3.25075 2.21474 6.32514 3.69514 14.1668 3.83011 4.40057 4.44244 4.17697 3.86744 2.07334 2.91289 2.11218 1.95488 3.32099 2.37715 2.3177 1.87487 2.31142 1.80071 4.75243 2.99136 3.63684 2.73001
threshold=0.25619123725046894 -50.741739744999997 -41.640154907499998 29.500000000000004 33.993690428000008 1.6534265709003368 1.2268644580000003 1.0866460510000002 1.0934611560000003 4.5000000000000009 3.5000000000000004 1.1108714775000001 63.500000000000007 1.1277034765000002 1.1496716780000003 26.500000000000004 3.5000000000000004 11.500000000000002 0.65432679673362382 0.6785940134479117 0.63832095183014004 0.91047063400000006 95.500000000000014 -20.684980040499998 1.5000000000000002 1.0584166585000003 1.0473717320000002 1.0394500700000002 1.0320909540000003 1.1216915178340428
decision_type=10 2 2 2 2 10 2 2 2 2 2 2 2 2 2 2 2 2 10 10 10 2 2 2 2 2 2 2 2 10
left_child=-1 -2 -3 5 -5 6 7 16 -9 10 11 -10 13 -13 -15 -16 -4 19 -19 20 -18 -21 23 -23 -25 26 27 28 -20 -27
right_child=1 2 3 4 -6 -7 -8 8 9 -11 -12 12 -14 14 15 -17 17 18 25 21 -22 22 -24 24 -26 29 -28 -29 -30 -31
leaf_value=-0.00047451918943600406 0.00086507803427570838 -0.0008208149830630008 -0.00071185305935267959 -0.00021271435268753193 0.0025948666576932735 -0.00078920707683370899 -0.0010294392827566834 0.0015730928268393757 -0.00040869764048278028 0.001670479556116225 -0.0022598740613096581 0.0009149000148666542 0.0017478195959297117 -0.00092929059649279617 0.00098276578518589354 -0.00032424386859822855 0.00019153813850021907 -0.00087463843360368059 -0.00010475863363898497 -0.00063154657484825187 0.0010549295024464779 -0.00070440623934821538 0.0017000897829425822 1.0861318943899968e-06 0.00072153213143744122 -0.00080692734791339984 0.001099522780382159 -0.0011478554517782237 0.0011243832177934732 0.00018303617814691698
leaf_weight=10072 6126 6494 7083 6666 4775 5527 8717 5702 8321 5878 5458 5164 7058 5912 5074 5971 21515 4656 100471 8531 5201 4687 7563 27193 5177 10255 7920 5949 5350 7118
leaf_count=10072 6126 6494 7083 6666 4775 5527 8717 5702 8321 5878 5458 5164 7058 5912 5074 5971 21515 4656 100471 8531 5201 4687 7563 27193 5177 10255 7920 5949 5350 7118
internal_value=-2.26184e-06 1.80395e-05 1.6646e-06 1.82909e-05 0.000558055 -2.47936e-06 1.49009e-05 4.41807e-05 0.000330473 0.000146393 -1.45474e-05 0.000331956 0.000601785 0.000254791 -0.000136334 0.000437783 -2.41064e-05 2.82051e-06 -0.00013327 0.000244297 0.000593166 6.8901e-05 0.000215126 5.22773e-05 0.000187645 -9.76705e-05 -2.86144e-05 -0.000112503 -5.11453e-05 -0.000573282
internal_weight=331584 321512 315386 308892 11441 297451 291924 283207 54538 48836 42958 37500 29179 22121 16957 11045 228669 221586 141719 79867 26716 53151 44620 37057 32370 137063 119690 111770 105821 17373
internal_count=331584 321512 315386 308892 11441 297451 291924 283207 54538 48836 42958 37500 29179 22121 16957 11045 228669 221586 141719 79867 26716 53151 44620 37057 32370 137063 119690 111770 105821 17373
is_linear=0
shrinkage=0.05


Tree=168
num_leaves=31
num_cat=0
split_feature=9 2 3 7 7 8 5 8 7 8 7 7 8 8 7 7 8 8 8 8 8 8 3 8 7 7 7 7 2 7
split_gain=1.60655 4.10094 1.77991 1.6343 2.80663 2.25858 2.22803 2.36477 3.69843 5.40635 3.16577 2.63691 1.83925 1.80662 1.52671 4.46108 2.8935 2.85692 4.18764 1.49254 8.48522 10.7292 6.38981 5.67779 8.62434 4.71048 10.5212 9.26568 10.6832 7.12443
threshold=4.5000000000000009 5.5000000000000009 -1.0639517284999997 0.84552124650000016 0.86446267950000011 0.77793374000000004 8.5000000000000018 0.76366048500000006 0.90684916650000014 0.88734975450000009 0.92120249550000011 0.93198645250000012 1.2805315585000001 1.1779470030000001 0.99967947350000008 0.97536380700000014 1.0189477030000003 0.85095842600000016 0.94434546000000008 1.0952802825000003 1.1208789765000002 1.134337616 1.0010019865000002 1.0641062075000003 1.0154001440000002 0.98106093850000009 0.98947461550000015 0.97175424950000011 4.5000000000000009 0.95813489450000011
decision_type=2 2 2 2 2 2 2 2 2 2 2 2 2 2 2 2 2 2 2 2 2 2 2 2 2 2 2 2 2 2
left_child=1 2 -1 5 -5 -2 12 -8 9 -9 -10 -12 13 14 15 17 -16 -6 -19 23 22 -22 -21 25 -25 27 -27 28 29 -13
right_child=3 -3 -4 4 6 -7 7 8 10 -11 11 19 -14 -15 16 -17 -18 18 -20 20 21 -23 -24 24 -26 26 -28 -29 -30 -31
leaf_value=0.0002800534531991916 -0.0010873357633989389 -0.0025757721989970507 -0.00048733112650384269 0.0010540163026695139 -0.00088568138925044094 0.00013382893055567392 0.0011866487659382031 0.00035684148757571119 0.0010735443497429957 -0.0012321258097790833 -0.00074465255335981473 0.0012057860377432924 0.00056918403433518783 -0.00045006800472812694 -0.00063317080823965257 0.0014780646983441226 0.00038449227742229646 0.001102657028023514 -0.00011901766555917903 -0.0022756992396699817 0.002043644830132846 -8.288354800955745e-05 -0.00029536781501321164 0.0020294850102487104 -0.00014454310778442281 -0.0024077342923353676 -6.5838049564237441e-05 0.0016340373517469975 -0.0019774161513398613 -0.00055421661469819139
leaf_weight=11481 5422 5166 11613 4705 5170 5147 4653 4508 6400 7304 5775 10684 8976 5459 5998 5418 6228 6018 7592 4556 4795 105746 4718 5381 5657 5650 41554 7152 7733 5718
leaf_count=11481 5422 5166 11613 4705 5170 5147 4653 4508 6400 7304 5775 10684 8976 5459 5998 5418 6228 6018 7592 4556 4795 105746 4718 5381 5657 5650 41554 7152 7733 5718
internal_value=-5.60349e-06 -0.000366177 -8.11723e-05 2.79082e-05 4.99058e-05 -0.000582797 3.01629e-05 -3.40352e-05 -5.63029e-05 -0.000918169 -1.03262e-05 -4.29404e-05 0.000330538 0.000191284 0.000318428 0.000548486 -0.000136947 0.000183657 0.000563716 -1.38525e-05 -0.000129256 -7.34988e-06 -0.00158153 0.000140589 0.00120212 -8.75841e-06 -0.000324091 0.000466972 -1.55344e-06 0.000720729
internal_weight=332377 28260 23094 304117 293548 10569 288843 237984 233331 11812 221519 215119 50859 41883 36424 24198 12226 18780 13610 209344 119815 110541 9274 89529 11038 78491 47204 31287 24135 16402
internal_count=332377 28260 23094 304117 293548 10569 288843 237984 233331 11812 221519 215119 50859 41883 36424 24198 12226 18780 13610 209344 119815 110541 9274 89529 11038 78491 47204 31287 24135 16402
is_linear=0
shrinkage=0.05


Tree=169
num_leaves=31
num_cat=0
split_feature=5 3 3 0 5 3 3 7 7 3 7 3 7 3 5 7 7 3 7 6 7 7 7 3 7 3 0 5 2 7
split_gain=1.7224 2.63484 1.85087 2.43426 1.12244 5.82008 2.93038 1.80751 3.18939 4.89147 2.66955 7.70314 3.63614 2.06095 2.55836 3.74397 6.85198 1.75616 2.67536 2.74096 1.37602 1.921 1.33018 3.76111 2.69843 5.86603 6.09996 2.31468 2.24486 2.30098
threshold=30.500000000000004 31.598499919000002 35.269646639500003 89.500000000000014 3.5000000000000004 -14.455859143999998 -50.741739744999997 0.82466153500000006 0.87209273600000004 -11.796539283499998 0.89637365600000007 -11.796539283499998 0.90684916650000014 -38.247401349999997 8.5000000000000018 0.9225350630000001 0.93198645250000012 -3.2571924589999997 0.95226128050000014 1.5000000000000002 0.98947461550000015 1.0310529730000002 1.1460201665000003 0.87528259250000007 1.0970247890000002 8.7236352970000013 49.500000000000007 16.500000000000004 7.5000000000000009 0.95332521050000008
decision_type=2 2 2 2 2 2 2 2 2 2 2 2 2 2 2 2 2 2 2 2 2 2 2 2 2 2 2 2 2 2
left_child=2 -2 4 -4 5 -1 -6 -8 9 -9 11 -10 -12 -14 17 -16 -17 18 -15 20 -20 -22 24 -24 28 26 -26 -25 29 -18
right_child=1 -3 3 -5 6 -7 7 8 10 -11 12 -13 13 14 15 16 22 -19 19 -21 21 -23 23 27 25 -27 -28 -29 -30 -31
leaf_value=-0.0018567119716551895 -0.0001627833853044436 0.0025415578929308931 -0.0017192105711986096 -0.00023598546222152185 0.001100077105448466 3.6286399414710295e-05 0.00067564926474268097 -0.0014609147765115961 0.001976196578446335 7.4112008935633969e-05 -0.00092319188271494938 -0.00042702294593206791 -0.00088728968524344205 -0.00028173179161830462 0.00099844082275200863 -0.0015709817155128759 0.00048440167274836632 -9.7438181862438694e-05 0.00069708878218235632 0.0013785187802386467 -0.00027082050959574002 0.00056392091621393088 -0.0011201176345947417 -0.0006651346151606008 2.8957805447510365e-05 -0.0006579703702180806 0.001758036079764558 0.00056337883666519601 -0.0018659419366892083 -9.8336484431849061e-05
leaf_weight=4628 4762 4550 4663 8075 5467 15472 6193 4773 4536 5131 5616 5416 7233 6018 7290 5052 14916 11348 4751 4865 5468 8198 7687 5349 7575 7223 7404 9109 4641 128767
leaf_count=4628 4762 4550 4663 8075 5467 15472 6193 4773 4536 5131 5616 5416 7233 6018 7290 5052 14916 11348 4751 4865 5468 8198 7687 5349 7575 7223 7404 9109 4641 128767
internal_value=-3.16093e-05 0.000638618 -5.09495e-05 -0.000641529 -2.66823e-05 -0.000387963 -1.63776e-06 -2.36766e-05 -4.24793e-05 -0.000923403 -9.96398e-06 0.000793412 -4.09067e-05 -1.29498e-05 1.15502e-05 -6.02996e-05 -0.000101339 0.000373896 0.0005784 0.000821274 0.000542151 0.000287104 -5.36522e-05 -0.000418172 -6.30384e-06 0.000507723 0.00107198 5.70421e-05 -8.32609e-05 -4.82817e-05
internal_weight=332176 9312 322864 12738 310126 20100 290026 284559 278366 9904 268462 9952 258510 252894 245661 205013 197723 40648 29300 23282 18417 13666 192671 22145 170526 22202 14979 14458 148324 143683
internal_count=332176 9312 322864 12738 310126 20100 290026 284559 278366 9904 268462 9952 258510 252894 245661 205013 197723 40648 29300 23282 18417 13666 192671 22145 170526 22202 14979 14458 148324 143683
is_linear=0
shrinkage=0.05


Tree=170
num_leaves=31
num_cat=0
split_feature=4 3 8 8 4 8 8 8 8 8 0 8 8 3 8 4 5 8 8 8 8 0 8 8 8 3 0 8 4 8
split_gain=2.43087 1.98443 5.2186 3.49397 6.21438 4.96793 4.69694 5.16164 4.37689 4.17937 4.88962 3.83429 7.38219 4.67298 3.21197 2.84762 3.06339 5.12966 4.50409 4.0971 3.21841 5.74437 3.55942 2.9585 2.81261 4.0797 1.9335 3.80363 1.85917 1.61854
threshold=1.9872758246888045 6.7264742820000007 0.8314545940000001 1.1318326185000003 1.1037822531573624 1.0923965605000003 1.1692778010000002 1.1996017105000003 1.2428557500000001 1.2805315585000001 97.500000000000014 1.0092210495 0.96876116550000013 21.037822049000003 0.91068698050000008 1.0122934044885177 15.500000000000002 0.85095842600000016 0.91580697650000009 0.9749352160000001 1.0396849785000002 59.500000000000007 1.1446260655000002 0.70615312650000017 1.5192940695000001 13.326599906500002 28.500000000000004 1.0519316795000002 0.89403782176714686 1.3109496115000001
decision_type=8 2 2 2 10 2 2 2 2 2 2 2 2 2 2 10 2 2 2 2 2 2 2 2 2 2 2 2 10 2
left_child=1 15 -3 4 -4 11 -5 -8 -9 -10 24 12 14 -13 -6 16 23 -18 -19 -20 -21 28 -23 -1 25 -11 29 -28 -22 -17
right_child=-2 2 3 6 5 -7 7 8 9 10 -12 13 -14 -15 -16 26 17 18 19 20 21 22 -24 -25 -26 -27 27 -29 -30 -31
leaf_value=-0.0013748490468121267 0.00095621130861829888 -0.0027368512342350521 -0.001574456071190003 -0.0015215933370772484 0.00066601422466655298 0.0018219883341727195 0.0010648853464980789 -0.0015998887938062701 0.0011425234324176942 -8.5249294002240355e-05 0.0018995435753457663 0.00046370659117317414 0.0023603925995184074 -0.0023209942576690873 -0.0012796965429963893 0.00019459558559040691 0.0012381976724059329 -0.0020510786235987456 0.00070375469479461996 -0.0016117262002144639 -0.0011287394394113026 0.0013439983415684338 -0.00028458574411852625 5.9803257476664931e-05 2.9399317279854568e-06 -0.0016574983551388646 -0.00017275829898286688 0.00094088135587945272 -0.0005198450883959427 -0.00047934916914493808
leaf_weight=4681 5496 4650 4766 5280 5374 4705 4544 5224 4894 5580 4588 4947 5347 4506 5089 12746 5799 4670 5876 6431 4548 4854 7789 150405 6791 8454 8988 15040 5042 5399
leaf_count=4681 5496 4650 4766 5280 5374 4705 4544 5224 4894 5580 4588 4947 5347 4506 5089 12746 5799 4670 5876 6431 4548 4854 7789 150405 6791 8454 8988 15040 5042 5399
internal_value=-4.25178e-05 -6.00513e-05 -0.000268308 -0.000173702 0.000203662 0.000470423 -0.000462687 -0.000277882 -0.00048085 -0.000250313 -0.000508006 0.000192437 0.000668669 -0.000603986 -0.000103888 1.27955e-05 -6.59045e-05 -0.000429033 -0.000634324 -0.000437111 -0.000683665 -0.00039853 0.000301431 3.94929e-05 -0.000833533 -0.00123762 0.000386161 0.000680315 -0.001321 -3.44353e-06
internal_weight=332503 327007 84739 80089 34734 29968 45355 40075 35531 30307 25413 25263 15810 9453 10463 242268 200095 45009 39210 34540 28664 22233 12643 155086 20825 14034 42173 24028 9590 18145
internal_count=332503 327007 84739 80089 34734 29968 45355 40075 35531 30307 25413 25263 15810 9453 10463 242268 200095 45009 39210 34540 28664 22233 12643 155086 20825 14034 42173 24028 9590 18145
is_linear=0
shrinkage=0.05


Tree=171
num_leaves=31
num_cat=0
split_feature=4 7 7 4 8 8 7 8 7 8 8 9 7 8 7 8 7 7 4 0 3 2 8 0 2 4 3 8 7 7
split_gain=1.90426 2.14448 3.34955 1.55691 1.46189 4.57407 4.23768 3.04986 4.29954 5.40364 4.18071 3.89013 4.80681 2.91676 4.71506 3.33757 5.03154 2.8904 2.35542 2.27991 2.01425 8.36586 6.11384 5.16843 2.55704 4.20949 4.33845 3.77129 5.50035 4.53304
threshold=1.7688405962482279 1.2268644580000003 1.1927919445000004 1.164118642973458 1.6516427525000001 1.4757161485000003 1.1125821150000001 1.4361150800000002 1.1303612510000003 1.2805315585000001 1.3078657835000003 26.500000000000004 1.071862928 1.2690178225000002 1.1108714775000001 1.2489364475000002 1.0866460510000002 1.0984745745000002 1.5390651465205558 55.500000000000007 14.519103264000002 1.5000000000000002 0.89565229550000003 83.500000000000014 1.0000000180025095e-35 0.36763814755456808 -50.741739744999997 0.9749352160000001 0.91220460200000009 0.9726132500000001
decision_type=10 2 2 8 2 2 2 2 2 2 2 2 2 2 2 2 2 2 8 2 2 2 2 2 2 10 2 2 2 2
left_child=1 2 4 -3 5 7 -7 8 10 -10 13 12 -12 14 15 16 18 -18 20 -15 24 -22 -23 -24 -1 -26 -27 -28 -29 -30
right_child=-2 3 -4 -5 -6 6 -8 -9 9 -11 11 -13 -14 19 -16 -17 17 -19 -20 -21 21 22 23 -25 25 26 27 28 29 -31
leaf_value=0.00020796301281009733 0.00086012885389323839 -0.00022243604400110919 0.00098200079296949521 -0.002385280326989439 0.00071523721200801311 -9.9458502661525788e-05 -0.0017312982787791309 0.0010209567293209543 -7.6747033135474157e-05 0.0014249683894688838 0.00042978996688729514 -0.0010689806065840718 -0.0010252232501316656 0.00089308433446761988 -0.0016525894641146567 -0.0011708398069236626 0.0016590697208996336 7.9210219553146899e-05 -0.0010746652384023003 -2.8593997808287752e-05 -0.0014142474258260096 -0.0010720486575276356 0.0021822289256784532 0.0010655797662328715 -0.0011985227478336969 0.0012976686167351843 7.2573803272152351e-05 -0.001360859924806715 0.0002892814752100986 -0.0004423413393744552
leaf_weight=28060 4989 5528 7081 4564 4945 5631 4736 5241 8732 7662 6001 9020 5098 5523 5087 5713 5292 4584 4699 4614 4559 4802 4733 11757 5145 5476 72323 4786 17786 57480
leaf_count=28060 4989 5528 7081 4564 4945 5631 4736 5241 8732 7662 6001 9020 5098 5523 5087 5713 5292 4584 4699 4614 4559 4802 4733 11757 5145 5476 72323 4786 17786 57480
internal_value=-4.03661e-05 -5.51792e-05 -3.22992e-05 -0.000772507 -5.69081e-05 -7.07613e-05 -0.00110273 -3.43754e-05 -5.60676e-05 0.000730227 -0.000103378 -0.000796934 -0.000169984 -4.80838e-05 -8.28563e-05 -5.05375e-05 -2.10595e-05 0.00108289 -7.02808e-05 0.000782637 -4.62745e-05 0.000367903 0.000784148 0.00124129 -0.000102323 -0.00017822 -0.00013232 -0.000182028 -0.000418452 -0.000313866
internal_weight=331647 326658 316566 10092 309485 304540 10367 294173 288932 16394 272538 20119 11099 252419 242282 237195 231482 9876 221606 10137 216907 25851 21292 16490 191056 162996 157851 152375 80052 75266
internal_count=331647 326658 316566 10092 309485 304540 10367 294173 288932 16394 272538 20119 11099 252419 242282 237195 231482 9876 221606 10137 216907 25851 21292 16490 191056 162996 157851 152375 80052 75266
is_linear=0
shrinkage=0.05


Tree=172
num_leaves=31
num_cat=0
split_feature=0 2 4 0 2 4 5 9 2 0 0 2 5 4 6 2 6 5 9 9 0 5 3 3 9 0 0 5 4 2
split_gain=1.5104 8.87777 2.8938 2.84044 2.54901 2.99956 3.06045 2.40289 2.53069 2.31751 2.30145 3.33141 3.00343 1.8923 2.28007 1.72514 2.33092 2.1831 2.60145 2.51601 2.06251 1.65204 3.02229 1.92924 2.42427 3.15959 1.86735 1.76838 1.53825 2.41379
threshold=95.500000000000014 6.5000000000000009 0.66936825404084577 72.500000000000014 1.0000000180025095e-35 0.3422227397364791 11.500000000000002 46.500000000000007 2.5000000000000004 69.500000000000014 37.500000000000007 3.5000000000000004 12.500000000000002 1.2350130220739157 1.0000000180025095e-35 1.5000000000000002 1.5000000000000002 25.500000000000004 9.5000000000000018 27.500000000000004 31.500000000000004 24.500000000000004 22.904496796 -7.2869342384999998 35.500000000000007 56.500000000000007 78.500000000000014 9.5000000000000018 0.89126302574341332 4.5000000000000009
decision_type=2 2 8 2 2 10 2 2 2 2 2 2 2 10 2 2 2 2 2 2 2 2 2 2 2 2 2 2 8 2
left_child=1 2 3 4 -1 -6 -7 10 9 -9 15 21 28 -2 -15 17 20 18 -4 -20 -17 22 23 24 25 -12 27 -25 29 -13
right_child=13 -3 7 -5 5 6 -8 8 -10 -11 11 12 -14 14 -16 16 -18 -19 19 -21 -22 -23 -24 26 -26 -27 -28 -29 -30 -31
leaf_value=0.00048772700258405968 9.9572311823270534e-05 -0.0021304014705371883 -0.00039688795735494387 0.0011235334216674832 -0.0007862623232295058 0.00021652637612347149 -0.00067283939120330039 -0.00055055916634356159 -0.0014569358095196884 0.00030115568770387182 -0.00024526526424595855 -0.00019486299881628645 -0.0006847785410356356 0.0032470899309362091 0.00028175292450639545 -0.0013827040376701962 0.00010241488126492282 -0.00092727561098786553 0.00024982375633939572 -0.0005167343834626859 -0.00030110238585203124 0.00093533563212034048 -0.00089451819371621501 -0.00032503976311754615 -0.00067051563613907414 0.00076814703982082963 0.0014076980101180637 0.00039981563735962681 -0.00039118723642132537 0.00091676596494473246
leaf_weight=13829 52917 6499 19642 5521 4575 22981 4866 8555 6826 8746 8651 5215 19045 4686 6246 5319 4587 4845 31323 5922 4586 5928 6039 4782 5994 6736 4577 30072 6555 6103
leaf_count=13829 52917 6499 19642 5521 4575 22981 4866 8555 6826 8746 8651 5215 19045 4686 6246 5319 4587 4845 31323 5922 4586 5928 6039 4782 5994 6736 4577 30072 6555 6103
internal_value=-3.55237e-05 -8.75341e-05 -4.22038e-05 0.000292601 0.000164573 -7.78672e-05 0.000117137 -0.00012473 -0.000594128 -0.000272304 -6.38023e-05 8.28381e-05 -0.000304011 0.000183035 0.00078175 -0.00027483 -0.000765676 -0.000159548 -7.27255e-05 0.000172819 -0.00119702 0.000279079 0.000208097 0.000314057 -6.83859e-05 0.000263936 0.000521414 0.000396598 0.000161511 0.00051444
internal_weight=332168 268319 261820 51772 46251 32422 27847 210048 24127 17301 185921 109697 36918 63849 10932 76224 14492 61732 56887 37245 9905 72779 66851 60812 21381 15387 39431 34854 17873 11318
internal_count=332168 268319 261820 51772 46251 32422 27847 210048 24127 17301 185921 109697 36918 63849 10932 76224 14492 61732 56887 37245 9905 72779 66851 60812 21381 15387 39431 34854 17873 11318
is_linear=0
shrinkage=0.05


Tree=173
num_leaves=31
num_cat=0
split_feature=9 7 5 8 8 6 7 8 7 7 8 7 9 8 5 7 8 8 7 7 7 7 7 7 7 8 8 8 7 9
split_gain=1.54506 1.50437 3.34479 2.20853 9.49359 5.91463 3.07879 5.77721 3.12794 7.33228 3.50629 1.31618 4.19948 3.36241 4.60715 3.22967 1.86353 2.33152 11.8717 4.90428 7.49359 6.21559 4.66807 2.87964 4.92195 5.40477 3.96927 8.97579 7.02635 6.42201
threshold=1.5000000000000002 1.2132531175000001 19.500000000000004 1.5192940695000001 1.4583205875 1.0000000180025095e-35 1.1748222615000004 1.4093943000000004 1.1303612510000003 1.1419238990000002 1.3628059890000002 1.0825141075000002 34.500000000000007 1.2463057665000001 15.500000000000002 1.0744235155000001 1.3158465240000001 1.2271159115000001 1.0183233475000002 1.0563097930000003 1.0445113095 1.0640450860000004 1.0473717320000002 1.028182989 1.0329430635000001 1.0641062075000003 1.1912749420000002 1.1667312910000003 1.0132845280000002 25.500000000000004
decision_type=2 2 2 2 2 2 2 2 2 2 2 2 2 2 2 2 2 2 2 2 2 2 2 2 2 2 2 2 2 2
left_child=-1 3 -3 4 6 -5 7 8 10 -10 11 15 13 14 -13 16 17 19 -19 20 23 -21 -20 26 -25 -26 27 28 -2 -30
right_child=1 2 -4 5 -6 -7 -8 -9 9 -11 -12 12 -14 -15 -16 -17 -18 18 22 21 -22 -23 -24 24 25 -27 -28 -29 29 -31
leaf_value=-0.00048806129758824926 2.9638996031010335e-05 -9.3893770541891852e-05 0.0025103468070772519 0.00092040518591311466 -0.0015964605725890036 -0.00073327602236273335 -0.0011801919646603739 0.0012805514966555021 0.0021828444024695861 -0.0001407534663488974 -0.00084580870138225022 0.00096212088072095137 -0.0012290505756983013 -0.0011277763792855889 -0.00054432012264665763 0.00088570546615412971 0.00049058119201634838 0.00047821435150734453 -0.0021949107675489992 0.0018640030223460724 -0.0017423005482520904 -0.0001204882941408858 -0.00051349863062873373 0.0014741563108962908 0.0012835726862784559 -0.001139270851114943 -0.0012245213778719318 0.0017477161930028768 -0.00024918100023703371 -0.0020745142427443437
leaf_weight=9118 148620 8175 4816 8695 6147 4628 6038 6473 4729 8053 6735 6702 6648 5274 5007 5885 5797 8043 4590 5405 8175 5889 4571 4789 4846 5188 5662 4768 7476 5198
leaf_count=9118 148620 8175 4816 8695 6147 4628 6038 6473 4729 8053 6735 6702 6648 5274 5007 5885 5797 8043 4590 5405 8175 5889 4571 4789 4846 5188 5662 4768 7476 5198
internal_value=-1.32472e-05 4.87575e-06 0.000531894 -1.72157e-05 -4.54985e-05 0.000612432 -4.34497e-06 1.93742e-05 -1.5015e-05 0.000748807 -5.18334e-05 -2.24822e-05 -0.000378131 3.89981e-05 0.000511141 1.33031e-05 -1.64286e-05 -3.94221e-05 -0.000598524 7.28081e-06 -5.14823e-05 0.00102 -0.00182877 1.34681e-05 0.000681987 5.2296e-05 -4.42558e-05 1.50542e-07 -6.30816e-05 -0.00119292
internal_weight=332140 323022 12991 310031 296708 13323 290561 284523 278050 12782 265268 258533 23631 16983 11709 234902 229017 223220 17204 206016 194722 11294 9161 186547 14823 10034 171724 166062 161294 12674
internal_count=332140 323022 12991 310031 296708 13323 290561 284523 278050 12782 265268 258533 23631 16983 11709 234902 229017 223220 17204 206016 194722 11294 9161 186547 14823 10034 171724 166062 161294 12674
is_linear=0
shrinkage=0.05


Tree=174
num_leaves=31
num_cat=0
split_feature=4 3 0 8 4 8 8 0 5 0 8 8 8 8 8 8 8 8 8 8 4 8 8 4 8 4 3 8 9 8
split_gain=2.0213 1.95862 3.36647 1.57059 0.975823 4.50742 2.19639 1.18285 2.32116 1.10734 2.71525 9.05238 5.80807 4.39776 2.62078 6.64586 4.44734 3.76016 2.60045 2.43174 2.38985 2.24052 3.26039 3.31908 2.18783 3.76345 3.19561 4.30329 10.8431 4.07231
threshold=1.9872758246888045 35.269646639500003 85.500000000000014 1.0586509240000002 1.3732174841372542 1.2271159115000001 1.7298127505000003 3.5000000000000004 2.5000000000000004 37.500000000000007 1.3773010990000001 1.3288227880000003 1.2992437430000001 1.4213440125000003 1.1894146140000001 1.1396604570000002 1.0796594780000002 1.0189477030000003 0.96220362650000013 1.2554007370000002 1.2350130220739157 1.4992900485000002 1.3989826220000003 0.82087882054142336 0.76366048500000006 0.74250161712917595 -36.404110705499996 0.83524822400000009 22.500000000000004 0.87945863200000007
decision_type=8 2 2 2 10 2 2 2 2 2 2 2 2 2 2 2 2 2 2 2 10 2 2 10 2 10 2 2 2 2
left_child=1 4 -3 -4 6 -6 7 -1 -9 14 11 12 20 -12 15 16 17 18 -10 -16 24 22 23 -21 25 -11 -26 28 -28 -29
right_child=-2 2 3 -5 5 -7 -8 8 9 10 13 -13 -14 -15 19 -17 -18 -19 -20 21 -22 -23 -24 -25 26 -27 27 29 -30 -31
leaf_value=0.00041692929517297972 0.00082310262453934031 -0.0020343085290667725 0.0014211294020750416 -0.0010215605360444524 -0.00027706061237555704 0.0011353434422427088 -0.0010806298777129742 -0.00086393215638624345 8.8982826276003127e-05 -0.00051935868171017478 0.001466827975743973 -0.0013603711352199732 0.0011082092579145415 9.2188746558882767e-05 -0.00093821847722848079 0.0008157660135372669 -0.00080174045036561503 0.00072902585965212987 -0.00060563555257167059 0.00040681766011224922 0.00072379627530242416 -0.00076692898856498557 0.00093521562372883289 -0.00065890697564717222 0.00053511762822489593 0.0018670013565329213 0.00031561929875067454 0.00077312485567686555 -0.0026705751856606732 -0.00014093210551091584
leaf_weight=6604 5448 4634 4558 6779 7185 7089 5107 5991 18862 4539 4979 6273 4806 13072 7855 6297 7754 7572 8876 4596 9013 5118 4938 7230 15376 5748 6071 10383 4919 114661
leaf_count=6604 5448 4634 4558 6779 7185 7089 5107 5991 18862 4539 4979 6273 4806 13072 7855 6297 7754 7572 8876 4596 9013 5118 4938 7230 15376 5748 6071 10383 4919 114661
internal_value=-2.8623e-05 -4.45486e-05 -0.00058447 -0.000120129 -1.6805e-05 0.000386932 -3.62386e-05 -1.82223e-05 -3.35604e-05 -1.2637e-05 5.00388e-05 -8.04482e-06 5.86824e-05 0.000634831 -0.00017098 5.24146e-05 -0.000169495 6.86677e-05 -0.000200952 -0.000541742 1.03974e-05 -0.000270709 8.94508e-06 -0.000441636 -3.37813e-05 0.000671638 -8.1729e-05 -0.000158962 -0.00110732 -7.55704e-05
internal_weight=332333 326885 15971 11337 310914 14274 296640 291533 284929 278938 199840 181789 175516 18051 79098 49361 43064 35310 27738 29737 170710 21882 16764 11826 161697 10287 151410 136034 10990 125044
internal_count=332333 326885 15971 11337 310914 14274 296640 291533 284929 278938 199840 181789 175516 18051 79098 49361 43064 35310 27738 29737 170710 21882 16764 11826 161697 10287 151410 136034 10990 125044
is_linear=0
shrinkage=0.05


Tree=175
num_leaves=31
num_cat=0
split_feature=5 3 8 8 8 8 7 3 7 7 8 3 3 7 7 7 8 3 4 8 8 4 8 8 7 8 8 8 8 7
split_gain=1.66892 2.4415 1.48407 2.83572 3.83728 2.58746 6.49774 3.04147 3.09216 7.46811 8.79585 5.44751 5.08932 6.47393 2.45612 4.66734 3.77455 3.17225 2.58595 3.33032 6.54492 3.04119 4.01924 4.33064 2.35726 5.25869 7.17917 6.09294 4.83282 4.62459
threshold=30.500000000000004 31.598499919000002 0.69131934800000006 0.74929210700000015 0.77793374000000004 0.82440334850000008 0.91220460200000009 -48.356497743999988 0.90684916650000014 0.89637365600000007 0.96648837100000018 -7.2869342384999998 -29.674830943499995 0.98009628400000015 0.92120249550000011 0.93549484700000007 0.85399369700000005 -5.6146964444999989 0.90003364559376353 0.90015274200000006 0.92706994300000012 0.95125861605176498 0.96220362650000013 0.99996303200000003 1.028182989 1.1588549085000002 1.1232906845000004 1.0771584090000001 1.2463057665000001 0.98009628400000015
decision_type=2 2 2 2 2 2 2 2 2 2 2 2 2 2 2 2 2 2 8 2 2 8 2 2 2 2 2 2 2 2
left_child=2 -2 -1 -4 -5 6 -6 -7 9 10 11 -9 13 -10 -14 17 -17 -16 -18 -20 -21 -22 -23 -24 28 26 27 -26 29 -25
right_child=1 -3 3 4 5 7 -8 8 12 -11 -12 -13 14 -15 15 16 18 -19 19 20 21 22 23 24 25 -27 -28 -29 -30 -31
leaf_value=-0.00090347234487109522 -0.00010228506216587718 0.0026200297326361812 0.0010413452756309935 -0.0011468126100759146 0.0017799831012737383 0.0011546091104697954 -0.00017744313705108928 1.9941076523438686e-05 0.00026352040850660951 -0.0016774301668297535 0.0011221559566779505 -0.0021028994577966392 0.00083116242187237794 -0.0018033967785142102 -0.0014158477026112977 0.0012558064982598873 0.00019660391058766715 -0.00011662554322219854 -0.0011745446491013723 0.0017409791512489781 -0.00066083765092486149 -0.0014074950270460129 0.0010881557300914113 0.00023000695964764395 0.0013502330704400212 -7.6507679302401105e-05 0.0021445076764387227 -0.0010937027961675616 0.00059089808085621698 -0.0010731092186414548
leaf_weight=5079 4788 4534 6264 5033 5107 5221 7578 6126 6710 4590 5193 4522 6853 8686 4763 4644 86168 4511 5652 4943 15688 5588 7440 8126 6617 57159 4549 5363 6341 17836
leaf_count=5079 4788 4534 6264 5033 5107 5221 7578 6126 6710 4590 5193 4522 6853 8686 4763 4644 86168 4511 5652 4943 15688 5588 7440 8126 6617 57159 4549 5363 6341 17836
internal_value=1.34167e-05 0.000672778 -5.66146e-06 7.91897e-06 -1.33033e-05 9.23266e-06 0.000708235 -2.10113e-05 -4.26975e-05 -0.000635521 -0.000120693 -0.000943396 2.56873e-06 -0.000879813 5.64429e-05 3.03595e-05 7.35858e-05 -0.00106962 4.52533e-05 -8.3444e-05 -3.52655e-05 -0.000100863 -1.45979e-05 4.9918e-05 -3.19588e-05 0.000124164 0.00090949 0.000267 -0.000388062 -0.000690299
internal_weight=331672 9322 322350 317271 311007 305974 12685 293289 288068 20431 15841 10648 267637 15396 252241 245388 236114 9274 231470 145302 139650 134707 119019 113431 105991 73688 16529 11980 32303 25962
internal_count=331672 9322 322350 317271 311007 305974 12685 293289 288068 20431 15841 10648 267637 15396 252241 245388 236114 9274 231470 145302 139650 134707 119019 113431 105991 73688 16529 11980 32303 25962
is_linear=0
shrinkage=0.05


Tree=176
num_leaves=31
num_cat=0
split_feature=9 5 5 4 7 8 8 7 4 8 7 8 8 0 8 7 9 8 7 7 8 7 7 0 7 8 8 5 9 4
split_gain=2.08898 2.84934 2.00663 3.04485 2.96233 2.52305 2.41957 2.27746 6.0856 8.69409 6.61371 4.22148 3.51034 2.70667 2.21772 2.14153 1.89743 1.74307 8.7148 7.16471 5.43513 3.56407 3.93333 8.8362 5.62341 3.00951 3.95284 3.09943 2.89336 2.51281
threshold=2.5000000000000004 2.5000000000000004 12.500000000000002 1.0866353860021223 1.0838404605000003 0.77793374000000004 0.75575043250000007 0.97838995950000007 1.2506541623569842 1.0901267645000001 0.94667231500000015 0.90315492350000015 0.94862549100000015 105.50000000000001 0.83524822400000009 0.91977347650000008 9.5000000000000018 1.1208789765000002 0.94093620500000008 0.92424868750000011 1.0843950875000001 1.0473717320000002 0.99967947350000008 49.500000000000007 0.9726132500000001 1.2218113130000001 1.2690178225000002 8.5000000000000018 17.500000000000004 0.70792748231424296
decision_type=2 2 2 10 2 2 2 2 10 2 2 2 2 2 2 2 2 2 2 2 2 2 2 2 2 2 2 2 2 10
left_child=-1 -2 3 5 -5 -3 -4 8 9 10 12 -12 15 16 -7 -8 -9 18 19 29 21 22 24 -24 -20 -19 -27 -28 -26 -16
right_child=1 2 6 4 -6 14 7 13 -10 -11 11 -13 -14 -15 17 -17 -18 25 20 -21 -22 -23 23 -25 28 26 27 -29 -30 -31
leaf_value=-0.00046408040210568215 -0.00078733591184218662 -0.00054006848253159302 0.0012307867676322221 8.5377286094923128e-06 -0.0012329334223752264 0.0010094553807644374 0.00010043219542105186 -0.00063466168999222472 0.0011102083994571023 -0.001476651697892506 -0.0005891767782004204 0.0010295594344616799 -0.001385065174272826 0.0012412154864376635 0.00058468681043350595 -0.0010722433456493846 -2.3853910012100468e-05 0.00081869067861262135 -0.00056221000660494071 0.001704835811506958 -0.0014029623570871565 0.0011667254376118541 0.00055402520154322068 -0.0017208297154190089 0.00017060823582703557 -0.00072717128668449709 0.0007358095948235277 -3.7471036849667795e-05 0.0016511012363314384 -0.00022777233358282911
leaf_weight=14802 6834 8298 4852 8609 4516 7444 8757 8306 6402 7409 4822 9305 7025 17339 7320 4822 104868 13633 10318 4571 4987 4599 4716 7608 4879 5664 8543 10621 4532 5915
leaf_count=14802 6834 8298 4852 8609 4516 7444 8757 8306 6402 7409 4822 9305 7025 17339 7320 4822 104868 13633 10318 4571 4987 4599 4716 7608 4879 5664 8543 10621 4532 5915
internal_value=-1.54971e-05 1.15741e-05 3.37963e-05 0.000186842 -0.000534082 0.00027012 -7.17055e-05 -0.000101572 -0.000393948 -0.000612172 -0.000280329 0.000552823 -0.00085157 7.18292e-06 0.000336244 -0.000381883 -8.19498e-05 0.000272952 0.000103238 0.00102886 -0.000292659 -8.18398e-05 -0.000268654 -0.000969259 0.000169124 0.000535213 0.000207385 0.000550368 0.00105273 0.000439011
internal_weight=332316 317514 310680 126773 13125 113648 183907 179055 48542 42140 34731 14127 20604 130513 105350 13579 113174 97906 59445 17806 41639 36652 32053 12324 19729 38461 24828 19164 9411 13235
internal_count=332316 317514 310680 126773 13125 113648 183907 179055 48542 42140 34731 14127 20604 130513 105350 13579 113174 97906 59445 17806 41639 36652 32053 12324 19729 38461 24828 19164 9411 13235
is_linear=0
shrinkage=0.05


Tree=177
num_leaves=31
num_cat=0
split_feature=5 8 9 5 8 8 8 2 8 0 8 2 3 8 8 8 8 2 8 8 8 8 3 0 6 3 2 3 8 8
split_gain=2.10664 1.10554 3.49653 2.65952 1.84402 7.84096 6.37652 3.58588 8.36542 8.57195 1.47269 4.00047 5.1438 11.4624 8.57779 4.95709 2.86514 1.68845 5.99695 11.4148 13.2269 11.1497 3.39081 3.1896 4.78322 5.79234 4.97841 4.31651 3.82716 2.80658
threshold=33.500000000000007 0.78344438100000013 22.500000000000004 10.500000000000002 0.85095842600000016 0.86540467600000015 0.87664883000000005 1.5000000000000002 0.8314545940000001 79.500000000000014 0.94232026850000017 1.0000000180025095e-35 -17.920236034499997 0.90015274200000006 0.91975546850000012 0.90530909250000013 0.95315010000000011 1.0000000180025095e-35 1.0952802825000003 1.2618163615000004 1.3474409155000002 1.1894146140000001 -1.8181951069999998 36.500000000000007 1.0000000180025095e-35 -10.294307049999999 1.5000000000000002 -2.4912250874999997 0.96876116550000013 1.4361150800000002
decision_type=2 2 2 2 2 2 2 2 2 2 2 2 2 2 2 2 2 2 2 2 2 2 2 2 2 2 2 2 2 2
left_child=1 2 3 -1 7 -6 -7 -3 9 -9 11 -8 15 -14 -15 -13 -12 18 22 21 -21 -20 -18 24 27 -26 -27 -19 -25 -22
right_child=-2 4 -4 -5 5 6 10 8 -10 -11 16 12 13 14 -16 -17 17 23 19 20 29 -23 -24 28 25 26 -28 -29 -30 -31
leaf_value=-0.00066704756666089446 0.0012161888679816102 0.0011262217211110536 -0.0013065356916975802 0.00085632046972726201 -0.0018752513867647204 0.0015382388268928072 -0.0010810566139170697 -0.0017236816028622232 0.0015349527252594489 0.00066649397497835499 0.0011144798024168012 0.00018627552729952036 -0.0013572008948324111 0.0026021862398790314 7.4929454840283466e-05 -0.0018717814093317992 0.0014508208708524928 -0.0014909049799415874 -2.2919952301214687e-05 0.0016875881227661012 -0.00069550724253051319 -0.0017953431531624209 0.00032888280899311952 -0.0011667010070394723 0.00079700248224569975 5.6930834092985827e-05 -0.0010482581709522903 -0.00022464465271851419 7.1607174374332946e-05 0.00028990463518508981
leaf_weight=6458 4715 4653 6116 5384 5177 5205 5264 4631 5890 6797 6325 4827 5804 5832 7048 6254 5075 5846 9001 5762 5334 5827 7784 6373 5660 14940 8634 5911 140360 9036
leaf_count=6458 4715 4653 6116 5384 5177 5205 5264 4631 5890 6797 6325 4827 5804 5832 7048 6254 5075 5846 9001 5762 5334 5827 7784 6373 5660 14940 8634 5911 140360 9036
internal_value=2.59846e-06 -1.25301e-05 -0.000393865 0.000107622 9.61989e-06 -2.41486e-05 1.12546e-05 0.00045106 0.000119783 -0.000669116 -2.13523e-05 -0.000324328 -9.95129e-05 0.000406656 0.00123787 -0.000952778 2.25325e-05 -5.67825e-06 0.000259545 -8.00801e-05 0.000695238 -0.00113261 0.00118256 -7.32439e-05 -0.000463155 -0.000120558 -0.000465457 -0.00131461 3.56929e-05 -0.000116522
internal_weight=331923 327208 17958 11842 309250 287279 282102 21971 17318 11428 276897 35029 29765 18684 12880 11081 241868 235543 47819 34960 20132 14828 12859 187724 40991 29234 23574 11757 146733 14370
internal_count=331923 327208 17958 11842 309250 287279 282102 21971 17318 11428 276897 35029 29765 18684 12880 11081 241868 235543 47819 34960 20132 14828 12859 187724 40991 29234 23574 11757 146733 14370
is_linear=0
shrinkage=0.05


Tree=178
num_leaves=31
num_cat=0
split_feature=0 3 8 7 7 8 8 7 8 4 7 7 0 8 7 3 4 8 8 3 8 8 7 2 7 3 3 2 3 0
split_gain=1.70102 2.05802 3.45818 3.04993 3.50383 3.71643 9.31818 7.87194 11.2831 4.38644 9.466 6.70956 3.91323 3.80851 3.07195 2.56824 5.11603 4.91296 7.72462 7.37894 6.30566 4.57462 6.42221 6.67035 3.65672 3.29846 3.85496 9.29212 7.19916 5.16423
threshold=117.50000000000001 6.7264742820000007 0.8387601320000001 0.93934972700000008 0.96724136100000013 1.1318326185000003 1.1692778010000002 1.0072142665000003 1.0616339585000001 1.3732174841372542 1.0584166585000003 1.1585803860000001 86.500000000000014 1.4757161485000003 1.1201095380000001 -22.230084205999997 0.42848698758069387 0.90315492350000015 0.94232026850000017 -28.488638238999993 0.8176335815000001 0.75575043250000007 0.94213990150000015 3.5000000000000004 0.95332521050000008 -13.686838875499998 0.73508838600000015 1.5000000000000002 -4.8256039429999991 50.500000000000007
decision_type=2 2 2 2 2 2 2 2 2 10 2 2 2 2 2 2 10 2 2 2 2 2 2 2 2 2 2 2 2 2
left_child=1 15 -3 -4 -5 7 -7 -6 12 10 -8 -11 -9 14 -12 16 -1 19 -19 20 -18 -17 23 -23 -24 -26 27 28 -27 -29
right_child=-2 2 3 4 5 6 9 8 -10 11 13 -13 -14 -15 -16 21 17 18 -20 -21 -22 22 24 -25 25 26 -28 29 -30 -31
leaf_value=-0.0014201365786345845 0.0050292312375124215 -0.0022234593046584483 0.0012407889709404236 -0.0013172391457360823 0.0015091868096487994 -0.002023119759384942 0.00068448107055845699 -0.0015792415461453769 0.0016332112338015682 -0.0002946888381808344 -0.0011019334401552951 0.0023307424082857574 -0.0007340446845458898 -0.002412783582413125 0.0001059128475251081 0.0016429407750684717 5.1624061431262969e-05 -0.0022203853281096727 -0.00013035281964817182 -0.00083960691924941109 0.0023951431181855666 -9.3724449664484019e-05 0.00098215290280404552 -0.0017400350513915308 0.00057605109201225855 0.0008701168673060256 0.00043224253327918128 -0.00077930265529324583 -2.4400665766274867e-05 -0.0001751133110126313
leaf_weight=4683 4885 4551 5086 5247 9160 4676 7550 4591 6157 7257 6854 5691 4928 5221 6603 5779 6151 4531 22805 4772 6633 27279 7765 7331 23260 15745 34294 15851 28030 28491
leaf_count=4683 4885 4551 5086 5247 9160 4676 7550 4591 6157 7257 6854 5691 4928 5221 6603 5779 6151 4531 22805 4772 6633 27279 7765 7331 23260 15745 34294 15851 28030 28491
internal_value=2.27128e-05 8.86913e-06 -0.0002052 -0.000127964 -0.00020946 -0.000114277 -0.000391044 0.000374381 -0.000306103 -0.000139098 -0.000510807 0.000613757 -0.00138466 -0.00111465 -0.000669477 8.2373e-05 -0.000238756 -7.46152e-05 -0.000493764 0.000577985 0.00120416 0.000164513 0.000121908 -0.000493283 0.000260687 0.000204306 0.000100579 -7.44706e-05 0.000442268 -0.000584594
internal_weight=331857 326972 83572 79021 73935 68688 43852 24836 15676 39176 26228 12948 9519 18678 13457 243400 49575 44892 27336 17556 12784 193825 188046 34610 153436 145671 122411 88117 43775 44342
internal_count=331857 326972 83572 79021 73935 68688 43852 24836 15676 39176 26228 12948 9519 18678 13457 243400 49575 44892 27336 17556 12784 193825 188046 34610 153436 145671 122411 88117 43775 44342
is_linear=0
shrinkage=0.05


Tree=179
num_leaves=31
num_cat=0
split_feature=4 5 7 4 3 7 5 7 7 3 2 2 7 4 4 7 7 7 7 7 2 0 7 7 7 7 4 3 7 7
split_gain=2.1836 1.58655 3.32147 8.11354 3.23429 4.16394 3.15491 2.6305 6.64893 5.05581 3.53201 3.61179 3.60196 6.23446 4.68039 3.84535 6.40998 4.41456 3.63174 3.36862 2.36405 1.89914 1.85216 1.72399 1.89209 3.07893 1.92585 3.31927 1.89369 2.87275
threshold=0.25619123725046894 14.500000000000002 0.97838995950000007 1.2506541623569842 6.9518792145000008 1.0866460510000002 23.500000000000004 1.0038369515000001 0.99800425250000013 6.0224775670000001 5.5000000000000009 4.5000000000000009 1.1496716780000003 1.3732174841372542 1.3000356932585031 1.0575228460000001 1.071862928 1.0452659895000003 1.0563097930000003 1.0329430635000001 2.5000000000000004 44.500000000000007 1.0934611560000003 0.82466153500000006 1.0485333710000002 1.0370127805000002 0.65944985486520957 -10.703900558999999 1.0251857335000003 1.0154001440000002
decision_type=10 2 2 10 2 2 2 2 2 2 2 2 2 10 10 2 2 2 2 2 2 2 2 2 2 2 10 2 2 2
left_child=-1 4 3 6 23 -6 -3 8 9 -4 11 12 14 21 15 17 -17 19 -16 20 -9 -14 -18 -2 25 28 -26 -28 29 -25
right_child=1 2 7 -5 5 -7 -8 10 -10 -11 -12 -13 13 -15 18 16 22 -19 -20 -21 -22 -23 -24 24 26 -27 27 -29 -30 -31
leaf_value=-0.00047704488388817525 0.00074402747029542063 -0.00046357606665040633 0.00058590027531452149 0.0012485832028746036 5.9695786573610304e-06 -0.0013164271427930363 -0.0019006960544412921 -9.1505864936169967e-06 0.0021004704026110154 -0.0012851750660230366 0.0018319486004554908 -0.0017314080144860745 -0.00072289592246465868 0.0022423781158386947 -0.0015941861953343878 -0.0015766541064073853 0.00040109033502593039 0.001963225296061852 -0.00034183458443511896 -0.00082995571957903422 0.001123094664315899 0.00055274125853657099 -0.00040455091325918013 0.00010189755533589473 -0.000135841813704507 -0.0010723513791914498 0.0012521165672806644 0.00023683287135373154 0.00074750648625491751 -0.00081611213197509136
leaf_weight=10143 5404 29126 7801 6440 10906 5047 5231 7139 6263 5125 6737 7302 4502 6215 5254 4900 7010 4634 9067 4903 5094 5861 11170 91715 8764 6093 8022 24153 6795 5318
leaf_count=10143 5404 29126 7801 6440 10906 5047 5231 7139 6263 5125 6737 7302 4502 6215 5254 4900 7010 4634 9067 4903 5094 5861 11170 91715 8764 6093 8022 24153 6795 5318
internal_value=8.95709e-06 3.17162e-05 -8.72953e-05 -0.000472097 0.000135218 -0.000542831 -0.000777385 5.67754e-05 0.000588074 -5.99335e-05 -5.67973e-05 -0.000146136 -4.37271e-05 0.00060755 -0.000226232 2.50808e-05 -0.000424518 0.000501722 -0.00101302 0.000131264 0.000575053 -0.00014347 8.24856e-06 0.000204455 0.000173002 6.493e-05 0.000463133 0.000642091 0.000129053 7.25231e-05
internal_weight=332134 321991 149774 40797 172217 15953 34357 108977 19189 12926 89788 83051 75749 16578 59171 44850 23080 21770 14321 17136 12233 10363 18180 156264 150860 109921 40939 32175 103828 97033
internal_count=332134 321991 149774 40797 172217 15953 34357 108977 19189 12926 89788 83051 75749 16578 59171 44850 23080 21770 14321 17136 12233 10363 18180 156264 150860 109921 40939 32175 103828 97033
is_linear=0
shrinkage=0.05


Tree=180
num_leaves=31
num_cat=0
split_feature=4 4 7 7 4 8 8 7 7 8 8 7 7 7 8 7 8 8 8 7 8 7 0 8 8 8 7 7 4 7
split_gain=1.66509 1.57858 2.00707 3.67747 2.28747 1.87002 5.66718 10.4004 2.2147 4.42674 7.02397 2.42632 2.45126 2.16361 10.3796 3.27225 7.35514 7.73922 11.0007 4.15181 4.00936 3.67492 3.93366 2.14824 6.71894 5.90623 15.0009 10.0243 2.62526 3.48044
threshold=1.9872758246888045 1.6534265709003368 1.2268644580000003 1.1927919445000004 1.1105540971279948 1.6516427525000001 1.4583205875 1.1201095380000001 1.1201095380000001 1.1865423385 1.3109496115000001 1.1108714775000001 1.0970247890000002 1.0825141075000002 1.1894146140000001 1.0563097930000003 1.0843950875000001 1.1831267190000003 1.2805315585000001 1.0445113095 1.2129755410000003 1.0360263355000001 63.500000000000007 1.1831267190000003 1.1611543400000002 1.2463057665000001 1.0000053235000002 0.99610262650000014 1.3143924865272292 0.99967947350000008
decision_type=8 10 2 2 10 2 2 2 2 2 2 2 2 2 2 2 2 2 2 2 2 2 2 2 2 2 2 2 10 2
left_child=1 2 3 5 -4 6 8 -8 11 -10 -11 12 13 15 -15 19 -17 -18 -19 21 -21 23 -23 24 28 26 -25 -27 29 -1
right_child=-2 -3 4 -5 -6 -7 7 -9 9 10 -12 -13 -14 14 -16 16 17 18 -20 20 -22 22 -24 25 -26 27 -28 -29 -30 -31
leaf_value=2.7022630524867198e-05 0.00082767629401132587 -0.00092431889868652703 2.217510258654132e-05 0.0010432849660461569 -0.0023110883989931083 0.00079263216382739483 6.9334230125608914e-05 -0.0021413977757293425 -0.0008781472653077993 0.0021412872589044287 -3.5926083358228666e-05 -0.0008820317176131188 0.00071343251573922635 0.00083421161148228284 -0.001667065293219322 0.0021753116203101388 -0.0010919529280800035 0.002058395100779892 -0.00053699851189966676 -0.0020085945429371491 0.00014862012397439951 0.001546266068653579 -8.6851198616239028e-05 -0.0024252257156897662 0.0013519072491017304 0.00116256001030145 0.00034766471855721126 -0.00058414373313290244 0.00064416256390753546 -0.00044247666793549302
leaf_weight=123352 5533 5129 4901 6736 4562 4911 7454 4903 5315 7160 8073 5163 8339 4684 5918 6957 5823 5287 5404 7834 4690 4752 4835 5426 5055 6297 5651 7553 8457 36432
leaf_count=123352 5533 5129 4901 6736 4562 4911 7454 4903 5315 7160 8073 5163 8339 4684 5918 6957 5823 5287 5404 7834 4690 4752 4835 5426 5055 6297 5651 7553 8457 36432
internal_value=-4.28454e-06 -1.88422e-05 -4.97004e-06 1.67618e-05 -0.000722169 -8.70866e-06 -2.45164e-05 -0.00107284 2.041e-05 0.000520605 0.000954029 -1.79629e-05 3.13985e-06 -2.45173e-05 -0.000723579 5.89598e-06 0.000567068 -7.56704e-06 0.000791184 -5.38942e-05 -0.000937824 -6.01497e-07 0.000955223 -4.68526e-05 1.55798e-05 -0.000480808 -0.00134114 0.000207506 -3.8411e-05 -8.38606e-05
internal_weight=332586 327053 321924 312461 9463 305725 300814 12357 288457 20548 15233 267909 262746 254407 10602 243805 23471 16514 10691 220334 12524 207810 9587 198223 173296 24927 11077 13850 168241 159784
internal_count=332586 327053 321924 312461 9463 305725 300814 12357 288457 20548 15233 267909 262746 254407 10602 243805 23471 16514 10691 220334 12524 207810 9587 198223 173296 24927 11077 13850 168241 159784
is_linear=0
shrinkage=0.05


Tree=181
num_leaves=31
num_cat=0
split_feature=7 9 7 4 0 3 3 9 7 7 7 7 4 7 3 7 7 7 9 0 4 7 3 4 7 7 7 7 7 7
split_gain=1.34538 1.77846 1.73147 1.64278 1.601 2.25199 1.38858 1.0465 2.08931 8.59386 6.68093 5.0754 4.92886 4.14312 3.61956 2.66755 5.18116 3.72126 6.28602 4.53352 2.02931 6.02309 7.12355 5.31076 4.22939 7.83247 3.56512 5.34622 1.55705 5.58999
threshold=0.84552124650000016 2.5000000000000004 0.86446267950000011 1.0797330287070916 113.50000000000001 21.640579869500005 -9.7033890364999973 24.500000000000004 0.95813489450000011 0.97536380700000014 0.98318968800000006 0.94667231500000015 0.70792748231424296 0.9225350630000001 -4.5089210354999993 0.9953402065000001 1.0038369515000001 1.0320909540000003 44.500000000000007 58.500000000000007 1.3732174841372542 1.0575228460000001 22.237232914000003 1.0122934044885177 1.0758004030000003 1.0906577955000001 1.1092861080000003 1.1585803860000001 0.98947461550000015 1.0329430635000001
decision_type=2 2 2 8 2 2 2 2 2 2 2 2 10 2 2 2 2 2 2 2 10 2 2 10 2 2 2 2 2 2
left_child=-1 3 -3 -2 7 6 -6 28 11 -10 -11 12 -9 14 -14 -12 -17 18 19 -18 21 23 24 -19 -23 -26 -27 -28 -4 -30
right_child=1 2 4 -5 5 -7 -8 8 9 10 15 -13 13 -15 -16 16 17 20 -20 -21 -22 22 -24 -25 25 26 27 -29 29 -31
leaf_value=-0.00043448197219054938 -9.0560140258810765e-05 0.00077535620469944418 -8.9618469421992591e-05 -0.00099636987720194692 0.0022474406237207646 0.0052552311940407886 -0.0015153954208038556 0.00066981282434754876 -0.0014203042163578818 0.0014043193881040196 -0.00093250407075089756 0.0013067990488625615 -0.000549151277768345 -0.0012243981027354801 0.00097024643915464008 0.0011149982732164916 -0.00087657251418735149 -0.00013235212675334341 -0.0023442917219876238 0.00039813834403349405 0.00062132079677668659 -0.0010942595285643453 -0.0028200634844338327 0.002209961865792831 0.0014552112442575262 -0.0013399887472778538 0.00060229471416505258 -0.00086799118089152531 0.00055726726976650792 -5.9319334365537379e-05
leaf_weight=11600 8423 4960 58904 5842 4501 4517 4651 5495 9201 4584 7516 5486 4563 7269 4556 7550 4647 6683 4785 6790 8826 7012 4681 5610 5201 4804 8953 7621 33680 63157
leaf_count=11600 8423 4960 58904 5842 4501 4517 4651 5495 9201 4584 7516 5486 4563 7269 4556 7550 4647 6683 4785 6790 8826 7012 4681 5610 5201 4804 8953 7621 33680 63157
internal_value=-1.40029e-05 5.14864e-06 3.05756e-05 -0.00054047 1.53113e-05 0.000543915 9.28252e-05 -9.82339e-06 -0.000113492 -0.000215375 -7.43954e-05 0.000275353 -6.56753e-05 -0.000500214 0.000209612 -0.00016858 -8.70227e-05 -0.000211755 -0.000882788 -0.000245805 -2.8411e-05 -0.000150534 -0.000459806 0.000812124 -0.00020501 8.32268e-05 -0.000340224 7.53966e-06 7.79314e-05 0.00020123
internal_weight=332068 320468 306203 14265 301243 13669 9152 287574 131833 104464 95263 27369 21883 16388 9119 90679 83163 75613 16222 11437 59391 50565 38272 12293 33591 26579 21378 16574 155741 96837
internal_count=332068 320468 306203 14265 301243 13669 9152 287574 131833 104464 95263 27369 21883 16388 9119 90679 83163 75613 16222 11437 59391 50565 38272 12293 33591 26579 21378 16574 155741 96837
is_linear=0
shrinkage=0.05


Tree=182
num_leaves=31
num_cat=0
split_feature=4 3 7 0 7 7 7 4 7 7 5 7 3 3 7 3 7 0 3 7 7 0 4 3 7 7 4 4 7 5
split_gain=1.44869 1.69597 4.6711 2.31893 1.38639 9.12693 8.62575 4.05642 3.77878 6.21038 6.10975 3.93032 5.75377 3.6207 3.9985 2.85766 3.26462 3.45482 3.05014 2.55932 3.57159 3.14057 3.88002 2.44142 3.4426 4.35538 3.1527 3.70657 3.60365 3.32158
threshold=1.9872758246888045 35.269646639500003 1.0107513135000004 90.500000000000014 0.99472305000000005 0.99967947350000008 1.0000053235000002 0.36763814755456808 0.98203505650000011 0.97754740050000011 15.500000000000002 0.98560577400000005 -1.5714841039999998 14.998353170000001 0.9253556475000001 -27.942502842499994 0.91047063400000006 88.500000000000014 -22.623501473999998 0.94443998950000008 0.8508313755000001 70.500000000000014 0.81815611947937217 -32.422926974499994 1.0046301695000002 1.0116805640000002 0.90296336447812076 0.84139536797606307 1.0551107530000003 12.500000000000002
decision_type=8 2 2 2 2 2 2 10 2 2 2 2 2 2 2 2 2 2 2 2 2 2 10 2 2 2 10 10 2 2
left_child=1 4 -3 -4 7 -6 -7 -1 9 10 15 -10 -13 14 -12 16 -9 -18 -17 20 -20 22 -21 -8 -25 -26 27 29 -29 -27
right_child=-2 2 3 -5 5 6 23 8 11 -11 13 12 -14 -15 -16 18 17 -19 19 21 -22 -23 -24 24 25 26 -28 28 -30 -31
leaf_value=-0.00099372868795303561 0.00071121592794211883 0.0011630141484499285 -0.0021550768895038652 -0.00081070847076428199 0.0015665727923408037 -0.0014379227840277148 -0.0011042098721958243 0.0012957801833962835 -0.0019342354365745385 0.0013865821020576541 -9.1280384563874336e-05 0.00042900909913014544 -0.0012701818209833406 0.00056715272290756575 -0.0010302648330039799 -0.00081926439548766778 -0.00070555914986988324 0.001111008708405907 0.00088959265850536431 0.00061850350182985074 -0.00026143833467329181 0.0017718955892857824 -0.0004363670536993103 0.0011945953964577678 -0.00077271118079015046 0.00034590079258494392 -1.4605127510114446e-05 0.0015766693905712005 0.00032603709902218059 -0.00050146402388009383
leaf_weight=6698 5494 4722 4562 6822 7245 7383 5232 7495 4645 5950 10731 7811 5217 5452 16137 5727 4562 4746 5312 6822 25373 5368 6379 5508 9046 27802 92048 4956 6872 9551
leaf_count=6698 5494 4722 4562 6822 7245 7383 5232 7495 4645 5950 10731 7811 5217 5452 16137 5727 4562 4746 5312 6822 25373 5368 6379 5508 9046 27802 92048 4956 6872 9551
internal_value=-9.1958e-06 -2.27636e-05 -0.000522935 -0.00107121 3.22505e-06 9.5717e-05 2.09319e-05 -0.000117626 -5.47044e-05 5.42891e-05 -3.55397e-05 -0.000733256 -0.000287731 -0.000606342 -0.000844714 0.000221482 0.000792034 0.000166434 4.70574e-05 0.00017408 -0.000106305 0.000637316 0.000222437 9.7581e-05 0.000133274 8.82519e-05 0.000156389 0.000479557 0.00125074 0.000235224
internal_weight=331668 326174 16106 11384 310068 175643 168398 134425 127727 110054 104104 17673 13028 32320 26868 71784 16803 9308 54981 49254 30685 18569 13201 161015 155783 150275 141229 49181 11828 37353
internal_count=331668 326174 16106 11384 310068 175643 168398 134425 127727 110054 104104 17673 13028 32320 26868 71784 16803 9308 54981 49254 30685 18569 13201 161015 155783 150275 141229 49181 11828 37353
is_linear=0
shrinkage=0.05


Tree=183
num_leaves=31
num_cat=0
split_feature=2 0 7 7 0 8 8 8 2 3 8 8 8 0 8 7 3 3 7 8 8 8 3 0 8 3 8 8 8 5
split_gain=2.02698 5.44733 4.22165 7.17708 4.25616 4.02416 7.85912 7.23863 5.34003 6.17335 3.52221 3.81532 2.88726 2.61204 5.32463 5.49543 6.99238 9.61129 8.4752 11.2634 5.5245 4.6802 6.22328 3.90483 3.60916 13.4953 3.7439 4.49733 3.54668 5.75643
threshold=4.5000000000000009 61.500000000000007 0.9543694155000001 0.91977347650000008 101.50000000000001 1.1912749420000002 1.0559896245000002 1.0092210495 7.5000000000000009 3.6092690085000005 0.89296422700000011 0.96422299450000015 0.79869419150000009 37.500000000000007 1.5773862285000002 0.95813489450000011 14.519103264000002 2.7472136385000003 0.91752535600000018 0.92706994300000012 0.82065572850000013 1.3773010990000001 -4.3715272484999987 68.500000000000014 0.95800982700000004 1.2992136975000002 0.99996303200000003 1.0519316795000002 1.0995788130000002 15.500000000000002
decision_type=2 2 2 2 2 2 2 2 2 2 2 2 2 2 2 2 2 2 2 2 2 2 2 2 2 2 2 2 2 2
left_child=13 -2 3 12 -5 6 7 8 9 10 -4 -12 -3 21 15 16 17 18 19 20 -15 -1 -23 -20 25 -17 -26 -28 29 -29
right_child=1 2 5 4 -6 -7 -8 -9 -10 -11 11 -13 -14 14 -16 24 -18 -19 23 -21 -22 22 -24 -25 26 -27 27 28 -30 -31
leaf_value=1.9660428559795109e-05 -0.0016882289572110023 -0.00090176455371298735 0.0020184525845583948 -0.0024759327246129366 -0.0013417643914217182 -0.0013282974185291618 0.0021072148006071102 -0.002348373924230407 -0.002006280673062555 -0.0015512881603671814 -0.0003857704520730421 0.0015892884275786933 0.0010735539470281691 -0.00013943195663893989 0.0012621536383816802 -0.0019116844783041099 0.0031655574227872686 -0.0012745036270688016 0.00078278313921987814 -0.0012552704086585377 0.0015485274167937992 -0.0018484366308286428 -0.0002383711749548767 0.0022243544595034804 0.0010955194421083893 0.00084125478060166072 -0.0008796222253041442 -0.00020161759600272335 -2.1945225320763042e-05 0.0020697901700776344
leaf_weight=88050 4603 5128 6278 4678 4577 6555 8744 4805 6181 5874 5312 4978 6139 4854 8181 6356 4781 4585 6954 5415 4862 4585 15077 4599 6454 5154 11667 4815 67108 4937
leaf_count=88050 4603 5128 6278 4678 4577 6555 8744 4805 6181 5874 5312 4978 6139 4854 8181 6356 4781 4585 6954 5415 4862 4585 15077 4599 6454 5154 11667 4815 67108 4937
internal_value=-5.26647e-07 -0.000231528 -0.000120751 -0.00072222 -0.00175351 0.000132613 0.000311781 -3.73882e-05 0.000264164 0.000622578 0.00111627 0.000546382 0.000125311 6.54893e-05 0.000199865 0.000128643 0.000662183 0.000389701 0.000753119 -2.56012e-05 0.000992696 -0.000122543 -0.000819901 0.00177258 -5.19973e-05 -0.000887972 4.93494e-05 -3.54392e-05 0.000103428 0.000994158
internal_weight=332286 73852 69249 20522 9255 48727 42172 33428 28623 22442 16568 10290 11267 258434 150722 142541 36050 31269 26684 15131 9716 107712 19662 11553 106491 11510 94981 88527 76860 9752
internal_count=332286 73852 69249 20522 9255 48727 42172 33428 28623 22442 16568 10290 11267 258434 150722 142541 36050 31269 26684 15131 9716 107712 19662 11553 106491 11510 94981 88527 76860 9752
is_linear=0
shrinkage=0.05


Tree=184
num_leaves=31
num_cat=0
split_feature=7 4 8 4 2 8 8 7 8 7 8 7 8 4 7 8 8 7 7 7 7 4 8 7 8 4 2 9 2 7
split_gain=1.84892 1.68773 3.86076 1.85108 3.25652 2.15141 6.409 3.95471 7.56497 8.51453 4.99782 3.29612 3.00652 2.76618 2.15139 5.9983 12.5295 5.8795 10.7389 4.34056 7.41092 6.76017 9.6908 4.55138 6.35255 4.54135 4.33731 4.10422 5.54794 5.2592
threshold=1.2428445740000003 1.5625634733841545 1.2428557500000001 1.3732174841372542 1.5000000000000002 1.4757161485000003 1.6336611120000002 1.1585803860000001 1.429914388 1.1303612510000003 1.3520143715000001 1.1277034765000002 1.3109496115000001 0.96287216725648517 1.0028781850000004 1.1831267190000003 1.2304387475000003 0.99967947350000008 0.9953402065000001 0.98203505650000011 0.97536380700000014 0.76943089093853934 0.9749352160000001 0.96815741250000009 1.1052717865000001 1.0601395062619907 2.5000000000000004 37.500000000000007 3.5000000000000004 1.0072142665000003
decision_type=2 8 2 10 2 2 2 2 2 2 2 2 2 10 2 2 2 2 2 2 2 10 2 2 2 10 2 2 2 2
left_child=1 3 -3 5 -5 7 11 8 9 10 14 -7 -9 -12 15 17 -17 18 19 20 23 -21 -23 24 25 -1 -27 29 -29 -16
right_child=-2 2 -4 4 -6 6 -8 12 -10 -11 13 -13 -14 -15 27 16 -18 -19 -20 21 -22 22 -24 -25 -26 26 -28 28 -30 -31
leaf_value=7.0728966780486685e-05 0.00070209923028490559 -0.0011440510842422398 0.00038025778661416324 -0.00011874377757359889 0.0013418944980755632 -0.00042144349726214452 0.00050377813476002451 -0.0001308828930144612 0.0015770137867885947 0.0012370563377679779 -0.0011883814156526396 -0.0017584830144549647 -0.0015019089561581211 -0.00030403569092009032 0.0016316762264066199 -0.0024825809482697638 9.2955672530248282e-05 -0.0011807001527053551 0.0020849972328907842 0.00054052131743558831 0.001320635165192935 7.009644065283927e-06 -0.0024708517122173619 -0.00098134413818945498 0.0013329734875219129 -2.0896944210102576e-05 -0.0026141966288551755 -0.00085671780087809019 0.00075580005235936776 0.00016495205180162842
leaf_weight=70893 8548 7188 5471 7548 6915 5436 6809 4822 4839 8578 4529 4676 4946 5133 4519 4554 6107 10023 4588 5151 8979 5122 5442 8637 5300 7049 6548 14528 7298 71378
leaf_count=70893 8548 7188 5471 7548 6915 5436 6809 4822 4839 8578 4529 4676 4946 5133 4519 4554 6107 10023 4588 5151 8979 5122 5442 8637 5300 7049 6548 14528 7298 71378
internal_value=-2.99343e-05 -4.91469e-05 -0.000614932 -2.60591e-05 0.000526161 -5.30604e-05 -0.000600408 -1.98499e-05 1.60197e-05 -1.98592e-05 -7.18382e-05 -0.00139864 -0.00100788 -0.00118703 -2.8035e-05 -0.000147997 -0.00129032 -5.95337e-05 3.20051e-05 -5.65478e-05 5.7024e-05 -0.000832538 -0.00155644 -6.84483e-05 3.70288e-05 -6.83472e-05 -0.000905198 0.000154127 -0.000450048 0.00032789
internal_weight=331554 323006 12659 310347 14463 295884 16921 278963 269195 264356 255778 10112 9768 9662 246116 148393 10661 137732 127709 123121 107406 15715 10564 98427 89790 84490 13597 97723 21826 75897
internal_count=331554 323006 12659 310347 14463 295884 16921 278963 269195 264356 255778 10112 9768 9662 246116 148393 10661 137732 127709 123121 107406 15715 10564 98427 89790 84490 13597 97723 21826 75897
is_linear=0
shrinkage=0.05


Tree=185
num_leaves=31
num_cat=0
split_feature=7 7 5 2 4 7 2 7 4 0 7 7 2 7 4 0 9 5 7 7 4 7 9 7 7 0 7 2 2 4
split_gain=2.37951 2.8229 2.73697 1.61076 5.43386 5.43011 8.24173 7.07992 4.63183 4.83768 3.45717 3.39049 4.88949 3.43705 6.64716 6.69884 3.3494 3.77116 3.31713 12.4611 6.6238 5.41641 1.95461 6.79504 5.14878 4.60803 5.32535 4.37694 3.6598 8.69698
threshold=1.2132531175000001 1.1875882665000002 19.500000000000004 3.5000000000000004 0.50605770383338944 1.0769784025000002 4.5000000000000009 1.0205589460000002 0.88848677474165438 91.500000000000014 0.94213990150000015 0.97536380700000014 5.5000000000000009 0.90495753450000016 0.7944594209416459 89.500000000000014 11.500000000000002 17.500000000000004 1.1393784770000002 1.1277034765000002 1.1942823075328672 1.1144229290000003 34.500000000000007 0.9543694155000001 1.0320909540000003 56.500000000000007 0.9455878135000001 1.5000000000000002 1.5000000000000002 0.96581831991233036
decision_type=2 2 2 2 10 2 2 2 10 2 2 2 2 2 10 2 2 2 2 2 8 2 2 2 2 2 2 2 2 10
left_child=1 3 -2 18 -5 7 -7 8 11 -10 -11 13 -13 -6 15 -15 -9 -18 19 21 -20 22 25 -24 28 -1 -27 -26 -25 -30
right_child=2 -3 -4 4 5 6 -8 16 9 10 -12 12 -14 14 -16 -17 17 -19 20 -21 -22 -23 23 24 27 26 -28 -29 29 -31
leaf_value=3.284740814338272e-06 0.00010435577357003623 -0.00091107281101657786 0.0024250942070800086 -0.0016062133671644969 0.00087676079336688204 -0.0022106329096372806 0.00013809495746113233 -0.00042137981795340454 -0.0015504526861137291 -0.001925989518855617 0.00026572849263934996 0.001250939385647279 -0.00017011444407035727 -0.00075459404514445776 -0.0025201394063699371 0.0011113871983509868 0.0018094012912510228 0.00031494550066733519 0.001269411810195803 -0.0020168506582443567 -0.00048375167530300138 0.00092001986143383236 0.00064354075226961136 -0.0011519849503661918 0.00069621509698371557 0.0018069636989901773 0.00034291524337881076 -0.00063408236917839597 -0.002070149040867178 0.00058594253253124728
leaf_weight=108910 8726 6388 4807 6332 8031 6814 7925 4625 8511 5416 15063 7307 7488 5811 4856 5420 9717 6026 8599 4879 5585 5754 12583 7328 7755 4667 16259 9027 4954 6791
leaf_count=108910 8726 6388 4807 6332 8031 6814 7925 4625 8511 5416 15063 7307 7488 5811 4856 5420 9717 6026 8599 4879 5585 5754 12583 7328 7755 4667 16259 9027 4954 6791
internal_value=-3.83621e-06 -3.14043e-05 0.000645406 -1.0122e-05 -0.000164842 -7.74159e-05 -0.000965647 7.09423e-05 -0.000174317 -0.000652699 -0.00023616 0.000182114 0.000777872 -0.000183435 -0.000605114 6.34122e-05 0.000888431 0.00123587 7.31797e-05 1.77993e-05 0.000810487 8.39523e-05 3.51976e-05 -0.000235844 -0.000586656 0.000136321 0.000815776 5.21237e-05 -0.00114857 -0.000601064
internal_weight=332354 318821 13533 312433 109342 103010 14739 88271 67903 28990 20479 38913 14795 24118 16087 11231 20368 15743 203091 188907 14184 184028 178274 48438 35855 129836 20926 16782 19073 11745
internal_count=332354 318821 13533 312433 109342 103010 14739 88271 67903 28990 20479 38913 14795 24118 16087 11231 20368 15743 203091 188907 14184 184028 178274 48438 35855 129836 20926 16782 19073 11745
is_linear=0
shrinkage=0.05


Tree=186
num_leaves=31
num_cat=0
split_feature=4 3 7 8 7 4 7 1 2 4 4 8 7 7 8 4 2 8 6 8 7 7 3 7 8 7 8 8 8 8
split_gain=1.70904 2.05516 1.4428 2.78907 2.20722 1.62685 6.39142 2.49903 2.29447 10.4615 4.04702 2.14172 8.2477 1.98182 7.184 7.29133 6.31339 6.24406 5.43044 4.08259 4.03441 10.1609 8.03063 2.2387 5.98489 3.95646 11.1215 4.10993 2.79609 8.6073
threshold=0.25619123725046894 -50.741739744999997 1.2132531175000001 1.5192940695000001 1.1875882665000002 1.2867201414757929 0.9726132500000001 20.500000000000004 6.5000000000000009 0.72737128769017889 0.95125861605176498 1.3078657835000003 1.0563097930000003 0.94443998950000008 0.80894011650000008 0.58198096355525697 4.5000000000000009 0.86540467600000015 1.0000000180025095e-35 0.91760223650000017 0.91589081200000011 0.93338623450000002 -5.7697706354999996 0.95813489450000011 0.96648837100000018 0.96905717250000001 0.97717730150000015 0.85095842600000016 1.1640513860000004 1.1779470030000001
decision_type=10 2 2 2 2 10 2 2 2 10 10 2 2 2 2 10 2 2 2 2 2 2 2 2 2 2 2 2 2 2
left_child=-1 -2 4 -4 5 8 -7 -8 13 -10 -11 12 -9 14 18 -16 17 -17 -3 -19 22 -22 -21 24 -15 26 -25 -27 -29 -30
right_child=1 2 3 -5 -6 6 7 11 9 10 -12 -13 -14 23 15 16 -18 19 -20 20 21 -23 -24 25 -26 27 -28 28 29 -31
leaf_value=-0.00043931728140618188 0.000863234471293739 0.0016615106216561649 0.0016219263060095691 -0.00018611179018021562 -0.00082741588176632463 0.00098890210064070958 0.00092684670009742789 -0.0013524771368477824 -0.0030440684986883628 0.0011012721203373474 -0.002137883331622173 -0.0013417065608872097 0.00047890745464667376 0.0015159773733298299 0.00064777224551507834 -0.0016801150864631034 -0.0027670407698949934 0.00063645169827910024 -9.5978399019108765e-05 -0.0017116780730629057 0.001355386831022265 -0.0010896653309907579 0.00012245843130277156 -0.0023135979458017045 -0.00014987603084484769 0.0015765649727032982 0.00034011913910943496 -6.9121013304951356e-05 0.001390863060524622 0.00014392932710811934
leaf_weight=10054 6189 5735 5852 7063 6124 6389 4869 8344 5333 9788 5310 6582 7624 6030 6974 5660 5270 5499 7113 4545 4717 4674 4882 4681 6863 4653 6283 82347 4664 71624
leaf_count=10054 6189 5735 5852 7063 6124 6389 4869 8344 5333 9788 5310 6582 7624 6030 6974 5660 5270 5499 7113 4545 4717 4674 4882 4681 6863 4653 6283 82347 4664 71624
internal_value=-1.18692e-05 8.19899e-06 -9.50881e-06 0.000507933 -3.1603e-05 -1.21855e-05 -0.000338627 -0.000670489 2.98401e-05 -0.000478934 0.00019367 -0.000892263 -0.000579102 7.27647e-05 -0.00019088 -0.000505909 -0.000798182 -0.000517394 0.000844161 -0.000169086 -0.000519311 0.000214187 -0.00124973 0.000150347 0.000785975 0.000103296 -0.000815936 0.000165041 0.000122053 0.000340136
internal_weight=331735 321681 315492 12915 302577 296453 33808 27419 262645 20431 15098 22550 15968 242214 55069 42221 35247 29977 12848 24317 18818 9391 9427 187145 12893 174252 10964 163288 158635 76288
internal_count=331735 321681 315492 12915 302577 296453 33808 27419 262645 20431 15098 22550 15968 242214 55069 42221 35247 29977 12848 24317 18818 9391 9427 187145 12893 174252 10964 163288 158635 76288
is_linear=0
shrinkage=0.05


Tree=187
num_leaves=31
num_cat=0
split_feature=8 8 8 7 4 4 3 0 7 2 7 8 3 8 7 7 8 7 8 3 0 6 8 8 0 2 8 4 7 8
split_gain=1.80831 1.60392 3.27017 2.20842 1.89659 1.53625 2.47108 3.55116 3.60768 2.13793 3.44602 5.74466 4.59265 4.3477 4.33507 12.0229 3.16004 5.9552 5.23546 4.99767 2.55675 2.31828 3.01995 4.46184 2.52235 8.26274 4.52622 4.44701 4.70541 7.16079
threshold=0.69131934800000006 0.74929210700000015 0.77793374000000004 0.86446267950000011 0.75299691000730828 1.9872758246888045 35.269646639500003 86.500000000000014 1.0681136895000003 7.5000000000000009 0.93198645250000012 0.89296422700000011 -29.674830943499995 1.0372372480000003 0.95226128050000014 0.9726132500000001 0.94862549100000015 0.91220460200000009 1.0025047235000002 -6.4232660774999992 47.500000000000007 1.5000000000000002 1.0771584090000001 1.2055926885000001 37.500000000000007 1.5000000000000002 1.1692778010000002 0.74956026705008683 0.99019905000000008 1.3109496115000001
decision_type=2 2 2 2 8 8 2 2 2 2 2 2 2 2 2 2 2 2 2 2 2 2 2 2 2 2 2 10 2 2
left_child=-1 -2 -3 4 -4 6 9 -8 -9 10 16 14 13 -13 -12 -16 17 19 -18 -5 -20 24 -23 -24 25 27 -27 -14 -29 -30
right_child=1 2 3 5 -6 -7 7 8 -10 -11 11 12 21 -15 15 -17 18 -19 20 -21 -22 22 23 -25 -26 26 -28 28 29 -31
leaf_value=-0.0010840965109523899 0.00078666016660895461 -0.0011346654710681677 0.00094746406482844054 0.0011558405328792169 3.64718253143409e-05 0.00066499264250076135 -0.0021404969717623958 0.0012885605201340023 -0.0017322589757123058 -0.0012322443632252656 0.0017630555760583867 -0.0012737702198774251 0.00038680821985682403 0.00023223963479779286 -0.0015581701850731463 0.0012256629239549345 -0.0020983277967619673 -0.00092813659594433997 -0.00078772781926377824 -0.00058305450126909801 0.00043015217017532972 -7.5002592634854098e-05 0.0017547124392210734 0.00014001332345450201 0.0001268160517709227 -0.00031662040390621207 -0.0017955337795087318 -0.0007692039539801466 0.00036988845366753845 -0.00062988115298058262
leaf_weight=5183 6341 5188 4522 7214 4623 5337 4821 5903 4822 10065 4726 7234 20500 4521 4724 9637 4653 6740 4533 4517 4639 9162 4515 5605 118330 5487 5696 8077 20727 14321
leaf_count=5183 6341 5188 4522 7214 4623 5337 4821 5903 4822 10065 4726 7234 20500 4521 4724 9637 4653 6740 4533 4517 4639 9162 4515 5605 118330 5487 5696 8077 20727 14321
internal_value=-1.59086e-05 -1.22255e-06 -1.67916e-05 3.68281e-06 0.000769126 -1.91673e-05 -3.4075e-05 -0.000647868 -0.00014096 -6.56448e-07 2.54933e-05 8.99218e-05 1.90137e-05 -0.000942815 0.000922507 0.000489872 -0.000459738 -3.1798e-05 -0.00103127 0.000648645 -0.000337801 7.22608e-05 0.00059496 0.00119012 2.00629e-05 -0.000207183 -0.00146027 1.3162e-05 -0.000275041 -2.4249e-05
internal_weight=332363 327180 320839 315651 9145 306506 301169 15546 10725 285623 275558 243262 224175 11755 19087 14361 32296 18471 13825 11731 9172 212420 19282 10120 193138 74808 11183 63625 43125 35048
internal_count=332363 327180 320839 315651 9145 306506 301169 15546 10725 285623 275558 243262 224175 11755 19087 14361 32296 18471 13825 11731 9172 212420 19282 10120 193138 74808 11183 63625 43125 35048
is_linear=0
shrinkage=0.05


Tree=188
num_leaves=31
num_cat=0
split_feature=8 0 8 7 8 7 7 8 5 3 8 8 8 9 7 7 7 5 3 8 8 7 7 7 7 3 9 7 9 0
split_gain=1.86102 1.60127 3.99933 5.90932 5.86058 6.09967 4.6327 4.14276 3.48138 3.99314 3.81207 2.37044 7.09907 5.49148 2.49027 11.6077 10.4168 4.92308 6.01607 3.57374 10.1405 5.44701 4.37565 7.16724 7.86571 4.34014 4.18516 4.85054 3.92626 3.05099
threshold=0.69131934800000006 40.500000000000007 1.3773010990000001 1.1419238990000002 1.4151254285000003 1.0731915865000003 1.1229187270000003 1.5097159270000002 4.5000000000000009 -50.741739744999997 0.76366048500000006 0.8314545940000001 0.85095842600000016 26.500000000000004 0.98203505650000011 0.99800425250000013 0.97690684250000015 14.500000000000002 14.519103264000002 1.0714725580000002 1.1077898600000002 1.0575228460000001 1.0563097930000003 1.0107513135000004 1.0233017285000001 2.5863675615000004 25.500000000000004 1.028182989 37.500000000000007 86.500000000000014
decision_type=2 2 2 2 2 2 2 2 2 2 2 2 2 2 2 2 2 2 2 2 2 2 2 2 2 2 2 2 2 2
left_child=-1 -2 3 6 -4 -6 8 -7 -3 -10 -11 13 -13 -12 16 -16 17 -14 -19 22 -21 26 23 -17 -25 -23 -22 -28 -27 -26
right_child=1 2 4 -5 5 7 -8 -9 9 10 11 12 14 -15 15 19 -18 18 -20 20 21 25 -24 24 29 28 27 -29 -30 -31
leaf_value=-0.0010143609415870156 -9.5093043319915979e-05 -0.0012052490170704256 0.0018607299732653572 -0.0013128700363417901 0.0013516152917320695 -0.0010702422712253802 0.001365646594693451 0.00042477781178739961 0.0013287668912765214 0.001446507896667365 0.00015014271617251886 0.001560450457839424 0.00036807582455881119 -0.002006286963506214 -0.0015386649070003951 0.00037882141106842517 0.0024531128850685427 -0.00094353223634885408 0.0011527968548905032 0.001830716472072358 0.0013865723709959546 -0.00095966612216376041 0.00084582443120188313 -0.0028423673382881767 -0.0010360248009793737 0.0012126714073136203 -0.00086428385985534706 0.00096508122321572467 -0.00073828098249318632 0.00051516869969143737
leaf_weight=5176 115029 5553 4810 8544 4504 5359 4562 9398 4526 5850 7691 5117 25352 4562 13464 10435 4565 15418 5523 6957 6494 8910 7524 4537 4847 4774 6603 6767 4612 4709
leaf_count=5176 115029 5553 4810 8544 4504 5359 4562 9398 4526 5850 7691 5117 25352 4562 13464 10435 4565 15418 5523 6957 6494 8910 7524 4537 4847 4774 6603 6767 4612 4709
internal_value=-1.52027e-05 -3.05809e-07 8.12018e-05 3.45927e-06 0.000687926 0.000297804 6.46755e-05 -0.00019391 2.35991e-05 6.40355e-05 2.3753e-05 -2.24246e-05 3.34213e-05 -0.000690365 -3.27748e-05 -0.000189904 0.000247233 2.24092e-05 -0.000544853 4.64859e-05 0.000333263 1.3101e-05 -0.000357176 -0.000680716 -0.00141598 -0.000609256 0.000586341 8.03738e-05 0.000141093 -0.000601402
internal_weight=332172 326996 211967 187896 24071 19261 179352 14757 174790 169237 164711 158861 146608 12253 141491 90633 50858 46293 20941 77169 45117 38160 32052 24528 14093 18296 19864 13370 9386 9556
internal_count=332172 326996 211967 187896 24071 19261 179352 14757 174790 169237 164711 158861 146608 12253 141491 90633 50858 46293 20941 77169 45117 38160 32052 24528 14093 18296 19864 13370 9386 9556
is_linear=0
shrinkage=0.05


Tree=189
num_leaves=31
num_cat=0
split_feature=3 4 7 8 8 8 5 8 8 3 7 8 7 7 8 8 8 0 8 8 8 7 7 7 7 6 7 7 8 8
split_gain=1.79747 3.68131 4.22503 8.27669 5.83682 9.05203 4.40545 3.4401 5.39776 2.14972 4.27386 10.6156 3.94862 3.42556 5.63511 6.67597 5.69426 2.35225 1.58141 7.52816 7.32947 2.81191 2.55896 6.06903 8.59905 4.94396 3.14765 2.89675 2.81466 8.28642
threshold=-22.623501473999998 0.44216914617872494 0.94314624850000006 0.82065572850000013 0.88978217450000008 1.1208789765000002 10.500000000000002 0.95085857150000008 1.0025047235000002 -11.796539283499998 0.96815741250000009 0.99361192700000012 0.9088738405000002 1.0575228460000001 1.1805976600000003 1.0559896245000002 0.97717730150000015 116.50000000000001 0.90015274200000006 0.88204568800000016 0.92233349500000006 0.89637365600000007 0.9455878135000001 0.96202659950000002 0.97754740050000011 1.0000000180025095e-35 0.98560577400000005 0.9700989295000001 1.0189477030000003 0.99996303200000003
decision_type=2 10 2 2 2 2 2 2 2 2 2 2 2 2 2 2 2 2 2 2 2 2 2 2 2 2 2 2 2 2
left_child=1 -1 3 -3 -4 7 -5 -6 -9 10 11 12 -2 14 15 16 -12 18 19 -11 -20 -22 25 -24 27 -23 -26 -25 29 -28
right_child=9 2 4 6 5 -7 -8 8 -10 17 13 -13 -14 -15 -16 -17 -18 -19 20 -21 21 22 23 24 26 -27 28 -29 -30 -31
leaf_value=-0.0011992004925194576 0.0012169430958313132 -0.00089970797361999812 0.001093069575082173 0.0018482311437958698 -0.002888280976817495 0.00052290980004766625 0.00021724545870898117 6.0031474990951406e-05 -0.0019825216873384844 -3.1562913493621282e-05 0.00022485199656339106 -0.0015024063883365343 -0.00034788659303938431 -0.0001131569484446704 0.0016550182568251361 -0.00080447447534805769 0.0020315640746870786 0.004931927391336988 0.0014609599870944235 -0.0017808567239201434 0.0010199803016679553 -0.0010843527498895667 0.00083329811259410256 -0.00055137906660754907 0.00080772950957650478 0.00033944103658789808 0.00016332612748619357 -0.0017081086152951675 7.6822507521945315e-06 -0.0017508634781876976
leaf_weight=5286 6469 6054 6117 5318 4558 6041 4525 5522 5904 24873 5825 5076 6840 8880 4665 4632 4930 5127 6795 5034 4993 8099 8310 4743 5473 5356 11938 4843 132697 7455
leaf_count=5286 6469 6054 6117 5318 4558 6041 4525 5522 5904 24873 5825 5076 6840 8880 4665 4632 4930 5127 6795 5034 4993 8099 8310 4743 5473 5356 11938 4843 132697 7455
internal_value=-2.98601e-05 -0.000308382 -0.000158648 0.000492863 -0.000526699 -0.000906151 0.00138734 -0.00152918 -0.00106509 1.86799e-05 0.000326222 -0.000269848 0.000472247 0.00070498 0.00106696 0.000605022 0.00128834 -4.30557e-05 -6.66156e-05 -0.000405774 -1.60682e-05 -7.26489e-05 -0.000103616 -5.26461e-05 -0.000118229 -0.000768016 -2.97491e-05 -0.00157179 -7.21588e-05 -0.00063473
internal_weight=332378 49325 44039 15897 28142 22025 9843 15984 11426 283053 47317 18385 13309 28932 20052 15387 10755 235736 230609 29907 200702 193907 188914 175459 167149 13455 157563 9586 152090 19393
internal_count=332378 49325 44039 15897 28142 22025 9843 15984 11426 283053 47317 18385 13309 28932 20052 15387 10755 235736 230609 29907 200702 193907 188914 175459 167149 13455 157563 9586 152090 19393
is_linear=0
shrinkage=0.05


Tree=190
num_leaves=31
num_cat=0
split_feature=7 5 7 9 7 4 2 1 8 1 4 8 5 8 7 4 8 2 7 4 7 9 7 4 9 8 8 8 7 7
split_gain=1.45763 2.48553 1.79126 1.824 2.9514 1.89421 2.71621 5.09924 3.28966 3.00771 2.61506 1.80748 1.67639 4.42205 3.49582 8.52853 5.6908 3.45107 6.28572 2.71809 3.67966 3.50384 7.14146 2.6902 2.63843 2.23285 4.22196 4.79615 2.20945 2.34922
threshold=1.2132531175000001 19.500000000000004 1.1875882665000002 9.5000000000000018 0.81406633500000003 1.6534265709003368 2.5000000000000004 54.500000000000007 0.94631593150000015 102.50000000000001 0.3422227397364791 1.0372372480000003 14.500000000000002 0.79869419150000009 0.97838995950000007 1.2506541623569842 1.0995788130000002 4.5000000000000009 0.94667231500000015 1.2867201414757929 0.99308499750000012 26.500000000000004 1.0882052975000003 0.78808883970587662 51.500000000000007 0.86540467600000015 0.88978217450000008 0.9248827850000001 1.0000053235000002 1.0575228460000001
decision_type=2 2 2 2 2 8 2 2 2 2 10 2 2 2 2 10 2 2 2 10 2 2 2 10 2 2 2 2 2 2
left_child=2 -2 3 5 -5 6 9 8 -8 -1 -11 -10 24 -14 15 16 17 18 -15 20 -16 -21 -23 -22 25 -6 -27 -28 -25 -30
right_child=1 -3 -4 4 12 -7 7 -9 11 10 -12 -13 13 14 19 -17 -18 -19 -20 21 23 22 -24 28 -26 26 27 -29 29 -31
leaf_value=0.00079636431106387272 -3.1241300389328599e-05 0.0021912587489424985 -0.00072074284914318005 -0.0009732297564820525 -0.00037002245036533852 -0.00094176899209468814 0.00059930132341317059 -0.0011037444392755309 -0.0020481947568168819 0.00054813669908820861 -0.00024045404671536874 -0.00018003438268596184 0.0015612565485404574 -0.00077625243324891684 0.00093798733190473833 0.0014486575947658565 -0.0016168891662678431 -0.0023500902054499591 0.00075284338531362302 0.0001867041913444112 -0.00088817438952162322 -0.0018974272198994781 0.00050133105532815248 -0.00088084812679148925 0.0012561781242854898 0.0012887440393944628 -0.00089084755777118921 0.00018846861807728378 0.000499021869482777 -5.6259485232465493e-05
leaf_weight=4592 8649 4787 6295 4987 16656 4962 10933 8102 4516 6601 19918 4504 4681 9436 7238 4957 4919 5420 6435 8373 4729 6498 4880 4649 4925 4809 7354 84452 24598 27916
leaf_count=4592 8649 4787 6295 4987 16656 4962 10933 8102 4516 6601 19918 4504 4681 9436 7238 4957 4919 5420 6435 8373 4729 6498 4880 4649 4925 4809 7354 84452 24598 27916
internal_value=-2.27186e-05 0.000487315 -4.4253e-05 -2.73999e-05 3.4084e-05 -0.000265074 -0.000186324 -0.000543033 -0.000113363 0.000135381 -6.92769e-05 -0.000819945 5.88132e-05 -6.90469e-05 -0.00012786 -0.000583456 -0.000943162 -0.000588726 -0.000216522 3.19229e-05 0.000179721 -0.000485296 -0.0010564 5.493e-05 0.000193738 0.000144448 0.000236623 0.000160928 0.000149778 0.000242293
internal_weight=331771 13436 318335 312040 247912 64128 59166 28055 19953 31111 26519 9020 242925 124729 120048 31167 26210 21291 15871 88881 69130 19751 11378 61892 118196 113271 96615 91806 57163 52514
internal_count=331771 13436 318335 312040 247912 64128 59166 28055 19953 31111 26519 9020 242925 124729 120048 31167 26210 21291 15871 88881 69130 19751 11378 61892 118196 113271 96615 91806 57163 52514
is_linear=0
shrinkage=0.05


Tree=191
num_leaves=31
num_cat=0
split_feature=0 2 8 9 8 8 8 9 2 0 8 2 8 8 6 8 8 0 5 2 8 8 8 8 8 8 8 8 8 8
split_gain=1.36205 4.39093 3.16021 2.65839 2.4872 1.91294 10.0879 12.8128 11.3208 4.91109 3.13388 1.63949 4.0441 4.07801 3.44496 3.04422 2.81939 2.59164 2.87376 2.48725 5.00638 1.61892 4.05542 4.05015 3.61364 2.90162 4.52921 3.60541 3.19929 6.62183
threshold=65.500000000000014 4.5000000000000009 1.5646987590000003 49.500000000000007 1.6904204555000002 0.88416965650000012 0.86540467600000015 32.500000000000007 5.5000000000000009 99.500000000000014 0.91327798100000013 2.5000000000000004 1.2650961850000002 0.93401700600000004 1.5000000000000002 1.0260839095000003 1.1156738845000003 40.500000000000007 25.500000000000004 1.5000000000000002 1.0283053655000003 1.3520143715000001 1.2428557500000001 1.1970158730000002 1.4213440125000003 1.1208789765000002 1.0796594780000002 1.0189477030000003 0.98373178200000011 0.93643926100000019
decision_type=2 2 2 2 2 2 2 2 2 2 2 2 2 2 2 2 2 2 2 2 2 2 2 2 2 2 2 2 2 2
left_child=1 3 5 4 11 6 7 8 -2 -10 -7 14 13 -13 17 -15 -17 18 19 21 -21 22 23 25 -23 26 27 28 29 -1
right_child=2 -3 -4 -5 -6 10 -8 -9 9 -11 -12 12 -14 15 -16 16 -18 -19 -20 20 -22 24 -24 -25 -26 -27 -28 -29 -30 -31
leaf_value=-0.0002722835196301454 0.0021413845547107514 -0.0013969180390989988 0.0017184336822392956 -0.00075714041075023168 -0.0011038208739548667 -0.0011486413474335432 0.0030363162686019296 -0.0021313933745200353 -0.0014512783586970654 0.00072349429941269698 3.6581043656710999e-05 -0.0007409376449691974 -0.00059033468565977134 0.00087150593204986943 0.00090759088670185756 -0.00044609591000771553 0.00030221086793184583 0.0002699621554968862 -0.00089393884358461855 0.00030643142911708363 -0.00094582402845853626 -0.00097251433740692397 0.00068213200159311649 -0.0007781375298982707 0.00012727400514120913 0.00057514065485618775 -0.00078157475469742277 0.00085125205176251608 -0.00066681415372275572 0.0011760771005743798
leaf_weight=14923 7263 6150 4745 5012 5062 7937 5051 6443 4720 8084 102044 8233 6324 6338 5432 5134 7255 32246 5613 4570 7911 5306 10341 5541 9441 9798 5709 7214 6147 5793
leaf_count=14923 7263 6150 4745 5012 5062 7937 5051 6443 4720 8084 102044 8233 6324 6338 5432 5134 7255 32246 5613 4570 7911 5306 10341 5541 9441 9798 5709 7214 6147 5793
internal_value=-6.3294e-06 -9.62948e-05 0.000107747 -5.12272e-05 -1.85705e-05 6.51727e-05 0.000408272 1.79144e-05 0.000640818 -0.000253728 -3.32997e-05 1.41044e-05 -0.0003004 -3.33766e-05 9.10913e-05 0.000374359 -8.16928e-05 3.97333e-05 -8.7858e-05 -2.13055e-05 -0.000677759 8.08734e-05 0.000187488 1.70053e-05 -0.00039232 0.000160318 -2.95293e-05 0.000188883 -7.76947e-05 0.000219584
internal_weight=331780 185493 146287 179343 174331 141542 31561 26510 20067 12804 109981 169269 33284 26960 135985 18727 12389 130553 98307 92694 12481 80213 65466 55125 14747 49584 39786 34077 26863 20716
internal_count=331780 185493 146287 179343 174331 141542 31561 26510 20067 12804 109981 169269 33284 26960 135985 18727 12389 130553 98307 92694 12481 80213 65466 55125 14747 49584 39786 34077 26863 20716
is_linear=0
shrinkage=0.05


Tree=192
num_leaves=31
num_cat=0
split_feature=0 2 7 8 8 2 7 7 8 7 3 8 8 0 8 7 3 8 8 7 7 8 8 7 8 8 2 5 5 3
split_gain=1.19394 1.29437 3.55126 3.06981 3.11475 10.3874 20.228 6.71361 12.7327 6.63278 6.53875 5.12496 6.11413 6.86007 5.31852 3.34265 7.96701 6.73846 8.84412 7.71963 4.60143 4.54739 5.29364 9.50974 8.84045 12.6974 17.0018 3.07727 2.84917 4.12267
threshold=117.50000000000001 2.5000000000000004 0.83895903800000016 0.77793374000000004 1.1100206280000002 1.5000000000000002 0.99693670000000012 0.95332521050000008 1.1318326185000003 0.94093620500000008 13.326599906500002 0.86832795850000011 1.0189477030000003 34.500000000000007 1.0740390135000004 1.0852959850000004 6.2401220540000013 1.1779470030000001 1.2618163615000004 1.0394500700000002 1.028182989 1.2489364475000002 1.5192940695000001 1.2268644580000003 1.429914388 1.3730554145000002 1.0000000180025095e-35 9.5000000000000018 4.5000000000000009 -13.432584267999998
decision_type=2 2 2 2 2 2 2 2 2 2 2 2 2 2 2 2 2 2 2 2 2 2 2 2 2 2 2 2 2 2
left_child=1 3 -3 -1 5 10 9 -6 -9 -7 11 -5 13 27 -14 16 17 -10 -19 -20 -18 -17 24 -24 25 26 -23 -13 -4 -30
right_child=-2 2 28 4 7 6 -8 8 15 -11 -12 12 14 -15 -16 21 20 18 19 -21 -22 22 23 -25 -26 -27 -28 -29 29 -31
leaf_value=-0.0009693125321295293 0.0042471205738905671 -0.0015157359585195763 -0.001064268322898887 0.001023282612016377 0.0011262918287095137 0.00086421114145129874 0.0022664378183664484 -0.0019750600581031285 0.00072965531952787774 -0.00059319669284578773 -0.0014383014856315436 0.00040671693033857289 0.0011049383706443205 -0.0013522707727996589 -0.00024340033833850083 0.0009251276277733256 -0.0016363731274193023 -0.00098812710887069273 0.0012734363058665489 -0.00045209213391237128 -0.00045314608139978841 0.0010041965835405481 0.0012406737943153974 -0.001219474937896395 -0.0015607350773929858 0.0020768241991967694 -0.0020777523214249973 -0.00051057990921112852 0.00022624694206985208 -0.0002667039903240409
leaf_weight=4701 4860 5244 6149 6072 5925 7285 7300 4925 6108 7605 4675 8680 8201 5210 5567 7940 4606 9498 6581 7718 7336 4586 7868 4864 6178 5523 6275 9120 59688 86423
leaf_count=4701 4860 5244 6149 6072 5925 7285 7300 4925 6108 7605 4675 8680 8201 5210 5567 7940 4606 9498 6581 7718 7336 4586 7868 4864 6178 5523 6275 9120 59688 86423
internal_value=-6.72495e-06 -1.82626e-05 -0.00012158 7.72665e-05 0.000113039 0.000367362 0.00126042 -7.17927e-05 -0.000179145 0.000203088 -4.97054e-05 0.000144091 -7.81611e-05 -0.000576798 0.000755101 -3.5993e-05 -0.000354523 8.14945e-05 -0.000298819 0.000486752 -0.00144597 0.000272324 2.90376e-05 0.000843998 -0.000430939 0.000176948 -0.000815618 -0.00010952 -7.74965e-05 -3.31073e-05
internal_weight=332711 327851 157504 170347 165646 69715 22190 95931 90006 14890 47525 42850 36778 23010 13768 85081 41847 29905 23797 14299 11942 43234 35294 12732 22562 16384 10861 17800 152260 146111
internal_count=332711 327851 157504 170347 165646 69715 22190 95931 90006 14890 47525 42850 36778 23010 13768 85081 41847 29905 23797 14299 11942 43234 35294 12732 22562 16384 10861 17800 152260 146111
is_linear=0
shrinkage=0.05


Tree=193
num_leaves=31
num_cat=0
split_feature=4 7 7 2 8 7 8 8 3 8 4 7 2 9 8 9 7 8 8 7 2 8 7 7 2 7 3 2 2 8
split_gain=1.42334 2.68522 2.97137 4.9901 3.53079 7.23766 12.5733 4.43308 3.2088 3.17812 2.30499 2.28234 11.4574 6.26109 2.92488 1.64078 8.4909 7.26142 6.70865 5.70747 5.57136 9.12744 11.5575 6.4114 4.07025 4.86255 3.76267 3.03694 2.43299 2.37477
threshold=1.7688405962482279 1.2268644580000003 1.1795612660000001 1.5000000000000002 1.4757161485000003 1.0692156960000003 1.5773862285000002 1.4361150800000002 35.269646639500003 1.0216345210000002 1.1404681068890747 1.1201095380000001 2.5000000000000004 21.500000000000004 1.3838021630000001 30.500000000000004 1.0906577955000001 0.86540467600000015 0.91975546850000012 1.0681136895000003 3.5000000000000004 0.97717730150000015 0.9726132500000001 0.97690684250000015 2.5000000000000004 1.0038369515000001 3.9758924865000007 7.5000000000000009 4.5000000000000009 0.86832795850000011
decision_type=10 2 2 2 2 2 2 2 2 2 8 2 2 2 2 2 2 2 2 2 2 2 2 2 2 2 2 2 2 2
left_child=1 2 4 -4 7 -6 -7 8 11 -10 -3 14 13 -13 15 27 17 -17 -19 20 21 -20 -23 -22 25 -24 -27 -1 -25 -29
right_child=-2 10 3 -5 5 6 -8 -9 9 -11 -12 12 -14 -15 -16 16 -18 18 19 -21 23 22 24 28 -26 26 -28 29 -30 -31
leaf_value=7.2121581335582438e-05 0.00091184661093201007 -8.1630527714171572e-05 -0.00030025235866105727 0.0025282032526373179 0.00049082907206995376 -0.0032167474916119793 0.00017222340384868141 0.0012476491293465564 0.00017997901312007404 -0.0020635128789348312 -0.0023415662118531745 0.0003436496461690142 -0.0010473174711900014 0.0021218426482330771 -0.00079524557984015927 -0.0011823877077644486 -0.0021972142249143179 0.0014905292415131014 -0.0022083606152989879 0.0011864211170508872 -0.00095296072447427222 0.00092079794089849898 0.00046801495230157922 0.00035636472129697562 -0.0021957311906624088 -0.0013820474021411678 -0.00019696160611967496 0.00011820885137074633 0.002250531728146832 -0.0026316179789802746
leaf_weight=166294 5032 5269 5145 5577 4751 4752 4765 5084 4534 7164 4793 5003 6792 4526 5856 9637 4734 6666 4921 5182 5236 8901 5142 4741 6218 4535 4902 4573 5679 5923
leaf_count=166294 5032 5269 5145 5577 4751 4752 4765 5084 4534 7164 4793 5003 6792 4526 5856 9637 4734 6666 4921 5182 5236 8901 5142 4741 6218 4535 4902 4573 5679 5923
internal_value=-4.99124e-05 -6.27482e-05 -3.72355e-05 0.00078074 -6.58612e-05 -0.000833742 -0.00162912 -2.83578e-05 -5.42808e-05 -0.000865163 -0.000866693 -1.983e-05 0.000553565 0.00167165 -5.59532e-05 -3.04001e-05 -0.000223859 -8.84832e-05 0.000109653 -7.05438e-05 -0.000233443 -0.000587382 -0.000256708 0.000549135 -0.000901957 -0.000444837 -0.00111867 5.33103e-05 0.00126619 -0.000771355
internal_weight=332327 327295 317233 10722 306511 14268 9517 292243 287159 11698 10062 275461 16321 9529 259140 253284 76494 71760 62123 55457 50275 34619 29698 15656 20797 14579 9437 176790 10420 10496
internal_count=332327 327295 317233 10722 306511 14268 9517 292243 287159 11698 10062 275461 16321 9529 259140 253284 76494 71760 62123 55457 50275 34619 29698 15656 20797 14579 9437 176790 10420 10496
is_linear=0
shrinkage=0.05


Tree=194
num_leaves=31
num_cat=0
split_feature=0 2 5 3 2 0 7 7 7 7 6 3 2 9 2 7 3 3 0 2 3 2 7 6 7 7 3 2 7 6
split_gain=1.23873 5.18661 2.35436 2.6041 2.22315 3.34866 3.10897 2.11333 6.68212 9.39217 3.12309 2.72725 4.85829 1.73432 1.91975 4.66753 2.85754 1.69503 3.92747 3.23634 3.07471 3.54408 4.43688 3.18068 3.04461 2.34529 4.38974 1.53497 4.11941 6.34534
threshold=98.500000000000014 6.5000000000000009 12.500000000000002 8.1869690720000019 3.5000000000000004 83.500000000000014 0.97838995950000007 0.95332521050000008 0.98947461550000015 0.99967947350000008 1.0000000180025095e-35 -3.9567143409999996 1.5000000000000002 4.5000000000000009 6.5000000000000009 0.94314624850000006 -12.954458743999998 -0.14453587699999998 57.500000000000007 1.5000000000000002 11.512596165000001 1.5000000000000002 1.1277034765000002 1.0000000180025095e-35 1.1557826560000002 1.0920774425000002 24.275273039000002 5.5000000000000009 1.0100786505000003 1.0000000180025095e-35
decision_type=2 2 2 2 2 2 2 2 2 2 2 2 2 2 2 2 2 2 2 2 2 2 2 2 2 2 2 2 2 2
left_child=1 2 3 -1 7 6 -6 10 11 -10 -4 -9 -13 -2 15 -15 -16 18 19 -11 21 22 -19 -23 25 26 -22 28 -17 -30
right_child=13 -3 4 -5 5 -7 -8 8 9 17 -12 12 -14 14 16 27 -18 20 -20 -21 24 23 -24 -25 -26 -27 -28 -29 29 -31
leaf_value=0.00012372886190778476 -0.001357156126450232 -0.001387604185361724 -1.6587621693409107e-05 -0.00068238421157603433 -0.0017857091192928554 -1.7841096616399987e-05 -0.00045051127898174673 -0.0012975911524935714 0.001482061216849101 -0.0001916582679275747 0.001042534086048752 -0.0010221119465850664 0.00044948235140485353 -0.0014521321946645059 0.0017415862737006891 0.0017886295536765464 -0.00033440567201350471 0.00026504542273148582 0.00024641799742560199 -0.0012373387587647777 0.0002795477187343909 0.001534096818026476 -0.0009965852618633031 0.00012636904777724167 0.00053809316509609848 -0.0013975690988709045 -0.0012034886785658007 0.0016594287217872373 0.0010921960017981709 -0.0022599165424392331
leaf_weight=119073 4517 7821 14209 6492 4581 13258 8630 4667 4874 8279 6401 5952 4566 6188 9494 8185 5286 13127 7043 6192 8023 5256 5525 4599 6877 6328 4818 7357 7466 7207
leaf_count=119073 4517 7821 14209 6492 4581 13258 8630 4667 4874 8279 6401 5952 4566 6188 9494 8185 5286 13127 7043 6192 8023 5256 5525 4599 6877 6328 4818 7357 7466 7207
internal_value=-3.11093e-05 -7.44317e-05 -3.74849e-05 0.00012055 -0.000176053 -0.00058973 -0.00115296 -8.22333e-05 -0.000180743 -1.54424e-07 0.000377153 -0.00114302 -0.000696094 0.000184005 0.000266908 7.17562e-05 0.000747379 -0.000136548 -0.000512338 -0.000983524 1.16848e-05 0.000370458 -3.48395e-05 0.00113717 -0.000380983 -0.00070473 -0.000316246 0.000328011 0.000125749 -0.000375562
internal_weight=332291 276591 268770 125565 143205 26469 13211 116736 96126 80941 20610 15185 10518 55700 51183 36403 14780 76067 21514 14471 54553 28507 18652 9855 26046 19169 12841 30215 22858 14673
internal_count=332291 276591 268770 125565 143205 26469 13211 116736 96126 80941 20610 15185 10518 55700 51183 36403 14780 76067 21514 14471 54553 28507 18652 9855 26046 19169 12841 30215 22858 14673
is_linear=0
shrinkage=0.05


Tree=195
num_leaves=31
num_cat=0
split_feature=7 4 5 2 5 7 7 5 9 7 7 2 7 7 3 5 4 9 7 3 7 7 1 7 7 7 2 2 7 7
split_gain=1.44876 1.70663 1.83966 1.41817 2.67616 2.63921 2.59771 2.23577 2.3162 6.43501 4.61107 4.81564 2.71449 3.03778 2.50728 2.1022 1.70825 1.66784 1.7912 3.15165 3.73632 7.3832 7.34805 3.04862 2.59672 3.17875 7.59899 5.13602 2.76479 4.6682
threshold=1.2428445740000003 1.5625634733841545 20.500000000000004 2.5000000000000004 4.5000000000000009 1.1707504705000003 0.86021239400000005 11.500000000000002 18.500000000000004 0.96122050300000017 0.97838995950000007 5.5000000000000009 0.99889278250000013 1.0423911465000002 -11.582993547999999 26.500000000000004 0.75299691000730828 61.500000000000007 0.83895903800000016 -17.920236034499997 0.93198645250000012 0.9543694155000001 91.500000000000014 0.8985102865000002 0.96637136850000005 1.0046301695000002 1.0000000180025095e-35 1.5000000000000002 1.0183233475000002 1.0329430635000001
decision_type=2 8 2 2 2 2 2 2 2 2 2 2 2 2 2 2 10 2 2 2 2 2 2 2 2 2 2 2 2 2
left_child=1 3 -3 15 -5 6 -6 8 10 -10 16 14 -11 -14 -12 17 -8 18 -1 -20 23 22 -22 -21 -23 26 -26 -28 -27 -30
right_child=-2 2 -4 4 5 -7 7 -9 9 12 11 -13 13 -15 -16 -17 -18 -19 19 20 21 24 -24 -25 25 28 27 -29 29 -31
leaf_value=0.00077446993396521893 0.00060219843810107318 -0.00089931665920477415 6.0543531501669472e-05 -0.00094962673452207995 -0.0010580425101035865 -0.0013336597999607182 8.2074787916991418e-05 -0.00016362942264054326 -0.00037754268692772322 0.0018936042476363187 0.00055620941633889034 -0.0025478723591312092 -4.8197298268881639e-05 0.0011705999650244436 -0.000600524296168592 -0.00067257423006580332 0.0013333305382291273 0.0008715724089140009 -0.00069741300918507167 5.1748599508949503e-05 0.0020249659886931561 -0.0004332456022851539 0.00014845214330861113 -0.00088990093228987497 0.0012575391007857374 -0.00053990298041856066 -0.00047267417670026073 0.00060969711922003735 0.00083687406510341011 -2.9893395340574449e-05
leaf_weight=4632 8510 6897 5794 6929 7576 4633 5621 90993 7834 4748 4510 4733 5389 5553 4545 7065 5297 4549 7782 8105 4507 5955 4834 8654 8079 7501 8230 7423 7973 57579
leaf_count=4632 8510 6897 5794 6929 7576 4633 5621 90993 7834 4748 4510 4733 5389 5553 4545 7065 5297 4549 7782 8105 4507 5955 4834 8654 8079 7501 8230 7423 7973 57579
internal_value=-2.42905e-05 -4.12132e-05 -0.000609444 -1.80331e-05 -0.000122896 -7.89107e-05 -4.18074e-05 7.27224e-06 0.000282471 0.000637511 -5.56432e-05 -0.00066338 0.00122173 0.000787887 1.24172e-05 9.05981e-05 0.000711801 0.000131423 0.000101056 6.82515e-05 0.000127285 0.000231407 0.00157688 -0.000568927 0.000109008 0.000171376 0.000674053 3.11342e-05 8.04156e-06 0.000112116
internal_weight=332430 323920 12691 311229 158361 151432 146799 139223 48230 23524 24706 13788 15690 10942 9055 152868 10918 145803 141254 136622 128840 112081 9341 16759 102740 96785 23732 15653 73053 65552
internal_count=332430 323920 12691 311229 158361 151432 146799 139223 48230 23524 24706 13788 15690 10942 9055 152868 10918 145803 141254 136622 128840 112081 9341 16759 102740 96785 23732 15653 73053 65552
is_linear=0
shrinkage=0.05


Tree=196
num_leaves=31
num_cat=0
split_feature=4 3 0 8 2 8 8 3 0 8 8 4 8 6 8 8 0 8 3 3 2 2 8 8 3 8 8 8 8 8
split_gain=1.57147 1.51344 3.23806 1.19577 4.35365 4.13497 3.75429 5.72328 4.80198 2.29913 2.59099 5.02262 1.26319 2.34319 2.10066 2.09111 1.80593 1.29237 1.79748 2.68385 2.26529 2.31492 1.90085 3.19477 3.90002 1.62123 3.53454 1.53022 1.67013 5.02201
threshold=1.9872758246888045 44.107140965000006 103.50000000000001 1.3109496115000001 3.5000000000000004 1.2922678700000001 1.5097159270000002 12.931751794000002 42.500000000000007 1.4093943000000004 1.3773010990000001 0.89711291138374716 1.2428557500000001 1.0000000180025095e-35 1.2271159115000001 1.2097847630000003 52.500000000000007 1.1970158730000002 -19.952743553999998 -27.942502842499994 7.5000000000000009 3.5000000000000004 0.80894011650000008 1.0025047235000002 -35.52671379249999 0.94631593150000015 1.0283053655000003 1.1865423385 0.8135863965000002 0.78344438100000013
decision_type=8 2 2 2 2 2 2 2 2 2 2 10 2 2 2 2 2 2 2 2 2 2 2 2 2 2 2 2 2 2
left_child=1 3 -3 5 6 12 7 9 -8 10 11 -5 14 16 15 17 -14 18 19 20 21 -1 -23 24 -24 -21 -27 28 29 -20
right_child=-2 2 -4 4 -6 -7 8 -9 -10 -11 -12 -13 13 -15 -16 -17 -18 -19 27 25 -22 22 23 -25 -26 26 -28 -29 -30 -31
leaf_value=-0.00054761492656979494 0.00064158004540107449 -0.0017470962594342443 0.00092203544823583623 0.00074778035066607742 -0.0010381418024432377 0.0010734126051765019 -0.0001199409888425762 -0.0014975402537537154 0.0012381422678082511 0.00037535794316852504 -0.0010345087279917953 -0.00056853693124904188 0.000201110640573976 -0.00026372320484577272 -0.00064395054894950121 0.00061625939009830606 0.0011157144958121924 -0.00064201834704845644 -7.9892353056998378e-05 -0.0010298673323219376 -0.0014789358168409178 -0.00047902509893466699 0.0015413282498672187 -0.00038600426973712799 2.0778125629658528e-05 0.00072271659135588753 -0.00090150848297978765 0.00081057753050778065 1.3023221086871929e-06 0.0014741823745110794
leaf_weight=4862 5455 5025 4565 4578 7257 6026 10388 6283 8333 9883 4715 6495 5357 6915 5999 7258 4522 4890 9780 9706 6359 4814 7153 4564 4768 4742 5320 4538 145994 4981
leaf_count=4862 5455 5025 4565 4578 7257 6026 10388 6283 8333 9883 4715 6495 5357 6915 5999 7258 4522 4890 9780 9706 6359 4814 7153 4564 4768 4742 5320 4538 145994 4981
internal_value=-5.61789e-06 -1.97041e-05 -0.000638353 -9.47912e-07 -0.000206259 4.50585e-05 -4.21764e-05 -0.00037157 0.000519999 -4.04074e-05 -0.000414741 3.38509e-06 1.41569e-05 0.000433061 -1.56957e-05 8.43367e-06 0.000927003 -1.88223e-05 -7.46831e-07 -0.000256248 2.30592e-05 0.000228827 0.000453553 0.000708763 0.00113932 -0.000715622 -0.000270686 8.00826e-05 5.45067e-05 0.000561256
internal_weight=331525 326070 9590 316480 57932 258548 50675 31954 18721 25671 15788 11073 252522 16794 235728 229729 9879 222471 217581 52288 32520 26161 21299 16485 11921 19768 10062 165293 160755 14761
internal_count=331525 326070 9590 316480 57932 258548 50675 31954 18721 25671 15788 11073 252522 16794 235728 229729 9879 222471 217581 52288 32520 26161 21299 16485 11921 19768 10062 165293 160755 14761
is_linear=0
shrinkage=0.05


Tree=197
num_leaves=31
num_cat=0
split_feature=4 8 4 3 8 4 8 8 3 8 8 8 4 8 8 4 3 8 8 2 8 8 8 8 2 8 8 8 8 2
split_gain=1.19076 2.65028 2.97629 2.77976 2.55142 1.75376 5.1062 3.03283 1.79789 1.99656 3.62871 1.49997 5.26218 5.14496 8.69163 3.57195 2.3608 5.00977 2.95548 3.39847 2.79621 3.48466 2.47691 2.97789 1.86188 15.2641 2.76932 3.67187 5.73797 4.26495
threshold=1.7688405962482279 1.5441749580000004 1.0569736330422728 49.624655780000005 1.4879882285000001 0.4142750846076762 0.91975546850000012 1.1100206280000002 -50.741739744999997 0.74929210700000015 0.78344438100000013 0.8450821515000001 0.71998289365542911 0.86540467600000015 0.87945863200000007 0.88266309968999013 -29.674830943499995 0.89565229550000003 0.91975546850000012 3.5000000000000004 0.93643926100000019 0.95315010000000011 0.97077317050000012 0.98373178200000011 5.5000000000000009 1.0771584090000001 0.99601396100000017 1.0260839095000003 1.0396849785000002 1.5000000000000002
decision_type=10 2 10 2 2 10 2 2 2 2 2 2 10 2 2 10 2 2 2 2 2 2 2 2 2 2 2 2 2 2
left_child=1 3 -3 4 5 6 -1 -8 -7 -10 -11 12 -12 -13 -15 -14 -16 -18 19 -19 -20 -22 -23 -24 26 -26 -25 29 -29 -28
right_child=-2 2 -4 -5 -6 8 7 -9 9 10 11 13 15 14 16 -17 17 18 20 -21 21 22 23 24 25 -27 27 28 -30 -31
leaf_value=-0.0014155847968899628 0.00082435096356381918 1.0583504528724475e-05 -0.0012594077502342427 -0.001752410872945734 0.00057781394344031398 0.00085115576003249043 0.00048068206246817681 -0.00041115817774235454 0.00071159156029236841 -0.001136490060829723 0.0014819974175071665 -0.0010655538588110803 -0.00093791067643714818 0.0018570122028620684 -0.00061469668197996769 0.00059443670040162933 -0.00098227259020807205 0.0014225323642195866 -0.0010914729105259257 -7.9094709462401721e-05 0.00088124816311765388 -0.00064754380570714032 0.00094302949288089253 -0.0011047283711650092 -0.0018221836791042362 0.0029988116716976546 -0.00026602301266336059 -0.0010582637593547605 -3.8959648761049962e-06 0.0013141317229301232
leaf_weight=5667 5068 8860 8794 5748 5711 5026 6071 6075 9146 5512 4599 6978 5073 5730 14627 7624 5973 5321 6891 4800 8301 8033 6179 4611 5892 4561 6096 5809 133116 10251
leaf_count=5667 5068 8860 8794 5748 5711 5026 6071 6075 9146 5512 4599 6978 5073 5730 14627 7624 5973 5321 6891 4800 8301 8033 6179 4611 5892 4561 6096 5809 133116 10251
internal_value=-1.1102e-05 -2.2892e-05 -0.000618665 1.11093e-05 3.17359e-05 1.16624e-05 -0.000469329 0.000109045 4.22535e-05 2.51247e-05 1.40987e-07 2.70185e-05 0.000476851 -4.98614e-06 3.45582e-05 -4.82208e-05 -1.32883e-05 2.83776e-05 6.90321e-05 0.00090238 2.67841e-05 6.21584e-05 1.70683e-05 5.61551e-05 1.70247e-05 0.000663368 -2.52521e-05 1.06262e-05 -7.27885e-05 0.000719331
internal_weight=332143 327075 17654 309421 303673 297962 17813 12146 280149 275123 265977 260465 17296 243169 236191 12697 230461 215834 209861 10121 199740 192849 184548 176515 170336 10453 159883 155272 138925 16347
internal_count=332143 327075 17654 309421 303673 297962 17813 12146 280149 275123 265977 260465 17296 243169 236191 12697 230461 215834 209861 10121 199740 192849 184548 176515 170336 10453 159883 155272 138925 16347
is_linear=0
shrinkage=0.05


Tree=198
num_leaves=31
num_cat=0
split_feature=4 8 4 2 8 7 5 2 4 8 8 8 7 7 8 7 8 7 7 8 7 8 8 8 7 7 4 7 8 2
split_gain=1.34475 2.23851 4.26792 9.98766 3.86917 2.28091 1.28159 5.38992 4.57969 1.30182 6.20687 4.2866 2.76632 8.78686 1.76438 6.43254 5.07985 12.6508 4.85307 5.42808 8.09866 4.9582 4.35861 3.27109 1.61426 16.3115 5.56468 8.96081 6.70635 4.57532
threshold=1.7688405962482279 1.5441749580000004 1.0358580307267065 1.5000000000000002 1.4879882285000001 1.2025225330000002 25.500000000000004 1.5000000000000002 1.2350130220739157 1.1667312910000003 1.1779470030000001 1.1478995315000002 0.96530230600000011 0.99308499750000012 1.2271159115000001 1.0801551885000003 1.2618163615000004 1.0744235155000001 1.0413678250000002 1.4213440125000003 1.0984745745000002 1.3201884320000004 1.3380145900000002 1.1996017105000003 0.99967947350000008 0.99472305000000005 1.1037822531573624 1.0061706605000003 1.1100206280000002 3.5000000000000004
decision_type=10 2 10 2 2 2 2 2 10 2 2 2 2 2 2 2 2 2 2 2 2 2 2 2 2 2 10 2 2 2
left_child=1 4 -3 -4 5 6 9 -8 -9 11 -11 24 -12 -14 15 23 17 -16 -18 20 22 -22 -20 -15 25 -1 27 -26 29 -29
right_child=-2 2 3 -5 -6 -7 7 8 -10 10 12 -13 13 14 16 -17 18 -19 19 -21 21 -23 -24 -25 26 -27 -28 28 -30 -31
leaf_value=-2.4484549467274077e-05 0.00077860165191063211 0.00017331621475041026 -0.0030456930796669947 0.00028970986792653254 0.00068812754008448773 -0.0010260739724350348 -0.0014678491790494352 -0.0009630047622236793 0.0015402784016024353 0.0010733780579492203 -0.00069183569485865024 -0.00091575425283388085 0.0011716641169504994 0.00023299521053119223 -0.0019335521822540726 -0.00065930331627273302 0.00074616359093758195 0.0007300061391703861 -0.0012697392487264648 -0.0012391986564556313 0.0017481195817453056 0.00015140121820061416 0.00018420245807562188 0.001864578161654329 -0.0014840514558053311 0.0026277699025982872 0.00050624301417176996 0.0005869326668473785 -0.0013562985837879073 -0.00037938101375445957
leaf_weight=117447 5028 8298 4628 4798 6012 6350 6127 8492 6001 4606 5572 8166 5146 4510 5325 5720 7943 4786 6514 6301 4772 8119 5241 5095 10914 5100 15787 15083 7499 16846
leaf_count=117447 5028 8298 4628 4798 6012 6350 6127 8492 6001 4606 5572 8166 5146 4510 5325 5720 7943 4786 6514 6301 4772 8119 5241 5095 10914 5100 15787 15083 7499 16846
internal_value=-3.61947e-05 -4.86701e-05 -0.00059507 -0.00132277 -1.73679e-05 -4.22616e-05 -2.22135e-05 -0.000402424 0.000123293 6.14835e-06 0.0001767 -6.28661e-05 6.72894e-05 0.000153288 -5.82923e-06 0.000462329 -0.000152277 -0.00115041 0.00010734 -0.000175675 0.000159223 0.00102454 -0.000789753 0.0012526 -1.43099e-05 9.31237e-05 -0.000213393 -0.000470237 -0.00011919 0.00019689
internal_weight=332226 327198 17724 9426 309474 303462 297112 20620 14493 276492 79650 196842 75044 69472 64326 15325 49001 10111 38890 30947 24646 12891 11755 9605 188676 122547 66129 50342 39428 31929
internal_count=332226 327198 17724 9426 309474 303462 297112 20620 14493 276492 79650 196842 75044 69472 64326 15325 49001 10111 38890 30947 24646 12891 11755 9605 188676 122547 66129 50342 39428 31929
is_linear=0
shrinkage=0.05


Tree=199
num_leaves=31
num_cat=0
split_feature=1 5 2 6 2 8 8 8 8 7 7 7 7 8 8 8 7 8 8 4 8 8 8 7 7 5 9 8 8 8
split_gain=1.32728 3.94361 2.70434 3.41401 2.54595 5.19139 3.75492 3.55033 2.9961 4.88372 3.28773 3.63783 7.76989 5.87082 3.76904 5.34425 3.42163 4.446 3.28539 2.86733 2.27771 5.16268 5.00523 4.5472 4.11539 4.21877 3.12355 5.23482 6.74355 6.59445
threshold=81.500000000000014 4.5000000000000009 2.5000000000000004 1.5000000000000002 1.5000000000000002 1.6117187765000003 1.0441878835000002 1.4879882285000001 1.3773010990000001 1.1144229290000003 1.0825141075000002 0.98318968800000006 0.99693670000000012 1.2330254055000003 1.1557926060000001 1.0740390135000004 0.96122050300000017 0.93643926100000019 1.0352592580000002 0.93343866468483183 1.3773010990000001 1.4151254285000003 1.3429127405000003 1.0703823300000002 1.1419238990000002 17.500000000000004 36.500000000000007 1.0771584090000001 0.78871550150000014 1.1126193215000002
decision_type=2 2 2 2 2 2 2 2 2 2 2 2 2 2 2 2 2 2 2 8 2 2 2 2 2 2 2 2 2 2
left_child=1 -1 3 4 5 7 -6 8 9 10 11 16 -13 14 15 19 17 -2 -19 -14 22 -22 26 -23 -25 -26 27 28 -3 -29
right_child=2 20 -4 -5 6 -7 -8 -9 -10 -11 -12 12 13 -15 -16 -17 -18 18 -20 -21 21 23 -24 24 25 -27 -28 29 -30 -31
leaf_value=-0.0010284792585496527 -0.00052924393208868552 0.0011267010510888132 -0.000643069954794813 0.00081260289224498877 0.00019419658285761284 -0.0015681900268088079 -0.0010871795564329656 0.00088098458131204984 -0.00081619734906202284 0.00076107851728380313 -0.00085455238714678974 0.0014960598100751872 -6.8560465329545181e-05 -0.0009762761943564014 0.00098742920824277389 -0.00084284686855600204 -0.00083894104150502864 0.0011139633615782352 -0.00014049470528767482 0.0011834141999706449 0.0017268825235731006 0.0011419308468942457 -0.0011407123509294182 -0.00097089715819091986 -0.00045604011670030421 0.00187771611265794 -0.00015684446245617378 0.0015350536989958586 -0.00010399608493870394 0.00034242847146541693
leaf_weight=6560 10422 11207 8076 4654 4594 4635 7131 4797 7244 7724 5439 4750 4520 5203 4849 4751 6394 5247 5407 4505 4990 4533 5013 5495 4904 4824 59271 7289 74659 32737
leaf_count=6560 10422 11207 8076 4654 4594 4635 7131 4797 7244 7724 5439 4750 4520 5203 4849 4751 6394 5247 5407 4505 4990 4533 5013 5495 4904 4824 59271 7289 74659 32737
internal_value=3.22455e-05 0.000102828 -0.000109428 -3.98451e-05 -0.000102953 -8.58636e-06 -0.000793905 8.43004e-05 1.47136e-06 0.000102758 -4.61442e-05 6.7793e-05 0.000462688 9.44069e-05 0.000509259 8.70764e-05 -0.000343039 -3.55771e-05 0.000682522 0.000801495 0.000139699 0.000590885 8.09755e-05 0.000227721 -0.000186334 0.000431522 0.000123199 0.000264105 4.39613e-05 0.000736304
internal_weight=331824 221482 110342 102266 97612 85887 11725 81252 76455 69211 61487 56048 28578 23828 18625 13776 27470 21076 10654 9025 214922 24746 190176 19756 15223 9728 185163 125892 85866 40026
internal_count=331824 221482 110342 102266 97612 85887 11725 81252 76455 69211 61487 56048 28578 23828 18625 13776 27470 21076 10654 9025 214922 24746 190176 19756 15223 9728 185163 125892 85866 40026
is_linear=0
shrinkage=0.05


Tree=200
num_leaves=31
num_cat=0
split_feature=3 4 7 3 2 4 7 7 7 7 4 9 7 6 9 4 4 7 2 7 7 3 7 3 7 3 6 7 7 9
split_gain=1.55285 3.79167 4.66073 4.66229 2.53534 3.00169 5.07223 9.93087 6.07085 3.45854 3.84645 3.04161 3.01829 2.30568 1.81162 1.44147 2.48153 3.04849 3.54116 1.6924 8.79859 3.21345 1.97702 1.58889 1.49889 1.36058 1.30279 1.2746 4.18229 2.20834
threshold=6.2401220540000013 1.3832216031174449 1.0563097930000003 25.028207614000006 1.0000000180025095e-35 1.1105540971279948 1.0731915865000003 0.99889278250000013 0.97536380700000014 1.1707504705000003 1.2565093403858747 18.500000000000004 1.0394500700000002 1.0000000180025095e-35 50.500000000000007 1.4338158109036574 1.047932569326131 0.97838995950000007 1.5000000000000002 0.88401987800000015 0.86803575000000011 -23.475989162999998 0.90317407100000013 -41.640154907499998 1.0825141075000002 -14.202976339499999 1.0000000180025095e-35 1.1460201665000003 1.1229187270000003 13.500000000000002
decision_type=2 10 2 2 2 10 2 2 2 2 10 2 2 2 2 8 10 2 2 2 2 2 2 2 2 2 2 2 2 2
left_child=14 4 -3 -4 -2 26 7 8 13 10 -8 -9 -13 -7 15 16 19 -18 24 20 21 -1 -21 -24 -19 -16 -6 28 -25 -29
right_child=1 2 3 -5 5 6 9 11 -10 -11 -12 12 -14 -15 25 -17 17 18 -20 22 -22 -23 23 27 -26 -27 -28 29 -30 -31
leaf_value=-0.00098700735532167858 -0.00090955138740253516 -0.00044549807682600921 -0.00018819305690254696 0.0021309808887819692 -0.00050488485243722068 0.00076866475431993655 -0.00054962620405767657 2.888556684164656e-05 -0.0020323566456837195 0.00045485249201330792 -0.0019088230261309876 0.0021770401351787513 0.00059233556083626018 -0.0010128210374096391 0.0014044525571596967 -0.00064086064072037827 -0.00026841483404186354 0.00060288472551210952 0.0015894244159084692 -0.00062837293483498653 0.0017456920208026667 0.00027244408357048196 -0.00091131540459104133 -2.5292241129053208e-05 -0.00015239231419854617 0.00018313894612991268 -0.0018910562024492261 0.00019893996272478122 0.00091826497132919136 -0.00078295954219786414
leaf_weight=5667 6006 8794 5111 8306 5623 4567 8304 4559 4557 4739 4604 6526 4991 5585 4848 6072 5513 6297 4661 8059 4798 9216 8766 147486 5258 7991 6713 5424 5638 7507
leaf_count=5667 6006 8794 5111 8306 5623 4567 8304 4559 4557 4739 4604 6526 4991 5585 4848 6072 5513 6297 4661 8059 4798 9216 8766 147486 5258 7991 6713 5424 5638 7507
internal_value=-4.67352e-05 -0.000225447 0.000340408 0.00092665 -0.000413678 -0.000316753 -0.000139356 0.000248051 -0.000690669 -0.000815063 -0.00123906 0.0011069 0.00153945 -9.84543e-06 1.8657e-05 -1.35653e-05 7.022e-06 0.000514746 0.000859996 -4.74537e-05 0.000393046 -0.000207382 -9.48684e-05 -5.95592e-05 0.000390355 0.000596582 -0.00101288 -2.49157e-05 1.53465e-05 -0.000501507
internal_weight=332186 88985 22211 13417 66774 60768 48432 30785 14709 17647 12908 16076 11517 10152 243201 230362 224290 21729 16216 202561 19681 14883 182880 174821 11555 12839 12336 166055 153124 12931
internal_count=332186 88985 22211 13417 66774 60768 48432 30785 14709 17647 12908 16076 11517 10152 243201 230362 224290 21729 16216 202561 19681 14883 182880 174821 11555 12839 12336 166055 153124 12931
is_linear=0
shrinkage=0.05


Tree=201
num_leaves=31
num_cat=0
split_feature=4 7 7 8 7 8 8 4 7 2 7 7 7 5 8 0 7 7 8 8 4 8 8 7 7 5 8 2 7 0
split_gain=1.36846 1.32199 3.61667 2.10999 9.05757 7.95634 1.75054 2.40291 3.60413 6.35834 7.93036 4.94004 4.09704 3.48819 1.73021 4.75771 6.77153 5.31966 3.91282 3.08091 2.68085 7.73361 5.86476 4.30369 5.32124 5.93057 4.21097 3.86883 7.93484 10.7739
threshold=0.25619123725046894 1.2646002265000003 1.2268644580000003 1.5192940695000001 1.1557826560000002 1.4583205875 1.4053251940000002 1.6534265709003368 1.1303612510000003 3.5000000000000004 1.1585803860000001 1.0999404950000002 1.0882052975000003 15.500000000000002 1.2650961850000002 51.500000000000007 1.0413678250000002 1.0329430635000001 1.2463057665000001 1.2271159115000001 0.69986162902331761 1.1208789765000002 0.74929210700000015 0.9455878135000001 0.95813489450000011 15.500000000000002 0.83524822400000009 4.5000000000000009 0.91047063400000006 81.500000000000014
decision_type=8 2 2 2 2 2 2 10 2 2 2 2 2 2 2 2 2 2 2 2 8 2 2 2 2 2 2 2 2 2
left_child=-1 2 3 5 -5 6 7 8 11 10 -10 12 14 -13 18 16 -16 -17 19 20 21 27 -22 -24 25 -25 -26 -2 -29 -30
right_child=1 -3 -4 4 -6 -7 -8 -9 9 -11 -12 13 -14 -15 15 17 -18 -19 -20 -21 22 -23 23 24 26 -27 -28 28 29 -31
leaf_value=-0.00048360840703853413 0.00034724977816063819 0.00085667154765189382 -0.0013444102275942671 -0.00026950657097795928 0.0026365190274486253 -0.0014778371591748719 0.00064540651677270639 -0.00079962672050163395 0.0018709163455739976 -0.0009588874998495867 2.2069433232529968e-05 -0.00012165516760646034 0.001025773333913671 -0.0014900190140101578 0.00096723524965013638 -0.001585582059907656 -0.00068356740816863382 -8.6637115139498458e-05 0.0011314377674921301 -0.00071867772950049433 0.00143638647210331 0.0014194573665807454 -0.00045898486258585947 0.0014287120083181838 -0.0017212114792170331 -0.00016212593282246003 -4.2400557276667253e-06 0.00099921592061893169 -0.0026957574090779482 6.8865035675311215e-05
leaf_weight=7146 28054 5972 4702 9200 5269 6271 9113 5041 6403 4915 6141 7078 7721 6645 5224 4708 4727 5392 4724 4589 6568 5263 38988 5823 4535 4662 100527 4751 4587 7126
leaf_count=7146 28054 5972 4702 9200 5269 6271 9113 5041 6403 4915 6141 7078 7721 6645 5224 4708 4727 5392 4724 4589 6568 5263 38988 5823 4535 4662 100527 4751 4587 7126
internal_value=9.454e-06 2.45208e-05 1.07058e-05 3.13246e-05 0.000620941 2.8373e-06 4.05288e-05 1.8649e-05 3.81955e-05 0.000733652 0.00133078 -8.21561e-06 4.28976e-05 -0.00093149 6.45153e-06 -0.000438148 0.000337736 -0.00120238 4.69455e-05 1.57209e-05 4.36248e-05 0.000364309 -5.54752e-05 -0.000117688 3.559e-05 0.00110939 -7.1621e-05 0.000149923 -0.000458437 -0.00115741
internal_weight=331865 324719 318747 314045 14469 299576 293305 284192 279151 17459 12544 261692 247969 13723 240248 20051 9951 10100 220197 215473 210884 49781 161103 154535 115547 10485 105062 44518 16464 11713
internal_count=331865 324719 318747 314045 14469 299576 293305 284192 279151 17459 12544 261692 247969 13723 240248 20051 9951 10100 220197 215473 210884 49781 161103 154535 115547 10485 105062 44518 16464 11713
is_linear=0
shrinkage=0.05


Tree=202
num_leaves=31
num_cat=0
split_feature=8 8 8 3 8 8 0 7 2 7 7 0 8 3 2 8 7 7 3 7 7 7 7 7 2 7 2 8 7 3
split_gain=1.53718 10.6323 5.61919 4.34152 4.80627 3.7421 5.84625 8.24372 3.24847 3.63462 5.56928 2.8866 2.0856 6.27166 5.56071 3.94801 2.16089 10.4785 3.60191 3.82737 4.55432 4.32547 7.18045 6.24578 4.93062 7.31002 7.66009 7.35538 7.16481 5.18171
threshold=1.1208789765000002 1.1100206280000002 1.1318326185000003 27.630393783500004 0.9915069485000001 1.0689273500000003 49.500000000000007 1.0154001440000002 7.5000000000000009 1.0731915865000003 1.0504484700000003 110.50000000000001 1.1667312910000003 5.370655299500001 2.5000000000000004 1.1779470030000001 0.98477545750000017 0.9543694155000001 -11.582993547999999 1.0046301695000002 1.0320909540000003 1.0575228460000001 1.0744235155000001 1.0473717320000002 2.5000000000000004 1.0906577955000001 1.0000000180025095e-35 1.3380145900000002 1.1707504705000003 9.5860574435000014
decision_type=2 2 2 2 2 2 2 2 2 2 2 2 2 2 2 2 2 2 2 2 2 2 2 2 2 2 2 2 2 2
left_child=1 3 -2 5 -5 8 -7 -8 9 10 -1 -10 13 14 -4 -14 17 -17 -18 -20 -21 23 -23 -22 25 -24 27 -27 -28 -26
right_child=2 -3 12 4 -6 6 7 -9 11 -11 -12 -13 15 -15 -16 16 18 -19 19 20 21 22 24 -25 29 26 28 -29 -30 -31
leaf_value=1.0944073798951904e-06 0.0015718745590601352 -0.001837743035490247 0.00060500711978976054 -0.00025485853924743783 -0.002542620356953912 -0.00011877144138578989 0.0025888079613956894 8.0605629325503092e-05 -0.0023026386477754597 -0.0011171743585133495 0.0018213606920257754 0.00018917589438209871 0.00089179026169160518 -0.0015157492233091097 -0.0011697406974721964 0.00094093575589042919 0.00058601296434445673 -0.0013052283365984074 0.00083359997674746782 -0.00074682424848608326 -2.9436519595915644e-05 -0.0012681657918465596 0.0016679971191724487 0.0021366203431535838 0.00021106533280899344 0.0016476018174972241 -0.00099088604179960464 0.00019871598777370105 0.00066266991300244216 -0.0018594508240437236
leaf_weight=131507 5210 5267 6598 6281 4896 8635 5030 5027 6374 6512 5257 4825 5291 5403 4652 4524 14236 5013 5097 9014 6289 7915 5773 4791 7950 4727 12563 10683 8382 8139
leaf_count=131507 5210 5267 6598 6281 4896 8635 5030 5027 6374 6512 5257 4825 5291 5403 4652 4524 14236 5013 5097 9014 6289 7915 5773 4791 7950 4727 12563 10683 8382 8139
internal_value=-4.55756e-06 -9.77634e-05 0.000119679 -3.44455e-05 -0.000989313 2.72128e-05 0.000695299 0.00151436 -5.36477e-05 1.04689e-05 6.54388e-05 -0.000873572 5.8375e-05 -0.000465992 0.000206575 0.000130926 6.95042e-05 -0.000651069 0.000134634 1.92986e-05 -5.94334e-05 6.47526e-05 -8.84528e-05 0.0009788 0.000103698 0.000388057 0.000125481 0.000971456 -0.000497017 -0.000640767
internal_weight=331861 189611 142250 184344 11177 173167 18692 10057 154475 143276 136764 11199 137040 16653 11250 120387 115096 9537 105559 91323 86226 77212 66132 11080 58217 42128 36355 15410 20945 16089
internal_count=331861 189611 142250 184344 11177 173167 18692 10057 154475 143276 136764 11199 137040 16653 11250 120387 115096 9537 105559 91323 86226 77212 66132 11080 58217 42128 36355 15410 20945 16089
is_linear=0
shrinkage=0.05


Tree=203
num_leaves=31
num_cat=0
split_feature=8 8 8 8 8 8 8 7 8 7 7 8 5 8 8 7 7 7 9 7 7 7 8 8 8 8 3 9 5 7
split_gain=1.44392 2.01916 2.37701 3.02789 2.51136 3.33846 3.68948 5.12987 3.03769 4.53226 4.01891 5.88338 3.45251 2.33906 7.37679 5.72548 7.67372 4.63915 4.52867 3.38717 15.045 10.344 10.1546 4.9606 4.04419 9.70433 4.31429 2.57063 2.44387 1.85872
threshold=0.69131934800000006 0.74929210700000015 0.78344438100000013 0.8135863965000002 0.8314545940000001 0.8450821515000001 0.86540467600000015 0.86446267950000011 0.87945863200000007 0.90684916650000014 0.92847607600000004 1.0117252615000003 11.500000000000002 0.95085857150000008 0.98373178200000011 0.96905717250000001 0.98398051450000013 1.0126016745000002 18.500000000000004 0.97754740050000011 0.9700989295000001 0.98398051450000013 1.1751955955000002 1.0420770275000002 1.0189477030000003 1.0025047235000002 -2.4912250874999997 17.500000000000004 12.500000000000002 1.0116805640000002
decision_type=2 2 2 2 2 2 2 2 2 2 2 2 2 2 2 2 2 2 2 2 2 2 2 2 2 2 2 2 2 2
left_child=-1 -2 -3 -4 -5 -6 -7 -8 -9 12 11 -11 -10 15 17 28 -17 27 -18 20 22 -21 23 -16 25 26 -23 -15 -12 -26
right_child=1 2 3 4 5 6 7 8 9 10 13 -13 -14 14 19 16 18 -19 -20 21 -22 24 -24 -25 29 -27 -28 -29 -30 -31
leaf_value=-0.00098034896045117175 0.00091457893524835715 -0.00077193248411032986 0.00087219386841315557 -0.0010168304642705407 0.0011884208637186521 -0.00090935516691852689 0.0011405365292513792 0.0010797976569744073 -6.9464886577851048e-05 0.0014710900321249429 -0.00054916706188130047 -0.00029634454965959955 -0.0013859289554678522 0.000693201705303756 -0.00026652827954152251 0.001645550711129107 0.00042651911464130224 -0.00011472124574261056 -0.001449688586589476 0.0015306296687199574 -0.0020949187778233429 -0.00064212632118165476 -0.0011504204214960844 0.00098579913878809331 -0.00026932677443033406 -0.0020059820820013952 0.001482621694113795 0.0021809653159715835 -0.001664267144951509 8.6752616349483616e-05
leaf_weight=5197 6434 6420 7926 6466 5156 7867 4657 6079 5390 6306 5469 4531 5725 4503 7193 4865 6700 4757 6358 4695 5390 7510 4916 8902 23626 5151 4721 6135 4992 138035
leaf_count=5197 6434 6420 7926 6466 5156 7867 4657 6079 5390 6306 5469 4531 5725 4503 7193 4865 6700 4757 6358 4695 5390 7510 4916 8902 23626 5151 4721 6135 4992 138035
internal_value=7.07667e-06 2.02291e-05 2.61354e-06 2.20921e-05 -2.89938e-06 1.81471e-05 -3.94766e-06 2.53828e-05 -1.81767e-06 -2.61894e-05 1.53441e-05 0.00095808 -0.00101506 -2.49091e-05 2.89307e-05 -0.00045264 8.99431e-05 0.00108523 -0.000541606 -4.84787e-05 -0.000577994 2.76201e-05 2.67653e-05 0.000634317 -3.31615e-05 -0.00075775 9.19418e-06 0.00166541 -0.00138186 4.47682e-05
internal_weight=332072 326875 320441 314021 306095 299629 294473 286606 281949 275870 264755 10837 11115 253918 225534 28384 17923 15395 13058 210139 26401 183738 21011 16095 179043 17382 12231 10638 10461 161661
internal_count=332072 326875 320441 314021 306095 299629 294473 286606 281949 275870 264755 10837 11115 253918 225534 28384 17923 15395 13058 210139 26401 183738 21011 16095 179043 17382 12231 10638 10461 161661
is_linear=0
shrinkage=0.05


Tree=204
num_leaves=31
num_cat=0
split_feature=4 8 8 4 8 4 8 8 8 8 2 8 8 8 8 8 8 8 8 8 4 8 8 8 8 8 8 8 0 2
split_gain=1.32148 1.58994 1.87562 2.7405 1.74832 1.49313 5.2178 3.8938 1.22933 3.67439 3.30471 3.19361 1.97228 1.63428 3.89341 2.8785 1.94431 1.97736 1.40928 1.96443 1.73484 5.42912 4.20919 4.67177 6.2028 6.69675 3.3562 2.1827 4.68649 2.38299
threshold=1.9872758246888045 1.7298127505000003 1.5773862285000002 1.6534265709003368 1.5329480100000004 0.4142750846076762 0.91760223650000017 1.1100206280000002 1.4435879295000003 1.4151254285000003 1.5000000000000002 1.3838021630000001 1.3572194490000002 1.3039599405000002 1.2891002410000001 1.3201884320000004 1.2690178225000002 1.2489364475000002 1.2330254055000003 1.2218113130000001 0.70396376307749819 1.1208789765000002 1.0260839095000003 0.8176335815000001 0.90315492350000015 0.96876116550000013 0.74929210700000015 0.8424309980000001 94.500000000000014 1.5000000000000002
decision_type=8 2 2 10 2 10 2 2 2 2 2 2 2 2 2 2 2 2 2 2 10 2 2 2 2 2 2 2 2 2
left_child=1 2 3 4 5 6 -1 -8 9 11 -10 12 13 14 16 -15 17 18 19 20 21 22 23 -7 -25 -26 -22 28 -28 -29
right_child=-2 -3 -4 -5 -6 8 7 -9 10 -11 -12 -13 -14 15 -16 -17 -18 -19 -20 -21 26 -23 -24 24 25 -27 27 29 -30 -31
leaf_value=-0.0015259724268437205 0.00052386471434534565 -0.00087135514541265011 0.00062897526770645535 -0.0011230751783275594 -0.00063967377637724201 -0.00084602944169076132 0.00060936479992277921 -0.00062250173757493203 -0.00035722792984889395 -0.00085721895972465942 0.0010039370096362966 0.00085466964835328736 -0.00062995339312986183 0.0010575393589165719 -0.0012196912437071996 5.6817251413321392e-06 0.0005996006832354573 -0.00082174098878105015 0.00053101351000203745 -0.00079937421311816748 0.0012212811706861421 0.0011420820165200963 -0.00063955139388545141 0.0014036847537098164 -0.00087251644776272235 0.00076596559811264737 -0.0011082488067984952 -0.00024369414118806111 0.0004095564676985575 6.0856416760107783e-05
leaf_weight=5127 5489 5994 8322 4516 4600 7524 5240 5047 4884 4562 5267 6824 5579 4588 4689 9167 5943 7179 5770 4752 6426 5388 7325 8929 7613 8466 9484 43559 6778 106716
leaf_count=5127 5489 5994 8322 4516 4600 7524 5240 5047 4884 4562 5267 6824 5579 4588 4689 9167 5943 7179 5770 4752 6426 5388 7325 8929 7613 8466 9484 43559 6778 106716
internal_value=-4.32175e-05 -5.61663e-05 -4.10592e-05 -6.08276e-05 -4.28551e-05 -2.8151e-05 -0.000507491 0.000142101 -2.43549e-06 -2.22259e-05 0.000537859 1.32928e-06 -2.60926e-05 -6.14673e-06 -3.57438e-05 0.000524164 -8.06262e-06 -3.05726e-05 -4.91836e-06 -2.48918e-05 -2.97874e-06 0.000272652 7.11831e-05 0.000315026 0.000643665 5.67334e-05 -7.50861e-05 -0.000118364 -0.000668531 -5.88069e-05
internal_weight=331747 326258 320264 311942 307426 302826 15414 10287 287412 277261 10151 272699 265875 260296 246541 13755 241852 235909 228730 222960 218208 45245 39857 32532 25008 16079 172963 166537 16262 150275
internal_count=331747 326258 320264 311942 307426 302826 15414 10287 287412 277261 10151 272699 265875 260296 246541 13755 241852 235909 228730 222960 218208 45245 39857 32532 25008 16079 172963 166537 16262 150275
is_linear=0
shrinkage=0.05


Tree=205
num_leaves=31
num_cat=0
split_feature=8 0 2 7 8 8 8 8 4 0 2 5 4 5 8 8 8 8 8 8 8 8 8 8 8 7 8 8 7 5
split_gain=1.17772 1.41524 3.69288 2.45912 2.1086 2.77907 4.2313 2.79074 2.61435 2.62878 2.57309 2.05312 1.49287 2.62636 2.59196 6.17865 4.32437 10.2555 2.8061 4.42621 3.22264 2.5684 2.70172 2.6073 3.18076 4.8751 2.82973 2.76567 5.09006 3.36395
threshold=0.69131934800000006 95.500000000000014 6.5000000000000009 0.83895903800000016 1.3201884320000004 1.0092210495 1.0519316795000002 0.96220362650000013 0.9303875250156779 104.50000000000001 4.5000000000000009 18.500000000000004 0.73487844853869044 14.500000000000002 0.8424309980000001 0.87376978000000005 0.89784091200000005 0.91975546850000012 0.94232026850000017 0.96422299450000015 0.98818925650000011 1.3773010990000001 1.2690178225000002 1.1722545230000001 1.0000014820000003 1.0132845280000002 1.0689273500000003 0.91068698050000008 0.91220460200000009 7.5000000000000009
decision_type=2 2 2 2 2 2 2 2 10 2 2 2 8 2 2 2 2 2 2 2 2 2 2 2 2 2 2 2 2 2
left_child=-1 2 3 -2 5 7 -7 8 9 -3 -8 -10 13 21 -14 -16 -17 -18 -19 -20 -21 22 23 24 27 26 -26 28 -5 -29
right_child=1 4 -4 12 -6 6 10 -9 11 -11 -12 -13 14 -15 15 16 17 18 19 20 -22 -23 -24 -25 25 -27 -28 29 -30 -31
leaf_value=-0.00088033078104523274 0.00062643661075468962 0.0014512118983492695 -0.0012615509858256227 0.001328363353432116 0.0019289595650155867 -0.0021233663226303185 -0.0008659958977577098 0.0020919353525558223 0.000519081847077113 0.00019856538223014808 0.0012092498523886164 -0.0017623975036267726 -0.00076788381808348129 -0.00081706004080064345 0.0011159350162056104 -0.0011814097703099825 0.0015117257619104874 -0.00094493429607382944 0.00095589618628333655 -0.00087655593608242381 -6.7631821403735248e-05 -0.0006084568186837503 0.00091198981794192728 -0.00041959509424958078 0.0004506771919463776 -0.00013091290358399065 0.0014781909922552323 0.00020112542124929025 -0.00019698287422453278 -0.00084852867881730638
leaf_weight=5210 6400 5495 6154 5015 5865 4586 8389 7850 6384 8759 8207 6654 8952 4692 4822 4957 5250 5978 6198 7121 145814 6308 4607 6719 5586 5769 4554 6484 7160 5933
leaf_count=5210 6400 5495 6154 5015 5865 4586 8389 7850 6384 8759 8207 6654 8952 4692 4822 4957 5250 5978 6198 7121 145814 6308 4607 6719 5586 5769 4554 6484 7160 5933
internal_value=2.41053e-06 1.43112e-05 -3.61561e-05 -7.30672e-06 0.000228921 0.000134922 -0.000317412 0.000407574 0.000168517 0.00063644 5.42136e-05 -0.000343096 -3.19045e-05 0.000179248 -0.000102064 -6.07844e-05 -0.00010937 -6.69881e-05 -0.000136192 -9.62215e-05 -0.000149323 0.000271113 0.000387068 0.000274219 0.000425554 0.000976342 0.00163627 6.91141e-05 0.000604475 -0.000455844
internal_weight=331872 326662 264473 258319 62189 56324 21182 35142 27292 14254 16596 13038 251919 62827 189092 180140 175318 170361 165111 159133 152935 58135 51827 47220 40501 15909 10140 24592 12175 12417
internal_count=331872 326662 264473 258319 62189 56324 21182 35142 27292 14254 16596 13038 251919 62827 189092 180140 175318 170361 165111 159133 152935 58135 51827 47220 40501 15909 10140 24592 12175 12417
is_linear=0
shrinkage=0.05


Tree=206
num_leaves=31
num_cat=0
split_feature=0 8 8 8 5 8 2 8 8 8 8 4 4 8 0 3 3 4 8 0 8 4 8 8 8 3 8 5 3 2
split_gain=1.02906 3.03296 5.97684 4.18817 3.75796 2.50902 3.8424 7.83537 2.853 2.76398 2.71555 3.11553 3.02225 4.7237 3.78342 2.44255 2.32553 4.19997 1.84327 1.88843 1.70754 7.14464 4.32629 6.07139 3.36756 3.01895 2.1767 2.0865 2.62222 2.42148
threshold=36.500000000000007 1.3773010990000001 1.4151254285000003 1.3429127405000003 4.5000000000000009 1.6117187765000003 1.5000000000000002 1.1831267190000003 1.4879882285000001 1.3773010990000001 1.1751955955000002 0.73487844853869044 0.98299134921307907 1.0714725580000002 11.500000000000002 49.624655780000005 -3.1171845404999998 1.2683093142931223 1.6712448535000004 53.500000000000007 1.1942968215000003 0.90296336447812076 1.2526022160000003 1.2237114120000003 1.3039599405000002 -16.359770412999996 1.1779470030000001 27.500000000000004 24.275273039000002 2.5000000000000004
decision_type=2 2 2 2 2 2 2 2 2 2 2 8 8 2 2 2 2 10 2 2 2 10 2 2 2 2 2 2 2 2
left_child=5 3 -3 4 -2 6 8 -8 9 10 11 -1 -13 14 -14 20 -12 -18 19 -4 26 25 23 -23 -24 -22 27 28 29 -6
right_child=1 2 18 -5 15 -7 7 -9 -10 -11 16 12 13 -15 -16 -17 17 -19 -20 -21 21 22 24 -25 -26 -27 -28 -29 -30 -31
leaf_value=0.00028780540396501771 -0.0011197175645225072 0.001762368064273212 0.00050678116259641754 -0.0010651827439690982 0.00029617058262201569 -0.0012274831913554275 -1.1288609671351868e-05 -0.0014894199442811952 0.00084459133640598651 -0.00075204194723057507 0.0008370963667272413 -0.00072156176055982737 -0.00046164322587167187 -0.00083628340124013991 0.00077673940472959286 -0.00135021951520726 -0.00020766781923764466 0.001075219685576756 0.0011005480170606762 -0.00040271547947672015 0.00035846695661408134 -0.00036825911103064991 -0.0012743702133195646 0.0019726349205512416 0.00022318885773965904 0.0014033826538345285 -0.001118891315006887 0.0010699425659942642 -0.00084965027761994827 -4.8282099911534093e-05
leaf_weight=16978 6548 5205 4640 5194 31028 5323 13900 6916 4565 6937 6471 10912 4718 6056 7459 5424 10177 4662 4856 11228 4976 5075 7409 4669 4876 4981 4923 6485 10074 99004
leaf_count=16978 6548 5205 4640 5194 31028 5323 13900 6916 4565 6937 6471 10912 4718 6056 7459 5424 10177 4662 4856 11228 4976 5075 7409 4669 4876 4981 4923 6485 10074 99004
internal_value=-2.17458e-05 3.82282e-05 0.000547062 -2.75326e-05 9.71981e-06 -0.000151077 -9.46058e-05 -0.000698814 6.47644e-05 -9.7479e-06 8.80438e-05 -0.000127634 -0.000441252 -4.72914e-05 0.000520235 5.05481e-05 0.000554774 0.000209681 0.000166433 -9.45001e-05 8.14692e-05 0.000413398 -8.90669e-05 0.000697507 -0.000712978 0.00152454 1.13847e-05 4.61302e-05 5.53133e-06 6.57505e-05
internal_weight=331669 226595 25929 200666 195472 105074 99751 20816 78935 74370 67433 46123 29145 18233 12177 188924 21310 14839 20724 15868 183500 31986 22029 9744 12285 9957 151514 146591 140106 130032
internal_count=331669 226595 25929 200666 195472 105074 99751 20816 78935 74370 67433 46123 29145 18233 12177 188924 21310 14839 20724 15868 183500 31986 22029 9744 12285 9957 151514 146591 140106 130032
is_linear=0
shrinkage=0.05


Tree=207
num_leaves=31
num_cat=0
split_feature=0 8 2 4 3 8 7 8 8 8 0 8 7 8 3 8 3 8 7 7 8 8 7 8 8 8 3 7 4 7
split_gain=1.11913 2.59633 1.70138 3.29213 4.24614 5.0371 10.5325 6.46365 5.91054 5.23848 1.49274 3.29568 4.50986 6.68409 6.88609 3.48158 9.84217 5.34198 3.947 11.2874 11.1791 4.77887 6.47694 3.46557 4.66847 4.44487 3.38973 4.23657 3.36391 3.73687
threshold=110.50000000000001 1.0372372480000003 4.5000000000000009 0.52369155028788228 5.7997795095000013 0.97265127900000015 0.99800425250000013 0.91760223650000017 0.8424309980000001 1.1208789765000002 37.500000000000007 1.5773862285000002 0.98106093850000009 0.95800982700000004 -23.930843164499993 1.1126193215000002 -5.7697706354999996 1.0539520960000004 1.0575228460000001 1.0758004030000003 1.1692778010000002 1.2304387475000003 1.0320909540000003 1.4151254285000003 1.3243624265000002 1.2157222685000002 -29.052049073499997 0.97175424950000011 0.90884395598582868 0.9225350630000001
decision_type=2 2 2 10 2 2 2 2 2 2 2 2 2 2 2 2 2 2 2 2 2 2 2 2 2 2 2 2 10 2
left_child=2 -2 10 -4 5 7 -7 8 -5 -8 -1 12 26 -14 -15 16 -16 -18 20 -20 -17 -22 -23 24 25 -21 -12 28 -28 -30
right_child=1 -3 3 4 -6 6 9 -9 -10 -11 11 -13 13 14 15 18 17 -19 19 23 21 22 -24 -25 -26 -27 27 -29 29 -31
leaf_value=-7.9267973746410814e-05 -6.2501316868091014e-05 0.0032931617481902764 -0.0015661884844268865 0.00084792287680481027 -0.0015897977176756784 -0.002089235360203967 -0.00086080409376848024 0.001832216525268146 -0.001241344308850495 0.0012698817431459843 0.00097957594942083568 0.0010253315534539675 -0.001136370460052008 -0.0012157819468740201 0.0017444240108722365 -0.0011648499671808449 -0.00082805355596726477 0.00089034203597526955 -0.0019540624338123592 0.0005610592121777253 0.001938278222331133 -0.00035191665914625637 0.001403273347243772 -0.00071949216896577406 0.0011828831139631957 -0.00086352658790069263 -0.00029475328011984163 0.0012799382884318589 0.0013198631318917632 5.2086110225307847e-06
leaf_weight=107385 15805 7265 4848 9396 8789 5525 7407 6390 7835 5606 6391 7895 6816 5156 7052 5654 8232 6446 5672 6186 5532 5989 4573 7685 6468 8467 17617 5017 7552 11582
leaf_count=107385 15805 7265 4848 9396 8789 5525 7407 6390 7835 5606 6391 7895 6816 5156 7052 5654 8232 6446 5672 6186 5532 5989 4573 7685 6468 8467 17617 5017 7552 11582
internal_value=-5.45543e-06 0.000330444 -3.05255e-05 -0.000280461 -0.000161914 4.65444e-05 -0.000570296 0.000530665 2.68334e-05 0.000206445 2.45193e-05 0.000128607 7.17819e-05 -0.000137324 -1.38359e-05 0.000103257 0.000640672 -9.7051e-05 -0.00010448 -0.000437172 0.00042293 0.00109479 0.000470805 -3.55767e-05 0.000295252 -0.000198697 0.000462223 0.000298039 0.000111886 0.000570824
internal_weight=332233 23070 309163 55796 50948 42159 18538 23621 17231 13013 253367 145982 138087 89928 83112 77956 21730 14678 56226 34478 21748 16094 10562 28806 21121 14653 48159 41768 36751 19134
internal_count=332233 23070 309163 55796 50948 42159 18538 23621 17231 13013 253367 145982 138087 89928 83112 77956 21730 14678 56226 34478 21748 16094 10562 28806 21121 14653 48159 41768 36751 19134
is_linear=0
shrinkage=0.05


Tree=208
num_leaves=31
num_cat=0
split_feature=4 3 0 7 7 7 7 3 7 7 2 4 7 2 4 0 3 7 4 4 3 7 9 7 4 7 7 7 3 4
split_gain=1.2039 1.90904 3.32221 1.91625 1.40876 1.60441 2.24581 3.35414 3.08919 2.64312 2.02394 3.69455 1.78146 1.37578 6.47666 3.99408 2.30725 2.90054 2.50373 2.89864 2.23432 4.18361 2.91304 3.39252 2.25711 2.13581 2.89561 2.1348 4.51411 6.6378
threshold=1.9872758246888045 35.269646639500003 86.500000000000014 1.0681136895000003 1.2523208980000002 1.1460201665000003 1.1201095380000001 -1.9534493009999998 1.1125821150000001 1.1053226455000003 1.0000000180025095e-35 0.90574909818682825 1.1875882665000002 4.5000000000000009 0.52369155028788228 67.500000000000014 -34.715770021499992 0.91589081200000011 0.53239370807584052 0.81815611947937217 -13.686838875499998 0.94873068150000017 29.500000000000004 0.99610262650000014 0.72737128769017889 0.99610262650000014 0.94443998950000008 0.95332521050000008 5.370655299500001 0.83558481314311817
decision_type=8 2 2 2 2 2 2 2 2 2 2 10 2 2 10 2 2 2 10 10 2 2 2 2 10 2 2 2 2 10
left_child=1 4 -3 -4 5 6 8 -8 9 13 -7 -12 -13 16 -15 -16 -1 18 -18 -20 24 -22 23 -23 -17 26 -26 28 29 -19
right_child=-2 2 3 -5 -6 10 7 -9 -10 -11 11 12 -14 14 15 20 17 27 19 -21 21 22 -24 -25 25 -27 -28 -29 -30 -31
leaf_value=0.00082463027755037279 0.00066852960548274278 -0.0019301386963076483 0.00091674062614841012 -0.0012426839570959054 0.00082312088805819306 0.00023404460760236836 0.0011930690932690725 3.4354580384821091e-05 -0.00083221947092139154 0.00085414042891163167 -0.0016776835517666178 0.00033120502659141906 -0.00080262813994007309 -0.0018994650888651933 -0.0012622996945790416 -0.00010867361006992594 0.00042663030633779134 8.6379967259880841e-05 -0.0010099265699257344 -0.00013063204255963634 -0.0021438364997702964 0.0013234420689357124 0.0013640606932945444 -0.0013739699488509172 0.0015112018556390856 0.0017709978117770198 -0.00051999358960366782 3.2611335488164088e-05 -0.00076397018118621598 0.0013324691204439855
leaf_weight=5316 5523 4821 6316 4812 5739 7081 4793 7901 4587 4620 4521 5915 5146 5123 4806 13065 4646 11334 10111 14644 5371 5082 5038 8849 4542 6837 6008 136471 4518 8439
leaf_count=5316 5523 4821 6316 4812 5739 7081 4793 7901 4587 4620 4521 5915 5146 5123 4806 13065 4646 11334 10111 14644 5371 5082 5038 8849 4542 6837 6008 136471 4518 8439
internal_value=1.22372e-05 -1.5316e-07 -0.000533565 -5.8385e-05 2.72537e-05 1.26325e-05 4.51515e-05 0.000694937 1.45224e-05 3.68168e-05 -0.000392073 -0.000710528 -0.00021801 1.57568e-05 -0.000184045 -3.73303e-05 8.19121e-05 5.31767e-05 -0.000403404 -0.000603292 8.39462e-05 -0.000273157 7.57616e-05 -0.000296893 0.000369373 0.000742439 0.000296068 0.000136688 0.000568509 0.000894302
internal_weight=331975 326452 15949 11128 310503 304764 282101 12694 269407 264820 22663 15582 11061 260200 64721 59598 195479 190163 29401 24755 54792 24340 18969 13931 30452 17387 10550 160762 24291 19773
internal_count=331975 326452 15949 11128 310503 304764 282101 12694 269407 264820 22663 15582 11061 260200 64721 59598 195479 190163 29401 24755 54792 24340 18969 13931 30452 17387 10550 160762 24291 19773
is_linear=0
shrinkage=0.05


Tree=209
num_leaves=31
num_cat=0
split_feature=4 8 7 4 5 8 7 7 8 2 2 9 7 8 7 8 2 2 8 9 7 7 4 2 8 8 8 8 8 8
split_gain=1.52765 1.66927 1.87308 4.87512 7.07378 3.42507 7.64375 6.78367 3.65147 4.88297 2.49605 1.74162 6.08473 4.40747 5.65912 6.59675 10.6491 6.79892 5.33027 3.54395 1.61113 4.21592 3.27914 3.71065 4.09869 3.27193 2.82952 2.81717 2.69708 8.2307
threshold=1.9872758246888045 1.7298127505000003 1.1460201665000003 1.0066804572528361 10.500000000000002 1.4361150800000002 1.1350018475000001 1.0920774425000002 1.3628059890000002 1.5000000000000002 1.5000000000000002 37.500000000000007 1.0906577955000001 0.8424309980000001 0.98106093850000009 1.0396849785000002 1.5000000000000002 3.5000000000000004 0.92706994300000012 51.500000000000007 1.0028781850000004 1.0072142665000003 0.78808883970587662 5.5000000000000009 1.0237742465000002 0.96422299450000015 1.0616339585000001 1.1942968215000003 1.1318326185000003 1.2304387475000003
decision_type=8 2 2 10 2 2 2 2 2 2 2 2 2 2 2 2 2 2 2 2 2 2 10 2 2 2 2 2 2 2
left_child=1 2 5 4 -4 6 8 -7 11 -10 -5 20 13 -13 18 -16 -17 -18 -15 -20 28 -22 26 24 25 -24 -23 -28 -1 -30
right_child=-2 -3 3 10 -6 7 -8 -9 9 -11 -12 12 -14 14 15 16 17 -19 19 -21 21 22 23 -25 -26 -27 27 -29 29 -31
leaf_value=2.0481759767142228e-05 0.00071157966014361311 -0.00095857598983800922 -1.941351098114219e-06 -0.00046602880063272847 -0.0020989309297008265 0.0014023781966875843 0.001814009766765179 -0.0003355081165620444 0.00010608740995092792 -0.0014465112491362148 0.00079686033118711586 -0.0016128295751265344 -0.0018560849529229541 0.0018898919137899208 -0.0015905365020747798 0.001159248372796784 -0.0015423246583828544 0.0010534183330954323 -0.00037346179900428212 0.0015155727021140958 0.0012232772988492388 0.00038034923994471339 0.00013020212767027306 0.0018853422229404672 0.00027761654164611962 -0.00135287460199931 -0.00089456077323044622 -6.2530688504841558e-05 -0.0010775996183680608 0.00053412634312930145
leaf_weight=110948 5511 5916 5498 8883 5045 7742 4817 5891 4917 4932 8927 4641 4569 4777 8337 5681 8102 4826 8413 4752 4848 7526 5374 7334 40745 5192 7040 6960 9012 4932
leaf_count=110948 5511 5916 5498 8883 5045 7742 4817 5891 4917 4932 8927 4641 4569 4777 8337 5681 8102 4826 8413 4752 4848 7526 5374 7334 40745 5192 7040 6960 9012 4932
internal_value=-7.07633e-06 -2.10131e-05 -5.6523e-06 -0.000393628 -0.0012455 3.19863e-05 -5.87592e-06 0.000805653 -4.06225e-05 -0.00098564 0.000110862 -5.3501e-06 -0.000258304 -9.71555e-05 5.45742e-05 -0.00040351 0.000120205 -0.000672698 0.000742464 0.000223045 5.98454e-05 0.00022773 0.000141096 0.000334825 0.000184397 -0.000692933 -0.000386652 -0.000806855 -5.44449e-05 -0.000709728
internal_weight=332088 326577 320661 28353 10543 292308 278675 13633 273858 9849 17810 264009 54098 49529 44888 26946 18609 12928 17942 13165 209911 85019 80171 58645 51311 10566 21526 14000 124892 13944
internal_count=332088 326577 320661 28353 10543 292308 278675 13633 273858 9849 17810 264009 54098 49529 44888 26946 18609 12928 17942 13165 209911 85019 80171 58645 51311 10566 21526 14000 124892 13944
is_linear=0
shrinkage=0.05


Tree=210
num_leaves=31
num_cat=0
split_feature=7 8 7 9 4 9 8 8 8 8 6 0 8 7 7 7 7 8 0 8 3 7 4 8 7 6 3 7 4 3
split_gain=1.34469 2.964 2.40556 1.82405 2.47952 2.36311 4.80911 5.93298 4.34093 4.4779 3.10443 3.99361 3.87785 3.48826 5.54624 5.24572 2.62694 2.4295 5.17059 4.54057 2.34107 2.05462 1.90881 1.8687 3.38915 3.06722 1.9513 3.80768 4.11177 4.00268
threshold=1.2132531175000001 1.5192940695000001 1.1875882665000002 9.5000000000000018 0.40039526982211632 27.500000000000004 0.86540467600000015 0.92233349500000006 0.95085857150000008 0.9749352160000001 1.0000000180025095e-35 64.500000000000014 1.0420770275000002 1.0607328465000003 1.1182239370000002 1.0142381880000002 0.91977347650000008 1.2330254055000003 48.500000000000007 1.0740390135000004 -6.9415700904999991 0.98477545750000017 1.6534265709003368 0.78871550150000014 0.8943654055000001 1.5000000000000002 -3.8276255669999997 1.0758004030000003 0.69986162902331761 -21.054209681999996
decision_type=2 2 2 2 10 2 2 2 2 2 2 2 2 2 2 2 2 2 2 2 2 2 8 2 2 2 2 2 10 2
left_child=2 -2 3 22 -5 23 16 -8 -9 -10 11 17 -13 15 -15 21 -7 19 -19 -11 -12 -14 -1 -6 -25 26 27 28 -26 -30
right_child=1 -3 -4 4 5 6 7 8 9 10 20 12 13 14 -16 -17 -18 18 -20 -21 -22 -23 -24 24 25 -27 -28 -29 29 -31
leaf_value=-0.00012427817009194876 0.0016718975548836669 -0.00022746748704117748 -0.00080783086507702222 -0.00062615823356603764 0.00099478419824521047 -0.00030476977425569209 0.001051381530351958 -0.0013268257390456895 0.0017060483534432236 0.00020923390382948659 -0.0011327810473572674 -0.00054633944549004607 0.0011541693793764047 -0.00069355626811504765 0.0015244580270955543 0.0026026581446413179 -0.0019576190076429525 -0.00051294498283078755 0.00078340009601509948 -0.00079383616727952142 -0.00021939493092398566 -0.00029564038729991139 -0.00094042417330230115 -0.00070890916669321411 0.00047551505141165133 0.00098767908819058785 0.00029907666827062862 -0.00087783569921682798 -0.0015304727619522868 5.384015722345037e-05
leaf_weight=59272 6127 7359 6320 4853 8190 6891 8977 5721 4853 7003 6961 6594 4512 7441 4572 7107 5053 6241 5904 10242 13036 4513 4912 7432 17401 8414 52612 8040 5240 20456
leaf_count=59272 6127 7359 6320 4853 8190 6891 8977 5721 4853 7003 6961 6594 4512 7441 4572 7107 5053 6241 5904 10242 13036 4513 4912 7432 17401 8414 52612 8040 5240 20456
internal_value=5.83138e-06 0.000494774 -1.48619e-05 4.68078e-06 6.61091e-05 8.84307e-05 -7.53507e-05 3.41187e-05 -8.2361e-05 3.51187e-06 -8.17178e-05 8.79019e-05 0.000450797 0.000706483 6.13663e-05 0.00118671 -0.00102519 -0.000341044 0.000200617 -0.000722464 -0.000625562 0.000386213 -0.000232906 0.000236619 0.000186559 0.000255086 0.000180595 -3.93512e-05 0.000147035 -0.000254854
internal_weight=332249 13486 318763 312443 248259 243406 115621 103677 94700 88979 84126 64129 34739 28145 12013 16132 11944 29390 12145 17245 19997 9025 64184 127785 119595 112163 103749 51137 43097 25696
internal_count=332249 13486 318763 312443 248259 243406 115621 103677 94700 88979 84126 64129 34739 28145 12013 16132 11944 29390 12145 17245 19997 9025 64184 127785 119595 112163 103749 51137 43097 25696
is_linear=0
shrinkage=0.05


Tree=211
num_leaves=31
num_cat=0
split_feature=3 5 8 8 3 2 8 7 8 7 3 3 3 8 8 7 8 8 8 7 8 3 8 0 7 7 2 7 0 8
split_gain=1.35026 0.891878 2.63954 2.22787 2.07911 1.76879 2.87318 6.4379 4.11035 4.36732 3.05316 3.21672 2.47045 3.03615 6.70788 5.63932 2.5412 2.04633 7.8813 10.3185 7.75431 1.87968 1.87732 1.78469 4.30728 5.0848 5.34923 6.93752 4.6943 3.43348
threshold=57.332769702000007 11.500000000000002 0.77793374000000004 0.74929210700000015 6.9518792145000008 2.5000000000000004 1.2763179770000004 1.0999404950000002 1.1640513860000004 1.0607328465000003 -34.715770021499992 -17.286409209999995 -10.703900558999999 0.90015274200000006 0.95315010000000011 1.0485333710000002 1.0092210495 0.97265127900000015 1.0352592580000002 0.99967947350000008 0.93401700600000004 -1.6899342194999998 1.0740390135000004 39.500000000000007 1.1707504705000003 1.0906577955000001 1.5000000000000002 1.0320909540000003 65.500000000000014 1.1052717865000001
decision_type=2 2 2 2 2 2 2 2 2 2 2 2 2 2 2 2 2 2 2 2 2 2 2 2 2 2 2 2 2 2
left_child=1 2 -1 -3 -4 17 8 -8 10 -10 -7 -12 -13 -14 -15 16 -16 20 19 -19 21 -5 -18 29 25 26 27 -25 -28 -20
right_child=-2 3 4 5 -6 6 7 -9 9 -11 11 12 13 14 15 -17 22 18 23 -21 -22 -23 -24 24 -26 -27 28 -29 -30 -31
leaf_value=-0.00076489148401475901 0.0013437629466507173 0.0010971822266549747 0.00012266320970118484 -0.00046736019858393543 -0.00062236290848582954 0.00098131288681596747 -0.0016323983036370393 2.4558338984292938e-05 0.0017011037809330555 -0.00039281514707879551 -0.0010752040514463185 0.00049098697586370539 -0.0015308640838848837 0.0018391419871853333 -0.00037729341261624196 0.00065978197578711595 -0.0022196848729995888 0.001867638312293607 -0.00079180718179916183 -0.00021427827811689449 -0.0017944686467203487 0.00041908649640562959 -0.00085498213583873328 -3.5916409664898954e-05 0.0018352523251455395 -0.00089411611457174134 -0.0010356090277941765 0.0017341616913224029 0.000420825115273793 -8.4498628303603118e-05
leaf_weight=9176 5187 4943 111082 4771 6593 5398 6595 7684 6567 6305 13575 7603 9466 6401 6247 7754 5203 5963 5636 5104 4857 6981 5017 5839 4634 7672 5811 5230 6174 31775
leaf_count=9176 5187 4943 111082 4771 6593 5398 6595 7684 6567 6305 13575 7603 9466 6401 6247 7754 5203 5963 5636 5104 4857 6981 5017 5839 4634 7672 5811 5230 6174 31775
internal_value=-3.67927e-05 -4.95306e-05 5.40968e-05 -0.000115519 0.000117798 -0.000142201 -0.000298311 -0.000951239 -0.000181039 0.000636794 -0.000338988 -0.000439441 -0.00024609 -0.000402813 -0.000160806 -0.000541257 -0.00106469 3.60869e-06 0.000104064 0.00134687 -0.000503341 0.000191375 -0.00155012 -8.50212e-05 0.000169659 -4.47431e-05 0.000326337 0.00111861 -0.000405546 -0.00032573
internal_weight=331243 326056 126851 199205 117675 194262 93815 14279 79536 12872 66664 61266 47691 40088 30622 24221 16467 100447 83838 11067 16609 11752 10220 72771 35360 30726 23054 11069 11985 37411
internal_count=331243 326056 126851 199205 117675 194262 93815 14279 79536 12872 66664 61266 47691 40088 30622 24221 16467 100447 83838 11067 16609 11752 10220 72771 35360 30726 23054 11069 11985 37411
is_linear=0
shrinkage=0.05


Tree=212
num_leaves=31
num_cat=0
split_feature=8 8 3 8 3 8 8 8 8 3 8 5 8 2 8 0 8 8 8 8 0 5 2 8 3 9 8 8 9 8
split_gain=1.16061 2.33104 1.46152 1.75607 1.47723 1.59129 5.90918 3.22308 2.33886 3.68337 3.95237 3.27242 3.02029 2.29344 8.34245 7.69667 1.69911 2.65593 1.97732 4.63326 1.74296 2.24811 3.55007 8.69109 4.89725 4.55494 4.63649 4.31471 5.23132 4.13874
threshold=0.69131934800000006 0.74929210700000015 57.332769702000007 0.78344438100000013 -50.741739744999997 0.85095842600000016 0.86540467600000015 0.87945863200000007 0.90015274200000006 -29.674830943499995 0.91975546850000012 12.500000000000002 1.0000014820000003 1.5000000000000002 0.8314545940000001 80.500000000000014 0.93643926100000019 0.95315010000000011 0.96876116550000013 0.98186433550000007 37.500000000000007 8.5000000000000018 2.5000000000000004 1.0952802825000003 0.44142719550000004 37.500000000000007 1.0771584090000001 1.2129755410000003 42.500000000000007 1.3380145900000002
decision_type=2 2 2 2 2 2 2 2 2 2 2 2 2 2 2 2 2 2 2 2 2 2 2 2 2 2 2 2 2 2
left_child=-1 -2 3 -3 -5 13 -7 -8 11 12 -11 -9 -10 -6 15 -15 -12 -18 -19 -20 -21 -22 23 24 -23 26 -24 28 -25 -28
right_child=1 2 -4 4 5 6 7 8 9 10 16 -13 -14 14 -16 -17 17 18 19 20 21 22 25 27 -26 -27 29 -29 -30 -31
leaf_value=-0.00088457217399531558 0.00089397497413242497 -0.00070462389763292505 0.0013358559729373942 0.00090691252860918285 0.00088192843526511695 -0.0017313605852669668 0.0010048032011847785 3.1966468309740927e-05 -0.0014386049902769815 0.0010203266596482824 -0.00083695933524717135 -0.0013214744037416265 -5.4889747060277161e-05 -0.001616127652027434 0.0014570101281326632 0.00080222229420024447 0.00070435873317374338 -0.00059367051198554459 0.0011942117884630511 -0.00015868281918557381 0.00040520913506885418 0.0017788771782423218 -0.00075042366342685247 1.1246673205192459e-05 0.00059163739259631147 -0.0010870907970977339 0.00065560033503981598 0.00025044867906209856 -0.0014807881993916694 -0.00049742347374928664
leaf_weight=5186 6298 6324 5129 4746 4654 5003 6259 5152 7187 8872 7372 4830 7102 4706 5453 6092 8961 7571 6637 80362 13486 4503 15832 7258 6587 19235 23084 26081 4761 7238
leaf_count=5186 6298 6324 5129 4746 4654 5003 6259 5152 7187 8872 7372 4830 7102 4706 5453 6092 8961 7571 6637 80362 13486 4503 15832 7258 6587 19235 23084 26081 4761 7238
internal_value=-2.39859e-05 -1.22024e-05 -3.093e-05 -4.45532e-05 -2.76673e-05 -4.13267e-05 -7.23856e-05 -4.17602e-05 -6.75723e-05 -3.89591e-05 6.05217e-06 -0.000818564 -0.0008194 0.000379603 9.91941e-05 -0.000705822 -3.24304e-05 -8.63554e-06 -4.26136e-05 -1.46465e-05 -5.60734e-05 5.84641e-05 -1.34181e-05 0.00030745 0.00153898 -0.000254802 1.46234e-05 -5.11744e-05 -0.000834789 0.000376727
internal_weight=331961 326775 320477 315348 309024 304278 283373 278370 272111 262129 247840 9982 14289 20905 16251 10798 238968 231596 222635 215064 208427 128065 114579 49190 11090 65389 46154 38100 12019 30322
internal_count=331961 326775 320477 315348 309024 304278 283373 278370 272111 262129 247840 9982 14289 20905 16251 10798 238968 231596 222635 215064 208427 128065 114579 49190 11090 65389 46154 38100 12019 30322
is_linear=0
shrinkage=0.05


Tree=213
num_leaves=31
num_cat=0
split_feature=7 4 7 7 0 2 7 4 7 7 4 4 4 3 5 0 7 0 7 7 3 7 7 7 3 7 4 3 7 3
split_gain=1.14364 2.28678 2.26502 3.3838 1.33444 3.84293 5.76322 6.31903 3.44876 3.01068 2.96494 1.97973 3.17165 2.97042 2.73341 2.16768 1.63857 2.17597 5.9358 6.77866 6.07566 4.8886 4.18005 2.63546 3.17056 3.13823 2.81536 2.39643 3.93399 2.33989
threshold=0.84552124650000016 0.6741217580185247 0.88401987800000015 0.87209273600000004 99.500000000000014 4.5000000000000009 0.9726132500000001 0.71998289365542911 1.0107513135000004 1.0517352690000001 1.2039874762748179 0.70792748231424296 0.59421509617575907 -19.952743553999998 8.5000000000000018 5.5000000000000009 1.2428445740000003 64.500000000000014 1.1249927920000002 0.95332521050000008 27.630393783500004 1.1277034765000002 1.1108714775000001 0.96905717250000001 13.693670635000002 0.98106093850000009 1.0729516929042127 -6.1002532549999993 0.9225350630000001 11.512596165000001
decision_type=2 8 2 2 2 2 2 10 2 2 10 8 10 2 2 2 2 2 2 2 2 2 2 2 2 2 10 2 2 2
left_child=1 -1 3 -2 5 11 7 -7 -8 -10 -6 12 14 -13 -4 -15 17 21 19 -19 29 22 23 27 25 -25 -27 -17 -29 -21
right_child=2 -3 4 -5 10 6 8 -9 9 -11 -12 13 -14 15 -16 16 -18 18 -20 20 -22 -23 -24 24 -26 26 -28 28 -30 -31
leaf_value=0.00018825657669225838 -2.8883809216660729e-05 -0.0010147177398108444 0.0001500263613822356 0.0014173749778835509 -1.2205425739097997e-05 -0.0022112226804781366 0.00060514583896882363 -0.00036905985837996095 -0.0015270029963038668 4.2218522061454601e-05 0.0020215551017107813 -0.0009460088762882874 0.00045722083723682695 -0.0005770581061455782 -0.00077493846592284758 -0.00093480162958696771 0.00082425871644704613 0.0012293509475157117 0.001569565374455595 -0.000219467708032417 -0.0019999288735646548 -0.00070005765261142998 0.00068011575761701699 0.00082424010111934462 -0.00055820576804366804 -0.00011116060185071275 0.00037586500772428537 0.00092832170267042051 -0.00039961928260500161 0.00054524855863623549
leaf_weight=5417 7786 6290 22340 5152 38850 5286 8621 6053 5694 7563 10769 5670 17461 9326 5521 6198 6227 6675 7573 22553 5498 17149 4549 4803 8567 33621 16585 5050 11223 8317
leaf_count=5417 7786 6290 22340 5152 38850 5286 8621 6053 5694 7563 10769 5670 17461 9326 5521 6198 6227 6675 7573 22553 5498 17149 4549 4803 8567 33621 16585 5050 11223 8317
internal_value=-3.01978e-05 -0.000515497 -1.24733e-05 0.000635479 -3.97242e-05 -8.53743e-05 -0.000587337 -0.0015019 -0.000113101 -0.00061925 0.000197737 -1.12267e-05 0.000284047 -8.57514e-05 -4.71004e-05 -4.90171e-05 -6.98693e-06 -3.82816e-05 0.000232117 4.93635e-06 -0.000263932 -0.000165313 -1.87636e-05 -9.68891e-05 6.76303e-05 0.000206993 9.01197e-05 -0.000562266 -0.000243427 8.90688e-06
internal_weight=332387 11707 320680 12938 307742 258123 33217 11339 21878 13257 49619 224906 45322 179584 27861 173914 164588 158361 50616 43043 36368 107745 90596 86047 63576 55009 50206 22471 16273 30870
internal_count=332387 11707 320680 12938 307742 258123 33217 11339 21878 13257 49619 224906 45322 179584 27861 173914 164588 158361 50616 43043 36368 107745 90596 86047 63576 55009 50206 22471 16273 30870
is_linear=0
shrinkage=0.05


Tree=214
num_leaves=31
num_cat=0
split_feature=4 3 1 7 7 8 8 4 7 8 7 8 9 1 8 9 7 8 7 7 7 7 8 4 7 3 8 7 8 4
split_gain=1.0219 1.86568 2.76972 1.68924 1.25131 2.52504 2.91168 8.05595 1.7428 6.17465 5.64514 3.52528 4.75468 3.94207 3.53703 3.498 2.93272 2.35271 2.16714 6.29324 4.3586 4.34937 3.73141 8.82893 4.38785 5.60457 2.71887 5.93698 4.66897 2.09916
threshold=1.9872758246888045 35.269646639500003 30.500000000000004 1.0654558240000001 1.2268644580000003 1.6712448535000004 1.4757161485000003 0.95428110347530426 1.1585803860000001 1.429914388 1.1303612510000003 1.3078657835000003 23.500000000000004 58.500000000000007 1.2690178225000002 22.500000000000004 1.1842334040000002 1.2489364475000002 1.0563097930000003 1.0445113095 1.1092861080000003 1.0360263355000001 1.0299972105000001 0.8095376440316665 1.0866460510000002 4.1743087730000008 1.1831267190000003 1.0000053235000002 1.1611543400000002 0.76621155510965255
decision_type=8 2 2 2 2 2 2 10 2 2 2 2 2 2 2 2 2 2 2 2 2 2 2 10 2 2 2 2 2 10
left_child=1 4 3 -3 5 6 8 -8 9 10 11 14 -13 -14 17 -12 -10 18 19 21 22 26 -20 -24 25 -25 28 -28 29 -1
right_child=-2 2 -4 -5 -6 -7 7 -9 16 -11 15 12 13 -15 -16 -17 -18 -19 20 -21 -22 -23 23 24 -26 -27 27 -29 -30 -31
leaf_value=0.00017523225199790328 0.00063881947615963006 0.00098407157119994606 -0.0016007618668751611 -0.0011401746126490197 -0.00052629172556084016 0.00092423106339411534 -0.0015917083090686735 0.00027239735904157627 -0.0011565708745543747 0.0015432306895178938 0.00026266514568076273 8.6479763803901105e-05 -0.0017616570448837105 -0.00028126458273968483 0.00066726191730501205 0.0017073021751194545 0.00019899787414448533 -0.00090822617702887576 0.0018917761258854804 -0.0013672073686806397 -0.00082131048323609297 0.0011932751314294417 -0.00081697443429505916 -0.00066202433691120444 0.0016498544525187842 0.0013911728077010384 -0.0012672279879765603 0.0002415715731938134 0.0010546256387107711 -9.4875647487896458e-05
leaf_weight=62123 5491 5928 5531 4515 8955 4983 5034 7189 4563 5112 4679 9158 5004 4630 9740 4514 5278 5964 6033 8355 4713 7010 4543 5160 5489 4518 5551 5730 4896 101563
leaf_count=62123 5491 5928 5531 4515 8955 4983 5034 7189 4563 5112 4679 9158 5004 4630 9740 4514 5278 5964 6033 8355 4713 7010 4543 5160 5489 4518 5551 5730 4896 101563
internal_value=2.66601e-05 1.52772e-05 -0.000511609 -3.23028e-05 4.23924e-05 5.96942e-05 4.09285e-05 -0.000714549 7.3418e-05 9.68615e-05 6.41756e-05 2.11388e-05 -0.0006384 -0.00141353 7.24959e-05 0.00128153 -0.000580185 3.32394e-05 5.91522e-05 -2.04883e-06 0.000451397 5.79924e-05 0.000707336 0.000374081 0.000953236 0.000312403 1.03548e-05 -0.000740962 6.06512e-05 1.512e-05
internal_weight=331952 326461 15974 10443 310487 301532 296549 12223 284326 274485 269373 260180 18792 9634 241388 9193 9841 231648 225684 195228 30456 186873 25743 19710 15167 9678 179863 11281 168582 163686
internal_count=331952 326461 15974 10443 310487 301532 296549 12223 284326 274485 269373 260180 18792 9634 241388 9193 9841 231648 225684 195228 30456 186873 25743 19710 15167 9678 179863 11281 168582 163686
is_linear=0
shrinkage=0.05


Tree=215
num_leaves=31
num_cat=0
split_feature=4 8 8 8 8 4 8 8 8 8 8 0 3 0 0 9 8 8 8 8 8 8 0 5 0 8 9 8 8 8
split_gain=1.85815 1.36457 1.28744 2.62375 4.70354 3.05253 2.6728 2.81748 2.10624 1.73467 3.40711 1.65774 1.65082 1.16979 1.16614 2.11448 5.68365 7.76504 4.98106 4.95796 4.89419 5.3274 4.79526 3.30175 2.55238 2.96308 3.5998 2.49997 1.88379 4.01853
threshold=1.9872758246888045 0.69131934800000006 1.7298127505000003 1.5192940695000001 1.4757161485000003 1.5866932268217389 1.4435879295000003 1.4151254285000003 1.3938727930000001 1.3109496115000001 1.2922678700000001 55.500000000000007 5.5876536425000003 41.500000000000007 52.500000000000007 31.500000000000004 0.86540467600000015 0.92233349500000006 0.85095842600000016 1.2237114120000003 1.0796594780000002 1.2097847630000003 67.500000000000014 16.500000000000004 75.500000000000014 1.0237742465000002 45.500000000000007 0.80894011650000008 1.2237114120000003 1.2618163615000004
decision_type=8 2 2 2 2 10 2 2 2 2 2 2 2 2 2 2 2 2 2 2 2 2 2 2 2 2 2 2 2 2
left_child=1 -1 3 4 5 6 7 8 9 10 14 -5 13 -11 28 18 -17 -18 27 22 -20 23 -19 -22 -24 26 -26 -16 -3 -30
right_child=-2 2 -4 11 -6 -7 -8 -9 -10 12 -12 -13 -14 -15 15 16 17 19 20 -21 21 -23 24 -25 25 -27 -28 -29 29 -31
leaf_value=-0.0010573110280181041 0.00087801201784754035 -3.586635825880702e-06 -0.00076729953762733061 0.00076137392503395631 -0.0010215268697066793 -0.00084288166366123249 0.0012863493326280119 -0.00076964494338168103 0.00096942318514783995 -0.0003650008630919133 0.0010902371088292618 6.9975663659141429e-05 -0.00074905557294252523 0.00018091872091253181 0.00066413483061043279 -0.001173596319357552 0.0016485988874298419 -0.001001478281384366 -0.00017860485998720256 0.00088700143389394139 0.00062280585342668895 -0.0004100926047611753 0.00066873474082660431 0.0022468513946368508 -0.00068064360578782017 -0.00071431766934285101 0.0019294825951068628 0.0019536686365948463 -0.00095530191699835516 0.00028414823482924293
leaf_weight=5177 5476 90417 5972 8746 4883 5959 4767 4624 4662 7157 5973 5600 6963 6007 9931 7276 5921 9470 48176 7217 9547 6070 5553 5115 5202 16158 4634 7161 7271 4888
leaf_count=5177 5476 90417 5972 8746 4883 5959 4767 4624 4662 7157 5973 5600 6963 6007 9931 7276 5921 9470 48176 7217 9547 6070 5553 5115 5202 16158 4634 7161 7271 4888
internal_value=2.66207e-05 1.1294e-05 2.42745e-05 3.80526e-05 6.56131e-06 3.19545e-05 5.49687e-05 3.53454e-05 5.55162e-05 3.77111e-05 7.28558e-05 0.000698558 -0.000409174 -7.97327e-05 4.46479e-05 0.000134719 -8.93206e-05 8.70107e-05 0.00029475 -0.000122826 0.000105205 0.000747456 -0.000335491 0.00126304 -3.9221e-05 -0.000247125 0.000436947 0.00105867 -8.4811e-05 -0.000668982
internal_weight=331973 326497 321320 315348 301002 296119 290160 285393 280769 276107 255980 14346 20127 13164 250007 147431 61431 54155 86000 48234 68908 20732 41017 14662 31547 25994 9836 17092 102576 12159
internal_count=331973 326497 321320 315348 301002 296119 290160 285393 280769 276107 255980 14346 20127 13164 250007 147431 61431 54155 86000 48234 68908 20732 41017 14662 31547 25994 9836 17092 102576 12159
is_linear=0
shrinkage=0.05


Tree=216
num_leaves=31
num_cat=0
split_feature=3 5 8 7 2 7 7 8 7 8 7 8 7 7 6 2 2 7 5 8 8 8 3 7 7 8 7 7 2 7
split_gain=1.43253 4.3319 3.57739 6.76716 6.15905 3.29127 3.66307 2.12347 3.39639 7.10813 3.74545 3.10027 2.45729 7.2232 3.40443 1.96697 2.84317 2.7127 2.42983 2.3938 6.70239 7.87318 2.33322 2.31869 13.4934 4.04748 5.12402 4.84483 6.63546 3.83589
threshold=-11.796539283499998 3.5000000000000004 1.1942968215000003 1.0607328465000003 3.5000000000000004 1.0310529730000002 1.0132845280000002 0.74929210700000015 0.90495753450000016 0.93834529050000015 0.9225350630000001 0.8387601320000001 0.9455878135000001 0.95332521050000008 1.0000000180025095e-35 5.5000000000000009 4.5000000000000009 1.0360263355000001 19.500000000000004 0.92233349500000006 0.95800982700000004 0.98186433550000007 3.0920740135000004 0.97838995950000007 0.96815741250000009 1.0189477030000003 0.99308499750000012 1.0126016745000002 1.5000000000000002 1.0584166585000003
decision_type=2 2 2 2 2 2 2 2 2 2 2 2 2 2 2 2 2 2 2 2 2 2 2 2 2 2 2 2 2 2
left_child=1 -1 3 5 -4 6 -3 -2 9 11 -10 -9 14 -14 -12 16 19 -17 -18 22 -21 -22 -15 24 -23 -25 -27 28 -28 -29
right_child=7 2 4 -5 -6 -7 -8 8 10 -11 12 -13 13 15 -16 17 18 -19 -20 20 21 23 -24 25 -26 26 27 29 -30 -31
leaf_value=-0.0010737885285471761 0.0010945010306796065 0.0002074338409116694 0.0013243386896095721 -0.0012241892736519489 -0.00019537905411912138 0.001260468159198236 -0.00086715049497463345 -0.00051436777354271497 0.0010564828986433128 0.00045332698932437632 -0.0010210523856268501 -0.002004670248949536 0.0013033131239116814 1.1253448155038039e-05 0.00016020180552479835 -3.4616054103513148e-05 -0.00042088765784486506 0.0021078688681773206 -0.0027407433319479174 -0.0014952007919105171 0.0012854795747393789 0.00049936160229573372 0.0011015706670731568 -0.00084799633751722896 -0.0017290495250802563 0.00083999353508417145 7.2463913239861907e-05 0.00039330713492142789 -0.002054977444938863 -0.00011178333729272572
leaf_weight=5089 4517 61473 9061 5515 5534 5225 4661 4512 7168 5589 6802 4908 5343 5942 5714 7480 7527 4521 4670 5474 4671 6113 4588 9200 4662 6835 5873 30938 5824 76749
leaf_count=5089 4517 61473 9061 5515 5534 5225 4661 4512 7168 5589 6802 4908 5343 5942 5714 7480 7527 4521 4670 5474 4671 6113 4588 9200 4662 6835 5873 30938 5824 76749
internal_value=7.90227e-06 0.000170096 0.000249115 0.00011284 0.00096661 0.000243295 0.000147795 -5.85676e-05 -7.95624e-05 -0.000806747 -2.90376e-05 -0.00164456 -6.76061e-05 -2.43108e-05 -0.000746745 -7.50372e-05 -0.000116574 0.000544519 -0.000853344 -6.2697e-05 -0.000111853 -4.94631e-05 0.000666825 -0.000114057 -0.000819805 -5.78738e-05 1.59439e-05 -6.03071e-05 -0.00102653 4.46876e-05
internal_weight=332178 96558 91469 76874 14595 71359 66134 235620 231103 15009 216094 9420 208926 196410 12516 191067 179066 12001 12197 166869 156339 150865 10530 146194 10775 135419 126219 119384 11697 107687
internal_count=332178 96558 91469 76874 14595 71359 66134 235620 231103 15009 216094 9420 208926 196410 12516 191067 179066 12001 12197 166869 156339 150865 10530 146194 10775 135419 126219 119384 11697 107687
is_linear=0
shrinkage=0.05


Tree=217
num_leaves=31
num_cat=0
split_feature=0 9 8 8 8 6 8 0 4 4 0 0 0 8 8 8 0 8 8 9 8 9 4 4 8 3 8 3 6 8
split_gain=1.4003 1.14042 4.31483 4.65193 3.85657 3.19579 3.65302 3.19367 2.653 2.83153 2.64566 2.21835 2.57204 2.5172 4.42674 4.01603 3.07736 2.06299 4.57461 1.92105 2.62204 1.61159 1.80713 1.78761 1.79641 1.64722 3.54717 2.18135 1.73389 4.59959
threshold=115.50000000000001 24.500000000000004 0.86540467600000015 0.91975546850000012 0.94232026850000017 1.0000000180025095e-35 1.2690178225000002 98.500000000000014 0.90296336447812076 1.3732174841372542 43.500000000000007 36.500000000000007 86.500000000000014 1.1100206280000002 1.2463057665000001 1.429914388 61.500000000000007 1.1942968215000003 1.0740390135000004 37.500000000000007 1.1263025625000003 9.5000000000000018 1.8522760438059065 1.4631902395942171 1.5441749580000004 7.6796061570000012 1.4093943000000004 16.338331983000003 1.0000000180025095e-35 0.84791830200000018
decision_type=2 2 2 2 2 2 2 2 10 10 2 2 2 2 2 2 2 2 2 2 2 2 8 10 2 2 2 2 2 2
left_child=1 21 -3 -4 -5 7 19 8 10 11 -6 -10 13 16 -15 -16 -13 18 -12 20 -7 22 -1 24 25 26 28 -27 29 -23
right_child=-2 2 3 4 5 6 -8 -9 9 -11 17 12 -14 14 15 -17 -18 -19 -20 -21 -22 23 -24 -25 -26 27 -28 -29 -30 -31
leaf_value=-2.9874424860695804e-05 0.0024914015344488284 -0.0007876323372454073 0.00083497246988404336 -0.001306516516620937 -0.00034623688088370467 -0.00026871819097187279 -0.0013175771699764473 0.0015112435811137693 -0.00080477720729138231 0.00058319696140115011 0.00076952284354829818 -0.00021261370093269563 -0.0013038993306117076 -0.0010095387989686789 0.00060065600196734792 -0.00056133771629082176 0.0013148785141559038 0.00094196705933894407 -0.00061603976646967546 -0.00088431205952788083 0.00081115950317868783 0.001387584860474589 -0.00069948815211341166 0.0008993518291820435 -0.00068331414253170884 -0.00058675798939366035 0.00095270260762369001 0.00035737010016952955 0.00029348062307343328 -0.0002185638167426396
leaf_weight=60864 9856 14286 9765 4950 4892 8209 8423 9563 5472 7490 7817 4501 6124 7735 8046 5261 4565 6543 4654 6781 4964 4528 4754 4955 5088 8381 4533 7439 51904 29694
leaf_count=60864 9856 14286 9765 4950 4892 8209 8423 9563 5472 7490 7817 4501 6124 7735 8046 5261 4565 6543 4654 6781 4964 4528 4754 4955 5088 8381 4533 7439 51904 29694
internal_value=2.66156e-05 8.65183e-06 -9.86283e-05 -5.06918e-06 -9.3323e-05 -3.24193e-05 -0.000490187 0.000124746 1.23111e-05 -0.000197667 0.000444356 -0.000358436 -0.000216629 -2.65666e-05 -0.00032665 0.0002263 0.000669717 0.000711131 0.000333641 -0.000121499 0.000230498 9.11362e-05 -0.000107051 0.000202743 0.000161443 0.000205313 0.000287462 -0.000265403 0.00021566 -6.06247e-05
internal_weight=332037 322181 140041 125755 115990 111040 28377 82663 73100 49194 23906 41704 36232 30108 21042 13307 9066 19014 12471 19954 13173 182140 65618 116522 111567 106479 90659 15820 86126 34222
internal_count=332037 322181 140041 125755 115990 111040 28377 82663 73100 49194 23906 41704 36232 30108 21042 13307 9066 19014 12471 19954 13173 182140 65618 116522 111567 106479 90659 15820 86126 34222
is_linear=0
shrinkage=0.05


Tree=218
num_leaves=31
num_cat=0
split_feature=9 9 8 8 8 0 6 5 0 7 0 7 7 8 7 7 7 8 8 8 8 8 8 8 8 6 0 2 7 2
split_gain=2.4646 1.42303 5.23742 4.97236 4.98033 3.19488 2.86426 2.47268 2.40483 2.06291 1.68133 1.65706 10.5444 4.09199 3.68828 2.67338 3.37763 4.00204 2.77132 3.28759 5.45442 4.35501 2.58225 4.67313 4.44765 3.85581 5.29447 7.1017 3.75668 3.09217
threshold=1.5000000000000002 27.500000000000004 0.86540467600000015 0.92233349500000006 0.94434546000000008 111.50000000000001 1.0000000180025095e-35 10.500000000000002 82.500000000000014 0.91977347650000008 38.500000000000007 1.0329430635000001 1.0194998250000002 1.0976287175000004 1.0405934205000003 1.0072142665000003 1.0000053235000002 1.1751955955000002 1.1077898600000002 1.0260839095000003 1.0000014820000003 1.0586509240000002 0.85802784950000011 0.91580697650000009 0.9749352160000001 1.0000000180025095e-35 46.500000000000007 5.5000000000000009 0.95619744050000011 3.5000000000000004
decision_type=2 2 2 2 2 2 2 2 2 2 2 2 2 2 2 2 2 2 2 2 2 2 2 2 2 2 2 2 2 2
left_child=-1 11 9 -4 -5 6 10 -8 -9 -3 -6 12 15 -14 -13 16 17 18 19 20 22 -21 25 28 29 -2 -27 -28 -24 -25
right_child=1 2 3 4 5 -7 7 8 -10 -11 -12 14 13 -15 -16 -17 -18 -19 -20 21 -22 -23 23 24 -26 26 27 -29 -30 -31
leaf_value=-0.00062286761624910376 0.0011809116559418744 -0.00045041091081067937 0.00096807930822511443 -0.0016327791390055109 -0.00039657218050689338 0.0031677980315516167 0.0002580988542236623 -0.0013190326517444008 -0.00040224433701941954 -0.0021278936241179965 8.4921096007445357e-05 -0.0012060308389801489 0.00050162290175673749 0.0016803541482359409 -6.3202414233076713e-06 -0.00053207359031820782 0.0010226690765105129 -0.00069418237258562783 0.00084085575860992634 -0.0010457835993865018 0.0011658936496476979 0.00013857039572915398 -0.00024085162717470132 8.5886742301799493e-05 -0.00050052818965279778 -0.0011392128982120832 0.001703854864975174 -0.00041239252377713032 -0.0023032545789486991 0.0014646362600458042
leaf_weight=9006 7767 7114 9008 4508 7751 5023 5288 7857 8234 5124 64227 5355 5265 5269 69535 10343 6172 7732 5841 5558 4849 5753 9294 8440 10274 4961 5733 8407 5436 7017
leaf_count=9006 7767 7114 9008 4508 7751 5023 5288 7857 8234 5124 64227 5355 5265 5269 69535 10343 6172 7732 5841 5558 4849 5753 9294 8440 10274 4961 5733 8407 5436 7017
internal_value=-2.50266e-05 -2.28229e-06 -0.000135131 -2.77031e-05 -0.000126345 -5.18372e-05 -0.000117955 -0.000626052 -0.000934238 -0.00111696 3.29939e-05 8.0588e-05 0.000192663 0.00170557 -0.000105147 5.2275e-05 0.000129069 5.69194e-05 0.000151396 7.77002e-05 0.000201917 -0.000714696 8.52096e-05 -0.000167116 0.000239451 0.000465151 8.30891e-05 0.000576175 -0.000877163 0.000775288
internal_weight=332141 323135 124134 111896 102888 98380 93357 21379 16091 12238 71978 199001 124111 10534 74890 113577 103234 97062 89330 83489 72178 11311 67329 40461 25731 26868 19101 14140 14730 15457
internal_count=332141 323135 124134 111896 102888 98380 93357 21379 16091 12238 71978 199001 124111 10534 74890 113577 103234 97062 89330 83489 72178 11311 67329 40461 25731 26868 19101 14140 14730 15457
is_linear=0
shrinkage=0.05


Tree=219
num_leaves=31
num_cat=0
split_feature=0 3 4 2 4 6 3 0 5 4 5 9 3 4 2 9 0 2 0 4 5 0 2 3 9 4 3 4 3 0
split_gain=1.92236 1.15189 3.35784 2.35516 2.1524 1.59892 2.60507 3.0776 2.73921 2.51161 5.03059 4.58532 1.5264 1.48528 1.70783 1.72186 4.01744 1.90098 1.74472 1.16368 2.04036 2.89112 1.17486 1.05225 1.37249 1.04037 1.02963 3.37891 2.09689 3.25715
threshold=117.50000000000001 6.7264742820000007 1.4978109360006691 1.0000000180025095e-35 1.1070181890119197 1.0000000180025095e-35 31.598499919000002 48.500000000000007 15.500000000000002 1.2039874762748179 19.500000000000004 44.500000000000007 0.73508838600000015 1.3067808724918881 3.5000000000000004 27.500000000000004 27.500000000000004 1.0000000180025095e-35 59.500000000000007 0.90296336447812076 20.500000000000004 32.500000000000007 1.5000000000000002 -7.1114353084999999 14.500000000000002 0.98011631505122498 -7.2869342384999998 0.3422227397364791 -10.294307049999999 45.500000000000007
decision_type=2 2 10 2 10 2 2 2 2 10 2 2 2 10 2 2 2 2 2 8 2 2 2 2 2 10 2 10 2 2
left_child=1 12 3 -3 -5 9 7 -7 -9 10 -6 -11 19 14 15 16 17 -14 -17 26 21 -21 -23 -24 -25 -26 27 -1 -29 -30
right_child=-2 2 -4 4 5 6 -8 8 -10 11 -12 -13 13 -15 -16 18 -18 -19 -20 20 -22 22 23 24 25 -27 -28 28 29 -31
leaf_value=-0.00078594756224889539 0.0052026098336550699 -0.00076466190854465046 0.00057299287836473092 -0.00090012053272955916 0.00066009629696913992 -0.00088505023676662136 -0.0016637929559552179 -0.00052466240175632619 0.00095739598937696348 -6.3039083046184666e-05 -0.001473160342930502 0.0019442701275649871 0.00045102089995845422 -0.00041822643834927843 -0.00032013123453209505 -0.00026239047044460676 0.0014707033433417616 -0.00037034539796623744 0.00076366862123701258 -0.00053256481241638072 -0.0010088819337680023 0.00044590133229491517 -0.0006746255468651958 0.00082271563051788683 0.00016208628273028103 -0.00057878724340193477 0.00020074352011075215 8.8754415663999664e-05 -0.00065090774782646801 0.00035678871304155871
leaf_weight=5350 4815 7585 12209 9795 5166 5311 6950 6290 9036 9628 5637 6140 6717 5011 7239 5897 7269 4762 5071 13326 7292 4690 5756 5066 9960 4837 33139 97872 9861 4596
leaf_count=5350 4815 7585 12209 9795 5166 5311 6950 6290 9036 9628 5637 6140 6717 5011 7239 5897 7269 4762 5071 13326 7292 4690 5756 5066 9960 4837 33139 97872 9861 4596
internal_value=-3.19762e-06 -1.77883e-05 -0.000177757 -0.000308556 -0.000209708 -8.63135e-05 -0.00035291 -7.08507e-05 0.000288631 0.000190491 -0.000396697 0.000592785 3.71847e-05 0.000311525 0.000421063 0.000588809 0.000879859 0.000297153 9.11328e-05 -1.98885e-05 -0.000226528 -9.71013e-05 0.000172775 3.95137e-05 0.000212024 -3.12458e-05 4.98929e-05 -1.94376e-05 3.90576e-05 -0.000522922
internal_weight=332273 327458 83747 71538 63953 54158 27587 20637 15326 26571 10803 15768 243711 41966 36955 29716 18748 11479 10968 201745 50927 43635 30309 25619 19863 14797 150818 117679 112329 14457
internal_count=332273 327458 83747 71538 63953 54158 27587 20637 15326 26571 10803 15768 243711 41966 36955 29716 18748 11479 10968 201745 50927 43635 30309 25619 19863 14797 150818 117679 112329 14457
is_linear=0
shrinkage=0.05


Tree=220
num_leaves=31
num_cat=0
split_feature=7 8 8 8 8 7 8 7 7 8 9 7 8 7 8 7 8 8 8 8 7 9 7 8 8 2 7 3 7 2
split_gain=1.42866 2.28162 2.02246 8.84074 5.35549 3.26278 4.43754 2.06291 6.455 2.38414 1.32331 1.00031 4.47381 5.65255 4.73659 3.56382 4.4651 3.22449 4.52794 5.7954 2.34765 1.70836 1.60603 1.38424 2.02135 7.30596 3.44164 10.4546 9.46401 3.81857
threshold=1.2132531175000001 1.5192940695000001 1.5192940695000001 1.4583205875 1.6117187765000003 1.1748222615000004 1.4093943000000004 1.1303612510000003 1.1419238990000002 1.3628059890000002 62.500000000000007 1.0563097930000003 1.2805315585000001 1.0640450860000004 1.2330254055000003 1.0445113095 1.0923965605000003 1.1894146140000001 1.1208789765000002 1.0441878835000002 1.0360263355000001 2.5000000000000004 0.96724136100000013 1.2650961850000002 1.1208789765000002 1.0000000180025095e-35 0.95928635150000019 7.6796061570000012 0.99308499750000012 2.5000000000000004
decision_type=2 2 2 2 2 2 2 2 2 2 2 2 2 2 2 2 2 2 2 2 2 2 2 2 2 2 2 2 2 2
left_child=2 -2 3 5 -4 6 7 9 -9 10 11 15 13 -13 17 20 -17 18 19 -15 21 22 -1 24 -23 -26 -27 28 -28 -30
right_child=1 -3 4 -5 -6 -7 -8 8 -10 -11 -12 12 -14 14 -16 16 -18 -19 -20 -21 -22 23 -24 -25 25 26 27 -29 29 -31
leaf_value=-7.2628944579611329e-05 0.0015836003484782869 -0.0001487864602274347 0.0010416074704484941 -0.0014975604562764866 -0.00033789742696411498 -0.0012002773606276552 0.0010681917774516935 0.0016587430368980251 -0.00019202652075310801 -0.00075077347611969276 -0.0007926511342371185 0.0013115994993029624 -0.00060959726226876847 0.00056043147243076683 0.0012159435295075129 -0.0025352622135397435 -0.00013434982938228534 -0.00098354223599306798 0.00074385029114141805 -0.001455009159074322 0.00066363893413463057 -7.6435269392388655e-05 -0.0010506715921678956 -0.00037514851245172847 -0.00099337802530059523 -0.00039063961205209057 0.001755370653756666 -0.00098352044479246554 -0.00017585310140895427 0.0016636443128812519
leaf_weight=4547 6141 7329 6336 6415 7394 6261 6706 4716 8247 6917 6422 6188 7861 6269 5235 4592 6800 5163 7990 6067 8962 149660 4503 7909 4529 4572 4527 4606 4508 4897
leaf_count=4547 6141 7329 6336 6415 7394 6261 6706 4716 8247 6917 6422 6188 7861 6269 5235 4592 6800 5163 7990 6067 8962 149660 4503 7909 4529 4572 4527 4606 4508 4897
internal_value=-5.34574e-05 0.000450835 -7.47716e-05 -0.000101492 0.000518748 -6.20273e-05 -3.78337e-05 -6.76865e-05 0.000548465 -9.69827e-05 -7.3125e-05 -5.55631e-05 0.000159397 0.000390064 0.000112272 -0.000100411 -0.000960779 -0.000169157 0.000114357 -0.000486184 -5.21589e-05 -8.86685e-05 -0.000759249 -5.58816e-05 -2.70016e-05 0.000365812 0.000725719 0.00102869 0.00171127 0.000806323
internal_weight=332269 13470 318799 305069 13730 298654 292393 285687 12963 272724 265807 259385 44773 36912 30724 214612 11392 25489 20326 12336 203220 194258 9050 185208 177299 27639 23110 18538 13932 9405
internal_count=332269 13470 318799 305069 13730 298654 292393 285687 12963 272724 265807 259385 44773 36912 30724 214612 11392 25489 20326 12336 203220 194258 9050 185208 177299 27639 23110 18538 13932 9405
is_linear=0
shrinkage=0.05


Tree=221
num_leaves=31
num_cat=0
split_feature=4 8 7 2 7 7 4 8 9 7 1 7 7 8 8 8 7 7 2 1 4 7 9 2 8 8 4 7 7 7
split_gain=0.90082 3.16403 2.98661 2.7308 4.22498 4.53679 5.59981 4.83689 4.49905 2.59029 1.74233 2.06779 1.88685 3.44847 4.46271 4.40393 3.01497 3.69806 12.6233 3.24008 2.16705 2.16078 2.20256 5.04494 4.32655 7.06601 2.07015 1.88994 7.34 2.60355
threshold=0.66936825404084577 0.71821890750000017 0.86021239400000005 6.5000000000000009 0.87473695000000007 0.92120249550000011 0.59996869676802655 1.0169589225000002 20.500000000000004 1.0413678250000002 111.50000000000001 1.2646002265000003 1.1972623645000002 1.5192940695000001 1.4583205875 1.6117187765000003 1.1201095380000001 1.1460201665000003 2.5000000000000004 59.500000000000007 1.164118642973458 0.89637365600000007 47.500000000000007 3.5000000000000004 1.0952802825000003 1.2237114120000003 0.89403782176714686 0.98947461550000015 0.98106093850000009 1.0008343830000002
decision_type=8 2 2 2 2 2 10 2 2 2 2 2 2 2 2 2 2 2 2 2 10 2 2 2 2 2 10 2 2 2
left_child=3 -2 -3 4 -1 -6 8 -8 9 -7 11 12 13 14 16 -15 21 18 -18 -19 -14 26 27 24 -24 -26 -4 28 -23 -29
right_child=1 2 10 -5 5 6 7 -9 -10 -11 -12 -13 20 15 -16 -17 17 19 -20 -21 -22 22 23 -25 25 -27 -28 29 -30 -31
leaf_value=0.00085345950933745783 0.0014276808540937937 -0.00098830426693509161 0.0011546023152337243 -0.00092431034494740302 -0.00064328541898433372 0.00049583674377479126 0.001781985183909049 0.0002367405579744214 -0.00091021928298754559 -0.00030699642331343815 -0.00038290868007141433 0.0012910532447667378 -0.0013621613643275633 0.0013213683940329125 -0.0013206083719148277 -4.9513230214726092e-05 0.0030745491616037931 0.00095480321237170209 -0.0005202982185654293 -0.00067870759613017644 3.2877646010734399e-05 -3.1523185774876009e-05 -4.2492319674347634e-05 0.00076483797415692611 -0.0024203592655859031 -0.00036461328443732066 -7.1430476623191027e-05 0.00069534367590902153 -0.0012770370638723579 -6.3951825811509044e-06
leaf_weight=7068 4569 6687 4622 6998 6930 14325 4546 6639 5651 8119 14387 5010 4500 4631 4887 5483 4876 4531 4787 5118 4682 54928 7388 6112 4695 5441 4733 15749 8614 85342
leaf_count=7068 4569 6687 4622 6998 6930 14325 4546 6639 5651 8119 14387 5010 4500 4631 4887 5483 4876 4531 4787 5118 4682 54928 7388 6112 4695 5441 4733 15749 8614 85342
internal_value=1.50578e-07 -3.86346e-05 -6.09544e-05 0.000175014 0.000296999 0.000122796 0.000330915 0.00127681 -4.58185e-05 0.000271727 -3.41623e-05 -2.89476e-06 -2.37948e-05 4.04196e-06 -3.71346e-05 0.00090671 -3.45716e-06 0.000592742 0.00128387 -9.96996e-05 -0.00072657 -6.17318e-05 -9.8593e-05 -0.000549892 -0.000981231 -0.00165171 0.000679754 -3.37862e-05 -0.000247455 0.000100523
internal_weight=332048 271772 267203 60276 53278 46210 39280 11185 28095 22444 260516 246129 241119 231937 221823 10114 216936 19312 9663 9649 9182 197624 188269 23636 17524 10136 9355 164633 63542 101091
internal_count=332048 271772 267203 60276 53278 46210 39280 11185 28095 22444 260516 246129 241119 231937 221823 10114 216936 19312 9663 9649 9182 197624 188269 23636 17524 10136 9355 164633 63542 101091
is_linear=0
shrinkage=0.05


Tree=222
num_leaves=31
num_cat=0
split_feature=8 4 5 4 8 8 3 9 8 2 9 9 4 2 8 8 8 3 9 8 2 3 2 4 4 6 2 8 6 8
split_gain=1.14754 4.73135 4.24579 3.57994 3.57634 3.2368 2.26967 2.11233 2.04898 3.16242 3.00187 1.99897 5.38758 4.87099 3.86948 3.89126 2.86714 4.67174 2.37604 2.32732 3.15043 2.08443 5.225 3.52025 2.67942 5.15615 3.72807 1.94477 3.43408 2.54878
threshold=1.2428557500000001 1.3732174841372542 25.500000000000004 1.6534265709003368 1.7298127505000003 1.2271159115000001 -18.577489800499997 24.500000000000004 1.2592987655000003 2.5000000000000004 26.500000000000004 36.500000000000007 0.71612826102680394 4.5000000000000009 1.0952802825000003 1.1667312910000003 0.89565229550000003 14.519103264000002 49.500000000000007 1.1865423385 2.5000000000000004 -22.623501473999998 3.5000000000000004 0.50605770383338944 0.5882475888489489 1.5000000000000002 5.5000000000000009 0.8176335815000001 1.0000000180025095e-35 0.90015274200000006
decision_type=2 10 2 8 2 2 2 2 2 2 2 2 10 2 2 2 2 2 2 2 2 2 2 10 10 2 2 2 2 2
left_child=3 2 4 5 6 11 -2 -3 -8 -10 -11 19 -13 14 16 -16 -14 18 -18 21 -21 22 -1 -24 -25 26 -26 28 -23 -29
right_child=1 7 -4 -5 -6 -7 8 -9 9 10 -12 12 13 -15 15 -17 17 -19 -20 20 -22 27 23 24 25 -27 -28 29 -30 -31
leaf_value=-0.001040269905635434 0.00087196431384317099 0.00039556890412461025 -0.0017510482573111386 -0.0010206548037413777 -0.0011340573106167374 -0.00075847354181350917 0.00089370649637408601 0.0019608710903174622 0.00017651631255607704 6.5435945949487984e-05 -0.0011886520873903184 0.00092188137480617995 -0.0012082203745322597 0.00096931241091310905 -0.0017640289793938863 -0.00046441648001304683 -0.00087852086099289301 0.0016846211823613123 0.00032532151111098752 5.4599588458162376e-05 0.0012637631317265641 0.0013899356147918014 -0.0012232672639537201 0.001051221335034306 0.00029588170477446997 0.0014681318651064757 -0.0014605759727100431 -0.00038598910411924149 7.4330388086793497e-05 0.00012396612806634676
leaf_weight=5872 5099 6069 4577 5383 4947 6131 4515 6533 39362 8087 7761 6178 4875 7619 6800 6227 7841 4829 4575 7668 4752 5342 5223 4916 5987 5463 7958 20918 9310 101296
leaf_count=5872 5099 6069 4577 5383 4947 6131 4515 6533 39362 8087 7761 6178 4875 7619 6800 6227 7841 4829 4575 7668 4752 5342 5223 4916 5987 5463 7958 20918 9310 101296
internal_value=5.23157e-06 0.00016129 9.41455e-06 -5.01187e-05 0.000106233 -2.14776e-05 0.000205155 0.00105695 0.000118659 3.48637e-05 -0.000561408 8.29218e-06 -0.000275797 -0.000475205 -0.000723643 -0.00140711 -0.000320904 -1.81159e-05 -0.000531358 8.3577e-05 0.000744467 3.59133e-05 -0.000305937 -3.51076e-05 0.000217847 -4.63607e-05 -0.000556452 0.000124387 0.000668623 5.91152e-05
internal_weight=332113 86950 74348 245163 69771 239780 64824 12602 59725 55210 15848 233649 48944 42766 35147 13027 22120 17245 12416 184705 12420 172285 35419 29547 24324 19408 13945 136866 14652 122214
internal_count=332113 86950 74348 245163 69771 239780 64824 12602 59725 55210 15848 233649 48944 42766 35147 13027 22120 17245 12416 184705 12420 172285 35419 29547 24324 19408 13945 136866 14652 122214
is_linear=0
shrinkage=0.05


end of trees

feature_importances:
crease_sr_idx=1784
crease_avg_idx=1702
legal_balls=638
wickets=610
run_rate_rel=582
runs_vs_par=518
crease_balls=367
runs_last_12=220
wickets_last_12=139
balls_remaining=130

parameters:
[boosting: gbdt]
[objective: quantile]
[metric: quantile]
[tree_learner: serial]
[device_type: cpu]
[data_sample_strategy: bagging]
[data: ]
[valid: ]
[num_iterations: 223]
[learning_rate: 0.05]
[num_leaves: 31]
[num_threads: 12]
[seed: 7]
[deterministic: 1]
[force_col_wise: 0]
[force_row_wise: 1]
[histogram_pool_size: -1]
[max_depth: -1]
[min_data_in_leaf: 4500]
[min_sum_hessian_in_leaf: 0.001]
[bagging_fraction: 0.8]
[pos_bagging_fraction: 1]
[neg_bagging_fraction: 1]
[bagging_freq: 1]
[bagging_seed: 17422]
[bagging_by_query: 0]
[feature_fraction: 0.8]
[feature_fraction_bynode: 1]
[feature_fraction_seed: 7040]
[extra_trees: 0]
[extra_seed: 6516]
[early_stopping_round: 0]
[early_stopping_min_delta: 0]
[first_metric_only: 0]
[max_delta_step: 0]
[lambda_l1: 0]
[lambda_l2: 5]
[linear_lambda: 0]
[min_gain_to_split: 0]
[drop_rate: 0.1]
[max_drop: 50]
[skip_drop: 0.5]
[xgboost_dart_mode: 0]
[uniform_drop: 0]
[drop_seed: 15215]
[top_rate: 0.2]
[other_rate: 0.1]
[min_data_per_group: 100]
[max_cat_threshold: 32]
[cat_l2: 10]
[cat_smooth: 10]
[max_cat_to_onehot: 4]
[top_k: 20]
[monotone_constraints: ]
[monotone_constraints_method: basic]
[monotone_penalty: 0]
[feature_contri: ]
[forcedsplits_filename: ]
[refit_decay_rate: 0.9]
[cegb_tradeoff: 1]
[cegb_penalty_split: 0]
[cegb_penalty_feature_lazy: ]
[cegb_penalty_feature_coupled: ]
[path_smooth: 0]
[interaction_constraints: ]
[verbosity: -1]
[saved_feature_importance_type: 0]
[use_quantized_grad: 0]
[num_grad_quant_bins: 4]
[quant_train_renew_leaf: 0]
[stochastic_rounding: 1]
[linear_tree: 0]
[max_bin: 255]
[max_bin_by_feature: ]
[min_data_in_bin: 3]
[bin_construct_sample_cnt: 200000]
[data_random_seed: 61]
[is_enable_sparse: 1]
[enable_bundle: 1]
[use_missing: 1]
[zero_as_missing: 0]
[feature_pre_filter: 1]
[pre_partition: 0]
[two_round: 0]
[header: 0]
[label_column: ]
[weight_column: ]
[group_column: ]
[ignore_column: ]
[categorical_feature: ]
[forcedbins_filename: ]
[precise_float_parser: 0]
[parser_config_file: ]
[objective_seed: 15521]
[num_class: 1]
[is_unbalance: 0]
[scale_pos_weight: 1]
[sigmoid: 1]
[boost_from_average: 1]
[reg_sqrt: 0]
[alpha: 0.75]
[fair_c: 1]
[poisson_max_delta_step: 0.7]
[tweedie_variance_power: 1.5]
[lambdarank_truncation_level: 30]
[lambdarank_norm: 1]
[label_gain: ]
[lambdarank_position_bias_regularization: 0]
[eval_at: ]
[multi_error_top_k: 1]
[auc_mu_weights: ]
[num_machines: 1]
[local_listen_port: 12400]
[time_out: 120]
[machine_list_filename: ]
[machines: ]
[gpu_platform_id: -1]
[gpu_device_id: -1]
[gpu_device_id_list: ]
[gpu_use_dp: 0]
[num_gpu: 1]

end of parameters

pandas_categorical:null
