tree
version=v4
num_class=1
num_tree_per_iteration=1
label_index=0
max_feature_idx=9
objective=quantile
feature_names=legal_balls balls_remaining wickets runs_vs_par run_rate_rel runs_last_12 wickets_last_12 crease_sr_idx crease_avg_idx crease_balls
feature_infos=[0:119] [1:120] [0:9] [-109.881995323:189.19159380299999] [0:8.0172162414209716] [0:63] [0:6] [0.60952400299999998:1.5237078850000001] [0.50168224299999997:2.6097224190000001] [0:119]
tree_sizes=2851 3054 3057 3047 3051 3061 3060 3061 3072 3077 3065 3075 3079 3084 3078 3079 3093 3093 3084 3081 3102 3091 3101 3096 3087 3096 3101 3103 3108 3103 3106 3106 3111 3103 3105 3102 3117 3118 3099 3104 3103 3110 3112 3108 3116 3121 3108 3098 3121 3122 3131 3119 3147 3113 3112 3112 3126 3134 3133 3113 3129 3141 3124 3132 3123 3126 3126 3132 3128 3119 3132 3118 3127 3131 3126 3125 3123 3118 3139 3137 3138 3117 3117 3114 3122 3140 3142 3122 3120 3137 3109 3120 3123 3126 3139 3112 3127 3113 3130 3137 3127 3135 3140 3143 3133 3139 3119 3128 3135 3125 3151 3127 3134 3141 3131 3134 3146 3104 3144 3142 3155 3135 3126 3119 3115 3121 3126 3142 3136 3125 3131 3135 3125 3127 3158 3131 3135 3112

Tree=0
num_leaves=31
num_cat=0
split_feature=0 4 4 0 4 4 4 7 0 4 4 0 8 7 0 9 0 9 0 8 7 9 5 7 7 9 2 0 7 9
split_gain=2126.54 1242.99 431.341 297.143 207.315 196.074 108.177 106.614 74.8803 65.0442 64.9197 68.4568 63.0306 34.7196 33.0121 32.5941 31.7355 30.9423 26.9039 21.4893 20.3121 18.4167 15.5995 15.5766 14.4997 7.35352 7.20379 5.10846 6.33621 4.7479
threshold=87.500000000000014 1.0358580307267065 1.1251459890337869 59.500000000000007 0.838575240876409 1.2350130220739157 1.3637326224228989 1.1585803860000001 107.50000000000001 1.4071874333953651 0.86794185012195324 71.500000000000014 1.1208789765000002 1.0473717320000002 106.50000000000001 30.500000000000004 110.50000000000001 18.500000000000004 105.50000000000001 1.1667312910000003 1.1350018475000001 44.500000000000007 16.500000000000004 1.1325404125000003 0.98890027000000014 24.500000000000004 3.5000000000000004 66.500000000000014 1.0116805640000002 18.500000000000004
decision_type=2 10 10 2 10 10 10 2 2 10 10 2 2 2 2 2 2 2 2 2 2 2 2 2 2 2 2 2 2 2
left_child=2 4 10 7 16 12 21 15 13 18 23 20 14 22 -3 29 24 -10 -7 26 25 -5 -6 27 -2 -12 -13 -1 -29 -4
right_child=1 5 3 6 8 9 -8 -9 17 -11 11 19 -14 -15 -16 -17 -18 -19 -20 -21 -22 -23 -24 -25 -26 -27 -28 28 -30 -31
leaf_value=1.6064028040683922 1.6102826702567079 1.6396340677745436 1.6149005147834727 1.6302511426742008 1.6242637207891684 1.6500098239625487 1.6455174049765418 1.6318572868852754 1.6475519034728918 1.6766111135490633 1.6124672541064562 1.6251413840431184 1.6524218137868261 1.6369535310946048 1.6647538636420633 1.6255892194347807 1.633209482453519 1.6614815648651899 1.6776813924312592 1.6296197542329061 1.6224566645634753 1.6349808135015109 1.6326244820724127 1.6181294961474237 1.6212805725986328 1.6174372555597381 1.6178373641808306 1.6079557982443327 1.6174912740880423 1.6199434659063818
leaf_weight=81043 11298 6890 15850 8080 7218 4632 4762 8171 4672 4759 27108 5085 8358 4685 6372 8535 5155 4903 4569 6638 7783 4561 5151 9195 7135 22500 5263 15878 6162 9866
leaf_count=81043 11298 6890 15850 8080 7218 4632 4762 8171 4672 4759 27108 5085 8358 4685 6372 8535 5155 4903 4569 6638 7783 4561 5151 9195 7135 22500 5263 15878 6162 9866
internal_value=1.62465 1.63143 1.62229 1.62598 1.62636 1.63858 1.63148 1.62372 1.62938 1.6432 1.6211 1.62225 1.63559 1.6274 1.63344 1.6225 1.62295 1.63292 1.64072 1.62504 1.62142 1.62906 1.62601 1.62034 1.62198 1.62105 1.62361 1.62017 1.62085 1.62161
internal_weight=332277 85797 246480 59825 50217 35580 17403 42422 26629 13960 186655 74377 21620 17054 13262 34251 23588 9575 9201 16986 57391 12641 12369 112278 18433 49608 10348 103083 22040 25716
internal_count=332277 85797 246480 59825 50217 35580 17403 42422 26629 13960 186655 74377 21620 17054 13262 34251 23588 9575 9201 16986 57391 12641 12369 112278 18433 49608 10348 103083 22040 25716
is_linear=0
shrinkage=1


Tree=1
num_leaves=31
num_cat=0
split_feature=3 0 3 3 0 3 0 8 0 7 0 7 7 7 0 8 0 5 3 0 5 7 9 9 9 3 2 7 3 8
split_gain=2393.89 778.496 329.343 311.653 215.859 138.025 64.3826 57.342 56.8802 51.9891 50.3239 46.8232 39.6806 38.9327 37.2058 34.4739 32.293 28.6847 25.7807 24.4157 18.9127 17.5296 9.96124 9.32113 9.02786 8.88264 8.69705 6.07929 4.52205 3.64499
threshold=19.877938300000004 88.500000000000014 -12.482722382999997 49.624655780000005 91.500000000000014 5.370655299500001 105.50000000000001 1.1692778010000002 112.50000000000001 1.1393784770000002 64.500000000000014 1.1325404125000003 1.1557826560000002 1.0000053235000002 69.500000000000014 1.1052717865000001 73.500000000000014 13.500000000000002 -16.674830226999998 54.500000000000007 16.500000000000004 0.98947461550000015 33.500000000000007 32.500000000000007 33.500000000000007 -27.399796712499995 3.5000000000000004 1.0038369515000001 -6.7641791689999993 1.2097847630000003
decision_type=2 2 2 2 2 2 2 2 2 2 2 2 2 2 2 2 2 2 2 2 2 2 2 2 2 2 2 2 2 2
left_child=1 5 8 4 9 11 7 20 17 14 12 16 22 -8 -2 -6 23 25 -18 -13 -4 -19 -7 28 -12 -3 -20 -25 -1 -29
right_child=3 2 6 -5 15 10 13 -9 -10 -11 24 19 -14 -15 -16 -17 18 21 26 -21 -22 -23 -24 27 -26 -27 -28 29 -30 -31
leaf_value=-0.018661683387352069 0.002754791097064301 -0.015866901348239506 0.0033560187502391691 0.044954778755869708 0.034026439402403158 -0.0065654709763155426 0.024465107514917716 0.014527886138382535 0.020851567472853147 0.014840126754413208 0.0018316982208480327 -0.0057932564974446637 0.0052351001930839944 0.039378967601772244 0.011601307881385312 0.036747909676300282 -0.01333279663426975 -0.0038361728058941228 0.0011857451297906274 0.0042050611568437294 0.0096348049638846564 0.0078571361589873552 -0.001329588621499478 -0.01131523575728623 0.0058330159943330911 -0.0031152805233133989 -0.0061372174812493472 -0.0086098053249430654 -0.01244051687582255 -0.0027095922092500446
leaf_weight=55821 6788 9739 6169 7852 8075 18600 6713 5745 5678 4744 4837 15573 5088 6229 6362 6167 13557 5030 6355 4597 6310 4625 6643 13778 6089 5585 6404 4504 63900 4743
leaf_count=55821 6788 9739 6169 7852 8075 18600 6713 5745 5678 4744 4837 15573 5088 6229 6362 6167 13557 5030 6355 4597 6310 4625 6643 13778 6089 5585 6404 4504 63900 4743
internal_value=-0.000128498 -0.00169819 0.00328387 0.0113447 0.00916026 -0.00303455 0.00690289 0.00498546 -0.000395768 0.00550198 -0.000414063 -0.00360585 -0.00146213 0.00959991 0.00388065 0.0137531 -0.00387752 -0.00142271 -0.00226739 -0.00132838 0.00308034 0.000711697 -0.00227404 -0.00417426 0.00249474 -0.0027673 -0.000653793 -0.0032512 -0.00435165 -0.00225735
internal_weight=332300 292312 61823 39988 32136 230489 31166 18224 30657 17894 41257 189232 30331 12942 13150 14242 169062 24979 26316 20170 12479 9655 25243 142746 10926 15324 12759 23025 119721 9247
internal_count=332300 292312 61823 39988 32136 230489 31166 18224 30657 17894 41257 189232 30331 12942 13150 14242 169062 24979 26316 20170 12479 9655 25243 142746 10926 15324 12759 23025 119721 9247
is_linear=0
shrinkage=0.05


Tree=2
num_leaves=31
num_cat=0
split_feature=3 1 1 4 3 3 1 4 8 1 1 9 8 1 8 5 8 1 8 3 1 4 8 8 3 9 4 3 1 9
split_gain=2105.52 593.775 428.286 283.735 118.795 88.5207 87.1007 81.6014 60.5152 43.0414 39.4294 33.4719 29.6035 26.0038 24.9334 23.9288 22.1428 19.7293 16.0382 13.9336 13.1246 11.1626 10.4038 9.89211 9.57326 8.48346 5.42754 5.23912 4.02155 3.98257
threshold=15.442479321500002 36.500000000000007 37.500000000000007 0.84139536797606307 53.057794183000006 31.598499919000002 10.500000000000002 0.88266309968999013 1.1692778010000002 18.500000000000004 55.500000000000007 16.500000000000004 1.0877557720000002 9.5000000000000018 1.3989826220000003 15.500000000000002 1.1232906845000004 52.500000000000007 1.3201884320000004 8.9975079800000017 21.500000000000004 0.73487844853869044 1.1208789765000002 1.2428557500000001 6.2401220540000013 36.500000000000007 0.9273945603857191 5.7997795095000013 72.500000000000014 28.500000000000004
decision_type=2 2 2 10 2 2 2 10 2 2 2 2 2 2 2 2 2 2 2 2 2 10 2 2 2 2 10 2 2 2
left_child=1 3 4 13 9 17 11 22 15 12 18 -5 -2 -1 19 26 -11 -4 27 28 -17 -15 -3 -19 -16 -24 -8 -9 -12 -23
right_child=2 7 5 6 -6 -7 8 10 -10 16 14 -13 -14 21 24 20 -18 23 -20 -21 -22 29 25 -25 -26 -27 -28 -29 -30 -31
leaf_value=0.0071232714595437568 0.037607407329313537 -0.01778617139657087 0.0090397656306694871 0.025996921930026728 0.049537429510916699 0.016209793867999246 -0.0027383878934005641 -0.0032789287051592907 0.011970114197141082 0.015945415319803393 -0.0068585463662363443 0.039895128881564046 0.042439905846109474 -0.016417400528908218 -0.0045759586873195257 0.011463310352489278 0.018875847674355795 -0.00028976443308921241 0.0036755761482108514 -0.0031188937907220848 0.003791811137810068 -0.0073425278404469487 -0.011690644526754668 0.0055229112826366113 0.0025195561199045143 -0.0036102748053049535 0.0032588174276874018 0.0007231268711947209 -0.010232058332752409 -0.00081089402224192449
leaf_weight=5230 7214 69829 4649 4709 5225 6152 4617 11625 8823 5149 13048 5670 5130 11990 9990 5315 5403 6815 4535 10177 5997 5758 37946 5565 4582 4669 6297 4606 40861 4620
leaf_count=5230 7214 69829 4649 4709 5225 6152 4617 11625 8823 5149 13048 5670 5130 11990 9990 5315 5403 6815 4535 10177 5997 5758 37946 5565 4582 4669 6297 4606 40861 4620
internal_value=-0.000244221 -0.00194543 0.00906972 0.00208196 0.0132171 0.0040367 0.00469819 -0.00325757 0.00337171 0.0116598 -0.00221384 0.00866285 0.0136675 -0.00184545 -0.00272542 0.00198012 0.00930567 0.00217829 -0.000275867 -0.0031499 0.00359106 -0.0025875 -0.0041803 0.00113444 -0.000858202 -0.00356347 0.000309551 -0.00101041 -0.00347025 -0.00138592
internal_weight=332196 280894 51302 69026 28121 23181 41428 211868 31049 22896 99424 10379 12344 27598 78658 22226 10552 17029 20766 64086 11312 22368 112444 12380 14572 42615 10914 16231 53909 10378
internal_count=332196 280894 51302 69026 28121 23181 41428 211868 31049 22896 99424 10379 12344 27598 78658 22226 10552 17029 20766 64086 11312 22368 112444 12380 14572 42615 10914 16231 53909 10378
is_linear=0
shrinkage=0.05


Tree=3
num_leaves=31
num_cat=0
split_feature=3 0 4 0 3 7 4 7 7 0 4 0 7 0 4 0 0 0 5 5 0 9 7 8 0 9 9 7 7 9
split_gain=1815.46 644.147 274.175 209.71 129.011 117.415 53.8541 49.6599 46.746 44.7532 44.3479 38.185 37.3894 34.1798 31.0712 34.4848 27.0544 25.3322 25.2297 21.5577 19.882 14.9979 11.4413 11.2871 8.86654 5.95113 4.90876 4.81042 3.80879 3.69892
threshold=19.877938300000004 89.500000000000014 0.90574909818682825 92.500000000000014 4.7579822045000002 1.1496716780000003 1.3832216031174449 1.0394500700000002 1.1325404125000003 70.500000000000014 0.781726907187691 69.500000000000014 1.1557826560000002 108.50000000000001 0.78492537866292544 68.500000000000014 108.50000000000001 54.500000000000007 23.500000000000004 16.500000000000004 101.50000000000001 31.500000000000004 0.98890027000000014 1.1667312910000003 108.50000000000001 36.500000000000007 20.500000000000004 1.0061706605000003 1.0320909540000003 27.500000000000004
decision_type=2 2 10 2 2 2 10 2 2 2 10 2 2 2 10 2 2 2 2 2 2 2 2 2 2 2 2 2 2 2
left_child=1 4 10 5 8 11 18 13 14 12 24 -2 21 19 27 26 22 -10 -5 -4 -9 -6 -12 25 -3 -17 -16 -1 -23 -29
right_child=3 2 7 6 9 -7 -8 20 17 -11 16 -13 -14 -15 15 23 -18 -19 -20 -21 -22 28 -24 -25 -26 -27 -28 29 -30 -31
leaf_value=-0.019615247082230725 0.0028803504033976584 -0.012286318631897435 0.0030257431057645638 0.0280364269815946 -0.0062314607749551099 0.021448947999203865 0.047157376816049312 0.012401435129178951 -0.0053951637299912382 0.0044846589602132369 -0.0048334558270457639 0.011855462737776172 0.0047649154719177772 0.029253630013611712 -0.011947742145419802 -0.0071521827350181843 0.019721209681919788 0.0045558101029468745 0.038193672708010974 0.010095162541627293 0.031380261342099855 -0.0031077982236066581 0.0042525807729197973 0.00093397355587822913 -0.0019306856684614293 -0.0017607067517923271 -0.0084511538193054007 -0.01323685267531723 0.0010977543504205685 -0.0094409566757938795
leaf_weight=54554 7578 11097 5606 8426 20411 5136 4634 4992 15023 8883 4521 8123 5958 7781 34972 9811 4626 4541 5936 6575 5003 4842 5018 6222 4546 5707 30772 21304 4860 4515
leaf_count=54554 7578 11097 5606 8426 20411 5136 4634 4992 15023 8883 4521 8123 5958 7781 34972 9811 4626 4541 5936 6575 5003 4842 5018 6222 4546 5707 30772 21304 4860 4515
internal_value=-0.000351576 -0.00171696 0.00291241 0.00966125 -0.00290763 0.00619494 0.0134609 0.00629013 -0.0034846 -0.000502014 -0.000482677 0.0040459 -0.00128493 0.0048475 -0.00375419 -0.00310176 0.00154375 -0.00117124 0.0119399 0.00319178 0.0091675 -0.00200096 2.14783e-05 -0.00137503 -0.00231755 -0.00209625 -0.0036726 -0.0044641 -0.0003822 -0.00389928
internal_weight=331973 292140 59765 39833 232375 20837 18996 29957 187421 44954 29808 15701 36071 19962 167857 87484 14165 19564 14362 12181 9995 30113 9539 21740 15643 15518 65744 80373 9702 25819
internal_count=331973 292140 59765 39833 232375 20837 18996 29957 187421 44954 29808 15701 36071 19962 167857 87484 14165 19564 14362 12181 9995 30113 9539 21740 15643 15518 65744 80373 9702 25819
is_linear=0
shrinkage=0.05


Tree=4
num_leaves=31
num_cat=0
split_feature=3 1 1 3 7 7 3 1 7 1 8 1 9 7 1 1 5 5 3 3 3 5 9 9 7 7 3 9 1 1
split_gain=1604.58 469.964 366.469 183.993 100.24 84.7483 75.9938 57.4147 48.3078 47.9689 39.0831 34.7568 34.2991 27.4179 22.5072 22.4003 19.552 19.4095 17.3575 15.0099 10.7388 10.3915 9.58736 8.9861 8.05923 6.56435 6.51147 6.44072 5.81524 5.51795
threshold=13.326599906500002 36.500000000000007 34.500000000000007 -12.024442542499999 1.1496716780000003 1.1350018475000001 53.057794183000006 8.5000000000000018 1.0596003980000002 8.5000000000000018 1.1208789765000002 54.500000000000007 38.500000000000007 1.0046301695000002 18.500000000000004 62.500000000000007 18.500000000000004 18.500000000000004 0.73508838600000015 -1.2616499699999999 4.5688337305000006 13.500000000000002 35.500000000000007 38.500000000000007 1.0061706605000003 1.0132845280000002 -23.475989162999998 22.500000000000004 57.500000000000007 21.500000000000004
decision_type=2 2 2 2 2 2 2 2 2 2 2 2 2 2 2 2 2 2 2 2 2 2 2 2 2 2 2 2 2 2
left_child=1 3 6 9 11 12 10 -5 17 -1 16 23 18 21 -12 -7 -2 29 24 25 -17 -11 -13 -4 -3 -14 -15 -20 -26 -9
right_child=2 5 4 7 -6 15 -8 8 -10 13 14 22 19 26 -16 20 -18 -19 27 -21 -22 -23 -24 -25 28 -27 -28 -29 -30 -31
leaf_value=0.014923631998759802 0.017212904191735625 -0.01637171333363897 0.0044198461035011953 0.04056530852874967 0.014961545709538331 0.0047706706324985035 0.045149596206868571 0.0059930855007883201 0.01333880808520347 -0.012992289971313698 0.039331192707828602 -0.0018672070013568934 -0.0093862554784915741 -0.0023775481666373755 0.017270377577084706 -0.0047670834094692641 0.02898160947117541 0.0087960838403743809 -0.0083778283794805116 -0.00028887949922587084 0.0019768466401890008 -0.0027409778741527254 0.0034044208533544271 0.011114064640141948 -0.0063558523610949998 -0.0031279093316014615 0.0049847576246084399 -0.004587479479088153 -0.010790037327843928 -0.00052145013049906068
leaf_weight=6699 5227 74549 4689 5709 6691 4574 4967 4697 6875 13843 4903 8646 9692 4640 5049 14897 8207 6561 24227 8780 5076 7322 4964 4587 8815 4534 4522 13849 38291 6302
leaf_count=6699 5227 74549 4689 5709 6691 4574 4967 4697 6875 13843 4903 8646 9692 4640 5049 14897 8207 6561 24227 8780 5076 7322 4964 4587 8815 4534 4522 13849 38291 6302
internal_value=-0.000446376 -0.00204246 0.00711487 0.00159211 0.00322037 -0.00322024 0.0111762 0.00449202 0.00343596 -0.000769087 0.00997905 0.00164562 -0.00359077 -0.00161496 0.0123571 -0.000461674 0.00821341 0.00204384 -0.00385076 -0.00178523 -0.00118455 -0.00260392 3.6723e-05 0.00400496 -0.00414249 -0.00278828 0.000669793 -0.00291825 -0.0036293 0.000759268
internal_weight=332384 274454 57930 67170 29577 207284 28353 30144 24435 37026 23386 22886 182737 30327 9952 24547 13434 17560 159731 23006 19973 21165 13610 9276 121655 14226 9162 38076 47106 10999
internal_count=332384 274454 57930 67170 29577 207284 28353 30144 24435 37026 23386 22886 182737 30327 9952 24547 13434 17560 159731 23006 19973 21165 13610 9276 121655 14226 9162 38076 47106 10999
is_linear=0
shrinkage=0.05


Tree=5
num_leaves=31
num_cat=0
split_feature=0 4 4 0 4 4 7 7 0 0 7 0 4 8 0 7 8 0 7 0 9 5 7 0 8 5 9 0 7 7
split_gain=1186.84 680.276 244.241 121.031 112.532 109.292 66.9914 60.7538 51.0608 46.4338 46.4202 44.2571 31.8471 26.1453 25.0718 21.8036 21.342 20.04 19.2463 17.6184 13.3664 13.0316 11.1835 9.24073 8.12878 8.09312 6.12905 4.80386 4.70356 4.37912
threshold=82.500000000000014 1.0066804572528361 1.1105540971279948 51.500000000000007 1.2088914691982777 0.81815611947937217 1.1585803860000001 1.1249927920000002 110.50000000000001 107.50000000000001 1.1350018475000001 107.50000000000001 0.78808883970587662 1.1232906845000004 69.500000000000014 1.0046301695000002 1.1667312910000003 51.500000000000007 1.0452659895000003 109.50000000000001 23.500000000000004 21.500000000000004 0.99610262650000014 99.500000000000014 1.1667312910000003 17.500000000000004 18.500000000000004 64.500000000000014 1.0116805640000002 1.0320909540000003
decision_type=2 10 10 2 10 10 2 2 2 2 2 2 10 2 2 2 2 2 2 2 2 2 2 2 2 2 2 2 2 2
left_child=2 5 10 6 11 19 20 21 13 16 12 18 28 -6 26 -13 23 -12 25 22 -4 27 -2 -7 -16 -3 -14 -5 -1 -28
right_child=1 4 3 7 8 9 -8 -9 -10 -11 17 15 14 -15 24 -17 -18 -19 -20 -21 -22 -23 -24 -25 -26 -27 29 -29 -30 -31
leaf_value=-0.017722046276989322 -0.012928842232630433 0.0060135431306741968 -0.0075561759698199171 -0.00080456816698718707 0.019604451482852954 -0.0017271488753334533 0.0046331514773295659 0.012796707807459298 0.06301461959604486 0.022187066792563864 -0.0048946286944726919 0.026676122615202087 -0.011051526815783121 0.02252926360923739 -0.0045172647277865871 0.041055995659568675 0.0080746298011573278 0.003421370926604736 0.013167775151530557 0.0028067832575095495 -0.002171439360619783 0.006522318543620665 -0.0035485327630622476 0.0043421991523296738 0.00075888765190513933 0.010080516013296729 -0.0091270486351578261 0.0032585644070569388 -0.011610539176468482 -0.004597788218360147
leaf_weight=53452 13186 4826 20349 4505 6036 10406 7455 5330 5127 8864 12310 4506 25623 6917 10680 4537 4797 5008 7158 5111 11355 5221 6811 5322 5071 5673 24031 5709 23153 13205
leaf_count=53452 13186 4826 20349 4505 6036 10406 7455 5330 5127 8864 12310 4506 25623 6917 10680 4537 4797 5008 7158 5111 11355 5221 6811 5322 5071 5673 24031 5709 23153 13205
internal_value=-0.000523967 0.00405224 -0.00247841 0.000271654 0.00861784 0.000300263 -0.00136465 0.003357 0.0116644 0.0023697 -0.00343353 0.00655308 -0.00370748 0.00998495 -0.00300006 0.00939821 0.00106308 -0.000977892 0.0050937 -0.00212201 -0.00236747 0.00176651 -0.00279147 0.000172248 -0.00121573 0.00372763 -0.00344705 0.000727076 -0.00443317 -0.00303644
internal_weight=331734 99277 232457 59924 44780 54497 39159 20765 18080 29389 172533 26700 155215 12953 78610 9043 20525 17318 17657 25108 31704 15435 19997 15728 15751 10499 62859 10214 76605 37236
internal_count=331734 99277 232457 59924 44780 54497 39159 20765 18080 29389 172533 26700 155215 12953 78610 9043 20525 17318 17657 25108 31704 15435 19997 15728 15751 10499 62859 10214 76605 37236
is_linear=0
shrinkage=0.05


Tree=6
num_leaves=31
num_cat=0
split_feature=3 0 0 4 3 7 0 4 3 8 7 0 7 9 8 4 0 0 9 4 7 7 7 7 7 9 0 3 8 0
split_gain=1280.97 414.015 239.062 198.394 92.6965 78.029 61.3515 44.0506 43.3731 41.773 34.7281 27.6513 27.3287 25.2297 24.5833 19.4894 14.35 12.1734 11.8029 11.7529 8.92229 8.22793 6.61508 6.55137 6.01059 5.6441 5.46646 4.69292 4.52361 3.68213
threshold=14.998353170000001 80.500000000000014 94.500000000000014 0.84139536797606307 40.087565716500002 1.1350018475000001 102.50000000000001 0.87970052935698539 49.624655780000005 1.1667312910000003 1.1557826560000002 71.500000000000014 1.0028781850000004 31.500000000000004 1.0877557720000002 0.72737128769017889 50.500000000000007 105.50000000000001 15.500000000000002 0.9273945603857191 1.2082677355000002 1.0142381880000002 1.0320909540000003 0.97838995950000007 1.0080447965000003 36.500000000000007 55.500000000000007 7.6796061570000012 1.0237742465000002 102.50000000000001
decision_type=2 2 2 10 2 2 2 10 2 2 2 2 2 2 2 10 2 2 2 10 2 2 2 2 2 2 2 2 2 2
left_child=1 5 4 15 10 7 9 21 14 19 11 25 18 27 -4 29 20 23 -8 -5 -7 -1 28 -17 -21 -2 -23 -9 -15 -3
right_child=2 3 8 6 -6 16 12 13 -10 -11 -12 -13 -14 22 -16 17 -18 -19 -20 24 -22 26 -24 -25 -26 -27 -28 -29 -30 -31
leaf_value=-0.015540394595336241 -0.0011285411438107231 -0.015282575753328682 0.026492034694907247 -0.0033332280487442358 0.019205624887863516 -0.0046726026516270497 0.0084612888340405961 -0.0083260959311721398 0.043409186381258909 0.0079379698982865211 0.010358107939776685 0.0083590533803467627 0.026910383273153506 -0.0023803200790544644 0.027734881565968362 -0.0085219310938093994 0.0029830150420704334 0.0062090409780486298 0.016132486567390986 0.0010511486123600869 0.00039912291028537195 -0.010741332854860874 -0.00023501764993868148 -0.0012588650071490154 0.0061739399261220677 0.0032560284037851024 -0.0062934655663324547 -0.0045701139552818612 -0.0053136008987324686 -0.0092511860904802064
leaf_weight=67863 8041 10115 9026 6367 5276 11686 4728 47706 4999 8488 4838 8649 7946 6007 7209 4692 6060 4729 5572 7047 7258 23241 9093 5646 4664 4706 8005 9850 7605 5265
leaf_count=67863 8041 10115 9026 6367 5276 11686 4728 47706 4999 8488 4838 8649 7946 6007 7209 4692 6060 4729 5572 7047 7258 23241 9093 5646 4664 4706 8005 9850 7605 5265
internal_value=-0.000585878 -0.00193398 0.00656088 0.00123638 0.0037966 -0.00310145 0.0033523 -0.0034662 0.010661 0.00181852 0.00257937 0.00171347 0.00558435 -0.00259518 0.00940117 -0.00187787 -0.000484627 -0.000599457 0.00388161 0.000459546 -0.00116207 -0.00417141 -0.0011834 -0.00156048 0.00139937 0.000232511 -0.00349845 -0.00315196 -0.00188074 -0.00312967
internal_weight=332377 279633 52744 75259 31510 204374 44812 179370 21234 26566 26234 21396 18246 80261 16235 30447 25004 15067 10300 18078 18944 99109 22705 10338 11711 12747 31246 57556 13612 15380
internal_count=332377 279633 52744 75259 31510 204374 44812 179370 21234 26566 26234 21396 18246 80261 16235 30447 25004 15067 10300 18078 18944 99109 22705 10338 11711 12747 31246 57556 13612 15380
is_linear=0
shrinkage=0.05


Tree=7
num_leaves=31
num_cat=0
split_feature=0 4 4 0 4 4 5 7 4 7 0 7 9 8 9 0 4 0 7 0 0 2 0 2 4 4 7 0 8 7
split_gain=948.705 408.08 282.572 155.414 80.6124 76.0386 72.415 58.5963 43.0812 34.8762 32.596 30.52 25.5758 20.3132 19.4628 18.8249 16.9698 17.3374 16.9563 16.6111 15.1064 12.414 12.1711 11.1888 10.07 8.22929 8.17997 7.56534 7.22654 6.62571
threshold=90.500000000000014 1.0066804572528361 1.0037338850404318 56.500000000000007 1.3832216031174449 0.81541554238303438 20.500000000000004 1.2082677355000002 1.2399721071032637 1.0405934205000003 112.50000000000001 1.1249927920000002 40.500000000000007 1.0976287175000004 28.500000000000004 108.50000000000001 0.74956026705008683 65.500000000000014 1.0116805640000002 77.500000000000014 108.50000000000001 5.5000000000000009 109.50000000000001 2.5000000000000004 1.2506541623569842 1.1366125403974856 1.0769784025000002 74.500000000000014 1.0976287175000004 0.98947461550000015
decision_type=2 10 10 2 10 10 2 2 10 2 2 2 2 2 2 2 10 2 2 2 2 2 2 2 10 10 2 2 2 2
left_child=2 5 9 7 11 22 13 14 15 16 18 19 27 20 26 -8 -1 -18 21 23 -3 -7 29 25 -16 -5 -4 -11 -19 -2
right_child=1 6 3 4 -6 10 8 -9 -10 12 -12 -13 -14 -15 24 -17 17 28 -20 -21 -22 -23 -24 -25 -26 -27 -28 -29 -30 -31
leaf_value=-0.016178608615963912 -0.011471646229900075 0.0074700343731181331 -0.0077199131032854021 -0.00097332410659781545 0.016024596255778598 0.0049198657356144789 0.013547613924052402 0.0053977346974138224 0.036494001371650465 -0.0068548590713722636 0.033074261359717132 0.0079576919459035788 0.0025336288168103286 0.01674382529094259 -0.004520396772888108 0.03997835305730725 -0.010920432499902884 -0.0063519166346460987 0.0081160856451145246 0.0044081391446290528 0.029902519869286243 -0.0035638206589858942 0.0024539547626446787 -0.0028675977187869921 0.0018995327413518282 0.0041128376832753359 -0.0033946439377354081 -0.0020344663834298313 -0.00086209289403470734 -0.0030600940786358645
leaf_weight=57653 8429 6003 25905 4511 5104 5657 5919 5610 8262 38277 5002 5788 4553 6844 9265 4548 34698 13704 7162 10251 4622 5088 5030 6317 5884 4775 13059 4701 4661 4866
leaf_count=57653 8429 6003 25905 4511 5104 5657 5919 5610 8262 38277 5002 5788 4553 6844 9265 4548 34698 13704 7162 10251 4622 5088 5030 6317 5884 4775 13059 4701 4661 4866
internal_value=-0.000652833 0.0041936 -0.00212617 6.7882e-06 0.0025651 0.000792453 0.00806729 -0.00156736 0.0102277 -0.0034264 0.00271253 0.00162385 -0.00229311 0.00574883 -0.00207168 0.00808967 -0.00391281 -0.00326685 0.00171477 0.000888664 0.00437676 0.000458138 -0.00160802 -0.000138712 -0.000550681 0.000965449 -0.00266289 -0.00267059 -0.00202368 -0.00240038
internal_weight=332148 77432 254716 96469 36746 41234 36198 59723 18729 158247 22909 31642 47531 17469 54113 10467 110716 53063 17907 25854 10625 10745 18325 15603 15149 9286 38964 42978 18365 13295
internal_count=332148 77432 254716 96469 36746 41234 36198 59723 18729 158247 22909 31642 47531 17469 54113 10467 110716 53063 17907 25854 10625 10745 18325 15603 15149 9286 38964 42978 18365 13295
is_linear=0
shrinkage=0.05


Tree=8
num_leaves=31
num_cat=0
split_feature=3 0 0 4 3 7 0 8 7 4 0 5 7 0 9 0 0 2 0 7 7 7 5 0 2 4 7 7 4 9
split_gain=994.568 312.201 229.064 134.424 77.1433 61.0711 52.7325 40.5427 37.0715 35.4329 33.9082 21.2197 19.9729 19.6778 18.1075 15.0131 14.6162 13.7196 10.5885 9.95451 9.44906 7.28696 7.07458 5.88194 5.97473 5.82751 5.32382 5.21484 4.60417 4.58631
threshold=11.512596165000001 80.500000000000014 96.500000000000014 0.81815611947937217 42.022522536500006 1.1350018475000001 113.50000000000001 1.1052717865000001 1.0731915865000003 0.78492537866292544 65.500000000000014 15.500000000000002 1.1496716780000003 112.50000000000001 28.500000000000004 107.50000000000001 109.50000000000001 3.5000000000000004 54.500000000000007 0.97838995950000007 0.93934972700000008 1.2082677355000002 13.500000000000002 102.50000000000001 4.5000000000000009 0.93343866468483183 1.0116805640000002 1.0382745340000004 1.2139762453930534 36.500000000000007
decision_type=2 2 2 10 2 2 2 2 2 10 2 2 2 2 2 2 2 2 2 2 2 2 2 2 2 10 2 2 10 2
left_child=1 5 4 16 10 9 8 13 11 26 12 23 29 -4 27 -9 20 28 21 -13 -3 -7 -22 24 -5 -16 -1 -11 -12 -2
right_child=2 3 7 6 -6 18 -8 15 -10 14 17 19 -14 -15 25 -17 -18 -19 -20 -21 22 -23 -24 -25 -26 -27 -28 -29 -30 -31
leaf_value=-0.015343891879516437 -0.0017022448680536302 -0.014793695093010085 0.016340167639218414 0.00071618601913382653 0.018214778296154973 -0.0046622875455390551 0.037238604244728656 0.01843247832206733 0.0097173620104910301 -0.0099212043319197116 0.0065088097986412546 0.0017907591686897564 0.0049069134295866602 0.047857992842836372 -0.0059162439820026475 0.046919567643191856 0.0019663473021418708 0.0030988123147912684 0.0026179219301409682 0.0079863341310742464 -0.0090288384209048569 8.8959380782685412e-05 -0.00075755665732842384 0.0033374229346725217 -0.0058868472384999921 -0.0028080318701944494 -0.010129740977116443 -0.0054016160267792504 0.010899628981966888 0.0022621647757525331
leaf_weight=51948 10865 7000 7673 5354 5071 11467 5895 4757 7611 42763 5752 6316 4647 4767 12692 4579 5085 4583 4528 9036 9899 7021 4773 4932 5470 19813 22753 23082 6649 4867
leaf_count=51948 10865 7000 7673 5354 5071 11467 5895 4757 7611 42763 5752 6316 4647 4767 12692 4579 5085 4583 4528 9036 9899 7021 4773 4932 5470 19813 22753 23082 6649 4867
internal_value=-0.000722111 -0.00206377 0.00486568 0.000767694 0.00272579 -0.00309445 0.00244806 0.00903402 0.0017768 -0.00341627 0.00193976 0.00101115 0.000564412 0.0071595 -0.00279244 0.0115266 -0.00203404 0.00358938 -0.000674603 0.00233379 -0.00259999 -0.00120532 -0.00187777 -0.000277902 -0.000929912 -0.00182636 -0.00423734 -0.00326917 0.00445309 -0.000286587
internal_weight=331648 267438 64210 71371 42434 196067 44614 21776 38719 173051 37363 31108 20379 12440 98350 9336 26757 16984 23016 15352 21672 18488 14672 15756 10824 32505 74701 65845 12401 15732
internal_count=331648 267438 64210 71371 42434 196067 44614 21776 38719 173051 37363 31108 20379 12440 98350 9336 26757 16984 23016 15352 21672 18488 14672 15756 10824 32505 74701 65845 12401 15732
is_linear=0
shrinkage=0.05


Tree=9
num_leaves=31
num_cat=0
split_feature=3 1 1 4 7 3 7 1 9 7 1 5 4 7 4 7 5 1 9 1 4 4 1 7 7 9 7 5 1 7
split_gain=895.17 286.578 227.702 117.415 59.9833 59.0032 48.3629 46.2782 30.34 28.6379 26.8961 22.4598 21.0225 19.6735 18.2299 16.7381 15.8282 14.2686 12.0498 10.8634 7.91859 7.8832 7.08639 6.16601 5.93905 4.51846 4.52753 4.50176 4.49955 4.47854
threshold=10.817853018500001 38.500000000000007 44.500000000000007 0.84139536797606307 1.0382745340000004 38.286769956500009 1.1496716780000003 6.5000000000000009 43.500000000000007 1.0473717320000002 21.500000000000004 22.500000000000004 0.7944594209416459 1.0100786505000003 0.72737128769017889 1.1350018475000001 15.500000000000002 67.500000000000014 40.500000000000007 16.500000000000004 0.84139536797606307 0.71998289365542911 24.500000000000004 0.97631804550000012 0.96032202150000012 19.500000000000004 1.0906577955000001 16.500000000000004 79.500000000000014 1.0028781850000004
decision_type=2 2 2 10 2 2 2 2 2 2 2 2 10 2 10 2 2 2 2 2 10 10 2 2 2 2 2 2 2 2
left_child=1 3 5 14 12 10 18 -5 15 16 13 -7 -3 -2 -1 21 -9 24 29 -16 -17 -6 -11 -18 -14 -23 -27 -26 -22 -4
right_child=2 4 6 7 8 11 -8 9 -10 22 -12 -13 17 -15 19 20 23 -19 -20 -21 28 25 -24 -25 27 26 -28 -29 -30 -31
leaf_value=-0.011783817290240618 0.017012270508111129 -0.013938459820937089 0.0011228643781482856 0.037219192027623978 -0.0097408479664625822 0.019760031066480829 0.0076389943443216195 -0.00093520004566869969 0.0027547838968278206 0.014043283248258147 0.0090291954594679778 0.033917160628975235 -0.0065476734899452237 0.026686805500694823 0.0054568729289428261 -0.00530067760097277 0.0022035700813477772 -0.0097821168108313192 0.0034786054026446109 -0.0037151727570372004 0.002171297268787772 -0.0061116848087092029 0.0045665000538402138 0.0077664252162601951 -0.0045963377576893989 -0.0021952027078704409 -0.0046144460418097851 -0.00028018092176998238 -0.0025266989314625486 -0.0022355907239561732
leaf_weight=14805 6078 61405 5266 5310 11833 4650 6622 12006 4681 4684 12860 6903 9128 7096 5527 7807 5383 39769 6274 9078 4589 17311 5105 6618 9186 11217 5727 4935 9202 11058
leaf_count=14805 6078 61405 5266 5310 11833 4650 6622 12006 4681 4684 12860 6903 9128 7096 5527 7807 5383 39769 6274 9078 4589 17311 5105 6618 9186 11217 5727 4935 9202 11058
internal_value=-0.000737736 -0.00204036 0.00443506 0.000744588 -0.00300999 0.00700854 0.00112404 0.00253944 -0.00186516 0.00185704 0.00568685 0.00998313 -0.00367574 0.00727521 -0.00164202 -0.00213441 0.000927244 -0.00303366 2.25622e-05 -0.000388434 -0.000985512 -0.00267264 0.00413569 0.00221098 -0.0020489 -0.00228765 -0.0017063 -0.00140557 -0.000264933 -0.000693246
internal_weight=332113 265306 66807 68516 196790 37587 29220 39106 72367 33796 26034 11553 124423 13174 29410 67686 24007 63018 22598 14605 21598 46088 9789 12001 23249 34255 16944 14121 13791 16324
internal_count=332113 265306 66807 68516 196790 37587 29220 39106 72367 33796 26034 11553 124423 13174 29410 67686 24007 63018 22598 14605 21598 46088 9789 12001 23249 34255 16944 14121 13791 16324
is_linear=0
shrinkage=0.05


Tree=10
num_leaves=31
num_cat=0
split_feature=3 0 0 4 7 7 0 8 0 0 8 4 7 7 4 5 0 3 4 7 5 7 0 7 7 0 5 7 5 0
split_gain=819.08 278.534 187.319 118.885 61.9123 55.3342 50.6345 36.9075 32.9458 32.3913 22.2607 17.3012 17.229 16.4005 14.3036 13.8981 9.42615 8.97117 8.28699 7.93928 7.41202 7.35164 7.30363 6.48801 7.37772 5.69651 5.8232 5.24431 4.6648 4.47133
threshold=11.856961295500001 76.500000000000014 93.500000000000014 0.781726907187691 1.1496716780000003 1.0382745340000004 108.50000000000001 1.1667312910000003 111.50000000000001 71.500000000000014 1.0923965605000003 0.82087882054142336 1.1350018475000001 0.98947461550000015 0.91491076494873913 16.500000000000004 108.50000000000001 4.5688337305000006 0.66431621243611516 0.93934972700000008 21.500000000000004 0.95619744050000011 48.500000000000007 1.0906577955000001 1.0758004030000003 45.500000000000007 18.500000000000004 0.96032202150000012 12.500000000000002 96.500000000000014
decision_type=2 2 2 10 2 2 2 2 2 2 2 10 2 2 10 2 2 2 10 2 2 2 2 2 2 2 2 2 2 2
left_child=1 5 4 16 9 11 7 14 10 25 -4 -1 18 -8 -5 -9 19 -14 -7 -3 -11 -16 -13 24 -20 -2 -27 -24 -21 -23
right_child=2 3 8 6 -6 12 13 15 -10 20 -12 22 17 -15 21 -17 -18 -19 23 28 -22 29 27 -25 -26 26 -28 -29 -30 -31
leaf_value=-0.012969798249542839 -0.0025075811338740139 -0.015292901870045162 0.013611534645246956 -0.0028800104900158531 0.011301850690154965 -0.0092257674930605448 0.012610137747544213 0.0036453552559654631 0.047147119059411532 0.00425884946729836 0.01772181128635689 -0.0092770562725646537 -0.0031918265106744004 0.027589625642875773 -0.0012706868192696177 0.008980493465650009 -0.0015788415588137809 0.0020292804559721681 -0.0047131758290112312 -0.0097759050005327697 0.011407959335223698 0.0020298138927302206 -0.0069581255072950973 -0.0053761527346622403 -0.00036749669473439 -0.00094468674130693492 0.0031469682296190421 -0.0035187288505008235 -0.0021771849913886079 0.0074437196762015953
leaf_weight=63140 7883 7097 7694 14186 8249 9355 6358 6325 8279 7245 8058 34399 17319 6270 5062 5483 4562 5364 18606 8485 4857 7123 7998 13354 6376 5080 5666 12751 4547 4883
leaf_count=63140 7883 7097 7694 14186 8249 9355 6358 6325 8279 7245 8058 34399 17319 6270 5062 5483 4562 5364 18606 8485 4857 7123 7998 13354 6376 5080 5666 12751 4547 4883
internal_value=-0.000758511 -0.0019603 0.00437262 0.000504378 0.00223163 -0.00301038 0.00178472 0.000968025 0.00784427 0.00119876 0.00649806 -0.00367089 -0.0019 0.00456819 6.81392e-05 0.00334885 -0.00238318 -0.000765384 -0.00243951 -0.00284817 0.00321219 0.00104317 -0.00302323 -0.0021134 -0.00163725 -0.000109747 0.000639009 -0.00228125 -0.00211398 0.00171676
internal_weight=332054 269043 63011 80381 38980 188662 55690 43062 24031 30731 15752 118288 70374 12628 31254 11808 24691 22683 47691 20129 12102 17068 55148 38336 24982 18629 10746 20749 13032 12006
internal_count=332054 269043 63011 80381 38980 188662 55690 43062 24031 30731 15752 118288 70374 12628 31254 11808 24691 22683 47691 20129 12102 17068 55148 38336 24982 18629 10746 20749 13032 12006
is_linear=0
shrinkage=0.05


Tree=11
num_leaves=31
num_cat=0
split_feature=3 1 1 4 4 1 1 7 4 7 1 7 7 8 7 1 9 6 7 9 5 9 5 6 3 7 4 8 7 8
split_gain=729.933 243.125 174.123 83.2772 64.5542 59.005 48.3201 40.1898 33.0767 26.0616 24.7388 23.6235 20.7421 20.5387 17.3372 15.4611 14.2146 11.8814 12.345 11.8074 10.8139 8.42323 7.17468 7.08511 4.24982 4.20613 4.06529 3.76765 3.62036 3.78973
threshold=10.817853018500001 23.500000000000004 42.500000000000007 0.82087882054142336 0.7944594209416459 50.500000000000007 6.5000000000000009 1.1496716780000003 1.4200627148663945 1.1350018475000001 5.5000000000000009 1.1070499045000002 1.0473717320000002 0.96220362650000013 0.97754740050000011 24.500000000000004 38.500000000000007 1.0000000180025095e-35 1.0142381880000002 37.500000000000007 15.500000000000002 25.500000000000004 12.500000000000002 1.0000000180025095e-35 4.5688337305000006 1.0320909540000003 0.61687566541761862 0.90015274200000006 1.0008343830000002 1.2395363740000003
decision_type=2 2 2 10 10 2 2 2 10 2 2 2 2 2 2 2 2 2 2 2 2 2 2 2 2 2 8 2 2 2
left_child=1 4 6 14 22 11 -2 19 13 21 -6 17 20 -8 -3 23 26 18 -5 28 -12 27 -1 -15 -11 -23 -16 -7 -4 -30
right_child=2 3 7 5 10 9 8 -9 -10 24 12 -13 -14 15 16 -17 -18 -19 -20 -21 -22 25 -24 -25 -26 -27 -28 -29 29 -31
leaf_value=-0.009269943850816342 0.052962162161887677 -0.013927771226528763 0.00072782828677072677 -0.0010163084411887568 0.03918097034738996 -0.01252014683758499 0.0066307567449996946 0.0070491335373107358 0.020777201565737945 -0.002586857395123356 0.00040652504286181422 0.0058399106259506353 0.01345589379648931 0.019215725967285272 -0.010274673427020833 0.0080350813500860412 -0.0010600704642276045 -0.0034073403550469667 0.0044323712147248213 0.0031043825720425502 0.0068725995889082382 -0.0059937507638701008 0.00057391171123511255 0.01185131528273731 0.0017844810289789213 -0.0021704998354301762 -0.0070751408615449887 -0.0066641985701414276 -0.00067577292823928084 -0.0038496957431001602
leaf_weight=7482 6443 48045 5124 8154 5155 6755 6150 6842 4645 9361 8232 4606 4985 4691 20766 9056 4569 13939 5562 8275 8245 16964 4716 5416 4539 10188 31007 42008 5763 4705
leaf_count=7482 6443 48045 5124 8154 5155 6755 6150 6842 4645 9361 8232 4606 4985 4691 20766 9056 4569 13939 5562 8275 8245 16964 4716 5416 4539 10188 31007 42008 5763 4705
internal_value=-0.000808953 -0.00198746 0.00384936 -0.00261412 0.0016686 -0.00172738 0.0061884 0.00107622 0.00534192 -0.00238616 0.00304879 0.000106768 0.00230074 0.00462852 -0.003651 0.00543536 -0.00305535 -0.00044559 0.000599081 0.000107447 0.00144491 -0.00275059 -0.00134311 0.00678056 -0.000395542 -0.00204404 -0.00329126 -0.00314376 -0.0007027 -0.00123556
internal_weight=332388 265278 67110 226463 38815 122076 36401 30709 29958 89815 26617 32261 21462 25313 104387 19163 56342 27655 13716 23867 16477 75915 12198 10107 13900 27152 51773 48763 15592 10468
internal_count=332388 265278 67110 226463 38815 122076 36401 30709 29958 89815 26617 32261 21462 25313 104387 19163 56342 27655 13716 23867 16477 75915 12198 10107 13900 27152 51773 48763 15592 10468
is_linear=0
shrinkage=0.05


Tree=12
num_leaves=31
num_cat=0
split_feature=3 1 1 3 7 7 5 9 8 7 1 7 1 3 7 6 1 3 8 1 3 7 9 7 1 3 5 1 3 1
split_gain=655.173 253.552 103.824 92.97 56.1769 46.0763 36.9401 26.5109 23.6508 20.2194 19.5663 18.8907 18.6602 17.7383 17.2467 15.803 12.0134 10.2864 9.79414 9.69886 9.20599 8.44455 8.23612 7.41316 10.2013 6.97971 6.79011 6.56212 6.29378 5.8979
threshold=14.998353170000001 41.500000000000007 25.500000000000004 -7.1114353084999999 1.0320909540000003 1.1585803860000001 12.500000000000002 41.500000000000007 0.96876116550000013 0.95619744050000011 46.500000000000007 0.97690684250000015 10.500000000000002 0.73508838600000015 1.1439495680000002 1.0000000180025095e-35 16.500000000000004 -36.404110705499996 1.1692778010000002 18.500000000000004 1.1545216740000002 1.0028781850000004 19.500000000000004 0.94667231500000015 66.500000000000014 -5.1350214544999995 19.500000000000004 18.500000000000004 -25.298446444499998 73.500000000000014
decision_type=2 2 2 2 2 2 2 2 2 2 2 2 2 2 2 2 2 2 2 2 2 2 2 2 2 2 2 2 2 2
left_child=1 3 8 6 13 10 17 14 -2 -5 26 19 -11 23 22 -10 -13 -1 -14 -8 -16 -12 -6 -3 28 -24 -4 -19 -25 -15
right_child=2 4 5 9 7 -7 11 -9 15 12 21 16 18 29 20 -17 -18 27 -20 -21 -22 -23 25 24 -26 -27 -28 -29 -30 -31
leaf_value=-0.014146081527354529 0.018177118248612508 -0.014132946408109782 0.0034211626316958269 0.00068331722311069432 -0.0062581835945718801 0.013784784262185696 0.0020700971914958148 0.0022116714151528024 0.026648010380389511 0.027302920808719735 0.0039845768119166477 0.014615070178198559 0.0046819053725994028 -0.0024616922410922795 -0.0036939649277825497 0.021011852749774847 0.0019154547013230932 0.0012222059238296223 0.0071388035433412617 -0.0058551222489468162 0.0010642410454479256 -0.00075853236898753488 -0.0055593001376357636 -0.013819741336416081 -0.0096663978500601769 -0.0017037827173585535 0.010525533231385885 -0.0050469819467777949 -0.0039269017384403835 -0.0073386290626477856
leaf_weight=9965 6286 39207 4746 6289 31028 6318 5015 6548 6778 4628 4569 5181 11289 8957 11507 7969 8665 4599 7800 5555 8368 10300 9175 4658 37139 13653 5677 10633 12703 16686
leaf_count=9965 6286 39207 4746 6289 31028 6318 5015 6548 6778 4628 4569 5181 11289 8957 11507 7969 8665 4599 7800 5555 8368 10300 9175 4658 37139 13653 5677 10633 12703 16686
internal_value=-0.000818194 -0.00178276 0.00429807 0.000602895 -0.00273423 0.00248616 -0.000725847 -0.00171136 0.00701992 0.00279964 0.00153141 0.000660086 0.00346788 -0.00342215 -0.00198214 0.00811517 0.00187495 -0.00206869 0.002776 -0.000931443 -0.00072309 0.000366746 -0.00244667 -0.00374109 -0.003363 -0.00172514 0.00319189 -0.0012509 -0.00236122 -0.00225612
internal_weight=331891 279248 52643 79619 199629 31610 49613 80279 21033 30006 25292 24416 23717 119350 73731 14747 13846 25197 19089 10570 19875 14869 53856 93707 54500 22828 10423 15232 17361 25643
internal_count=331891 279248 52643 79619 199629 31610 49613 80279 21033 30006 25292 24416 23717 119350 73731 14747 13846 25197 19089 10570 19875 14869 53856 93707 54500 22828 10423 15232 17361 25643
is_linear=0
shrinkage=0.05


Tree=13
num_leaves=31
num_cat=0
split_feature=3 0 0 4 7 0 3 0 8 8 4 0 7 8 2 6 5 7 0 0 4 4 0 4 0 7 7 0 7 7
split_gain=605.018 202.057 139.413 88.4334 48.7866 43.1255 36.7151 36.3455 30.4362 29.7848 20.3249 16.5113 15.058 12.3316 10.5413 10.3157 9.49472 8.57369 8.32863 8.25488 8.03661 7.777 7.63458 7.26122 7.19065 6.4496 6.37046 4.90693 4.85245 7.94827
threshold=10.520400037500002 77.500000000000014 80.500000000000014 0.7756355426729139 1.0382745340000004 114.50000000000001 29.446888422000004 114.50000000000001 1.3201884320000004 1.1692778010000002 0.76303206761758635 101.50000000000001 1.1350018475000001 0.96220362650000013 4.5000000000000009 1.0000000180025095e-35 14.500000000000002 1.1557826560000002 96.500000000000014 53.500000000000007 0.65432679673362382 0.66431621243611516 59.500000000000007 0.77852702433431364 46.500000000000007 0.96032202150000012 0.97838995950000007 102.50000000000001 1.0920774425000002 1.0758004030000003
decision_type=2 2 2 10 2 2 2 2 2 2 10 2 2 2 2 2 2 2 2 2 10 8 2 10 2 2 2 2 2 2
left_child=1 4 6 20 10 9 17 8 13 11 -1 14 21 -4 -5 -11 -13 22 -15 -12 -3 -6 -2 -14 -25 -21 -16 -22 29 -23
right_child=2 3 7 5 12 -7 -8 -9 -10 15 19 16 23 18 26 -17 -18 -19 -20 25 27 28 -24 24 -26 -27 -28 -29 -30 -31
leaf_value=-0.011953085158885626 -0.001810239797795104 -0.014286628244688449 0.0067756444849505111 0.00081493978787012449 -0.0084177877366935251 0.035608320770181563 0.01022055817730556 0.053576389297082909 0.018512682836208081 0.0081021462269095703 -0.0081684091340177983 0.00020240604214443407 -0.0040734155422393293 0.0078772055110154938 -0.007683942947592861 0.0027478295604958019 0.0079159428302825619 0.0030941822768412509 0.01471501960716305 -0.0056778913826224416 -0.0068833373287656213 -0.0043664723067956407 0.0020399038026609542 -0.0020422890932051204 0.0029204447212307157 -0.0027780559735853514 -0.0022004658486864757 -0.00048886875957760182 -0.0045339156178455589 -0.00017661387533729659
leaf_weight=53148 14138 10007 6949 12013 8574 5319 6728 5421 6115 6398 43884 5775 6392 6861 4653 5149 7696 4768 9204 8398 8574 18715 8066 10987 4640 12774 6292 4507 12855 6925
leaf_count=53148 14138 10007 6949 12013 8574 5319 6728 5421 6115 6398 43884 5775 6392 6861 4653 5149 7696 4768 9204 8398 8574 18715 8066 10987 4640 12774 6292 4507 12855 6925
internal_value=-0.00083474 -0.0019208 0.00336092 0.000246569 -0.00280469 0.00136632 0.00107254 0.00559253 0.00489136 0.000892435 -0.00342165 0.000190892 -0.00174895 0.00405665 -0.000624484 0.00310466 0.00158022 0.000247988 0.00481798 -0.00282858 -0.00233794 -0.00225379 -0.00016525 -0.000669498 -8.86015e-05 -0.00201681 -0.00174658 -0.00152109 -0.00195 -0.00155196
internal_weight=331925 263675 68250 76383 187292 53295 33700 34550 29129 47976 118204 36429 69088 23014 22958 11547 13471 26972 16065 65056 23088 47069 22204 22019 15627 21172 10945 13081 38495 25640
internal_count=331925 263675 68250 76383 187292 53295 33700 34550 29129 47976 118204 36429 69088 23014 22958 11547 13471 26972 16065 65056 23088 47069 22204 22019 15627 21172 10945 13081 38495 25640
is_linear=0
shrinkage=0.05


Tree=14
num_leaves=31
num_cat=0
split_feature=3 0 0 4 7 5 7 0 7 4 0 9 8 2 0 9 3 5 0 5 7 7 0 8 7 0 4 4 3 2
split_gain=537.386 191.611 137.913 78.3284 42.8036 36.9307 34.3507 32.7523 29.662 20.7985 19.2972 14.6864 13.4602 12.8801 12.4451 11.878 10.8986 10.0709 9.73022 9.5052 8.73774 8.53853 7.79278 6.6471 6.35039 6.33628 5.02452 4.72614 4.00635 3.78927
threshold=8.9975079800000017 76.500000000000014 80.500000000000014 0.7756355426729139 1.0517352690000001 27.500000000000004 1.1585803860000001 113.50000000000001 1.0142381880000002 0.6785940134479117 104.50000000000001 36.500000000000007 1.0396849785000002 5.5000000000000009 98.500000000000014 33.500000000000007 -8.0036416279999987 18.500000000000004 60.500000000000007 15.500000000000002 1.0866460510000002 1.2082677355000002 107.50000000000001 1.0559896245000002 0.93934972700000008 103.50000000000001 0.95715950022525653 0.65944985486520957 19.877938300000004 3.5000000000000004
decision_type=2 2 2 10 2 2 2 2 2 8 2 2 2 2 2 2 2 2 2 2 2 2 2 2 2 2 10 10 2 2
left_child=1 4 6 22 9 10 11 8 13 -1 19 28 -12 14 -5 16 -6 20 26 -4 -10 -18 24 -20 -3 -15 -11 -26 -2 -21
right_child=2 3 5 7 15 -7 -8 -9 17 18 12 -13 -14 25 -16 -17 21 -19 23 29 -22 -23 -24 -25 27 -27 -28 -29 -30 -31
leaf_value=-0.012910880480340465 -0.0023843804196152884 -0.013533043281146124 0.0036756397582305778 -0.00060350304517826567 -0.0073109791202281282 0.023428390953066237 0.0062925403567328196 0.027538493213435017 0.0014036497177113646 -0.0084014582090618604 0.020517591885806624 0.0029388225895690119 0.024876448580730307 -0.0091693130337710867 0.0067032970927968132 8.5071492886563905e-05 -0.0037191669616239995 0.0088568261350076734 -0.0055815579200098834 0.009736917331468628 0.0070198483458972201 0.00067831665914400391 -0.0015523729325754617 -0.0012795827189571039 -0.012752969640123743 -0.0016014418063422832 -0.0060287490074663833 -0.0034759241442961983 0.00065972204817584229 0.0066976705251432823
leaf_weight=39690 13683 6607 4855 12453 11359 7989 7349 6278 8896 38461 6234 11188 5415 4776 4936 8327 31596 5953 11056 7158 4710 5849 4776 7484 5066 4824 26986 7217 6179 4863
leaf_count=39690 13683 6607 4855 12453 11359 7989 7349 6278 8896 38461 6234 11188 5415 4776 4936 8327 31596 5953 11056 7158 4710 5849 4776 7484 5066 4824 26986 7217 6179 4863
internal_value=-0.000831127 -0.00191621 0.00289563 0.000181575 -0.00280367 0.00509543 0.000803431 0.00125248 0.000795007 -0.00332656 0.00425254 7.5671e-05 0.00581817 -0.000279508 0.000532079 -0.00167154 -0.00196931 0.0022774 -0.00288045 0.00317043 0.00152597 -0.00155741 -0.00220861 -0.00186843 -0.00266473 -0.00174909 -0.00316698 -0.00199097 -0.000740425 0.00392441
internal_weight=332213 257300 74913 76492 180808 36514 38399 52826 46548 123677 28525 31050 11649 26989 17389 57131 48804 19559 83987 16876 13606 37445 23666 18540 18890 9600 65447 12283 19862 12021
internal_count=332213 257300 74913 76492 180808 36514 38399 52826 46548 123677 28525 31050 11649 26989 17389 57131 48804 19559 83987 16876 13606 37445 23666 18540 18890 9600 65447 12283 19862 12021
is_linear=0
shrinkage=0.05


Tree=15
num_leaves=31
num_cat=0
split_feature=3 0 0 7 5 3 0 7 0 8 5 3 7 7 7 0 6 6 0 7 6 7 7 3 3 2 3 3 0 0
split_gain=474.784 173.322 124.277 53.7759 43.0774 41.63 31.3092 27.6042 26.5726 20.4666 16.8314 15.9486 15.0981 14.3055 14.0327 13.4753 12.7472 10.6679 10.1965 9.97689 8.4344 8.03978 7.28245 5.34182 5.11641 4.32846 4.2579 4.22806 4.15337 3.29237
threshold=8.9975079800000017 92.500000000000014 93.500000000000014 1.0100786505000003 14.500000000000002 29.446888422000004 66.500000000000014 1.0999404950000002 114.50000000000001 0.96876116550000013 12.500000000000002 -33.137012536499995 1.1350018475000001 1.1182239370000002 0.98628077500000011 62.500000000000007 1.0000000180025095e-35 1.0000000180025095e-35 48.500000000000007 0.94667231500000015 1.0000000180025095e-35 1.1496716780000003 1.0172596405000001 -4.9814100674999997 -4.9814100674999997 2.5000000000000004 -7.2869342384999998 -13.686838875499998 104.50000000000001 42.500000000000007
decision_type=2 2 2 2 2 2 2 2 2 2 2 2 2 2 2 2 2 2 2 2 2 2 2 2 2 2 2 2 2 2
left_child=1 3 5 10 11 15 12 -7 9 -4 26 -3 23 17 27 21 -11 -8 -12 -20 -16 -2 28 -5 -21 -17 -1 -6 -13 -28
right_child=2 4 8 6 14 7 13 -9 -10 16 18 22 -14 -15 20 25 -18 -19 19 24 -22 -23 -24 -25 -26 -27 29 -29 -30 -31
leaf_value=-0.011932360593518758 -0.0016413877322089101 -0.0090204732461877588 0.0066627490714280526 -0.007338745223018861 6.5521659794346869e-05 0.0035048952026644365 0.001211024203366646 0.015707453101326426 0.049806374446649218 0.017047328738441277 -0.0082365364637956903 -0.0037318649640302594 -0.0022519072788158056 0.0041350017568276059 0.014577712289136097 0.004438117288317645 0.010745072019401159 -0.0038710094316821856 -0.0063815896670838734 -0.0031386451154252616 0.0078599045188504583 0.0021599955667413284 0.00564384138370253 -0.0040306598054482192 0.00082678072199084292 0.0019482674835422872 -0.0089081481954447796 0.0059530824840221324 0.0031063717975971477 -0.0043778279510752749
leaf_weight=44421 17944 8655 5835 22672 4599 5808 8501 4769 5576 7130 21570 5055 19541 4576 5550 7281 7594 8488 9456 8043 6460 4661 4514 34726 5244 7905 19406 4966 5218 5622
leaf_count=44421 17944 8655 5835 22672 4599 5808 8501 4769 5576 7130 21570 5055 19541 4576 5550 7281 7594 8488 9456 8043 6460 4661 4514 34726 5244 7905 19406 4966 5218 5622
internal_value=-0.000866902 -0.00188472 0.00264784 -0.00248235 0.000933209 0.00114651 -0.00162696 0.00391845 0.00542559 0.00459322 -0.0032229 -0.000550605 -0.00209887 5.67906e-05 0.00254518 0.000370276 0.00558626 -0.000611688 -0.00246097 -0.00172169 0.0036829 -0.000403584 0.0004472 -0.00250754 -0.000837723 0.00152195 -0.00370886 0.00111546 -0.000288481 -0.0031854
internal_weight=331786 257283 74503 212266 45017 48368 98504 10577 26135 20559 113762 23442 76939 21565 21575 37791 14724 16989 44313 22743 12010 22605 14787 57398 13287 15186 69449 9565 10273 25028
internal_count=331786 257283 74503 212266 45017 48368 98504 10577 26135 20559 113762 23442 76939 21565 21575 37791 14724 16989 44313 22743 12010 22605 14787 57398 13287 15186 69449 9565 10273 25028
is_linear=0
shrinkage=0.05


Tree=16
num_leaves=31
num_cat=0
split_feature=0 4 4 4 7 0 0 4 7 7 7 0 5 0 9 9 8 7 9 7 8 4 7 5 4 9 5 9 4 7
split_gain=399.44 202.844 115.841 52.362 43.9519 43.4929 37.0549 33.879 21.7148 21.4083 19.7572 17.6018 15.8537 13.9401 11.976 10.9321 9.90551 8.65273 7.55702 7.22253 6.77108 7.38539 6.20559 5.89507 5.55432 4.99003 4.64256 4.63342 4.61761 4.10911
threshold=77.500000000000014 0.94821113323500628 0.96581831991233036 1.4475444179892871 1.2428445740000003 110.50000000000001 44.500000000000007 0.73883510777368866 1.1277034765000002 0.97754740050000011 1.0000053235000002 106.50000000000001 18.500000000000004 94.500000000000014 17.500000000000004 29.500000000000004 0.96220362650000013 1.0563097930000003 18.500000000000004 1.1303612510000003 0.93167404300000012 1.3732174841372542 0.97690684250000015 15.500000000000002 0.68311762687982269 35.500000000000007 11.500000000000002 13.500000000000002 0.63832095183014004 1.0473717320000002
decision_type=2 10 10 10 2 2 2 10 2 2 2 2 2 2 2 2 2 2 2 2 2 10 2 2 10 2 2 2 8 2
left_child=2 7 9 5 6 8 20 26 13 24 -7 14 25 23 -9 19 -15 -14 -13 28 -4 -22 -16 -3 -1 29 -2 -23 -11 -8
right_child=1 3 4 -5 -6 10 12 11 -10 15 -12 18 17 16 22 -17 -18 -19 -20 -21 21 27 -24 -25 -26 -27 -28 -29 -30 -31
leaf_value=-0.013106308107903706 -0.01185215655778938 -0.00049941347243655882 -0.0084322949070982627 0.024229936493972884 0.0057680962451909113 0.017288607141985494 -0.0036585895890073107 -0.006137208831788591 0.011351462831564556 -0.0086271953343115167 0.035335174026664327 0.0026901427508305431 0.00075183502259160129 0.0036529482946125076 -0.0019715815906770468 -0.002890493113178376 0.0085173493953891212 0.0044662639859977286 0.013969181343392837 -0.0036184067330412685 -0.0044605412906488255 -0.0041150861522980904 0.0022457724134524802 0.0035632732849748086 -0.0081304897111490072 0.0005139109042773763 -0.0049918031524976278 0.00060924668519881644 -0.0059459815542753335 -0.00049209227366888667
leaf_weight=26171 11591 6870 6280 4729 4586 6149 7963 7335 5914 17089 6820 4574 8117 6696 6674 14630 12533 6801 4760 10303 30740 5372 10528 11281 26719 9237 6587 5985 32212 6446
leaf_count=26171 11591 6870 6280 4729 4586 6149 7963 7335 5914 17089 6820 4574 8117 6696 6674 14630 12533 6801 4760 10303 30740 5372 10528 11281 26719 9237 6587 5985 32212 6446
internal_value=-0.000864676 0.00154844 -0.00211225 0.00350493 -0.000755857 0.00307964 -0.00100758 -0.000744324 0.0023183 -0.00308875 0.00561931 0.000190251 0.000148564 0.00187241 -0.000512796 -0.00254071 0.00281039 0.00142465 0.00203769 -0.00284135 -0.00192913 -0.00170028 0.000208635 0.000878221 -0.00385764 -0.000656633 -0.00248529 -0.000610369 -0.00309303 -0.00123803
internal_weight=331692 113041 218651 60992 91527 56263 86941 52049 43294 127124 12969 33871 38564 37380 24537 74234 19229 14918 9334 59604 48377 42097 17202 18151 52890 23646 18178 11357 49301 14409
internal_count=331692 113041 218651 60992 91527 56263 86941 52049 43294 127124 12969 33871 38564 37380 24537 74234 19229 14918 9334 59604 48377 42097 17202 18151 52890 23646 18178 11357 49301 14409
is_linear=0
shrinkage=0.05


Tree=17
num_leaves=31
num_cat=0
split_feature=0 4 4 0 7 7 4 0 7 5 0 4 5 4 9 6 9 8 0 0 8 8 9 4 0 7 0 4 9 4
split_gain=365.729 182.32 101.932 51.8892 41.2971 36.5403 31.99 27.7344 23.6764 19.8171 18.6681 14.2236 13.4774 13.3981 11.1202 11.0698 8.48152 6.93299 6.87783 6.7121 6.66328 6.54258 6.32868 6.18632 6.18229 5.71158 6.15705 5.57467 4.72202 4.45038
threshold=75.500000000000014 0.95125861605176498 1.0066804572528361 115.50000000000001 1.1350018475000001 1.2340613275000003 0.72737128769017889 44.500000000000007 1.0517352690000001 15.500000000000002 102.50000000000001 0.64887298102333657 16.500000000000004 1.1942823075328672 13.500000000000002 1.0000000180025095e-35 33.500000000000007 0.93643926100000019 59.500000000000007 104.50000000000001 0.94232026850000017 1.2763179770000004 12.500000000000002 1.2039874762748179 91.500000000000014 0.97175424950000011 101.50000000000001 1.3732174841372542 37.500000000000007 0.61116393523125501
decision_type=2 10 10 2 2 2 10 2 2 2 2 8 2 10 2 2 2 2 2 2 2 2 2 10 2 2 2 10 2 10
left_child=2 6 8 4 9 7 29 17 11 22 15 -1 28 25 -12 -8 -10 -4 -13 -15 -20 23 -3 -14 -24 -11 -27 -19 -9 -2
right_child=1 3 5 -5 -6 -7 10 12 16 13 14 18 21 19 -16 -17 -18 27 20 -21 -22 -23 24 -25 -26 26 -28 -29 -30 -31
leaf_value=-0.011663936429509844 -0.014130492680570634 -0.0028069668170087269 -0.0081256621275790624 0.046678922717307621 0.013780459732250875 0.0055057100675059171 0.00099121636429492783 -0.0030524525190988635 -0.0043631358512279698 0.0019358184001607576 -0.00111739267508641 -0.0071822273321683928 -0.0013228866333336638 0.0082796731111059643 0.0091959805956363452 -0.0044426047626052083 0.00031345332244814273 -0.0041011297532463136 -0.0087051556273064021 0.017663415878295334 -0.0022580912896527738 0.0035606484403950911 0.00021674779873490386 0.0028457041615745646 0.0065096844491009144 0.0037281939275741029 0.011617184555744654 -0.0013295324418838848 0.00093760832914254973 -0.0057985396935467358
leaf_weight=35096 7663 4684 5837 6285 7738 4813 10940 9789 31704 5669 4670 46535 5699 8247 8540 13422 4729 26253 5232 4640 10791 5692 5243 5470 5474 9199 5930 11141 4595 10246
leaf_count=35096 7663 4684 5837 6285 7738 4813 10940 9789 31704 5669 4670 46535 5699 8247 8540 13422 4729 26253 5232 4640 10791 5692 5243 5470 5474 9199 5930 11141 4595 10246
internal_value=-0.000857998 0.0013681 -0.00209522 0.00320618 0.00272889 -0.000674012 -0.000722796 -0.000946954 -0.00293556 0.00219327 0.000106181 -0.00334142 0.000187999 0.00287251 0.00161937 -0.000714492 -0.00184739 -0.00176716 -0.00288893 0.00413939 -0.00199432 0.00114698 0.000707191 0.000443439 0.00137707 0.00208672 0.00259383 -0.00151662 -0.000936133 -0.00246148
internal_weight=331966 118590 213376 63109 56824 79289 55481 74476 134087 49086 37572 97654 31245 33685 13210 24362 36433 43231 62558 12887 16023 16861 15401 11169 10717 20798 15129 37394 14384 17909
internal_count=331966 118590 213376 63109 56824 79289 55481 74476 134087 49086 37572 97654 31245 33685 13210 24362 36433 43231 62558 12887 16023 16861 15401 11169 10717 20798 15129 37394 14384 17909
is_linear=0
shrinkage=0.05


Tree=18
num_leaves=31
num_cat=0
split_feature=3 0 0 4 7 3 0 0 7 8 4 8 2 7 4 2 7 7 7 0 6 0 0 4 0 9 0 7 2 7
split_gain=368.272 130.952 95.2317 60.6662 33.151 31.7924 26.3245 25.9497 23.0017 16.2543 15.2956 14.115 13.1333 11.0541 9.58768 9.27054 8.81398 8.34249 7.86703 7.41298 7.78029 6.83182 6.54556 6.53508 5.75516 5.55971 5.5484 5.17934 5.84855 5.08377
threshold=7.2043208685000009 71.500000000000014 86.500000000000014 0.77852702433431364 1.0320909540000003 29.446888422000004 114.50000000000001 115.50000000000001 1.0142381880000002 0.96876116550000013 0.68311762687982269 1.6712448535000004 5.5000000000000009 1.1249927920000002 0.63832095183014004 2.5000000000000004 1.1350018475000001 0.93934972700000008 1.0785493675000002 101.50000000000001 1.0000000180025095e-35 47.500000000000007 52.500000000000007 1.2039874762748179 94.500000000000014 24.500000000000004 102.50000000000001 0.94667231500000015 1.5000000000000002 0.93934972700000008
decision_type=2 2 2 10 2 2 2 2 2 2 8 2 2 2 10 2 2 2 2 2 2 2 2 10 2 2 2 2 2 2
left_child=1 4 5 14 10 13 8 9 12 -4 -1 15 17 22 -3 21 18 -5 23 20 -10 -6 -2 -11 -19 -12 -14 -27 -29 -16
right_child=2 3 7 6 11 -7 -8 -9 19 16 25 -13 26 -15 29 -17 -18 24 -20 -21 -22 -23 -24 -25 -26 27 -28 28 -30 -31
leaf_value=-0.010924397803057682 -0.0025458901565857837 -0.012984059386164804 0.0050680375409478317 -0.0026903883444802882 -0.0033586951632882897 0.0080308127508123186 0.029920923730144645 0.047150940324647006 0.0046922686203565937 0.0080411565899152736 -0.0075017391650885048 0.0017375679549085856 -0.0092478087588419161 0.0024625859380967294 -0.007970252533774173 -0.0064640470237525872 0.016079440259790353 0.00036989841203241601 0.004625255189496409 0.010532479588483365 0.00015332597727574956 -0.00018498199681486364 0.00061100739759407648 0.014223469941085372 0.0056546115896747894 -0.0065366245777594076 -0.0028466706637792945 -0.004071389820878556 -0.0018779784725909575 -0.0022344129309623418
leaf_weight=35334 15986 11019 7884 6597 38473 8404 4841 4722 7943 6526 41510 4646 4628 9993 5067 13774 4553 8652 4568 4964 8575 6417 15536 5577 4517 8733 5566 6978 8610 11740
leaf_count=35334 15986 11019 7884 6597 38473 8404 4841 4722 7943 6526 41510 4646 4628 9993 5067 13774 4553 8652 4568 4964 8575 6417 15536 5577 4517 8733 5566 6978 8610 11740
internal_value=-0.000866333 -0.00183242 0.00200116 -0.000227609 -0.00265306 0.000613031 0.000716581 0.00404906 0.000384667 0.00349019 -0.00321464 -0.00175551 -0.000510597 4.51578e-05 -0.00213719 -0.0019656 0.00421028 0.000241261 0.00367564 0.00163308 0.00112328 -0.00161711 -0.000414249 0.004343 0.000968194 -0.00276376 -0.00196784 -0.0021625 -0.00161547 -0.00138502
internal_weight=332333 248584 83749 84109 164475 49919 56283 33830 51442 29108 101165 63310 29960 41515 27826 58664 21224 19766 16671 21482 16518 44890 31522 12103 13169 65831 10194 24321 15588 16807
internal_count=332333 248584 83749 84109 164475 49919 56283 33830 51442 29108 101165 63310 29960 41515 27826 58664 21224 19766 16671 21482 16518 44890 31522 12103 13169 65831 10194 24321 15588 16807
is_linear=0
shrinkage=0.05


Tree=19
num_leaves=31
num_cat=0
split_feature=3 0 0 4 7 3 0 2 9 9 9 4 4 2 7 0 4 7 7 7 0 7 7 0 7 7 7 7 5 7
split_gain=335.87 122.141 86.4679 53.4491 33.5326 30.9141 23.7056 19.055 16.215 15.5562 15.396 14.5358 12.9674 11.8214 11.0112 10.851 9.3227 7.79764 7.55798 7.55328 7.70889 6.26748 5.86175 5.95775 5.36087 5.35952 4.90543 4.63285 3.81031 3.57016
threshold=7.6796061570000012 71.500000000000014 98.500000000000014 0.77852702433431364 1.0320909540000003 44.107140965000006 105.50000000000001 4.5000000000000009 12.500000000000002 12.500000000000002 34.500000000000007 0.64887298102333657 1.2933426348900545 2.5000000000000004 1.0758004030000003 45.500000000000007 0.61116393523125501 1.1229187270000003 1.0038369515000001 1.1585803860000001 78.500000000000014 1.1439495680000002 0.94667231500000015 43.500000000000007 0.93934972700000008 0.98560577400000005 1.0262334550000001 0.99800425250000013 12.500000000000002 0.93934972700000008
decision_type=2 2 2 10 2 2 2 2 2 2 2 8 10 2 2 2 10 2 2 2 2 2 2 2 2 2 2 2 2 2
left_child=1 4 5 16 11 10 7 14 -8 -4 19 -1 26 15 29 21 -3 25 -9 20 -2 -6 -13 -24 -18 -12 -11 -10 -26 -5
right_child=2 3 9 6 13 -7 8 18 27 12 17 22 -14 -15 -16 -17 24 -19 -20 -21 -22 -23 23 -25 28 -27 -28 -29 -30 -31
leaf_value=-0.010881710915257017 -0.001740732314029284 -0.013039481774435677 0.012314154636692293 -0.0018586412553468169 -0.0036038251622305057 0.012148522635756887 0.00025571875831817713 -0.0055083665079579784 0.0093815985024722007 0.010503327039124323 0.0053560794596690222 -0.0082883684632767789 0.027287978882455495 -0.0059547533008074485 0.0056971431744235537 0.00062308497304458305 -0.0079494937983244484 0.0052825408746065977 -0.00017980310358261503 0.0028605788187430338 0.002604637209647479 -0.0015313899835520716 -0.0060375868064942856 -0.0034268369855422359 -0.0043934262464802648 0.0010264055015601454 0.016430978289236304 0.019383342508622427 0.00043438716357111959 0.0015829008866617576
leaf_weight=31333 20367 8728 5801 4562 29407 4688 5088 9392 5144 5830 4507 25594 5310 14248 5297 8199 5869 5508 7573 5128 6012 12322 26439 18564 7623 12300 5617 4737 5496 15313
leaf_count=31333 20367 8728 5801 4562 29407 4688 5088 9392 5144 5830 4507 25594 5310 14248 5297 8199 5869 5508 7573 5128 6012 12322 26439 18564 7623 12300 5617 4737 5496 15313
internal_value=-0.000868613 -0.00177255 0.00192925 -0.00022882 -0.00256082 0.000915149 0.000645584 3.83216e-05 0.00235441 0.00455879 0.000575732 -0.00312454 0.0053314 -0.00166529 0.000911148 -0.00130255 -0.00203023 0.00158042 -0.00125663 -0.000135981 -0.000477374 -0.00162925 -0.00272634 -0.00238213 -0.00140789 0.00104479 0.00438046 0.0035348 -0.000845399 0.000370975
internal_weight=331996 250928 81068 84822 166106 58510 57106 42137 14969 22558 53822 101930 16757 64176 25172 49928 27716 22315 16965 31507 26379 41729 70597 45003 18988 16807 11447 9881 13119 19875
internal_count=331996 250928 81068 84822 166106 58510 57106 42137 14969 22558 53822 101930 16757 64176 25172 49928 27716 22315 16965 31507 26379 41729 70597 45003 18988 16807 11447 9881 13119 19875
is_linear=0
shrinkage=0.05


Tree=20
num_leaves=31
num_cat=0
split_feature=0 4 4 0 7 7 4 0 7 6 0 0 2 6 6 5 2 7 8 7 4 4 7 4 5 5 0 7 5 7
split_gain=279.074 140.199 87.2637 47.9475 35.8884 29.5228 22.684 20.1886 19.0675 18.5623 20.5935 14.5239 13.1963 12.2234 11.7003 11.2539 8.55026 7.24072 6.98366 6.87788 6.77971 5.7865 6.19753 5.71507 5.62049 5.15127 4.91978 4.53901 4.46854 3.96591
threshold=75.500000000000014 0.91797401009845758 0.93343866468483183 116.50000000000001 1.1350018475000001 1.2428445740000003 0.64887298102333657 44.500000000000007 0.94667231500000015 1.5000000000000002 104.50000000000001 103.50000000000001 3.5000000000000004 1.0000000180025095e-35 1.0000000180025095e-35 23.500000000000004 4.5000000000000009 1.0758004030000003 0.93167404300000012 0.97754740050000011 1.1895740362512177 1.0358580307267065 1.0731915865000003 0.71998289365542911 13.500000000000002 20.500000000000004 64.500000000000014 1.0000053235000002 17.500000000000004 0.98947461550000015
decision_type=2 10 10 2 2 2 10 2 2 2 2 2 2 2 2 2 2 2 2 2 10 10 2 10 2 2 2 2 2 2
left_child=2 6 8 4 9 7 -2 18 -1 10 16 13 15 19 17 26 21 -10 -4 -8 -12 -3 -23 -16 -13 -20 28 -11 -9 -15
right_child=1 3 5 -5 -6 -7 11 12 14 27 20 24 -14 29 23 -17 -18 -19 25 -21 -22 22 -24 -25 -26 -27 -28 -29 -30 -31
leaf_value=-0.010753056615512102 -0.011116462101129973 0.0017565876367845016 -0.0071600693635531024 0.048659904299548556 0.011901096859425486 0.0046194998927600872 -0.0025217425813957623 -0.002242232970934769 -0.0045471645067659021 -0.0050029927582107159 0.0093156039237744081 -0.00029742326489829476 -0.0054786933944785954 -0.0076734264063744425 -0.0091794224105933627 0.0038554749663748562 -0.00028394734706230722 -0.0018041120575902772 -0.0037180001909988196 0.0029940790707777133 0.016757493087121451 0.0065086763360545086 0.0013741239770405898 -0.0054903167283219785 0.0068622831132570178 -0.0013837427145383064 0.00076874148465817566 0.0020509476812820252 0.00079907928009559284 -0.0031067424194730509
leaf_weight=33856 10400 8045 6834 5168 8299 4684 5030 13605 32381 4948 9051 5842 4965 7434 18258 5489 6981 13203 31267 6743 4532 13187 4670 18334 6474 14328 9558 4500 6570 7417
leaf_count=33856 10400 8045 6834 5168 8299 4684 5030 13605 32381 4948 9051 5842 4965 7434 18258 5489 6981 13203 31267 6743 4532 13187 4670 18334 6474 14328 9558 4500 6570 7417
internal_value=-0.000859083 0.00108397 -0.00194041 0.00253286 0.0021596 -0.000836032 -0.000953492 -0.00103195 -0.00286641 0.00170389 0.00211465 -0.000399282 -0.00018872 -0.00105599 -0.0024547 0.000151587 0.00143776 -0.00191976 -0.00167821 0.000147307 0.00375221 0.00185625 0.0023578 -0.00312075 0.00102021 -0.0014545 -0.000232532 -0.000316303 -0.000675175 -0.00200963
internal_weight=332053 118721 213332 69381 64213 97300 49340 92616 116032 55914 46466 38940 40187 26624 82176 35222 32883 45584 52429 11773 13583 25902 17857 36592 12316 45595 29733 9448 20175 14851
internal_count=332053 118721 213332 69381 64213 97300 49340 92616 116032 55914 46466 38940 40187 26624 82176 35222 32883 45584 52429 11773 13583 25902 17857 36592 12316 45595 29733 9448 20175 14851
is_linear=0
shrinkage=0.05


Tree=21
num_leaves=31
num_cat=0
split_feature=3 0 0 4 5 0 0 4 7 7 7 7 7 3 0 6 9 7 6 9 3 4 7 9 7 3 6 7 9 0
split_gain=276.493 97.7458 66.9852 50.7755 28.788 25.4158 25.302 19.8675 19.0669 18.3082 14.3996 13.1574 12.7474 11.052 10.464 9.96421 8.81456 8.58483 8.33163 7.3787 5.67585 4.37495 4.33523 4.01148 3.93825 3.26321 3.18689 2.99715 2.98635 2.5425
threshold=7.2043208685000009 93.500000000000014 74.500000000000014 0.66431621243611516 24.500000000000004 115.50000000000001 60.500000000000007 0.73487844853869044 1.1496716780000003 1.1249927920000002 1.0320909540000003 1.0394500700000002 0.93934972700000008 38.286769956500009 99.500000000000014 1.0000000180025095e-35 12.500000000000002 0.94443998950000008 1.5000000000000002 31.500000000000004 -7.2869342384999998 0.838575240876409 1.1795612660000001 20.500000000000004 1.0301846000000003 -7.6407521534999985 1.5000000000000002 0.88717036500000013 11.500000000000002 40.500000000000007
decision_type=2 2 2 8 2 2 2 10 2 2 2 2 2 2 2 2 2 2 2 2 2 10 2 2 2 2 2 2 2 2
left_child=1 3 8 17 14 7 10 -3 19 12 26 18 -8 -6 23 -14 -16 -1 21 -2 -19 -9 25 -4 -18 -12 27 -5 -17 -29
right_child=2 5 4 6 13 -7 9 11 -10 -11 22 -13 15 -15 16 28 24 20 -20 -21 -22 -23 -24 -25 -26 -27 -28 29 -30 -31
leaf_value=-0.013306991656427777 -0.0018984197956437153 -0.006986323808990804 5.0292864573804319e-05 -0.010937068488490152 0.010159328563627874 0.027842230414084818 -0.0060660874544803426 -0.001623542875754882 0.0040287506279227088 0.0039235856237223588 -0.0057439429043256753 0.0073513008562788619 0.00029352425034595699 0.022281152583227978 0.0063954654710899938 -0.0066485280527964312 0.010406457278141658 -0.0082381944209521194 -0.0052183155368019972 0.00095911461773004925 -0.0038152070169590034 0.0035205405107011298 -0.00083290841555271359 0.0036377987454631259 0.017126308846534277 -0.0025490811134790963 -0.0096794397817362016 -0.005640676654967685 -0.0023717462595790216 -0.003867418654584091
leaf_weight=18998 18096 8565 4601 6540 7790 5185 10883 4977 8310 4809 6428 6647 18781 5864 4554 4599 4516 24106 5427 13669 10464 10897 7682 11464 4550 29261 4563 29946 13814 15936
leaf_count=18998 18096 8565 4601 6540 7790 5185 10883 4977 8310 4809 6428 6647 18781 5864 4554 4599 4516 24106 5427 13669 10464 10897 7682 11464 4550 29261 4563 29946 13814 15936
internal_value=-0.000845699 -0.00168176 0.00164507 -0.00212702 0.00300745 0.00052658 -0.00166372 6.12015e-05 0.000171531 -0.000778584 -0.00213011 0.0007069 -0.00107286 0.00490739 0.00213287 -0.000632276 0.00315229 -0.00345211 0.000100675 -0.000386372 -0.00298192 0.000678883 -0.00144331 0.00126789 0.00405358 -0.00167521 -0.00265266 -0.00254182 -0.00145863 -0.0023985
internal_weight=331922 248508 83414 206810 43339 41698 153242 36513 40075 52886 100356 27948 48077 13654 29685 37194 13620 53568 21301 31765 34570 15874 43371 16065 9066 35689 56985 52422 18413 45882
internal_count=331922 248508 83414 206810 43339 41698 153242 36513 40075 52886 100356 27948 48077 13654 29685 37194 13620 53568 21301 31765 34570 15874 43371 16065 9066 35689 56985 52422 18413 45882
is_linear=0
shrinkage=0.05


Tree=22
num_leaves=31
num_cat=0
split_feature=3 0 3 0 5 4 0 8 8 4 0 8 3 9 0 5 8 8 0 2 0 9 2 8 2 0 2 8 2 8
split_gain=257.869 100.57 60.5075 48.1159 35.4422 33.3659 18.123 13.3575 12.4583 11.8271 10.8113 9.42909 9.35061 9.30297 8.88538 6.60481 6.20343 6.11611 5.86217 5.84794 6.54857 5.78369 7.27658 5.533 4.37526 4.69628 3.91728 3.87617 3.57257 3.5201
threshold=7.6796061570000012 77.500000000000014 57.332769702000007 91.500000000000014 12.500000000000002 0.73120486283240538 114.50000000000001 1.6336611120000002 1.0539520960000004 0.73883510777368866 113.50000000000001 0.95550089700000018 19.337577585500004 17.500000000000004 97.500000000000014 19.500000000000004 0.86540467600000015 0.96220362650000013 49.500000000000007 4.5000000000000009 97.500000000000014 30.500000000000004 1.0000000180025095e-35 1.0143242110000001 2.5000000000000004 67.500000000000014 1.5000000000000002 1.1751955955000002 3.5000000000000004 1.0843950875000001
decision_type=2 2 2 2 2 8 2 2 2 10 2 2 2 2 2 2 2 2 2 2 2 2 2 2 2 2 2 2 2 2
left_child=1 5 3 12 9 11 8 13 14 -3 17 -1 -2 23 -6 -10 -15 -5 27 -11 -21 22 -13 -7 25 -14 -25 29 -20 -18
right_child=2 4 -4 10 6 7 -8 -9 15 19 -12 21 24 16 -16 -17 18 -19 28 20 -22 -23 -24 26 -26 -27 -28 -29 -30 -31
leaf_value=-0.011841842345445993 -0.00030758216786326407 -0.0087006489511792674 0.02417218095038778 0.0037841067626096878 -0.0028530209202478297 -0.0076434698608302369 0.027598613497734244 0.0014933379706162638 0.0022004862521985287 0.0016062172589057001 0.030481123557831027 -0.0034116105695530929 0.0021555304097189811 -0.0076351582359310728 0.0018199156431360692 0.0063280361513065528 -0.004311536055474686 0.0075294662273369742 -0.00078558876061335901 -0.0054729747870213433 -0.00042838945506991854 -0.0036359351780198834 -0.0078112264477484096 -0.0029601827426314242 0.00027874737765833471 0.0069945770053975193 -0.0058652994913542394 -0.0022466060521349677 -0.0041407897436510363 -0.0060991088584885188
leaf_weight=21345 30876 12852 5256 5418 10758 16890 4587 4964 9415 6285 5768 11682 8972 5037 11720 4938 10479 14081 22224 5438 6841 4717 24752 20678 6080 4720 11555 12787 6191 4791
leaf_count=21345 30876 12852 5256 5418 10758 16890 4587 4964 9415 6285 5768 11682 8972 5037 11720 4938 10479 14081 22224 5438 6841 4717 24752 20678 6080 4720 11555 12787 6191 4791
internal_value=-0.00082666 -0.00161909 0.00162295 0.0012635 -5.38185e-05 -0.00225922 0.000906741 -0.00175587 0.000537381 -0.00132014 0.00304546 -0.00319003 0.00037431 -0.00186972 -0.000197484 0.00168791 -0.00145975 0.0024818 -0.00130956 -0.000512684 -0.00114743 -0.00274699 -0.00296029 -0.00238286 0.00122314 0.00171862 -0.00199811 -0.00182222 -0.000803133 -0.00236007
internal_weight=332097 250926 81171 75915 72834 178092 41418 115596 36831 31416 25267 62496 50648 110632 22478 14353 61509 19499 56472 18564 12279 41151 36434 49123 19772 13692 32233 28057 28415 15270
internal_count=332097 250926 81171 75915 72834 178092 41418 115596 36831 31416 25267 62496 50648 110632 22478 14353 61509 19499 56472 18564 12279 41151 36434 49123 19772 13692 32233 28057 28415 15270
is_linear=0
shrinkage=0.05


Tree=23
num_leaves=31
num_cat=0
split_feature=3 0 0 4 7 0 7 0 7 4 7 2 2 7 7 7 0 6 9 0 9 9 7 7 0 7 2 0 7 2
split_gain=235.181 91.7056 52.4334 43.5614 29.5719 19.5888 19.2707 18.8101 17.3179 15.8419 11.0872 10.6409 10.3982 9.61706 7.94023 7.63206 7.43627 6.7812 6.62079 6.27388 6.26876 6.00376 5.38618 5.13552 6.9893 6.05082 5.02696 4.76324 4.52867 3.99134
threshold=7.6796061570000012 70.500000000000014 82.500000000000014 0.73883510777368866 1.0320909540000003 114.50000000000001 1.1585803860000001 115.50000000000001 1.0142381880000002 0.61116393523125501 1.1350018475000001 5.5000000000000009 2.5000000000000004 0.93934972700000008 0.86021239400000005 0.95813489450000011 99.500000000000014 1.0000000180025095e-35 12.500000000000002 104.50000000000001 16.500000000000004 26.500000000000004 0.99308499750000012 1.0320909540000003 53.500000000000007 1.0028781850000004 6.5000000000000009 105.50000000000001 0.94667231500000015 2.5000000000000004
decision_type=2 2 2 10 2 2 2 2 2 8 2 2 2 2 2 2 2 2 2 2 2 2 2 2 2 2 2 2 2 2
left_child=1 4 6 19 9 8 15 10 11 -1 18 13 20 -5 -11 -2 -13 -10 -4 26 -6 29 -15 25 -25 -17 28 -20 -3 -16
right_child=2 3 7 5 12 -7 -8 -9 17 14 -12 16 -14 22 21 23 -18 -19 27 -21 -22 -23 -24 24 -26 -27 -28 -29 -30 -31
leaf_value=-0.0093780511478974444 0.0024915676712260748 -0.0091749381114634796 0.0019028723416746791 -0.00334853061679542 -0.0028091829724248745 0.023138591830336692 0.0047184233188923294 0.039162577173740346 0.0048158461000707802 -0.012165575554804041 0.012618316104753925 -0.0093303651971577209 -0.005169409984697791 0.0027906886037929349 -0.0048975853909810621 -0.00050442809531882999 -0.0023848660566661629 0.00077813040243929633 0.0046138588241227642 -0.0022158107876313073 -0.00081793621070459549 -0.0030448382039478701 -0.0014412045999611623 -0.0015577612728164181 0.0019958875160954849 -0.0036127292625159988 -0.016384947317941677 0.011459705152701031 -0.0032362958224924111 -0.007768635186923719
leaf_weight=26615 5386 5177 5547 7867 27882 5415 8340 4646 11035 5488 5163 4642 13666 9713 33785 6389 7551 13234 14363 4861 21970 21332 5304 10156 9312 5026 5374 6808 6974 13320
leaf_count=26615 5386 5177 5547 7867 27882 5415 8340 4646 11035 5488 5163 4642 13666 9713 33785 6389 7551 13234 14363 4861 21970 21332 5304 10156 9312 5026 5374 6808 6974 13320
internal_value=-0.000810015 -0.00156592 0.0015303 -0.00025513 -0.00226218 0.000402139 0.000380036 0.00293482 0.000139339 -0.00279576 0.00250094 -0.000571092 -0.00141744 6.46587e-05 -0.00241884 -0.000118406 -0.00176381 0.00116606 0.00209033 -0.00215622 -0.0010823 -0.00227178 0.000806483 -0.000421362 7.24068e-05 -0.00126314 -0.00259698 0.00249315 -0.00203233 -0.00258703
internal_weight=332341 251205 81136 87147 164058 64761 44609 36527 59346 100540 31881 35077 63518 22884 73925 36269 12193 24269 26718 22386 49852 68437 15017 30883 19468 11415 17525 21171 12151 47105
internal_count=332341 251205 81136 87147 164058 64761 44609 36527 59346 100540 31881 35077 63518 22884 73925 36269 12193 24269 26718 22386 49852 68437 15017 30883 19468 11415 17525 21171 12151 47105
is_linear=0
shrinkage=0.05


Tree=24
num_leaves=31
num_cat=0
split_feature=3 0 0 4 4 0 5 2 0 5 2 8 8 9 2 8 4 4 0 0 9 8 3 2 8 3 9 8 2 3
split_gain=210.82 83.9453 50.2742 47.0281 24.5299 22.9352 20.0458 19.9914 15.3882 11.9155 11.257 10.3389 9.10823 8.5361 7.91229 7.12098 6.98597 6.29002 6.03523 5.37919 4.88505 4.84741 4.57703 4.42145 3.66674 3.50128 3.08171 2.89077 2.5674 2.53874
threshold=7.6796061570000012 94.500000000000014 102.50000000000001 0.64887298102333657 1.6534265709003368 59.500000000000007 13.500000000000002 4.5000000000000009 53.500000000000007 21.500000000000004 2.5000000000000004 1.0216345210000002 0.94232026850000017 52.500000000000007 3.5000000000000004 1.0143242110000001 1.2683093142931223 0.72737128769017889 113.50000000000001 90.500000000000014 20.500000000000004 1.0539520960000004 16.809247325000005 1.5000000000000002 1.0641062075000003 -4.3715272484999987 20.500000000000004 1.1640513860000004 5.5000000000000009 -7.2869342384999998
decision_type=2 2 2 8 10 2 2 2 2 2 2 2 2 2 2 2 10 10 2 2 2 2 2 2 2 2 2 2 2 2
left_child=1 3 4 11 8 10 17 12 -2 -4 15 29 -7 -14 22 23 -11 -3 21 -16 -19 28 27 -5 -9 -13 -12 -10 -8 -1
right_child=2 6 9 5 -6 7 18 24 14 16 26 25 13 -15 19 -17 -18 20 -20 -21 -22 -23 -24 -25 -26 -27 -28 -29 -30 -31
leaf_value=-0.012086771504677003 -0.0013815521316811862 -0.006406488149923454 0.0095348294185085263 -0.0057606033084892207 0.0094718332240529488 -0.003605355065279146 0.0031725678669752896 -0.0065716621925612133 -0.00050546043389970154 0.014325782741203365 -0.0082013928498961639 -0.0057763294710573513 -0.00010083908502191263 0.0034945170645131261 -0.0030219665257570452 -0.0025509879658251688 0.025540412271715492 -0.0026749589313533155 0.021358963330555109 0.0027862222674198164 0.0041270472617008043 0.0066106915148444918 0.0044518945242954227 -0.0033475401366048286 -0.0018394142116785039 -0.0024382437702265281 -0.0047301773208502963 0.0021423879763733437 -0.00047635152518164412 -0.005747924955265344
leaf_weight=22794 19832 6336 8587 18488 5029 8540 5130 11747 4539 5516 11426 18045 28223 4750 4793 59087 4544 7100 4987 5429 4889 5712 17063 6403 4523 4938 6916 5672 6029 4641
leaf_count=22794 19832 6336 8587 18488 5029 8540 5130 11747 4539 5516 11426 18045 28223 4750 4793 59087 4544 7100 4987 5429 4889 5712 17063 6403 4523 4938 6916 5672 6029 4641
internal_value=-0.000789509 -0.00150601 0.00142799 -0.00190573 0.000746687 -0.00148628 0.00058811 -0.00068985 0.000452792 0.0037055 -0.00193599 -0.00323741 -0.000107545 0.000269421 0.0010485 -0.0016907 0.00487332 -0.00063148 0.00161048 -0.000137872 4.21032e-05 0.00115815 0.00149309 -0.00240019 -0.00217512 -0.00245411 -0.00305827 0.000655343 0.000551324 -0.00389304
internal_weight=331708 250704 81004 210521 62357 160103 40183 57783 57328 18647 102320 50418 41513 32973 37496 83978 10060 18325 21858 10222 11989 16871 27274 24891 16270 22983 18342 10211 11159 27435
internal_count=331708 250704 81004 210521 62357 160103 40183 57783 57328 18647 102320 50418 41513 32973 37496 83978 10060 18325 21858 10222 11989 16871 27274 24891 16270 22983 18342 10211 11159 27435
is_linear=0
shrinkage=0.05


Tree=25
num_leaves=31
num_cat=0
split_feature=3 0 0 4 4 4 7 0 6 0 6 2 2 7 0 7 2 0 5 3 7 7 7 7 7 9 7 7 9 6
split_gain=192.56 79.1737 49.5874 42.2052 21.6589 21.3187 19.1457 18.4262 15.6207 12.6164 12.4958 11.1093 9.57991 9.17837 8.75238 8.58162 8.58129 8.08838 7.9034 6.51682 6.23767 5.48676 5.45211 8.51721 10.3891 4.59507 4.52426 5.66091 4.31194 4.01764
threshold=7.2043208685000009 89.500000000000014 97.500000000000014 0.64887298102333657 1.6534265709003368 0.838575240876409 0.94667231500000015 58.500000000000007 1.0000000180025095e-35 52.500000000000007 1.5000000000000002 4.5000000000000009 2.5000000000000004 0.94213990150000015 113.50000000000001 1.0413678250000002 3.5000000000000004 109.50000000000001 15.500000000000002 -9.312333697999998 1.0517352690000001 1.1249927920000002 1.0731915865000003 1.0320909540000003 0.98009628400000015 49.500000000000007 0.86021239400000005 0.92424868750000011 31.500000000000004 1.0000000180025095e-35
decision_type=2 2 2 8 10 10 2 2 2 2 2 2 2 2 2 2 2 2 2 2 2 2 2 2 2 2 2 2 2 2
left_child=1 3 4 13 9 18 26 12 15 -2 17 25 20 -1 -10 -4 21 -7 28 -15 -8 22 23 24 -11 -9 -5 29 -3 -28
right_child=2 5 8 6 -6 10 7 11 14 16 -12 -13 -14 19 -16 -17 -18 -19 -20 -21 -22 -23 -24 -25 -26 -27 27 -29 -30 -31
leaf_value=-0.011726136382062956 -0.0016458249422455825 -0.0066958708952671673 0.010067711602291037 -0.0099648649718109411 0.0088181113508060335 0.0031033859370084463 -0.0034494659648542005 -0.00021395343051081126 0.0043687462094333541 0.0047732223447083805 -0.0024147504743684636 -0.0043280693900716134 -0.0059238073421148223 -0.0074399987311592267 0.027586161729351279 0.020271621511614431 -0.0015031123561056235 0.016795702614868541 0.0025294488048959131 -0.0033038810443535879 -0.0015042471943098983 0.0048115506898612761 -0.00090223004692215481 0.0057315245740731683 -0.0013615238825834884 0.0021659763066278299 -0.0024530552565020934 -0.0061706002366276862 -0.00019279660030864347 -0.0071197579673963817
leaf_weight=16950 20345 12101 4729 6311 5024 15263 35302 24921 9733 5183 6249 9411 13175 19765 4754 4692 7902 5606 5091 12555 30235 6000 4927 4644 5604 4775 9470 9741 4550 6858
leaf_count=16950 20345 12101 4729 6311 5024 15263 35302 24921 9733 5183 6249 9411 13175 19765 4754 4692 7902 5606 5091 12555 30235 6000 4927 4644 5604 4775 9470 9741 4550 6858
internal_value=-0.000790158 -0.0014887 0.00128636 -0.00193055 0.00051489 0.000315153 -0.00151391 -0.00121788 0.00320997 0.00022569 0.00125023 -0.000330718 -0.0016586 -0.00320041 0.0021781 0.00479472 0.000811322 0.00183745 -0.000851153 -0.00270534 -0.00141108 0.00124455 0.000852525 0.00131478 0.000543457 0.000143765 -0.00259071 -0.00229903 -0.00137818 -0.00172902
internal_weight=331866 248329 83537 199469 59629 48860 150199 117819 23908 54605 27118 39107 78712 49270 14487 9421 34260 20869 21742 32320 65537 26358 20358 15431 10787 29696 32380 26069 16651 16328
internal_count=331866 248329 83537 199469 59629 48860 150199 117819 23908 54605 27118 39107 78712 49270 14487 9421 34260 20869 21742 32320 65537 26358 20358 15431 10787 29696 32380 26069 16651 16328
is_linear=0
shrinkage=0.05


Tree=26
num_leaves=31
num_cat=0
split_feature=3 0 3 4 0 0 8 2 7 7 0 9 8 7 0 0 8 9 7 7 2 7 7 7 0 2 2 4 7 7
split_gain=163.878 69.7951 44.6117 39.0782 31.1335 22.1021 21.4053 20.8982 16.0995 15.4208 10.8431 10.4731 9.90626 9.12874 7.75861 6.53357 6.36241 5.98888 5.31427 5.62616 5.04142 4.8224 4.76634 4.51207 4.34217 4.66287 4.11145 4.09817 3.88636 2.76656
threshold=7.2043208685000009 86.500000000000014 57.332769702000007 0.63832095183014004 80.500000000000014 115.50000000000001 1.6516427525000001 6.5000000000000009 0.94667231500000015 0.93934972700000008 112.50000000000001 14.500000000000002 0.95550089700000018 1.1585803860000001 101.50000000000001 49.500000000000007 1.3078657835000003 32.500000000000007 1.0563097930000003 0.95813489450000011 4.5000000000000009 0.86021239400000005 0.92120249550000011 1.0527773555000002 100.50000000000001 4.5000000000000009 2.5000000000000004 0.96581831991233036 0.90495753450000016 1.0920774425000002
decision_type=2 2 2 8 2 2 2 2 2 2 2 2 2 2 2 2 2 2 2 2 2 2 2 2 2 2 2 10 2 2
left_child=1 3 4 12 13 7 8 9 21 -3 17 23 -1 16 -9 -13 18 20 19 -2 -6 -5 28 -10 25 -11 29 -17 -23 -14
right_child=2 5 -4 6 10 -7 -8 14 11 24 -12 15 26 -15 -16 27 -18 -19 -20 -21 -22 22 -24 -25 -26 -27 -28 -29 -30 -31
leaf_value=-0.01165131776689269 0.0016553363800749445 -0.0039720998080721255 0.020566052563120708 -0.0098555938782858895 0.0042919843275302039 0.024697919398760971 0.003449902285232136 -0.011909578251307899 -0.0048078443186538042 0.0029718660153230541 0.022099771002167715 -0.002817766752517937 -0.0045215216537677514 0.0024275507729440908 -0.0036142631202438057 -0.0018767063218516206 -0.0028207845638448144 0.0050403059629830224 0.001548458466524693 -0.0020343383072116842 -0.0010249581064811475 -0.0063673683627475776 -0.0056545825248522563 -0.0023651554760271993 0.0050054694665142676 -0.00084118961328574153 -0.0096052817977001943 0.00033030794253642104 -0.0013188880847888164 -0.0019510051683193867
leaf_weight=17443 5274 7663 5301 6098 7699 5161 5059 5341 22230 8200 6781 33542 15368 7932 9626 26509 8219 13676 8593 13840 6189 9849 10937 16233 10752 7990 8486 12021 5041 4826
leaf_count=17443 5274 7663 5301 6098 7699 5161 5059 5341 22230 8200 6781 33542 15368 7932 9626 26509 8219 13676 8593 13840 6189 9849 10937 16233 10752 7990 8486 12021 5041 4826
internal_value=-0.000812921 -0.00145714 0.00110323 -0.00190274 0.000802155 0.000119386 -0.00150549 -0.000204935 -0.001619 0.000470239 0.0019294 -0.00133323 -0.00317302 -8.0707e-05 -0.00176563 -0.000977567 -0.000419694 0.00148826 -5.71966e-05 -0.000521472 0.000756495 -0.00260805 -0.00230857 -0.00199946 0.00103314 0.00051559 -0.00260066 -0.000533283 -0.00172541 -0.0022115
internal_weight=331879 248375 83504 193642 78203 54733 147519 49572 142460 34605 34345 110535 46123 43858 14967 72072 35926 27564 27707 19114 13888 31925 25827 38463 26942 16190 28680 38530 14890 20194
internal_count=331879 248375 83504 193642 78203 54733 147519 49572 142460 34605 34345 110535 46123 43858 14967 72072 35926 27564 27707 19114 13888 31925 25827 38463 26942 16190 28680 38530 14890 20194
is_linear=0
shrinkage=0.05


Tree=27
num_leaves=31
num_cat=0
split_feature=3 0 3 4 7 0 5 0 7 2 9 9 0 7 4 9 0 8 7 7 8 2 7 7 4 0 5 3 4 7
split_gain=162.939 66.3928 40.8365 35.9098 28.0323 19.803 19.3394 15.2097 14.1013 12.8252 10.7053 9.76373 9.29778 8.47071 8.44526 6.55402 6.91069 6.24595 5.30246 5.28462 6.27589 5.22837 4.47898 5.12611 4.41597 4.3642 4.67521 4.3347 4.2006 3.40534
threshold=7.2043208685000009 71.500000000000014 28.512871257500002 0.71193700132673154 0.94667231500000015 71.500000000000014 26.500000000000004 114.50000000000001 0.93934972700000008 4.5000000000000009 17.500000000000004 8.5000000000000018 106.50000000000001 1.1393784770000002 0.62250262374204135 52.500000000000007 102.50000000000001 1.1996017105000003 0.99889278250000013 1.1201095380000001 1.3078657835000003 5.5000000000000009 0.86021239400000005 0.92120249550000011 0.84440490432270965 47.500000000000007 17.500000000000004 -5.9303463359999986 0.56244610137483664 1.0320909540000003
decision_type=2 2 2 10 2 2 2 2 2 2 2 2 2 2 8 2 2 2 2 2 2 2 2 2 10 2 2 2 10 2
left_child=1 4 5 28 14 19 12 8 -5 10 13 -10 17 27 -1 16 21 -4 -7 20 -2 -13 -16 24 -24 29 -27 -6 -3 -12
right_child=2 3 6 7 9 18 -8 -9 11 -11 25 15 -14 -15 22 -17 -18 -19 -20 -21 -22 -23 23 -25 -26 26 -28 -29 -30 -31
leaf_value=-0.01089934170754365 -0.00078039043488996643 -0.011922566254635275 -0.00027329583464619998 -0.0038197510048065039 -0.0053974765552536738 0.0015841767561003306 0.014488788888666152 0.021044417746624643 -0.0045853182324757475 -0.010989047742989845 -0.0036250164130385309 0.0008759190685475671 0.016641511757027782 -0.0012773516537942604 -0.009919724375761288 0.0041476161632566424 0.0051663585804317437 0.0060868015003568941 0.0048297670799249872 0.0009902653950964054 -0.0043423988564906882 -0.0031639294198088602 -0.0060282409024185451 -0.0056202245618192596 -0.0017618889839839096 -0.0014974862789222949 0.0011587448620762407 -0.0032692590440022507 -0.0046849630403062378 -0.0015109652527324755
leaf_weight=13779 19368 5606 5972 12011 17568 8974 8721 5619 5612 5883 14660 22654 4567 10464 5361 5707 8755 5242 17185 8660 4660 5757 6052 8944 6544 19994 5392 34272 12669 15240
leaf_count=13779 19368 5606 5972 12011 17568 8974 8721 5619 5612 5883 14660 22654 4567 10464 5361 5707 8755 5242 17185 8660 4660 5757 6052 8944 6544 19994 5392 34272 12669 15240
internal_value=-0.000761864 -0.00140341 0.00115117 -0.000263642 -0.00198933 0.000436942 0.00286612 0.000278659 4.7436e-05 -0.00161418 -0.00150006 0.000427407 0.00182092 -0.00194948 -0.00312769 0.000684149 0.000441741 0.00104555 0.00146212 -0.00038357 -0.000765199 6.31674e-05 -0.00261113 -0.00228824 -0.00163717 -0.000993472 -0.000511206 -0.0022114 -0.00222511 -0.00140278
internal_weight=331892 248543 83349 84390 164153 58847 24502 66115 60496 123473 117590 48485 15781 62304 40680 42873 37166 11214 26159 32688 24028 28411 26901 21540 12596 55286 25386 51840 18275 29900
internal_count=331892 248543 83349 84390 164153 58847 24502 66115 60496 123473 117590 48485 15781 62304 40680 42873 37166 11214 26159 32688 24028 28411 26901 21540 12596 55286 25386 51840 18275 29900
is_linear=0
shrinkage=0.05


Tree=28
num_leaves=31
num_cat=0
split_feature=5 0 7 0 3 0 2 3 0 5 7 6 7 7 7 8 0 3 5 0 0 2 7 3 7 2 0 7 3 6
split_gain=150.288 60.1509 40.4405 33.3854 28.5023 17.7511 14.2289 14.1865 12.2176 11.3944 10.9876 12.8243 10.197 9.83558 9.25493 7.46786 6.90605 6.13993 5.83759 5.66584 5.42325 8.04787 4.72928 4.4063 3.92228 3.68216 3.5654 3.31768 3.31013 3.2186
threshold=16.500000000000004 97.500000000000014 0.94667231500000015 72.500000000000014 18.263244479000004 116.50000000000001 2.5000000000000004 -7.1114353084999999 47.500000000000007 9.5000000000000018 0.97838995950000007 1.0000000180025095e-35 1.1201095380000001 1.1585803860000001 1.0000053235000002 1.1557926060000001 56.500000000000007 -3.1171845404999998 9.5000000000000018 39.500000000000007 65.500000000000014 4.5000000000000009 1.1229187270000003 -10.100314924499999 0.94667231500000015 3.5000000000000004 35.500000000000007 0.86803575000000011 -5.1350214544999995 1.5000000000000002
decision_type=2 2 2 2 2 2 2 2 2 2 2 2 2 2 2 2 2 2 2 2 2 2 2 2 2 2 2 2 2 2
left_child=2 4 9 6 8 10 12 18 17 27 -3 -12 19 14 -6 24 -8 -2 -5 23 28 -22 -19 -4 -10 -18 -14 -1 -11 -9
right_child=1 5 3 7 13 -7 16 29 15 20 11 -13 26 -15 -16 -17 25 22 -20 -21 21 -23 -24 -25 -26 -27 -28 -29 -30 -31
leaf_value=-0.014092571663051471 -0.006195803200538693 0.0014292708325991848 -0.005422747293130508 -0.0045853137834031893 0.0059402110126878498 0.039334468740253731 -0.0064623051266818991 0.0028753880954284629 -0.0032617207200456751 -0.0066517198409560361 0.011753789905439946 0.0047115538677331391 -0.00092676132366070459 0.0093265258878328407 0.00060749481632381723 0.0017911821472984997 -0.0011927428506019761 -0.0024652685064416513 -0.00061116031570748101 -0.0015119616238058963 0.00022901078823155726 -0.0069161662146580427 0.00043811689642607481 -0.0028222640979166289 -1.8757627656722962e-05 -0.0055115002056727938 0.002064838149084495 -0.0075564203655602534 -0.0040993258482253806 -0.00060682679749658394
leaf_weight=8354 4519 7637 7199 10947 4723 4538 15952 15558 5046 8554 9000 9674 11652 4541 11031 13944 6010 21681 18487 17629 6007 7359 6368 37889 13566 8389 4604 19084 6636 5034
leaf_count=8354 4519 7637 7199 10947 4723 4538 15952 15558 5046 8554 9000 9674 11652 4541 11031 13944 6010 21681 18487 17629 6007 7359 6368 37889 13566 8389 4604 19084 6636 5034
internal_value=-0.000744565 0.000704032 -0.00152669 -0.00112046 2.05434e-05 0.00259626 -0.00161 -5.05698e-05 -0.000489338 -0.00268255 0.00209739 0.00275068 -0.00125624 0.0016564 0.00106479 0.000195632 -0.00253014 -0.00117398 -0.000754782 -0.00154547 -0.00198277 -0.00124748 -0.000898091 -0.00184264 -0.000459796 -0.00173528 -0.000140214 -0.00341034 -0.00262916 0.000955963
internal_weight=331612 116268 215344 159350 85419 30849 109324 50026 65124 55994 26311 18674 78973 20295 15754 32556 30351 32568 29434 62717 28556 13366 28049 45088 18612 14399 16256 27438 15190 20592
internal_count=331612 116268 215344 159350 85419 30849 109324 50026 65124 55994 26311 18674 78973 20295 15754 32556 30351 32568 29434 62717 28556 13366 28049 45088 18612 14399 16256 27438 15190 20592
is_linear=0
shrinkage=0.05


Tree=29
num_leaves=31
num_cat=0
split_feature=4 0 4 0 7 7 9 6 0 7 0 9 8 7 9 2 7 8 3 6 7 3 3 8 4 2 0 7 2 7
split_gain=135.087 78.2664 30.6145 28.569 24.3655 20.3758 18.4106 15.0623 13.25 10.778 10.3848 10.2091 9.95073 9.26169 12.5713 8.91975 8.68446 5.6744 5.18318 5.10287 4.88994 6.96175 4.23617 3.60361 3.1932 3.06997 6.01799 3.00933 2.87205 4.51408
threshold=0.88848677474165438 67.500000000000014 0.63832095183014004 116.50000000000001 1.1350018475000001 1.2428445740000003 27.500000000000004 1.5000000000000002 104.50000000000001 0.92847607600000004 105.50000000000001 11.500000000000002 1.3838021630000001 0.91220460200000009 48.500000000000007 4.5000000000000009 0.97919752400000004 0.96220362650000013 8.9975079800000017 1.5000000000000002 1.0785493675000002 13.693670635000002 -9.7033890364999973 0.98186433550000007 0.42848698758069387 1.5000000000000002 46.500000000000007 1.0320909540000003 1.5000000000000002 0.97346863700000008
decision_type=10 2 8 2 2 2 2 2 2 2 2 2 2 2 2 2 2 2 2 2 2 2 2 2 10 2 2 2 2 2
left_child=2 5 9 4 7 11 10 8 15 -1 16 -2 -6 -8 -15 20 -4 -10 27 23 21 -3 24 -18 -11 -25 -27 28 -13 -30
right_child=1 3 6 -5 12 -7 13 -9 17 22 -12 18 -14 14 -16 -17 19 -19 -20 -21 -22 -23 -24 25 -26 26 -28 -29 29 -31
leaf_value=-0.010918773978422681 -0.0037499234659548724 0.0010836999762277629 -0.0061890860850704298 0.035143980854774312 0.0051639179422948676 0.0034963795600646296 -0.004855206523944772 -0.0030096539391792129 0.0035013986882791721 -0.0081202028872849399 0.00025985114952914662 -0.0031496855605431537 0.0092750312206604339 -0.0011323122072004386 0.0046122430587668441 -0.0019129349667677061 -0.00011745054383773229 0.01043197817205295 -0.00026575283651550906 -0.0066493643352369602 -0.00037865081629708046 0.0051771534133157049 -0.0026458934013376379 -0.0016678994231872004 -0.0060943511350666892 -0.007406223107461348 -0.0026289457667654286 -0.0010085603075376912 -0.0039377819920512749 0.0005933953177877239
leaf_weight=15928 20154 18045 23072 5363 5318 4518 5263 11323 5500 4839 6262 14849 5269 22092 4952 8732 5016 9203 24699 4828 7498 11339 13229 11588 18693 4692 8219 22205 4899 5062
leaf_count=15928 20154 18045 23072 5363 5318 4518 5263 11323 5500 4839 6262 14849 5269 22092 4952 8732 5016 9203 24699 4828 7498 11339 13229 11588 18693 4692 8219 22205 4899 5062
internal_value=-0.000764895 0.000140883 -0.00188572 0.00122267 0.000991888 -0.000842196 -0.00135401 0.000660896 0.000975016 -0.00285412 -0.00184723 -0.00100345 0.00323027 -0.000381748 -8.13458e-06 0.000554154 -0.00205808 0.00228005 -0.000723938 -0.00155366 0.000894352 0.00118514 -0.00238277 -0.00130674 -0.0027854 -0.00155669 -0.00208695 -0.00103201 -0.00141044 -0.000753062
internal_weight=332649 183976 148673 87590 82227 96386 95984 71640 60317 52689 63677 91868 10587 32307 27044 45614 57415 14703 71714 34343 36882 29384 36761 29515 23532 24499 12911 47015 24810 9961
internal_count=332649 183976 148673 87590 82227 96386 95984 71640 60317 52689 63677 91868 10587 32307 27044 45614 57415 14703 71714 34343 36882 29384 36761 29515 23532 24499 12911 47015 24810 9961
is_linear=0
shrinkage=0.05


Tree=30
num_leaves=31
num_cat=0
split_feature=5 0 7 0 0 8 7 3 6 7 5 7 0 0 3 5 0 3 7 0 5 7 3 7 8 3 0 6 9 3
split_gain=126.586 60.4149 36.4917 23.1095 20.6492 16.8532 15.1064 14.8053 11.3516 9.05828 9.02839 8.64648 8.56057 8.00581 5.53778 5.4701 5.33213 5.11435 4.23111 4.07458 3.94061 3.86424 3.83735 3.79964 3.77473 4.13143 3.33609 3.20271 2.97287 3.12908
threshold=15.500000000000002 76.500000000000014 0.94443998950000008 60.500000000000007 116.50000000000001 1.4435879295000003 1.1350018475000001 -9.1210145509999982 1.5000000000000002 0.97838995950000007 8.5000000000000018 1.0758004030000003 43.500000000000007 106.50000000000001 -3.6946692314999994 23.500000000000004 65.500000000000014 -40.411667414999989 0.95716687150000013 104.50000000000001 21.500000000000004 0.97838995950000007 -4.6680788494999996 1.0423911465000002 1.2690178225000002 0.44142719550000004 91.500000000000014 1.0000000180025095e-35 22.500000000000004 -10.100314924499999
decision_type=2 2 2 2 2 2 2 2 2 2 2 2 2 2 2 2 2 2 2 2 2 2 2 2 2 2 2 2 2 2
left_child=2 6 10 8 5 9 12 17 11 22 -1 18 14 24 -2 -8 -12 -5 -4 23 -15 -20 -3 -19 25 -11 -9 -14 29 -23
right_child=1 4 3 7 -6 -7 15 26 -10 13 16 -13 27 20 -16 -17 -18 19 21 -21 -22 28 -24 -25 -26 -27 -28 -29 -30 -31
leaf_value=-0.0092546413369762864 -0.0059110899329912585 -0.0020080869128524764 -0.00092076226024457447 -0.007867247113078988 0.036109082062239013 0.0092685263771900093 0.00037823841348518417 0.00018716756713742984 -0.0068379350588384548 0.0010577695006334651 -0.0056618474045206924 -0.0012869349658290337 0.00023321796484966222 0.0056182545887784527 -0.0022065150039369901 0.0049730345135978286 -0.0037165845115955196 -0.0034027798466303503 -0.0045382640756512658 0.0021774212249091457 0.013831109063108507 -0.0051669235673262636 0.0024460312625532812 -0.00015266746418091473 -0.00026511004605812388 0.0045662630048240041 0.0038971224166613749 -0.0021764857314425087 -0.0018957462478050484 -0.0030038780713392671
leaf_weight=22349 4540 6478 4761 6387 4987 4541 8955 16095 8608 7186 15788 26585 19631 4500 26956 4669 13193 16409 9143 4588 5495 6388 9188 7384 5135 12424 9700 8201 10971 21186
leaf_count=22349 4540 6478 4761 6387 4987 4541 8955 16095 8608 7186 15788 26585 19631 4500 26956 4669 13193 16409 9143 4588 5495 6388 9188 7384 5135 12424 9700 8201 10971 21186
internal_value=-0.000730404 0.000465192 -0.00152664 -0.00112864 0.00164133 0.00136146 -0.000501118 -0.000377511 -0.00164763 0.00109837 -0.00267556 -0.00145966 -0.000845905 0.00154842 -0.00141043 0.00100007 -0.00209256 -0.00105082 -0.00183199 -0.000762877 0.0027425 -0.00197388 0.000100184 -0.00102593 0.00106566 0.00138159 0.000530038 -0.00020692 -0.00175422 -0.00203126
internal_weight=332421 132886 199535 148205 59934 54947 72952 60563 87642 50406 51330 79034 59328 34740 31496 13624 28981 34768 52449 28381 9995 47688 15666 23793 24745 19610 25795 27832 38545 27574
internal_count=332421 132886 199535 148205 59934 54947 72952 60563 87642 50406 51330 79034 59328 34740 31496 13624 28981 34768 52449 28381 9995 47688 15666 23793 24745 19610 25795 27832 38545 27574
is_linear=0
shrinkage=0.05


Tree=31
num_leaves=31
num_cat=0
split_feature=4 1 1 7 7 7 6 9 1 7 2 8 1 1 2 4 7 1 7 2 7 7 2 7 8 7 4 6 4 9
split_gain=120.257 75.0899 32.5434 26.1119 19.4172 17.3092 16.0682 14.297 13.2456 10.1977 9.81546 9.37492 7.66763 7.08367 6.91787 5.71179 5.42006 5.15728 5.46714 5.00469 7.79773 17.8383 7.69641 6.33927 5.76658 4.94099 4.93247 4.57496 4.27061 4.08903
threshold=0.79744675805708798 55.500000000000007 3.5000000000000004 1.1325404125000003 0.93934972700000008 1.2428445740000003 1.5000000000000002 32.500000000000007 15.500000000000002 1.0320909540000003 3.5000000000000004 1.3838021630000001 33.500000000000007 24.500000000000004 2.5000000000000004 1.3301593642046636 1.0413678250000002 28.500000000000004 0.98708003850000015 1.0000000180025095e-35 1.0906577955000001 1.1249927920000002 1.5000000000000002 1.0666651580000002 1.2992437430000001 0.95813489450000011 0.69986162902331761 1.5000000000000002 0.51481931355890931 11.500000000000002
decision_type=10 2 2 2 2 2 2 2 2 2 2 2 2 2 2 10 2 2 2 2 2 2 2 2 2 2 10 2 8 2
left_child=4 2 -2 6 13 9 8 27 16 15 25 -5 -12 -1 19 29 -4 18 -8 23 22 -22 -21 -11 -25 -10 -9 -6 -15 -3
right_child=1 5 3 11 7 -7 17 26 10 14 12 -13 -14 28 -16 -17 -18 -19 -20 20 21 -23 -24 24 -26 -27 -28 -29 -30 -31
leaf_value=-0.0035292052147337973 0.033822386552585459 -0.0053927003486010389 0.0047834615014049082 0.0036976346134065842 -0.0031745654412036767 0.0029203801384177714 -0.0059725132506949861 -0.0028755251784135837 0.003098024158049004 -0.0047221910963439239 0.00068908754269582763 0.0081515034555186845 -0.003256909671334943 -0.011555003361555266 -0.0035731998235954947 -0.00068183436842864228 0.011599865495875172 -0.0056298732461245032 0.0017233123607315792 0.0029549757648606664 -0.0038702963082158787 0.0012400238598651381 -0.00093394095068779701 0.0010630004665995395 -0.0023601804837034639 0.0010554898319329316 0.0016795817566090873 -0.008451350461997291 -0.0064342713799363932 -0.0029352808103984438
leaf_weight=4518 6246 9998 12256 6691 54400 4849 4748 5188 7494 4509 16717 6133 10051 9117 7564 7138 5045 4754 5500 7960 5271 8273 5079 5882 7291 26795 6167 9527 19453 36963
leaf_count=4518 6246 9998 12256 6691 54400 4849 4748 5188 7494 4509 16717 6133 10051 9117 7564 7138 5045 4754 5500 7960 5271 8273 5079 5882 7291 26795 6167 9527 19453 36963
internal_value=-0.000701291 -3.77904e-05 0.000872503 0.000666075 -0.00206782 -0.000961665 0.000375407 -0.00162392 0.000662429 -0.00109541 0.000316317 0.0027812 -0.000401152 -0.00307739 -0.000594109 -0.00157558 0.00188345 -0.00112348 -0.000491565 -0.000355208 7.84176e-05 -0.000761681 0.000951011 -0.00100696 -0.00045265 0.000876391 1.10023e-05 -0.0019143 -0.00336833 -0.00177586
internal_weight=331577 223207 112430 106184 108370 110777 93360 75282 78358 105928 61057 12824 26768 33088 51829 54099 17301 15002 10248 44265 26583 13544 13039 17682 13173 34289 11355 63927 28570 46961
internal_count=331577 223207 112430 106184 108370 110777 93360 75282 78358 105928 61057 12824 26768 33088 51829 54099 17301 15002 10248 44265 26583 13544 13039 17682 13173 34289 11355 63927 28570 46961
is_linear=0
shrinkage=0.05


Tree=32
num_leaves=31
num_cat=0
split_feature=4 0 4 0 7 9 7 9 7 9 0 7 9 7 9 3 0 0 7 7 3 8 0 8 7 5 8 0 5 8
split_gain=111.124 58.9435 28.709 22.4601 19.0561 15.836 15.7294 11.3166 10.6059 10.2583 8.96337 8.71478 9.44761 7.29696 6.58638 5.92307 5.07526 4.68617 4.57661 4.69989 5.89634 4.28568 3.99578 3.31052 8.58146 3.27546 3.2267 3.20273 3.09566 2.98999
threshold=0.88848677474165438 72.500000000000014 0.62250262374204135 116.50000000000001 1.1496716780000003 24.500000000000004 1.2428445740000003 7.5000000000000009 0.92847607600000004 12.500000000000002 106.50000000000001 0.91220460200000009 48.500000000000007 0.98947461550000015 61.500000000000007 -10.100314924499999 95.500000000000014 69.500000000000014 1.0320909540000003 1.0154001440000002 12.931751794000002 0.96220362650000013 99.500000000000014 1.0877557720000002 0.97175424950000011 24.500000000000004 0.82440334850000008 23.500000000000004 9.5000000000000018 1.3109496115000001
decision_type=10 2 8 2 2 2 2 2 2 2 2 2 2 2 2 2 2 2 2 2 2 2 2 2 2 2 2 2 2 2
left_child=2 6 8 4 7 13 9 -3 26 -2 14 -7 16 22 -9 28 -13 27 19 20 23 -12 -4 24 -11 29 -1 -15 -10 -20
right_child=1 3 5 -5 -6 11 -8 10 15 18 21 12 -14 17 -16 -17 -18 -19 25 -21 -22 -23 -24 -25 -26 -27 -28 -29 -30 -31
leaf_value=-0.016364346086687617 -0.0030126235821258049 -0.0037823411690584281 -0.0054196178159639031 0.030516390292712088 0.0078860089500831596 -0.0044254889841063814 0.0037896287022780501 0.00084941024474759631 -0.0070796340956359328 -0.0029831451456194631 0.0038302593953766541 -0.0014273405900223676 0.0039391961648079302 -0.0014938141684773581 0.005858576552468249 -0.0020829978989502676 0.0028818185140546469 -0.00056973496757320105 0.00018413293891564257 -0.0031276364460444414 0.0015097536395991659 0.0096428630793370905 -0.0033462656110220508 -0.0026240123072058734 0.0013698154654960277 0.0016293215795772224 -0.0070076467032242117 -0.0043244241278628691 -0.0038650851987832649 -0.0012049733150763806
leaf_weight=6022 23217 6936 23335 5448 7456 6496 4870 41499 14512 10930 5300 23585 4992 11328 4510 12878 4548 8461 17658 5573 5704 8618 5332 8288 5740 6824 8837 11576 6409 15219
leaf_count=6022 23217 6936 23335 5448 7456 6496 4870 41499 14512 10930 5300 23585 4992 11328 4510 12878 4548 8461 17658 5573 5704 8618 5332 8288 5740 6824 8837 11576 6409 15219
internal_value=-0.000666821 0.000154791 -0.00168495 0.00117729 0.000949961 -0.00119875 -0.000629303 0.000682463 -0.00268048 -0.000765598 0.000903773 -0.00042283 -9.43266e-05 -0.00171078 0.000567326 -0.00219042 -0.000450104 -0.00118346 -0.000484325 -0.000890592 -0.000647603 0.00201537 -0.00228742 -0.00097905 -0.000572715 -0.00011346 -0.00379407 -0.00155485 -0.00270979 -0.000320389
internal_weight=332101 183790 148311 79767 74319 99653 104023 66863 48658 99153 59927 39621 33125 60032 46009 33799 28133 31365 75936 36235 30662 13918 28667 24958 16670 39701 14859 22904 20921 32877
internal_count=332101 183790 148311 79767 74319 99653 104023 66863 48658 99153 59927 39621 33125 60032 46009 33799 28133 31365 75936 36235 30662 13918 28667 24958 16670 39701 14859 22904 20921 32877
is_linear=0
shrinkage=0.05


Tree=33
num_leaves=31
num_cat=0
split_feature=4 0 4 0 8 0 6 0 8 2 3 5 2 6 8 3 8 5 8 0 2 8 8 8 3 8 8 8 0 8
split_gain=106.089 55.1183 26.596 24.5317 16.3255 13.7377 11.08 10.3937 10.0321 9.54617 8.80711 8.6135 7.87421 6.31801 5.25198 5.19598 4.87735 4.58508 4.43428 4.38292 4.66057 3.98122 6.64671 3.95761 3.59877 4.18555 3.42102 3.18595 3.13643 3.02003
threshold=0.89711291138374716 62.500000000000007 0.63312286171054521 116.50000000000001 1.5441749580000004 59.500000000000007 1.5000000000000002 102.50000000000001 0.8314545940000001 2.5000000000000004 25.028207614000006 19.500000000000004 4.5000000000000009 1.5000000000000002 0.89784091200000005 -6.595586053499999 1.2304387475000003 5.5000000000000009 1.2650961850000002 110.50000000000001 6.5000000000000009 0.9749352160000001 0.91327798100000013 0.96220362650000013 6.2401220540000013 1.0663997850000002 1.1970158730000002 1.2188603910000002 82.500000000000014 1.2618163615000004
decision_type=10 2 8 2 2 2 2 2 2 2 2 2 2 2 2 2 2 2 2 2 2 2 2 2 2 2 2 2 2 2
left_child=2 10 8 4 6 9 7 12 -1 -4 13 16 18 14 -2 17 19 -10 26 20 21 22 28 -9 29 -26 -3 -27 -7 -16
right_child=1 3 5 -5 -6 11 -8 23 15 -11 -12 -13 -14 -15 24 -17 -18 -19 -20 -21 -22 -23 -24 -25 25 27 -28 -29 -30 -31
leaf_value=-0.013590859688700156 -0.0052716121324230727 0.0015829783867595112 -0.0025022456427688834 0.031080381800667363 0.0065449328138108085 -0.0046330122925680867 -0.0023660068084510257 0.0030416960012876111 -0.0071959615521036803 -0.0056275892556811903 0.003584514525812656 0.0026720669682626591 -0.002061283950530977 -0.0045342415613800974 -0.0021764828504831869 -0.0020131246266030405 0.001362842515580151 -0.0044993620264775483 -8.0670892388018053e-05 0.002240234479462846 -0.0074983680953917041 -0.0030265114951801234 0.0015135718399299815 0.0084187298760858703 0.0017253975232983398 -0.0024596346865129034 0.0051081584671165518 -0.00014825652916274602 -0.00074824583212833209 -0.00063032739675825816
leaf_weight=8954 7096 27025 36894 5332 5103 4525 12038 6217 9753 12841 4738 5204 8307 4620 27682 10355 5646 22337 11835 4652 6787 14490 4986 11969 5843 6786 5027 13313 5050 16621
leaf_count=8954 7096 27025 36894 5332 5103 4525 12038 6217 9753 12841 4738 5204 8307 4620 27682 10355 5646 22337 11835 4652 6787 14490 4986 11969 5843 6786 5027 13313 5050 16621
internal_value=-0.000681654 0.000141959 -0.00165151 0.000988444 0.000787708 -0.0011805 0.000617666 0.000857426 -0.00257752 -0.00177272 -0.000764614 -0.000606681 0.000498667 -0.000885795 -0.000778387 -0.00225618 -0.000824214 -0.0025705 0.000765856 -0.00101618 -0.00120358 -0.000927693 -0.00034361 0.00188665 -0.000647332 -0.000179598 0.00107122 -0.000522037 -0.0011143 -0.000921167
internal_weight=332026 179552 152474 92853 87521 101075 82418 70380 51399 49735 86699 51340 52194 81961 77341 42445 46136 32090 43887 40490 35838 29051 14561 18186 70245 25942 32052 20099 9575 44303
internal_count=332026 179552 152474 92853 87521 101075 82418 70380 51399 49735 86699 51340 52194 81961 77341 42445 46136 32090 43887 40490 35838 29051 14561 18186 70245 25942 32052 20099 9575 44303
is_linear=0
shrinkage=0.05


Tree=34
num_leaves=31
num_cat=0
split_feature=4 0 4 0 7 9 7 8 3 9 8 7 8 0 9 0 3 7 0 0 2 0 9 8 8 4 5 2 8 7
split_gain=94.8241 48.0681 27.0651 22.7311 19.3236 15.588 10.5179 10.5151 10.1956 9.18017 8.62958 7.78147 5.99641 6.76985 5.44917 5.3104 5.13188 4.91079 4.81682 4.7264 4.61334 4.95074 3.98586 3.80935 4.06342 4.04811 3.66638 3.61914 8.01422 3.35426
threshold=0.89711291138374716 61.500000000000007 0.61116393523125501 116.50000000000001 1.1350018475000001 24.500000000000004 0.93807215200000005 0.8314545940000001 25.028207614000006 48.500000000000007 1.3838021630000001 0.98947461550000015 0.86540467600000015 107.50000000000001 62.500000000000007 98.500000000000014 -6.595586053499999 1.0517352690000001 82.500000000000014 90.500000000000014 1.5000000000000002 49.500000000000007 11.500000000000002 1.0663997850000002 0.90015274200000006 1.1289813850102288 5.5000000000000009 4.5000000000000009 1.0169589225000002 1.0920774425000002
decision_type=10 2 8 2 2 2 2 2 2 2 2 2 2 2 2 2 2 2 2 2 2 2 2 2 2 10 2 2 2 2
left_child=2 8 7 4 12 11 -7 -1 17 18 -6 15 -3 14 27 -4 26 22 -8 20 -13 -22 -2 24 -24 -26 -9 28 -14 -19
right_child=1 3 5 -5 10 6 9 16 -10 -11 -12 19 13 -15 -16 -17 -18 29 -20 -21 21 -23 23 -25 25 -27 -28 -29 -30 -31
leaf_value=-0.013680922396314465 -0.0037042718047967677 -0.0023195351807651075 -0.005110782013447385 0.029769607610945249 0.0035041461070269837 -0.0037394448393637683 -0.0012936055465177817 -0.0069425491608929059 0.0041739705261876143 0.0041817065174954158 0.0079499758023688603 -0.0010726943786615974 0.0034031896137838198 0.0061757817549689285 0.0043208721941759799 -0.0028944072610990572 -0.0020482860211079434 0.00041121233821217918 0.001724816096784683 0.00096180545554936975 -0.0056816011594257899 -0.002238994488712993 -0.0044010210746009528 -0.0023183612768213928 -0.0013856510529183072 0.0022168528360142384 -0.0044093954810746922 -0.0013219522910531448 2.4127399646826504e-05 -0.0012673346052631341
leaf_weight=8140 10903 9640 24583 5364 5929 10632 18683 9329 4612 4796 6189 12641 10124 11667 4681 5892 9785 12483 8337 5084 7622 8249 5466 15410 7671 4612 18864 11481 29405 24388
leaf_count=8140 10903 9640 24583 5364 5929 10632 18683 9329 4612 4796 6189 12641 10124 11667 4681 5892 9785 12483 8337 5084 7622 8249 5466 15410 7671 4612 18864 11481 29405 24388
internal_value=-0.000657746 0.000119562 -0.0015745 0.000896967 0.000706566 -0.00113632 -0.000393142 -0.00258635 -0.000739043 6.19076e-05 0.00256207 -0.00162861 0.000414398 0.000581327 0.000351819 -0.00220719 -0.00223626 -0.00086937 -0.000296023 -0.00110354 -0.00135393 -0.00192145 -0.00122563 -0.000952691 -0.000453139 5.16752e-05 -0.00257873 0.0002019 0.00042887 -0.000443515
internal_weight=332662 180025 152637 94480 89116 106519 42448 46118 85545 31816 12118 64071 76998 67358 55691 30475 37978 80933 27020 33596 28512 15871 44062 33159 17749 12283 28193 51010 39529 36871
internal_count=332662 180025 152637 94480 89116 106519 42448 46118 85545 31816 12118 64071 76998 67358 55691 30475 37978 80933 27020 33596 28512 15871 44062 33159 17749 12283 28193 51010 39529 36871
is_linear=0
shrinkage=0.05


Tree=35
num_leaves=31
num_cat=0
split_feature=5 3 7 0 0 2 8 5 2 7 0 0 0 7 7 0 3 8 7 3 7 7 7 3 0 9 5 8 9 3
split_gain=84.8128 36.9716 32.7531 23.2613 20.0942 14.0344 13.4517 10.1114 9.17416 7.99799 7.57108 7.09039 6.52552 5.64216 5.78395 5.33935 5.24503 6.3576 4.85904 4.46714 4.3787 4.3328 4.19892 3.66841 3.60419 3.43853 3.40351 3.2278 2.76336 2.5501
threshold=16.500000000000004 26.715604215000003 0.94667231500000015 43.500000000000007 69.500000000000014 2.5000000000000004 1.3380145900000002 9.5000000000000018 6.5000000000000009 1.1201095380000001 109.50000000000001 101.50000000000001 100.50000000000001 1.1249927920000002 1.0825141075000002 45.500000000000007 -6.7641791689999993 0.99846873800000002 0.84552124650000016 17.291051381000006 0.87473695000000007 0.94667231500000015 0.98477545750000017 -2.3632294074999995 50.500000000000007 25.500000000000004 25.500000000000004 1.1208789765000002 16.500000000000004 -8.1946058189999977
decision_type=2 2 2 2 2 2 2 2 2 2 2 2 2 2 2 2 2 2 2 2 2 2 2 2 2 2 2 2 2 2
left_child=2 3 7 23 5 9 10 18 16 24 26 -10 13 14 19 -7 17 -6 -1 21 -9 -5 -14 -2 29 -22 -3 -19 -11 -4
right_child=1 6 4 12 8 15 -8 20 11 28 -12 -13 22 -15 -16 -17 -18 27 -20 -21 25 -23 -24 -25 -26 -27 -28 -29 -30 -31
leaf_value=-0.012798312929318831 -0.0045885967753736007 0.00048679744143159963 -0.0031486395161456114 -0.0020896090650947882 0.0016421876378340983 -0.0061534390295601886 0.013078366096336246 -0.0066456366885830967 -0.0088925706672493658 -0.00074958612372427193 0.016810272538233247 -0.001416587480340405 0.0013296969505092026 0.0028966425261090145 -0.0024545133015466763 -0.0031936270379441588 0.001699223511645147 -0.0036105099305434674 -0.0059137746367394738 0.0038117538999071173 -0.0040812694908753961 0.00057580713072783536 0.0078006239257635392 -0.001600477003795152 -0.00033388958276862635 -0.00088085916456177274 0.0045012064476641833 -0.00042742519939476106 0.0016361447593490894 -0.0018975040702550912
leaf_weight=5788 4557 6647 13173 6254 8725 8254 5575 7857 4739 9907 4596 7123 6865 5966 5117 19218 19714 6456 21464 4715 12077 21572 10730 28576 8897 8631 5264 7355 6156 39709
leaf_count=5788 4557 6647 13173 6254 8725 8254 5575 7857 4739 9907 4596 7123 6865 5966 5117 19218 19714 6456 21464 4715 12077 21572 10730 28576 8897 8631 5264 7355 6156 39709
internal_value=-0.000647112 0.000439972 -0.00123516 8.90117e-06 -0.000870158 -0.00127252 0.00228143 -0.00227751 -8.70348e-05 -0.000929517 0.00156341 -0.00131541 0.000586452 0.000258542 3.21258e-05 -0.00224406 0.000257956 -0.000263077 -0.00296658 0.000277913 -0.00161971 3.66486e-05 0.00139915 -0.00105815 -0.00118793 -0.00123787 0.000897532 -0.000930444 6.44125e-05 -0.00134457
internal_weight=331677 116434 215243 94352 159426 105314 22082 55817 54112 77842 16507 11862 61219 43624 37658 27472 42250 22536 27252 32541 28565 27826 17595 33133 61779 20708 11911 13811 16063 52882
internal_count=331677 116434 215243 94352 159426 105314 22082 55817 54112 77842 16507 11862 61219 43624 37658 27472 42250 22536 27252 32541 28565 27826 17595 33133 61779 20708 11911 13811 16063 52882
is_linear=0
shrinkage=0.05


Tree=36
num_leaves=31
num_cat=0
split_feature=4 1 7 7 1 9 6 6 1 1 3 7 3 1 9 7 7 1 1 8 6 4 8 7 7 7 7 4 8 4
split_gain=84.128 50.3598 19.3459 17.927 16.5027 13.6275 12.7034 11.9809 11.7837 9.81747 7.58129 7.12772 6.98946 6.56087 5.02341 5.01599 4.31913 4.04997 3.85269 3.84225 3.80085 3.42876 3.39687 6.2797 3.16218 3.91411 3.15121 3.71232 2.98547 2.96078
threshold=0.79744675805708798 31.500000000000004 0.87209273600000004 1.1201095380000001 3.5000000000000004 7.5000000000000009 1.0000000180025095e-35 1.5000000000000002 22.500000000000004 57.500000000000007 25.028207614000006 0.97175424950000011 -3.8276255669999997 12.500000000000002 34.500000000000007 1.0437164150000002 0.93454038750000012 55.500000000000007 78.500000000000014 1.2618163615000004 1.5000000000000002 0.69180060699387691 0.89784091200000005 0.96428644550000009 1.0142381880000002 1.0838404605000003 1.0640450860000004 0.50605770383338944 1.4521807725000002 0.64381177141985335
decision_type=10 2 2 2 2 2 2 2 2 2 2 2 2 2 2 2 2 2 2 2 2 10 2 2 2 2 2 8 2 10
left_child=2 4 -1 7 -2 -6 14 9 -8 22 17 -7 -11 15 26 -13 -10 -5 -14 -19 29 -16 -3 -24 -25 -26 27 -4 -21 -18
right_child=1 3 6 10 5 11 8 -9 16 12 -12 13 18 -15 21 -17 20 19 -20 28 -22 -23 23 24 25 -27 -28 -29 -30 -31
leaf_value=-0.0098410124256763237 0.027212534207557922 -0.0026292067280581236 -0.0036162210595148941 0.0025333106876073521 -0.003805559412079931 0.00032349018243399267 -0.0010200797525861183 -0.0048603548469867757 -0.0068582797922230945 -0.0035409182286938699 0.0062109840993057799 0.0051303502533073878 -0.00024172643371500092 0.0026105096384641778 -0.0021101691005873265 0.014243436544305417 -0.00460165855259241 -0.0017869006337116436 -0.0018968965712770288 0.001289109720841445 -0.0074898866579731112 0.0015376942154770815 0.0026845023783479706 -0.0017604438832151223 0.0013371758609384322 -0.0012957429874256041 -0.00086007754339860855 -0.0020820581863070019 -0.00078984859872281666 -0.0023902188847156943
leaf_weight=11345 6265 5133 8208 5518 7136 13637 7182 9697 8225 15890 4688 6127 19992 26639 4807 5328 12025 4592 43349 7531 8198 5836 6040 9583 12750 4855 9319 20791 9085 12286
leaf_count=11345 6265 5133 8208 5518 7136 13637 7182 9697 8225 15890 4688 6127 19992 26639 4807 5328 12025 4592 43349 7531 8198 5836 6040 9583 12750 4855 9319 20791 9085 12286
internal_value=-0.000618063 -6.46679e-05 -0.00176259 -0.000545122 0.00110598 0.000846157 -0.00153367 -0.000809112 -0.00211244 -0.000669746 0.000524522 0.00112871 -0.00098762 0.00147983 -0.000967101 0.00248037 -0.00244164 0.000199019 -0.000752298 -0.000115025 -0.00218198 -6.10562e-06 -1.31639e-05 0.000171816 -0.000152246 0.000245598 -0.00123399 -0.001491 0.000238853 -0.00186729
internal_weight=332057 223835 108222 158703 65132 58867 96877 127289 47916 117592 31414 51731 79231 38094 48961 11455 40734 26726 63341 21208 32509 10643 38361 33228 27188 17605 38318 28999 16616 24311
internal_count=332057 223835 108222 158703 65132 58867 96877 127289 47916 117592 31414 51731 79231 38094 48961 11455 40734 26726 63341 21208 32509 10643 38361 33228 27188 17605 38318 28999 16616 24311
is_linear=0
shrinkage=0.05


Tree=37
num_leaves=31
num_cat=0
split_feature=4 3 7 9 5 9 2 7 7 7 7 8 6 8 8 8 9 7 2 7 6 6 5 3 4 3 3 7 4 4
split_gain=75.9215 32.6302 24.6667 16.6901 14.6937 11.3993 10.0034 13.376 8.3303 6.62222 8.85422 8.05882 6.56181 10.9352 7.4899 5.9837 5.93249 5.00891 9.07715 6.65417 4.7415 4.5346 4.45151 3.5951 3.47853 4.64517 3.417 2.95835 2.70478 2.59444
threshold=0.89126302574341332 27.630393783500004 0.87473695000000007 31.500000000000004 27.500000000000004 8.5000000000000018 1.5000000000000002 0.90495753450000016 0.97838995950000007 1.0320909540000003 0.95813489450000011 0.97265127900000015 1.0000000180025095e-35 0.99996303200000003 1.429914388 0.88978217450000008 50.500000000000007 1.0920774425000002 1.0000000180025095e-35 1.1229187270000003 1.5000000000000002 1.0000000180025095e-35 8.5000000000000018 -7.2869342384999998 0.63832095183014004 -13.686838875499998 -27.399796712499995 1.0744235155000001 0.52369155028788228 0.65432679673362382
decision_type=10 2 2 2 2 2 2 2 2 2 2 2 2 2 2 2 2 2 2 2 2 2 2 2 8 2 2 2 10 10
left_child=2 5 28 8 21 -2 9 -8 22 10 11 -7 13 -9 -15 -10 29 18 -11 -19 24 -3 23 -4 25 -17 -24 -27 -1 -5
right_child=1 4 3 16 -6 6 7 12 15 17 -12 -13 -14 14 -16 20 -18 19 -20 -21 -22 -23 26 -25 -26 27 -28 -29 -30 -31
leaf_value=-0.012659593811627765 -0.002646466859411912 0.0052061341146013218 -0.0065291087735788421 -0.0038796217458625265 0.01077599654716801 -0.004050353708028716 -0.0061834336737943175 0.0058813179202650539 0.0014141962529210441 -0.0014233898394830241 -0.0031519098785800859 0.0019397254570586342 0.00010536588704889523 0.00024761330837595817 0.0045400237856486605 -0.005726855281947326 0.0032340349255269561 -0.0031627111232053712 0.0030973076108525071 3.4431038246472981e-05 -0.0054803735861622335 0.00085415701928544686 -0.0018171260960600094 -0.0023485541950385514 -0.0015630619541514357 -0.002427632131502583 -0.0033540184731736832 -0.00029114444228117324 -0.0070310563673526118 -0.00053768577482364815
leaf_weight=4584 21858 7493 14289 5084 7928 5051 5441 8297 4840 5460 14861 4681 40177 23256 4567 6816 5027 4692 7308 10993 8005 10421 5914 5588 33486 6644 16170 4989 10220 18051
leaf_count=4584 21858 7493 14289 5084 7928 5051 5441 8297 4840 5460 14861 4681 40177 23256 4567 6816 5027 4692 7308 10993 8005 10421 5914 5588 33486 6644 16170 4989 10220 18051
internal_value=-0.000622841 6.18108e-05 -0.00145737 -0.00124466 0.00170774 -0.000209772 -3.79865e-05 0.000309016 -0.00153032 -0.000572658 -0.00117347 -1.0282e-06 0.000479868 0.000968857 0.000493566 -0.00117466 -0.000161893 -5.32375e-05 0.000681906 -0.00065169 -0.0013112 0.000914112 -0.00207918 -0.00262222 -0.00113641 -0.00168771 -0.00158993 -0.00107965 -0.00339456 -0.000500217
internal_weight=332191 182484 149707 134903 25842 156642 134784 81738 106741 53046 24593 9732 76297 36120 27823 64780 28162 28453 12768 15685 59940 17914 41961 19877 51935 18449 22084 11633 14804 23135
internal_count=332191 182484 149707 134903 25842 156642 134784 81738 106741 53046 24593 9732 76297 36120 27823 64780 28162 28453 12768 15685 59940 17914 41961 19877 51935 18449 22084 11633 14804 23135
is_linear=0
shrinkage=0.05


Tree=38
num_leaves=31
num_cat=0
split_feature=4 0 4 0 7 0 8 2 7 9 0 2 0 2 7 8 8 8 7 3 5 2 4 0 8 2 0 5 9 7
split_gain=71.8397 30.3595 26.4226 18.2658 11.7542 11.7467 11.7384 9.73497 9.46502 9.19622 9.46208 8.25566 8.17924 11.3524 6.4569 9.13004 8.13357 6.01029 5.10826 4.8812 4.84508 4.65129 3.90241 3.75923 3.5706 7.4548 4.13179 3.06743 2.96747 2.86601
threshold=0.95715950022525653 82.500000000000014 0.63832095183014004 57.500000000000007 1.2428445740000003 116.50000000000001 0.8314545940000001 2.5000000000000004 1.1496716780000003 9.5000000000000018 107.50000000000001 6.5000000000000009 44.500000000000007 3.5000000000000004 0.93807215200000005 0.9915069485000001 1.0420770275000002 0.90015274200000006 0.98560577400000005 -9.7033890364999973 4.5000000000000009 1.5000000000000002 1.3732174841372542 86.500000000000014 1.0052361115000001 4.5000000000000009 107.50000000000001 8.5000000000000018 20.500000000000004 1.0271803480000001
decision_type=10 2 8 2 2 2 2 2 2 2 2 2 2 2 2 2 2 2 2 2 2 2 10 2 2 2 2 2 2 2
left_child=2 4 6 7 12 8 -1 18 17 -5 11 14 27 22 -11 23 -17 -3 -4 20 -8 -20 -14 -16 25 -19 -26 -2 -9 -18
right_child=1 5 3 9 -6 -7 19 28 -10 10 -12 -13 13 -15 15 16 29 24 21 -21 -22 -23 -24 -25 26 -27 -28 -29 -30 -31
leaf_value=-0.011109622275807815 -0.0030206430720274942 -0.0014974461134208148 -0.0032847252272020715 -0.0052826994825358629 0.0033274147148383941 0.025141667434942103 -0.0079158214916386794 -0.0057577616386158366 0.0086838686647500146 -0.0023289906080210579 0.006289133486369388 -0.0067537046839986729 0.00026459854223624224 -0.0042084628193969006 0.00080610074919894325 -0.0039025659843303154 0.0014082372918071706 0.0081466316507348268 -0.00050324299003232814 -0.0017092556317208443 -0.0039686957082392801 -0.0036366546444497072 0.0041881057326789177 0.0049157864882818951 0.00069938652451451047 0.0019189404949408143 0.0059011227867072531 -0.0013192138117526881 -0.0033887190710762943 -0.00067907870559196827
leaf_weight=9155 4772 8338 17564 9471 4852 4678 5475 8496 5082 10176 8036 4772 34150 6902 5736 4969 7838 4551 19251 14789 23249 7893 5143 4715 19269 5077 5963 44740 4644 12328
leaf_count=9155 4772 8338 17564 9471 4852 4678 5475 8496 5082 10176 8036 4772 34150 6902 5736 4969 7838 4551 19251 14789 23249 7893 5143 4715 19269 5077 5963 44740 4644 12328
internal_value=-0.000574172 0.000218958 -0.00125606 -0.000862592 -0.000291308 0.00118781 -0.00219638 -0.00151574 0.000955782 -0.00030722 -7.34113e-05 -0.000326877 -0.000413063 6.5475e-05 -0.000120394 0.00019724 -0.000319214 0.000715458 -0.00116387 -0.0018536 -0.00223363 -0.00073373 0.000394039 0.00143889 0.00100387 0.0018229 0.000691048 -0.000859504 -0.00271206 0.000127409
internal_weight=332074 153517 178557 125889 100559 52958 52668 57848 48280 68041 58570 50534 95707 46195 45762 35586 25135 43198 44708 43513 28724 27144 39293 10451 34860 9628 25232 49512 13140 20166
internal_count=332074 153517 178557 125889 100559 52958 52668 57848 48280 68041 58570 50534 95707 46195 45762 35586 25135 43198 44708 43513 28724 27144 39293 10451 34860 9628 25232 49512 13140 20166
is_linear=0
shrinkage=0.05


Tree=39
num_leaves=31
num_cat=0
split_feature=4 0 7 9 0 6 0 7 4 2 2 0 7 7 7 7 2 0 2 8 4 7 9 7 8 8 7 8 9 7
split_gain=65.1922 32.7082 25.1383 18.7226 16.0789 13.3211 11.3386 9.54796 7.94622 7.80634 7.0268 8.93617 6.12553 5.58287 6.48026 5.6397 5.42147 4.80318 4.79836 4.552 4.12493 3.88761 6.06725 4.85799 4.13465 9.18348 5.24411 4.31161 3.71721 3.69119
threshold=0.95125861605176498 75.500000000000014 0.87473695000000007 51.500000000000007 104.50000000000001 1.5000000000000002 116.50000000000001 1.2428445740000003 0.61116393523125501 6.5000000000000009 3.5000000000000004 48.500000000000007 1.1659978160000002 0.97754740050000011 0.95716687150000013 0.9455878135000001 2.5000000000000004 96.500000000000014 3.5000000000000004 1.0000014820000003 0.53239370807584052 0.99889278250000013 23.500000000000004 1.0107513135000004 1.0995788130000002 1.1805976600000003 1.0485333710000002 1.2363020150000004 12.500000000000002 1.0539681675000001
decision_type=10 2 2 2 2 2 2 2 8 2 2 2 2 2 2 2 2 2 2 2 8 2 2 2 2 2 2 2 2 2
left_child=2 7 20 4 5 8 9 10 16 12 11 -2 17 14 15 -10 19 18 29 -4 -1 22 -15 -23 26 -26 -25 -27 -6 -3
right_child=1 6 3 -5 28 -7 -8 -9 13 -11 -12 -13 -14 21 -16 -17 -18 -19 -20 -21 -22 23 -24 24 25 27 -28 -29 -30 -31
leaf_value=-0.012283057914866731 -0.0014279686673826866 0.0033810527730227763 -0.0038940890022736785 0.003015188629908403 -0.0022257975324183298 -0.006074017859151618 0.023786812925266881 0.0030435544421857316 -0.0028531625094709123 -0.004213515427925813 -0.0050740432632279276 0.00045724081672591219 0.0066781173454910185 -0.0015275749180546179 -0.0037801541448585206 0.00079969205423794341 -0.0065546409364872259 0.0041740082902776898 -0.0012747314534935399 -0.0012664103613253264 -0.0060779762303799258 -0.0043946821407141083 0.0025121075316048946 -0.0012465932543831155 -0.0049824292279604301 0.0014380084570988071 0.0023713294499584483 -0.0012044793278445909 0.0039218395460094676 -7.949121081402165e-05
leaf_weight=4579 54448 9665 7468 6517 4863 17378 4781 4628 17132 4545 4982 28946 5089 5477 8789 4544 10479 23894 9645 14488 11642 7662 4678 6816 6744 4926 4504 18979 8469 5708
leaf_count=4579 54448 9665 7468 6517 4863 17378 4781 4628 17132 4545 4982 28946 5089 5477 8789 4544 10479 23894 9645 14488 11642 7662 4678 6816 6744 4926 4504 18979 8469 5708
internal_value=-0.000565391 0.000177789 -0.001225 -0.00103469 -0.00114621 -0.00130414 0.00105421 -0.000418993 -0.00112054 0.000862836 -0.000534958 -0.000425906 0.00103035 -0.000879223 -0.0014301 -0.000965363 -0.00179177 0.000858392 0.000374055 -0.00134466 -0.00310027 -0.000598419 0.000292814 -0.000780785 -0.000569282 -0.00087085 0.000247239 -0.000410917 0.000512858 0.00092242
internal_weight=332465 156331 176134 159913 153396 140064 63327 93004 122686 58546 88376 83394 54001 90251 30465 21676 32435 48912 25018 21956 16221 59786 10155 49631 41969 30649 11320 23905 13332 15373
internal_count=332465 156331 176134 159913 153396 140064 63327 93004 122686 58546 88376 83394 54001 90251 30465 21676 32435 48912 25018 21956 16221 59786 10155 49631 41969 30649 11320 23905 13332 15373
is_linear=0
shrinkage=0.05


Tree=40
num_leaves=31
num_cat=0
split_feature=5 1 7 4 1 1 4 4 3 3 6 7 4 9 9 1 9 7 8 7 8 7 7 9 7 8 7 9 5 9
split_gain=58.7556 35.935 23.453 15.8128 14.0722 14.0293 9.32215 8.77085 7.80338 6.892 6.61989 5.96233 5.94056 5.41156 5.35908 5.4573 4.62264 4.02594 3.45085 2.90517 2.89322 5.76389 6.29735 3.52954 3.33164 2.87984 2.20304 2.06493 1.99932 1.92746
threshold=13.500000000000002 22.500000000000004 0.94213990150000015 1.6534265709003368 78.500000000000014 3.5000000000000004 0.50605770383338944 0.62250262374204135 -15.498409037999998 -5.9303463359999986 1.0000000180025095e-35 1.0394500700000002 1.0066804572528361 28.500000000000004 7.5000000000000009 38.500000000000007 50.500000000000007 1.0423911465000002 0.91327798100000013 0.86803575000000011 1.0000014820000003 1.0320909540000003 1.0607328465000003 33.500000000000007 1.1229187270000003 0.99361192700000012 1.0801551885000003 18.500000000000004 8.5000000000000018 41.500000000000007
decision_type=2 2 2 10 2 2 8 8 2 2 2 2 10 2 2 2 2 2 2 2 2 2 2 2 2 2 2 2 2 2
left_child=2 5 6 4 12 -2 -1 8 28 -6 11 -7 16 19 -9 17 27 25 -15 -8 23 29 -23 -14 -24 -16 -17 -3 -4 -22
right_child=1 3 7 -5 9 10 13 14 -10 -11 -12 -13 20 18 15 26 -18 -19 -20 -21 21 22 24 -25 -26 -27 -28 -29 -30 -31
leaf_value=-0.0086095959281766183 0.026112053649653605 -0.0040075885067055814 -0.0070158342772736158 0.0060927923546475167 -0.0039918515227641274 0.0025198507174331139 -0.0074233828125054111 -0.0025367827299875747 -0.00132643517299079 -0.0015437448087240019 0.0013549394152511005 0.010319086465080406 0.00019638667570268483 -0.0034988377946643247 0.0014278791853061994 -0.0015521980696150892 0.0014815683616310549 0.002689701016617493 0.00038746445094366459 -0.0038822468109611721 -0.00038045849642729366 0.0041883441943596101 -0.00084692353067121896 0.0045975810356035669 0.0014066852196736924 -0.0024056820265012575 -0.00026554070522556938 -0.0011856139747824957 -0.0039054057284458599 -0.002765624183905825
leaf_weight=9414 5656 5642 8773 4976 5458 9058 6574 20578 16046 39485 19658 5793 4753 4563 7044 36623 4616 6172 4546 17416 6479 5002 9043 4660 9474 6027 15650 23529 4893 4731
leaf_count=9414 5656 5642 8773 4976 5458 9058 6574 20578 16046 39485 19658 5793 4753 4563 7044 36623 4616 6172 4546 17416 6479 5002 9043 4660 9474 6027 15650 23529 4893 4731
internal_value=-0.000556093 0.000101387 -0.00122834 -0.00030848 -0.000420422 0.0014059 -0.00223941 -0.000875374 -0.0016223 -0.00112497 0.00102726 0.00182384 -1.40515e-05 -0.00184404 -0.000634319 -0.000429665 -0.000512992 0.000290159 -0.000805904 -0.00223797 0.000367861 0.00015705 0.000601725 0.00114515 0.000176276 -0.000206869 -0.000694653 -0.000745648 -0.00250018 -0.000775748
internal_weight=332332 168013 164319 127848 122872 40165 42513 121806 29712 44943 34509 14851 77929 33099 92094 71516 33787 19243 9109 23990 44142 34729 23519 9413 18517 13071 52273 29171 13666 11210
internal_count=332332 168013 164319 127848 122872 40165 42513 121806 29712 44943 34509 14851 77929 33099 92094 71516 33787 19243 9109 23990 44142 34729 23519 9413 18517 13071 52273 29171 13666 11210
is_linear=0
shrinkage=0.05


Tree=41
num_leaves=31
num_cat=0
split_feature=4 0 4 9 8 5 0 3 0 8 2 3 2 0 9 8 0 8 8 2 2 0 8 8 9 0 2 8 8 8
split_gain=55.8011 26.9683 20.5241 15.0509 11.2709 10.4592 7.7443 6.56471 6.45077 7.86304 6.24504 5.72556 5.41501 6.71666 5.27783 5.0122 4.21591 4.08105 4.00301 5.66481 3.75547 3.38999 4.92597 3.1348 2.83535 2.89367 2.64386 2.63321 2.55325 2.16217
threshold=0.95125861605176498 74.500000000000014 0.59421509617575907 24.500000000000004 0.8314545940000001 23.500000000000004 109.50000000000001 29.446888422000004 92.500000000000014 0.94232026850000017 3.5000000000000004 38.286769956500009 1.5000000000000002 48.500000000000007 47.500000000000007 0.89784091200000005 90.500000000000014 1.0189477030000003 1.0000014820000003 2.5000000000000004 6.5000000000000009 40.500000000000007 1.0000014820000003 1.0299972105000001 7.5000000000000009 111.50000000000001 2.5000000000000004 0.97265127900000015 1.3773010990000001 1.1667312910000003
decision_type=10 2 8 2 2 2 2 2 2 2 2 2 2 2 2 2 2 2 2 2 2 2 2 2 2 2 2 2 2 2
left_child=2 7 4 6 -1 10 12 15 9 -5 23 -7 17 -14 -11 -2 -12 -4 -6 -20 29 -17 -23 -3 -18 -26 28 -10 -24 -15
right_child=1 5 3 8 18 11 -8 -9 27 14 16 -13 13 20 -16 21 24 -19 19 -21 -22 22 26 -25 25 -27 -28 -29 -30 -31
leaf_value=-0.011372181813349551 -0.0040896089615319502 0.0052358372985289829 -0.0027151406280803182 -0.0031387192367260601 -0.0050716383017321166 0.0040503856731947925 0.0017724611376586767 0.0035139997302885322 0.0036126870136987798 -0.00071281041137353639 -0.0024220835805268278 0.010341462664797702 -0.0048618639500052708 -0.0028137326056844832 0.0023883736868803886 -0.0011756250193243768 -0.0029349690391532977 -0.00068611431488625535 -0.0011312369815570341 -0.0062688738861798148 -0.0076194282145068959 0.0025539069450460443 -0.00042454777402989985 0.002036654260068623 0.00068478740318072932 0.0091424588789908133 -0.0012877407178771066 0.0001148566923533426 0.0012594065127767241 -0.00019597598107422081
leaf_weight=7450 7726 4599 8718 10416 15014 12389 5874 5298 6125 26991 6346 6457 16017 20177 4879 42770 4576 16703 14839 4877 6579 5048 15645 13117 12249 4885 8844 6574 6040 4700
leaf_count=7450 7726 4599 8718 10416 15014 12389 5874 5298 6125 26991 6346 6457 16017 20177 4879 42770 4576 16703 14839 4877 6579 5048 15645 13117 12249 4885 8844 6574 6040 4700
internal_value=-0.00054006 0.000148434 -0.00115049 -0.000847165 -0.00211213 0.000930163 -0.00129029 -0.000404429 -0.000212313 -0.000509093 0.000521877 0.00192138 -0.00143102 -0.00174639 -0.000119217 -0.000509597 5.77302e-05 -0.000841856 -0.00173312 -0.00126414 -0.00132164 -0.000389717 -2.90889e-05 0.0012567 0.000389131 0.000684403 -0.000268391 0.000775739 2.88139e-05 -0.00104031
internal_weight=331922 155989 175933 133753 42180 64618 78768 91371 54985 42286 45772 18846 72894 47473 31870 86073 28056 25421 34730 19716 31456 78347 35577 17716 21710 17134 30529 12699 21685 24877
internal_count=331922 155989 175933 133753 42180 64618 78768 91371 54985 42286 45772 18846 72894 47473 31870 86073 28056 25421 34730 19716 31456 78347 35577 17716 21710 17134 30529 12699 21685 24877
is_linear=0
shrinkage=0.05


Tree=42
num_leaves=31
num_cat=0
split_feature=5 1 7 4 4 1 1 2 2 3 6 6 7 7 7 1 8 7 8 1 1 8 4 8 2 4 8 8 7 2
split_gain=49.2964 27.7274 21.5302 15.6497 11.4284 10.6521 10.1697 9.14649 8.15871 7.4212 6.67997 6.54202 5.42291 7.78833 4.85144 4.70131 4.44598 4.03254 3.54633 3.52112 3.30268 3.29153 3.16607 3.16471 3.15523 2.68221 5.7837 2.8665 2.6611 4.13285
threshold=13.500000000000002 21.500000000000004 0.87473695000000007 1.6534265709003368 0.63312286171054521 3.5000000000000004 77.500000000000014 2.5000000000000004 4.5000000000000009 -5.7697706354999996 1.0000000180025095e-35 1.5000000000000002 1.1249927920000002 1.0906577955000001 1.0394500700000002 38.500000000000007 0.86832795850000011 1.0413678250000002 0.9915069485000001 37.500000000000007 22.500000000000004 0.94862549100000015 0.54033720891950865 1.0000014820000003 2.5000000000000004 1.1105540971279948 1.0539520960000004 1.1318326185000003 0.99889278250000013 5.5000000000000009
decision_type=2 2 2 10 8 2 2 2 2 2 2 2 2 2 2 2 2 2 2 2 2 2 8 2 2 10 2 2 2 2
left_child=2 5 22 6 7 -2 8 23 12 -8 14 15 13 16 -7 17 -3 28 -18 -9 -13 -17 -1 -4 -14 26 -20 -27 29 -6
right_child=1 3 4 -5 11 10 9 19 -10 -11 -12 20 24 -15 -16 21 18 -19 25 -21 -22 -23 -24 -25 -26 27 -28 -29 -30 -31
leaf_value=-0.01076382619174274 0.024533896454691471 -0.002743310753153946 -0.0029863427380423749 0.0059686675923395025 0.0027346523660050073 0.0025179749871648278 -0.003678595183930761 -0.004483672043075663 -0.0030412493605845095 -0.0012792600702044429 0.00096718178078868946 -0.0021955571576198138 0.0030174600354679151 -0.0026814915060653735 0.0097170959457829487 -0.0029099572659786921 0.0020672804885232222 0.0026098558644430557 -0.0029942112533563694 -0.0067445515115001882 -0.0037773739447693761 -0.00087085975819887844 -0.005703419494034633 -0.0010662496642202394 0.00040225015628417781 0.0022460686352366965 0.00028290563322350045 0.00015147828935198037 -0.0032057656914898924 -0.0025255952596650293
leaf_weight=4609 5540 4663 8365 5085 4804 8576 5924 5004 10664 40438 18686 5791 6316 6028 5467 12448 10297 5500 5076 11957 12362 58226 9591 16297 4606 5200 16740 8376 4660 4658
leaf_count=4609 5540 4663 8365 5085 4804 8576 5924 5004 10664 40438 18686 5791 6316 6028 5467 12448 10297 5500 5076 11957 12362 58226 9591 16297 4606 5200 16740 8376 4660 4658
internal_value=-0.000529796 7.32901e-05 -0.00114538 -0.000276354 -0.000969237 0.00125555 -0.000387589 -0.00167351 -3.88618e-05 -0.00097397 0.000912047 -0.000698869 0.000164766 -3.28113e-05 0.00173583 -0.000524691 0.000170581 0.000159983 0.000320719 -0.00256719 -0.00156488 -0.000714782 -0.00300599 -0.0010585 0.00118422 8.30567e-05 -0.000260301 0.000634709 -0.000287394 0.000194358
internal_weight=331954 167682 164272 129413 150072 38269 124328 41623 77966 46362 32729 108449 67302 56380 14043 90296 50352 19622 45689 16961 18153 70674 14200 24662 10922 35392 21816 13576 14122 9462
internal_count=331954 167682 164272 129413 150072 38269 124328 41623 77966 46362 32729 108449 67302 56380 14043 90296 50352 19622 45689 16961 18153 70674 14200 24662 10922 35392 21816 13576 14122 9462
is_linear=0
shrinkage=0.05


Tree=43
num_leaves=31
num_cat=0
split_feature=4 7 3 0 0 2 6 2 0 7 8 4 0 7 0 2 8 0 0 2 4 3 2 8 4 7 7 7 0 7
split_gain=47.8505 22.3952 21.4465 17.4594 15.0296 14.8789 11.4413 7.04484 7.48997 5.77183 5.67391 5.30541 5.29719 4.56648 4.45145 4.35823 4.47953 4.32288 4.13687 6.80386 4.13686 2.81731 2.75418 2.69744 3.64466 2.30318 5.98415 2.78917 1.99397 1.92077
threshold=0.95125861605176498 0.87209273600000004 57.332769702000007 81.500000000000014 95.500000000000014 6.5000000000000009 1.0000000180025095e-35 3.5000000000000004 44.500000000000007 1.1182239370000002 0.90015274200000006 0.6057637654572291 110.50000000000001 1.2082677355000002 113.50000000000001 7.5000000000000009 0.98186433550000007 68.500000000000014 53.500000000000007 1.5000000000000002 0.5882475888489489 -13.686838875499998 4.5000000000000009 1.0299972105000001 1.0830115508014566 0.98009628400000015 1.0320909540000003 1.0607328465000003 11.500000000000002 1.1277034765000002
decision_type=10 2 2 2 2 2 2 2 2 2 2 10 2 2 2 2 2 2 2 2 8 2 2 2 10 2 2 2 2 2
left_child=1 20 3 7 5 6 9 8 13 17 -5 21 23 28 15 16 -6 -3 19 -13 -1 -8 -20 24 -12 -10 -27 -28 -2 -25
right_child=2 4 -4 10 14 -7 11 -9 25 -11 12 18 -14 -15 -16 -17 -18 -19 22 -21 -22 -23 -24 29 -26 26 27 -29 -30 -31
leaf_value=-0.0096056305627379591 -0.0023383168214212782 -0.0016053396632252949 0.012443901787739331 -0.001215045867496945 0.00255376035378636 -0.011651361010538354 -0.0059141696754655085 -0.0043401779313476871 0.0015258388780094636 0.00091573018637764033 0.00084989986151246585 -0.00079472068011495693 0.010479960980725485 0.001481323118601531 0.0087927820230925251 -0.0062373596791749746 -0.0017744414480890679 1.8287182228176464e-05 -0.00056156168382475542 -0.0039404531671689488 -0.0053600349444885599 -0.0027085504805209465 -0.003202608185084015 0.00037298899875677031 0.0077306136825269593 -0.0015491924858567058 0.0030362978772314787 0.00021742133855635014 -0.0011208155012934833 0.0031628561364558608
leaf_weight=5648 9653 48366 5284 9655 8593 5358 9476 7435 8771 9011 4501 7698 8941 4838 5204 4691 6767 13933 12825 14291 9652 6287 8292 18003 4868 8623 5391 16925 38261 5038
leaf_count=5648 9653 48366 5284 9655 8593 5358 9476 7435 8771 9011 4501 7698 8941 4838 5204 4691 6767 13933 12825 14291 9652 6287 8292 18003 4868 8623 5391 16925 38261 5038
internal_value=-0.000527848 -0.00109292 0.000109255 -4.31918e-07 -0.000918924 -0.00112759 -0.00102121 -0.000384728 -0.000265609 -0.000595248 0.00075219 -0.0015371 0.00100699 -0.000656028 0.000200909 -0.000137367 0.000270093 -0.000766324 -0.0012498 -0.00172979 -0.00292062 -0.00232211 -0.000749693 0.000709547 0.00142468 0.000253052 5.02509e-05 0.000482504 -0.000803858 0.00041851
internal_weight=332279 176092 156187 150903 160792 135537 130179 99897 92462 71310 51006 58869 41351 52752 25255 20051 15360 62299 43106 21989 15300 15763 21117 32410 9369 39710 30939 22316 47914 23041
internal_count=332279 176092 156187 150903 160792 135537 130179 99897 92462 71310 51006 58869 41351 52752 25255 20051 15360 62299 43106 21989 15300 15763 21117 32410 9369 39710 30939 22316 47914 23041
is_linear=0
shrinkage=0.05


Tree=44
num_leaves=31
num_cat=0
split_feature=0 4 0 8 8 2 9 0 2 9 2 8 8 5 8 5 8 8 8 8 0 8 3 4 8 3 8 2 4 8
split_gain=44.549 39.0968 21.9431 13.7102 10.4845 10.2408 8.95177 8.17005 7.43939 6.80971 8.82421 6.55537 9.21702 5.54478 4.42074 4.38322 3.66998 6.69504 3.94155 5.03018 3.19571 3.17576 3.04905 3.01362 2.72074 2.59698 2.54485 2.49211 2.43762 2.36549
threshold=117.50000000000001 0.7461120381225248 55.500000000000007 1.5646987590000003 0.7698838870000001 2.5000000000000004 6.5000000000000009 104.50000000000001 4.5000000000000009 30.500000000000004 1.0000000180025095e-35 1.2618163615000004 1.3078657835000003 28.500000000000004 1.3989826220000003 7.5000000000000009 1.2650961850000002 1.2218113130000001 0.86540467600000015 0.91975546850000012 94.500000000000014 1.0143242110000001 -12.482722382999997 0.40039526982211632 1.4583205875 8.4466092650000011 0.93834529050000015 1.0000000180025095e-35 0.90003364559376353 0.87945863200000007
decision_type=2 8 2 2 2 2 2 2 2 2 2 2 2 2 2 2 2 2 2 2 2 2 2 10 2 2 2 2 10 2
left_child=1 4 5 6 -1 11 -4 8 13 10 23 25 -13 16 -14 22 17 18 -8 -20 21 -10 -12 -6 -16 -3 -9 -27 -7 -17
right_child=-2 2 3 -5 9 28 7 26 20 -11 15 12 14 -15 24 29 -18 -19 19 -21 -22 -23 -24 -25 -26 27 -28 -29 -30 -31
leaf_value=-0.0097071952960980749 0.034042761233502333 -0.001873974221470124 -0.0042292165625149626 0.0053000906572858702 -0.001837068802349837 -0.0043720919700226801 -0.0021977085814373306 0.0013111334162993473 -0.004000862203523808 -0.00078913404553659016 -0.0064186612788795522 0.0025887550604197108 -0.0020373398265116313 0.0042892008823062194 0.001280905352193626 -0.0012401157548515434 -0.00099300199669974821 0.0049003796314137302 0.0028187906942203369 0.00021685948416680562 -0.0002939348252019765 -0.0010932653184261253 -0.0028174408927240154 0.00020146619703935887 -0.00044117444540946958 -0.0023307748881993113 0.0049605797261933916 0.00075733818344033777 -0.0029113405142080408 -0.0031058451916069849
leaf_weight=7210 4873 48282 9637 5904 6832 6206 5352 8923 7143 13521 15014 5785 9317 4657 5012 5135 17008 4805 4615 37388 9415 5577 5997 8540 12778 4568 15864 7082 6926 22199
leaf_count=7210 4873 48282 9637 5904 6832 6206 5352 8923 7143 13521 15014 5785 9317 4657 5012 5135 17008 4805 4615 37388 9415 5577 5997 8540 12778 4568 15864 7082 6926 22199
internal_value=-0.00049228 -0.000563092 -0.000240126 0.000179465 -0.00148947 -0.000779816 7.27043e-05 0.000189768 -1.92791e-05 -0.00131909 -0.00153534 -0.000594858 -2.76633e-05 0.000221792 -0.000414393 -0.00186712 0.00010929 0.000317261 0.000136718 0.000299585 -0.000823172 -0.00133988 -0.00241031 -0.000491645 4.7765e-05 -0.000906119 0.00099891 -0.000235951 -0.00208647 -0.00144921
internal_weight=331565 326692 242244 136288 84448 105956 130384 120747 95960 77238 63717 92824 32892 73825 27107 48345 69168 52160 47355 42003 22135 12720 21011 15372 17790 59932 24787 11650 13132 27334
internal_count=331565 326692 242244 136288 84448 105956 130384 120747 95960 77238 63717 92824 32892 73825 27107 48345 69168 52160 47355 42003 22135 12720 21011 15372 17790 59932 24787 11650 13132 27334
is_linear=0
shrinkage=0.05


Tree=45
num_leaves=31
num_cat=0
split_feature=5 0 7 7 0 6 7 7 6 0 3 9 7 5 5 5 8 7 8 0 7 9 7 7 0 3 0 0 6 8
split_gain=41.0702 23.175 19.1571 11.8037 10.0608 7.2482 6.35854 5.94478 6.0845 5.78388 5.92595 5.68191 5.30755 4.99231 4.87705 4.7408 4.55699 4.56388 4.18296 3.63855 3.49402 3.37076 3.29383 3.17949 3.14154 5.90547 2.87144 2.8571 2.6238 2.5658
threshold=13.500000000000002 95.500000000000014 0.94213990150000015 1.1229187270000003 116.50000000000001 1.5000000000000002 0.81406633500000003 0.97631804550000012 1.0000000180025095e-35 43.500000000000007 -5.2964884334999995 29.500000000000004 1.0666651580000002 24.500000000000004 26.500000000000004 7.5000000000000009 0.86832795850000011 1.0896763150000002 1.3109496115000001 97.500000000000014 1.2082677355000002 15.500000000000002 0.95619744050000011 1.1460201665000003 92.500000000000014 -18.923556584999996 75.500000000000014 103.50000000000001 1.0000000180025095e-35 1.2650961850000002
decision_type=2 2 2 2 2 2 2 2 2 2 2 2 2 2 2 2 2 2 2 2 2 2 2 2 2 2 2 2 2 2
left_child=2 3 6 9 7 12 -1 -3 27 10 -2 24 15 23 16 -4 -11 21 -14 -7 -20 -18 -17 -5 25 -8 -24 -9 -27 -23
right_child=1 4 5 13 -6 19 11 8 -10 14 -12 -13 18 -15 -16 22 17 -19 20 -21 -22 29 26 -25 -26 28 -28 -29 -30 -31
leaf_value=-0.0081153988651505912 -0.0032793283718730915 -0.00044694878763748758 -0.0021505030821694976 0.0019075061137741193 0.021412949692188356 -0.0039162133162524825 -0.0073711386934970195 0.0027669944164908228 0.0015296363826741691 -0.0032681425787657904 -0.0011866924537590308 -0.0012021492020788495 0.00087793311735865969 0.0045844147958303879 0.002433768781368141 0.001237952493333853 -0.0026805978404332489 -0.0022185165513680933 -0.0016052615373135855 -0.0016364940334621079 0.0012337925071960586 0.00061646586708195134 -0.0014696124173084139 -0.0001041673152425766 -0.0031634914154182688 -0.002135770400731899 -6.4672209817704992e-05 0.0092980117144726374 -0.0038446818978731968 -0.0013014654545807044
leaf_weight=4875 6078 11441 23632 5113 5628 14378 7911 5031 14512 6011 33781 8599 16016 5473 5043 4518 4824 5707 12711 5033 4510 31742 28083 12625 4671 7813 12947 6809 8693 7733
leaf_count=4875 6078 11441 23632 5113 5628 14378 7911 5031 14512 6011 33781 8599 16016 5473 5043 4518 4824 5707 12711 5033 4510 31742 28083 12625 4671 7813 12947 6809 8693 7733
internal_value=-0.00047901 7.18852e-05 -0.00104048 -0.00027591 0.00106607 -0.000721399 -0.00195363 0.00077213 0.00118526 -0.000509741 -0.000978202 -0.00173339 -0.000553447 0.000740652 -0.000203882 -0.000802921 -0.000337993 -0.000181561 -3.41447e-05 -0.00160718 -0.000575004 -1.00454e-05 -0.000504688 0.000333088 -0.00206717 -0.00229445 -0.000645791 0.00202617 -0.00175519 0.000142476
internal_weight=331941 167551 164390 124130 43421 121828 42562 37793 26352 100919 39859 37687 102417 23211 61060 69180 56017 50006 33237 19411 17221 44299 45548 17738 29088 24417 41030 11840 16506 39475
internal_count=331941 167551 164390 124130 43421 121828 42562 37793 26352 100919 39859 37687 102417 23211 61060 69180 56017 50006 33237 19411 17221 44299 45548 17738 29088 24417 41030 11840 16506 39475
is_linear=0
shrinkage=0.05


Tree=46
num_leaves=31
num_cat=0
split_feature=3 7 3 8 0 2 7 2 0 0 2 0 7 8 8 9 7 7 7 8 2 7 7 8 2 8 3 3 8 8
split_gain=34.5491 22.6597 16.7503 12.7695 14.0031 11.1007 9.71422 8.11495 7.26194 6.65712 11.4729 6.01496 6.00326 5.68822 7.61072 6.13167 5.47236 6.49192 8.39733 4.81728 5.65121 4.70447 13.3411 4.22852 4.90924 4.90102 3.95156 3.81951 4.68657 3.47296
threshold=5.1593147565000015 0.94213990150000015 57.332769702000007 1.6712448535000004 90.500000000000014 5.5000000000000009 0.81406633500000003 7.5000000000000009 111.50000000000001 96.500000000000014 3.5000000000000004 53.500000000000007 0.95619744050000011 0.89784091200000005 1.0000014820000003 30.500000000000004 1.2132531175000001 0.96428644550000009 1.028182989 1.3078657835000003 1.5000000000000002 0.97536380700000014 0.98203505650000011 0.9915069485000001 5.5000000000000009 1.0519316795000002 -8.0036416279999987 -5.9303463359999986 0.90015274200000006 1.0189477030000003
decision_type=2 2 2 2 2 2 2 2 2 2 2 2 2 2 2 2 2 2 2 2 2 2 2 2 2 2 2 2 2 2
left_child=1 6 8 4 5 12 -1 23 13 10 11 27 26 -2 15 -15 17 -16 -19 -20 -21 -14 -23 24 -6 -25 -3 28 -8 -24
right_child=2 3 -4 -5 7 -7 9 -9 -10 -11 -12 -13 21 14 16 -17 -18 18 19 20 -22 22 29 25 -26 -27 -28 -29 -30 -31
leaf_value=-0.0078528634680812316 -0.0029498471012528679 0.0016908555684047016 0.012424864985596562 0.0035592596711985867 0.0062560781928905091 -0.0073258750703312746 -0.0057637222428544681 -0.0064290573589950899 0.0082857758117043188 -0.0002983098540146631 -0.0064208667162599089 5.8360889039225312e-05 -0.002376623688759186 0.0011503636443722237 0.0030462626822566089 0.0060982663586560456 0.0027679115532638476 -0.0027953859011545074 0.0010146130256375406 -0.0027294041222400349 0.00046543460083986753 0.0024927577315509105 -0.0024236948194035148 -0.0029786602198802136 0.0018222045208675581 0.0020012876695765466 -0.00077278267133235219 -0.0021203926736462009 -0.0019649745210412162 -0.0010764830940375629
leaf_weight=6028 8070 4613 5257 5007 4867 7462 4952 6561 8237 8224 13070 8020 13889 6757 4592 4591 5818 12966 22649 8089 8291 5412 20970 4659 7385 9909 4713 11191 6441 83454
leaf_count=6028 8070 4613 5257 5007 4867 7462 4952 6561 8237 8224 13070 8020 13889 6757 4592 4591 5818 12966 22649 8089 8291 5412 20970 4659 7385 9909 4713 11191 6441 83454
internal_value=-0.000454827 -0.000778338 0.000348974 -0.000500012 -0.000571712 -0.000790398 -0.00163781 0.000348798 0.000188751 -0.00141687 -0.00166259 -0.00113267 -0.000685089 4.62544e-05 0.000184182 0.00137497 -3.24479e-05 -0.000182624 -0.000341828 2.44647e-05 -0.000628625 -0.000777299 -0.000667603 0.000734388 0.00141878 0.000158511 0.00053799 -0.00155031 -0.00219468 -0.000793076
internal_weight=332144 236827 95317 178901 173894 140513 57926 33381 90060 51898 43674 30604 133051 81823 73753 11348 62405 56587 51995 39029 16380 123725 109836 26820 12252 14568 9326 22584 11393 104424
internal_count=332144 236827 95317 178901 173894 140513 57926 33381 90060 51898 43674 30604 133051 81823 73753 11348 62405 56587 51995 39029 16380 123725 109836 26820 12252 14568 9326 22584 11393 104424
is_linear=0
shrinkage=0.05


Tree=47
num_leaves=31
num_cat=0
split_feature=5 7 3 0 4 9 2 0 0 7 8 2 0 4 7 3 7 7 7 0 7 8 8 9 7 8 8 7 2 0
split_gain=37.763 19.9272 17.1527 12.0277 10.9783 9.6129 9.45491 8.4208 5.85702 4.76182 4.86555 4.21664 7.11124 3.4832 3.46569 3.3057 3.23081 3.13999 5.23312 3.06824 3.0136 8.3977 2.79286 3.42248 2.73902 3.75188 3.52283 2.54418 2.51159 2.34393
threshold=16.500000000000004 0.87473695000000007 57.332769702000007 43.500000000000007 0.63832095183014004 8.5000000000000018 2.5000000000000004 108.50000000000001 113.50000000000001 1.0666651580000002 1.1292062270000003 3.5000000000000004 84.500000000000014 0.53239370807584052 0.98398051450000013 -2.3632294074999995 0.94093620500000008 1.1350018475000001 1.0896763150000002 88.500000000000014 1.0320909540000003 1.0000014820000003 1.0000014820000003 13.500000000000002 1.1164245220000002 1.3109496115000001 1.5441749580000004 1.0758004030000003 4.5000000000000009 57.500000000000007
decision_type=2 2 2 2 8 2 2 2 2 2 2 2 2 8 2 2 2 2 2 2 2 2 2 2 2 2 2 2 2 2
left_child=1 13 3 15 6 -6 22 9 11 -7 -11 16 -13 -1 -14 -2 -5 18 20 28 21 -18 -3 -24 -12 -26 -27 -16 -8 -15
right_child=2 4 -4 8 5 7 19 -9 -10 10 24 12 14 29 27 -17 17 -19 -20 -21 -22 -23 23 -25 25 26 -28 -29 -30 -31
leaf_value=-0.0092777462382938325 -0.0033191703131372611 -0.0024125540310124833 0.012437206625087857 0.003054270376427999 -0.0024192608160103126 -0.0010721591172926949 -0.0038669135660255732 0.0062492058978822658 0.010311190640484507 0.0022434418383917082 -0.0012692173600271693 -0.0036987038781941708 -0.0013156930103790665 -0.0052457681915300501 0.0035065806385636933 -0.00077536646965159278 0.0041935266039187383 0.0031069089159340051 -0.0020472625686060249 -0.0033588737022141827 0.0024633266214963635 -0.0011622938254755419 -0.0012836435023701671 0.00096278267323479888 0.0025046985746298264 -0.0014971697284713434 0.001522488230291411 -0.0004161092927822783 -0.0092832268574276726 -0.003451870783821732
leaf_weight=4557 4512 8725 4775 5237 32327 82295 8427 6808 7996 4935 11668 6076 7308 6046 9604 29629 4634 6692 4904 4521 9611 10526 12427 4553 4972 6832 4502 4877 5955 6460
leaf_count=4557 4512 8725 4775 5237 32327 82295 8427 6808 7996 4935 11668 6076 7308 6046 9604 29629 4634 6692 4904 4521 9611 10526 12427 4553 4972 6832 4502 4877 5955 6460
internal_value=-0.000442561 -0.00083374 0.000283495 0.000157869 -0.000693058 -0.000493347 -0.0013839 -0.000290207 0.000502451 -0.000391203 0.000117122 0.00035488 -0.000121099 -0.00247334 0.00030077 -0.00062394 0.000673651 0.000506295 0.000285545 -0.00223265 0.000581005 0.000141773 -0.000759433 -0.000385636 -0.000138319 0.000280178 -0.000222243 0.000748653 -0.00258984 -0.00204061
internal_weight=332391 216010 116381 111606 198947 154339 44608 122012 77465 115204 32909 69469 27865 17063 21789 34141 41604 36367 29675 18903 24771 15160 25705 16980 27974 16306 11334 14481 14382 12506
internal_count=332391 216010 116381 111606 198947 154339 44608 122012 77465 115204 32909 69469 27865 17063 21789 34141 41604 36367 29675 18903 24771 15160 25705 16980 27974 16306 11334 14481 14382 12506
is_linear=0
shrinkage=0.05


Tree=48
num_leaves=31
num_cat=0
split_feature=0 4 4 6 4 0 8 2 8 8 8 0 2 0 2 8 8 8 4 8 0 2 8 8 8 6 8 5 0 5
split_gain=35.088 29.0323 13.6894 13.1667 10.0081 8.34299 6.89585 6.06296 5.85138 7.47353 5.2652 4.89893 9.38652 4.49402 3.74731 3.31146 6.69839 5.0467 3.02128 2.87008 3.862 3.35116 2.42617 5.57116 7.18417 2.31186 2.30603 2.28798 2.18964 2.57228
threshold=117.50000000000001 0.95125861605176498 1.7688405962482279 1.0000000180025095e-35 0.56244610137483664 66.500000000000014 0.94232026850000017 6.5000000000000009 0.98186433550000007 1.0000014820000003 0.85399369700000005 53.500000000000007 1.5000000000000002 92.500000000000014 3.5000000000000004 1.4435879295000003 1.2650961850000002 1.1692778010000002 0.73883510777368866 1.0299972105000001 69.500000000000014 2.5000000000000004 0.90015274200000006 1.0000014820000003 0.96648837100000018 1.5000000000000002 1.3243624265000002 9.5000000000000018 40.500000000000007 25.500000000000004
decision_type=2 10 10 2 10 2 2 2 2 2 2 2 2 2 2 2 2 2 10 2 2 2 2 2 2 2 2 2 2 2
left_child=1 3 5 6 10 27 13 15 -8 -10 -5 12 -6 14 -1 16 17 22 -13 -11 21 -21 -7 24 -24 -20 -18 -3 29 -29
right_child=-2 2 -4 4 11 7 8 -9 9 19 -12 18 -14 -15 -16 -17 26 -19 25 20 -22 -23 23 -25 -26 -27 -28 28 -30 -31
leaf_value=-0.0020652492553848516 0.032895890548026357 -0.0020041866860763011 0.0056297677781429944 -0.011745405527542749 -0.00051517102023270205 -0.0011425018691606978 0.0019219008265954466 -0.0061624656743014591 -0.0038734146669081471 0.001501883607488516 -0.0037376682523584288 -0.0035776155164259564 -0.003802700299775922 0.0003236886357070825 -0.0050417665068036984 0.0027086384522727255 -0.0031966976059777785 0.0037720796974689609 -0.00050211666988458263 -0.00053187648361748051 0.00096930619317449937 -0.0028730456200297717 0.001277542382866266 3.8889282442949935e-05 0.0076849118573064567 -0.002855589337378867 -0.00036236178108313075 -0.00074577399213204918 -2.4564807789770072e-05 -0.0030551118067479858
leaf_weight=14458 4776 8261 4981 4561 9001 8713 6558 5004 5045 4810 13380 13555 16961 4638 5210 6737 4585 9441 20971 30022 10024 6308 6446 19211 4575 8701 5952 34856 29431 4780
leaf_count=14458 4776 8261 4981 4561 9001 8713 6558 5004 5045 4810 13380 13555 16961 4638 5210 6737 4585 9441 20971 30022 10024 6308 6446 19211 4575 8701 5952 34856 29431 4780
internal_value=-0.000431111 -0.000493245 9.37924e-06 -0.000934602 -0.00136914 -7.74352e-05 -0.000499726 0.000315271 -0.000222792 -0.000387716 -0.00242143 -0.00109612 -0.001639 -0.00121468 -0.00154476 0.000443157 0.00032302 0.000571799 -0.000769917 -0.000206572 -0.00032723 -0.000566948 0.000320281 0.000532128 0.00142799 -0.000487247 -0.000819106 -0.000436296 -0.00034218 -0.000584749
internal_weight=331952 327176 152973 174203 87130 147992 87073 70664 62767 56209 17941 69189 25962 24306 19668 65660 58923 48386 43227 51164 46354 36330 38945 30232 11021 29672 10537 77328 69067 39636
internal_count=331952 327176 152973 174203 87130 147992 87073 70664 62767 56209 17941 69189 25962 24306 19668 65660 58923 48386 43227 51164 46354 36330 38945 30232 11021 29672 10537 77328 69067 39636
is_linear=0
shrinkage=0.05


Tree=49
num_leaves=31
num_cat=0
split_feature=4 1 9 4 1 8 7 2 1 2 1 2 7 7 7 7 8 7 7 7 8 8 8 2 8 7 1 1 6 8
split_gain=30.6276 26.2084 15.4687 16.201 12.4416 8.56359 6.3032 5.9012 5.47248 5.39042 6.41204 5.36708 5.24843 4.5917 4.12132 6.48477 3.9229 3.83187 8.12637 10.4995 6.59156 6.3464 11.3467 5.70049 3.61293 3.04196 2.52065 2.47163 2.4508 3.89845
threshold=0.64887298102333657 2.5000000000000004 11.500000000000002 1.6534265709003368 54.500000000000007 0.78344438100000013 0.97631804550000012 2.5000000000000004 12.500000000000002 3.5000000000000004 30.500000000000004 4.5000000000000009 0.88717036500000013 0.97091154350000008 0.95716687150000013 0.90684916650000014 0.95550089700000018 1.1201095380000001 1.0906577955000001 1.0744235155000001 1.4521807725000002 1.0843950875000001 1.0143242110000001 1.5000000000000002 1.2763179770000004 1.1659978160000002 19.500000000000004 71.500000000000014 1.0000000180025095e-35 1.4435879295000003
decision_type=8 2 2 10 2 2 2 2 2 2 2 2 2 2 2 2 2 2 2 2 2 2 2 2 2 2 2 2 2 2
left_child=5 -2 13 4 6 -1 11 12 -8 -7 -11 14 -6 -3 15 -4 -12 18 19 21 -19 22 23 -14 27 -15 -13 -23 29 -10
right_child=1 2 3 -5 7 9 8 -9 28 10 16 26 17 25 -16 -17 -18 20 -20 -21 -22 24 -24 -25 -26 -27 -28 -29 -30 -31
leaf_value=-0.010034129838489066 0.02971831527246829 -0.0036237823268469231 -0.0012404999285623454 0.0085622779396990045 -0.0037708806424781647 -0.0014663797912249626 0.0055675554451262189 -0.0021165810539686548 0.00074435009021921541 -0.0014067157116999973 -0.0069734977286489142 -0.0013341415129238222 -0.0017353040712434946 -0.0017066948274885364 -0.0017967725995988511 0.0027967767465676271 -0.0045710487162909227 0.0017378275270212796 -0.0028918953323195393 0.0037819840696417016 -0.00088718836628532316 -0.00060827977036714918 0.0023930090404101802 0.0023803495150136601 -0.00017630964495181801 0.00078728986644974403 -0.0041131307802870316 -0.0029562275306472888 -0.00010553901332571894 0.0033047515430661535
leaf_weight=6089 4596 17870 5791 4509 4877 33390 11504 21160 29271 4654 5223 6946 12625 36078 4939 8175 5751 8682 6534 4505 6935 4981 7706 4928 8649 4854 6329 13150 26606 4762
leaf_count=6089 4596 17870 5791 4509 4877 33390 11504 21160 29271 4654 5223 6946 12625 36078 4939 8175 5751 8682 6534 4505 6935 4981 7706 4928 8649 4854 6329 13150 26606 4762
internal_value=-0.000420224 -0.000206019 -0.00026923 -7.15003e-05 -0.000135489 -0.00149668 0.000250986 -0.000520448 0.000510547 -0.00127675 -0.00204312 -0.000330901 -0.000331552 -0.000987299 0.000210205 0.000649201 -0.00270243 -0.000232847 -0.00040645 -0.000213444 0.000468249 -0.000413978 0.000154567 -0.000547615 -0.00095016 -0.000695216 -0.00110128 -0.00135118 0.000320805 0.000601826
internal_weight=332069 276962 272366 213564 209055 55107 104323 104732 72143 49018 15628 32180 83572 58802 18905 13966 10974 78695 63078 56544 15617 52039 25259 17553 26780 40932 13275 18131 60639 34033
internal_count=332069 276962 272366 213564 209055 55107 104323 104732 72143 49018 15628 32180 83572 58802 18905 13966 10974 78695 63078 56544 15617 52039 25259 17553 26780 40932 13275 18131 60639 34033
is_linear=0
shrinkage=0.05


Tree=50
num_leaves=31
num_cat=0
split_feature=4 0 4 9 0 8 8 8 7 7 3 9 7 4 0 9 8 7 7 7 4 8 8 7 7 9 8 7 3 7
split_gain=27.3726 23.2516 15.4524 13.2131 13.0586 11.2688 7.24902 5.33225 5.29438 4.4636 3.98118 3.8413 3.57289 3.38728 2.99888 2.88161 2.86423 6.90979 8.98445 8.42157 6.72123 5.10317 5.69249 4.79934 5.29585 3.59891 3.39869 7.67849 5.11513 4.60911
threshold=0.59421509617575907 117.50000000000001 1.7688405962482279 9.5000000000000018 84.500000000000014 0.8314545940000001 0.90015274200000006 1.6712448535000004 1.0000053235000002 1.0413678250000002 -12.712897638499998 55.500000000000007 0.89040702000000016 0.42848698758069387 107.50000000000001 23.500000000000004 1.0877557720000002 1.0563097930000003 0.99889278250000013 0.97536380700000014 1.0797330287070916 1.1505799880000003 1.1318326185000003 0.95813489450000011 0.94213990150000015 26.500000000000004 1.3109496115000001 1.1201095380000001 -6.9415700904999991 0.98203505650000011
decision_type=8 2 10 2 2 2 2 2 2 2 2 2 2 10 2 2 2 2 2 2 10 2 2 2 2 2 2 2 2 2
left_child=5 2 3 8 6 -1 12 16 -2 11 13 -6 -5 -7 -11 -15 17 18 19 23 -20 22 -18 24 25 -8 27 29 -28 -23
right_child=1 -3 -4 4 9 10 7 -9 -10 14 -12 -13 -14 15 -16 -17 21 -19 20 -21 -22 26 -24 -25 -26 -27 28 -29 -30 -31
leaf_value=-0.0085674426621989274 -0.0034138515177368923 0.026711511674421446 0.0052169236283313384 -0.0043273585142503011 -0.00014666649719042319 -0.0063300356972850989 -0.0021973035325646428 0.0018810558945545411 -0.0010334409590742287 0.0014019885092760266 -0.00091331969905845728 0.0034095980252078651 -0.0019243764073424954 -0.003672583309565844 0.0084674692849193278 -0.00080733837306967552 -0.0011913197487373962 0.0017720923110149862 -0.0031687552554823767 0.0023942197087753613 0.00061157591142669632 0.0016661732140800776 -0.0038298844189531981 -0.0017949988814370474 0.002298109960334401 0.00097361450968478508 -0.0027527393059878212 0.0023025596927278209 -0.00060311442727381407 -0.0011686968217904134
leaf_weight=7464 23016 4743 5009 7129 40570 5050 5911 5390 24073 18036 15807 5546 13366 8452 5819 5559 11730 5397 10494 7372 4563 5143 5034 5389 4521 5671 6771 6648 26153 26395
leaf_count=7464 23016 4743 5009 7129 40570 5050 5911 5390 24073 18036 15807 5546 13366 8452 5819 5559 11730 5397 10494 7372 4563 5143 5034 5389 4521 5671 6771 6648 26153 26395
internal_value=-0.000392821 -0.000219374 -0.000277153 -0.000326389 -0.000172022 -0.00158042 -0.000417184 -0.000290771 -0.00109027 0.00039935 -0.00120265 0.000112095 -0.00129634 -0.00168913 0.000954525 -0.00128817 -0.000351394 -4.64298e-05 -0.000253951 0.000262564 -0.00124386 -0.000522538 -0.00130718 -0.000237709 0.000194623 -0.00037197 -0.000337483 -1.64972e-05 -0.00070971 -0.000342074
internal_weight=332221 289889 285146 280137 233048 42332 163077 142582 47089 69971 34868 46116 20495 19061 23855 14011 137192 49318 43921 28864 15057 87874 16764 21492 16103 11582 71110 38186 32924 31538
internal_count=332221 289889 285146 280137 233048 42332 163077 142582 47089 69971 34868 46116 20495 19061 23855 14011 137192 49318 43921 28864 15057 87874 16764 21492 16103 11582 71110 38186 32924 31538
is_linear=0
shrinkage=0.05


Tree=51
num_leaves=31
num_cat=0
split_feature=4 0 7 7 0 3 8 7 2 8 9 7 7 8 7 8 3 8 7 2 7 8 8 3 7 8 2 7 7 8
split_gain=27.2464 23.0257 14.4886 11.5769 12.166 10.7326 9.09718 6.8836 5.36607 4.97272 4.69842 3.94668 6.21406 7.66213 3.47877 5.11464 4.17641 3.60153 4.74364 3.45905 4.04368 3.56829 4.6643 4.15099 9.28025 3.66489 5.70375 4.76221 3.42666 3.14142
threshold=0.59421509617575907 117.50000000000001 0.97631804550000012 0.98203505650000011 88.500000000000014 18.786521545000003 0.8314545940000001 1.2646002265000003 4.5000000000000009 1.6712448535000004 10.500000000000002 0.96724136100000013 0.94667231500000015 0.95085857150000008 1.0320909540000003 1.4583205875 6.7264742820000007 1.2844305810000003 1.0243316185000002 3.5000000000000004 1.0838404605000003 1.4053251940000002 1.3109496115000001 -2.2268648309999999 1.0758004030000003 1.2618163615000004 1.0000000180025095e-35 1.0731915865000003 1.0473717320000002 0.99361192700000012
decision_type=8 2 2 2 2 2 2 2 2 2 2 2 2 2 2 2 2 2 2 2 2 2 2 2 2 2 2 2 2 2
left_child=6 2 5 -4 7 10 -1 9 -8 14 -2 12 -12 -14 17 19 -17 18 -5 21 -21 22 23 24 -16 26 -25 -28 29 -6
right_child=1 -3 3 4 28 -7 8 -9 -10 -11 11 -13 13 -15 15 16 -18 -19 -20 20 -22 -23 -24 25 -26 -27 27 -29 -30 -31
leaf_value=-0.0080538919884013838 -0.0033806380949737945 0.027925066075889012 0.0036121554175047063 -0.0014681584960177772 0.0032086069710209153 0.0027780583619236871 -0.0014811762556063872 0.0027715947279473296 -0.0063148612780645173 0.0017223551320703788 -0.0018505203407063481 -0.0025783611731303741 -0.0024081452778603727 0.0019574444752199246 -0.0029718044358964697 -0.002641989840566448 -9.6299133307902105e-05 0.00043039753413422888 -0.0028555472751045649 9.8056057250214478e-06 -0.0028325809883371325 0.0016217621190269941 -0.0014769836492054954 -0.0014782205700610313 0.001337104693620212 0.0029049767623790194 0.0030115632462244064 -5.3879873288070198e-05 0.0031453045500397787 -0.00082431822071643308
leaf_weight=7380 17587 4710 7669 36393 10657 7453 28274 4777 6471 4955 40348 7742 6225 8690 7097 7799 4646 5478 5606 6115 5861 6144 12759 8087 5733 5521 7521 8369 21798 14204
leaf_count=7380 17587 4710 7669 36393 10657 7453 28274 4777 6471 4955 40348 7742 6225 8690 7097 7799 4646 5478 5606 6115 5861 6144 12759 8087 5733 5521 7521 8369 21798 14204
internal_value=-0.000393272 -0.000220626 -0.000277908 -3.97843e-05 -0.000116872 -0.000811188 -0.00158142 -0.000345815 -0.00124245 -0.000410389 -0.00097907 -0.000777259 -0.000629027 0.000242961 -0.000468289 -0.00027797 -0.00121486 -0.000811572 -0.000968837 -0.000118629 -0.000895586 3.33942e-05 -9.41165e-05 0.000158504 -0.000592132 0.000485034 0.000217454 0.000767536 0.000584068 0.000182779
internal_weight=332069 289944 285234 197189 189520 88045 42125 142861 34745 138084 80592 63005 55263 14915 133129 85652 12445 47477 41999 73207 11976 61231 55087 42328 12830 29498 23977 15890 46659 24861
internal_count=332069 289944 285234 197189 189520 88045 42125 142861 34745 138084 80592 63005 55263 14915 133129 85652 12445 47477 41999 73207 11976 61231 55087 42328 12830 29498 23977 15890 46659 24861
is_linear=0
shrinkage=0.05


Tree=52
num_leaves=31
num_cat=0
split_feature=4 0 4 0 8 9 7 8 6 3 7 7 7 0 7 7 6 8 8 7 8 8 8 8 8 3 7 8 8 8
split_gain=24.8325 20.3132 14.5574 12.0069 9.42711 8.14581 7.04614 6.08821 5.98436 4.17661 4.1666 8.32724 5.38451 3.74189 3.36914 3.25964 3.22562 3.15089 9.03993 6.26916 3.09208 3.96011 6.37246 3.07855 4.57236 3.97818 3.74604 2.92846 6.75424 4.44594
threshold=0.59421509617575907 117.50000000000001 1.7688405962482279 58.500000000000007 0.8314545940000001 7.5000000000000009 0.86021239400000005 1.5773862285000002 1.5000000000000002 -15.774219878499999 1.0310529730000002 1.0423911465000002 1.0527773555000002 99.500000000000014 1.0205589460000002 0.96202659950000002 1.0000000180025095e-35 1.2650961850000002 1.2237114120000003 1.0463138475000002 1.1831267190000003 1.0143242110000001 1.0820314650000002 0.95085857150000008 0.9915069485000001 -22.230084205999997 0.9225350630000001 1.3109496115000001 1.1831267190000003 1.3628059890000002
decision_type=8 2 10 2 2 2 2 2 2 2 2 2 2 2 2 2 2 2 2 2 2 2 2 2 2 2 2 2 2 2
left_child=4 2 3 6 -1 -5 -2 13 10 -6 14 -12 -13 17 16 -15 20 18 23 -19 21 -8 -23 25 -25 -7 -27 28 -14 -29
right_child=1 -3 -4 5 9 7 8 -9 -10 -11 11 12 27 15 -16 -17 -18 19 -20 -21 -22 22 -24 24 -26 26 -28 29 -30 -31
leaf_value=-0.0076773846976033568 -0.0045891144381181651 0.02737060883955833 0.0052844171508511376 -0.0032253191217286857 -0.0037049367788673203 -0.0030802987027528845 -0.0010632567057877766 0.0035144562275371211 -0.0031233364784929462 -0.00093048929336986936 0.0023997764494658406 -0.0025367057583848707 -0.0014301189470843616 -0.00076883252109532499 -0.0028678283588674663 0.0022448342176946624 -0.0019591243733876364 -0.0038552921329605737 0.0050785640783565155 -0.00025221684279855684 -0.0023447881681496166 0.0027119868371969914 -0.00093575668446935949 0.0021600571855756303 -0.00021737594059953615 0.0015289865274930737 -0.0017716268508210838 -0.0035422178871050572 0.0016805511809007854 -0.00039975798512131681
leaf_weight=7392 4955 4720 5028 13577 16835 7870 17900 5068 9084 17970 5320 4700 10320 10315 5238 27446 18718 5052 5128 13049 6320 5293 6205 6971 38334 5924 10588 4518 11429 20779
leaf_count=7392 4955 4720 5028 13577 16835 7870 17900 5068 9084 17970 5320 4700 10320 10315 5238 27446 18718 5052 5128 13049 6320 5293 6205 6971 38334 5924 10588 4518 11429 20779
internal_value=-0.000390092 -0.000225097 -0.000278975 -0.00032686 -0.00152327 -2.04931e-05 -0.000676651 9.63156e-05 -0.000603757 -0.00117854 -0.000507518 -0.00020203 -0.000395742 3.03396e-05 -0.000799612 0.000450007 -0.000682942 -0.000140228 3.00603e-06 -0.000732079 -0.000404223 -0.000188417 0.000535511 -0.000146144 9.76594e-05 -0.000599091 -0.00015802 -0.000234428 0.000190998 -0.000600151
internal_weight=332046 289849 285129 280101 42197 149322 130779 135745 125824 34805 116740 57066 51746 130677 59674 37761 54436 92916 74815 18101 35718 29398 11498 69687 45305 24382 16512 47046 21749 25297
internal_count=332046 289849 285129 280101 42197 149322 130779 135745 125824 34805 116740 57066 51746 130677 59674 37761 54436 92916 74815 18101 35718 29398 11498 69687 45305 24382 16512 47046 21749 25297
is_linear=0
shrinkage=0.05


Tree=53
num_leaves=31
num_cat=0
split_feature=7 0 3 2 8 0 2 7 2 0 9 0 7 3 8 7 0 7 7 0 8 7 7 6 7 7 7 8 8 8
split_gain=22.0608 16.4188 13.8239 11.7682 9.52167 8.78779 8.75911 8.42998 7.55799 11.756 6.59026 5.69241 5.39952 4.67328 5.1125 5.82281 4.61579 4.37364 4.04406 3.38952 2.75685 3.1033 7.29343 4.26671 2.73524 7.22562 3.48196 10.29 9.06324 4.27113
threshold=0.94667231500000015 106.50000000000001 17.789164678500004 6.5000000000000009 1.6712448535000004 83.500000000000014 4.5000000000000009 0.81406633500000003 3.5000000000000004 98.500000000000014 8.5000000000000018 71.500000000000014 0.95619744050000011 -5.1350214544999995 0.92233349500000006 0.97690684250000015 68.500000000000014 1.0473717320000002 1.1927919445000004 67.500000000000014 1.1052717865000001 0.9225350630000001 0.90684916650000014 1.0000000180025095e-35 0.99967947350000008 0.97919752400000004 1.0107513135000004 1.0995788130000002 1.1831267190000003 1.2463057665000001
decision_type=2 2 2 2 2 2 2 2 2 2 2 2 2 2 2 2 2 2 2 2 2 2 2 2 2 2 2 2 2 2
left_child=2 3 7 4 5 6 12 -1 11 19 -3 20 -2 24 -15 -16 -8 -12 -17 -10 21 22 23 -9 25 -14 -26 -28 -29 -30
right_child=1 10 -4 -5 -6 -7 16 8 9 -11 17 -13 13 14 15 18 -18 -19 -20 -21 -22 -23 -24 -25 26 -27 27 28 29 -31
leaf_value=-0.0061258306637707594 0.0014545883175879522 -0.0023732919186084216 0.0034898931497756736 -0.0067737612019292794 0.0024915992984584513 0.00083989402324707364 -0.0068213575354488789 -0.0012603180775590688 -0.0084795163724915839 -0.0011929124409662186 0.0038283094192351182 0.0015482819276703523 -0.0014247377434383531 0.001680193312733486 -0.0031556917824787571 -0.00049591548430684103 -0.0018225049135639987 0.010855036377982135 0.0013279919331213481 -0.004241114256244443 0.00021838837240060736 -0.002583288660583518 0.0020642109530459806 -0.0040645872532347757 -0.0039218609030280778 0.0013387988482214304 0.0011376612597881115 -0.0048828782397804422 0.00079777120768623135 -0.0018257602793144479
leaf_weight=6305 6845 5149 4549 8353 8432 41839 4631 8751 5140 8831 13838 5009 8896 5932 6802 82799 5885 7112 9468 10311 4710 9160 4585 5721 6464 7508 7054 4912 4553 12751
leaf_count=6305 6845 5149 4549 8353 8432 41839 4631 8751 5140 8831 13838 5009 8896 5932 6802 82799 5885 7112 9468 10311 4710 9160 4585 5721 6464 7508 7054 4912 4553 12751
internal_value=-0.000384368 -0.000168058 -0.00115166 -0.000301208 -0.0002327 -0.000296959 -0.000452997 -0.00132887 -0.00115215 -0.0018409 0.00102111 -0.000711105 -0.000363257 -0.000423148 -0.000230988 -0.000316381 -0.00185154 0.00141494 -0.000212254 -0.00267243 -0.000949989 -0.00113688 -0.000773005 -0.00132348 -0.000810081 -0.00027546 -0.00105543 -0.000823229 -0.00135143 -0.000812873
internal_weight=332295 259223 73072 233124 224771 216339 174500 68523 62218 24282 26099 37936 163984 157139 105001 99069 10516 20950 92267 15451 32927 28217 19057 14472 52138 16404 35734 29270 22216 17304
internal_count=332295 259223 73072 233124 224771 216339 174500 68523 62218 24282 26099 37936 163984 157139 105001 99069 10516 20950 92267 15451 32927 28217 19057 14472 52138 16404 35734 29270 22216 17304
is_linear=0
shrinkage=0.05


Tree=54
num_leaves=31
num_cat=0
split_feature=4 0 7 6 0 6 2 7 7 7 7 7 0 8 8 0 7 7 8 8 8 7 2 2 7 4 2 8 0 2
split_gain=20.3893 15.4533 10.2363 8.73635 8.31758 8.24165 7.37057 6.95269 11.1698 10.538 5.31509 4.24078 4.68032 3.96394 7.18824 3.9298 4.65674 3.23411 4.3015 7.84364 3.98343 3.37645 2.96561 2.89387 3.46282 2.45696 2.85888 2.59355 2.40904 5.51187
threshold=0.72737128769017889 66.500000000000014 0.86446267950000011 1.5000000000000002 115.50000000000001 1.0000000180025095e-35 2.5000000000000004 1.0758004030000003 1.0920774425000002 1.1164245220000002 1.1325404125000003 0.97631804550000012 47.500000000000007 1.2526022160000003 1.429914388 50.500000000000007 0.98890027000000014 0.88717036500000013 1.0820314650000002 1.0143242110000001 1.2763179770000004 0.97175424950000011 3.5000000000000004 1.0000000180025095e-35 1.0107513135000004 0.45483948677125158 1.0000000180025095e-35 1.0923965605000003 97.500000000000014 5.5000000000000009
decision_type=8 2 2 2 2 2 2 2 2 2 2 2 2 2 2 2 2 2 2 2 2 2 2 2 2 10 2 2 2 2
left_child=2 6 -1 4 10 25 7 15 -9 -10 -3 -8 -13 -11 -15 17 -17 -2 19 21 23 -19 -12 -20 -25 27 -27 -4 29 -7
right_child=1 3 5 -5 -6 28 11 8 9 13 22 12 -14 14 -16 16 -18 18 20 -21 -22 -23 -24 24 -26 26 -28 -29 -30 -31
leaf_value=-0.0055061165741850659 -0.0039635739954974021 0.00039846902439591648 -0.0024516442090170079 -0.0018636121486739557 0.015377418238364677 -0.002153646250049897 -0.0036286596419617644 0.0030408676324947645 -0.0024383862749214847 -0.001331575767058211 0.0041896818725481351 -0.003572347597584874 -0.00058819429401000222 0.0027264156048279623 -0.00019851069900919763 0.0015795752664505695 -0.0013217182838260678 -0.0024743302638781687 -0.0034510528330169163 0.00166258751395378 -0.00037724070035924709 -0.00023152786251814012 0.001050544659208715 -0.003649184910020815 -0.00048802286109476343 0.0009403730467086209 -0.0008096749818958973 -0.0001675544103834683 -0.0012800937221243182 -0.0085043847123278931
leaf_weight=8275 4895 83315 5115 20079 5896 25827 7452 5999 7119 4627 6556 5644 11634 7919 10981 6129 7287 9409 7565 7710 8457 9198 4729 4976 5820 7116 17126 4799 4583 5565
leaf_count=8275 4895 83315 5115 20079 5896 25827 7452 5999 7119 4627 6556 5644 11634 7919 10981 6129 7287 9409 7565 7710 8457 9198 4729 4976 5820 7116 17126 4799 4583 5565
internal_value=-0.000365153 -0.00014712 -0.00106975 0.000262687 0.00045293 -0.000873376 -0.000519139 -0.000340948 0.000218962 -0.000167369 0.000339304 -0.00129776 -0.000867327 0.000342724 0.000663844 -0.000628124 0.000143058 -0.000806411 -0.000692982 -0.000238775 -0.00113858 -0.000794381 0.00135739 -0.00155205 -0.00102583 -0.000317029 -4.57801e-05 -0.000979939 -0.00140147 -0.00155779
internal_weight=331802 253396 78406 120575 100496 70131 132821 108091 36645 30646 94600 24730 17278 23527 18900 71446 13416 58030 53135 26317 26818 18607 11285 18361 10796 34156 24242 9914 35975 31392
internal_count=331802 253396 78406 120575 100496 70131 132821 108091 36645 30646 94600 24730 17278 23527 18900 71446 13416 58030 53135 26317 26818 18607 11285 18361 10796 34156 24242 9914 35975 31392
is_linear=0
shrinkage=0.05


Tree=55
num_leaves=31
num_cat=0
split_feature=7 3 3 7 6 2 7 8 4 3 9 8 8 2 8 8 8 8 2 8 7 8 7 7 9 4 8 8 9 9
split_gain=18.1864 13.6347 11.4459 9.8169 7.5053 7.2421 7.05312 7.14896 6.84541 4.7111 4.57369 4.23957 4.0142 9.99053 7.81571 6.17679 8.2543 5.49261 4.41675 4.40984 5.53431 4.01933 9.03653 4.3712 4.05629 3.95739 3.81364 5.82224 3.70666 3.14358
threshold=0.94667231500000015 57.332769702000007 17.789164678500004 0.81406633500000003 1.0000000180025095e-35 3.5000000000000004 0.95619744050000011 1.6712448535000004 0.72354225804866756 27.630393783500004 42.500000000000007 0.83524822400000009 0.99996303200000003 1.5000000000000002 0.94631593150000015 1.0189477030000003 1.0740390135000004 1.1505799880000003 1.5000000000000002 1.1894146140000001 1.0132845280000002 1.3109496115000001 1.1201095380000001 1.0584166585000003 22.500000000000004 0.71612826102680394 1.3773010990000001 1.4583205875 18.500000000000004 6.5000000000000009
decision_type=2 2 2 2 2 2 2 2 10 2 2 2 2 2 2 2 2 2 2 2 2 2 2 2 2 10 2 2 2 2
left_child=2 4 3 -1 6 10 -2 9 -6 12 -5 25 13 28 -15 -14 18 -18 -17 -19 -21 22 24 -23 -22 -7 -25 -28 -8 -10
right_child=1 -3 -4 5 8 11 7 -9 29 -11 -12 -13 15 14 -16 16 17 19 -20 20 21 23 -24 26 -26 -27 27 -29 -30 -31
leaf_value=-0.0058309198013947443 0.0026114287753992251 0.010471472088383772 0.0032053796555380752 -0.0013640322073054925 -0.0023170446390032586 -0.0054600302850887888 0.00019779482374973793 0.0031569281006319019 -0.0022738105591744232 0.0031150169541795999 0.0013989807482424092 -0.0047945222862375812 -0.0028394228080934722 0.00067417135685543484 0.0059224102294509213 0.0027131563651105126 -0.0017366775399648684 0.0018544038604092522 0.00030259190308323043 -0.0022835227648510597 -0.0015972882806296049 0.0012397720871265162 0.0035850557394515206 -0.0032489390236907626 0.00074600721787867769 -8.4831464270240133e-05 0.00087049822609839851 -0.0018202710855850753 -0.003539212911440188 -0.00033713719946567265
leaf_weight=6206 5710 4893 4606 32568 24833 4586 4628 5576 12656 8560 5170 13958 6946 7916 4851 4794 16187 8621 5334 7824 4867 4504 4811 6122 9007 5712 6842 9576 4524 79735
leaf_count=6206 5710 4893 4606 32568 24833 4586 4628 5576 12656 8560 5170 13958 6946 7916 4851 4794 16187 8621 5334 7824 4867 4504 4811 6122 9007 5712 6842 9576 4524 79735
internal_value=-0.000331545 -0.000135489 -0.00102979 -0.00119273 -0.00018579 -0.00100276 6.52297e-05 -9.50726e-06 -0.000479575 -8.71207e-05 -0.000569378 -0.00167677 -0.000169737 0.000440384 0.00134395 -0.000309882 -0.000197133 -0.000370761 0.00114576 -0.000157128 -0.000326096 -0.000115779 0.000448099 -0.00050538 -0.000199583 -0.000906533 -0.000789533 -0.000392134 -0.000820139 -0.000281453
internal_weight=332123 259317 72806 68200 254424 61994 137200 131490 117224 125914 37738 24256 117354 21919 12767 95435 88489 78361 10128 62174 53553 45729 18685 27044 13874 10298 22540 16418 9152 92391
internal_count=332123 259317 72806 68200 254424 61994 137200 131490 117224 125914 37738 24256 117354 21919 12767 95435 88489 78361 10128 62174 53553 45729 18685 27044 13874 10298 22540 16418 9152 92391
is_linear=0
shrinkage=0.05


Tree=56
num_leaves=31
num_cat=0
split_feature=4 0 4 2 7 2 0 0 2 2 7 0 0 2 7 8 8 8 7 7 8 8 8 4 8 8 8 7 7 7
split_gain=19.1349 14.319 13.0826 9.11762 8.8832 8.80235 9.66617 7.97767 6.86189 6.36375 5.90111 4.45106 4.08045 7.53049 4.08013 3.92293 6.64414 3.70876 3.93451 5.98917 2.99737 5.5651 4.00825 5.53742 4.61003 2.75928 8.68642 7.24716 8.1283 5.63334
threshold=0.51481931355890931 117.50000000000001 1.7688405962482279 4.5000000000000009 0.94667231500000015 3.5000000000000004 68.500000000000014 88.500000000000014 5.5000000000000009 6.5000000000000009 0.84552124650000016 94.500000000000014 47.500000000000007 2.5000000000000004 0.94314624850000006 0.99361192700000012 0.93834529050000015 1.5773862285000002 0.98203505650000011 0.97091154350000008 1.0539520960000004 1.1022741300000003 1.1894146140000001 0.95428110347530426 1.2304387475000003 1.0771584090000001 1.0143242110000001 1.0744235155000001 1.0920774425000002 1.1182239370000002
decision_type=8 2 10 2 2 2 2 2 2 2 2 2 2 2 2 2 2 2 2 2 2 2 2 10 2 2 2 2 2 2
left_child=3 2 4 14 5 6 10 8 12 15 -2 -7 13 25 -1 16 -9 18 19 -14 -20 -22 23 -23 -24 26 -6 -27 -29 -30
right_child=1 -3 -4 -5 7 11 -8 9 -10 -11 -12 -13 17 -15 -16 -17 -18 -19 20 -21 21 22 24 -25 -26 27 -28 28 29 -31
leaf_value=-0.0039369267090078276 -0.004405445583971785 0.022858178125824819 0.0046963574348002348 -0.010454886938879693 -0.00090508431452752426 -0.0045050474005189746 0.0021578148856338263 0.0013293536513160767 -0.0050299662634367432 -0.0026279066590151209 -0.00082293766280404639 -0.0026358588303418994 -0.00021135178674556887 -0.0029986036224894323 -0.0011187434338644573 0.00066065596725730074 0.0077497152710505404 0.0021705985576416136 -0.0016635005499940981 0.0039957718905347097 0.0022135079743787881 -0.0043352532076541559 0.0025058451330154654 -0.00027550879803695005 -0.00051228190232802475 -0.0017763282139568932 0.0021677434510632924 0.0027486807875390928 -0.0023565527425911618 8.0412859037295889e-05
leaf_weight=7598 4539 4861 5019 4814 15422 12594 8076 9378 5873 12492 24826 10704 8772 9568 15386 32735 5536 4943 15226 4569 5473 4825 5648 6210 23478 27237 7253 4540 6061 18468
leaf_count=7598 4539 4861 5019 4814 15422 12594 8076 9378 5873 12492 24826 10704 8772 9568 15386 32735 5536 4943 15226 4569 5473 4825 5648 6210 23478 27237 7253 4540 6061 18468
internal_value=-0.000360765 -0.000246049 -0.000289763 -0.00161637 -0.000332926 -0.00087161 -0.000396706 -0.00019291 -0.000364866 0.000303344 -0.000818013 -0.00163455 -0.000305998 -0.000539164 -0.00120145 0.000566688 0.00123869 -4.5106e-05 -0.000133481 0.000644012 -0.000303953 -0.00010123 -0.00030511 -0.0011164 2.40175e-06 -0.000378613 8.70799e-05 -0.000566143 -1.70267e-05 -0.000376825
internal_weight=332124 304326 299465 27798 294446 60739 37441 233707 173566 60141 29365 23298 167693 88549 22984 47649 14914 79144 74201 13341 60860 45634 40161 11035 29126 78981 22675 56306 29069 24529
internal_count=332124 304326 299465 27798 294446 60739 37441 233707 173566 60141 29365 23298 167693 88549 22984 47649 14914 79144 74201 13341 60860 45634 40161 11035 29126 78981 22675 56306 29069 24529
is_linear=0
shrinkage=0.05


Tree=57
num_leaves=31
num_cat=0
split_feature=4 0 6 4 0 3 7 0 3 8 8 8 4 9 7 7 7 5 7 7 7 7 7 8 8 8 8 7 8 8
split_gain=19.2584 15.3791 12.0362 11.1173 9.68592 9.39223 5.86484 4.24634 3.41752 4.00193 7.69457 6.48694 3.13169 3.02293 2.9368 2.44862 2.35528 2.22631 1.94019 1.81196 1.52197 8.4578 7.20947 4.32932 8.23864 4.65621 4.1917 4.16281 2.87451 7.23177
threshold=0.51481931355890931 117.50000000000001 1.5000000000000002 1.7688405962482279 66.500000000000014 -16.359770412999996 0.88717036500000013 87.500000000000014 -22.230084205999997 1.2650961850000002 1.2218113130000001 1.5441749580000004 0.4142750846076762 32.500000000000007 1.0504484700000003 0.99019905000000008 1.1368902595000001 13.500000000000002 1.0596003980000002 0.97346863700000008 1.0320909540000003 1.0423911465000002 1.0504484700000003 1.1292062270000003 1.1831267190000003 1.3109496115000001 1.3628059890000002 0.99967947350000008 0.96036754150000014 1.0237742465000002
decision_type=8 2 2 10 2 2 2 2 2 2 2 2 10 2 2 2 2 2 2 2 2 2 2 2 2 2 2 2 2 2
left_child=5 2 3 4 6 12 -2 19 13 10 -10 14 -1 17 -11 -9 -16 -6 -7 -4 27 -22 -23 -24 -25 -26 -27 28 -8 -30
right_child=1 -3 7 -5 8 18 20 15 9 11 -12 -13 -14 -15 16 -17 -18 -19 -20 -21 21 22 23 24 25 26 -28 -29 29 -31
leaf_value=-0.0088058046699034474 -0.0028032064541297277 0.025976903769720186 -0.0048837433339751152 0.0046480849225199001 -0.0026600501144472591 -0.0014719750771279979 -0.0012326654916382644 -0.0036113624574256546 0.00088204520891947517 -0.0038259779282776721 0.0062844640293695398 0.0026371817119492441 -0.0042980495111114318 0.00051974848563475626 0.0006285091006624162 0.00023794224327771079 -0.0022949209556088093 0.00040512740928056026 0.0002559736650933556 -0.0022799386416038933 0.0024839501543441698 -0.0032362004677915913 0.0012816133072846277 -0.0038361534747137732 0.00088270075780883743 -0.0029580250993525492 -0.00033518665209480265 -0.0018041867236842696 0.0020128159701783208 -0.00065015140071574451
leaf_weight=5342 10045 4783 6884 4873 10616 10771 18158 8334 61582 4705 4767 4563 7217 9843 6287 8092 4671 4679 4517 11680 5880 4554 8265 4762 13890 5337 24454 21608 8686 22222
leaf_count=5342 10045 4783 6884 4873 10616 10771 18158 8334 61582 4705 4767 4563 7217 9843 6287 8092 4671 4679 4517 11680 5880 4554 8265 4762 13890 5337 24454 21608 8686 22222
internal_value=-0.000319013 -0.000203798 -0.000248747 -0.000133428 -0.000177866 -0.00157745 -0.000443342 -0.00112016 0.000173516 0.000322533 0.000510217 -0.000293116 -0.00259034 -0.000339658 -0.000776424 -0.000534357 -0.000327466 -0.000779413 -0.000744786 -0.00163822 -0.000358292 -0.000187798 -0.000361697 -0.00020789 -0.000388356 -0.00017294 -0.000525407 -0.000520241 -0.000265535 2.78188e-05
internal_weight=332067 304220 299437 264447 259574 27847 147861 34990 111713 86575 66349 20226 12559 25138 15663 16426 10958 15295 15288 18564 137816 67142 61262 56708 48443 43681 29791 70674 49066 30908
internal_count=332067 304220 299437 264447 259574 27847 147861 34990 111713 86575 66349 20226 12559 25138 15663 16426 10958 15295 15288 18564 137816 67142 61262 56708 48443 43681 29791 70674 49066 30908
is_linear=0
shrinkage=0.05


Tree=58
num_leaves=31
num_cat=0
split_feature=7 0 2 0 2 0 8 7 8 7 6 7 7 0 8 8 6 2 4 3 7 8 8 7 8 8 8 8 8 8
split_gain=16.4171 14.2324 21.0757 7.84873 9.10448 6.89885 6.28739 5.84575 4.44157 5.30239 4.36758 3.77317 3.54113 3.91261 3.29024 5.52542 3.27095 3.02402 4.68774 3.48551 2.60394 2.92945 9.66118 5.39776 10.1761 3.55546 2.49472 5.68964 4.97512 3.8563
threshold=0.87473695000000007 83.500000000000014 4.5000000000000009 117.50000000000001 6.5000000000000009 99.500000000000014 1.6712448535000004 0.97430084000000006 0.91580697650000009 0.81406633500000003 1.5000000000000002 1.1496716780000003 1.2132531175000001 44.500000000000007 1.0000014820000003 1.0519316795000002 1.0000000180025095e-35 1.5000000000000002 0.91797401009845758 -12.024442542499999 1.1522298355000002 1.0143242110000001 1.0771584090000001 1.0758004030000003 1.2805315585000001 1.2891002410000001 0.86540467600000015 0.99846873800000002 1.0372372480000003 1.1022741300000003
decision_type=2 2 2 2 2 2 2 2 2 2 2 2 2 2 2 2 2 2 10 2 2 2 2 2 2 2 2 2 2 2
left_child=8 2 6 4 11 -6 10 -4 9 -1 12 14 13 17 16 -16 -3 20 19 -19 21 -2 -23 25 -25 -24 -15 -28 -29 -30
right_child=1 3 7 -5 5 -7 -8 -9 -10 -11 -12 -13 -14 26 15 -17 -18 18 -20 -21 -22 22 23 24 -26 -27 27 28 29 -31
leaf_value=-0.0053562634176816601 -0.0012296082222169635 0.0033003708731486336 -0.0079933276311551886 0.021098319329818024 -0.0065090163464116974 -0.00082745952671043016 0.0020279368464175248 -0.0030368770193594089 -0.00052950780891367478 -0.0035489223831960239 -0.002199001469787716 0.0052971724984485838 0.0011208809042166695 -0.0023175039050810802 -0.002896623753057066 0.00079176623646629431 0.00081731393377913557 -0.0013670292348908794 -9.3249190770407637e-05 -0.003958615005924127 -0.0020692152054786585 0.0021312901575241826 -0.0017343588846745269 0.0028837516205499673 -0.0010298214658405948 0.00013354102270642668 0.001472630704726081 -0.0020353982867315854 0.0010726365439170918 -0.00040790095455801834
leaf_weight=5947 23841 10537 5944 4586 4837 13705 7281 10176 4565 10244 13223 5670 7361 4716 6255 28964 16639 7159 7301 6457 6015 8008 20131 5925 8822 7158 13745 7053 8759 40968
leaf_count=5947 23841 10537 5944 4586 4837 13705 7281 10176 4565 10244 13223 5670 7361 4716 6255 28964 16639 7159 7301 6457 6015 8008 20131 5925 8822 7158 13745 7053 8759 40968
internal_value=-0.000328348 -0.000237534 -0.000455197 0.00028767 0.000180863 -0.000801209 -0.000317589 -0.00219535 -0.00168971 -0.00207798 -0.000371021 0.000448434 -0.000307731 -0.000352659 0.000336137 1.71746e-05 0.000749419 -0.000556279 -0.00109144 -0.00163938 -0.00041612 -0.00033462 -0.000117286 -0.000420543 0.000350121 -0.000836998 -7.98061e-05 -5.31808e-06 -0.000226293 -4.9969e-05
internal_weight=331992 311236 220043 91193 86607 18542 203923 16120 20756 16191 196642 68065 183419 176058 62395 35219 27176 100817 20917 13616 79900 73885 50044 42036 14747 27289 75241 70525 56780 49727
internal_count=331992 311236 220043 91193 86607 18542 203923 16120 20756 16191 196642 68065 183419 176058 62395 35219 27176 100817 20917 13616 79900 73885 50044 42036 14747 27289 75241 70525 56780 49727
is_linear=0
shrinkage=0.05


Tree=59
num_leaves=31
num_cat=0
split_feature=7 0 6 9 3 0 0 8 7 5 9 0 7 3 5 7 7 8 7 7 7 0 7 7 8 7 8 8 8 8
split_gain=14.8531 12.2039 12.0052 6.67814 6.61402 5.71847 4.68332 4.55239 3.2588 3.21997 3.21251 2.91727 2.82082 2.52383 3.39317 3.22109 3.982 3.88345 4.33683 3.54012 3.81575 2.7111 2.34253 2.30495 2.8318 5.06752 3.70262 2.92729 3.01751 3.72258
threshold=0.84552124650000016 98.500000000000014 1.5000000000000002 6.5000000000000009 -22.230084205999997 59.500000000000007 62.500000000000007 1.2844305810000003 1.2132531175000001 27.500000000000004 37.500000000000007 115.50000000000001 0.93454038750000012 -4.6680788494999996 12.500000000000002 0.9225350630000001 0.94667231500000015 1.1970158730000002 1.0172596405000001 1.0575228460000001 1.0812419045000001 40.500000000000007 0.97346863700000008 1.1249927920000002 1.2650961850000002 1.0584166585000003 1.1640513860000004 1.0995788130000002 1.0396849785000002 0.99846873800000002
decision_type=2 2 2 2 2 2 2 2 2 2 2 2 2 2 2 2 2 2 2 2 2 2 2 2 2 2 2 2 2 2
left_child=5 2 4 -3 10 -1 8 11 13 23 12 -5 -2 14 -6 -15 -17 -18 -19 -20 -21 -16 -4 24 26 -26 27 28 29 -8
right_child=1 3 22 7 6 -7 9 -9 -10 -11 -12 -13 -14 15 21 16 17 18 19 20 -22 -23 -24 -25 25 -27 -28 -29 -30 -31
leaf_value=-0.0049918553227064327 -0.0036016953415019337 -0.0039546694003182734 -0.0045252366660597189 0.00082542113803278974 -0.00060931984715035799 -0.0022332736409182738 0.00036302138977177008 0.0071122949681798053 0.0010088949632325553 0.0029960132680092264 -8.2155029580425242e-05 0.009229584685532503 -0.0020213056652856362 0.0015280386555890893 -0.0023270126368579009 -0.0025971465175481201 0.00012607825282524396 -0.0024697316005817338 0.000770991623471342 -0.0031215375209906124 -0.00060834047161511867 -0.0011172780445611063 -0.0020145504530102872 0.0017320522785863363 0.0004598545207866588 -0.0027942502011582136 0.0021206761360255725 -0.0022640834464559799 0.001658201190468257 -0.0021679740364498254
leaf_weight=6448 6251 7015 8930 34125 32839 5183 16581 5675 8599 4847 6363 7051 15118 8371 7461 5137 39792 4849 6879 4956 21558 7957 15889 8821 5035 4798 8014 6301 6119 5118
leaf_count=6448 6251 7015 8930 34125 32839 5183 16581 5675 8599 4847 6363 7051 15118 8371 7461 5137 39792 4849 6879 4956 21558 7957 15889 8821 5035 4798 8014 6301 6119 5118
internal_value=-0.000333952 -0.000270227 -0.000408928 0.000416178 -0.000301405 -0.00208878 -0.000207255 0.000631615 -0.000362797 0.000144425 -0.00102787 0.000448507 -0.00132147 -0.000420912 -0.000713502 -0.00026664 -0.000360742 -0.000271917 -0.000631685 -0.00042862 -0.000690827 -0.00132529 -0.00145605 4.54818e-05 -8.13927e-05 -0.000845193 9.69422e-05 -0.000130261 9.02119e-05 -0.000186372
internal_weight=332080 320449 266583 53866 241764 11631 214032 46851 148398 65634 27732 41176 21369 139799 48257 91542 83171 78034 38242 33393 26514 15418 24819 60787 51966 9833 42133 34119 27818 21699
internal_count=332080 320449 266583 53866 241764 11631 214032 46851 148398 65634 27732 41176 21369 139799 48257 91542 83171 78034 38242 33393 26514 15418 24819 60787 51966 9833 42133 34119 27818 21699
is_linear=0
shrinkage=0.05


Tree=60
num_leaves=31
num_cat=0
split_feature=4 4 0 8 0 6 9 8 0 3 4 9 8 8 8 8 4 8 4 8 8 9 4 3 3 8 8 8 4 5
split_gain=13.9143 11.3369 10.0952 8.23818 7.46756 5.00437 4.97413 3.9649 3.13698 2.95536 3.44004 3.14736 2.81817 3.57756 4.52385 3.64406 3.45007 5.3974 4.20116 2.5805 2.5323 2.52171 2.14918 2.10095 1.59838 1.43972 1.41688 3.15994 1.90999 1.35797
threshold=0.59421509617575907 1.7688405962482279 117.50000000000001 0.8314545940000001 52.500000000000007 1.5000000000000002 7.5000000000000009 1.6117187765000003 109.50000000000001 -12.712897638499998 0.42848698758069387 25.500000000000004 1.3109496115000001 0.93834529050000015 0.99361192700000012 0.91760223650000017 1.1723427985227428 1.0420770275000002 1.2683093142931223 1.4435879295000003 0.90015274200000006 34.500000000000007 0.9273945603857191 -4.6680788494999996 -8.0036416279999987 1.0923965605000003 1.0995788130000002 1.1557926060000001 0.93946759895606491 16.500000000000004
decision_type=8 10 2 2 2 2 2 2 2 2 10 2 2 2 2 2 10 2 10 2 2 2 10 2 2 2 2 2 10 2
left_child=3 2 4 -1 5 20 24 8 12 10 -5 -12 13 15 21 29 17 22 -18 -14 23 -15 -16 -2 -6 -10 28 -28 -19 -8
right_child=1 -3 -4 9 6 -7 7 -9 25 -11 11 -13 19 14 16 -17 18 26 -20 -21 -22 -23 -24 -25 -26 -27 27 -29 -30 -31
leaf_value=-0.0062224853083210265 -0.0033216683158832807 0.0043775638834655595 0.020491386459602044 -0.0046896491809738303 -0.0043465803491222 -0.002803588073434643 -0.0010672292055287972 0.0029338068056156828 0.0014149835361301165 -0.00049742942212845965 -0.0023835543356903952 0.00030495086206606243 -0.0019288655151369315 0.00083398709180681303 -0.0028718037133410282 -0.0029097830210922555 0.0033329101917922615 0.0015160049776687316 -0.00019863174789152354 0.00018290455006793048 -0.00061405633920505844 0.003948694151694211 -0.0004173308176310283 -0.0015339646175924534 -0.0011722377624673605 0.0064566942647059887 -0.001934322725635357 0.00047047135291943616 -0.00022417682492207984 0.00059506961170424047
leaf_weight=7468 4842 5078 4700 5042 6562 8257 18439 4769 11395 15710 9295 4726 11654 8346 6753 4617 6175 5584 7931 6795 95040 5128 5025 7818 7716 4575 8938 19748 4820 8765
leaf_count=7468 4842 5078 4700 5042 6562 8257 18439 4769 11395 15710 9295 4726 11654 8346 6753 4617 6175 5584 7931 6795 95040 5128 5025 7818 7716 4575 8938 19748 4820 8765
internal_value=-0.000327706 -0.000203991 -0.00024582 -0.00117538 -0.000284452 -0.000591445 -6.70282e-05 1.8164e-05 -2.86135e-05 -0.000851545 -0.00126993 -0.000866606 -0.000110626 -1.49186e-05 0.000166468 -0.000462045 -6.46482e-06 -0.000198338 0.00068528 -0.000682509 -0.000500442 0.00100007 -0.00113638 -0.00116463 -0.000958483 0.000632237 8.44086e-05 -9.68957e-05 0.000584109 -0.000241465
internal_weight=331711 289470 284392 42241 279692 115957 163735 149457 144688 34773 19063 14021 128718 110269 78448 31821 64974 50868 14106 18449 107700 13474 11778 12660 14278 15970 39090 28686 10404 27204
internal_count=331711 289470 284392 42241 279692 115957 163735 149457 144688 34773 19063 14021 128718 110269 78448 31821 64974 50868 14106 18449 107700 13474 11778 12660 14278 15970 39090 28686 10404 27204
is_linear=0
shrinkage=0.05


Tree=61
num_leaves=31
num_cat=0
split_feature=4 3 3 9 0 2 0 7 0 2 3 3 3 5 7 4 7 3 7 7 2 7 5 7 2 7 7 4 7 0
split_gain=13.4751 10.4256 9.12519 8.10326 7.76826 8.81383 6.42603 5.19488 4.96108 5.78548 4.21334 3.95498 5.50117 2.918 2.80937 2.49099 2.43859 3.28538 3.63743 2.49923 2.76325 2.62818 3.1425 2.65495 2.40057 2.31308 2.19606 2.18509 2.48266 1.99609
threshold=0.50605770383338944 -16.674830226999998 57.332769702000007 9.5000000000000018 100.50000000000001 4.5000000000000009 69.500000000000014 0.9543694155000001 50.500000000000007 1.5000000000000002 -5.6146964444999989 -4.3715272484999987 -14.984457359999999 12.500000000000002 1.0320909540000003 0.4142750846076762 0.98106093850000009 12.197383963500002 0.93807215200000005 1.1249927920000002 2.5000000000000004 1.0896763150000002 18.500000000000004 1.0142381880000002 2.5000000000000004 0.97631804550000012 0.93036914000000015 1.2139762453930534 0.98398051450000013 111.50000000000001
decision_type=8 2 2 2 2 2 2 2 2 2 2 2 2 2 2 10 2 2 2 2 2 2 2 2 2 2 2 10 2 2
left_child=1 15 3 10 5 8 -7 -8 9 13 -2 12 -11 -5 26 -1 17 18 24 21 -21 22 -18 -24 -10 -6 -15 28 -28 -27
right_child=2 -3 -4 4 25 6 7 -9 16 11 -12 -13 -14 14 -16 -17 19 -19 -20 20 -22 -23 23 -25 -26 29 27 -29 -30 -31
leaf_value=-0.0081040878121531792 -0.0031282225883349558 -0.00071909945663236794 0.0084726017107492387 0.00063328199843920476 5.7835731108370626e-05 -0.0061282230272336957 -0.0039773624806741254 -0.00051478690375320957 0.00086466587327349098 -0.00027858888159865321 -0.00099007210387377334 -0.00055869377067043564 -0.0028471378361292409 0.00035206782371495515 5.3808518631110115e-05 -0.0036873595275595454 -0.00059491292976304245 0.0039452485390904417 0.0013439814453109927 0.0027294160778392877 -0.00029006939179460561 -0.0014029411899329823 -0.00076842064296496081 0.0022323167729286649 -0.0014515982745578917 0.0014378375543948288 -0.0030803830914822587 -0.00018862987603880134 -0.00099756081371998656 0.0072277816417729811
leaf_weight=5196 16793 14987 5210 17096 12957 4594 6233 16294 5120 5414 37163 12743 11340 4959 23284 6309 27734 4908 11227 6567 6467 7795 4559 9268 8751 14681 4800 4539 6338 8463
leaf_count=5196 16793 14987 5210 17096 12957 4594 6233 16294 5120 5414 37163 12743 11340 4959 23284 6309 27734 4908 11227 6567 6467 7795 4559 9268 8751 14681 4800 4539 6338 8463
internal_value=-0.00031705 -0.00139865 -0.000223174 -0.000259205 -0.000137547 -0.000254006 -0.00109508 -0.000747161 -0.00012927 -0.000392354 -0.000814108 -0.000967224 -0.00147205 -0.000114388 -0.000330109 -0.00253041 0.000128461 0.000498816 0.000267298 -4.96847e-05 0.000565993 -0.000212315 -5.42523e-05 0.000561378 -0.000274216 0.000539937 -0.00075481 -0.00104483 -0.00142152 0.000839344
internal_weight=331789 26492 305297 300087 246131 210030 27121 22527 182909 90513 53956 29497 16754 61016 43920 11505 92396 30006 25098 62390 13034 49356 41561 13827 13871 36101 20636 15677 11138 23144
internal_count=331789 26492 305297 300087 246131 210030 27121 22527 182909 90513 53956 29497 16754 61016 43920 11505 92396 30006 25098 62390 13034 49356 41561 13827 13871 36101 20636 15677 11138 23144
is_linear=0
shrinkage=0.05


Tree=62
num_leaves=31
num_cat=0
split_feature=7 0 2 0 2 9 7 0 2 0 7 7 0 7 8 8 8 7 7 7 2 7 8 2 8 8 2 7 7 9
split_gain=12.2876 10.0794 19.4922 7.75861 6.87785 5.79812 5.76496 5.5898 5.492 5.1518 5.04998 3.37425 3.31215 3.25666 3.15603 4.90402 5.90698 4.80042 6.43355 4.70073 7.1514 3.89657 3.39327 3.14358 3.11587 7.01511 3.19764 2.90872 2.86028 2.91246
threshold=0.84552124650000016 95.500000000000014 4.5000000000000009 63.500000000000007 6.5000000000000009 5.5000000000000009 1.2646002265000003 68.500000000000014 2.5000000000000004 60.500000000000007 1.1164245220000002 0.95332521050000008 41.500000000000007 1.1325404125000003 0.86166882900000008 1.0052361115000001 1.0663997850000002 1.0744235155000001 1.0934611560000003 1.0046301695000002 1.0000000180025095e-35 1.1182239370000002 1.3572194490000002 1.5000000000000002 0.90015274200000006 0.9749352160000001 3.5000000000000004 1.0473717320000002 1.0825141075000002 57.500000000000007
decision_type=2 2 2 2 2 2 2 2 2 2 2 2 2 2 2 2 2 2 2 2 2 2 2 2 2 2 2 2 2 2
left_child=9 2 6 -4 11 -3 7 8 12 -1 24 -5 14 28 -2 -16 -17 19 -19 20 -18 -20 -23 -14 -10 -26 -27 -7 29 -9
right_child=1 5 3 4 -6 27 -8 13 10 -11 -12 -13 23 -15 15 16 17 18 21 -21 -22 22 -24 -25 25 26 -28 -29 -30 -31
leaf_value=-0.0044900718851857155 0.0013612241055878094 -0.0044045778192603469 -0.0086722155057830912 -0.0034668200416543161 -0.0070613081176615832 0.00082289880013139893 0.003098458708406469 0.0001398567861664681 -0.0033630710809783547 -0.0017002815992196545 -0.0035258922429191285 -0.00068379478444196521 -0.00041507585981603558 0.0031344964342273039 -0.0016281191280473246 0.0012974573403922887 0.0011908267429967751 0.0021224879040585816 -0.0019345920897644441 -0.0019073249530603136 -0.0018285181150642334 0.0014203831929032644 -0.00081546222506876948 0.0011028817606409138 0.0025765585896607543 -0.001586501961335955 0.00020388069187913017 0.0040035302714258357 -0.0012000156223493626 0.0029276990709612605
leaf_weight=6539 6404 6193 5042 4881 5565 40012 5322 31823 5398 5093 4671 14047 19497 5737 22171 9973 6565 5289 6136 20204 7393 7111 10199 18966 4599 14203 6035 15853 6316 4723
leaf_count=6539 6404 6193 5042 4881 5565 40012 5322 31823 5398 5093 4671 14047 19497 5737 22171 9973 6565 5289 6136 20204 7393 7111 10199 18966 4599 14203 6035 15853 6316 4723
internal_value=-0.000286778 -0.000228794 -0.000366277 -0.00157498 -0.00120683 0.00034336 -0.000210174 -0.000248929 -0.000380795 -0.00188279 -0.000941825 -0.000752127 -0.000240794 0.000225392 -0.000390588 -0.000462988 -0.000264838 -0.000444105 3.21839e-05 -0.000844676 -0.00013894 -0.000323228 6.06399e-05 0.000154283 -0.000705193 -0.000468361 -0.000868944 0.000504294 7.55814e-05 0.000245409
internal_weight=331960 320328 258270 29535 24493 62058 228735 223413 174814 11632 34906 18928 139908 48599 101445 95041 72870 62897 28735 34162 13958 23446 17310 38463 30235 24837 20238 55865 42862 36546
internal_count=331960 320328 258270 29535 24493 62058 228735 223413 174814 11632 34906 18928 139908 48599 101445 95041 72870 62897 28735 34162 13958 23446 17310 38463 30235 24837 20238 55865 42862 36546
is_linear=0
shrinkage=0.05


Tree=63
num_leaves=31
num_cat=0
split_feature=7 6 0 4 2 0 2 0 7 7 7 7 0 7 9 7 7 2 4 5 7 5 4 7 7 7 7 7 9 4
split_gain=11.6346 8.59168 9.24662 6.67188 5.66172 6.93036 8.63289 4.3879 4.08426 4.04742 3.53507 7.02368 3.38293 2.87212 2.92495 2.82744 3.4555 3.40956 5.41497 3.20251 2.82501 2.52752 2.23596 2.3891 5.62228 1.97786 4.35247 3.89679 3.14667 2.16428
threshold=0.81406633500000003 1.5000000000000002 113.50000000000001 1.7688405962482279 6.5000000000000009 69.500000000000014 3.5000000000000004 98.500000000000014 0.95516812250000005 0.97690684250000015 1.0758004030000003 1.0906577955000001 51.500000000000007 1.1201095380000001 18.500000000000004 0.99967947350000008 0.99019905000000008 1.0000000180025095e-35 0.93343866468483183 16.500000000000004 1.0310529730000002 8.5000000000000018 0.36763814755456808 0.95813489450000011 0.94443998950000008 1.1325404125000003 1.0731915865000003 1.0463138475000002 56.500000000000007 1.1404681068890747
decision_type=2 2 2 10 2 2 2 2 2 2 2 2 2 2 2 2 2 2 10 2 2 2 10 2 2 2 2 2 2 10
left_child=-1 2 3 4 5 6 10 -6 21 -8 15 -12 -10 14 -13 16 22 19 -19 -17 -20 -3 -2 24 -24 26 27 28 -7 -28
right_child=1 8 -4 -5 7 25 9 -9 12 -11 11 13 -14 -15 -16 17 -18 18 20 -21 -22 -23 23 -25 -26 -27 29 -29 -30 -31
leaf_value=-0.0040435552868042192 -0.0021091222083682703 -0.00664765618843631 0.0082534949783799692 0.003566802904928547 -0.0058290252347359354 -8.8270882714562517e-05 -0.0052838368924032746 -0.0015044002380159259 -0.0022161907052839639 -0.0016982346720738164 0.0023604554348812035 -5.6175821004846385e-06 -0.00067869646656465053 0.0001507487350382881 -0.0021208015398297385 -0.0011289854778401343 0.001194636657493915 -0.0017768474620792581 -0.00081094818626932768 -0.0037730523087808748 0.001474491052636932 -0.0029094279383781348 -0.00047356421792536416 -0.00088600892586141421 0.0018465500795676335 0.0018407916205143886 -0.00043921439755911014 0.0024777628360870231 0.002426513923213143 -0.0031393219145105567
leaf_weight=6499 5264 4673 10036 4721 4591 49685 5713 6380 7875 8148 7162 5529 19928 27978 6136 11138 6144 16040 7068 5022 9300 6934 26542 18006 6781 9727 8477 8697 6844 4839
leaf_count=6499 5264 4673 10036 4721 4591 49685 5713 6380 7875 8148 7162 5529 19928 27978 6136 11138 6144 16040 7068 5022 9300 6934 26542 18006 6781 9727 8477 8697 6844 4839
internal_value=-0.000296146 -0.000254286 -0.000158897 -0.00021313 -0.00024558 -0.00019866 -0.000383514 -0.00135796 -0.000946341 -0.00157976 -0.000278596 8.59847e-05 -0.00061727 -0.000174411 -0.000833335 -0.000431903 -0.000210148 -0.000718301 -0.000422363 -0.00131148 0.00021743 -0.00173398 -0.000332433 -0.000231719 1.90519e-05 0.000161485 7.81686e-05 0.000246354 9.47206e-05 -0.000745441
internal_weight=331877 325378 285968 275932 271211 260240 171971 10971 39410 13861 158110 46805 27803 39643 11665 111305 62737 48568 32408 16160 16368 11607 56593 51329 33323 88269 78542 65226 56529 13316
internal_count=331877 325378 285968 275932 271211 260240 171971 10971 39410 13861 158110 46805 27803 39643 11665 111305 62737 48568 32408 16160 16368 11607 56593 51329 33323 88269 78542 65226 56529 13316
is_linear=0
shrinkage=0.05


Tree=64
num_leaves=31
num_cat=0
split_feature=4 2 0 2 7 7 2 2 7 0 2 7 4 7 7 8 8 4 7 8 7 8 7 4 8 0 8 7 7 2
split_gain=11.5578 8.6095 7.38974 11.1187 8.67047 8.3447 6.76951 6.00836 4.55335 4.53938 5.89878 4.76173 4.50456 3.37279 3.29135 4.43916 13.2651 4.67871 3.98565 3.92978 3.2778 9.02694 4.43809 4.55324 3.2375 3.22637 2.78132 4.01571 3.94937 2.66203
threshold=0.53239370807584052 4.5000000000000009 79.500000000000014 3.5000000000000004 0.95516812250000005 1.0838404605000003 4.5000000000000009 7.5000000000000009 0.94314624850000006 47.500000000000007 1.5000000000000002 1.2082677355000002 0.91491076494873913 1.1496716780000003 1.1522298355000002 1.0169589225000002 1.0771584090000001 0.76943089093853934 0.97175424950000011 0.89296422700000011 1.0758004030000003 1.2992437430000001 0.96530230600000011 1.1140857223410625 0.99361192700000012 109.50000000000001 1.3838021630000001 1.1368902595000001 0.98009628400000015 1.0000000180025095e-35
decision_type=8 2 2 2 2 2 2 2 2 2 2 2 10 2 2 2 2 8 2 2 2 2 2 8 2 2 2 2 2 2
left_child=1 8 3 9 -5 6 -6 13 -1 10 11 14 24 -4 15 17 -17 -2 19 -19 22 -22 -18 29 -12 -9 28 -28 -11 -24
right_child=2 -3 7 4 5 -7 -8 25 -10 26 12 -13 -14 -15 -16 16 20 18 -20 -21 21 -23 23 -25 -26 -27 27 -29 -30 -31
leaf_value=-0.0029500558120224073 0.00053223673569156339 -0.0079182859868756044 0.00051141818853401232 -0.0050664345298640188 0.0014361573970981807 -0.0040775194145760089 -0.0033786680393945267 -0.0064994194320773498 -0.00055263344421853497 0.0008582594542474039 -0.00059532032055491333 0.002220325447661391 -0.00049700482959974882 0.0042777439559843547 -0.0020900523368378924 0.0029181944542898842 0.0012410546554174771 -0.0016301307456698076 -0.00040648085779346243 -0.0038806683195847383 0.0025582198630371847 -0.0010716077638339269 -0.0013692827418091231 -0.0029019662733483771 -0.0026367752825573114 -0.0011896481139773143 -8.8230288646142646e-05 0.0037982927241613572 -0.00058351709122483441 0.00070297925714960115
leaf_weight=8343 5961 5652 87450 8030 8417 5062 6296 4725 16712 17997 5062 5807 12694 6914 5611 6857 4584 4590 7354 5293 6102 7867 6384 7823 11407 5740 5453 4997 30966 6083
leaf_count=8343 5961 5652 87450 8030 8417 5062 6296 4725 16712 17997 5062 5807 12694 6914 5611 6857 4584 4590 7354 5293 6102 7867 6384 7823 11407 5740 5453 4997 30966 6083
internal_value=-0.000259047 -0.00118309 -0.000164926 -0.000345626 -0.00127203 -0.000709051 -0.000106334 0.000174131 -0.000785117 -0.000193077 -0.00038403 -0.000162848 -0.000993042 0.000300203 -0.000270353 -0.000175465 0.00011049 -0.000738699 -0.00115619 -0.00181179 -0.000247504 0.00036532 -0.000591665 -0.000909092 -0.00153849 -0.000962274 0.000158789 0.00089909 7.13561e-07 -0.000315508
internal_weight=332233 30707 301526 196697 27805 19775 14713 104829 25055 168892 109479 80316 29163 94364 74509 68898 45700 23198 17237 9883 38843 13969 24874 20290 16469 10465 59413 10450 48963 12467
internal_count=332233 30707 301526 196697 27805 19775 14713 104829 25055 168892 109479 80316 29163 94364 74509 68898 45700 23198 17237 9883 38843 13969 24874 20290 16469 10465 59413 10450 48963 12467
is_linear=0
shrinkage=0.05


Tree=65
num_leaves=31
num_cat=0
split_feature=7 6 0 3 4 0 7 9 3 7 0 8 8 7 7 8 7 8 7 0 7 7 8 8 7 7 7 8 7 6
split_gain=9.76108 8.61468 7.6626 4.45364 3.84194 3.6793 3.0152 2.96254 2.91739 2.65214 2.6466 2.80596 10.006 3.17534 2.59393 2.12008 3.49473 2.0788 1.91911 1.79997 1.66771 4.56436 3.22429 6.36936 3.30669 2.6544 8.74304 6.1094 4.54769 2.33847
threshold=0.81406633500000003 1.5000000000000002 97.500000000000014 -22.230084205999997 0.47693509215705504 86.500000000000014 1.2646002265000003 35.500000000000007 -20.309445161999996 1.0473717320000002 64.500000000000014 1.2650961850000002 1.2097847630000003 0.9225350630000001 0.93036914000000015 0.99361192700000012 0.98628077500000011 1.3938727930000001 1.0028781850000004 108.50000000000001 1.0758004030000003 1.0906577955000001 1.1640513860000004 1.3109496115000001 1.1795612660000001 1.0423911465000002 1.0310529730000002 1.2237114120000003 1.0205589460000002 1.0000000180025095e-35
decision_type=2 2 2 2 10 2 2 2 2 2 2 2 2 2 2 2 2 2 2 2 2 2 2 2 2 2 2 2 2 2
left_child=-1 2 3 4 -2 8 10 14 -3 15 20 12 13 -12 -6 16 -4 -13 -7 -11 25 -22 -23 -24 -25 26 28 -27 29 -5
right_child=1 5 9 6 7 18 -8 -9 -10 19 11 17 -14 -15 -16 -17 -18 -19 -20 -21 21 22 23 24 -26 27 -28 -29 -30 -31
leaf_value=-0.0038182810043066052 -0.0042782728612291415 -0.0061524560407404724 0.00043019361853475005 -0.00018157257688308922 -0.0029480952666906301 -0.0027615248322542495 0.0021236463966370755 0.00036088694340609894 -0.0017064347653256231 0.0017586295980770751 0.0020721813270014803 -0.0019154176028506012 0.0060444487352461712 -0.00026096585821294992 -0.0010632276540261003 -0.00080549436756802237 0.0066957395710764067 0.00028375849884975285 0.00083066219055692638 0.0089757690533408905 0.0015480082309955435 -0.0019444548522158712 0.001342631878230444 -0.0015728501909231974 0.00036214321452489122 -0.00024086023510071588 0.002104231023596284 -0.0027046426017840711 -0.0019280252298905125 -0.0011061284255519455
leaf_weight=6508 4694 4722 13263 48920 4515 11683 5153 7016 16076 7335 5485 8081 4660 33705 12179 11698 5609 7319 6781 5460 7201 4666 9871 14095 7737 9751 6878 8706 6537 26028
leaf_count=6508 4694 4722 13263 48920 4515 11683 5153 7016 16076 7335 5485 8081 4660 33705 12179 11698 5609 7319 6781 5460 7201 4666 9871 14095 7737 9751 6878 8706 6537 26028
internal_value=-0.000262115 -0.0002238 -0.000128627 -0.000237808 -0.000826148 -0.00091833 -0.000159989 -0.000567153 -0.00137432 0.000483628 -0.000189369 9.36618e-05 0.00029757 3.69933e-05 -0.000929398 0.000230579 0.00055835 -0.000486856 -0.000404463 0.00108789 -0.000300876 -4.01618e-05 -0.000267912 -8.72032e-05 -0.000563723 -0.000407209 -0.000293263 -0.000952498 -0.000437785 -0.000327406
internal_weight=332332 325824 286562 243197 28404 39262 214793 23710 20798 43365 209640 59250 43850 39190 16694 30570 18872 15400 18464 12795 150390 43570 36369 31703 21832 106820 88363 18457 81485 74948
internal_count=332332 325824 286562 243197 28404 39262 214793 23710 20798 43365 209640 59250 43850 39190 16694 30570 18872 15400 18464 12795 150390 43570 36369 31703 21832 106820 88363 18457 81485 74948
is_linear=0
shrinkage=0.05


Tree=66
num_leaves=31
num_cat=0
split_feature=5 1 2 8 1 2 8 2 1 2 3 8 1 7 5 7 8 8 7 7 7 8 8 7 8 8 8 2 2 8
split_gain=10.947 7.82005 10.135 6.04322 4.46944 4.54943 4.00162 3.70982 3.65454 4.30301 3.57215 3.56968 3.12548 2.92548 2.89035 3.97776 2.78318 4.64867 5.41701 2.7501 2.91514 2.85732 7.87219 3.30816 4.50615 3.13908 3.08163 2.63565 2.25103 2.14245
threshold=7.5000000000000009 31.500000000000004 5.5000000000000009 0.94024695500000022 2.5000000000000004 6.5000000000000009 0.77793374000000004 4.5000000000000009 76.500000000000014 1.5000000000000002 1.2992136975000002 0.99361192700000012 16.500000000000004 0.86446267950000011 26.500000000000004 0.98203505650000011 0.86540467600000015 1.0237742465000002 0.94667231500000015 1.2082677355000002 1.1460201665000003 1.0143242110000001 1.0771584090000001 1.0758004030000003 1.2992437430000001 0.88978217450000008 1.2922678700000001 1.0000000180025095e-35 4.5000000000000009 0.99361192700000012
decision_type=2 2 2 2 2 2 2 2 2 2 2 2 2 2 2 2 2 2 2 2 2 2 2 2 2 2 2 2 2 2
left_child=3 4 6 13 -2 29 -3 8 14 19 11 -11 -7 -1 15 16 -8 18 -18 20 21 25 -23 26 -25 -10 27 -24 -5 -6
right_child=1 2 -4 28 5 12 7 -9 9 10 -12 -13 -14 -15 -16 -17 17 -19 -20 -21 -22 22 23 24 -26 -27 -28 -29 -30 -31
leaf_value=-0.0059728403765048465 0.019856447562579628 -0.0026446529020558206 -0.0054481062666291956 -0.00053488527884910171 0.002051315373179213 -0.00034738455673079391 -0.0012503323450652735 -0.0021122038277510669 0.00065113759819076221 -0.00030124379741390577 0.00012548454580024179 -0.0024834875620570397 -0.0042853308336196381 -0.0025097285440928482 0.0023124683784085994 -0.00033966792561876462 0.00085749580182774331 -4.6155551940558261e-05 0.0039499086874968886 0.0018777601262816319 -0.0020255388364314431 0.0026453254257103923 -0.0023067349911036865 0.0022498963703871354 -0.00052631900680257698 -0.0015774853979257345 0.00044818024922228133 -0.00058828086580700069 -0.0034810000901255808 0.00044453432460172301
leaf_weight=5024 4704 5291 6099 34978 22434 10649 4657 8600 4525 4705 6399 12068 4617 14908 5509 57742 6889 9922 5076 4550 5093 5600 7049 4526 5864 11735 5536 7199 5658 34342
leaf_count=5024 4704 5291 6099 34978 22434 10649 4657 8600 4525 4705 6399 12068 4617 14908 5509 57742 6889 9922 5076 4550 5093 5600 7049 4526 5864 11735 5536 7199 5658 34342
internal_value=-0.000254676 -0.00011902 -0.000287559 -0.000862432 0.000308399 0.000210833 -0.000222633 -0.000183467 -0.000133526 -0.000368811 -0.00094965 -0.001333 -0.000555302 -0.00157546 8.88073e-05 1.6252e-05 0.000522806 0.000758952 0.0014223 -0.000150531 -0.000244785 -0.000132978 0.000116827 -0.000202791 0.000519479 -0.000682448 -0.000582143 -0.000971025 -0.000512538 0.000416864
internal_weight=331948 271380 194634 60568 76746 72042 188535 183244 174644 84849 23172 16773 15266 19932 89795 84286 26544 21887 11965 61677 57127 52034 35774 30174 10390 16260 19784 14248 40636 56776
internal_count=331948 271380 194634 60568 76746 72042 188535 183244 174644 84849 23172 16773 15266 19932 89795 84286 26544 21887 11965 61677 57127 52034 35774 30174 10390 16260 19784 14248 40636 56776
is_linear=0
shrinkage=0.05


Tree=67
num_leaves=31
num_cat=0
split_feature=4 3 3 6 0 2 8 0 4 2 0 2 8 8 2 8 0 7 8 8 7 2 3 7 7 7 8 4 3 8
split_gain=9.62358 8.9763 6.76142 5.59811 5.56075 6.97363 6.25512 4.0114 3.79516 3.20054 2.40795 3.72762 3.94383 2.67468 2.05917 4.15401 2.49324 3.82521 2.96037 4.86699 2.54002 2.38804 2.67392 2.49815 2.42761 2.41361 2.32851 2.30156 2.65545 2.31391
threshold=0.51481931355890931 -17.920236034499997 57.332769702000007 1.5000000000000002 80.500000000000014 4.5000000000000009 0.77793374000000004 50.500000000000007 0.4142750846076762 7.5000000000000009 113.50000000000001 6.5000000000000009 1.2690178225000002 1.4213440125000003 2.5000000000000004 1.2618163615000004 40.500000000000007 0.95813489450000011 0.86832795850000011 0.94232026850000017 1.1249927920000002 1.5000000000000002 -4.3715272484999987 0.95813489450000011 1.2082677355000002 1.1522298355000002 0.98186433550000007 0.93343866468483183 -13.686838875499998 1.0539520960000004
decision_type=8 2 2 2 2 2 2 2 10 2 2 2 2 2 2 2 2 2 2 2 2 2 2 2 2 2 2 10 2 2
left_child=1 8 3 4 5 6 -2 -5 -1 -9 11 12 -6 -14 16 27 18 26 -8 -20 -19 23 -23 -21 25 -25 -18 28 -16 -29
right_child=2 -3 -4 7 10 -7 14 9 -10 -11 -12 -13 13 -15 15 -17 17 20 19 21 -22 22 -24 24 -26 -27 -28 29 -30 -31
leaf_value=-0.0075432824469627126 -0.0032252130372065918 -0.00049699992701786029 0.0073298292123141848 -0.0025015686157968779 0.0010903889111712733 -0.0034538340883230531 0.0018810588227046168 -0.00040537667002079632 -0.0029151616751937749 -0.0079465181079260358 0.0057035847730768493 -0.0024485426060565163 -0.0025935205687508123 0.00077882678593888628 -5.7753413754863549e-05 -0.0018012321595057925 0.00034874116653579629 -0.00031102301712724744 -0.0021698562306505863 0.0011174885961398411 0.0013573034070110284 -0.0022427959937422522 -0.00022361615760025616 -0.00025632772541377461 0.0016839664347390857 -0.0018394230148541643 0.0024662933612449398 -0.00060568406365583711 -0.0018781118277060487 0.0014758010054404021
leaf_weight=4938 4686 16111 5236 8892 49442 8738 4655 21503 6953 5451 9109 8881 6734 4545 12384 9106 5059 30463 7503 8525 8281 4537 4948 42312 5369 5144 5054 4977 7100 5663
leaf_count=4938 4686 16111 5236 8892 49442 8738 4655 21503 6953 5451 9109 8881 6734 4545 12384 9106 5059 30463 7503 8525 8281 4537 4948 42312 5369 5144 5054 4977 7100 5663
internal_value=-0.000236366 -0.00112329 -0.000154732 -0.00018593 -0.000106091 -0.000256195 -0.000187632 -0.000772086 -0.00216501 -0.000468119 0.000245756 0.000145674 0.000285626 -0.000557871 -0.000138237 -0.000456227 -4.36097e-05 0.000239756 -0.000210428 -0.000283243 1.36766e-05 -0.000154928 -0.000893047 -4.07477e-05 -0.000168939 -0.00028297 0.00110545 -0.000173256 -0.000496179 0.000418035
internal_weight=332299 28002 304297 299061 263215 184504 175766 35846 11891 26954 78711 69602 60721 11279 171080 39230 131850 48857 82993 78338 38744 70835 9485 61350 52825 47456 10113 30124 19484 10640
internal_count=332299 28002 304297 299061 263215 184504 175766 35846 11891 26954 78711 69602 60721 11279 171080 39230 131850 48857 82993 78338 38744 70835 9485 61350 52825 47456 10113 30124 19484 10640
is_linear=0
shrinkage=0.05


Tree=68
num_leaves=31
num_cat=0
split_feature=4 3 9 4 0 3 4 6 8 0 4 8 0 8 8 4 4 3 5 8 3 9 8 8 8 8 8 9 8 3
split_gain=7.87532 8.91462 7.34835 7.25202 6.40247 3.31808 3.31634 2.95695 2.63279 2.55909 2.24428 2.11468 2.12176 1.82157 3.29493 3.06828 2.44544 2.40638 2.12638 1.87622 4.12145 2.81204 3.01702 2.36402 1.78902 3.59543 3.69061 2.48179 2.29993 1.76308
threshold=0.51481931355890931 -16.965990684499996 9.5000000000000018 1.6534265709003368 107.50000000000001 -7.8169968154999987 0.42848698758069387 1.5000000000000002 1.0995788130000002 65.500000000000014 0.71998289365542911 0.90015274200000006 29.500000000000004 1.0843950875000001 1.0586509240000002 0.78492537866292544 0.88567449803816112 -6.9415700904999991 9.5000000000000018 1.2618163615000004 14.519103264000002 32.500000000000007 1.1970158730000002 1.1505799880000003 1.2650961850000002 1.1667312910000003 1.134337616 56.500000000000007 1.4435879295000003 -10.917845775499998
decision_type=8 2 2 10 2 2 10 2 2 2 10 2 2 2 2 10 10 2 2 2 2 2 2 2 2 2 2 2 2 2
left_child=1 6 5 4 7 10 -1 9 -6 11 -2 12 -4 14 15 -13 -17 18 -15 21 -21 22 23 -19 25 26 27 -11 -26 -14
right_child=2 -3 3 -5 8 -7 -8 -9 -10 24 -12 13 29 17 -16 16 -18 19 -20 20 -22 -23 -24 -25 28 -27 -28 -29 -30 -31
leaf_value=-0.0064746450698105421 -0.0038785977426177686 -0.00036252353752969611 7.0304850569469549e-05 0.0056109669454919176 0.0016886337840308842 -0.00086192310551907255 -0.0026579821132005337 -0.0016887647063222135 0.00693346443055944 6.2103467186456701e-05 -0.0020067991880228088 0.00078618429668913701 -0.00095087014153474566 -0.00010405913853832543 0.0015976391998784286 -0.0016190145423464961 -0.00023068272211151472 -0.00043447216058800436 -0.0015795775880402567 0.0004985733248316905 -0.0015984959100267576 -0.0024610546802450351 -0.0017675060649469201 0.00208524374607141 -0.0015147910951019928 0.0021319557582775471 -0.0028636207698148593 0.0022838372817436249 0.0005431873826285843 -0.0031024151950692002
leaf_weight=5832 6089 15642 4519 4919 16246 39921 6491 11086 6452 50952 8236 9852 4566 5964 4732 4914 16040 6307 12016 23586 5245 6223 5947 4783 11981 11766 4515 4774 7274 5499
leaf_count=5832 6089 15642 4519 4919 16246 39921 6491 11086 6452 50952 8236 9852 4566 5964 4732 4914 16040 6307 12016 23586 5245 6223 5947 4783 11981 11766 4515 4774 7274 5499
internal_value=-0.000249103 -0.00105202 -0.000175325 -6.09215e-05 -9.90658e-05 -0.000702845 -0.00205751 -0.00018066 0.000700787 -0.000138916 -0.00135555 -0.00029048 -0.000854755 -0.00021252 7.9058e-05 -0.000109702 -0.000451836 -0.000360396 -0.00085905 -0.000188211 8.13208e-05 -0.000522245 -0.000189826 0.00029743 6.06998e-05 0.000175178 1.90042e-05 0.000130447 -0.000367343 -0.00125869
internal_weight=332369 27965 304404 250158 245239 54246 12323 222541 22698 211455 14325 120193 14584 105609 35538 30806 20954 70071 17980 52091 28831 23260 17037 11090 91262 72007 60241 55726 19255 10065
internal_count=332369 27965 304404 250158 245239 54246 12323 222541 22698 211455 14325 120193 14584 105609 35538 30806 20954 70071 17980 52091 28831 23260 17037 11090 91262 72007 60241 55726 19255 10065
is_linear=0
shrinkage=0.05


Tree=69
num_leaves=31
num_cat=0
split_feature=7 2 1 2 1 1 1 2 7 7 5 3 7 3 7 7 7 2 7 7 7 7 3 7 7 7 7 7 7 2
split_gain=8.23752 7.34425 8.61577 10.1409 6.90053 4.98443 4.0804 4.36371 3.92639 3.66718 3.56657 3.26091 2.67106 2.61021 2.27697 2.02362 2.09938 1.87388 3.67344 8.32346 2.10238 3.05165 2.28923 1.86291 3.06482 2.6721 2.74386 4.5642 2.24542 4.52211
threshold=0.81406633500000003 7.5000000000000009 35.500000000000007 4.5000000000000009 57.500000000000007 14.500000000000002 69.500000000000014 1.5000000000000002 0.97430084000000006 1.2082677355000002 25.500000000000004 -2.3632294074999995 1.1496716780000003 -11.796539283499998 1.0054214725000001 1.1522298355000002 1.1201095380000001 3.5000000000000004 1.0251857335000003 0.95516812250000005 0.92120249550000011 1.0758004030000003 1.6085935655000003 1.0951090540000001 1.0758004030000003 1.0575228460000001 1.0310529730000002 1.0126016745000002 0.98398051450000013 1.0000000180025095e-35
decision_type=2 2 2 2 2 2 2 2 2 2 2 2 2 2 2 2 2 2 2 2 2 2 2 2 2 2 2 2 2 2
left_child=-1 2 12 6 8 -3 17 9 -5 10 15 13 -2 14 -9 16 23 20 19 -19 -4 -22 -23 24 25 26 27 28 -8 -30
right_child=1 5 3 4 -6 -7 7 11 -10 -11 -12 -13 -14 -15 -16 -17 -18 18 -20 -21 21 22 -24 -25 -26 -27 -28 -29 29 -31
leaf_value=-0.0032302440865321332 0.0004991472330312316 -0.0029699549948775717 0.0018457587970649514 -0.0045484302106203944 -0.0078058573209699202 -0.0094195474327874468 -0.000529010318565117 -0.0018656011894410277 -0.00034465704601501944 0.0016525475717697866 -0.0026199757414592136 -0.00029975992032944441 0.0044350874892853196 -0.0025002357556847148 0.00028852896384324022 -0.0014365375776559568 0.00087740183453927784 -0.0029843446248272168 -0.0019606713207615534 0.0031342511975280367 -0.0002473502899843715 0.0020156715210369893 0.00037868950683273288 -0.0013016456006197533 0.0016067435603562539 -0.0019886454841573191 0.00099560336274205261 -0.0016806876848204798 0.0015216034364781072 -0.0010393907039548036
leaf_weight=6468 75497 7692 6687 4885 4583 4802 29258 9321 7580 6785 5276 13861 5877 13894 5150 5925 5170 4643 6295 5565 35260 5707 11563 5883 5236 5879 8760 5846 7473 5219
leaf_count=6468 75497 7692 6687 4885 4583 4802 29258 9321 7580 6785 5276 13861 5877 13894 5150 5925 5170 4643 6295 5565 35260 5707 11563 5883 5236 5879 8760 5846 7473 5219
internal_value=-0.000248311 -0.000213192 -0.00016574 -0.00032118 -0.00149475 -0.00140171 -0.000227942 -0.000388871 -0.000884123 -0.000203692 -0.000288281 -0.000812911 0.000276852 -0.00112002 -0.000649697 -0.000209619 -0.000142515 6.73478e-05 -0.000403745 0.00018212 0.000198658 9.23182e-05 0.000636757 -0.000210988 -0.000136756 -0.000234226 -0.000128712 -0.00027782 -9.53414e-05 0.00045995
internal_weight=332040 325572 313078 231704 17048 12494 214656 138936 12465 96710 89925 42226 81374 28365 14471 84649 78724 75720 16503 10208 59217 52530 17270 73554 67671 62435 56556 47796 41950 12692
internal_count=332040 325572 313078 231704 17048 12494 214656 138936 12465 96710 89925 42226 81374 28365 14471 84649 78724 75720 16503 10208 59217 52530 17270 73554 67671 62435 56556 47796 41950 12692
is_linear=0
shrinkage=0.05


Tree=70
num_leaves=31
num_cat=0
split_feature=7 6 4 0 2 0 7 2 2 0 0 2 7 7 7 7 7 4 7 7 3 0 7 2 7 9 2 7 6 0
split_gain=8.23698 7.02087 5.31416 4.35551 10.0673 5.63277 3.55307 3.32289 3.08216 7.13357 2.14988 3.78613 2.01329 7.03901 5.4105 4.17475 5.07739 2.11272 3.17482 2.17239 2.04482 1.72567 1.41098 2.71311 3.93038 1.75646 2.14513 1.97305 2.25351 1.42953
threshold=0.87473695000000007 2.5000000000000004 1.7688405962482279 88.500000000000014 4.5000000000000009 65.500000000000014 1.0061706605000003 7.5000000000000009 3.5000000000000004 49.500000000000007 52.500000000000007 2.5000000000000004 1.0310529730000002 1.0423911465000002 1.0527773555000002 0.99967947350000008 0.98947461550000015 0.76303206761758635 0.92847607600000004 0.94213990150000015 14.519103264000002 115.50000000000001 0.98106093850000009 2.5000000000000004 0.95332521050000008 27.500000000000004 3.5000000000000004 1.0142381880000002 1.0000000180025095e-35 64.500000000000014
decision_type=2 2 10 2 2 2 2 2 2 2 2 2 2 2 2 2 2 10 2 2 2 2 2 2 2 2 2 2 2 2
left_child=8 2 3 4 10 -6 -7 21 9 -1 11 12 15 -14 -15 16 17 19 -19 -2 -16 -5 23 -12 -25 26 -24 -27 29 -29
right_child=1 -3 -4 7 5 6 -8 -9 -10 -11 22 -13 13 14 20 -17 -18 18 -20 -21 -22 -23 25 24 -26 27 -28 28 -30 -31
leaf_value=-0.0025542555448111242 -0.00073311195213496207 -0.0057567306512265959 0.0036165096002425557 0.00051997319111920539 -0.0068436871082873524 -0.0031558574052226876 6.0352058345141551e-05 -0.0032244851283375268 -0.0045101870470581722 0.0017350446090797899 0.0015669999852067169 -0.0014955821409668056 0.0025433697708383963 -0.0022378605671518805 0.00017623813104840471 -0.0014978493704466103 0.001335243266482781 0.000460012930276427 -0.0016768535278970033 0.00070285742077806808 -0.0012786243587120443 0.0078897314060670347 0.0013445621406289244 -0.0011955743122551081 0.0022231771457722105 -0.0015403973948546956 -0.00075637540355692669 -0.00066967423183696194 -0.0013873161698066427 0.00084136798035890049
leaf_weight=8365 7932 6363 4957 59246 4897 8270 6034 8529 7788 4595 8776 16551 5159 4719 41390 17208 5101 6315 15305 8773 5061 6358 10146 7859 4722 8409 6156 7550 6884 12670
leaf_count=8365 7932 6363 4957 59246 4897 8270 6034 8529 7788 4595 8776 16551 5159 4719 41390 17208 5101 6315 15305 8773 5061 6358 10146 7859 4722 8409 6156 7550 6884 12670
internal_value=-0.000237254 -0.00017296 -0.000138649 -0.000165487 -0.000274624 -0.00136963 -0.000867986 0.000167052 -0.00120176 -0.000728887 -0.000172868 -0.000292244 -0.000192062 2.31642e-05 -0.000154373 -0.000391993 -0.000130783 -0.000328073 -0.000654336 9.42537e-05 9.57776e-06 0.000287764 4.49583e-05 0.000386901 -8.38245e-05 -9.60066e-05 0.000333598 -0.000293233 -8.55816e-05 0.000180469
internal_weight=332088 311340 304977 300020 225887 19201 14304 74133 20748 12960 206686 133514 116963 56329 51170 60634 43426 38325 21620 16705 46451 65604 73172 21357 12581 51815 16302 35513 27104 20220
internal_count=332088 311340 304977 300020 225887 19201 14304 74133 20748 12960 206686 133514 116963 56329 51170 60634 43426 38325 21620 16705 46451 65604 73172 21357 12581 51815 16302 35513 27104 20220
is_linear=0
shrinkage=0.05


Tree=71
num_leaves=31
num_cat=0
split_feature=4 3 0 2 0 2 8 2 7 8 8 8 7 3 2 8 7 0 2 3 2 8 7 7 7 7 8 8 7 8
split_gain=7.92841 9.11509 5.31892 4.88405 5.7361 8.54609 6.06649 3.32559 6.41711 4.73904 4.0046 3.97319 5.54238 5.18862 4.14166 4.22049 4.58441 3.0732 3.05469 2.50207 1.98722 3.15742 3.70254 2.44941 7.08177 7.36527 3.31971 7.53593 4.61289 4.35697
threshold=0.42848698758069387 -22.623501473999998 117.50000000000001 7.5000000000000009 63.500000000000007 4.5000000000000009 0.77793374000000004 3.5000000000000004 0.95516812250000005 1.3109496115000001 0.83524822400000009 1.4435879295000003 0.95813489450000011 -5.7697706354999996 1.5000000000000002 1.0995788130000002 1.0423911465000002 106.50000000000001 2.5000000000000004 -9.7033890364999973 2.5000000000000004 1.2304387475000003 0.97536380700000014 1.1182239370000002 1.0934611560000003 1.0758004030000003 1.0820314650000002 1.0143242110000001 0.98628077500000011 1.2763179770000004
decision_type=8 2 2 2 2 2 2 2 2 2 2 2 2 2 2 2 2 2 2 2 2 2 2 2 2 2 2 2 2 2
left_child=1 -1 3 4 5 6 -2 11 10 -10 -9 12 18 -14 -15 -16 -17 -5 -6 -12 23 22 -22 24 25 26 27 -8 -29 -28
right_child=2 -3 -4 17 7 -7 20 8 9 -11 19 -13 13 14 15 16 -18 -19 -20 -21 21 -23 -24 -25 -26 -27 29 28 -30 -31
leaf_value=-0.0071999719439639108 -0.003177154997142414 -0.00077233440084416944 0.016963467852507089 -0.0073576605773653233 0.0025769925252145339 -0.0052433140068035393 -0.00048767084781545217 -4.068279807419742e-05 0.00078019265930451157 -0.0027930322321317435 -0.0015041034654771437 0.002643570838666039 -0.0022343539758484512 -0.0019132736265212913 0.0035521883105391716 -0.0021798721295321457 0.001877042450328511 -0.002288850654016314 0.00094890178974747275 -0.0056736161042333505 -0.0016672449228072803 -0.0019710440871249994 0.00052990570686446171 0.00042520657398998301 -0.0020780868001395165 0.0020338155435850121 -0.001418362922849114 0.00018592239891143995 0.0028837546144277072 0.00019821660482935828
leaf_weight=4661 4686 12866 4855 4767 5442 4519 33342 8692 53774 6334 7938 7124 8242 4970 7622 5131 9252 5830 6213 4537 8878 7735 11636 25184 7930 7066 28181 5992 6005 12810
leaf_count=4661 4686 12866 4855 4767 5442 4519 33342 8692 53774 6334 7938 7124 8242 4970 7622 5131 9252 5830 6213 4537 8878 7735 11636 25184 7930 7066 28181 5992 6005 12810
internal_value=-0.000202037 -0.00123688 -0.00014438 -0.000170123 -0.000132754 -0.000331588 -0.000270776 0.000108259 -9.38127e-05 0.000169846 -0.000842387 0.000412399 0.000245108 -6.77146e-05 0.00026779 0.000562243 5.80333e-05 -0.00122477 0.00118996 -0.00141627 -0.000217074 -0.0005962 -0.000271457 -0.000132397 -0.000242079 -0.000120235 -0.000247294 4.75244e-05 0.0011219 -0.00057335
internal_weight=332214 17527 314687 309832 299235 163964 159445 135271 81275 60108 21167 53996 46872 35217 26975 22005 14383 10597 11655 12475 154759 28249 20514 126510 101326 93396 86330 45339 11997 40991
internal_count=332214 17527 314687 309832 299235 163964 159445 135271 81275 60108 21167 53996 46872 35217 26975 22005 14383 10597 11655 12475 154759 28249 20514 126510 101326 93396 86330 45339 11997 40991
is_linear=0
shrinkage=0.05


Tree=72
num_leaves=31
num_cat=0
split_feature=7 0 9 7 7 0 7 8 9 7 8 8 8 8 9 3 7 8 8 8 8 3 4 7 3 7 7 3 8 7
split_gain=7.49905 5.43606 4.77393 4.14354 4.06384 3.65783 3.41276 5.40807 3.24131 3.14955 3.02881 12.2603 3.23811 2.89815 2.71869 5.74084 3.48667 2.43684 2.398 2.33929 3.07911 3.72969 1.93745 1.89532 1.85238 2.0783 3.85626 2.00864 1.83735 3.52406
threshold=0.84552124650000016 99.500000000000014 6.5000000000000009 1.1229187270000003 1.1092861080000003 54.500000000000007 1.1460201665000003 1.5097159270000002 58.500000000000007 1.2132531175000001 1.4992900485000002 1.4213440125000003 1.3572194490000002 1.3109496115000001 12.500000000000002 -9.1210145509999982 1.0046301695000002 1.3109496115000001 1.2844305810000003 1.1942968215000003 0.95800982700000004 -1.5714841039999998 0.46574743022419068 1.2268644580000003 30.460942040000003 1.0838404605000003 1.071862928 19.877938300000004 0.99361192700000012 0.95516812250000005
decision_type=2 2 2 2 2 2 2 2 2 2 2 2 2 2 2 2 2 2 2 2 2 2 10 2 2 2 2 2 2 2
left_child=5 3 -3 4 8 -1 13 9 10 17 11 12 14 -5 15 16 -2 -8 28 20 21 -17 -16 -9 25 26 27 -24 29 -4
right_child=1 2 18 6 -6 -7 7 23 -10 -11 -12 -13 -14 -15 22 19 -18 -19 -20 -21 -22 -23 24 -25 -26 -27 -28 -29 -30 -31
leaf_value=-0.0036734659087930815 -0.0036419692588858473 -0.0035090344192288238 -0.00043611952585123159 0.0027055059568546727 -0.0017341122452573189 -0.0013184859679452562 -0.00066256739416670272 0.0025532660079671241 0.0014208752956161683 0.00067756336877823446 -0.0019581868586725131 0.003146834059440622 -0.0021098491883501619 0.00022217496380376187 -0.0018807266511300337 0.00027321738161459905 -0.00068143187701414851 -0.0033897296753540294 0.0053992346920166447 -0.0015236602096487509 0.00031241733060618306 -0.0034539915119118549 -0.00030488809125432106 0.00030996155119505377 -0.002588014695355521 -0.0014836674328731767 0.0017999315359643561 0.0017765510913869893 -0.00014471100186770524 0.0044368899157365858
leaf_weight=5894 11875 6850 8362 5465 8028 5745 6477 5779 6925 5192 6247 4573 6913 5863 4790 5256 4902 6777 5273 7765 20967 6255 110068 6240 4565 7782 4793 5298 17465 13440
leaf_count=5894 11875 6850 8362 5465 8028 5745 6477 5779 6925 5192 6247 4573 6913 5863 4790 5256 4902 6777 5273 7765 20967 6255 110068 6240 4565 7782 4793 5298 17465 13440
internal_value=-0.000221712 -0.000176381 0.000294775 -0.000266463 -0.000350695 -0.00146814 0.000191037 -8.45105e-05 -0.000310168 -0.00062219 -0.000344937 -0.000311993 -0.000370192 0.000931791 -0.000332338 -0.000622535 -0.00139942 -0.001031 0.000483779 -0.000298525 -0.00011206 -0.000768931 -0.000211799 0.000740601 -0.000176062 -0.000140725 -8.94207e-05 -0.000147179 0.00034923 0.000655293
internal_weight=331824 320185 51390 268795 227002 11639 41793 30465 218974 18446 212049 205802 201229 11328 194316 57020 16777 13254 44540 40243 32478 11511 137296 12019 132506 127941 120159 115366 39267 21802
internal_count=331824 320185 51390 268795 227002 11639 41793 30465 218974 18446 212049 205802 201229 11328 194316 57020 16777 13254 44540 40243 32478 11511 137296 12019 132506 127941 120159 115366 39267 21802
is_linear=0
shrinkage=0.05


Tree=73
num_leaves=31
num_cat=0
split_feature=7 3 6 0 6 7 0 7 7 7 7 3 7 7 4 7 7 7 7 7 9 7 7 3 4 7 7 7 9 7
split_gain=7.35031 5.63858 5.32307 4.35396 3.37116 3.56414 2.97282 2.43938 3.63136 3.54971 2.54951 2.72904 2.31871 5.20586 2.05834 2.44914 6.09156 2.57091 1.87292 1.6166 1.89142 1.66283 3.04485 3.35519 2.60261 1.59822 1.51415 2.42517 2.51542 1.38375
threshold=0.84552124650000016 57.332769702000007 2.5000000000000004 82.500000000000014 1.0000000180025095e-35 0.90684916650000014 54.500000000000007 0.90085482550000007 0.94667231500000015 0.95813489450000011 0.92120249550000011 -5.7697706354999996 0.97631804550000012 0.98708003850000015 1.5866932268217389 1.0320909540000003 1.0437164150000002 1.0539681675000001 0.99967947350000008 1.1522298355000002 56.500000000000007 1.0028781850000004 1.0769784025000002 11.856961295500001 1.1037822531573624 1.0243316185000002 0.92120249550000011 0.94667231500000015 36.500000000000007 1.0061706605000003
decision_type=2 2 2 2 2 2 2 2 2 2 2 2 2 2 10 2 2 2 2 2 2 2 2 2 10 2 2 2 2 2
left_child=6 2 3 4 7 -6 -1 -2 10 -10 -9 -12 -11 -14 15 18 -17 -18 -15 20 21 26 24 -24 25 -23 -5 -28 -29 -20
right_child=1 -3 -4 19 5 -7 -8 8 9 12 11 -13 13 14 -16 16 17 -19 29 -21 -22 22 23 -25 -26 -27 27 28 -30 -31
leaf_value=-0.0034167427602782609 0.0012162644864469226 0.0065345828904351151 -0.0045529883001426564 0.00097729541806589916 -0.0024721692735617529 -0.0006701077629087432 -0.0014890317357021338 -7.4068307386406798e-05 0.0017834115654677203 -0.0010225318772464707 -0.00084263461894515097 -0.0028827551474069637 0.0021634491802693936 0.00020710614858790715 -0.0020633960224804653 0.0030345190002417388 -0.0014687404048570819 5.1554914655609825e-05 -0.0026908227327145907 0.003101894126536314 0.0020530510540289143 0.0028665226766635111 0.00070521221361948558 -0.0035096710305472902 0.0041334722325691653 -0.00026481252410489822 -0.0028344295431390948 -0.0011468539876215633 0.0015587620031711461 -0.00069416475685128883
leaf_weight=5942 8845 5216 6519 9112 7881 81446 5713 5284 5317 8599 4520 4870 6097 6782 5000 5381 4973 46002 6209 4818 8287 6162 5765 4607 7052 10207 6784 19541 6216 12768
leaf_count=5942 8845 5216 6519 9112 7881 81446 5713 5284 5317 8599 4520 4870 6097 6782 5000 5381 4973 46002 6209 4818 8287 6162 5765 4607 7052 10207 6784 19541 6216 12768
internal_value=-0.000205548 -0.000160649 -0.000187655 -0.000157765 -0.000276937 -0.000513647 -0.00143868 -0.000115078 -0.000173308 -7.22478e-05 -0.000910826 -0.001405 -0.000138044 -6.55472e-05 -0.00016443 -0.000104422 8.01961e-05 -8.87615e-05 -0.000508269 0.000138273 8.69963e-05 8.21606e-06 0.000268802 -0.000444253 0.000584606 0.000238487 -0.000203203 -0.000362719 -0.0001411 -0.000763093
internal_weight=331915 320260 315044 308525 219974 89327 11655 130647 121802 107128 14674 9390 101811 93212 87115 82115 56356 50975 25759 88551 83733 75446 33793 10372 23421 16369 41653 32541 25757 18977
internal_count=331915 320260 315044 308525 219974 89327 11655 130647 121802 107128 14674 9390 101811 93212 87115 82115 56356 50975 25759 88551 83733 75446 33793 10372 23421 16369 41653 32541 25757 18977
is_linear=0
shrinkage=0.05


Tree=74
num_leaves=31
num_cat=0
split_feature=4 9 0 4 0 8 4 8 8 8 7 7 7 8 8 7 8 0 8 7 7 8 4 8 8 7 7 7 8 4
split_gain=6.2386 5.48717 5.13164 4.60758 4.1807 3.24216 2.57328 2.43362 4.83781 7.14851 4.72846 8.81386 3.28576 3.07569 6.89522 3.41671 2.30227 2.15923 2.40977 3.47854 3.30876 7.17311 5.30973 4.0267 4.03057 3.93712 3.05641 2.99888 2.84086 2.23098
threshold=0.51481931355890931 7.5000000000000009 15.500000000000002 1.6534265709003368 110.50000000000001 1.0052361115000001 0.42848698758069387 1.6712448535000004 1.3109496115000001 1.2922678700000001 1.0194998250000002 1.0575228460000001 1.0838404605000003 1.3773010990000001 1.4583205875 1.1707504705000003 1.0995788130000002 75.500000000000014 0.90015274200000006 0.98203505650000011 1.0563097930000003 1.0820314650000002 0.86494791081044597 1.2330254055000003 1.1751955955000002 0.99967947350000008 1.0920774425000002 0.97175424950000011 0.87664883000000005 0.86494791081044597
decision_type=8 2 2 10 2 2 10 2 2 2 2 2 2 2 2 2 2 2 2 2 2 2 10 2 2 2 2 2 2 10
left_child=2 -2 -1 4 7 6 -4 8 9 17 -10 -12 -13 -14 -15 -16 -6 18 28 27 23 -22 -23 24 25 -21 -24 -20 -3 -27
right_child=1 3 5 -5 16 -7 -8 -9 10 -11 11 12 13 14 15 -17 -18 -19 19 20 21 22 26 -25 -26 29 -28 -29 -30 -31
leaf_value=-0.00028091975240115269 -0.0012981855268755632 -0.00067580986003103714 -0.0063723053252991504 0.0043632399121756975 0.0018790344257638215 -0.00065945127718887604 -0.0027659758694705936 0.0013366088497653256 -0.0022742167218443494 0.0028810877203209028 0.0017222164689096931 -0.0032975972635273035 -0.0023495402166012935 0.0010687950403303083 -0.0022405506331756708 -0.00036396418746250628 0.008602119082335536 0.00023405624420948457 0.00011191081040755888 0.00037464370077777654 0.0019962977475627901 -0.0025599212343108586 0.0023457023353374213 -0.0024235967963073227 0.0012886007736833929 -0.0021645378180858372 -0.00062938406773918251 0.0019400665758764998 -0.0026773995005350735 -0.0010645955802602821
leaf_weight=13030 39739 15774 4822 5234 13081 4750 5258 6632 5031 4999 5496 4831 6946 8048 5468 5917 4706 70803 27739 7375 4669 5400 5773 4599 5986 8786 7766 5373 4639 13127
leaf_count=13030 39739 15774 4822 5234 13081 4750 5258 6632 5031 4999 5496 4831 6946 8048 5468 5917 4706 70803 27739 7375 4669 5400 5773 4599 5986 8786 7766 5373 4639 13127
internal_value=-0.000188321 -0.000122673 -0.000904362 -4.02733e-05 -6.9971e-05 -0.00154028 -0.0020476 -0.000124534 -0.000151248 -4.55894e-05 -0.000639285 -0.000442103 -0.000767261 -0.000547492 -0.000224561 -0.00101624 0.000669682 -9.52816e-05 -0.000227159 -0.00012283 -0.000339525 0.000129588 -0.000303263 -0.000617259 -0.000435671 -0.000677296 0.00022556 0.000292598 -0.000720689 -0.00101355
internal_weight=331797 303937 27860 264198 258964 14830 10080 241177 234545 192808 41737 36706 31210 26379 19433 11385 17787 187809 117006 96593 63481 23608 18939 39873 35274 29288 13539 33112 20413 21913
internal_count=331797 303937 27860 264198 258964 14830 10080 241177 234545 192808 41737 36706 31210 26379 19433 11385 17787 187809 117006 96593 63481 23608 18939 39873 35274 29288 13539 33112 20413 21913
is_linear=0
shrinkage=0.05


Tree=75
num_leaves=31
num_cat=0
split_feature=7 0 6 8 3 8 8 8 3 5 0 7 8 8 0 8 8 8 8 7 7 8 8 8 7 5 8 8 8 8
split_gain=5.79125 5.14646 5.5437 4.75573 3.68681 3.04271 4.00246 7.22084 4.97632 3.27567 2.58667 2.58773 4.6333 3.32259 2.52711 2.39171 4.26414 4.14266 3.65181 3.07788 3.19723 2.57585 1.94007 6.43842 1.87814 1.87388 1.8656 6.81588 4.56167 6.13656
threshold=0.87473695000000007 117.50000000000001 2.5000000000000004 0.91580697650000009 57.332769702000007 1.6712448535000004 1.3109496115000001 1.2922678700000001 -13.432584267999998 6.5000000000000009 43.500000000000007 1.0504484700000003 1.1831267190000003 1.1831267190000003 12.500000000000002 1.3838021630000001 1.3572194490000002 1.3333872195000003 1.4583205875 1.1795612660000001 1.0906577955000001 1.4213440125000003 1.2650961850000002 1.2363020150000004 0.81406633500000003 9.5000000000000018 0.99846873800000002 1.0396849785000002 0.95085857150000008 0.92706994300000012
decision_type=2 2 2 2 2 2 2 2 2 2 2 2 2 2 2 2 2 2 2 2 2 2 2 2 2 2 2 2 2 2
left_child=3 2 4 24 5 6 7 9 -8 14 11 12 -11 -13 -2 16 17 -10 21 20 -20 -17 23 26 -1 -26 28 -28 29 -12
right_child=1 -3 -4 -5 -6 -7 8 -9 15 10 22 13 -14 -15 -16 18 -18 -19 19 -21 -22 -23 -24 -25 25 -27 27 -29 -30 -31
leaf_value=-0.0028901150031241858 -0.00018032956139928477 0.01693874625169043 -0.0048196811792117133 0.00057984978815656281 0.0047760792020623485 0.0015298166208016087 -0.0024023286524733189 0.0024028645376155035 -0.0016813289554913511 -0.00047878607782042857 0.0005127144746900923 -0.00076278125371850337 -0.0020479852672090778 0.0013464398839297415 -0.0018773285880425686 -0.00014647922187323084 -0.0031589180088285374 0.0010830276831985059 -9.9047720618455128e-05 0.0006759151646813814 -0.0026018886507324958 0.0020412001676683058 -0.0014860723146045036 0.0039318475265835047 -0.0040558937339239057 -0.0010717082678914026 -0.0017738610427184291 0.00023327061208083894 0.00196597010884136 -0.0026070811961825353
leaf_weight=5965 14845 4617 5890 4574 4591 8359 5358 6153 5152 39225 35518 7989 6867 7406 17502 7491 5407 5591 4545 6234 6464 5540 4716 5893 4512 5676 16788 50975 14880 7474
leaf_count=5965 14845 4617 5890 4574 4591 8359 5358 6153 5152 39225 35518 7989 6867 7406 17502 7491 5407 5591 4545 6234 6464 5540 4716 5893 4512 5676 16788 50975 14880 7474
internal_value=-0.000181322 -0.000127459 -0.000152401 -0.000990499 -0.000122655 -0.000144446 -0.000171744 -8.44718e-05 -0.000569835 -0.000129694 -5.33804e-05 -0.000322563 -0.000510013 0.000238635 -0.0005961 -0.000403197 -0.000894461 -0.000317735 -0.000141023 -0.000618334 -0.00112085 0.000490563 6.81094e-05 0.000103851 -0.00139343 -0.000980086 2.80552e-05 -0.000149998 0.000236535 -2.46541e-05
internal_weight=332197 311470 306853 20727 300963 296372 288013 236231 51782 230078 197731 61487 46092 15395 32347 46424 16150 10743 30274 17243 11009 13031 136244 131528 16153 10188 125635 67763 57872 42992
internal_count=332197 311470 306853 20727 300963 296372 288013 236231 51782 230078 197731 61487 46092 15395 32347 46424 16150 10743 30274 17243 11009 13031 136244 131528 16153 10188 125635 67763 57872 42992
is_linear=0
shrinkage=0.05


Tree=76
num_leaves=31
num_cat=0
split_feature=4 3 0 2 4 0 2 7 5 2 7 3 2 7 7 3 7 2 7 7 7 7 3 3 0 3 2 7 0 4
split_gain=6.10814 5.91274 4.40413 5.10659 3.76572 2.82589 6.37427 3.1461 2.44093 2.43429 5.13479 5.89267 4.52552 4.08485 4.91179 3.78677 3.3368 4.42929 3.65283 4.64727 3.99315 2.91548 2.52881 4.33418 2.42596 2.3796 2.1993 2.77593 2.06478 1.91629
threshold=0.44216914617872494 -17.920236034499997 117.50000000000001 7.5000000000000009 1.7688405962482279 52.500000000000007 2.5000000000000004 0.87800698450000014 25.500000000000004 3.5000000000000004 0.95516812250000005 -37.293053912999987 1.5000000000000002 1.0769784025000002 1.0596003980000002 -17.286409209999995 0.9543694155000001 2.5000000000000004 0.97631804550000012 0.99472305000000005 1.1350018475000001 1.0243316185000002 -1.5714841039999998 -22.230084205999997 106.50000000000001 -7.4680793564999997 5.5000000000000009 1.0000053235000002 81.500000000000014 0.64381177141985335
decision_type=8 2 2 2 10 2 2 2 2 2 2 2 2 2 2 2 2 2 2 2 2 2 2 2 2 2 2 2 2 8
left_child=1 -1 3 4 5 6 7 -2 29 12 11 -11 -7 14 15 26 17 -14 -18 -20 -21 25 23 -13 -5 -17 27 -12 -15 -9
right_child=2 -3 -4 24 -6 9 -8 8 -10 10 13 22 16 28 -16 21 18 -19 19 20 -22 -23 -24 -25 -26 -27 -28 -29 -30 -31
leaf_value=-0.0048876763710252171 -0.0019257202419608373 -0.00062151969042633065 0.015379103691035935 -0.0068498932634154554 0.0029494415403473057 -0.00094525255175582868 -0.0017650192819140772 0.00064280124900713525 -0.0018656155510067087 0.001109166305636469 0.0037882814640282552 -0.003025318674583576 0.0033472086964091378 -0.0024443476184893712 0.00412781092490373 -0.0019477894128777315 -0.0012590333380322134 0.00071949528247923695 0.0039752666860960175 -0.00014895160380363657 0.0024820412127589519 -0.0025877966800504498 -0.0061251438784517744 -0.00018415764240466484 -0.0027465141264103208 0.0012167255444777252 0.00012112175966325699 0.00071688110264459123 -0.00061854916349553637 -0.00021181157182560201
leaf_weight=6280 6305 12485 4804 4661 5016 15653 19308 12686 5697 4568 5066 6182 5183 4831 5018 5419 4689 7824 4695 29869 7722 7711 5084 7395 5801 13232 7841 4515 11131 85619
leaf_count=6280 6305 12485 4804 4661 5016 15653 19308 12686 5697 4568 5066 6182 5183 4831 5018 5419 4689 7824 4695 29869 7722 7711 5084 7395 5801 13232 7841 4515 11131 85619
internal_value=-0.000196062 -0.00107219 -0.000143608 -0.000166994 -0.000128897 -0.000152142 -0.000326533 -0.000179809 -0.000114032 -1.39959e-05 -0.00019279 -0.000830465 0.00019401 3.59728e-05 0.000263076 9.31729e-05 0.000391584 0.00110014 0.000195295 0.000342152 0.000156797 -0.000284827 -0.00122442 -0.000867694 -0.00125251 5.33329e-05 0.000665059 0.00117306 -0.000658234 -5.56924e-05
internal_weight=332290 18765 313525 308721 298259 293243 129615 110307 104002 163628 87993 23229 75635 64764 48802 43784 59982 13007 46975 42286 37591 26362 18661 13577 10462 18651 17422 9581 15962 98305
internal_count=332290 18765 313525 308721 298259 293243 129615 110307 104002 163628 87993 23229 75635 64764 48802 43784 59982 13007 46975 42286 37591 26362 18661 13577 10462 18651 17422 9581 15962 98305
is_linear=0
shrinkage=0.05


Tree=77
num_leaves=31
num_cat=0
split_feature=7 2 0 2 0 0 7 0 2 8 8 8 7 7 5 8 8 8 7 8 7 4 7 4 7 0 4 5 7 8
split_gain=5.3972 5.01394 5.81733 7.65008 5.17076 4.02219 3.4574 2.68969 3.43383 3.09483 7.81398 3.15401 2.14666 3.35163 2.40975 2.34358 3.95273 1.80429 3.92685 4.17547 3.05356 2.78631 2.43979 2.11964 2.49884 1.91783 1.68175 1.62659 1.87923 3.30963
threshold=0.81406633500000003 7.5000000000000009 94.500000000000014 4.5000000000000009 62.500000000000007 106.50000000000001 0.9543694155000001 48.500000000000007 1.5000000000000002 0.90015274200000006 0.98186433550000007 1.3989826220000003 1.2132531175000001 1.1707504705000003 25.500000000000004 0.86166882900000008 0.91580697650000009 0.99361192700000012 0.96303851350000014 0.93834529050000015 1.0504484700000003 0.93637219583725317 0.99889278250000013 0.95125861605176498 1.0046301695000002 108.50000000000001 0.84440490432270965 27.500000000000004 0.98106093850000009 1.0189477030000003
decision_type=2 2 2 2 2 2 2 2 2 2 2 2 2 2 2 2 2 2 2 2 2 10 2 10 2 2 10 2 2 2
left_child=-1 2 3 7 -5 -3 -6 8 12 -10 -11 -12 13 14 15 -2 -17 18 21 22 23 -4 -20 -19 -25 -22 -8 28 -9 -30
right_child=1 5 17 4 6 -7 26 27 9 10 11 -13 -14 -15 -16 16 -18 20 19 -21 25 -23 -24 24 -26 -27 -28 -29 29 -31
leaf_value=-0.0024216379122651045 0.0017019154812533801 -0.0072045567494204536 0.0015036082405596762 -0.0062885350293868441 -0.0035030024432917322 -0.0020799862330194356 0.0002738515356223713 0.00050779791839089268 -0.0036744289412158522 0.0024144268923216227 -0.0014476226603461495 0.00048940714179126327 0.0014642004917004414 -0.0021578819111498808 -0.0019399384685491938 -0.0017104112446498865 -1.0756814436528131e-05 -0.0027061350198484147 0.0037266173503335736 0.0070428003673929304 0.00046893695201236704 -0.0023238187268967959 -0.0010374756879801706 0.0027748102970303282 -0.0021774316594780504 0.0072772406389470315 -0.0015348350088689867 0.0019444749893771603 -0.0019382898225968328 6.490920897237094e-05
leaf_weight=6494 6027 5027 5838 4543 6531 7273 8737 30343 5876 4826 23101 5040 6057 4548 4777 5536 68147 5608 4779 4943 9124 5481 4516 5095 5102 5047 6898 5005 10172 51827
leaf_count=6494 6027 5027 5838 4543 6531 7273 8737 30343 5876 4826 23101 5040 6057 4548 4777 5536 68147 5608 4779 4943 9124 5481 4516 5095 5102 5047 6898 5005 10172 51827
internal_value=-0.00018428 -0.000155819 -0.00011696 -0.000216884 -0.00101801 -0.00114588 -0.000702721 -0.000124349 -0.000269712 -0.000665801 -0.000477224 -0.000796029 -0.000107891 -0.000169869 -9.86496e-05 -3.32446e-05 -0.000110806 0.000347239 0.000655855 0.00120831 8.4052e-05 -3.92983e-05 0.000583332 -0.000393739 3.57761e-05 0.000616887 -0.000298914 7.56521e-05 2.80452e-05 -0.000129751
internal_weight=332318 325824 313524 257991 26709 12300 22166 231282 133935 38843 32967 28141 95092 89035 84487 79710 73683 55533 25557 14238 29976 11319 9295 15805 10197 14171 15635 97347 92342 61999
internal_count=332318 325824 313524 257991 26709 12300 22166 231282 133935 38843 32967 28141 95092 89035 84487 79710 73683 55533 25557 14238 29976 11319 9295 15805 10197 14171 15635 97347 92342 61999
is_linear=0
shrinkage=0.05


Tree=78
num_leaves=31
num_cat=0
split_feature=4 3 6 0 2 0 2 5 8 8 8 8 4 2 8 5 8 8 2 2 8 8 0 8 8 8 8 8 8 2
split_gain=5.30739 6.94176 3.12953 3.5437 8.3308 2.53001 5.35773 2.89482 2.3965 7.67302 6.32144 3.62987 3.96594 3.33601 2.39005 1.92902 1.94099 1.80661 1.66235 3.94365 6.30668 5.9655 2.19409 2.65121 5.27432 1.72747 3.32033 1.88773 1.74473 2.38169
threshold=0.44216914617872494 -17.920236034499997 2.5000000000000004 99.500000000000014 6.5000000000000009 51.500000000000007 2.5000000000000004 28.500000000000004 1.2618163615000004 1.3078657835000003 1.1970158730000002 1.1640513860000004 0.76303206761758635 1.0000000180025095e-35 1.1318326185000003 8.5000000000000018 1.0641062075000003 1.0143242110000001 1.5000000000000002 2.5000000000000004 1.1640513860000004 1.3730554145000002 79.500000000000014 1.2690178225000002 1.1667312910000003 1.1640513860000004 1.2618163615000004 1.0843950875000001 0.95085857150000008 3.5000000000000004
decision_type=8 2 2 2 2 2 2 2 2 2 2 2 8 2 2 2 2 2 2 2 2 2 2 2 2 2 2 2 2 2
left_child=1 -1 3 4 5 6 8 18 10 -10 11 12 13 -2 17 -8 -17 -14 -7 20 -20 -22 25 24 -24 27 -27 28 -21 -30
right_child=2 -3 -4 -5 -6 7 15 -9 9 -11 -12 -13 14 -15 -16 16 -18 -19 19 22 21 -23 23 -25 -26 26 -28 -29 29 -31
leaf_value=-0.0048263960915438968 0.0014512025481033836 -0.0004575812454913198 -0.0037361291842138247 0.00095811018823703921 -0.0042435788529742993 -0.00081387599091892855 -0.0028031001471053568 0.0027869509633625771 0.0026664133506628458 -0.00024313674986620409 -0.0021130043969894846 0.0015905855846566515 -0.0010610256341230294 -0.00019306689059906654 -0.0026006850332284119 -0.00019869176914949008 -0.0016439742385073214 2.3810800215018462e-05 0.0022145940513016824 -0.0013528465833390999 -0.0020434770070039952 0.0020608019141979536 0.00011640856213037439 -0.0015878109477731027 0.0034660237619473428 0.0019845370622667787 -0.00089433411988151194 -0.0024424968386118026 -0.0011961276710996623 0.00096960026470512884
leaf_weight=6234 5658 12596 6619 49295 6457 14934 5253 4859 6438 30275 10613 5929 22527 11089 4531 5436 6218 15319 11781 11650 6578 4612 27217 5882 4596 5390 7667 5235 4630 6660
leaf_count=6234 5658 12596 6619 49295 6457 14934 5253 4859 6438 30275 10613 5929 22527 11089 4531 5436 6218 15319 11781 11650 6578 4612 27217 5882 4596 5390 7667 5235 4630 6660
internal_value=-0.000188271 -0.00100345 -0.000139269 -0.000116046 -0.000190415 -0.000144773 -0.000298785 1.88573e-05 -0.000173914 0.000157551 -0.00033474 -0.000150098 -0.000268397 0.000382938 -0.000525814 -0.00112849 -0.000769364 -0.000395764 -3.08989e-05 4.13126e-05 0.000617817 -0.000232248 -0.000126502 0.000149203 0.000329529 -0.000378545 9.68446e-05 -0.00059883 -0.000403139 3.98394e-05
internal_weight=332178 18830 313348 306729 257434 250977 129286 121691 112379 36713 75666 65053 59124 16747 42377 16907 11654 37846 116832 101898 22971 11190 78927 37695 31813 41232 13057 28175 22940 11290
internal_count=332178 18830 313348 306729 257434 250977 129286 121691 112379 36713 75666 65053 59124 16747 42377 16907 11654 37846 116832 101898 22971 11190 78927 37695 31813 41232 13057 28175 22940 11290
is_linear=0
shrinkage=0.05


Tree=79
num_leaves=31
num_cat=0
split_feature=7 6 1 2 1 2 3 3 1 7 1 7 7 7 3 2 5 9 2 7 5 7 3 7 7 2 4 3 5 7
split_gain=4.94518 3.95571 3.77719 7.60556 6.03689 2.88252 3.22739 2.60249 2.61816 2.57723 1.97848 2.87989 5.13669 5.66689 4.21048 2.8586 2.99717 2.39718 2.34533 2.15677 2.03192 1.54746 1.61294 2.1237 2.17685 1.96322 1.64036 1.40222 1.3932 1.38589
threshold=0.87473695000000007 2.5000000000000004 20.500000000000004 4.5000000000000009 47.500000000000007 6.5000000000000009 -17.920236034499997 -23.475989162999998 66.500000000000014 1.2646002265000003 80.500000000000014 0.96428644550000009 0.97536380700000014 0.98560577400000005 -25.298446444499998 1.5000000000000002 25.500000000000004 23.500000000000004 2.5000000000000004 0.93454038750000012 24.500000000000004 0.91589081200000011 -1.9534493009999998 0.99889278250000013 1.0382745340000004 1.0000000180025095e-35 0.69180060699387691 1.2992136975000002 11.500000000000002 1.1522298355000002
decision_type=2 2 2 2 2 2 2 2 2 2 2 2 2 2 2 2 2 2 2 2 2 2 2 2 2 2 10 2 2 2
left_child=7 2 -2 9 5 6 -5 -1 -9 10 11 18 -13 -14 -15 16 21 -16 -4 -20 29 -12 23 25 -25 -23 -26 28 -17 -19
right_child=1 -3 3 4 -6 -7 -8 8 -10 -11 15 12 13 14 17 27 -18 20 19 -21 -22 22 -24 24 26 -27 -28 -29 -30 -31
leaf_value=-0.0033650592488131807 0.0010375643179934045 -0.0040249535347008586 0.0015196531719987574 0.00083565946347123924 -0.0047709717619966755 -0.0036807093954830728 -0.0017253901803304527 0.00069856975346421172 -0.0017113753940470721 0.0021991914050035607 -0.001573710313598772 -0.0016839167005478261 0.0029808857343195726 -0.0025737970391456057 0.00079943065350533747 -0.00097122699566947227 -0.0021488997091451086 -0.00035282552745804477 -0.00074962492982246301 0.0014325107439157718 0.0010411225062124908 0.0011905056300295289 -0.00031255625432519233 -0.00096211513255863859 -0.00030386622260490046 0.00023461779405347142 0.0013904744958028038 -3.285849203711149e-05 -0.0022360263046476993 -0.0015655053036817647
leaf_weight=6759 47028 6383 12116 8706 7810 5640 9392 5486 8477 5380 5613 5855 5274 4558 20277 10516 4780 42341 8142 6205 8274 5797 39444 6207 6724 6089 5214 4588 7043 6210
leaf_count=6759 47028 6383 12116 8706 7810 5640 9392 5486 8477 5380 5613 5855 5274 4558 20277 10516 4780 42341 8142 6205 8274 5797 39444 6207 6724 6089 5214 4588 7043 6210
internal_value=-0.000198266 -0.00014852 -0.000122746 -0.000197813 -0.000925111 -0.000528157 -0.000220407 -0.00094611 -0.000555915 -9.65589e-05 -0.000122859 1.54277e-05 -0.000115795 -1.92101e-05 -0.00012184 -0.000284504 -0.000145107 -3.44987e-05 0.000475479 4.285e-05 -0.000201039 -6.77838e-05 -3.23953e-06 0.000272838 -6.74943e-05 0.000792195 0.000327387 -0.000787063 -0.000990379 -0.000324472
internal_weight=332328 311606 305223 258195 31548 23738 18098 20722 13963 226647 221267 119252 92789 86934 81660 102015 79868 77102 26463 14347 56825 75088 69475 30031 18145 11886 11938 22147 17559 48551
internal_count=332328 311606 305223 258195 31548 23738 18098 20722 13963 226647 221267 119252 92789 86934 81660 102015 79868 77102 26463 14347 56825 75088 69475 30031 18145 11886 11938 22147 17559 48551
is_linear=0
shrinkage=0.05


Tree=80
num_leaves=31
num_cat=0
split_feature=7 6 1 2 1 7 3 4 1 1 2 7 2 7 7 7 7 7 3 7 7 3 1 7 2 7 9 7 7 7
split_gain=5.18471 4.08601 3.79751 4.66819 3.62119 2.75691 2.62876 2.52087 2.32462 2.2794 7.11206 1.82313 1.58712 6.44088 4.07285 2.52998 4.10872 4.96613 3.48669 3.07048 2.52966 2.42054 2.93195 1.52877 3.47048 2.62665 1.5102 1.11522 9.27222 5.23043
threshold=0.87473695000000007 2.5000000000000004 11.500000000000002 6.5000000000000009 25.500000000000004 1.2646002265000003 -22.230084205999997 1.1723427985227428 63.500000000000007 44.500000000000007 4.5000000000000009 0.91589081200000011 2.5000000000000004 1.1277034765000002 0.89637365600000007 1.1201095380000001 1.0951090540000001 1.0758004030000003 -3.2571924589999997 1.1522298355000002 0.97536380700000014 -11.796539283499998 83.500000000000014 0.97091154350000008 4.5000000000000009 0.98477545750000017 42.500000000000007 1.0310529730000002 1.0423911465000002 1.0517352690000001
decision_type=2 2 2 2 2 2 2 10 2 2 2 2 2 2 2 2 2 2 2 2 2 2 2 2 2 2 2 2 2 2
left_child=6 2 7 5 -5 9 -1 -2 -8 11 12 -4 14 20 -11 16 17 21 -17 -20 -14 22 -16 24 -13 -25 -27 -23 -29 -30
right_child=1 -3 3 4 -6 -7 8 -9 -10 10 -12 23 13 -15 15 18 -18 -19 19 -21 -22 27 -24 25 -26 26 -28 28 29 -31
leaf_value=-0.0032106882029100357 0.00082556368212684413 -0.0040514865178326049 0.0018821829269374105 -0.0012440158749206171 -0.0047585966120187971 0.0018786031855313762 0.00084115455256269188 0.0069721281687182488 -0.0016239649868717227 0.001774668833972564 -0.003433882509063531 0.00051654503559111999 -0.0011250712512646263 -0.0029615557553712823 0.0015313800414187904 0.0028179776188913645 -0.0015042161307302338 0.0013213160754815853 0.0010792422668262826 -0.00074784848274954776 0.00014680114452701102 -0.00063901182155813227 -0.00055200819111420182 0.003045258368140318 -0.0031056215875546675 0.00053004966403921304 -0.00073367001285546231 0.0023917719637725141 -0.0027739518462359001 -0.00013081417659897981
leaf_weight=7157 17750 6435 4720 6821 4730 5785 5015 6956 8592 4845 8135 8066 12738 4561 7913 5373 9599 9154 6809 12272 23425 57997 5852 4732 5342 32204 16663 5897 4931 12086
leaf_count=7157 17750 6435 4720 6821 4730 5785 5015 6956 8592 4845 8135 8066 12738 4561 7913 5373 9599 9154 6809 12272 23425 57997 5852 4732 5342 32204 16663 5897 4931 12086
internal_value=-0.000174932 -0.000123976 -9.76888e-05 -0.000150007 -0.00113404 -0.000107748 -0.000939863 0.000496539 -0.000531518 -0.000131477 -0.000221487 0.000108946 -0.000157313 -0.000432617 -7.87496e-05 -0.000128838 -0.000228284 -0.000136757 0.000332392 1.54552e-05 -0.000209164 -0.000244295 0.000368554 4.20062e-05 -0.0004354 0.000161461 5.24828e-05 -0.000348573 -5.32321e-05 -0.000645343
internal_weight=332555 311791 305356 280650 11551 269099 20764 24706 13607 263314 191587 71727 183452 40724 142728 137883 113429 103830 24454 19081 36163 94676 13765 67007 13408 53599 48867 80911 22914 17017
internal_count=332555 311791 305356 280650 11551 269099 20764 24706 13607 263314 191587 71727 183452 40724 142728 137883 113429 103830 24454 19081 36163 94676 13765 67007 13408 53599 48867 80911 22914 17017
is_linear=0
shrinkage=0.05


Tree=81
num_leaves=31
num_cat=0
split_feature=7 2 8 5 8 7 8 8 2 9 7 7 8 8 8 3 7 8 4 2 3 7 7 8 8 8 8 7 7 8
split_gain=4.7903 3.79687 3.23107 3.20622 2.09251 6.37114 8.75243 10.3544 6.25505 5.72555 4.82724 7.92707 5.63354 3.83012 7.18503 6.93878 5.83201 5.40748 3.01959 5.681 4.07102 2.58802 2.57662 9.11263 3.45357 2.233 7.78864 7.37496 8.29495 4.37752
threshold=0.81406633500000003 7.5000000000000009 1.6712448535000004 9.5000000000000018 0.99361192700000012 0.94213990150000015 0.95085857150000008 0.92233349500000006 1.5000000000000002 20.500000000000004 0.9225350630000001 0.90684916650000014 0.87664883000000005 1.0143242110000001 1.0260839095000003 3.4257737935000008 0.9911600195000001 1.0396849785000002 1.1329029306833049 3.5000000000000004 -26.861442601499999 0.93036914000000015 0.97838995950000007 1.1751955955000002 1.1052717865000001 1.1318326185000003 1.1667312910000003 1.0984745745000002 1.0575228460000001 1.1894146140000001
decision_type=2 2 2 2 2 2 2 2 2 2 2 2 2 2 2 2 2 2 8 2 2 2 2 2 2 2 2 2 2 2
left_child=-1 2 4 -3 5 10 7 18 -8 -10 11 12 -2 15 -15 16 -6 -16 19 -7 -21 -19 23 24 -23 27 -27 28 -24 -28
right_child=1 3 -4 -5 13 6 8 -9 9 -11 -12 -13 -14 14 17 -17 -18 21 -20 20 -22 22 25 -25 -26 26 29 -29 -30 -31
leaf_value=-0.0020064975878866611 0.0001268777768608391 -0.0076048739016424689 0.0015154425439591957 -0.0016380698126423933 -2.8900997613354594e-05 0.002096082542172677 -0.00051624176080388524 -0.0023899554666820047 0.001441513900827294 0.0062446267897796224 -0.0024129890127287191 0.0025148525684102266 -0.0030168530050612881 0.0025430380483090565 -0.0022654632940135614 0.0018647084200035012 -0.0037581962889984806 0.0010574397187948482 -0.0010990172204807525 0.0025180250259427138 -0.0015300260779068445 -0.00071167165206651416 0.00011722108909544604 -0.0033464883853744514 0.0022238341931923077 -0.0020079199852740467 0.0020256156381361821 -0.0034524734537684423 0.0043536525372070709 -0.00026628561040314378
leaf_weight=6580 15077 4834 8663 7409 4501 8913 4643 10526 5732 6792 10725 7473 8936 6184 7579 4584 8763 7580 6155 4809 9803 6741 21235 6398 4673 13433 8737 4572 6693 93463
leaf_count=6580 15077 4834 8663 7409 4501 8913 4643 10526 5732 6792 10725 7473 8936 6184 7579 4584 8763 7580 6155 4809 9803 6741 21235 6398 4673 13433 8737 4572 6693 93463
internal_value=-0.000160682 -0.00013368 -9.99252e-05 -0.000997307 -0.000127001 6.10497e-05 0.000404074 4.96184e-07 0.001349 0.00192992 -0.000405179 -9.30436e-05 -0.000535641 -0.00021829 -0.000151582 -0.000918054 -0.00149748 -0.000208826 0.000478355 0.000736293 0.0001293 -0.000151704 -0.000192981 -0.000761072 8.58207e-05 -0.000124648 -0.000227565 0.0002415 0.000546306 -7.87645e-05
internal_weight=332206 325626 313383 12243 304720 99584 57373 40206 17167 12524 42211 31486 24013 205136 187288 17848 13264 181104 29680 23525 14612 173525 165945 17812 11414 148133 115633 32500 27928 102200
internal_count=332206 325626 313383 12243 304720 99584 57373 40206 17167 12524 42211 31486 24013 205136 187288 17848 13264 181104 29680 23525 14612 173525 165945 17812 11414 148133 115633 32500 27928 102200
is_linear=0
shrinkage=0.05


Tree=82
num_leaves=31
num_cat=0
split_feature=9 4 4 2 0 8 7 0 2 0 8 8 2 7 7 7 7 8 7 8 8 7 8 4 0 7 7 7 8 4
split_gain=4.38768 6.26639 3.81999 3.1765 3.55059 3.17179 3.1137 2.84264 3.32755 2.49188 2.12263 2.7317 10.4342 5.54067 5.10353 8.07718 4.23557 4.1879 3.16247 16.7131 4.2048 2.83112 2.69835 2.64995 2.04827 1.93679 6.1742 4.16704 2.70272 5.834
threshold=9.5000000000000018 0.4142750846076762 1.6534265709003368 5.5000000000000009 70.500000000000014 0.94024695500000022 1.2268644580000003 109.50000000000001 6.5000000000000009 98.500000000000014 1.6516427525000001 1.3109496115000001 3.5000000000000004 1.1249927920000002 1.0233017285000001 1.0596003980000002 1.0984745745000002 1.3773010990000001 1.0563097930000003 1.1292062270000003 1.2304387475000003 1.0437164150000002 1.4583205875 1.1002774291012509 98.500000000000014 0.90495753450000016 0.9225350630000001 0.93700084550000018 0.99361192700000012 1.1329029306833049
decision_type=2 10 10 2 2 2 2 2 2 2 2 2 2 2 2 2 2 2 2 2 2 2 2 10 2 2 2 2 2 10
left_child=3 -2 6 4 5 -1 7 8 10 -5 11 13 14 16 -13 -16 18 -17 21 -20 -21 25 -19 -15 -10 -3 -27 -28 29 -29
right_child=1 2 -4 9 -6 -7 -8 -9 24 -11 -12 12 -14 23 15 17 -18 22 19 20 -22 -23 -24 -25 -26 26 27 28 -30 -31
leaf_value=-0.0021674652589805409 -0.002969277572794287 -0.00080558417398514284 0.0041185082050182054 -0.005156324240223705 0.0015607212606854933 -0.00045426145144341137 -0.0016828781444625119 0.0030127272221018306 -0.0037423089980336052 -0.0029391116646445728 0.0014545822567143222 -0.0017460767714423898 -0.0050550720141655809 0.0034891055604689986 0.0028297821746241202 -0.0019054651886615086 -0.0018491365450317755 0.001277491168268842 0.0036879441799913554 -0.0022466752850551523 0.00090558007433668591 -0.0013510600950832517 -0.00063086813370660637 0.00061776429724119024 -0.00073238209965352454 0.0024969480456046682 -0.0016291728366974408 0.001231611433624434 -0.0002399547487106784 -0.0023879708769495075
leaf_weight=10267 5699 23039 4835 4672 7558 37169 7461 18559 4861 8729 4916 4608 4684 4867 4536 6255 7778 7139 8798 6855 4878 8163 7769 4787 4938 7845 8441 26472 59084 6373
leaf_count=10267 5699 23039 4835 4672 7558 37169 7461 18559 4861 8729 4916 4608 4684 4867 4536 6255 7778 7139 8798 6855 4878 8163 7769 4787 4938 7845 8441 26472 59084 6373
internal_value=-0.000161804 -6.92231e-05 -3.29732e-05 -0.000518642 -0.000350371 -0.000510741 -5.95798e-05 -2.90059e-05 -7.76353e-05 -0.00120879 -3.69791e-05 -6.07661e-05 -0.000464483 1.88843e-05 -0.000124869 0.000149975 -4.81736e-05 -0.000260536 7.25094e-06 0.00058653 -0.000648749 -7.80735e-05 0.000195131 0.00118335 -0.000978683 -2.18664e-05 6.6761e-05 -3.88555e-05 5.8791e-05 0.000422373
internal_weight=332035 263640 257941 68395 54994 47436 253106 245645 227086 13401 217287 212371 34991 177380 30307 25699 167726 21163 159948 20531 11733 139417 14908 9654 9799 131254 108215 100370 91929 32845
internal_count=332035 263640 257941 68395 54994 47436 253106 245645 227086 13401 217287 212371 34991 177380 30307 25699 167726 21163 159948 20531 11733 139417 14908 9654 9799 131254 108215 100370 91929 32845
is_linear=0
shrinkage=0.05


Tree=83
num_leaves=31
num_cat=0
split_feature=7 0 2 0 7 7 0 2 8 2 8 8 8 7 7 7 0 7 5 9 4 7 8 7 7 8 9 7 8 2
split_gain=3.5232 3.44974 4.14319 8.75607 5.48548 5.96072 2.96056 4.10577 2.55588 2.62171 2.23816 5.15721 3.47174 3.49546 4.88995 2.41851 4.0107 2.4429 2.21871 3.13259 2.15847 3.63714 4.77518 4.5661 3.54617 2.93539 2.54129 2.40207 5.35529 1.90376
threshold=0.81406633500000003 117.50000000000001 4.5000000000000009 62.500000000000007 0.9543694155000001 0.92120249550000011 42.500000000000007 1.5000000000000002 1.6117187765000003 1.0000000180025095e-35 0.99846873800000002 0.96876116550000013 1.0420770275000002 0.9543694155000001 0.98477545750000017 1.0018835860000002 72.500000000000014 0.90684916650000014 12.500000000000002 15.500000000000002 1.3951014835576214 1.0607328465000003 1.2722218760000001 1.1249927920000002 1.1522298355000002 1.2489364475000002 32.500000000000007 1.0329430635000001 1.1557926060000001 7.5000000000000009
decision_type=2 2 2 2 2 2 2 2 2 2 2 2 2 2 2 2 2 2 2 2 10 2 2 2 2 2 2 2 2 2
left_child=-1 2 6 -4 5 -5 7 18 9 -8 11 15 -12 -14 -15 16 17 -11 19 -2 21 22 27 25 -25 26 -23 28 -16 -6
right_child=1 -3 3 4 29 -7 8 -9 -10 10 12 -13 13 14 20 -17 -18 -19 -20 -21 -22 23 -24 24 -26 -27 -28 -29 -30 -31
leaf_value=-0.001819288750757651 -7.0541791997689952e-05 0.01415317890690602 -0.0057818446545385054 -0.00056291174489456447 0.00018690265732198294 -0.0048172119429987737 -0.0013254939908629313 -0.001076638337237254 0.0019778828669485054 -0.0017218350014286136 -0.0013371613650058805 0.0035276346504095231 0.0017129419148630882 -0.0017758938408957302 -0.0008861239190607967 -0.0015551440398020098 0.0020745420693561892 0.00053706917452395252 -0.00053198556616398105 0.0011304503973474235 0.0035783416408647416 0.00099942824999306457 0.0022391350151783735 0.0031758924406525093 -0.00067746656165906729 -0.0018736557095724992 -0.003183435594769564 -0.0013876648158514216 0.003245664219995309 -0.0034988645256434181
leaf_weight=6533 36889 4804 4802 9760 38546 8308 5688 29313 6101 4929 11810 5869 5986 6265 7445 4534 11243 8068 42297 10056 5722 4792 7360 5053 7107 8552 4690 6519 5950 6781
leaf_count=6533 36889 4804 4802 9760 38546 8308 5688 29313 6101 4929 11810 5869 5986 6265 7445 4534 11243 8068 42297 10056 5722 4792 7360 5053 7107 8552 4690 6519 5950 6781
internal_value=-0.000160832 -0.000137729 -0.000157675 -0.000503432 -0.000347399 -0.00108394 -6.41853e-05 -0.000246079 9.71279e-05 4.92985e-05 9.82769e-05 0.000438264 -3.67322e-05 8.8075e-05 -1.18785e-05 0.000162617 0.000360898 -0.000237272 -7.74268e-05 0.000159211 0.000120261 2.8012e-05 0.000446496 -0.000350013 0.000398684 -0.000854816 -0.000248763 4.41777e-05 0.000427238 -5.3716e-05
internal_weight=331772 325239 320435 68197 63395 18068 252238 118555 133683 127582 121894 34643 87251 75441 69455 28774 24240 12997 89242 46945 63190 57468 27274 30194 12160 18034 9482 19914 13395 45327
internal_count=331772 325239 320435 68197 63395 18068 252238 118555 133683 127582 121894 34643 87251 75441 69455 28774 24240 12997 89242 46945 63190 57468 27274 30194 12160 18034 9482 19914 13395 45327
is_linear=0
shrinkage=0.05


Tree=84
num_leaves=31
num_cat=0
split_feature=7 4 0 2 0 4 3 9 2 7 7 7 0 0 9 9 7 4 7 3 7 7 0 5 3 7 3 7 7 7
split_gain=3.92695 3.70627 3.2969 3.79597 2.60208 2.14591 2.77485 1.85816 1.49493 9.76996 3.74891 5.47877 3.50808 3.44664 3.15677 2.9486 2.80821 5.59571 3.74815 3.36648 5.41468 4.48309 4.03699 3.21301 2.94314 3.82042 2.56134 3.88866 3.57346 2.67978
threshold=0.81406633500000003 1.9872758246888045 117.50000000000001 7.5000000000000009 105.50000000000001 0.31590727960229092 -41.640154907499998 2.5000000000000004 3.5000000000000004 0.9543694155000001 1.0769784025000002 1.0596003980000002 67.500000000000014 76.500000000000014 20.500000000000004 35.500000000000007 0.95813489450000011 1.1993176527928719 0.97175424950000011 -1.5714841039999998 0.90684916650000014 0.9225350630000001 43.500000000000007 13.500000000000002 -21.847178241999995 0.98009628400000015 9.9022667970000011 1.028182989 1.0607328465000003 0.99308499750000012
decision_type=2 8 2 2 2 10 2 2 2 2 2 2 2 2 2 2 2 10 2 2 2 2 2 2 2 2 2 2 2 2
left_child=-1 2 3 5 -5 -2 -7 -8 16 12 11 15 -10 -12 -15 -11 17 19 23 20 -9 -21 -22 -18 -20 -26 29 -28 -29 -27
right_child=1 -3 -4 4 -6 6 7 8 9 10 13 -13 -14 14 -16 -17 18 -19 24 21 22 -23 -24 -25 25 26 27 28 -30 -31
leaf_value=-0.0018944111700772042 -0.0014136651643929005 0.0023543031699368331 0.013046942695653511 -0.0056883698008882572 -0.0018482563240556063 0.00166824196300851 -0.0015980525341241396 -0.0007986115011851592 -0.0048094883773574836 -0.00047777541735652016 -0.0028103576935898386 0.0039724298229731701 -0.0019684188985136949 0.002394943251795627 -0.0019236593625505474 0.0020200352524190439 -0.00017704332879938116 0.0022955873618827299 -0.0019077391416440468 0.00082420766505865428 0.00043140727658334788 -0.0026845790122090999 0.0023525300952875884 -0.0026512132288308522 0.0019627398159193388 0.0010450815624541714 -0.0030141165667613677 0.0018223834745622676 -0.00081755949990910514 -6.7589767594469723e-05
leaf_weight=6568 9017 5455 4709 4754 6181 7747 6808 11323 4810 33647 4760 5085 15263 4582 7436 9685 4806 5645 4673 5233 8732 5529 6906 4877 6045 8013 8442 6281 22990 86054
leaf_count=6568 9017 5455 4709 4754 6181 7747 6808 11323 4810 33647 4760 5085 15263 4582 7436 9685 4806 5645 4673 5233 8732 5529 6906 4877 6045 8013 8442 6281 22990 86054
internal_value=-0.000157743 -0.000133307 -0.000155342 -0.000174961 -0.00109004 -0.00014207 -0.000118866 -0.000144023 -0.000124226 -0.000298923 -1.91837e-06 0.000221283 -0.00126332 -0.000645893 -0.000194628 3.89955e-05 -4.80442e-05 0.000306872 -0.000149194 8.70694e-05 0.000385484 -0.000660352 0.0009883 -0.00110085 -8.44906e-05 -4.26262e-05 -9.90261e-05 -0.000447135 -0.000174376 4.05529e-05
internal_weight=332056 325488 320033 315324 10935 304389 295372 287625 280817 85268 65195 48417 20073 16778 12018 43332 195549 43368 152181 37723 26961 10762 15638 9683 142498 137825 131780 37713 29271 94067
internal_count=332056 325488 320033 315324 10935 304389 295372 287625 280817 85268 65195 48417 20073 16778 12018 43332 195549 43368 152181 37723 26961 10762 15638 9683 142498 137825 131780 37713 29271 94067
is_linear=0
shrinkage=0.05


Tree=85
num_leaves=31
num_cat=0
split_feature=7 3 6 4 7 7 7 7 7 7 0 4 3 9 7 8 7 8 7 9 3 4 7 0 8 7 5 3 8 7
split_gain=3.73785 3.42761 3.04849 3.10197 2.91651 2.92058 4.19992 3.54023 2.43266 7.39703 2.99607 2.44194 2.11858 2.11235 1.83341 1.8332 1.71605 1.71426 1.89442 3.27045 3.85751 3.03619 2.44645 2.01386 1.88674 2.77325 2.77274 1.70717 1.65981 2.63117
threshold=0.81406633500000003 57.332769702000007 1.0000000180025095e-35 0.49696860249111285 0.89637365600000007 0.94667231500000015 0.95619744050000011 0.92120249550000011 0.97631804550000012 0.98203505650000011 99.500000000000014 0.781726907187691 -8.3719745129999978 2.5000000000000004 1.0504484700000003 1.6712448535000004 0.87473695000000007 1.4583205875 1.0028781850000004 18.500000000000004 -9.7033890364999973 1.2683093142931223 0.97430084000000006 50.500000000000007 0.89296422700000011 0.95516812250000005 13.500000000000002 -22.623501473999998 1.5535672370000002 1.1927919445000004
decision_type=2 2 2 10 2 2 2 2 2 2 2 10 2 2 2 2 2 2 2 2 2 10 2 2 2 2 2 2 2 2
left_child=-1 2 4 27 16 7 -7 -6 11 -10 15 -8 -9 -5 -12 28 -2 18 19 23 -21 -20 -22 -15 26 -26 -25 -4 29 -11
right_child=1 -3 3 13 5 6 8 12 9 10 14 -13 -14 17 -16 -17 -18 -19 21 20 22 -23 -24 24 25 -27 -28 -29 -30 -31
leaf_value=-0.0017385531801886881 0.00051427536882406029 0.0050881733537702237 -0.0037659137193095946 -0.0028800971503875382 0.00034479127861188882 0.0020856880719063624 0.00020474328552477612 -0.00066079304383315912 0.0031049530388079756 -0.00029773917754625519 0.00049997472393890322 -0.0018777324312566443 -0.0024022358382240557 -0.0016498333442540891 0.0060537081888097904 0.0014335666000566915 0.0022464982181231215 -0.0012884106846071828 0.00033479188808051942 0.0012104332267769732 -0.0017267619604938896 -0.0020987295176136292 0.00067682252333655908 -0.001339197101607157 -0.0038126475361720865 -0.00057808066750370381 0.0032169814811936399 -0.00090436889664429311 -0.0014496887578173264 0.0015735181781378442
leaf_weight=6472 7142 5231 4777 4900 8198 5723 4587 5402 4629 86925 5621 8577 6901 14902 4621 5336 5322 8837 52241 12844 7743 7756 4598 7182 4506 9000 4551 6291 5089 6235
leaf_count=6472 7142 5231 4777 4900 8198 5723 4587 5402 4629 86925 5621 8577 6901 14902 4621 5336 5322 8837 52241 12844 7743 7756 4598 7182 4506 9000 4551 6291 5089 6235
internal_value=-0.000147663 -0.000124006 -0.000144739 -0.000308994 5.75234e-08 -5.80947e-05 2.50083e-05 -0.000614699 -3.26698e-05 3.8999e-05 -4.07191e-05 -0.00067735 -0.00115088 -0.000244851 0.00077486 -0.000121393 0.000736225 -0.000207581 -0.000160101 -0.000346391 0.000100237 4.27474e-05 -0.000530942 -0.000626589 -0.000354343 -0.000757162 0.000109472 -0.00111442 -0.000170427 -0.000122365
internal_weight=332139 325667 320436 150128 170308 157844 137343 20501 131620 118456 113827 13164 12303 139060 10242 103585 12464 134160 125323 65326 25185 59997 12341 40141 25239 13506 11733 11068 98249 93160
internal_count=332139 325667 320436 150128 170308 157844 137343 20501 131620 118456 113827 13164 12303 139060 10242 103585 12464 134160 125323 65326 25185 59997 12341 40141 25239 13506 11733 11068 98249 93160
is_linear=0
shrinkage=0.05


Tree=86
num_leaves=31
num_cat=0
split_feature=4 3 4 9 0 2 3 0 2 7 7 2 7 4 3 5 7 4 3 3 7 7 7 2 3 7 4 3 4 7
split_gain=3.25802 6.75094 2.77351 2.10949 1.59744 6.97861 2.4815 1.97548 2.98405 4.08453 6.02245 3.87902 1.68575 3.96257 3.34001 3.32689 2.62582 2.79777 1.82949 2.10447 2.28587 2.38827 1.8049 1.74859 1.44279 1.40574 1.39001 1.27667 1.27481 1.25858
threshold=0.45483948677125158 -22.230084205999997 1.9872758246888045 2.5000000000000004 99.500000000000014 6.5000000000000009 35.269646639500003 81.500000000000014 3.5000000000000004 0.95516812250000005 1.0838404605000003 4.5000000000000009 0.95619744050000011 1.1482603259618493 -13.432584267999998 13.500000000000002 0.97631804550000012 0.82944509497189733 11.512596165000001 -19.952743553999998 0.99308499750000012 1.0233017285000001 1.0329430635000001 1.0000000180025095e-35 -19.952743553999998 0.95928635150000019 0.93637219583725317 -4.5089210354999993 0.82087882054142336 1.0758004030000003
decision_type=8 2 8 2 2 2 2 2 2 2 2 2 2 10 2 2 2 10 2 2 2 2 2 2 2 2 10 2 10 2
left_child=1 -1 3 -2 5 6 7 8 12 -10 11 28 13 14 24 -16 17 -14 19 -18 -21 -22 -23 -20 -5 26 -6 -3 -11 -24
right_child=2 27 -4 4 25 -7 -8 -9 9 10 -12 -13 16 -15 15 -17 18 -19 23 20 21 22 29 -25 -26 -27 -28 -29 -30 -31
leaf_value=-0.0042418002629378898 -0.0020248165792217439 -0.00059425164375769479 0.0020928202410677222 0.00030350927150353876 0.0005737195249349759 -0.0037580621538063548 -0.002654955722465198 0.00043868873323655433 -0.0028625579962778419 0.0023262606388860254 -0.0025003911244841186 -0.0014181112536766308 6.4902802324827639e-05 0.0022522314554597805 0.0001975687362370456 -0.0015419249995063979 -0.0016098692257183374 -0.0022736063851548079 -0.0019166096474831291 0.0009765746815855389 -0.00071686469136653477 0.0012431444656879201 -0.00040253897410706609 -0.00045326957853072253 0.0016748742589919466 0.0013045777754755502 -0.0025757253247435863 0.00056805905611881271 0.00057440095267214341 0.00032370236216340282
leaf_weight=5942 7135 8721 5533 4956 7705 6918 7830 38956 8830 4510 5244 6539 4574 5613 13467 9874 4549 7332 5186 9455 19033 5400 20288 15254 4591 36598 6070 5464 4664 36009
leaf_count=5942 7135 8721 5533 4956 7705 6918 7830 38956 8830 4510 5244 6539 4574 5613 13467 9874 4549 7332 5186 9455 19033 5400 20288 15254 4591 36598 6070 5464 4664 36009
internal_value=-0.000140259 -0.000756757 -0.000100492 -0.000120522 -0.000100268 -0.000152203 -0.000107451 -7.81819e-05 -0.00014301 -0.000603687 -0.000223501 0.000266254 -6.0121e-05 0.000229703 2.00639e-05 -0.000302194 -0.000147934 -0.000854673 -7.48412e-05 1.77317e-05 7.06829e-05 -1.54839e-05 0.00013557 -0.000503792 0.000807683 0.000156516 -0.000273949 -0.000163849 0.000929294 5.17732e-05
internal_weight=332240 20127 312113 306580 299445 249072 242154 234324 195368 29787 20957 15713 165581 38501 32888 23341 127080 11906 115174 94734 90185 80730 61697 20440 9547 50373 13775 14185 9174 56297
internal_count=332240 20127 312113 306580 299445 249072 242154 234324 195368 29787 20957 15713 165581 38501 32888 23341 127080 11906 115174 94734 90185 80730 61697 20440 9547 50373 13775 14185 9174 56297
is_linear=0
shrinkage=0.05


Tree=87
num_leaves=31
num_cat=0
split_feature=7 8 7 0 2 0 8 8 7 2 4 7 8 7 2 7 8 8 8 8 4 8 2 2 7 8 8 8 8 7
split_gain=3.35514 4.70318 3.00854 2.51989 4.18242 3.15488 2.85764 3.33145 10.5057 6.8235 4.37309 3.81277 6.6868 5.95534 5.43695 5.22052 3.13455 2.99736 7.80067 3.74367 3.6425 3.04345 4.33629 4.95099 2.82949 2.60748 4.91512 9.78842 5.48054 5.17518
threshold=0.87473695000000007 0.91580697650000009 1.2132531175000001 110.50000000000001 6.5000000000000009 96.500000000000014 0.99361192700000012 0.95085857150000008 0.94667231500000015 1.5000000000000002 1.2139762453930534 0.96905717250000001 0.9248827850000001 0.91977347650000008 2.5000000000000004 1.0072142665000003 0.87945863200000007 1.0143242110000001 1.0260839095000003 1.0396849785000002 0.93343866468483183 1.0740390135000004 1.5000000000000002 3.5000000000000004 0.99472305000000005 1.1505799880000003 1.1318326185000003 1.1208789765000002 1.1100206280000002 1.0485333710000002
decision_type=2 2 2 2 2 2 2 2 2 2 8 2 2 2 2 2 2 2 2 2 8 2 2 2 2 2 2 2 2 2
left_child=1 -1 3 4 6 -6 7 10 -9 -10 11 13 15 14 -2 -13 -15 20 -19 -20 -8 22 -21 -24 -11 26 27 28 29 -23
right_child=2 -3 -4 -5 5 -7 17 8 9 24 -12 12 -14 16 -16 -17 -18 18 19 21 -22 25 23 -25 -26 -27 -28 -29 -30 -31
leaf_value=-0.0020417737321183418 0.002722158509359386 0.00088604110295673446 0.0011683852326317419 0.0021691588425325498 -0.0041608824696184356 -0.0010852115050705537 -0.0021169094116040743 -0.0021056940523923218 -0.0004871838776530058 0.0053517955009655697 -0.0028982000469620754 0.003611540337496041 -0.001315340541678354 -0.00020713271166852365 -0.00078976164960893862 0.00013196187910190449 -0.0022643102859433418 0.0026148102923021594 -0.0020092198233275511 0.0020878458120057023 -4.9811244294358281e-06 -0.0010917781568310417 -0.0014982193049758049 0.0020539816021981363 0.0027102879694538228 -0.0002248654495354005 -0.0021150285594456219 0.0029528728059390031 -0.0040639128263455088 0.0018854790522059993
leaf_weight=16068 5518 4551 13486 21344 6202 8386 9208 4986 4530 4824 6558 7736 5165 8503 6723 5098 8960 5353 6789 5527 6627 11373 5707 4655 5247 110237 8448 4807 4756 4681
leaf_count=16068 5518 4551 13486 21344 6202 8386 9208 4986 4530 4824 6558 7736 5165 8503 6723 5098 8960 5353 6789 5527 6627 11373 5707 4655 5247 110237 8448 4807 4756 4681
internal_value=-0.000143395 -0.000761008 -0.000102493 -0.000135559 -0.000175954 -0.000999796 -0.000130067 0.000133507 0.000692373 0.00136896 -6.8276e-05 9.82004e-05 0.000672349 -0.000249757 0.000595704 0.00128359 -0.000842399 -0.00023351 -0.000173004 -0.000233256 -0.000891731 -0.000184494 0.00047219 -0.000131187 0.00209359 -0.000256815 -0.000639127 -0.000294084 -0.000763873 -0.000321939
internal_weight=332053 20619 311434 297948 276604 14588 262016 73848 19587 14601 54261 47703 17999 29704 12241 12834 17463 188168 172333 166980 15835 160191 15889 10362 10071 144302 34065 25617 20810 16054
internal_count=332053 20619 311434 297948 276604 14588 262016 73848 19587 14601 54261 47703 17999 29704 12241 12834 17463 188168 172333 166980 15835 160191 15889 10362 10071 144302 34065 25617 20810 16054
is_linear=0
shrinkage=0.05


Tree=88
num_leaves=31
num_cat=0
split_feature=0 2 4 3 0 4 2 0 7 3 7 7 7 7 3 7 7 0 7 3 2 7 5 3 3 7 3 7 7 7
split_gain=3.51918 4.02647 3.04287 5.0038 2.25362 1.67382 1.74139 5.94559 3.9097 4.29978 2.87889 3.29385 2.37077 4.32354 2.30638 2.55497 2.58057 2.13582 4.08188 3.96471 3.21391 2.9544 2.34091 2.10753 3.83648 2.00218 1.86143 1.90094 5.26461 2.83331
threshold=117.50000000000001 7.5000000000000009 0.36763814755456808 -9.9067643604999969 105.50000000000001 1.7688405962482279 3.5000000000000004 49.500000000000007 0.95516812250000005 -1.5714841039999998 1.0769784025000002 1.0596003980000002 1.2268644580000003 1.1927919445000004 -17.286409209999995 1.0243316185000002 1.0054214725000001 59.500000000000007 0.89637365600000007 -20.684980040499998 1.5000000000000002 0.84552124650000016 25.500000000000004 -38.247401349999997 -22.230084205999997 0.97631804550000012 24.275273039000002 1.0801551885000003 1.0183233475000002 0.97631804550000012
decision_type=2 2 8 2 2 10 2 2 2 2 2 2 2 2 2 2 2 2 2 2 2 2 2 2 2 2 2 2 2 2
left_child=1 2 3 -1 -3 6 12 -8 9 23 11 14 13 17 -10 16 25 21 -19 -20 -21 -4 -23 -9 -25 -16 27 28 29 -22
right_child=-2 4 5 -5 -6 -7 7 8 10 -11 -12 -13 -14 -15 15 -17 -18 18 19 20 26 22 -24 24 -26 -27 -28 -29 -30 -31
leaf_value=-0.0039266665097014049 0.013784629050598971 -0.0058845069367204185 -0.001748682625664818 -0.00010596818528511365 -0.0021342128141594373 0.0018849452363539441 -0.0038177755932609124 0.00096662060482863039 0.0010646970204757119 -0.0053703111320817145 -0.0012275728573561229 0.0033467200997742089 -0.0012602068344109607 0.0031751728627931082 0.0013316504786650817 -0.00235472253010547 0.0027665385204936541 0.0027206847317889134 -0.0017987405399661179 -0.0011323220626403786 0.00037163033530680637 -6.6620651911717028e-05 -0.0015976004306015119 -0.0025498262038565977 0.00014067464058914315 -0.0017939003772530272 -0.00057431623255287166 0.0017734816080298935 -0.001021331587623417 0.0038331952355354216
leaf_weight=4815 4847 4820 4948 7280 6268 5025 5210 4802 18306 5133 16148 5014 8004 5448 4746 7807 5332 4677 4848 9185 7107 122281 5902 6759 7676 8856 8669 7215 9120 6771
leaf_count=4815 4847 4820 4948 7280 6268 5025 5210 4802 18306 5133 16148 5014 8004 5448 4746 7807 5332 4677 4848 9185 7107 122281 5902 6759 7676 8856 8669 7215 9120 6771
internal_value=-0.000138265 -0.000158026 -0.000125266 -0.000902894 -0.00109439 -9.44129e-05 -0.000109579 -0.000285457 -0.000190929 -0.000732309 8.38072e-06 0.000195641 -2.70606e-05 7.36464e-06 6.02625e-05 -0.000235737 7.81444e-05 -3.23247e-05 0.000222059 9.68431e-05 0.000234335 -0.000142374 -9.6071e-05 -0.000388994 -0.000690791 -0.000287353 0.000433048 0.000618339 0.000396034 0.00100915
internal_weight=333019 328172 317084 12095 11088 304989 299964 95789 90579 24370 66209 50061 204175 196171 45047 26741 18934 190723 57592 52915 48067 133131 128183 19237 14435 13602 38882 30213 22998 13878
internal_count=333019 328172 317084 12095 11088 304989 299964 95789 90579 24370 66209 50061 204175 196171 45047 26741 18934 190723 57592 52915 48067 133131 128183 19237 14435 13602 38882 30213 22998 13878
is_linear=0
shrinkage=0.05


Tree=89
num_leaves=31
num_cat=0
split_feature=8 2 9 1 2 8 8 5 3 8 8 3 9 3 9 2 7 8 7 7 7 8 4 2 7 8 3 1 8 8
split_gain=3.16816 2.82999 3.14808 2.84193 9.79212 2.96001 3.11769 2.71824 2.7006 2.45023 5.44139 2.15131 2.54108 2.19857 2.10313 1.85314 6.14277 5.54414 3.20541 2.45292 2.07399 3.18322 1.81411 4.73298 3.92992 3.33966 2.6982 2.26506 2.14576 3.15426
threshold=0.69131934800000006 7.5000000000000009 15.500000000000002 67.500000000000014 3.5000000000000004 0.76366048500000006 0.80377605800000007 29.500000000000004 -39.244419957499993 0.86540467600000015 0.89296422700000011 -25.298446444499998 33.500000000000007 35.269646639500003 25.500000000000004 3.5000000000000004 0.94993144500000015 1.3078657835000003 0.94993144500000015 0.97536380700000014 0.99391202600000017 1.0539520960000004 0.76621155510965255 1.0000000180025095e-35 0.99889278250000013 0.96220362650000013 -7.2869342384999998 83.500000000000014 1.3989826220000003 1.4583205875
decision_type=2 2 2 2 2 2 2 2 2 2 2 2 2 2 2 2 2 2 2 2 2 2 8 2 2 2 2 2 2 2
left_child=-1 3 -3 5 22 -2 -7 8 -8 14 -11 12 -12 15 -10 18 -17 -18 -13 -20 -21 -22 23 24 -5 -25 -24 -27 -28 -30
right_child=1 2 -4 4 -6 6 7 -9 9 10 11 13 -14 -15 -16 16 17 -19 19 20 21 -23 26 25 -26 27 28 -29 29 -31
leaf_value=-0.0025755116751811449 0.0029724545062449997 -0.007036335506159147 0.00047328270941610014 0.0015802964429614084 -0.0042705831257807345 -0.0029884330212274187 0.0015902327830381341 0.0030193679285928851 -0.00025214962425178987 0.0025198298081148991 -0.002433676960142437 0.0017707952846668159 0.00050927680449340085 -0.0019672166082804715 -0.0029172236653874518 -0.0042408350139073172 0.00059225823235769777 -0.0028895317234598769 -0.0011068935640476082 0.0020912164882387605 -0.0017978940746028673 0.00057033257018839791 -0.0012743702920312357 0.00074641583405923168 0.00016825689869678139 0.00034459571176360926 -0.00050265400059211387 -0.0011123098602467279 0.0016759734897888714 -0.00022288196898533573
leaf_weight=5186 5187 7239 4619 7916 7004 5357 8393 8193 5570 6052 8331 7313 4684 10184 4673 5323 35217 5411 4861 4581 5748 32311 6989 8902 9456 5734 69823 15209 4805 12085
leaf_count=5186 5187 7239 4619 7916 7004 5357 8393 8193 5570 6052 8331 7313 4684 10184 4673 5323 35217 5411 4861 4581 5748 32311 6989 8902 9456 5734 69823 15209 4805 12085
internal_value=-0.000128717 -0.00010927 -0.000867404 -8.07453e-05 -0.000240422 6.03654e-05 2.27475e-05 6.32758e-05 1.43944e-05 -3.77514e-05 2.09185e-05 -5.05784e-05 -0.000658603 2.07732e-05 -0.000782105 9.15439e-05 -0.000142638 6.66934e-05 0.000287855 0.000137771 0.000259115 0.000138056 -0.000149692 0.000103023 0.000759048 -0.000278896 -0.000277035 -0.000623688 -0.000200825 0.000304823
internal_weight=332356 327170 11858 315312 147923 167389 162202 156845 148652 140259 130016 123964 13015 110949 10243 100765 45951 40628 54814 47501 42640 38059 140919 47217 17372 29845 93702 20943 86713 16890
internal_count=332356 327170 11858 315312 147923 167389 162202 156845 148652 140259 130016 123964 13015 110949 10243 100765 45951 40628 54814 47501 42640 38059 140919 47217 17372 29845 93702 20943 86713 16890
is_linear=0
shrinkage=0.05


Tree=90
num_leaves=31
num_cat=0
split_feature=4 1 4 2 5 8 8 8 2 7 7 7 7 7 7 8 2 8 1 1 2 4 7 7 9 8 9 2 8 1
split_gain=3.48911 3.41125 2.8462 2.59238 3.25977 1.97676 2.36102 6.63099 5.13015 2.6631 10.6449 3.7723 2.56129 9.11289 3.3915 3.00718 3.76092 6.99162 3.45076 2.64393 5.52669 3.42414 3.47032 6.72404 3.9615 2.48797 2.3826 2.80282 2.28508 3.22875
threshold=0.31590727960229092 114.50000000000001 1.9872758246888045 7.5000000000000009 9.5000000000000018 1.6712448535000004 1.3109496115000001 1.2922678700000001 3.5000000000000004 1.0183233475000002 1.0575228460000001 1.0838404605000003 1.0563097930000003 1.0629679565000003 1.0445113095 1.0260839095000003 1.5000000000000002 1.2271159115000001 68.500000000000014 44.500000000000007 4.5000000000000009 0.79129468432128502 0.99889278250000013 0.93700084550000018 17.500000000000004 0.84791830200000018 41.500000000000007 4.5000000000000009 1.3938727930000001 81.500000000000014
decision_type=8 2 8 2 2 2 2 2 2 2 2 2 2 2 2 2 2 2 2 2 2 10 2 2 2 2 2 2 2 2
left_child=1 -1 3 5 -5 6 7 12 9 -8 -11 -12 14 -14 19 -15 17 -17 26 -2 21 22 23 25 -25 -21 27 -18 -13 -30
right_child=2 -3 -4 4 -6 -7 8 -9 -10 10 11 28 13 15 -16 16 18 -19 -20 20 -22 -23 -24 24 -26 -27 -28 -29 29 -31
leaf_value=-0.0029607966094001062 0.00028717292413640063 -6.8369836230735003e-05 0.0019355823499679289 -0.0070528016895852128 -0.00070282057629307137 0.00127669150078646 -0.0011779786938158521 0.0023972105707803799 -0.0035283810080473954 0.0024195077197993911 -0.00257558161700671 -0.001272806129042242 0.0052198980788132308 0.0015887569471554125 -0.0019102215756524954 -0.00050503541231427293 0.00091931643606373524 0.0030642631365571204 -0.003047906457643329 -0.0018834696451824379 -0.0030962902038797107 -0.00062274121724620183 -0.00073140818960835204 0.00058997923363825493 0.0023120594848915531 0.00024884559239311235 -0.0026295454106833806 -0.0016827927066459755 0.0010513982999290651 -0.00068007916518177417
leaf_weight=5164 68188 4624 5497 4767 7533 8029 5059 6090 7293 5794 4873 8554 5270 5930 9571 8592 9439 4762 4849 6058 7878 63866 9936 7872 6724 10572 4989 5001 9984 9460
leaf_count=5164 68188 4624 5497 4767 7533 8029 5059 6090 7293 5794 4873 8554 5270 5930 9571 8592 9439 4762 4849 6058 7878 63866 9936 7872 6724 10572 4989 5001 9984 9460
internal_value=-0.000126091 -0.00105586 -9.78504e-05 -0.000117422 -0.000828933 -8.86802e-05 -0.00010964 -4.53406e-05 -0.000419134 -0.000214275 -7.30552e-05 -0.000421433 -8.67854e-05 0.000236295 -0.000169535 -1.37838e-06 -0.000166327 0.000507522 -0.000537002 -0.00012104 -0.000269505 -0.000173661 0.000181941 0.000440907 0.00122389 -0.000246469 -0.000239015 8.65339e-05 -0.000197837 0.000101804
internal_weight=332218 9788 322430 316933 12300 304633 296604 245587 51017 43724 38665 32871 239497 48832 190665 43562 37632 13354 24278 181094 112906 105028 41162 31226 14596 16630 19429 14440 27998 19444
internal_count=332218 9788 322430 316933 12300 304633 296604 245587 51017 43724 38665 32871 239497 48832 190665 43562 37632 13354 24278 181094 112906 105028 41162 31226 14596 16630 19429 14440 27998 19444
is_linear=0
shrinkage=0.05


Tree=91
num_leaves=31
num_cat=0
split_feature=7 0 8 7 6 8 8 8 7 8 7 7 7 8 8 8 7 8 7 7 7 8 7 7 4 7 4 4 8 3
split_gain=3.30999 3.05807 4.51327 4.00783 2.58667 2.30321 7.4561 2.52877 2.63585 7.62458 7.80139 4.04893 4.01562 2.98 2.95956 6.26747 10.6042 5.87509 2.98123 4.10867 4.34324 5.91315 5.18471 3.14396 2.9871 5.6884 4.10968 2.9468 2.87414 3.83283
threshold=1.1229187270000003 94.500000000000014 0.77793374000000004 1.1092861080000003 1.5000000000000002 1.4992900485000002 1.4151254285000003 1.3078657835000003 1.0563097930000003 1.1318326185000003 1.0731915865000003 1.0731915865000003 1.0437164150000002 1.2237114120000003 1.2463057665000001 1.1831267190000003 1.0000053235000002 1.1505799880000003 1.0329430635000001 0.99967947350000008 0.97754740050000011 0.95550089700000018 0.95813489450000011 0.94667231500000015 0.87090300162137402 0.9225350630000001 1.0330200618230949 0.84733515173618079 1.0117252615000003 -5.2964884334999995
decision_type=2 2 2 2 2 2 2 2 2 2 2 2 2 2 2 2 2 2 2 2 2 2 2 2 8 2 10 10 2 2
left_child=1 2 -1 4 5 6 7 8 12 10 -10 -11 14 -13 15 17 -17 18 19 20 22 -22 23 24 -4 26 -26 -23 29 -24
right_child=-2 -3 3 -5 -6 -7 -8 -9 9 11 -12 13 -14 -15 -16 16 -18 -19 -20 -21 21 27 28 -25 25 -27 -28 -29 -30 -31
leaf_value=-0.002218391450830518 0.00046901743898119798 0.00040225111057336612 0.00028053121085197156 -0.0015588379080909629 -0.0010962824154579496 -0.0014072754644544813 0.0025256544300219083 -0.000959106893088612 0.0040208438075897144 -0.0023810247768309796 0.00027167663002750461 -0.00080573526259215377 -0.0016626837904999598 0.0028840003162338562 0.0014375114321468591 -0.0045625967780935214 0.00016495301276666405 0.003075870035243438 0.0019218998390634963 -0.0012497396810931935 -0.001192725087423979 0.0026375913423954409 -0.0017610089618227494 0.0013227829405580537 -0.0016308543807733952 -0.0023246170071682336 0.0025023523825165534 0.0008404116427612057 -0.0020845363681530156 0.00081143043102482881
leaf_weight=11079 46451 60655 23950 7664 19353 6200 4835 13410 4606 5055 5161 5133 8395 4548 6925 4558 5672 6825 4775 23117 5747 4542 4585 7746 5047 5996 4567 5684 5154 4529
leaf_count=11079 46451 60655 23950 7664 19353 6200 4835 13410 4606 5055 5161 5133 8395 4548 6925 4558 5672 6825 4775 23117 5747 4542 4585 7746 5047 5996 4567 5684 5154 4529
internal_value=-0.000125676 -0.000189359 -0.000274346 -0.000223334 -0.00018157 -0.000124541 -9.19892e-05 -0.000145308 -9.07776e-05 0.000387015 0.00147002 -0.000331051 -0.000175739 0.000267911 -0.000106975 -0.000163839 -0.00134832 -5.58492e-05 -0.0001479 -0.000205824 -3.13995e-05 0.000703153 -0.000221992 3.0013e-05 -0.000150387 -0.000688442 6.54942e-05 0.0014241 -0.00105724 -0.000523085
internal_weight=331964 285513 224858 213779 206115 186762 180562 175727 162317 24503 9767 14736 137814 9681 129419 122494 10230 112264 105439 100664 77547 15973 61574 47306 39560 15610 9614 10226 14268 9114
internal_count=331964 285513 224858 213779 206115 186762 180562 175727 162317 24503 9767 14736 137814 9681 129419 122494 10230 112264 105439 100664 77547 15973 61574 47306 39560 15610 9614 10226 14268 9114
is_linear=0
shrinkage=0.05


Tree=92
num_leaves=31
num_cat=0
split_feature=0 6 2 7 0 0 2 3 2 2 7 7 7 3 0 3 7 7 3 7 7 7 7 3 7 7 2 7 7 7
split_gain=2.90574 3.1789 2.18987 7.72911 4.37563 2.49626 3.20231 2.65398 2.4713 5.34477 5.04179 3.75176 2.69675 4.25841 2.34409 2.01269 3.33085 1.75746 1.70218 1.70135 3.23967 1.61106 1.57445 1.47496 3.02863 2.96104 1.8757 6.65074 4.60534 3.5665
threshold=117.50000000000001 2.5000000000000004 5.5000000000000009 1.0061706605000003 88.500000000000014 48.500000000000007 1.5000000000000002 -0.6342647119999999 1.5000000000000002 2.5000000000000004 0.94993144500000015 1.1350018475000001 1.0607328465000003 -2.4912250874999997 101.50000000000001 -10.503064728499998 1.0205589460000002 0.92120249550000011 -25.805010077499997 1.0320909540000003 0.96530230600000011 0.90495753450000016 1.0906577955000001 -0.91579646499999989 0.91589081200000011 0.95113031850000007 1.0000000180025095e-35 1.0038369515000001 1.0640450860000004 1.0028781850000004
decision_type=2 2 2 2 2 2 2 2 2 2 2 2 2 2 2 2 2 2 2 2 2 2 2 2 2 2 2 2 2 2
left_child=1 2 5 4 -4 6 23 15 19 10 -10 12 13 -12 -5 16 -8 -6 -19 20 -7 -11 -21 24 -1 -26 27 -27 -29 -28
right_child=-2 -3 3 14 17 8 7 -9 9 21 11 -13 -14 -15 -16 -17 -18 18 -20 22 -22 -23 -24 -25 25 26 29 28 -30 -31
leaf_value=-0.0010562162588601631 0.013244696429870079 -0.0033195835570351967 -0.0043020857728094516 -0.00033254981613141415 0.00061540971869817945 5.8088155592819977e-05 -0.0013033065541606739 0.00015920576428090562 0.0033509888777725283 -0.0011907204855312139 -0.00097849345826748146 0.003751288039512276 -0.0010353632352388849 0.0021401245554989652 0.0051671672536667893 -0.0018351294493966963 0.00065225710184319897 -0.000606306439910074 -0.0040281946709036847 0.0011706206595063361 -0.0027626373081523457 0.00011599936852513254 -0.00092292052645986337 -0.00038524309142078572 0.0017636298886888526 0.0015557362233000901 -0.0015766702382645787 -0.0012640710035277177 0.0012760054108749827 0.00045986529834701604
leaf_weight=7492 4846 6566 6396 5927 5096 4561 11087 10652 5641 10442 5111 4521 5615 8038 5870 13343 4665 6519 8197 4739 5122 86800 5334 49623 5623 6107 5412 5045 7100 10301
leaf_count=7492 4846 6566 6396 5927 5096 4561 11087 10652 5641 10442 5111 4521 5615 8038 5870 13343 4665 6519 8197 4739 5122 86800 5334 49623 5623 6107 5412 5045 7100 10301
internal_value=-0.000107763 -0.000125785 -0.000103455 -0.000459749 -0.000938085 -5.5494e-05 -0.000209228 -0.000587016 8.82609e-05 0.000169686 0.000766305 0.000441175 0.000129468 0.000521133 0.000602863 -0.000834194 -0.000451229 -0.000570723 -0.00084777 -0.00043166 -0.000904729 -7.81634e-06 2.33169e-05 -5.39264e-05 0.000146542 0.000321015 0.00014498 0.000489674 -0.000187244 -0.000255441
internal_weight=331791 326945 320379 38005 26208 282374 136450 39747 145924 126168 28926 23285 18764 13149 11797 29095 15752 19812 14716 19756 9683 97242 10073 96703 47080 39588 33965 18252 12145 15713
internal_count=331791 326945 320379 38005 26208 282374 136450 39747 145924 126168 28926 23285 18764 13149 11797 29095 15752 19812 14716 19756 9683 97242 10073 96703 47080 39588 33965 18252 12145 15713
is_linear=0
shrinkage=0.05


Tree=93
num_leaves=31
num_cat=0
split_feature=4 3 9 4 7 8 2 0 2 0 3 8 2 7 7 7 7 8 8 7 7 0 2 3 8 2 8 7 7 7
split_gain=3.09883 4.35464 2.74803 3.49126 2.46448 3.76314 1.79765 1.68564 2.36465 3.04244 2.82744 1.86125 6.78595 4.91466 3.53428 10.7297 5.12767 3.63882 4.49359 3.14413 2.78896 1.85651 2.659 2.82706 2.99189 5.07855 2.1102 3.65583 6.63836 3.56148
threshold=0.36763814755456808 -11.796539283499998 5.5000000000000009 1.7033585699110478 1.2268644580000003 1.6712448535000004 5.5000000000000009 107.50000000000001 6.5000000000000009 96.500000000000014 35.269646639500003 1.3109496115000001 3.5000000000000004 1.1249927920000002 1.0222017195000002 1.0584166585000003 1.1707504705000003 1.4583205875 1.3773010990000001 1.1522298355000002 1.0999404950000002 77.500000000000014 4.5000000000000009 -13.432584267999998 1.0025047235000002 2.5000000000000004 1.1100206280000002 0.96724136100000013 0.99693670000000012 0.9455878135000001
decision_type=8 2 2 10 2 2 2 2 2 2 2 2 2 2 2 2 2 2 2 2 2 2 2 2 2 2 2 2 2 2
left_child=1 -1 6 4 5 7 -2 8 10 -10 11 13 14 20 -13 -16 17 18 -17 -15 21 22 23 24 -4 -26 29 -28 -29 -25
right_child=2 -3 3 -5 -6 -7 -8 -9 9 -11 -12 12 -14 19 15 16 -18 -19 -20 -21 -22 -23 -24 26 25 -27 27 28 -30 -31
leaf_value=-0.0042914029599805132 -0.00048898120867139005 -0.00023438221264963064 -0.00013574431943395195 0.0036263584514528292 -0.0013871387708407354 0.0023591732047101611 -0.0041120686437420275 0.0014268387134716899 -0.00310271285949638 4.0863137144620147e-06 -0.0027197297270115548 -0.0013227338474611407 -0.0039279034799702449 0.0034730420199751626 0.0027329962653788401 -0.0016001799430208797 0.0021958030079725121 -0.0019026893729875258 0.00087591210807813418 0.00026575601319469248 -0.0015576476188830528 0.00054030950541143318 -0.0020530759006941149 -0.00083893337524424912 0.0031860954459619118 0.00024611859005319405 0.0010110892300919387 -0.002654178244038454 -0.0004615093083165732 0.00041184525900669791
leaf_weight=4506 22784 7896 14846 4593 8486 4778 6561 26110 5390 5442 7713 4762 4663 5171 4851 5693 4754 6457 6155 4706 7400 47414 8072 20474 5198 7274 4942 4657 23522 36525
leaf_count=4506 22784 7896 14846 4593 8486 4778 6561 26110 5390 5442 7713 4762 4663 5171 4851 5693 4754 6457 6155 4706 7400 47414 8072 20474 5198 7274 4942 4657 23522 36525
internal_value=-0.000120179 -0.000895463 -9.00612e-05 -4.34071e-05 -6.54219e-05 -3.96981e-05 -0.000551109 -6.41278e-05 -0.00010466 -0.000826798 -7.13921e-05 -3.94666e-05 -0.000362213 2.3894e-05 -0.000107416 0.000107468 -0.00034231 -0.000722284 -0.000201638 0.00110959 -3.56028e-05 5.0876e-06 -9.56073e-05 -3.52523e-05 0.000410276 0.000981004 -0.00017032 -0.000487685 -0.000707672 1.41206e-05
internal_weight=331795 12402 319393 290048 285455 276969 29345 272191 246081 10832 235249 227536 37335 190201 32672 27910 23059 18305 11848 9877 180324 172924 125510 117438 27318 12472 90120 33121 28179 56999
internal_count=331795 12402 319393 290048 285455 276969 29345 272191 246081 10832 235249 227536 37335 190201 32672 27910 23059 18305 11848 9877 180324 172924 125510 117438 27318 12472 90120 33121 28179 56999
is_linear=0
shrinkage=0.05


Tree=94
num_leaves=31
num_cat=0
split_feature=4 3 9 4 1 2 1 3 1 2 5 1 8 8 8 4 3 8 8 2 2 8 8 9 8 8 8 8 8 8
split_gain=3.94639 5.05168 3.08964 2.90646 1.41247 2.60815 3.08322 2.79957 1.51231 2.39651 1.91768 1.61299 1.59072 5.58134 4.31561 2.18414 1.58043 2.85854 2.4309 1.41449 2.55141 6.40809 5.7139 2.8764 2.41699 5.80711 7.62584 4.44448 2.60047 1.97001
threshold=0.44216914617872494 -16.965990684499996 4.5000000000000009 1.7033585699110478 12.500000000000002 6.5000000000000009 22.500000000000004 35.269646639500003 66.500000000000014 2.5000000000000004 25.500000000000004 82.500000000000014 1.2618163615000004 1.3078657835000003 1.1970158730000002 0.64887298102333657 -4.6680788494999996 0.88416965650000012 0.97265127900000015 1.5000000000000002 2.5000000000000004 1.1588549085000002 1.3628059890000002 35.500000000000007 0.99996303200000003 1.1640513860000004 1.2618163615000004 0.95085857150000008 1.1263025625000003 1.2055926885000001
decision_type=8 2 2 10 2 2 2 2 2 2 2 2 2 2 2 10 2 2 2 2 2 2 2 2 2 2 2 2 2 2
left_child=1 -1 -2 4 -4 7 -7 8 19 10 12 -11 14 -14 15 -10 -17 -18 -19 -6 21 23 -23 -21 27 28 29 -22 -26 -27
right_child=2 -3 3 -5 5 6 -8 -9 9 11 -12 -13 13 -15 -16 16 17 18 -20 20 24 22 -24 -25 25 26 -28 -29 -30 -31
leaf_value=-0.0034337416631080734 -0.0010536844956196231 -0.00027276483145539351 0.0013011584273271821 0.0032853398135373295 -0.00058593864023527922 4.0193191529070428e-05 -0.0034996848378188398 -0.002474813469477811 0.00079857513005698703 -0.00056652697248736042 -0.0013962522103958524 -0.0021387440410479725 0.0023196952755167562 -1.7615443639006692e-05 -0.0016085482470310733 -0.00076467276152641776 0.0021719596850453466 -0.0018621928744006297 0.00021435581187595259 0.0036899541162302013 7.7844438735074023e-05 -0.0022652072696144241 0.0019416022995521949 0.0010383004767516855 -0.00086933160780849103 0.0034445675019863426 -0.00071096366568896251 0.0023220522445459753 -0.0031980632422884438 0.0016259008519616269
leaf_weight=6611 21488 12264 27479 4777 12977 5178 5682 8680 9561 13258 5470 5300 5186 24846 8982 13351 4717 6301 21940 4563 26649 6121 4521 6347 21175 5075 14367 8870 4829 5800
leaf_count=6611 21488 12264 27479 4777 12977 5178 5682 8680 9561 13258 5470 5300 5186 24846 8982 13351 4717 6301 21940 4563 26649 6121 4521 6347 21175 5075 14367 8870 4829 5800
internal_value=-0.000112301 -0.000814355 -7.00183e-05 -2.7432e-05 -4.77852e-05 -8.38507e-05 -0.000842155 -5.07463e-05 -1.88596e-05 -0.000145565 -4.90252e-05 -0.000667458 3.47656e-06 0.00030429 -0.000135838 2.77393e-05 -0.000114329 7.15942e-05 -0.000118779 0.000105358 0.000164462 0.000651295 -0.00022166 0.00150252 4.35046e-05 -0.000176193 0.000364002 0.000360459 -0.000700528 0.00136259
internal_weight=332365 18875 313490 292002 287225 259746 10860 248886 240206 118912 100354 18558 94884 30032 64852 55870 46309 32958 28241 121294 108317 21552 10642 10910 86765 51246 25242 35519 26004 10875
internal_count=332365 18875 313490 292002 287225 259746 10860 248886 240206 118912 100354 18558 94884 30032 64852 55870 46309 32958 28241 121294 108317 21552 10642 10910 86765 51246 25242 35519 26004 10875
is_linear=0
shrinkage=0.05


Tree=95
num_leaves=31
num_cat=0
split_feature=6 7 2 0 3 7 7 7 2 7 0 7 9 7 2 7 7 7 7 4 0 7 7 7 7 7 7 2 7 7
split_gain=2.87689 2.20855 3.06033 4.79012 2.93559 3.51689 2.95906 5.1971 7.31678 7.68267 4.39809 3.68779 3.12987 2.48964 2.308 6.03336 3.94547 9.69012 5.50889 4.83739 4.67461 5.03133 4.78627 3.13438 8.83641 3.60158 5.09755 3.54625 7.95667 6.85336
threshold=2.5000000000000004 1.0142381880000002 5.5000000000000009 86.500000000000014 19.337577585500004 0.97919752400000004 0.99967947350000008 0.97838995950000007 1.0000000180025095e-35 0.98398051450000013 51.500000000000007 1.0000053235000002 31.500000000000004 0.9726132500000001 1.0000000180025095e-35 1.0666651580000002 1.0607328465000003 1.0504484700000003 1.0423911465000002 1.4200627148663945 54.500000000000007 1.0301846000000003 1.0243316185000002 1.1303612510000003 1.1460201665000003 1.1659978160000002 1.2268644580000003 2.5000000000000004 1.0906577955000001 1.0758004030000003
decision_type=2 2 2 2 2 2 2 2 2 2 2 2 2 2 2 2 2 2 2 10 2 2 2 2 2 2 2 2 2 2
left_child=1 2 4 -4 6 -6 7 13 -9 -10 -11 -8 -13 -1 15 -3 17 18 20 23 21 -16 -22 27 -25 -26 -27 28 29 -18
right_child=-2 14 3 -5 5 -7 11 8 9 10 -12 12 -14 -15 16 -17 19 -19 -20 -21 22 -23 -24 24 25 26 -28 -29 -30 -31
leaf_value=-0.00023852450322549127 -0.0029234456218921803 -0.0014809908628782018 -0.004145867100684336 -0.00095504828298962707 0.003428936476264681 -0.00084384122488726117 -0.0038857667248745065 0.0019576430271766119 0.00341817623163259 -0.0021259759319177405 0.00053959457948925477 0.00025439606431258932 -0.0021010202099882068 -0.0016067492991741154 0.00038452348089046672 0.00020006234735927541 -0.0024251458433907315 0.0037682129699091907 -0.0014291338135694939 0.0037298620474906933 0.003270462283870919 0.003049774666661547 -0.0012686460909754798 0.0028811893648682321 -0.0025047255907383382 0.0018267398160031582 -0.0018563690470299128 -6.9976259313620485e-05 -0.0023945913910871112 0.0018455831881764374
leaf_weight=79722 7068 10452 5908 23589 6439 4817 5435 4769 4585 5727 7713 10970 4545 6279 6318 22445 4607 9270 8475 7238 6964 4636 11968 6364 4634 8861 5605 22617 8985 5027
leaf_count=79722 7068 10452 5908 23589 6439 4817 5435 4769 4585 5727 7713 10970 4545 6279 6318 22445 4607 9270 8475 7238 6964 4636 11968 6364 4634 8861 5605 22617 8985 5027
internal_value=-9.67073e-05 -7.4993e-05 -0.000199059 -0.00066216 -0.00010216 0.00067223 -0.000169365 -6.45692e-05 0.000606604 0.000145589 -0.00045742 -0.000713435 -0.000320555 -0.000242484 6.19522e-05 -0.000309557 0.000162492 0.00051736 0.000166683 -6.61332e-05 0.000485764 0.0013076 1.00321e-05 -0.000199387 0.000236757 -0.00030097 8.77605e-05 -0.00046871 -0.000979651 1.86729e-05
internal_weight=332032 324964 170498 29497 141001 11256 129745 108795 22794 18025 13440 20950 15515 86001 154466 32897 121569 47631 38361 73938 29886 10954 18932 66700 25464 19100 14466 41236 18619 9634
internal_count=332032 324964 170498 29497 141001 11256 129745 108795 22794 18025 13440 20950 15515 86001 154466 32897 121569 47631 38361 73938 29886 10954 18932 66700 25464 19100 14466 41236 18619 9634
is_linear=0
shrinkage=0.05


Tree=96
num_leaves=31
num_cat=0
split_feature=9 3 0 0 2 0 8 7 7 9 8 7 3 3 7 7 3 7 8 2 8 7 7 9 5 0 2 3 3 8
split_gain=2.61126 2.61557 1.99608 1.93243 1.91323 2.61757 2.33564 3.45091 3.85326 2.68654 1.74228 2.14786 4.72622 5.48687 3.75521 8.46421 3.39765 2.43314 2.61017 2.25842 2.06561 3.99142 3.61518 1.61116 2.85934 2.62081 3.70804 2.73398 1.568 2.23041
threshold=9.5000000000000018 -19.270891765499996 110.50000000000001 87.500000000000014 4.5000000000000009 66.500000000000014 1.1912749420000002 0.9726132500000001 0.9253556475000001 15.500000000000002 0.77793374000000004 0.95813489450000011 12.931751794000002 -27.399796712499995 0.97631804550000012 0.98203505650000011 -24.818994678499994 0.94667231500000015 0.85095842600000016 1.5000000000000002 1.0586509240000002 0.90495753450000016 0.92847607600000004 24.500000000000004 27.500000000000004 41.500000000000007 1.5000000000000002 -3.5501908694999993 13.326599906500002 1.2763179770000004
decision_type=2 2 2 2 2 2 2 2 2 2 2 2 2 2 2 2 2 2 2 2 2 2 2 2 2 2 2 2 2 2
left_child=1 3 4 -1 10 -6 7 8 -7 -9 -2 12 13 -12 19 -16 -17 18 -15 -13 21 -20 -23 25 28 26 -18 -28 29 -25
right_child=2 -3 -4 -5 5 6 -8 9 -10 -11 11 14 -14 17 15 16 23 -19 20 -21 -22 22 -24 24 -26 -27 27 -29 -30 -31
leaf_value=-0.0036799643678044253 -0.0012845258911677671 -0.00042064911927168616 0.0028268187981924787 -0.0013677138598210761 -0.0034073606846364846 0.00037568525909703013 -0.0026393786898651632 -0.0017741502164316482 -0.0031857097672186281 0.0013208919690149039 0.0023386962545351138 -0.0020514663467830225 0.0032467413379746752 0.0013616284811502925 0.0032986991947568673 -0.0018615363472301129 0.00032312934458962432 0.0015376779636977951 -0.0024500605516045815 -0.00044086374461778659 0.00046596811044210108 0.001238301870518377 -0.0014318565714144455 -0.00062890738926668676 0.0018444393235470123 0.0010606873429252481 -0.0020827619139325393 4.3819953702933746e-05 -0.001171303104750147 0.00040035415625107605
leaf_weight=4660 6168 58922 17116 4846 4540 7069 4603 4594 7521 14708 4982 4934 4509 5409 4891 5259 26785 5887 7638 8591 5962 4511 4722 28977 7559 19208 5713 4513 19208 18497
leaf_count=4660 6168 58922 17116 4846 4540 7069 4603 4594 7521 14708 4982 4934 4509 5409 4891 5259 26785 5887 7638 8591 5962 4511 4722 28977 7559 19208 5713 4513 19208 18497
internal_value=-0.00010454 -0.000379789 -3.3211e-05 -0.0011492 -6.94043e-05 -0.000372329 -0.000238313 -9.46998e-05 -0.00067489 0.000343916 -5.46881e-06 2.03518e-05 0.000330085 0.000153261 -6.73101e-05 9.24391e-06 -6.44334e-05 -7.30955e-05 -0.00026587 -0.000862898 -0.000499826 -0.000782473 -8.28113e-05 -1.41812e-05 -0.000167081 0.00018773 -5.82193e-05 -0.000867952 -0.000271568 -0.000117316
internal_weight=332502 68428 264074 9506 246958 43035 38495 33892 14590 19302 203923 197755 43620 39111 154135 140610 135719 34129 28242 13525 22833 16871 9233 130460 74241 56219 37011 10226 66682 47474
internal_count=332502 68428 264074 9506 246958 43035 38495 33892 14590 19302 203923 197755 43620 39111 154135 140610 135719 34129 28242 13525 22833 16871 9233 130460 74241 56219 37011 10226 66682 47474
is_linear=0
shrinkage=0.05


Tree=97
num_leaves=31
num_cat=0
split_feature=9 5 8 8 8 7 7 7 8 0 0 7 2 3 7 7 7 9 3 8 7 7 8 9 7 2 8 0 8 8
split_gain=2.23612 2.42962 1.44765 1.65552 6.48734 6.43434 2.64371 10.5159 6.656 2.58875 2.63384 2.00155 1.40667 1.39943 3.88966 5.23285 3.59285 2.19815 2.0975 3.09361 2.7354 8.20328 7.4423 4.79739 5.61802 4.64349 3.38746 2.53223 2.51889 2.1249
threshold=4.5000000000000009 3.5000000000000004 1.6712448535000004 1.4992900485000002 1.4435879295000003 1.1439495680000002 1.1303612510000003 1.1460201665000003 1.3572194490000002 77.500000000000014 31.500000000000004 1.0758004030000003 5.5000000000000009 19.337577585500004 1.0731915865000003 1.0320909540000003 1.0028781850000004 34.500000000000007 -11.582993547999999 1.1942968215000003 0.99889278250000013 1.0046301695000002 1.0260839095000003 19.500000000000004 0.97536380700000014 3.5000000000000004 0.91760223650000017 72.500000000000014 0.91327798100000013 1.1942968215000003
decision_type=2 2 2 2 2 2 2 2 2 2 2 2 2 2 2 2 2 2 2 2 2 2 2 2 2 2 2 2 2 2
left_child=12 -2 3 4 6 -5 8 -8 13 10 -9 -10 -1 18 15 16 17 -15 19 20 23 -22 -23 -3 25 26 -25 -24 -27 -20
right_child=1 2 -4 5 -6 -7 7 9 11 -11 -12 -13 -14 14 -16 -17 -18 -19 29 -21 21 22 27 24 -26 28 -28 -29 -30 -31
leaf_value=-0.00055739378219264203 -0.0014098059469410829 -0.00083240403110499566 0.0011092069184241321 -0.0022292565602857364 0.0020005422453051552 0.00084614813020348354 0.0030316243757772111 0.00035419037600753972 -0.0034457437116059905 0.0022067921332349165 -0.0022211579195959268 -0.00064359470438328059 -0.0043538595507458958 -0.00021960451339540513 -0.0022042902397233534 0.005576465222642428 -0.0027186666476673948 0.0032563129628441776 -0.00022200271034844094 0.0014708436884524599 -0.0041567176463565628 0.0023295901700801998 -0.0024703779009180096 0.0018802008756065908 0.0027316684806439765 -0.0019222194894335119 0.00027535189072861864 -0.00020822680699360697 0.00063679332034108653 -0.00093410790110453723
leaf_weight=23032 7872 20280 7810 6257 6862 7126 6360 4737 5591 4573 6480 4879 5173 5900 5602 5304 4557 4954 99568 8481 5108 7870 4768 5369 6091 7691 5773 4517 5733 27677
leaf_count=23032 7872 20280 7810 6257 6862 7126 6360 4737 5591 4573 6480 4879 5173 5900 5602 5304 4557 4954 99568 8481 5108 7870 4768 5369 6091 7691 5773 4517 5733 27677
internal_value=-0.000126281 -8.67373e-05 -6.36664e-05 -8.18788e-05 -5.54192e-05 -0.000624814 -9.432e-05 0.000428796 -0.000141485 -0.000262743 -0.00067145 -0.0013747 -0.00055211 -8.65694e-05 0.000257008 0.000573117 0.000106706 0.000601343 -0.000129853 6.78807e-05 -3.68839e-05 -0.000499148 2.47657e-05 0.000165187 0.000559812 0.000222619 0.000976943 -0.000933801 -0.000403605 -0.000256779
internal_weight=331995 303790 295918 288108 274725 13383 267863 22150 245713 15790 11217 10470 28205 235243 26317 20715 15411 10854 208926 81681 73200 22263 17155 50937 30657 24566 11142 9285 13424 127245
internal_count=331995 303790 295918 288108 274725 13383 267863 22150 245713 15790 11217 10470 28205 235243 26317 20715 15411 10854 208926 81681 73200 22263 17155 50937 30657 24566 11142 9285 13424 127245
is_linear=0
shrinkage=0.05


Tree=98
num_leaves=31
num_cat=0
split_feature=4 3 9 8 0 2 4 8 7 8 8 7 8 4 4 7 8 7 7 8 8 7 8 8 8 3 3 8 8 8
split_gain=2.34874 3.89418 2.52062 2.27943 2.02008 2.17078 2.02823 1.84195 5.73599 4.91456 2.10269 5.8747 3.12739 1.80367 1.71328 2.08804 4.56754 3.23845 2.5659 1.54858 4.71044 3.59087 2.86095 7.26673 4.8573 3.97116 2.46884 2.33465 3.16032 4.51488
threshold=0.31590727960229092 -6.2613083744999996 2.5000000000000004 1.6712448535000004 117.50000000000001 7.5000000000000009 0.76303206761758635 1.4992900485000002 1.1439495680000002 1.4435879295000003 1.3572194490000002 1.0812419045000001 1.3938727930000001 0.76943089093853934 1.5390651465205558 1.1249927920000002 1.2592987655000003 1.1108714775000001 1.1522298355000002 0.99361192700000012 0.96876116550000013 0.81406633500000003 1.0143242110000001 1.0260839095000003 1.0396849785000002 1.4494967760000002 -40.411667414999989 1.0877557720000002 1.1208789765000002 1.134337616
decision_type=8 2 2 2 2 2 10 2 2 2 2 2 2 10 10 2 2 2 2 2 2 2 2 2 2 2 2 2 2 2
left_child=1 -1 13 4 5 7 -7 9 -9 10 14 -12 -13 -2 15 17 18 19 -17 20 21 -4 25 -24 -25 -21 -23 -26 -29 -30
right_child=2 -3 3 -5 -6 6 -8 8 -10 -11 11 12 -14 -15 -16 16 -18 -19 -20 22 -22 26 23 24 27 -27 -28 28 29 -31
leaf_value=-0.0030385250073247912 -0.00029872009549934654 0.00013026290488846409 -0.0016230358933049787 0.001443140804915229 0.01220144652983841 -0.0054654979732699773 -0.00044927897351978817 -0.0022223926882134638 0.00059193421737092542 0.0017904058224596062 -0.0031272440104352507 -0.0010016642624060988 0.00097000245432165818 -0.0027434340658003733 -0.0016313648180501742 0.0014142719887590004 0.0031834889291092864 -0.0017424392369015974 -0.0013961011911846745 -0.0018657666681801935 0.0016972411384387814 0.002243340827937194 0.0028184854352912665 -0.0019729006802164696 0.00056842969559242466 0.0010519726928453342 -2.7777533748051377e-05 -0.001396790657973877 0.002107992284092656 -0.00026681766142282626
leaf_weight=4808 5815 4942 5208 8133 4535 5176 4933 6417 7426 7168 6242 5023 6260 6059 7159 4730 6443 5242 4706 11328 12071 5344 5519 6733 20535 4515 71406 13646 5307 59534
leaf_count=4808 5815 4942 5208 8133 4535 5176 4933 6417 7426 7168 6242 5023 6260 6059 7159 4730 6443 5242 4706 11328 12071 5344 5519 6733 20535 4515 71406 13646 5307 59534
internal_value=-0.000122351 -0.000886726 -9.92362e-05 -7.19093e-05 -9.41154e-05 -0.000110057 -0.000830039 -8.47678e-05 -0.000647387 -5.63443e-05 -9.10462e-05 -0.000620366 6.06827e-05 -0.000814043 -5.38437e-05 -3.1309e-05 0.000522852 -7.01889e-05 -0.000177948 -4.10591e-05 0.000112777 -2.30604e-05 -0.000154852 -6.53325e-05 -0.000157669 -0.000783381 6.31869e-05 -6.92752e-05 -0.00019346 -4.78839e-05
internal_weight=332363 9750 322613 310739 302606 298071 10109 287962 13843 274119 266951 17525 11283 11874 249426 242267 15879 226388 9436 221146 94029 81958 127117 111274 105755 15843 76750 99022 78487 64841
internal_count=332363 9750 322613 310739 302606 298071 10109 287962 13843 274119 266951 17525 11283 11874 249426 242267 15879 226388 9436 221146 94029 81958 127117 111274 105755 15843 76750 99022 78487 64841
is_linear=0
shrinkage=0.05


Tree=99
num_leaves=31
num_cat=0
split_feature=4 6 0 8 3 8 8 4 8 4 8 7 8 8 3 8 8 8 4 4 8 8 4 7 7 8 4 8 7 7
split_gain=2.36744 2.17416 1.59408 2.15387 1.61301 1.45017 1.42351 4.36666 4.52186 5.44349 2.06656 1.56459 1.49152 6.13405 5.13729 4.45655 2.92415 5.44161 3.02891 3.19777 2.85074 12.6319 5.68424 5.71289 8.52405 3.30974 2.176 2.12036 3.40068 1.76823
threshold=1.9872758246888045 2.5000000000000004 110.50000000000001 1.0995788130000002 49.624655780000005 0.88204568800000016 0.8314545940000001 0.56244610137483664 0.74929210700000015 0.76303206761758635 0.85095842600000016 0.9225350630000001 0.90015274200000006 0.88978217450000008 -16.056489751499996 0.91975546850000012 0.94232026850000017 0.9749352160000001 0.90884395598582868 0.73120486283240538 1.0143242110000001 1.0260839095000003 1.1070181890119197 0.98708003850000015 1.0054214725000001 1.0396849785000002 0.85021326156818178 1.0663997850000002 1.0100786505000003 0.98009628400000015
decision_type=8 2 2 2 2 2 2 8 2 10 2 2 2 2 2 2 2 2 10 10 2 2 10 2 2 2 10 2 2 2
left_child=1 2 4 5 6 -4 7 -1 -9 -10 -8 -11 13 14 -12 -14 26 18 19 -18 22 -22 23 -19 -25 -23 -17 28 -27 -29
right_child=-2 -3 3 -5 -6 -7 10 8 9 11 12 -13 15 -15 -16 16 17 20 -20 -21 21 25 -24 24 -26 27 -28 29 -30 -31
leaf_value=-0.0031498154178458194 0.0018304065739886853 -0.0025979710936048913 0.0028486649829631097 0.006338984976451841 -0.0034475078035114681 -0.0021707826220550845 0.0014457898783852929 0.0016380527294186647 0.0016623195577111509 -0.0013386690212438554 0.0013402798759722771 -0.0035466557742546527 0.0016090255490178122 -0.0040667608552736089 -0.0010878878574007809 -0.00031024842269545893 0.0006224958689385146 -8.9457735049885604e-05 -1.8718804418590623e-05 0.0034605351577014654 0.0031670672071374261 -0.0017151074259328736 0.0015720888311430391 -0.0052706736637392346 -9.9120522947643332e-05 -0.00028670075461903602 -0.0032502620361424825 -0.00080405970136368044 0.0027024505040747562 -0.0001432344995611343
leaf_weight=5828 5515 7085 6243 5105 4781 9647 6656 6423 4666 4530 5407 4609 8761 4530 8778 5724 5089 8766 6945 4580 5805 6997 4879 7119 4732 7112 5240 19998 5791 134439
leaf_count=5828 5515 7085 6243 5105 4781 9647 6656 6423 4666 4530 5407 4609 8761 4530 8778 5724 5089 8766 6945 4580 5805 6997 4879 7119 4732 7112 5240 19998 5791 134439
internal_value=-0.00010745 -0.000124821 -0.000105583 0.000315475 -0.000135234 2.83096e-05 -0.000120379 -0.000473122 -0.000125539 -0.00063541 -8.59924e-05 -0.0013446 -0.000108211 -0.000538196 -2.64283e-05 -7.49448e-05 -0.000116543 -7.72091e-05 0.000793067 0.001365 -0.000147538 -7.74935e-05 -0.000642329 -0.00100548 -0.00172107 -0.000153923 -0.000913485 -0.000109356 0.000506274 -0.000160806
internal_weight=331780 326265 319180 20995 298185 15890 293404 26056 20228 13805 267348 9139 260692 18715 14185 241977 233216 222252 16614 9669 205638 180142 25496 20617 11851 174337 10964 167340 12903 154437
internal_count=331780 326265 319180 20995 298185 15890 293404 26056 20228 13805 267348 9139 260692 18715 14185 241977 233216 222252 16614 9669 205638 180142 25496 20617 11851 174337 10964 167340 12903 154437
is_linear=0
shrinkage=0.05


Tree=100
num_leaves=31
num_cat=0
split_feature=7 6 0 0 2 7 7 3 7 8 8 8 3 9 7 3 7 7 8 8 8 3 3 8 7 7 7 2 7 8
split_gain=2.64084 2.26007 1.87493 1.77982 3.72636 3.13929 3.75617 2.87744 2.50616 2.31758 6.05683 1.3601 2.83406 1.99192 2.44037 2.1034 1.35994 1.27405 2.6403 1.46017 1.85691 5.00036 2.20891 1.98355 1.67668 4.09797 4.01572 3.94084 2.65948 1.54469
threshold=0.84552124650000016 2.5000000000000004 62.500000000000007 95.500000000000014 4.5000000000000009 1.0061706605000003 0.9272160570000002 -18.246924778999997 0.97346863700000008 0.8314545940000001 0.85802784950000011 0.88204568800000016 -10.503064728499998 47.500000000000007 0.96202659950000002 -13.686838875499998 1.0093750075000003 1.2132531175000001 1.5192940695000001 1.6712448535000004 1.3078657835000003 -12.954458743999998 32.781237475000005 1.2763179770000004 1.0584166585000003 1.0233017285000001 1.0838404605000003 1.5000000000000002 1.1249927920000002 1.1100206280000002
decision_type=2 2 2 2 2 2 2 2 2 2 2 2 2 2 2 2 2 2 2 2 2 2 2 2 2 2 2 2 2 2
left_child=2 3 -1 4 9 6 -6 -7 -8 -2 -11 12 -5 14 -13 -16 -17 19 -19 20 22 -22 23 29 25 -23 -26 28 -28 -12
right_child=1 -3 -4 11 5 7 8 -9 -10 10 17 13 -14 -15 15 16 -18 18 -20 -21 21 24 -24 -25 26 -27 27 -29 -30 -31
leaf_value=-0.0019448380644682035 -0.0016903317151203839 -0.0024964822153067867 -0.00016000375424899869 0.0032159838396901342 0.00010321149545644154 0.0017167523490180499 -0.0042422345911087454 -0.0014753382879037697 -0.0018068529642701976 0.0029718970982280097 0.00012618181229507054 -0.0032214317321597272 -0.00038576663806645059 0.0021802242824768129 -0.0019113310839528348 0.0031611911733827438 0.00022980128732859895 0.0022532538062397271 -0.00028737755945737031 0.0012772912787159623 -0.0021138433209384614 -0.0007718459167953785 -0.0029378407927827632 0.0012328968125538539 -0.0025406526077255986 0.0015211598242431958 0.00012978341666827195 0.0010636271982813195 -0.0022582742146917694 -0.00036180434670413878
leaf_weight=6782 9774 6722 4860 7619 4782 5071 5628 6154 6089 4933 86026 5716 6426 10591 7785 5980 14521 4943 6600 4605 4536 4613 4875 8184 4585 5277 5612 8750 7825 55983
leaf_count=6782 9774 6722 4860 7619 4782 5071 5628 6154 6089 4933 86026 5716 6426 10591 7785 5980 14521 4943 6600 4605 4536 4613 4875 8184 4585 5277 5612 8750 7825 55983
internal_value=-0.000102713 -7.58108e-05 -0.000842278 -5.6351e-05 -0.000113499 -0.000660681 -0.00109943 -1.55845e-05 -0.00158122 -4.66933e-05 -1.28145e-05 0.000192008 0.000620995 5.68399e-05 -0.00012968 6.07955e-05 0.000326489 -5.30567e-05 0.000457654 -8.24152e-05 -0.000103073 -0.000401428 -2.37964e-05 1.02187e-05 -0.000207545 0.00034866 -0.000413042 -0.000134509 -0.000672148 -3.34134e-05
internal_weight=331847 320205 11642 313483 254845 27724 16499 11225 11717 227121 217347 58638 14045 44593 34002 28286 20501 212414 11543 200871 196266 41198 155068 150193 36662 9890 26772 22187 13437 142009
internal_count=331847 320205 11642 313483 254845 27724 16499 11225 11717 227121 217347 58638 14045 44593 34002 28286 20501 212414 11543 200871 196266 41198 155068 150193 36662 9890 26772 22187 13437 142009
is_linear=0
shrinkage=0.05


Tree=101
num_leaves=31
num_cat=0
split_feature=0 2 0 7 3 8 0 2 7 7 7 7 4 7 8 9 8 4 0 9 4 2 7 8 3 9 0 2 4 4
split_gain=2.08293 1.84336 7.85844 3.96299 4.87832 2.35442 1.90902 2.84449 2.36725 3.18577 2.85692 3.58497 2.36725 3.30959 2.27066 3.0369 3.79353 3.27678 2.15548 1.98329 1.96265 4.48289 2.85809 2.75614 2.28573 2.40227 1.85575 1.79938 2.54402 2.42372
threshold=117.50000000000001 3.5000000000000004 49.500000000000007 0.95516812250000005 -1.5714841039999998 1.3109496115000001 40.500000000000007 1.0000000180025095e-35 1.1350018475000001 1.1972623645000002 0.95813489450000011 0.97631804550000012 1.1070181890119197 0.9088738405000002 1.4435879295000003 28.500000000000004 1.0820314650000002 1.1850704023782754 72.500000000000014 46.500000000000007 0.76621155510965255 1.0000000180025095e-35 1.0038369515000001 0.96220362650000013 -5.2964884334999995 31.500000000000004 11.500000000000002 6.5000000000000009 0.8095376440316665 0.71612826102680394
decision_type=2 2 2 2 2 2 2 2 2 2 2 2 10 2 2 2 2 10 2 2 8 2 2 2 2 2 2 2 10 10
left_child=1 6 -3 4 -4 27 20 -8 10 -10 12 -12 13 -9 15 16 -13 18 -17 -20 21 22 -1 -23 -22 26 -26 28 -5 -29
right_child=-2 2 3 5 -6 -7 7 8 9 -11 11 14 -14 -15 -16 17 -18 -19 19 -21 24 23 -24 -25 25 -27 -28 29 -30 -31
leaf_value=0.0014255946088506067 0.010851758361708957 -0.0041423774447004796 -0.00066983617117521814 0.001591549860351678 -0.0053026125955935042 -0.0018705615473616063 -0.0010058832212686741 -0.00060836087810159411 0.0029760766359063825 -0.00023467701279620743 -0.0014681258357600059 -0.00090604598600317946 0.0030656674962089995 0.0010671130899663126 0.0012954229253895409 -0.00044032021762851597 0.001654528328648559 0.001251867804342217 -0.00077347712243514585 -0.0036149141682900762 -0.0013996484567046783 0.00056160366862435948 4.4276568906567283e-05 -0.00090556599753691288 -0.0008687244021949184 -0.0020834146219317006 2.7929811482947014e-05 -0.0044103265620133569 3.5168476245297368e-05 0.00024910912672251965
leaf_weight=8833 4819 5793 23489 15014 5550 7335 6818 8875 8000 5371 6398 6398 4549 9482 5761 13985 11300 8823 4566 5030 5891 7673 8590 16688 18115 4730 43228 4528 36992 9658
leaf_count=8833 4819 5793 23489 15014 5550 7335 6818 8875 8000 5371 6398 6398 4549 9482 5761 13985 11300 8823 4566 5030 5891 7673 8590 16688 18115 4730 43228 4528 36992 9658
internal_value=-9.75374e-05 -0.00011273 -0.000281414 -0.000180169 -0.000674667 1.51623e-05 -2.93017e-05 0.000124049 0.000192402 0.000810779 9.52766e-05 -8.03821e-05 0.000572649 0.000319408 4.80585e-05 -6.00726e-05 0.000466586 -0.000347744 -0.000655263 -0.00123216 -0.000171337 0.000101222 0.000713506 -0.000336741 -0.000329588 -0.000245393 -0.00016162 0.000109369 0.000245524 -0.000389685
internal_weight=332282 327463 108359 102566 29039 73527 219104 105356 98538 13371 85167 62261 22906 18357 55863 50102 17698 32404 23581 9596 113748 41784 17423 24361 71964 66073 61343 66192 52006 14186
internal_count=332282 327463 108359 102566 29039 73527 219104 105356 98538 13371 85167 62261 22906 18357 55863 50102 17698 32404 23581 9596 113748 41784 17423 24361 71964 66073 61343 66192 52006 14186
is_linear=0
shrinkage=0.05


Tree=102
num_leaves=31
num_cat=0
split_feature=6 8 0 2 8 8 0 8 8 8 8 8 8 8 8 4 8 0 8 8 4 5 3 8 8 3 8 8 8 8
split_gain=2.76464 1.77493 2.07008 4.52304 2.34158 4.24773 3.32165 3.11096 4.77472 3.36836 3.24303 2.30475 3.5836 2.65194 6.75075 5.32315 2.26363 1.95159 1.58787 2.65041 3.74701 1.56008 1.5926 2.88439 3.27628 3.12753 2.80285 1.88988 2.85708 2.94588
threshold=2.5000000000000004 0.69131934800000006 93.500000000000014 5.5000000000000009 0.8314545940000001 0.85802784950000011 29.500000000000004 0.90015274200000006 0.91975546850000012 0.94232026850000017 0.87945863200000007 0.98186433550000007 0.96876116550000013 1.0052361115000001 1.0260839095000003 0.9273945603857191 0.78871550150000014 47.500000000000007 1.0372372480000003 1.0663997850000002 1.0122934044885177 28.500000000000004 11.182899174500003 1.6516427525000001 1.4583205875 -4.0893626474999989 1.3989826220000003 1.3572194490000002 1.2554007370000002 1.2330254055000003
decision_type=2 2 2 2 2 2 2 2 2 2 2 2 2 2 2 8 2 2 2 2 8 2 2 2 2 2 2 2 2 2
left_child=1 -1 3 4 6 -6 -3 10 -9 -10 -7 12 17 15 -15 -13 -4 -11 -16 20 -20 22 23 24 26 -26 27 28 29 -21
right_child=-2 2 16 -5 5 7 -8 8 9 11 -12 13 -14 14 18 -17 -18 -19 19 21 -22 -23 -24 -25 25 -27 -28 -29 -30 -31
leaf_value=-0.0018905593523310281 -0.0027790069604352375 0.00069454385275946942 0.0033924923855896171 -0.002453443553343428 0.0018047241124333033 9.9268798718226539e-05 -0.0021466435542758155 0.001612185809559988 -0.0019641550484374337 0.0010669461111457079 -0.0027276376792602602 -0.0020601398145813962 0.0021762885970247705 0.0016154833732189037 -0.0011620265812376141 0.00064360151699401796 0.0003390497085017222 -0.0011201022996507109 -0.00013436657572177138 -0.00016264476021691628 0.0022016424496497343 0.0014011972488500763 -0.00091185136015190156 0.0014073769188682247 -0.0022543076989320824 -0.00041056648974201193 0.00088965701194364938 -0.0012516650582028008 0.00063292338068537263 -0.0016106624312422606
leaf_weight=4877 7081 4563 4695 11664 6189 5300 9704 6300 8310 5046 6701 7876 5286 8696 4774 5786 59363 5179 7006 52152 4615 5487 24317 6808 4565 7842 7623 6917 21466 5862
leaf_count=4877 7081 4563 4695 11664 6189 5300 9704 6300 8310 5046 6701 7876 5286 8696 4774 5786 59363 5179 7006 52152 4615 5487 24317 6808 4565 7842 7623 6917 21466 5862
internal_value=-9.62202e-05 -7.49149e-05 -6.04829e-05 -0.000124084 -7.81598e-05 -3.9613e-05 -0.000699623 -7.53409e-05 -3.09802e-05 -7.25386e-05 -0.000858322 -3.09933e-05 0.000553943 -8.09156e-05 -2.6468e-05 -0.000750715 0.000193714 7.33019e-06 -0.000100478 -7.2739e-05 0.000653276 -0.000131744 -0.000164733 -8.58807e-05 -0.000149721 -0.00091323 -4.89244e-05 -0.000130033 -6.1019e-05 -0.00024337
internal_weight=332050 324969 320092 256034 244370 230103 14267 223914 211913 205613 12001 197303 15511 181792 168130 13662 64058 10225 159434 154660 11621 143039 137552 113235 106427 12407 94020 86397 79480 58014
internal_count=332050 324969 320092 256034 244370 230103 14267 223914 211913 205613 12001 197303 15511 181792 168130 13662 64058 10225 159434 154660 11621 143039 137552 113235 106427 12407 94020 86397 79480 58014
is_linear=0
shrinkage=0.05


Tree=103
num_leaves=31
num_cat=0
split_feature=7 8 9 7 7 2 7 4 7 8 8 8 8 8 4 7 8 2 4 1 7 7 2 1 7 7 4 7 4 2
split_gain=2.10055 4.28455 1.79084 1.74447 3.22064 2.89868 2.19822 9.4732 2.76159 2.54168 1.63195 5.90885 8.1727 5.56858 4.84084 4.67836 4.61297 3.7941 5.43202 5.32335 3.67115 7.12741 3.37124 3.321 3.09742 4.68765 2.90925 3.36392 2.72502 2.17334
threshold=0.87473695000000007 0.91580697650000009 3.5000000000000004 0.89637365600000007 0.90495753450000016 2.5000000000000004 0.92120249550000011 0.88848677474165438 0.93700084550000018 0.96876116550000013 0.99361192700000012 1.0189477030000003 1.0299972105000001 0.95085857150000008 1.0697713457918028 0.97091154350000008 0.92937962750000014 3.5000000000000004 1.0697713457918028 40.500000000000007 1.0142381880000002 1.0329430635000001 1.5000000000000002 11.500000000000002 1.0046301695000002 0.99800425250000013 0.838575240876409 0.96724136100000013 0.78808883970587662 2.5000000000000004
decision_type=2 2 2 2 2 2 2 10 2 2 2 2 2 2 10 2 2 2 10 2 2 2 2 2 2 2 10 2 10 2
left_child=1 -1 -2 5 -5 -4 7 -6 9 -8 13 14 -13 16 -12 -15 17 18 -10 28 24 22 -22 -23 25 26 -14 -28 -19 -17
right_child=2 -3 3 4 6 -7 8 -9 10 -11 11 12 20 15 -16 29 -18 19 -20 -21 21 23 -24 -25 -26 -27 27 -29 -30 -31
leaf_value=-0.001582814201970264 -0.00082427498241801538 0.0011356969451402784 0.0021653858054358887 -0.0027758898722049833 -0.0010234557455421828 -0.00030388066495777539 -0.0023051680665251311 0.0047961076874475494 0.0018172186422046152 0.00010702604668464023 -0.0020424954902876508 0.0034206878100992559 0.00018122620118103604 0.0036078081299285563 0.0011606001974682888 -0.00074917605210380299 -0.0022760949889572809 0.0022612165131539312 -0.0011453532998311939 -0.0040382183223139894 4.6062502932511393e-05 0.0054143348152939372 0.0021406267532939438 -0.00019872043567110476 -0.0020738907159254883 0.0023396560816959875 3.1700489600314939e-05 -0.0018242296942345252 -0.00079962279893695863 0.0027015650668331982
leaf_weight=16150 19712 4569 4667 4947 6197 5104 7859 4621 8711 5371 13355 5096 11251 4611 4565 4569 8494 5603 4521 4605 5060 5572 10151 104103 8759 4800 6571 11651 12458 8436
leaf_count=16150 19712 4569 4667 4947 6197 5104 7859 4621 8711 5371 13355 5096 11251 4611 4565 4569 8494 5603 4521 4605 5060 5572 10151 104103 8759 4800 6571 11651 12458 8436
internal_value=-8.6545e-05 -0.000573973 -5.41073e-05 -2.29347e-05 -4.57021e-05 0.000633694 -2.31063e-05 0.000675412 -5.15083e-05 -0.000755574 -1.46683e-05 -8.70447e-05 2.48408e-06 0.000208181 -0.000951187 0.000960217 -9.03226e-05 0.000157646 0.000830247 -0.000235103 -5.74085e-05 7.98284e-05 0.00109391 -6.08601e-05 -0.000455656 -0.000241118 -0.000477137 -0.000867396 0.000151942 0.000474634
internal_weight=332139 20719 311420 291708 281937 9771 276990 10818 266172 13230 252942 190934 173014 62008 17920 17616 44392 35898 13232 22666 167918 124886 15211 109675 43032 34273 29473 18222 18061 13005
internal_count=332139 20719 311420 291708 281937 9771 276990 10818 266172 13230 252942 190934 173014 62008 17920 17616 44392 35898 13232 22666 167918 124886 15211 109675 43032 34273 29473 18222 18061 13005
is_linear=0
shrinkage=0.05


Tree=104
num_leaves=31
num_cat=0
split_feature=4 6 7 6 7 7 7 7 4 8 8 7 7 7 7 7 2 4 8 7 8 7 2 7 7 2 8 8 7 7
split_gain=2.26612 2.05474 1.91122 1.29421 2.11573 2.16632 2.92587 2.86246 2.82462 1.94448 2.67145 2.5101 6.5598 4.21041 2.51981 5.1079 9.0262 4.43205 2.31313 4.52016 4.83223 3.8865 3.78116 2.15772 2.20391 4.78729 2.06722 1.90995 2.91274 2.32488
threshold=1.9872758246888045 2.5000000000000004 0.81406633500000003 1.0000000180025095e-35 0.89637365600000007 0.94667231500000015 0.95619744050000011 0.9225350630000001 0.87090300162137402 0.92233349500000006 0.87664883000000005 0.97754740050000011 0.96724136100000013 0.98708003850000015 1.0320909540000003 1.0607328465000003 1.0000000180025095e-35 1.0066804572528361 1.1831267190000003 1.0758004030000003 1.3109496115000001 1.0999404950000002 1.5000000000000002 1.0243316185000002 1.0107513135000004 1.0000000180025095e-35 1.0071276700000003 1.5773862285000002 1.1249927920000002 1.1795612660000001
decision_type=8 2 2 2 2 2 2 2 10 2 2 2 2 2 2 2 2 10 2 2 2 2 2 2 2 2 2 2 2 2
left_child=1 2 -1 4 -4 7 -7 -6 -9 10 -8 12 -11 -13 23 16 -16 -18 21 -20 22 -17 -21 24 25 -15 -27 28 -22 -30
right_child=-2 -3 3 -5 5 6 9 8 -10 11 -12 13 -14 14 15 18 17 -19 19 20 27 -23 -24 -25 -26 26 -28 -29 29 -31
leaf_value=-0.0014353648417036731 0.0018943248691631071 -0.0023925288802517201 0.0010851066556546239 -0.0003252800946310936 0.00030890248094849647 0.0019118077555953614 -0.0002785368595841857 -0.00042767233270336207 -0.0024179304537349749 0.00080270783960336963 0.0028495982277452914 0.0022044448081534242 -0.0019906964477843145 0.00059903942801653237 -0.0012485873239961131 -2.8829943808280208e-05 0.0012251746332369651 0.0047268287070676967 -0.0017002342416532195 0.0030783884728425928 0.00041000909767134635 -0.0036201475118525939 0.00012578308274444752 -0.0015269388335088143 0.00078445597821715472 -0.00074886639463619595 -0.0022239708890546129 0.0010169501632494502 -0.0024575020899889654 -0.00032655424666019678
leaf_weight=6226 5516 7035 12375 145435 8828 5565 5402 6008 5410 4892 5105 5218 5455 5860 5222 7474 6342 5958 4748 6237 6823 5060 5106 4897 7813 4592 8007 7284 5908 6357
leaf_count=6226 5516 7035 12375 145435 8828 5565 5402 6008 5410 4892 5105 5218 5455 5860 5222 7474 6342 5958 4748 6237 6823 5060 5106 4897 7813 4592 8007 7284 5908 6357
internal_value=-8.62239e-05 -0.000103201 -8.45881e-05 -6.73463e-05 2.72091e-05 -2.28518e-05 4.93227e-05 -0.000505161 -0.00102775 1.15474e-06 0.000653062 -5.63077e-05 -0.00080033 1.44142e-05 -5.53569e-05 0.00010624 0.000849545 0.00158878 -0.000130633 4.55625e-05 0.000228657 -0.000727332 0.00109138 -0.00043129 -0.000251552 -0.000549449 -0.00109846 -0.00014255 -0.000405385 -0.000865934
internal_weight=332158 326642 319607 313381 167946 155571 135325 20246 11418 129760 10507 119253 10347 108906 103688 72519 17522 12300 54997 42463 37715 12534 11343 31169 26272 18459 12599 26372 19088 12265
internal_count=332158 326642 319607 313381 167946 155571 135325 20246 11418 129760 10507 119253 10347 108906 103688 72519 17522 12300 54997 42463 37715 12534 11343 31169 26272 18459 12599 26372 19088 12265
is_linear=0
shrinkage=0.05


Tree=105
num_leaves=31
num_cat=0
split_feature=8 8 7 8 7 8 7 7 8 6 7 8 7 7 7 3 7 8 8 8 8 7 3 8 8 8 3 8 8 3
split_gain=2.07576 6.47445 4.58292 6.17466 5.85972 3.92459 3.61235 2.33798 1.84276 1.73944 1.58491 2.55263 2.00676 3.90411 3.06465 4.91217 2.30019 6.28925 1.878 4.50939 4.39101 4.65054 3.4151 3.10694 4.59643 6.39714 4.62182 3.39809 6.88041 3.73672
threshold=1.4053251940000002 1.4583205875 1.0584166585000003 1.5097159270000002 1.1496716780000003 1.3572194490000002 1.1036785675000003 1.2268644580000003 1.3773010990000001 2.5000000000000004 0.87473695000000007 0.91580697650000009 0.89637365600000007 0.90495753450000016 0.91977347650000008 -8.1946058189999977 0.93700084550000018 0.95800982700000004 0.88416965650000012 0.90015274200000006 0.86540467600000015 0.98947461550000015 -30.986895252499995 0.99361192700000012 0.95085857150000008 0.92233349500000006 -5.4609897524999989 1.0143242110000001 1.0260839095000003 2.7472136385000003
decision_type=2 2 2 2 2 2 2 2 2 2 2 2 2 2 2 2 2 2 2 2 2 2 2 2 2 2 2 2 2 2
left_child=5 6 -3 -4 -5 9 -2 -6 -7 10 11 -1 -12 -14 15 -15 17 -16 20 -20 21 -18 -21 24 25 -24 -27 29 -29 -25
right_child=1 2 3 4 7 8 -8 -9 -10 -11 12 -13 13 14 16 -17 18 -19 19 22 -22 -23 23 27 -26 26 -28 28 -30 -31
leaf_value=-0.001396678447814809 0.00041309004677119186 0.0015404292734031201 -0.0032427909120305212 -0.0014479761305748412 0.0023966955050315642 -0.0025437191615487824 0.0035539364134893753 -5.4073891160884109e-05 -0.00065785887617295286 -0.0024623179485670976 0.00097512600274517994 0.00072245967600528187 -0.002710456894136942 -0.00052154163123129145 -0.0026936858628074469 0.0042619764006893105 -0.0012178652600104529 0.00053769909957422396 -0.0037201165862098839 -0.0019398848620667095 0.0030520851070585104 0.0036719926201336352 0.0020055109560585555 -0.0018189256723738071 0.0018893820841387782 0.00039053973774014542 -0.0036992509118522589 0.0026335041122473651 -0.00014255580869672408 0.0008654071624762537
leaf_weight=15417 4552 4507 4849 6586 5926 4866 5605 6630 6343 6889 10027 4502 5042 4757 8264 5077 10817 6635 4893 11331 5297 5446 6837 9702 16256 4505 5358 4919 125228 4525
leaf_count=15417 4552 4507 4849 6586 5926 4866 5605 6630 6343 6889 10027 4502 5042 4757 8264 5077 10817 6635 4893 11331 5297 5446 6837 9702 16256 4505 5358 4919 125228 4525
internal_value=-9.79828e-05 0.000246377 -0.000139986 -0.000414862 -1.0969e-05 -0.000143427 0.00132995 0.000622561 -0.00106073 -0.000106912 -8.72338e-05 -0.000516715 -5.36649e-05 -8.20571e-05 -5.30964e-05 0.000811057 -9.00594e-05 -0.000690755 -4.84395e-05 -9.77492e-05 0.000394156 -1.32173e-05 -5.88618e-05 -5.07633e-06 0.000432935 -0.000149657 -0.000964229 -0.000105072 -2.48567e-05 -0.000838604
internal_weight=331588 38655 28498 23991 19142 292933 10157 12556 11209 281724 274835 19919 254916 244889 239847 9834 230013 14899 215114 193554 21560 16263 188661 177330 32956 16700 9863 144374 130147 14227
internal_count=331588 38655 28498 23991 19142 292933 10157 12556 11209 281724 274835 19919 254916 244889 239847 9834 230013 14899 215114 193554 21560 16263 188661 177330 32956 16700 9863 144374 130147 14227
is_linear=0
shrinkage=0.05


Tree=106
num_leaves=31
num_cat=0
split_feature=2 4 7 3 4 0 7 7 3 7 7 3 0 2 5 7 4 5 4 2 7 7 7 7 7 7 7 7 3 2
split_gain=1.868 5.64834 2.84591 2.47281 2.32802 2.07604 2.17362 3.20926 2.06489 1.93805 3.70704 1.77601 2.60457 2.59771 1.68205 3.57849 1.51919 1.74436 1.72819 2.47269 2.81447 5.54484 4.1208 1.82238 4.40544 2.29975 1.66653 3.13942 1.93153 1.44856
threshold=4.5000000000000009 0.51481931355890931 1.0061706605000003 -35.52671379249999 0.74250161712917595 88.500000000000014 0.9543694155000001 1.1277034765000002 -1.0639517284999997 0.91977347650000008 0.9543694155000001 -17.286409209999995 99.500000000000014 5.5000000000000009 16.500000000000004 0.98203505650000011 1.2741598603704374 13.500000000000002 0.96581831991233036 1.5000000000000002 1.0320909540000003 1.0785493675000002 0.95813489450000011 0.97631804550000012 1.0329430635000001 1.1036785675000003 0.96428644550000009 1.0882052975000003 27.630393783500004 1.0000000180025095e-35
decision_type=2 10 2 2 10 2 2 2 2 2 2 2 2 2 2 2 8 2 10 2 2 2 2 2 2 2 2 2 2 2
left_child=5 -2 3 -3 -5 16 -7 8 -8 -6 -11 -4 -13 -14 15 -12 17 29 -19 20 22 -22 -20 -21 -25 -26 -18 -28 -29 -1
right_child=1 2 11 4 9 6 7 -9 -10 10 14 12 13 -15 -16 -17 26 18 19 23 21 -23 -24 24 25 -27 27 28 -30 -31
leaf_value=0.00048030140209819771 -0.004520944622561405 0.00049616757155070568 0.0017386693220672088 -0.0037710396872522346 0.00098838184559739482 0.0027483913897736983 -0.0026549493184829915 0.0045755880562674016 0.00066333725540009382 -0.0040624115623434723 0.002148535803329671 -0.001349266605361823 -0.0018696629853882372 0.0049170215885749602 -0.0025454302140146077 -0.0023489469972230127 0.0007616500369046807 -0.00067002066606455704 0.00058904623793310169 -0.00057641934259570235 0.001748426557759927 -0.0008269990163770999 -0.0021803493155137734 0.0027440602398381801 -0.0006853738121824312 0.0013646552477603931 -0.0016591661562525791 -0.00054791672921003151 0.0024395745825974997 1.23050873471235e-05
leaf_weight=27857 4854 9393 8511 4503 5870 5918 6129 4738 15195 6243 4621 7768 4683 5617 6452 5135 5074 32066 4761 5223 5123 8116 7487 6154 6308 5611 15172 10324 4872 82267
leaf_count=27857 4854 9393 8511 4503 5870 5918 6129 4738 15195 6243 4621 7768 4683 5617 6452 5135 5074 32066 4761 5223 5123 8116 7487 6154 6308 5611 15172 10324 4872 82267
internal_value=-7.92814e-05 -0.000301406 -0.000185028 -0.000440175 -0.000644858 -1.59648e-05 0.000361106 0.000164575 -9.70522e-05 -0.000476772 -0.000688236 0.000220244 -6.03122e-05 0.00046094 -0.000289275 0.000124986 -6.92309e-05 -1.34321e-05 -0.000189788 -2.35833e-06 -0.000342658 0.000162714 -0.000888763 0.00036994 0.000607643 4.65436e-05 -0.000369849 -0.000509994 -1.97475e-06 0.000116045
internal_weight=332045 73650 68796 42217 32824 258395 31980 26062 21324 28321 22451 26579 18068 10300 16208 9756 226415 190973 80849 48783 25487 13239 12248 23296 18073 11919 35442 30368 15196 110124
internal_count=332045 73650 68796 42217 32824 258395 31980 26062 21324 28321 22451 26579 18068 10300 16208 9756 226415 190973 80849 48783 25487 13239 12248 23296 18073 11919 35442 30368 15196 110124
is_linear=0
shrinkage=0.05


Tree=107
num_leaves=31
num_cat=0
split_feature=2 4 3 0 0 5 2 7 7 4 7 7 4 2 3 0 2 7 7 7 7 7 4 3 7 3 3 7 3 4
split_gain=2.81628 1.92863 2.72822 1.7446 1.51413 1.39773 2.6597 3.25545 3.5536 3.1267 2.73357 2.77167 2.12733 1.70334 2.71726 2.06422 3.21445 2.22182 4.1613 3.17148 3.05082 1.93595 1.75481 2.27674 2.23046 1.81955 1.6828 1.57569 1.55147 3.34763
threshold=7.5000000000000009 0.31590727960229092 -6.1002532549999993 115.50000000000001 104.50000000000001 15.500000000000002 1.0000000180025095e-35 1.1053226455000003 1.0107513135000004 1.0066804572528361 1.0640450860000004 1.0061706605000003 1.2803134669781076 1.0000000180025095e-35 -3.9567143409999996 54.500000000000007 3.5000000000000004 1.0233017285000001 0.95113031850000007 1.0445113095 0.8943654055000001 1.0666651580000002 1.0006775919503705 -5.6146964444999989 0.99889278250000013 10.520400037500002 -11.582993547999999 0.95619744050000011 -22.230084205999997 0.838575240876409
decision_type=2 8 2 2 2 2 2 2 2 10 2 2 10 2 2 2 2 2 2 2 2 2 10 2 2 2 2 2 2 10
left_child=1 2 -1 5 -2 12 7 8 -7 10 11 26 13 14 -3 16 17 18 20 -19 -15 22 23 24 28 -24 27 -8 -17 -30
right_child=4 3 -4 -5 -6 6 9 -9 -10 -11 -12 -13 -14 15 -16 21 -18 19 -20 -21 -22 -23 25 -25 -26 -27 -28 -29 29 -31
leaf_value=-0.0024550689155574744 -0.00464596862482285 0.0010461970979656621 0.00011503412865495981 0.0058638972597931235 -0.001871315421351674 -0.00050635588988758831 0.00095321374787506088 0.00047451831204326953 -0.0026136671309518128 0.00021707303453839715 -0.0018999259826945375 0.00099007770839897057 -0.0011155673505527485 -0.00084050498838769694 0.00010090988236172643 2.5413895940305109e-05 -0.0019456974815276981 0.0017936944357958553 -0.0010632415227624554 -4.0940995270363402e-06 0.0012196845052193477 0.00098127795201938955 -0.0015634084457835846 0.0017150351255759855 -0.00089476111801659063 0.00067655433615338486 -0.0017039789108319115 -0.0011615616403014685 0.0024629272291995488 2.5724387780359689e-05
leaf_weight=4737 4505 9134 4824 7187 7919 7474 4760 6390 7082 66527 8034 9161 9062 6305 19990 18826 7086 4614 17362 17294 8853 15442 7134 5454 14775 4939 10341 4592 5413 7012
leaf_count=4737 4505 9134 4824 7187 7919 7474 4760 6390 7082 66527 8034 9161 9062 6305 19990 18826 7086 4614 17362 17294 8853 15442 7134 5454 14775 4939 10341 4592 5413 7012
internal_value=-8.78612e-05 -5.91615e-05 -0.000758416 -3.76001e-05 -0.000826295 -5.58645e-05 -0.000184577 -0.000698297 -0.00111119 -8.04982e-05 -0.00044968 -0.000222462 3.37145e-05 7.35967e-05 0.000421572 1.45774e-06 -0.000215707 -8.52436e-05 -0.000347426 0.000303928 0.000257863 0.000170568 4.85372e-05 0.000175778 6.12619e-05 -0.000493874 -0.000556657 -7.05366e-05 0.000300581 0.00073411
internal_weight=332228 319804 9561 310243 12424 303056 124361 20946 14556 103415 36888 28854 178695 169633 29124 140509 61514 54428 32520 21908 15158 78995 63553 51480 46026 12073 19693 9352 31251 12425
internal_count=332228 319804 9561 310243 12424 303056 124361 20946 14556 103415 36888 28854 178695 169633 29124 140509 61514 54428 32520 21908 15158 78995 63553 51480 46026 12073 19693 9352 31251 12425
is_linear=0
shrinkage=0.05


Tree=108
num_leaves=31
num_cat=0
split_feature=4 3 9 4 5 2 7 7 8 7 8 8 2 7 7 3 2 8 8 7 7 7 9 7 8 4 9 8 8 8
split_gain=1.85895 2.31588 1.73287 1.90675 1.52802 2.55096 2.24616 4.01328 3.17464 2.86877 2.51238 3.21899 3.25309 2.79393 2.77142 2.33011 2.22722 2.25863 4.08228 2.71564 2.14071 3.99605 1.78611 1.76578 3.07165 2.13478 2.87003 1.98349 4.3797 1.96424
threshold=0.31590727960229092 -6.7641791689999993 4.5000000000000009 1.7033585699110478 15.500000000000002 1.0000000180025095e-35 1.0681136895000003 1.0504484700000003 1.2618163615000004 1.1350018475000001 1.1535191605000004 1.0092210495 3.5000000000000004 0.96303851350000014 0.97754740050000011 6.2401220540000013 1.0000000180025095e-35 1.1894146140000001 1.0000014820000003 1.0920774425000002 1.0640450860000004 0.99800425250000013 51.500000000000007 1.0233017285000001 1.0616339585000001 0.78492537866292544 23.500000000000004 0.99996303200000003 1.0052361115000001 0.8314545940000001
decision_type=8 2 2 10 2 2 2 2 2 2 2 2 2 2 2 2 2 2 2 2 2 2 2 2 2 10 2 2 2 2
left_child=1 -1 -2 4 16 20 7 8 10 -8 11 12 13 -7 -13 -16 17 18 -4 -19 21 -6 23 27 -25 -26 -27 29 -29 -18
right_child=2 -3 3 -5 5 6 9 -9 -10 -11 -12 14 -14 -15 15 -17 22 19 -20 -21 -22 -23 -24 24 25 26 -28 28 -30 -31
leaf_value=-0.0024475032259829122 -0.00074215637079310835 -6.7472635961718339e-05 6.5940164798482825e-05 0.0026251328482023786 -0.00033882273608826187 0.00019103323743488204 -0.0013386709604312293 0.0025470374203429287 -0.001618197971860094 0.00025536219633546939 0.0019599716906217235 -0.0023918560978936007 -0.00054726970243780212 0.0030441627091159574 0.00081721160557126401 -0.0013729187674288964 -0.00094885124087923606 -0.0010244795683431996 0.0020136246241958967 0.001128708843686181 -0.0001320430257357938 -0.0028113061249519702 0.0017913229265149586 0.0013925967218548795 -0.0007683152647082642 0.001162823926882027 -0.00035214577751929574 -0.0032599977706008541 -0.00038570345933652443 0.00036277739330048257
leaf_weight=4602 23405 5199 7063 4780 5745 8026 19515 7349 6527 13948 8626 5932 18202 7004 6124 5258 16870 4554 6895 4965 8046 4949 5519 10135 12156 13966 14411 4642 31500 36378
leaf_count=4602 23405 5199 7063 4780 5745 8026 19515 7349 6527 13948 8626 5932 18202 7004 6124 5258 16870 4554 6895 4965 8046 4949 5519 10135 12156 13966 14411 4642 31500 36378
internal_value=-9.22533e-05 -0.000770448 -7.16302e-05 -3.92034e-05 -5.53e-05 -0.000187657 -9.29919e-05 6.24192e-05 -6.15652e-05 -0.000432205 5.39049e-05 -8.07118e-05 0.000207298 0.000751578 -0.00063341 -0.000176518 4.27649e-05 0.000494633 0.000899519 -9.92242e-05 -0.000725528 -0.0011889 -3.01217e-05 -6.49006e-05 0.000170898 -2.3806e-05 0.000213691 -0.000198558 -0.000484412 -4.50798e-06
internal_weight=332291 9801 322490 299085 294305 125251 106511 73048 65699 33463 59172 50546 33232 15030 17314 11382 169054 23477 13958 9519 18740 10694 145577 140058 50668 40533 28377 89390 36142 53248
internal_count=332291 9801 322490 299085 294305 125251 106511 73048 65699 33463 59172 50546 33232 15030 17314 11382 169054 23477 13958 9519 18740 10694 145577 140058 50668 40533 28377 89390 36142 53248
is_linear=0
shrinkage=0.05


Tree=109
num_leaves=31
num_cat=0
split_feature=1 2 1 7 8 7 7 2 3 8 7 3 7 7 1 7 7 8 7 7 3 7 8 8 7 8 8 8 8 2
split_gain=1.62626 1.59429 6.84899 2.4619 1.87665 1.68905 3.75167 3.1637 2.90464 2.65739 4.2575 2.37232 3.208 3.99963 2.22913 1.43668 4.45536 3.62155 2.93328 8.33233 6.70156 2.66913 3.66705 5.75192 2.30677 2.10764 6.02324 3.40099 5.94516 4.40169
threshold=2.5000000000000004 3.5000000000000004 70.500000000000014 0.87473695000000007 1.3109496115000001 1.0046301695000002 0.99889278250000013 4.5000000000000009 -12.482722382999997 1.1667312910000003 1.0769784025000002 3.2642548770000004 0.91977347650000008 0.9543694155000001 35.500000000000007 0.9543694155000001 0.94667231500000015 1.1052717865000001 0.9225350630000001 0.90684916650000014 -1.5714841039999998 0.97631804550000012 1.0559896245000002 0.96220362650000013 0.98203505650000011 1.2618163615000004 1.2330254055000003 1.1751955955000002 1.1588549085000002 1.0000000180025095e-35
decision_type=2 2 2 2 2 2 2 2 2 2 2 2 2 2 2 2 2 2 2 2 2 2 2 2 2 2 2 2 2 2
left_child=-1 15 3 -3 5 6 7 8 -5 14 -11 12 -9 -14 -7 16 17 18 19 -2 -20 22 23 -17 -23 26 27 28 -26 -29
right_child=1 2 -4 4 -6 9 -8 11 -10 10 -12 -13 13 -15 -16 21 -18 -19 20 -21 -22 24 -24 -25 25 -27 -28 29 -30 -31
leaf_value=0.0079582175024724006 -0.00051107861998509244 -0.0018938283280214064 -0.003674554506763167 0.0020324090875447798 -0.0019077549012006464 0.0007993001759964511 -0.0028583269212519176 0.0016707077178967147 -0.0002925823327708141 0.0042647446025830676 -0.00027517330375693939 -0.0035145100431850035 -0.0032288421531597787 0.00015228724379738977 -0.0013115577755739797 -0.001741863437126504 0.0026580482499012699 0.0014556351891002169 0.00023746707230527515 0.0033823201577857656 -0.0031701378556287223 0.0017384241210233358 -0.0017884340645990364 0.0011029144592659471 -0.00018135042214591086 0.00021235384818372194 -0.0021484080188271721 -0.0010987368975737691 -0.0028651169600356634 0.0015343261870019663
leaf_weight=4836 21428 6969 5881 5978 7260 19130 5833 5621 6164 4588 4817 5521 7588 14173 8474 5377 5304 6058 7007 5579 4520 5075 7226 4623 53302 64502 8017 4551 4573 12228
leaf_count=4836 21428 6969 5881 5978 7260 19130 5833 5621 6164 4588 4817 5521 7588 14173 8474 5377 5304 6058 7007 5579 4520 5075 7226 4623 53302 64502 8017 4551 4573 12228
internal_value=-9.99837e-05 -0.000113435 -0.000270691 -0.000175088 -0.000108617 -4.4772e-05 -0.000231709 -7.71377e-05 0.000612496 0.000212216 0.000937831 -0.000331683 -0.000140944 -0.000416017 -3.51347e-05 -3.60126e-05 0.000199794 3.67726e-05 -0.000141935 0.000143083 -0.000809488 -0.000105442 -0.00069526 -7.49637e-05 -3.86868e-05 -7.48425e-05 -0.00024197 -0.000102065 -0.000283778 0.000524606
internal_weight=332203 327367 107997 102116 95147 87887 50878 45045 12142 37009 9405 32903 27382 21761 27604 219370 49896 44592 38534 27007 11527 169474 17226 10000 152248 147173 82671 74654 57875 16779
internal_count=332203 327367 107997 102116 95147 87887 50878 45045 12142 37009 9405 32903 27382 21761 27604 219370 49896 44592 38534 27007 11527 169474 17226 10000 152248 147173 82671 74654 57875 16779
is_linear=0
shrinkage=0.05


Tree=110
num_leaves=31
num_cat=0
split_feature=4 4 3 0 5 3 2 7 7 7 7 7 2 2 3 7 3 9 7 9 5 4 4 7 9 3 7 4 7 3
split_gain=2.04006 1.66021 4.54719 1.41797 1.49598 2.61261 2.52934 1.76939 1.53022 2.21425 2.15074 3.72642 4.90189 1.55281 2.38411 2.95427 1.55701 1.39114 1.36728 1.93642 1.51158 1.82044 1.90802 1.77037 2.15293 1.53066 1.34021 1.26832 5.07969 4.14259
threshold=1.9872758246888045 0.44216914617872494 -17.920236034499997 117.50000000000001 25.500000000000004 33.993690428000008 1.5000000000000002 1.0758004030000003 1.2268644580000003 1.1927919445000004 1.1460201665000003 1.1201095380000001 2.5000000000000004 7.5000000000000009 -34.715770021499992 0.93198645250000012 19.337577585500004 23.500000000000004 0.94213990150000015 30.500000000000004 12.500000000000002 0.95125861605176498 1.0569736330422728 1.0575228460000001 15.500000000000002 -10.100314924499999 1.0028781850000004 0.68746587859812014 0.9225350630000001 -12.250087273999998
decision_type=8 10 2 2 2 2 2 2 2 2 2 2 2 2 2 2 2 2 2 2 2 10 10 2 2 2 2 10 2 2
left_child=1 2 -1 4 5 8 -6 -8 9 10 11 13 -13 14 15 -3 18 -12 19 27 -20 23 -23 24 -22 -26 -18 -16 29 -29
right_child=-2 3 -4 -5 6 -7 7 -9 -10 -11 17 12 -14 -15 16 -17 26 -19 20 -21 21 22 -24 -25 25 -27 -28 28 -30 -31
leaf_value=-0.0028384393071197492 0.0017490717657769371 0.0025180825175953564 -1.3950748151743062e-05 0.0074412492168973964 -0.0019540096203083937 -0.0025528236323438497 0.0007456404303548776 -0.0018788802246875091 -0.001019919274423524 0.0022325316539094208 -0.00022552396810629298 0.0021064882621059113 -0.00046320150924844186 -0.0022617478075717904 -0.00075214710352445181 8.3097434726755076e-05 0.0024507674752184696 -0.0018991052386746936 0.00022614479126820532 -0.001340268262374463 -0.0015738679879653879 0.00066895512142140044 -0.00034151153531351321 -0.0016570562908795998 0.00052532476879420297 -0.00075894352294629791 5.5641280625162578e-05 0.0026092778215478746 -0.0014598861557526353 8.1416258529371394e-05
leaf_weight=6284 5495 5114 12480 4783 8373 9547 10136 5234 7339 5286 6022 6244 4733 9900 8348 8470 5249 5126 65802 13486 6098 20490 31030 7372 13680 8461 7351 4532 6592 12857
leaf_count=6284 5495 5114 12480 4783 8373 9547 10136 5234 7339 5286 6022 6244 4733 9900 8348 8470 5249 5126 65802 13486 6098 20490 31030 7372 13680 8461 7351 4532 6592 12857
internal_value=-9.5868e-05 -0.000111957 -0.000568492 -8.41038e-05 -9.75986e-05 -6.51849e-05 -0.000478568 -9.75622e-05 -3.63902e-05 -1.64551e-05 -3.73024e-05 -6.48984e-06 0.000893734 -4.85881e-05 -2.16072e-05 0.000620354 -6.28818e-05 -0.0007164 -9.70563e-05 -0.000336645 -2.52729e-05 -0.000161875 2.81405e-05 -0.000436743 -0.000256516 -2.73199e-05 0.000476 -0.000126648 5.81577e-05 0.000506208
internal_weight=331914 326419 18764 307655 302872 279129 23743 15370 269582 262243 256957 245809 10977 234832 224932 13584 211348 11148 198748 45815 152933 87131 51520 35611 28239 22141 12600 32329 23981 17389
internal_count=331914 326419 18764 307655 302872 279129 23743 15370 269582 262243 256957 245809 10977 234832 224932 13584 211348 11148 198748 45815 152933 87131 51520 35611 28239 22141 12600 32329 23981 17389
is_linear=0
shrinkage=0.05


Tree=111
num_leaves=31
num_cat=0
split_feature=2 9 4 4 7 7 5 7 2 1 7 7 7 7 2 2 9 9 6 7 7 7 3 7 7 4 3 2 7 1
split_gain=1.95769 1.56433 1.48043 1.23277 3.34027 2.76495 2.09682 1.69436 1.68708 3.30723 2.69187 3.30253 2.43555 2.30074 1.96089 2.9463 2.67773 2.64843 1.81671 1.90661 2.38396 2.68298 1.89051 1.7799 1.658 3.27083 2.0718 1.53293 1.51122 1.39784
threshold=7.5000000000000009 14.500000000000002 1.9872758246888045 1.3067808724918881 1.0107513135000004 1.0596003980000002 27.500000000000004 1.0107513135000004 1.0000000180025095e-35 75.500000000000014 0.98477545750000017 0.90085482550000007 0.98318968800000006 0.94667231500000015 1.5000000000000002 2.5000000000000004 29.500000000000004 51.500000000000007 1.0000000180025095e-35 0.99308499750000012 0.96905717250000001 0.91220460200000009 0.73508838600000015 0.96202659950000002 0.94314624850000006 0.79129468432128502 -4.226451847499999 3.5000000000000004 0.90085482550000007 10.500000000000002
decision_type=2 2 8 10 2 2 2 2 2 2 2 2 2 2 2 2 2 2 2 2 2 2 2 2 2 10 2 2 2 2
left_child=2 -2 3 7 -5 -6 -7 8 10 14 11 -1 24 -13 -10 16 -16 18 19 20 21 -17 27 -24 26 -26 28 -20 -11 -9
right_child=1 -3 -4 4 5 6 -8 29 9 12 -12 13 -14 -15 15 17 -18 -19 22 -21 -22 -23 23 -25 25 -27 -28 -29 -30 -31
leaf_value=0.0012174890165762731 -0.0053748499872963255 -2.2090574877754457e-05 0.0015584578142786643 0.00083352233319376853 -0.00273920193006311 -0.001040204685703514 0.0012427366017352453 0.0045345647257639243 -0.0011630249671439621 -0.00075398816336129403 0.0010296087586091935 -0.0022613156558483742 -0.0016971049944073759 6.9800176317479527e-05 0.0030914447816686782 0.00021356478392229903 0.00031882423277100283 0.0023628425667648729 0.0013026884810316787 -0.0028167587164260833 0.00096256707271610809 -0.0016911680262449152 -0.0029858002688612651 5.5027164068933939e-06 0.00098613546328625242 -0.0011725376578855078 0.00043065209337070321 8.7168922504288727e-05 -0.0024413379094658078 0.00010368704385216056
leaf_weight=4529 7219 5217 5515 9504 6184 14184 4653 6457 7067 5711 6061 4582 8879 6184 4526 6131 8950 4643 5633 4613 5203 8302 4653 5673 5518 4927 4839 27091 5178 124333
leaf_count=4529 7219 5217 5515 9504 6184 14184 4653 6457 7067 5711 6061 4582 8879 6184 4526 6131 8950 4643 5633 4613 5203 8302 4653 5673 5518 4927 4839 27091 5178 124333
internal_value=-7.02827e-05 -0.000685637 -4.63375e-05 -6.0597e-05 -0.000342457 -0.00064553 -0.000344179 -2.57978e-05 -0.000141138 -0.00021001 0.000270117 -8.33345e-05 -0.000623557 -0.000559838 -5.32502e-05 1.2993e-05 0.000691342 -0.000114113 -0.000193823 -0.000539912 -0.000324832 -0.000655563 1.16011e-06 -0.000588521 -0.000380664 0.000107654 -0.000704889 0.000187294 -0.0010873 0.000105507
internal_weight=332159 12436 319723 314208 34525 25021 18837 279683 148893 127537 21356 15295 35052 10766 92485 85418 13476 71942 67299 24249 19636 14433 43050 10326 26173 10445 15728 32724 10889 130790
internal_count=332159 12436 319723 314208 34525 25021 18837 279683 148893 127537 21356 15295 35052 10766 92485 85418 13476 71942 67299 24249 19636 14433 43050 10326 26173 10445 15728 32724 10889 130790
is_linear=0
shrinkage=0.05


Tree=112
num_leaves=31
num_cat=0
split_feature=7 7 4 0 2 4 8 7 7 2 4 8 8 7 7 8 8 7 2 0 3 2 8 7 7 4 7 7 8 8
split_gain=2.04689 2.49281 1.86269 4.13261 1.22188 1.7995 3.47938 3.72094 3.32784 3.46456 2.56423 3.24673 4.12051 2.19352 7.33794 6.35184 4.17599 3.5273 2.51955 2.07869 2.01487 3.58484 2.02992 5.78759 6.3884 6.2527 1.95032 2.67064 3.92568 2.41649
threshold=1.2132531175000001 1.2428445740000003 0.36763814755456808 12.500000000000002 7.5000000000000009 0.80650813903758589 1.0877557720000002 1.0251857335000003 0.99889278250000013 1.0000000180025095e-35 0.73487844853869044 0.77793374000000004 0.87664883000000005 0.90495753450000016 0.9225350630000001 0.93834529050000015 0.8176335815000001 0.94667231500000015 2.5000000000000004 109.50000000000001 14.102201865500001 1.0000000180025095e-35 1.0000014820000003 1.028182989 1.0731915865000003 1.3732174841372542 1.0575228460000001 0.98009628400000015 1.2363020150000004 1.2763179770000004
decision_type=2 2 10 2 2 10 2 2 2 2 10 2 2 2 2 2 2 2 2 2 2 2 2 2 2 10 2 2 2 2
left_child=2 -2 3 -1 5 6 7 8 9 -4 11 -11 -13 15 -15 16 -7 18 -16 20 -19 -22 -23 -24 -25 -26 27 -8 -29 -28
right_child=1 -3 4 -5 -6 13 26 -9 -10 10 -12 12 -14 14 17 -17 -18 19 -20 -21 21 22 23 24 25 -27 29 28 -30 -31
leaf_value=-0.00016601988072493983 0.0026677812292806996 -8.185311032922183e-06 0.0014540660399381842 -0.0036521695669338109 -0.0021160951661650909 -0.00079765191517482343 -0.0010181993816766957 0.0022026168028088187 -0.00099738601561672803 -0.0025395398844074643 0.0013356231000185405 0.0018873171578439086 -0.00028779171310790717 0.0031385762670053776 -0.00039289292185519243 0.0011214746952418323 -0.0046290329252254249 -7.7807208784716345e-05 -0.0039477550137601179 0.0023843871005187894 -0.0027477149621816916 0.001101898958710808 -0.0038264376530607034 0.0024365578104245025 -0.0028227394928408023 0.0024915635327162448 -0.0026480800460124635 0.0013975487672469953 -0.00060770953421740827 -0.00013086499274966664
leaf_weight=10091 5013 8458 4727 4501 12179 5562 6275 6349 7905 4670 10177 7565 16287 6545 6287 4678 5056 118143 5878 13760 4924 6698 6479 5965 8121 4674 5807 7365 4716 6933
leaf_count=10091 5013 8458 4727 4501 12179 5562 6275 6349 7905 4670 10177 7565 16287 6545 6287 4678 5056 118143 5878 13760 4924 6698 6479 5965 8121 4674 5807 7365 4716 6933
internal_value=-8.45117e-05 0.00051907 -0.000110063 -0.000661781 -8.35458e-05 -6.30433e-05 0.000124688 0.00035451 0.000213202 0.000384977 0.000228787 -1.43735e-05 0.000221737 -0.000145236 -9.82522e-05 -0.000720869 -0.00139697 -0.000157766 -0.00097987 -9.8479e-05 -0.000150767 -0.000473473 -0.000279727 -0.000485067 -3.99692e-05 -0.000669923 -0.000301599 2.83197e-05 0.000462931 -0.000776776
internal_weight=331788 13471 318317 14592 303725 291546 88776 57680 51331 43426 38699 28522 23852 202770 187474 15296 10618 180929 12165 168764 155004 36861 31937 25239 18760 12795 31096 18356 12081 12740
internal_count=331788 13471 318317 14592 303725 291546 88776 57680 51331 43426 38699 28522 23852 202770 187474 15296 10618 180929 12165 168764 155004 36861 31937 25239 18760 12795 31096 18356 12081 12740
is_linear=0
shrinkage=0.05


Tree=113
num_leaves=31
num_cat=0
split_feature=7 9 4 7 0 2 0 5 8 4 8 7 7 7 4 5 8 8 9 8 8 8 0 9 7 7 7 4 2 4
split_gain=1.65726 1.78061 2.36924 1.62411 1.50843 1.46909 1.86376 1.89816 0.974955 1.30018 3.19672 3.02069 5.83925 2.19787 2.44399 2.17495 2.19046 2.29876 2.02949 3.60594 2.83743 4.95177 3.00894 2.02011 1.96203 1.74377 3.82947 1.59519 1.55369 1.26905
threshold=1.2132531175000001 9.5000000000000018 0.40039526982211632 1.2428445740000003 113.50000000000001 5.5000000000000009 87.500000000000014 12.500000000000002 0.74929210700000015 0.69588095284535967 1.2271159115000001 0.97631804550000012 0.98203505650000011 0.96724136100000013 1.2297504172796854 8.5000000000000018 1.0216345210000002 0.89296422700000011 42.500000000000007 1.4093943000000004 1.0995788130000002 1.2097847630000003 79.500000000000014 25.500000000000004 0.88717036500000013 0.9225350630000001 0.9455878135000001 1.0450571994635582 3.5000000000000004 1.3067808724918881
decision_type=2 2 10 2 2 2 2 2 2 10 2 2 2 2 10 2 2 2 2 2 2 2 2 2 2 2 2 10 2 10
left_child=1 5 -3 -2 8 6 7 -1 -4 10 15 13 -13 14 23 -10 17 -17 29 20 -20 -22 -23 25 -25 -11 -27 28 -26 -14
right_child=3 2 4 -5 -6 -7 -8 -9 9 11 -12 12 18 -15 -16 16 -18 -19 19 -21 21 22 -24 24 27 26 -28 -29 -30 -31
leaf_value=-0.00024158143653021762 0.0021115616877995114 -0.0017393465468463537 0.0010024470180156719 6.5677489177646972e-05 0.0038535434370142192 -0.0026996793899437968 0.0023140044989891384 -0.0016698496966861291 -7.7101896740258092e-05 0.00078096185319388028 -0.00093468376965932755 0.0027082389831900662 0.00014976249453513008 -0.0012815167891016561 0.0011603895635845542 0.0015964480967057975 0.0025141484348507434 -0.00026269496666802769 0.00011420234827616809 0.0012570210569086682 -0.0037288016778790206 0.00092114810037245026 -0.0025720664107266693 -0.002962509836568602 0.00010112589633545007 -0.0019421900182875211 0.00064261361398246187 -0.002335885375552329 -0.0018751227352205527 -0.00066750842809959509
leaf_weight=38694 4984 4900 6701 8467 10791 13354 4517 8989 13554 8723 5607 5124 90753 7704 5278 4543 5626 6854 7879 5107 6464 4917 5132 4504 9235 4616 6104 4551 4804 14192
leaf_count=38694 4984 4900 6701 8467 10791 13354 4517 8989 13554 8723 5607 5124 90753 7704 5278 4543 5626 6854 7879 5107 6464 4917 5132 4504 9235 4616 6104 4551 4804 14192
internal_value=-9.06007e-05 -0.000113512 -5.34766e-05 0.000452957 -3.2019e-05 -0.000345797 -0.000226033 -0.000318006 -5.82421e-05 -7.54738e-05 0.000199783 -0.000126531 -2.43719e-06 -0.00043846 -0.000312109 0.000401052 0.000777248 0.000378441 -6.56023e-05 -0.000431977 -0.000684921 -0.00105733 -0.000362543 -0.000438039 -0.000754146 -6.24755e-05 -0.000489512 -0.000527025 -0.000263103 3.73976e-05
internal_weight=332668 319217 253663 13451 248763 65554 52200 47683 237972 231271 36184 195087 139568 55519 47815 30577 17023 11397 134444 29499 24392 16513 10049 42537 23094 19443 10720 18590 14039 104945
internal_count=332668 319217 253663 13451 248763 65554 52200 47683 237972 231271 36184 195087 139568 55519 47815 30577 17023 11397 134444 29499 24392 16513 10049 42537 23094 19443 10720 18590 14039 104945
is_linear=0
shrinkage=0.05


Tree=114
num_leaves=31
num_cat=0
split_feature=4 7 3 7 7 2 7 4 2 7 0 4 7 4 0 7 7 7 3 7 7 7 9 0 0 2 7 7 7 7
split_gain=1.28706 1.16113 2.5629 2.42955 3.44821 2.12195 1.82369 6.87087 1.57747 6.4162 3.16096 2.32266 2.23789 4.41154 2.05977 1.81193 4.99975 2.21705 1.78467 2.25099 4.16657 3.33387 2.29414 3.77744 2.34186 2.2302 5.06934 9.51864 7.36166 2.11893
threshold=1.9872758246888045 0.87473695000000007 -22.230084205999997 0.89637365600000007 0.90495753450000016 2.5000000000000004 0.92120249550000011 0.89126302574341332 5.5000000000000009 1.0061706605000003 91.500000000000014 0.76943089093853934 0.96202659950000002 0.65432679673362382 97.500000000000014 0.97175424950000011 0.98203505650000011 0.96637136850000005 12.931751794000002 1.0758004030000003 1.0896763150000002 1.0640450860000004 25.500000000000004 45.500000000000007 56.500000000000007 1.5000000000000002 1.0731915865000003 1.1659978160000002 1.028182989 1.0360263355000001
decision_type=8 2 2 2 2 2 2 10 2 2 2 10 2 10 2 2 2 2 2 2 2 2 2 2 2 2 2 2 2 2
left_child=1 2 -1 5 -5 -3 7 -6 11 10 -10 12 13 -8 -11 17 -17 -13 19 21 -21 29 23 -22 -24 -20 28 -28 -27 -18
right_child=-2 3 -4 4 6 -7 8 -9 9 14 -12 15 -14 -15 -16 16 18 -19 25 20 22 -23 24 -25 -26 26 27 -29 -30 -31
leaf_value=-0.0019950378577919983 0.0014739631034434459 0.0017668278350632585 -7.61133794575093e-05 -0.002715961618813767 -0.00091379783099763761 -3.7036913827289361e-05 0.0017061240023197443 0.0037744775145246152 -0.0042034729613465629 -0.00051411236545419398 -0.0017416560251184842 -0.00053082544245902663 0.00010293010766146177 -0.0005271937717252626 0.0037882650530983823 0.0019239820188730302 -0.00048729851059307823 -0.0015718554737085156 -0.0017133175725234059 0.0018373041736735941 -1.1921283669736753e-05 -0.0026379140963565268 -0.00153484147324173 0.0021400126953393032 9.3473099607014861e-05 -0.0010938494259851283 -0.0038859134019140341 0.0025796889494315734 0.003987593691782902 0.00041389050334181515
leaf_weight=7068 5450 5007 13443 5142 6803 5268 7649 4862 5707 5128 17464 25060 45554 4724 8365 8376 38886 4503 13354 6663 15817 5965 5659 5471 8571 7373 9464 5047 6447 17527
leaf_count=7068 5450 5007 13443 5142 6803 5268 7649 4862 5707 5128 17464 25060 45554 4724 8365 8376 38886 4503 13354 6663 15817 5965 5659 5471 8571 7373 9464 5047 6447 17527
internal_value=-7.42428e-05 -8.69725e-05 -0.000451113 -6.25459e-05 -8.88247e-05 0.000693092 -6.60897e-05 0.000546271 -9.17226e-05 -0.00039734 -0.000902012 -4.54341e-05 0.0002307 0.000826869 0.000469328 -0.000132285 -6.37037e-05 -0.000490904 -0.000131763 -2.14713e-05 0.00026063 -0.000212239 4.53216e-05 0.000373831 -0.000446085 -0.000408373 -0.000157222 -0.000809797 0.000528028 -9.33225e-05
internal_weight=331817 326367 20511 305856 295581 10275 290439 11665 278774 36664 23171 242110 57927 12373 13493 184183 154620 29563 146244 104559 42181 62378 35518 21288 14230 41685 28331 14511 13820 56413
internal_count=331817 326367 20511 305856 295581 10275 290439 11665 278774 36664 23171 242110 57927 12373 13493 184183 154620 29563 146244 104559 42181 62378 35518 21288 14230 41685 28331 14511 13820 56413
is_linear=0
shrinkage=0.05


Tree=115
num_leaves=31
num_cat=0
split_feature=4 3 9 4 3 9 7 4 8 8 8 3 8 0 0 7 4 5 8 8 7 3 7 9 4 4 8 8 8 8
split_gain=1.7645 1.43666 1.42898 1.06184 1.62657 1.04745 2.79154 1.62324 1.62049 5.72741 4.6007 3.13813 5.10099 3.03504 3.10727 4.89726 3.42136 2.28524 2.52401 2.50437 2.01527 1.8922 1.99554 1.64559 1.30142 1.2619 1.33714 1.46765 1.72193 1.39424
threshold=0.31590727960229092 -2.7165171184999992 2.5000000000000004 1.7033585699110478 53.057794183000006 56.500000000000007 0.98398051450000013 1.1037822531573624 0.88204568800000016 0.90015274200000006 0.86540467600000015 -30.986895252499995 0.91975546850000012 24.500000000000004 94.500000000000014 0.91977347650000008 0.69180060699387691 15.500000000000002 0.94232026850000017 0.96422299450000015 0.94667231500000015 0.73508838600000015 1.0999404950000002 16.500000000000004 0.8126302106496357 1.0632909416606242 1.5535672370000002 1.3838021630000001 1.3078657835000003 1.2395363740000003
decision_type=10 2 2 10 2 2 2 10 2 2 2 2 2 2 2 2 10 2 2 2 2 2 2 2 10 10 2 2 2 2
left_child=1 -1 -2 4 5 8 -7 -8 10 -10 13 -11 -13 -4 15 16 -15 18 -14 -20 -19 22 -22 -16 -17 -23 27 28 29 -27
right_child=2 -3 3 -5 -6 6 7 -9 9 11 -12 12 17 14 23 24 -18 20 19 -21 21 25 -24 -25 -26 26 -28 -29 -30 -31
leaf_value=-0.0016087552934103599 -0.001073634242979699 -9.9817655912199375e-05 0.0018385490177586531 0.0018852133124323039 -0.0036608293337243494 0.0026343992666860816 0.0010052883780248335 -0.0013824098140879106 -0.0026063677813233199 -0.001556232394002841 0.0022208655689117253 0.0019882069710887326 -0.0015734334728078028 -0.0011863057988641462 0.0032347491544137785 -0.0019261258470997845 0.00144136894536337 -0.0015922946177938922 0.0015713558899937863 0.00011862316136903987 -0.00054355495549696651 0.0010461272874762422 -0.0022256650038570752 -0.00029999435077612921 -0.0028564455111995653 -0.00029551578810390884 -0.0016511960695935379 0.00094880850658112794 -0.0018225649801203931 0.0011519867722583159
leaf_weight=7293 8860 5501 4715 5487 4556 4874 4600 5147 8088 14245 6891 7775 6036 5239 6809 4506 7544 7470 6068 106441 20783 7806 4975 6691 4529 27770 4543 6602 4778 5451
leaf_count=7293 8860 5501 4715 5487 4556 4874 4600 5147 8088 14245 6891 7775 6036 5239 6809 4506 7544 7470 6068 106441 20783 7806 4975 6691 4529 27770 4543 6602 4778 5451
internal_value=-6.26822e-05 -0.000638332 -3.96054e-05 -2.17295e-05 -3.41394e-05 -1.99092e-05 0.000392792 -9.5879e-05 -4.10321e-05 -9.38103e-05 0.000227577 -4.79539e-05 -6.47834e-07 2.21028e-05 -0.000137022 -0.000505889 0.000123943 -4.75032e-05 9.67934e-05 0.000150247 -0.000237186 -0.000166118 -0.00052168 0.000459088 -0.00139657 -5.26851e-06 -9.90876e-05 -1.58062e-05 -0.000135382 -7.6759e-06
internal_weight=332073 12794 319279 310419 304932 300376 14621 9747 285755 238831 46924 230743 216498 40033 35318 21818 12783 208723 118545 112509 90178 82708 25758 13500 9035 56950 49144 44601 37999 33221
internal_count=332073 12794 319279 310419 304932 300376 14621 9747 285755 238831 46924 230743 216498 40033 35318 21818 12783 208723 118545 112509 90178 82708 25758 13500 9035 56950 49144 44601 37999 33221
is_linear=0
shrinkage=0.05


Tree=116
num_leaves=31
num_cat=0
split_feature=6 0 2 8 8 0 8 8 7 8 8 7 8 4 7 8 8 4 7 8 8 8 3 7 8 7 3 8 3 2
split_gain=1.49851 1.27914 3.17696 1.86999 3.26711 2.43351 2.30131 2.26185 1.98678 1.85687 3.47925 2.07403 2.71109 3.4796 2.46751 2.27524 4.11565 4.11018 2.68151 9.18283 3.7452 1.61488 1.47527 3.37336 2.60803 2.05273 2.18912 2.54458 2.03273 3.47405
threshold=2.5000000000000004 90.500000000000014 5.5000000000000009 0.8314545940000001 0.85802784950000011 25.500000000000004 0.7698838870000001 0.89784091200000005 0.92847607600000004 0.91975546850000012 0.94232026850000017 0.90085482550000007 0.98186433550000007 0.838575240876409 0.9272160570000002 1.0052361115000001 1.0283053655000003 0.91184646788642276 0.97838995950000007 1.1751955955000002 1.0952802825000003 1.3868331465000001 11.182899174500003 0.99308499750000012 1.6516427525000001 1.0320909540000003 28.512871257500002 1.2957820940000002 -1.8181951069999998 1.5000000000000002
decision_type=2 2 2 2 2 2 2 2 2 2 2 2 2 10 2 2 2 8 2 2 2 2 2 2 2 2 2 2 2 2
left_child=1 2 3 5 -5 -1 -7 8 -6 -9 -11 -12 13 -13 -14 17 -17 -16 19 20 -18 -3 23 -20 28 -24 27 -27 29 -25
right_child=-2 21 -4 4 7 6 -8 9 -10 10 11 12 14 -15 15 16 18 -19 22 -21 -22 -23 25 24 -26 26 -28 -29 -30 -31
leaf_value=0.00064185169029334942 -0.0021180924628428706 0.00013081738581993202 -0.0019873132445686922 0.0018143689665065983 -0.0021318080044170191 -0.0002740650495795677 -0.0028080852560024047 0.00094692932194719883 -0.0003452930646261839 -0.0018171939976554968 0.0010910224635450499 0.001824072875926324 -0.0020145910729585798 -0.00029890313861292896 -0.0019846471232414778 0.0011685840121632605 -0.00061267226784396595 0.0004709446552918607 0.001062499118535063 -0.0027068313098952811 0.0020110864305777367 0.0028152437263073266 -0.0016932217203287593 0.00041216568249215077 0.0015081849467115044 0.00036217257843713393 0.0015595137546327892 -0.0015134033884427311 0.00022092127635249122 -0.00092274985393783369
leaf_weight=4612 7112 68430 10260 5969 4657 5605 6346 6924 6215 8133 6773 6162 5099 6736 6546 8142 6335 5357 6776 5725 4894 4925 4807 17975 6695 7358 6708 8578 43142 29174
leaf_count=4612 7112 68430 10260 5969 4657 5605 6346 6924 6215 8133 6773 6162 5099 6736 6546 8142 6335 5357 6776 5725 4894 4925 4807 17975 6695 7358 6708 8578 43142 29174
internal_value=-8.45952e-05 -6.88801e-05 -0.000122425 -8.57961e-05 -4.80257e-05 -0.000598444 -0.000974826 -7.95066e-05 -0.000782386 -4.27566e-05 -7.04815e-05 -2.77751e-05 -5.90462e-05 0.00064016 -0.000111099 -7.82335e-05 -2.74779e-05 -0.000744459 -8.76358e-05 -0.000679287 0.00015177 0.000114843 -1.11658e-05 7.50708e-05 -3.10499e-07 -0.000337086 -0.000137756 -0.000456685 -7.09346e-05 -0.000297855
internal_weight=332170 325058 251703 241443 224880 16563 11951 218911 10872 208039 201115 192982 186209 12898 173311 168212 156309 11903 148167 16954 11229 73355 131213 103762 96986 27451 22644 15936 90291 47149
internal_count=332170 325058 251703 241443 224880 16563 11951 218911 10872 208039 201115 192982 186209 12898 173311 168212 156309 11903 148167 16954 11229 73355 131213 103762 96986 27451 22644 15936 90291 47149
is_linear=0
shrinkage=0.05


Tree=117
num_leaves=31
num_cat=0
split_feature=0 2 4 8 2 2 8 8 8 8 8 8 8 7 2 8 8 8 4 7 7 8 0 7 3 8 3 2 6 2
split_gain=1.58566 4.99073 2.26197 2.67359 2.1988 3.87681 4.80617 7.63755 4.72774 2.95394 2.90614 4.71353 5.73057 4.94293 3.37886 3.27847 5.11929 3.23851 2.92568 2.88229 4.05769 3.57914 2.28827 2.25946 3.50353 3.19408 1.88577 3.1266 1.86575 1.8472
threshold=52.500000000000007 3.5000000000000004 0.76621155510965255 1.3520143715000001 1.5000000000000002 2.5000000000000004 1.1611543400000002 1.3773010990000001 0.98629535150000003 1.2097847630000003 1.4757161485000003 1.1640513860000004 0.99996303200000003 1.0142381880000002 7.5000000000000009 1.0372372480000003 1.134337616 0.96648837100000018 0.94228477077224759 1.0607328465000003 1.1036785675000003 1.3039599405000002 86.500000000000014 0.93198645250000012 -22.230084205999997 0.89296422700000011 -5.2964884334999995 1.5000000000000002 1.0000000180025095e-35 5.5000000000000009
decision_type=2 2 8 2 2 2 2 2 2 2 2 2 2 2 2 2 2 2 10 2 2 2 2 2 2 2 2 2 2 2
left_child=1 2 3 -1 9 6 8 -8 -6 -2 11 12 14 -13 17 29 28 18 23 -15 -21 -22 -20 24 -7 -25 27 -4 -17 -14
right_child=4 -3 26 -5 5 10 7 -9 -10 -11 -12 13 15 19 -16 16 -18 -19 22 20 21 -23 -24 25 -26 -27 -28 -29 -30 -31
leaf_value=0.00040665775198941349 -0.0016548001061860861 -0.0025658392873130235 0.00017201747378789634 -0.0007235066213300413 0.00023055485453453347 -0.0010317133188054793 -0.002224042650081701 0.0023186251909598113 0.0032258029615396203 0.00029366256343850981 -0.0025847431047422245 -0.0010798020246650254 -0.001323102129484274 0.0035837200523993252 -0.0026795456165867068 -0.00084907741490192223 -0.0038090149892449337 0.0022393430262675359 -0.0023382100395882362 -0.00099357775837221793 0.00031059250720174149 0.0042605181223399607 -5.8344629583920597e-05 0.0027186866377950252 0.0022900259185107126 0.0001957006128260627 -0.00025251427013568494 -0.0014528858996251158 0.0010711383229439779 -0.0068274871774162823
leaf_weight=40753 8383 7345 4743 7362 5124 9181 7550 5432 7730 7869 5052 5995 8390 6909 9719 8713 4824 8889 4647 5676 4855 5016 13301 8633 4501 8879 82451 6897 12461 4835
leaf_count=40753 8383 7345 4743 7362 5124 9181 7550 5432 7730 7869 5052 5995 8390 6909 9719 8713 4824 8889 4647 5676 4855 5016 13301 8633 4501 8879 82451 6897 12461 4835
internal_value=-6.1199e-05 -0.000181906 -0.000116237 0.000162613 3.76832e-05 9.19317e-05 0.000654772 -2.38712e-05 0.00133992 -0.000517317 -1.16042e-05 3.23405e-05 -0.000119792 0.000604265 0.000158659 -0.00060072 -0.000274585 0.000303173 0.00014426 0.000944747 0.000566807 0.00117912 -0.000364286 0.000436872 -4.4569e-05 0.000812923 -0.000258833 -0.000854445 6.0436e-05 -0.0012415
internal_weight=332115 149551 142206 48115 182564 166312 25836 12982 12854 16252 140476 135424 106973 28451 67750 39223 25998 58031 49142 22456 15547 9871 17948 31194 13682 17512 94091 11640 21174 13225
internal_count=332115 149551 142206 48115 182564 166312 25836 12982 12854 16252 140476 135424 106973 28451 67750 39223 25998 58031 49142 22456 15547 9871 17948 31194 13682 17512 94091 11640 21174 13225
is_linear=0
shrinkage=0.05


Tree=118
num_leaves=31
num_cat=0
split_feature=0 7 7 7 8 8 8 7 7 8 3 4 2 4 8 8 2 8 8 4 4 8 8 8 8 8 7 7 8 2
split_gain=1.59132 1.41911 2.94822 1.48363 1.2893 6.14225 2.97148 2.65653 7.5307 5.41287 1.66766 1.50229 1.43394 2.3097 4.57171 4.52276 3.66398 6.36188 7.10098 3.41004 3.03085 4.56037 6.39703 5.80441 2.83181 3.57517 2.35601 6.57367 5.37257 5.3692
threshold=117.50000000000001 1.2646002265000003 1.2268644580000003 1.1927919445000004 1.4992900485000002 1.4435879295000003 1.5773862285000002 1.1303612510000003 1.1460201665000003 1.3520143715000001 3.9758924865000007 0.31590727960229092 7.5000000000000009 0.76943089093853934 0.75575043250000007 0.8314545940000001 1.0000000180025095e-35 0.94232026850000017 1.1894146140000001 1.047932569326131 0.95125861605176498 1.2027081425000004 0.9749352160000001 0.94232026850000017 1.0189477030000003 1.1126193215000002 0.99889278250000013 0.98890027000000014 1.0216345210000002 3.5000000000000004
decision_type=2 2 2 2 2 2 2 2 2 2 2 8 2 8 2 2 2 2 2 10 10 2 2 2 2 2 2 2 2 2
left_child=1 2 3 4 5 7 -6 9 -9 11 -11 -1 13 -13 -15 -16 17 -17 19 -19 21 22 23 -18 -24 -26 27 28 29 -22
right_child=-2 -3 -4 -5 6 -7 -8 8 -10 10 -12 12 -14 14 15 16 20 18 -20 -21 26 -23 24 -25 25 -27 -28 -29 -30 -31
leaf_value=-0.0010352604446415062 0.010136516290817785 0.0014111411464711597 -0.0018508599610960353 0.0013072045045123412 -0.0018261122147187642 0.0020181063241176619 3.3807652698309432e-05 0.0025965761579920051 -0.00060031821606505937 -0.00078978375731191377 -0.0025571147124398385 0.00030427590503460169 -0.0024149730553035919 0.0021577441448549979 -0.0022862075643238842 -0.0034426955650044551 -0.00053406581589337198 0.0012874003853716564 -0.0020867328840468366 -0.00055412558067316302 0.0028129376980671559 0.0011390756519178886 -0.0033420611697425081 0.0029384346421529209 -0.00014183984534106242 -0.0022414713279721942 0.00067068046556656761 -0.0036580542027529837 -0.0011756674150142383 -0.0008497936148713762
leaf_weight=7950 4812 6026 4845 7591 5674 6307 8041 6922 10031 7745 4513 68384 10775 5504 9767 4784 11490 6404 6697 8072 9785 8499 6588 4593 10203 8192 49900 4601 11123 6420
leaf_count=7950 4812 6026 4845 7591 5674 6307 8041 6922 10031 7745 4513 68384 10775 5504 9767 4784 11490 6404 6697 8072 9785 8499 6588 4593 10203 8192 49900 4601 11123 6420
internal_value=-6.34788e-05 -7.67502e-05 -9.10079e-05 -7.22624e-05 -8.92334e-05 -6.72145e-05 -0.000563048 -0.000100919 0.00050625 -0.000138773 -0.0011653 -9.03044e-05 -6.89288e-05 -4.36921e-05 -0.000141115 -0.000187827 -0.000123003 -0.000665782 -0.000293466 0.000329396 -1.57547e-05 -0.00032429 -0.000542476 0.000235267 -0.0010431 -0.000724186 0.000171138 -0.000164246 0.000130244 0.00071098
internal_weight=332238 327426 321400 316555 308964 295249 13715 288942 16953 271989 12258 259731 251781 241006 172622 167118 157351 25957 21173 14476 131394 49565 41066 16083 24983 18395 81829 31929 27328 16205
internal_count=332238 327426 321400 316555 308964 295249 13715 288942 16953 271989 12258 259731 251781 241006 172622 167118 157351 25957 21173 14476 131394 49565 41066 16083 24983 18395 81829 31929 27328 16205
is_linear=0
shrinkage=0.05


Tree=119
num_leaves=31
num_cat=0
split_feature=0 5 5 3 9 0 7 8 8 8 8 3 8 8 8 8 3 8 8 7 7 8 8 7 7 7 7 7 8 8
split_gain=1.53901 2.28675 1.89682 1.88042 1.54944 1.51793 1.33147 2.51093 2.11049 1.28738 2.50897 3.08283 2.40058 1.55424 3.91922 5.90224 1.69619 6.03619 2.25348 2.08083 1.77132 1.46883 1.48103 2.07448 4.17051 1.94906 5.27352 2.63353 3.58932 2.42315
threshold=39.500000000000007 4.5000000000000009 12.500000000000002 -5.1350214544999995 17.500000000000004 29.500000000000004 0.94314624850000006 0.96422299450000015 0.93401700600000004 0.74929210700000015 0.8314545940000001 -10.503064728499998 0.85095842600000016 0.86832795850000011 0.88204568800000016 0.90015274200000006 -22.230084205999997 0.91975546850000012 0.94024695500000022 0.96530230600000011 1.0072142665000003 0.93834529050000015 0.99846873800000002 1.0164539485000004 0.97754740050000011 1.0473717320000002 1.0607328465000003 1.0866460510000002 1.2650961850000002 1.1505799880000003
decision_type=2 2 2 2 2 2 2 2 2 2 2 2 2 2 2 2 2 2 2 2 2 2 2 2 2 2 2 2 2 2
left_child=2 -2 4 -4 6 -6 8 -8 -1 -3 11 -11 -12 -14 -15 -16 18 -18 -17 -20 -21 -19 23 24 -23 29 -27 28 -28 -24
right_child=1 9 3 -5 5 -7 7 -9 -10 10 12 -13 13 14 15 16 17 21 19 20 -22 22 25 -25 -26 26 27 -29 -30 -31
leaf_value=-0.0022158209537452016 -0.0020078362094997789 0.0012947640851789968 -0.0010389505049642727 -0.00043082424340548837 0.0011007044697283657 -4.4502171449861444e-05 0.0012279501543315469 -0.00019295115028130369 0.00029627064786670848 -9.5630332994217084e-06 0.0020606311955669236 -0.0025565184887336679 -0.0019394936788972921 0.0023193538455394554 -0.0030854096399455739 -0.0031427854684099479 0.0031444092777966138 -0.0017898176151303882 0.00085606176802457609 -0.0016372059528132706 0.00018418410544522715 0.00047085350827475543 -0.00069748129696048063 -0.00053353965588542516 0.0059459355994959254 0.0024088008025559774 9.5898765144614831e-05 0.00046066004844827057 -0.0027476683472345553 0.00042162777917669966
leaf_weight=7077 6437 8174 7542 43389 4815 5940 5436 34247 4952 8769 5467 6129 4591 4573 6121 4555 5358 4882 6135 7555 8708 7804 32190 5017 4626 7648 8010 38778 4745 22542
leaf_count=7077 6437 8174 7542 43389 4815 5940 5436 34247 4952 8769 5467 6129 4591 4573 6121 4555 5358 4882 6135 7555 8708 7804 32190 5017 4626 7648 8010 38778 4745 22542
internal_value=-6.2942e-05 1.45314e-05 -0.000212429 -0.000438885 -2.77736e-05 0.000518121 -0.000141347 -1.63897e-06 -0.000602045 4.26813e-05 1.80441e-05 -0.00060659 6.72166e-05 3.64973e-05 5.9775e-05 2.19247e-05 7.73312e-05 0.000146533 -0.000286187 -7.99012e-05 -0.000375893 8.17621e-05 0.000113423 0.000542344 0.00088862 4.77086e-05 0.000246594 6.47083e-05 -0.000558387 -0.000167347
internal_weight=332212 218814 113398 50931 62467 10755 51712 39683 12029 212377 204203 14898 189305 183838 179247 174674 168553 141600 26953 22398 16263 136242 131360 17447 12430 113913 59181 51533 12755 54732
internal_count=332212 218814 113398 50931 62467 10755 51712 39683 12029 212377 204203 14898 189305 183838 179247 174674 168553 141600 26953 22398 16263 136242 131360 17447 12430 113913 59181 51533 12755 54732
is_linear=0
shrinkage=0.05


Tree=120
num_leaves=31
num_cat=0
split_feature=7 2 0 0 7 7 6 7 2 0 4 5 7 7 2 7 7 7 5 4 4 2 7 4 6 9 0 7 7 7
split_gain=1.74753 1.78293 1.97641 1.26611 1.32117 2.66214 1.57978 1.53023 1.18798 3.12506 1.15602 1.70437 1.66182 3.62141 2.71827 3.87965 2.1111 7.27125 2.03542 2.36535 1.60539 1.59493 2.90612 2.10134 1.93725 1.30378 1.72648 1.69938 2.47669 2.02104
threshold=0.87473695000000007 3.5000000000000004 50.500000000000007 117.50000000000001 0.89637365600000007 0.90495753450000016 1.0000000180025095e-35 0.91220460200000009 6.5000000000000009 96.500000000000014 1.2741598603704374 13.500000000000002 0.94213990150000015 0.95113031850000007 2.5000000000000004 0.93036914000000015 0.97838995950000007 0.98318968800000006 19.500000000000004 0.92108013454721493 0.80650813903758589 1.0000000180025095e-35 1.1017561920000001 1.5625634733841545 1.0000000180025095e-35 41.500000000000007 60.500000000000007 1.0142381880000002 1.0584166585000003 1.1201095380000001
decision_type=2 2 2 2 2 2 2 2 2 2 10 2 2 2 2 2 2 2 2 8 10 2 2 10 2 2 2 2 2 2
left_child=1 2 -1 4 6 -6 -2 -7 10 -10 12 -12 14 -14 15 -9 18 -18 19 20 -15 22 -13 24 -23 26 -19 -27 -29 -30
right_child=3 -3 -4 -5 5 7 -8 8 9 -11 11 21 13 16 -16 -17 17 25 -20 -21 -22 23 -24 -25 -26 27 -28 28 29 -31
leaf_value=-0.00095874730676642555 0.0016241004606577251 -0.0020095280078297512 0.0012185925381727443 0.0071800063030233703 -0.0021441849820142407 0.0020566870847270918 -0.0002214611816481616 0.0016787075411364826 -0.0030065660426462325 -0.00023182980323667077 -0.0015246492684134767 -0.0019553063190988875 0.0015542274346101628 -0.00019515679132059787 -0.0016942144649141283 -0.00091869346451994025 0.0030924508715067527 -8.1995219932959733e-05 -0.0029998273622311822 0.0006984423617819762 -0.0017224146923203222 0.00072253310724938236 0.00038582615563517746 0.0036871603826037908 -0.0017222312359747229 -0.0014689571512275152 0.00055646394643273577 0.0012849978946292845 -0.0017494884736006769 0.00035566491758425354
leaf_weight=8479 5302 7795 4509 4583 5138 5157 4988 5929 5400 13674 6291 5601 8342 11752 10266 4829 4935 86056 4905 8132 4889 9725 4506 4552 9257 6934 49940 7691 7615 4952
leaf_count=8479 5302 7795 4509 4583 5138 5157 4988 5929 5400 13674 6291 5601 8342 11752 10266 4829 4935 86056 4905 8132 4889 9725 4506 4552 9257 6934 49940 7691 7615 4952
internal_value=-8.36133e-05 -0.000527469 -0.000168553 -5.39765e-05 -6.63065e-05 -8.56414e-05 0.000490528 -6.57331e-05 -8.1122e-05 -0.00046229 -5.38941e-05 -0.000301977 -1.02797e-05 3.29121e-05 -0.000433688 0.000121712 -1.01374e-05 5.84959e-05 -0.000398883 -0.000214506 -0.000555991 -0.000160644 -0.00068582 6.49973e-05 -0.000166431 1.28563e-06 6.44836e-05 -0.000314742 -8.34044e-05 -0.00051583
internal_weight=332124 20783 12988 311341 306758 296468 10290 291330 286173 19074 267099 39932 227167 206143 21024 10758 197801 168123 29678 24773 16641 33641 10107 23534 18982 163188 135996 27192 20258 12567
internal_count=332124 20783 12988 311341 306758 296468 10290 291330 286173 19074 267099 39932 227167 206143 21024 10758 197801 168123 29678 24773 16641 33641 10107 23534 18982 163188 135996 27192 20258 12567
is_linear=0
shrinkage=0.05


Tree=121
num_leaves=31
num_cat=0
split_feature=3 2 9 3 4 7 3 7 3 7 7 7 2 9 9 4 9 7 7 7 7 4 2 2 7 2 7 7 7 7
split_gain=1.36077 1.07905 2.10212 1.21077 2.77005 1.70794 1.21014 5.03521 1.7375 2.26113 2.27495 1.5761 2.21052 1.42259 2.58285 1.59944 1.29113 1.62231 1.43884 1.33379 1.30242 2.29286 2.07385 2.87867 1.63818 2.2371 2.81372 1.68197 2.64083 2.09617
threshold=57.332769702000007 7.5000000000000009 13.500000000000002 -34.715770021499992 0.50605770383338944 0.94993144500000015 -22.230084205999997 0.90684916650000014 -11.796539283499998 1.0801551885000003 1.0262334550000001 0.94993144500000015 3.5000000000000004 38.500000000000007 19.500000000000004 0.62795627275391319 24.500000000000004 1.1393784770000002 0.90495753450000016 1.1707504705000003 1.0906577955000001 1.3732174841372542 1.5000000000000002 3.5000000000000004 1.0758004030000003 1.0000000180025095e-35 0.93934972700000008 0.97175424950000011 0.98708003850000015 0.99967947350000008
decision_type=2 2 2 2 10 2 2 2 2 2 2 2 2 2 2 10 2 2 2 2 2 10 2 2 2 2 2 2 2 2
left_child=1 3 -3 4 -1 -6 7 -5 9 10 13 -9 -13 14 15 -8 17 -10 -18 -19 24 22 -22 -24 25 -20 -27 -28 -29 -30
right_child=-2 2 -4 6 5 -7 8 11 16 -11 -12 12 -14 -15 -16 -17 18 19 20 -21 21 -23 23 -25 -26 26 27 28 29 -31
leaf_value=-0.001077382761121634 0.0034590836322360543 -0.005728500492095427 0.0005664443213926339 -0.0023350750084239823 0.0021185268817897561 0.00029079958054238641 -0.0011910811917121623 0.0010402951584021927 -0.00010364152421103929 0.0011455365090817268 -0.0012317733491820067 -0.0014253469364968205 0.0001718870790910252 -0.00062189757864080026 0.0014336212806015576 0.00060149220991764882 -0.0015638851594569421 0.0019338164287965047 -0.00096749484183754906 0.00027904407889344478 -0.0015261683748216033 0.00090539487384577949 0.00029939892545862719 -0.002677680120503882 0.0013616569086496444 0.0019018171731903411 -0.0010512777299547099 0.0021891597488353952 -0.0020249574746017403 -6.0503839503486846e-06
leaf_weight=5007 5215 6796 5610 5196 5265 6551 4980 4579 112742 6212 7175 4767 11776 5529 12306 7839 6272 5876 8311 12339 7521 4565 9168 4708 5488 5195 8362 4635 4597 27566
leaf_count=5007 5215 6796 5610 5196 5265 6551 4980 4579 112742 6212 7175 4767 11776 5529 12306 7839 6272 5876 8311 12339 7521 4565 9168 4708 5488 5195 8362 4635 4597 27566
internal_value=-6.81626e-05 -8.09493e-05 -0.000538233 -6.29042e-05 0.000349714 0.000767277 -8.62263e-05 -0.000409909 -5.48298e-05 0.000232597 8.73541e-05 -6.67404e-05 -0.000293994 0.000274959 0.000434738 -6.19943e-05 -0.000110514 -8.28604e-06 -0.000249397 0.000429472 -0.000198401 -0.000497171 -0.000714187 -0.000351561 -7.7465e-05 -0.000154762 -2.92903e-05 -0.000156096 -1.05982e-05 -0.000171445
internal_weight=332148 326933 12406 314527 16823 11816 297704 26318 271386 44041 37829 21122 16543 30654 25125 12819 227345 130957 96388 18215 90116 25962 21397 13876 64154 58666 50355 45160 36798 32163
internal_count=332148 326933 12406 314527 16823 11816 297704 26318 271386 44041 37829 21122 16543 30654 25125 12819 227345 130957 96388 18215 90116 25962 21397 13876 64154 58666 50355 45160 36798 32163
is_linear=0
shrinkage=0.05


Tree=122
num_leaves=31
num_cat=0
split_feature=4 4 8 0 2 8 8 0 8 8 8 8 3 8 2 4 8 8 8 4 8 8 8 8 8 8 8 8 2 8
split_gain=1.75114 1.2628 1.62309 1.01688 2.32031 1.25776 3.29204 2.51555 3.13239 1.90703 2.0254 1.38471 1.56934 1.85534 1.81212 4.32324 3.30988 7.50336 12.3983 4.37427 2.21197 1.83164 4.48103 5.21525 4.03292 3.78889 2.18533 2.32225 5.04601 3.6182
threshold=1.9872758246888045 1.5390651465205558 1.2650961850000002 88.500000000000014 5.5000000000000009 0.8314545940000001 0.85802784950000011 27.500000000000004 0.7698838870000001 0.89784091200000005 0.87945863200000007 0.92233349500000006 -11.582993547999999 0.96036754150000014 1.0000000180025095e-35 0.86794185012195324 1.429914388 1.1894146140000001 1.2618163615000004 1.047932569326131 1.0843950875000001 1.0000014820000003 1.0372372480000003 1.0641062075000003 1.0976287175000004 1.1318326185000003 1.1640513860000004 1.2526022160000003 1.5000000000000002 1.2992437430000001
decision_type=8 10 2 2 2 2 2 2 2 2 2 2 2 2 2 8 2 2 2 8 2 2 2 2 2 2 2 2 2 2
left_child=1 3 -3 4 5 7 -7 -1 -9 10 -8 -11 -13 -14 16 -16 17 19 -19 20 -15 -17 -23 -24 -25 -26 -27 28 -28 -29
right_child=-2 2 -4 -5 -6 6 9 8 -10 11 -12 12 13 14 15 21 -18 18 -20 -21 -22 22 23 24 25 26 27 29 -30 -31
leaf_value=0.00071305480501885352 0.0016749261193685586 -0.002591840290932223 3.8515609005974753e-05 0.00016692606009799675 -0.002087675757525304 0.0018946158966111314 -2.3470200749166416e-06 -0.00010583056737194562 -0.0027211919883601953 0.00081066250755131735 -0.0023934190037468652 0.00026458937680244084 -0.001299969354999507 0.00048730028442304997 -0.0010862168894392539 0.0012664479348235764 0.0015327704201134563 -0.0035179992330292491 0.00016751186566249816 -0.00068013604676036156 0.0022159837600111759 -0.0021348060310235955 0.0019841279725497005 -0.0014964152614734248 0.0015917486688509484 -0.0015464560211012148 0.0031804412853645748 -0.0022739025412488634 -0.00031658666494022375 -3.5153940591981201e-05
leaf_weight=4613 5494 5281 4843 80924 10309 5818 4912 5389 6012 7226 5578 41384 8499 6087 18340 6946 7510 4771 8651 6440 5301 5457 4546 4939 5056 5566 5226 6363 8725 25938
leaf_count=4613 5494 5281 4843 80924 10309 5818 4912 5389 6012 7226 5578 41384 8499 6087 18340 6946 7510 4771 8651 6440 5301 5457 4546 4939 5056 5566 5226 6363 8725 25938
internal_value=-7.92427e-05 -9.41372e-05 -0.000643698 -7.65498e-05 -0.000129072 -9.54969e-05 -6.28106e-05 -0.000522506 -0.000921008 -9.63564e-05 -0.000752741 -6.06564e-05 -8.70806e-05 -0.000164895 -0.000120045 -0.000235412 0.000168966 -5.7592e-05 -0.000950325 0.00061459 0.00120337 -7.43978e-05 -0.0001494 -3.609e-05 -0.000156347 -3.72733e-05 -0.000164793 -5.21014e-05 0.000486886 -0.000284933
internal_weight=332144 326650 10124 316526 235602 225293 209279 16014 11401 203461 10490 192971 185745 144361 135862 97102 38760 31250 13422 17828 11388 78762 71816 66359 61813 56874 51818 46252 13951 32301
internal_count=332144 326650 10124 316526 235602 225293 209279 16014 11401 203461 10490 192971 185745 144361 135862 97102 38760 31250 13422 17828 11388 78762 71816 66359 61813 56874 51818 46252 13951 32301
is_linear=0
shrinkage=0.05


Tree=123
num_leaves=31
num_cat=0
split_feature=3 8 2 8 7 7 7 8 3 8 8 3 0 2 9 8 8 8 9 2 5 8 7 7 7 7 2 7 8 8
split_gain=1.2234 0.882702 4.80873 4.41426 4.05191 10.1315 4.81193 2.76202 4.34996 3.74529 3.42943 1.70171 1.64785 3.94477 1.75882 1.74788 3.35528 3.07134 2.63465 5.06187 1.62904 1.51493 1.89007 2.30261 1.86725 3.57468 1.41949 1.35044 2.80833 2.94492
threshold=57.332769702000007 1.3109496115000001 3.5000000000000004 1.2922678700000001 1.0575228460000001 1.0233017285000001 1.0812419045000001 1.5773862285000002 2.9156208245000004 1.4583205875 1.3938727930000001 3.4257737935000008 74.500000000000014 4.5000000000000009 58.500000000000007 0.88416965650000012 0.86166882900000008 0.90801627700000009 32.500000000000007 5.5000000000000009 26.500000000000004 0.92706994300000012 1.0072142665000003 1.0243316185000002 1.0473717320000002 1.0731915865000003 4.5000000000000009 0.90684916650000014 0.97717730150000015 0.85399369700000005
decision_type=2 2 2 2 2 2 2 2 2 2 2 2 2 2 2 2 2 2 2 2 2 2 2 2 2 2 2 2 2 2
left_child=1 3 4 12 5 -3 -6 9 -9 10 -8 -11 13 20 15 16 18 -17 19 -14 27 -19 -23 -24 -25 -26 -27 28 29 -1
right_child=-2 2 -4 -5 6 -7 7 8 -10 11 -12 -13 14 -15 -16 17 -18 21 -20 -21 -22 22 23 24 25 26 -28 -29 -30 -31
leaf_value=-0.00033039653987999444 0.0026369235974307661 -0.00062656437086959656 -0.0035369527143859444 0.0017167455353136543 -0.0024025423553791568 0.0023459045355590149 -0.00086625366532892324 0.0022160052030175481 -0.00064903058706302329 -0.0024992689950877837 0.001121183899330296 -0.00067885476375893023 0.0034706890531448487 -0.0023482775439318936 0.0023478956045008808 -0.0036672528735461011 0.002759169582839022 0.0019855589800979834 -0.0019890240081521992 -0.00059938376759153806 -0.0015371142613853949 -0.00088892746218827135 0.0029533599134702166 -0.0017398742229884697 0.0025463230892137194 0.00055144062805712252 -0.0018315072147393721 -1.5788254334239035e-05 0.00085312457525057398 -0.0020128419449875578
leaf_weight=10430 5287 5989 7608 6208 5247 6336 9269 5062 5121 4646 7095 4502 5628 10327 6564 5139 4933 4736 4604 11675 4998 27441 6120 6833 6168 6804 5661 120022 4518 7392
leaf_count=10430 5287 5989 7608 6208 5247 6336 9269 5062 5121 4646 7095 4502 5628 10327 6564 5139 4933 4736 4604 11675 4998 27441 6120 6833 6168 6804 5661 120022 4518 7392
internal_value=-7.1052e-05 -8.32527e-05 -0.000255011 -4.39709e-05 -8.70075e-05 0.000707622 -0.000326277 -0.000118349 0.000577639 -0.000396208 5.68135e-05 -0.00120616 -7.54441e-05 -0.000176833 8.08308e-05 2.65271e-05 0.000368783 -0.000106812 0.000103367 0.000386236 -0.000110611 -1.19978e-05 -8.10589e-05 0.000182646 -2.66982e-05 0.000232588 -0.000254612 -7.94438e-05 -0.00043634 -0.000718574
internal_weight=332363 327076 60875 266201 53267 12325 40942 35695 10183 25512 16364 9148 259993 157687 102306 95742 26840 68902 21907 17303 147360 63763 59027 31586 25466 18633 12465 142362 22340 17822
internal_count=332363 327076 60875 266201 53267 12325 40942 35695 10183 25512 16364 9148 259993 157687 102306 95742 26840 68902 21907 17303 147360 63763 59027 31586 25466 18633 12465 142362 22340 17822
is_linear=0
shrinkage=0.05


Tree=124
num_leaves=31
num_cat=0
split_feature=9 0 8 5 8 3 7 7 3 7 8 7 3 3 0 8 0 9 3 7 8 8 8 8 7 7 7 7 8 0
split_gain=1.33649 1.30015 1.47907 1.59391 1.34107 3.05054 1.8227 1.50961 4.84206 1.63216 2.00284 1.4385 1.26634 1.58959 2.32807 1.23582 1.17728 1.33724 1.294 1.29217 2.42975 1.65203 3.39873 2.80574 2.46357 1.68143 1.736 2.42689 3.17702 2.49977
threshold=2.5000000000000004 95.500000000000014 0.77793374000000004 12.500000000000002 0.88204568800000016 -10.503064728499998 0.94667231500000015 0.98947461550000015 -7.1114353084999999 1.0473717320000002 0.99361192700000012 1.1182239370000002 4.5688337305000006 -20.309445161999996 76.500000000000014 0.71821890750000017 39.500000000000007 26.500000000000004 -5.2964884334999995 1.1350018475000001 1.3838021630000001 1.3288227880000003 1.2363020150000004 1.4435879295000003 1.0852959850000004 1.0563097930000003 1.0329430635000001 1.0100786505000003 1.0877557720000002 78.500000000000014
decision_type=2 2 2 2 2 2 2 2 2 2 2 2 2 2 2 2 2 2 2 2 2 2 2 2 2 2 2 2 2 2
left_child=-1 2 15 12 5 -3 -6 8 -8 10 -9 -11 13 14 -4 -2 17 18 -5 21 -21 22 24 -23 25 26 27 28 29 -18
right_child=1 4 3 16 6 -7 7 9 -10 11 -12 -13 -14 -15 -16 -17 19 -19 -20 20 -22 23 -24 -25 -26 -27 -28 -29 -30 -31
leaf_value=-0.00081787530242498721 -0.00013257672794876 0.0027557824843336656 -0.00080699844994064113 -0.00094170294849883285 -0.0022278150578747421 -0.0008699278854805842 -0.0013503451842384515 0.0018364776307222927 0.0071086371403864847 0.002491355014119935 -0.002292982749986283 -0.0011487067439656265 -0.00086001919104299832 0.00026620130691088384 0.00082651579405108747 -0.002090963564607216 0.00052712963076253464 -0.0010477008068477407 -0.0002198598326501656 -0.00074275092485549343 0.0018932481442246686 -0.0020219630759827092 0.0014660770483834542 0.00016842329876271748 -0.0020721564079077886 0.0013034051876510411 -0.0017711428109058675 0.001391472151740381 -0.0018898261661063386 -0.0010959380430434641
leaf_weight=14694 5028 9009 17234 5684 5141 6936 4549 4918 4509 10221 10609 5586 9227 74898 8490 5564 16782 9532 34300 5456 7086 4975 8513 4748 4948 5228 5315 6883 6800 9352
leaf_count=14694 5028 9009 17234 5684 5141 6936 4549 4918 4509 10221 10609 5586 9227 74898 8490 5564 16782 9532 34300 5456 7086 4975 8513 4748 4948 5228 5315 6883 6800 9352
internal_value=-6.93077e-05 -4.77296e-05 -9.73072e-05 -7.23359e-05 0.000158742 0.00055329 2.05311e-05 0.000133425 0.000701753 -3.0953e-05 -0.000394992 0.000326649 6.92271e-05 0.000120642 -0.000218432 -0.000675664 -0.000187012 -0.000381254 -0.000254321 -7.52704e-05 0.000393718 -0.000155272 -6.27499e-05 -0.000762234 -0.00020592 -0.000101262 -0.000199616 -8.626e-05 -0.000264733 -1.41563e-05
internal_weight=332215 317521 256043 245451 61478 15945 45533 40392 9058 31334 15527 15807 109849 100622 25724 10592 135602 49516 39984 86086 12542 73544 63821 9723 55308 50360 45132 39817 32934 26134
internal_count=332215 317521 256043 245451 61478 15945 45533 40392 9058 31334 15527 15807 109849 100622 25724 10592 135602 49516 39984 86086 12542 73544 63821 9723 55308 50360 45132 39817 32934 26134
is_linear=0
shrinkage=0.05


Tree=125
num_leaves=31
num_cat=0
split_feature=4 3 8 8 8 3 7 7 7 9 8 8 7 4 8 7 8 7 7 7 7 3 7 7 7 8 3 8 7 7
split_gain=1.41309 1.35749 3.28723 3.03076 3.81385 2.83691 1.82504 4.42747 3.59518 4.36178 2.40594 2.48005 2.80166 1.54332 1.6625 5.34484 4.21286 2.86476 4.23412 4.6418 3.18324 3.06492 2.00244 5.59757 3.98565 2.83472 3.53249 2.68387 7.04047 7.78879
threshold=1.9872758246888045 6.0224775670000001 1.6516427525000001 1.4757161485000003 1.429914388 -3.5501908694999993 1.0038369515000001 0.99308499750000012 1.0320909540000003 32.500000000000007 0.89784091200000005 0.98373178200000011 0.96428644550000009 0.31590727960229092 0.88416965650000012 0.98947461550000015 0.90015274200000006 0.96428644550000009 0.93807215200000005 0.91047063400000006 0.86803575000000011 -22.230084205999997 1.0360263355000001 1.0243316185000002 1.0423911465000002 1.0260839095000003 -0.26244720199999994 1.0689273500000003 0.99889278250000013 1.0061706605000003
decision_type=8 2 2 2 2 2 2 2 2 2 2 2 2 10 2 2 2 2 2 2 2 2 2 2 2 2 2 2 2 2
left_child=1 2 3 4 13 -5 7 10 9 -8 -3 -12 -13 -1 15 17 -16 18 19 20 21 -15 23 27 -24 -26 -27 28 -18 -30
right_child=-2 6 -4 5 -6 -7 8 -9 -10 -11 11 12 -14 14 16 -17 22 -19 -20 -21 -22 -23 24 -25 25 26 -28 -29 29 -31
leaf_value=-0.0010011635898950438 0.00162516955303904 -0.0022016451217621085 0.0017467495894734079 -0.0025511709292720466 0.0018147661140477994 -6.3242254634463107e-05 -0.00069570279752606112 0.0032697822646519806 -0.00042435035028696723 -0.0039005708569771857 0.0026735532495380187 0.00095240064410115246 -0.0019477198173730812 -0.0021484513093114519 -0.0024036949496922273 0.0048677877361836056 0.00010305182133972852 -0.0016093958461789 0.0021497400683241608 -0.0023290777043010031 0.0018525304889211872 0.00057717408862698895 0.0018848015510692486 -0.0017924988501746037 0.0015588477920372211 -0.00047596064622360348 0.00079304326799956796 0.00044026991666358447 -0.003786863578683674 0.00058305975702739382
leaf_weight=8884 5503 7793 5818 4523 4552 4741 6368 4566 49657 4587 5268 5196 4867 4694 6042 5366 46421 5225 6245 6296 8445 6638 4710 9817 5796 31774 13272 34277 9175 5564
leaf_count=8884 5503 7793 5818 4523 4552 4741 6368 4566 49657 4587 5268 5196 4867 4694 6042 5366 46421 5225 6245 6296 8445 6638 4710 9817 5796 31774 13272 34277 9175 5564
internal_value=-5.2548e-05 -6.59418e-05 -3.88318e-06 -3.32754e-05 3.51586e-06 -0.000919194 -0.000233392 0.000102905 -0.000387021 -0.00120666 -0.000178133 0.00018551 -0.000274634 -2.63223e-05 1.02378e-06 0.000278579 -7.03625e-05 6.75124e-05 0.000243169 -3.70056e-05 0.000339449 -0.000208169 -2.16415e-05 -0.000149822 0.000221213 9.22363e-05 -4.17317e-05 -3.28484e-05 -0.000231343 -0.00118319
internal_weight=332080 326577 238275 232457 223193 9264 88302 27690 60612 10955 23124 15331 10063 218641 209757 42909 166848 37543 32318 26073 19777 11332 160806 105254 55552 50842 45046 95437 61160 14739
internal_count=332080 326577 238275 232457 223193 9264 88302 27690 60612 10955 23124 15331 10063 218641 209757 42909 166848 37543 32318 26073 19777 11332 160806 105254 55552 50842 45046 95437 61160 14739
is_linear=0
shrinkage=0.05


Tree=126
num_leaves=31
num_cat=0
split_feature=9 4 7 7 7 8 7 8 8 8 9 4 3 8 7 8 9 7 2 8 7 8 8 7 7 8 8 7 8 7
split_gain=1.30539 1.76823 1.84698 1.61983 1.40491 3.0255 2.73812 3.33449 13.6443 6.56798 2.85374 1.55348 1.78127 1.74029 2.77106 4.89964 3.85321 3.69228 2.93235 3.59869 2.25831 3.48463 2.00027 1.6793 8.86531 3.91052 7.79758 3.4155 1.87871 3.73777
threshold=3.5000000000000004 1.7033585699110478 1.2268644580000003 1.1927919445000004 1.1460201665000003 1.3109496115000001 1.1350018475000001 1.429914388 1.4992900485000002 1.3572194490000002 25.500000000000004 0.31590727960229092 -11.796539283499998 1.1942968215000003 0.99889278250000013 0.99846873800000002 19.500000000000004 0.97536380700000014 3.5000000000000004 0.91760223650000017 1.0072142665000003 1.0901267645000001 0.91327798100000013 0.90495753450000016 0.9225350630000001 0.93834529050000015 0.80377605800000007 0.9455878135000001 1.1942968215000003 1.0360263355000001
decision_type=2 10 2 2 2 2 2 2 2 2 2 10 2 2 2 2 2 2 2 2 2 2 2 2 2 2 2 2 2 2
left_child=-1 2 3 4 6 -6 7 9 -9 11 -11 -2 13 14 16 -16 -13 18 19 -18 -17 -22 -20 25 -25 26 -14 -26 -29 -30
right_child=1 -3 -4 -5 5 -7 -8 8 -10 10 -12 12 23 -15 15 20 17 -19 22 -21 21 -23 -24 24 27 -27 -28 28 29 -31
leaf_value=-0.00066089650365039841 -0.00121927530320581 0.0020528774184451043 -0.0010681572258922896 0.001836860500527655 0.00081858718178468297 -0.0017384134923980343 0.0019786611207200026 0.0035066344116911593 -0.0006264503447012148 -0.00050371724986936802 -0.0030342436568983797 -0.00036052548386393887 0.00047325070659570164 0.001154817186416522 0.0017133018627269962 -0.0030912964879103925 0.0019642643106713032 0.0025592085106427168 -0.0013306286590273244 0.00013646060957203787 0.00068137674994837947 -0.0022487686286580487 0.00094203081608105967 0.0032327437856441675 -0.0013028475474140336 0.00078766198579424814 -0.0040840115008185969 8.529308900265194e-05 -0.0012961181260541682 2.6551137223918552e-05
leaf_weight=21138 4864 5155 9116 6486 5344 8044 5875 5648 8554 4884 4652 21676 4873 8683 7837 4642 5449 6173 7900 5712 4760 5714 5791 6569 11247 4962 5769 91955 12130 20597
leaf_count=21138 4864 5155 9116 6486 5344 8044 5875 5648 8554 4884 4652 21676 4873 8683 7837 4642 5449 6173 7900 5712 4760 5714 5791 6569 11247 4962 5769 91955 12130 20597
internal_value=-4.73968e-05 -2.15561e-05 -3.70381e-05 -1.55001e-05 -3.29661e-05 -0.000533116 -8.77626e-06 -3.1933e-05 0.000713731 -7.31779e-05 -0.00136045 -2.35144e-05 -5.7551e-06 0.000179802 0.000102829 -0.000355651 0.000302526 0.000659844 0.000387817 0.000989162 -0.000881557 -0.000474283 -0.000102586 -0.00010474 -5.08071e-05 -0.000597093 -0.00113741 -0.000137531 -6.2237e-05 -0.000387542
internal_weight=332199 311061 305906 296790 290304 13388 276916 271041 14202 256839 9536 247303 242439 84337 75654 22953 52701 31025 24852 11161 15116 10474 13691 158102 142498 15604 10642 135929 124682 32727
internal_count=332199 311061 305906 296790 290304 13388 276916 271041 14202 256839 9536 247303 242439 84337 75654 22953 52701 31025 24852 11161 15116 10474 13691 158102 142498 15604 10642 135929 124682 32727
is_linear=0
shrinkage=0.05


Tree=127
num_leaves=31
num_cat=0
split_feature=4 5 1 8 4 8 8 8 8 8 9 7 8 2 9 4 8 7 8 7 8 8 4 7 7 9 8 2 8 8
split_gain=1.09949 1.08901 1.8782 1.63754 1.55769 1.52348 2.20795 2.56997 1.78651 6.83627 2.34383 2.49265 2.30915 1.1612 2.38177 1.71815 2.92345 4.06309 3.48413 2.75084 2.01378 2.83559 1.78371 3.61406 3.67082 3.66046 1.92863 1.81635 2.98551 4.67532
threshold=1.9872758246888045 25.500000000000004 79.500000000000014 1.7298127505000003 1.2506541623569842 1.5773862285000002 1.4992900485000002 1.4435879295000003 1.3109496115000001 1.2922678700000001 19.500000000000004 1.0999404950000002 1.3838021630000001 7.5000000000000009 15.500000000000002 0.78808883970587662 0.75575043250000007 0.90495753450000016 0.93643926100000019 0.91977347650000008 0.77793374000000004 0.82440334850000008 0.93343866468483183 1.0744235155000001 1.0243316185000002 20.500000000000004 1.0396849785000002 1.0000000180025095e-35 1.2526022160000003 1.2188603910000002
decision_type=8 2 2 2 10 2 2 2 2 2 2 2 2 2 2 10 2 2 2 2 2 2 10 2 2 2 2 2 2 2
left_child=1 3 4 5 -3 6 7 8 9 13 11 -10 -12 15 -15 20 -17 18 -18 -19 -1 -22 23 24 25 -21 -27 -24 29 -29
right_child=-2 2 -4 -5 -6 -7 -8 -9 10 -11 12 -13 -14 14 -16 16 17 19 -20 22 21 -23 27 -25 -26 26 -28 28 -30 -31
leaf_value=-0.0010403109109286992 0.001374094648418873 -0.0014001069279515495 -0.0017974301137990351 -0.0015953571257005716 0.00094846348743471941 0.0008731767045879078 -0.0011590810266856337 0.0013284396563608297 0.00090210151553138124 0.0022103454224426488 -0.0017980229532885896 -0.0010016558293915311 -0.00014418581313249977 -0.0053666615303435911 0.0011875922882789445 0.0015508679922254806 -0.0028024196775502681 0.0029636700332422005 4.8477095897257871e-05 -0.0016610970064649803 0.002683292624143891 0.00020942553827640647 -0.00065940556814902691 0.0006592047527051167 -0.0023066791315142134 -0.00044109434351396397 0.00096747000546620096 0.00011219175035877011 -0.0019141967547164505 0.002349467060753058
leaf_weight=7708 5542 10489 5507 5346 8972 7427 7352 6580 5960 5456 9475 6007 6280 7392 4579 4883 7489 4599 4554 11012 4961 68991 14149 5859 8546 8607 5811 61378 5434 5577
leaf_count=7708 5542 10489 5507 5346 8972 7427 7352 6580 5960 5456 9475 6007 6280 7392 4579 4883 7489 4599 4554 11012 4961 68991 14149 5859 8546 8607 5811 61378 5434 5577
internal_value=-6.88718e-05 -8.07341e-05 -0.000398031 -5.4444e-05 -0.000167216 -3.87757e-05 -5.69745e-05 -3.46094e-05 -5.80074e-05 -1.52852e-05 -0.000438563 8.89564e-05 -0.000839151 -5.48382e-05 -0.000534821 -2.97969e-05 -0.000131439 -0.00017253 -0.00105121 -9.16967e-05 0.000154288 0.000234459 -0.000135428 -0.000412275 -0.000610048 -0.000308631 0.000215627 -7.97411e-06 9.33076e-05 0.000184811
internal_weight=331922 326380 24968 301412 19461 296066 288639 281287 274707 246985 27722 11967 15755 241529 11971 229558 147898 143015 12043 130972 81660 73952 126373 39835 33976 25430 14418 86538 72389 66955
internal_count=331922 326380 24968 301412 19461 296066 288639 281287 274707 246985 27722 11967 15755 241529 11971 229558 147898 143015 12043 130972 81660 73952 126373 39835 33976 25430 14418 86538 72389 66955
is_linear=0
shrinkage=0.05


Tree=128
num_leaves=31
num_cat=0
split_feature=9 5 5 2 8 8 2 8 7 4 7 7 2 4 2 7 7 8 7 7 8 7 7 3 7 7 9 8 7 8
split_gain=0.995789 1.09252 1.30694 1.59654 1.84752 2.21448 1.53363 3.53547 3.49771 1.94638 2.59303 5.17971 3.00406 2.54342 2.20149 2.04892 2.49843 4.41434 2.83053 6.50138 2.39725 1.53009 3.38529 2.06798 1.47458 2.41409 1.27586 1.28286 1.22167 2.66793
threshold=6.5000000000000009 3.5000000000000004 14.500000000000002 1.0000000180025095e-35 1.1894146140000001 1.0000014820000003 1.0000000180025095e-35 1.2618163615000004 0.99693670000000012 1.1683272618710758 1.0061706605000003 1.0243316185000002 1.5000000000000002 1.0094632276580866 3.5000000000000004 0.95813489450000011 1.1659978160000002 1.3520143715000001 1.0731915865000003 1.0320909540000003 1.0441878835000002 1.1460201665000003 1.0801551885000003 -10.703900558999999 0.99308499750000012 0.97631804550000012 29.500000000000004 0.87945863200000007 0.98203505650000011 1.1667312910000003
decision_type=2 2 2 2 2 2 2 2 2 10 2 2 2 10 2 2 2 2 2 2 2 2 2 2 2 2 2 2 2 2
left_child=-1 -2 3 4 5 -3 7 8 -4 10 12 -12 -8 -13 -15 -11 17 18 19 20 -17 22 28 -24 25 26 27 -14 -5 -30
right_child=1 2 6 21 -6 -7 9 -9 -10 15 11 13 24 14 -16 16 -18 -19 -20 -21 -22 -23 23 -25 -26 -27 -28 -29 29 -31
leaf_value=-0.00047364940789020103 -0.0011324853328438535 0.00030498860061803568 -0.00012263511324028773 0.00019885449827303117 -6.965062984135088e-05 0.0017940618321019616 -0.0017633882228672449 0.00030746565914714359 -0.002297035903854959 0.0022365470188254509 0.0030564748222174322 -0.00094755723975979602 0.0010970207619847799 0.00093008832870196856 -0.001764590260633297 0.0013227775990761763 0.0023743725353429414 -0.0031577062272109321 -0.0012876696431193351 0.004757076427403216 -0.0016840939520691473 -0.00097650314635439614 0.0021764715332736099 0.00043223451251399048 -0.0023709831872171334 0.0017357286096298331 -0.001409347836048806 -0.00095307798920010929 -0.00091341688205047911 0.0003905918923160369
leaf_weight=43509 5730 5638 6197 53086 7041 5264 6766 9228 7661 4893 6946 17742 4691 11415 5263 5316 6308 4678 7907 5554 5144 7966 4774 8963 5550 5872 10142 5826 31397 15400
leaf_count=43509 5730 5638 6197 53086 7041 5264 6766 9228 7661 4893 6946 17742 4691 11415 5263 5316 6308 4678 7907 5554 5144 7966 4774 8963 5550 5872 10142 5826 31397 15400
internal_value=-6.53426e-05 -3.16974e-05 -1.78335e-05 9.10519e-05 0.000531256 0.000938845 -0.000124002 -0.000497165 -0.00100195 -5.22017e-05 -0.000194035 8.14568e-05 -0.000487363 -0.000169936 0.000273331 0.000233638 9.92483e-05 -9.94628e-05 0.000175331 0.000557462 -0.000176781 2.60698e-05 7.30461e-05 0.000808833 -0.000285328 -0.000130202 -0.000384486 1.42439e-06 -2.81828e-05 -0.000214415
internal_weight=331867 288358 282628 139529 17943 10902 143099 23086 13858 120013 80213 41366 38847 34420 16678 39800 34907 28599 23921 16014 10460 121586 113620 13737 32081 26531 20659 10517 99883 46797
internal_count=331867 288358 282628 139529 17943 10902 143099 23086 13858 120013 80213 41366 38847 34420 16678 39800 34907 28599 23921 16014 10460 121586 113620 13737 32081 26531 20659 10517 99883 46797
is_linear=0
shrinkage=0.05


Tree=129
num_leaves=31
num_cat=0
split_feature=3 8 8 8 8 7 7 7 8 8 8 2 4 7 7 7 7 8 2 7 0 4 8 8 3 8 7 7 7 7
split_gain=1.24983 1.06326 1.7507 4.07741 2.40791 4.58666 1.98258 3.36298 1.5614 2.37432 3.77594 1.54344 1.50727 1.18206 2.13003 1.67796 2.87743 3.14426 12.1444 4.54741 3.31292 1.72983 3.55588 3.08608 2.75354 2.58254 2.57043 4.53676 2.895 2.44942
threshold=57.332769702000007 1.6712448535000004 1.4583205875 1.429914388 1.3572194490000002 1.1368902595000001 1.1108714775000001 1.1795612660000001 1.3333872195000003 1.3109496115000001 1.2922678700000001 1.5000000000000002 1.6534265709003368 1.1585803860000001 1.1325404125000003 1.1092861080000003 1.0563097930000003 1.1318326185000003 1.5000000000000002 1.0703823300000002 78.500000000000014 0.78808883970587662 0.75575043250000007 0.72773500200000008 19.337577585500004 1.0169589225000002 0.90495753450000016 0.91977347650000008 0.94667231500000015 1.0243316185000002
decision_type=2 2 2 2 2 2 2 2 2 2 2 2 8 2 2 2 2 2 2 2 2 10 2 2 2 2 2 2 2 2
left_child=1 2 3 4 8 11 -4 -8 9 10 12 -6 13 14 15 16 21 19 -19 -18 -20 23 -23 -1 26 -26 -24 -28 -29 -30
right_child=-2 -3 6 -5 5 -7 7 -9 -10 -11 -12 -13 -14 -15 -16 -17 17 18 20 -21 -22 22 24 -25 25 -27 27 28 29 -31
leaf_value=-0.0023218433775856859 0.0028505958846354734 0.00091051606845092949 0.00012400415572264126 0.0019552153025898743 -0.00066857270573930194 0.00071065082482727338 -0.0028625211229654302 -0.000374153633414227 0.0011124441315760864 -0.0014208446245067487 0.0016432787546727474 -0.0031326195018960413 -0.0012477157107842014 -0.0012385506190840622 0.001766657800479667 -0.0012456284287707228 0.0034269758439185068 0.0040748787144473256 -0.0029448756465435409 0.00051729291516173061 -0.00014028811093846989 0.0017751135133419723 -0.0017892536550717113 0.00024526486373392805 0.0022225217593087264 -0.00084836299667860387 0.0032537944085323381 -0.0014250063891407731 -0.0001742319167573233 -0.0011551988176851998
leaf_weight=5059 5231 8313 7263 4948 5142 5544 5148 6793 6290 6112 6192 5056 5280 5444 5199 6927 6055 5985 5539 8527 4556 5763 11908 73595 8827 7361 4517 11882 58618 18855
leaf_count=5059 5231 8313 7263 4948 5142 5544 5148 6793 6290 6112 6192 5056 5280 5444 5199 6927 6055 5985 5539 8527 4556 5763 11908 73595 8827 7361 4517 11882 58618 18855
internal_value=-6.0691e-05 -7.29727e-05 -8.75511e-05 -5.78415e-05 -8.17887e-05 -0.000683306 -0.000550264 -0.000946343 -4.77757e-05 -6.57786e-05 -4.33881e-05 -0.00131236 -7.24708e-05 -5.51221e-05 -3.919e-05 -6.05392e-05 -3.81152e-05 0.000413799 -6.83879e-05 0.000945361 -0.00112624 -0.000105263 -0.000218851 7.92014e-05 -0.00027621 0.000331006 -0.000369146 -0.000281327 -0.000359502 -0.000248007
internal_weight=331929 326698 318385 299181 294233 15742 19204 11941 278491 272201 266089 10198 259897 254617 249173 243974 237047 30662 16080 14582 10095 206385 127731 78654 121968 16188 105780 93872 89355 77473
internal_count=331929 326698 318385 299181 294233 15742 19204 11941 278491 272201 266089 10198 259897 254617 249173 243974 237047 30662 16080 14582 10095 206385 127731 78654 121968 16188 105780 93872 89355 77473
is_linear=0
shrinkage=0.05


Tree=130
num_leaves=31
num_cat=0
split_feature=2 5 4 2 8 4 8 8 8 8 7 7 8 3 7 4 7 8 7 8 8 7 7 8 7 8 1 8 8 8
split_gain=1.10374 1.46241 1.20211 2.35774 3.96214 3.70751 1.9542 3.91372 2.93646 3.08291 2.55874 3.82382 6.0584 2.05771 2.31955 2.36207 1.86526 5.71224 3.53443 1.79031 1.73659 1.57014 5.79385 3.41059 2.87152 2.80845 2.64242 2.44442 3.36283 3.24942
threshold=7.5000000000000009 9.5000000000000018 0.84440490432270965 1.0000000180025095e-35 1.3868331465000001 0.3422227397364791 0.97265127900000015 0.94862549100000015 1.0216345210000002 1.0519316795000002 0.95716687150000013 0.99391202600000017 1.1942968215000003 -30.986895252499995 0.95813489450000011 0.69180060699387691 1.0038369515000001 1.0000014820000003 1.0906577955000001 1.1263025625000003 0.8176335815000001 0.90495753450000016 0.9225350630000001 0.92937962750000014 0.94667231500000015 0.80377605800000007 12.500000000000002 0.86540467600000015 0.9248827850000001 0.95800982700000004
decision_type=2 2 8 2 2 8 2 2 2 2 2 2 2 2 2 10 2 2 2 2 2 2 2 2 2 2 2 2 2 2
left_child=2 -2 3 16 5 -5 7 13 -8 -10 -11 -12 19 20 15 -15 17 -1 -18 -13 -7 23 -23 25 -24 -4 -26 -28 -29 -30
right_child=1 -3 21 4 -6 6 8 -9 9 10 11 12 -14 14 -16 -17 18 -19 -20 -21 -22 22 24 -25 26 -27 27 28 29 -31
leaf_value=4.859360938347108e-05 -0.0052420743889295129 -0.0003952701562632612 -0.00043964180879133902 -0.0027286977530748598 -0.0012432004903308053 1.4684618028618493e-05 -0.0010708814219764409 0.002533527237756638 0.0016513120695345479 -0.0015116946155385824 0.0013233411189188709 -0.00067717642360814057 0.00098120509794295623 -0.00069051691545894993 -0.0015097237513692903 0.0010984638821695222 -0.00079996743136157467 0.0021987301605945505 0.0018815026430021951 -0.0022957570561819057 0.0020638971731985873 0.0027354922965184634 -0.001267159676544752 0.00069334404329259383 0.0024628565491582122 -0.0039689075352865614 -0.0019500503837416102 0.001773754990251235 -0.0022637128570013611 -0.00017802251637482678
leaf_weight=6425 4989 7563 4588 4574 6824 4726 11517 4678 5147 4605 4914 5433 10073 6331 7028 8726 5839 4662 4857 4894 7022 6015 11135 4541 16698 4628 5355 7686 5565 134973
leaf_count=6425 4989 7563 4588 4574 6824 4726 11517 4678 5147 4605 4914 5433 10073 6331 7028 8726 5839 4662 4857 4894 7022 6015 11135 4541 16698 4628 5355 7686 5565 134973
internal_value=-6.65793e-05 -0.000526401 -4.85043e-05 7.79917e-05 -2.8085e-05 6.03291e-05 0.000134901 0.000398405 -8.29625e-05 0.000144563 -4.99611e-05 0.000147319 -0.000154375 0.000210856 -7.35639e-05 0.000276523 0.000547777 0.00100207 7.66272e-05 -0.00100513 0.00074534 -0.000122871 -8.50187e-05 -0.000638353 -0.000135656 -0.00119076 -8.47723e-05 -0.000149724 -0.000111788 -0.000167494
internal_weight=332011 12552 319459 118275 96492 89668 85094 38511 46583 35066 29919 25314 20400 33833 22085 15057 21783 11087 10696 10327 11748 201184 187427 13757 181412 9216 170277 153579 148224 140538
internal_count=332011 12552 319459 118275 96492 89668 85094 38511 46583 35066 29919 25314 20400 33833 22085 15057 21783 11087 10696 10327 11748 201184 187427 13757 181412 9216 170277 153579 148224 140538
is_linear=0
shrinkage=0.05


Tree=131
num_leaves=31
num_cat=0
split_feature=7 7 9 8 7 7 7 7 8 0 3 7 8 7 8 7 8 8 7 7 9 8 8 8 8 3 7 8 8 7
split_gain=1.11926 1.69426 1.51763 1.69258 4.21967 2.57958 1.95282 6.28876 4.39334 1.79191 1.47422 1.44064 1.36655 1.87795 2.4251 2.14284 4.0789 4.60199 4.02797 4.02314 1.69557 1.68191 5.72329 3.61783 2.20871 5.31405 5.13011 2.55875 3.25218 3.452
threshold=1.2646002265000003 1.2268644580000003 5.5000000000000009 1.4435879295000003 1.0584166585000003 1.1659978160000002 1.1303612510000003 1.1460201665000003 1.3520143715000001 70.500000000000014 3.6092690085000005 1.1108714775000001 1.2992437430000001 1.1092861080000003 1.2650961850000002 1.0563097930000003 1.1318326185000003 1.1831267190000003 1.0703823300000002 1.0437164150000002 23.500000000000004 1.2237114120000003 1.1970158730000002 1.1505799880000003 1.0877557720000002 6.0224775670000001 0.98794492700000014 1.0396849785000002 1.0237742465000002 1.0126016745000002
decision_type=2 2 2 2 2 2 2 2 2 2 2 2 2 2 2 2 2 2 2 2 2 2 2 2 2 2 2 2 2 2
left_child=1 2 -1 6 -5 11 8 -8 12 -9 -10 -6 13 14 15 19 18 -18 -17 21 -21 22 23 24 27 26 -26 28 29 -4
right_child=-2 -3 3 4 5 -7 7 9 10 -11 -12 -13 -14 -15 -16 16 17 -19 -20 20 -22 -23 -24 -25 25 -27 -28 -29 -30 -31
leaf_value=-0.0005840608606925621 0.0013422915119996335 -0.0014361774553088792 0.00013133905613484171 0.0018150670232217959 0.00023860051467285926 0.0019055971092850406 0.0025214551533913436 -0.0011741656004355917 -0.00059317023745572442 0.0018418114441378771 -0.0023896676312947212 -0.0013260237303249348 0.00068873668294488436 -0.0013175835388298575 -0.0011940189898342665 0.0033367870178197903 -0.0022970939636178839 0.0012111848422544347 0.00061501438496374989 -0.00050013531969247385 -0.0025613353243562277 0.0014609747128865582 -0.0024546482865410867 0.0016178500296370503 -0.0015777512061733391 -0.0025924609227181285 0.0010763679443016728 0.00083929395519140955 -0.0016062678342256096 -0.0017806075997469539
leaf_weight=34163 6064 4929 102334 4643 5507 5553 6268 8214 6564 4581 4550 5519 10382 6247 7228 5813 5229 8105 8109 4687 4718 6186 5002 10611 5966 4740 6735 16236 6570 10796
leaf_count=34163 6064 4929 102334 4643 5507 5553 6268 8214 6564 4581 4550 5519 10382 6247 7228 5813 5229 8105 8109 4687 4718 6186 5002 10611 5966 4740 6735 16236 6570 10796
internal_value=-4.99479e-05 -6.24648e-05 -4.83419e-05 -1.08511e-05 0.000418805 4.55246e-05 -4.51538e-05 0.000442363 -8.28169e-05 -0.000193361 -0.00105405 -0.000397064 -3.69975e-05 -6.2846e-05 -3.84592e-05 -7.71921e-06 0.000406073 -0.000218908 0.00100452 -6.88309e-05 -0.00107598 -1.47288e-05 -4.43812e-05 6.4625e-06 -5.53206e-05 -0.000584949 -5.15516e-05 1.26514e-05 -6.72498e-05 -4.42069e-06
internal_weight=332249 326185 321256 287093 21222 16579 265871 19063 246808 12795 11114 11026 235694 225312 219065 211837 27256 13334 13922 184581 9405 175176 168990 163988 153377 17441 12701 135936 119700 113130
internal_count=332249 326185 321256 287093 21222 16579 265871 19063 246808 12795 11114 11026 235694 225312 219065 211837 27256 13334 13922 184581 9405 175176 168990 163988 153377 17441 12701 135936 119700 113130
is_linear=0
shrinkage=0.05


Tree=132
num_leaves=31
num_cat=0
split_feature=0 2 0 4 0 8 8 8 4 7 7 7 7 8 8 4 7 7 7 8 8 2 8 2 8 7 8 7 8 7
split_gain=1.13457 0.966662 3.33848 2.51005 1.70337 1.49793 2.06841 1.28358 1.45029 5.27911 5.78412 2.86047 2.18731 2.70864 1.97673 1.58375 1.29773 6.43075 1.62062 2.68826 2.05572 1.90505 1.48786 1.44298 4.96324 1.23507 4.77241 3.20866 3.2113 9.26907
threshold=117.50000000000001 4.5000000000000009 61.500000000000007 1.0270365214057262 100.50000000000001 0.77793374000000004 0.8135863965000002 0.8424309980000001 0.64381177141985335 0.96202659950000002 0.9253556475000001 0.87473695000000007 1.0000053235000002 1.2489364475000002 0.88416965650000012 1.9872758246888045 0.97631804550000012 0.98203505650000011 0.95332521050000008 1.0901267645000001 0.97717730150000015 2.5000000000000004 0.95800982700000004 1.5000000000000002 1.0169589225000002 1.0906577955000001 1.429914388 1.071862928 1.1100206280000002 1.0575228460000001
decision_type=2 2 2 10 2 2 2 2 8 2 2 2 2 2 2 8 2 2 2 2 2 2 2 2 2 2 2 2 2 2
left_child=1 5 -3 -4 -5 -1 -7 -8 9 10 -9 -10 -11 -14 -13 16 18 -18 21 20 -20 23 -19 24 -16 26 27 28 -24 -30
right_child=-2 2 3 4 -6 6 7 8 11 12 -12 14 13 -15 15 -17 17 22 19 -21 -22 -23 25 -25 -26 -27 -28 -29 29 -31
leaf_value=-0.001009424287544276 0.0070214266446280886 -0.0032568076444759071 3.1389859343294089e-05 -0.0026060183811558333 -0.0014358417745533054 0.0017710232477998328 -0.0011469416640348649 0.00018158678012626412 -0.0018151773126728673 -0.00088430270867081865 0.0025676860392176912 0.0013057842177222152 0.001000045291039794 -0.00052092006681989577 -0.0011826555261678271 0.0014178738070271596 0.0023757740973449795 -0.0013297876806253896 -0.0015964520137993965 -0.002071930994457777 0.00044378005343863233 -0.001091425758696176 0.00033751791208787947 0.0015975496117017771 0.0011298389586024793 -0.00036367243273119522 0.0016374356799314399 0.0010323395226286627 -0.00017220384414607588 -0.0030337363644593329
leaf_weight=8374 4814 4691 50040 4833 10366 4770 5869 6252 4816 7835 5281 6775 8075 7428 5018 4944 4616 6894 4542 5227 5493 7951 26789 4867 5568 53058 7372 10982 32301 6370
leaf_count=8374 4814 4691 50040 4833 10366 4770 5869 6252 4816 7835 5281 6775 8075 7428 5018 4944 4616 6894 4542 5227 5493 7951 26789 4867 5568 53058 7372 10982 32301 6370
internal_value=-7.06028e-05 -8.18119e-05 -0.000246659 -0.000153962 -0.000716589 -3.70343e-05 -1.4915e-05 -3.50565e-05 -1.70691e-05 0.000280851 0.00115575 -6.81044e-05 -0.000151653 0.00019248 -3.89151e-05 -6.85439e-05 -9.19003e-05 -2.46664e-05 -0.000349876 -0.00075064 -0.000271416 -8.84287e-05 -8.36759e-05 0.000235152 -9.25326e-05 -4.75621e-05 7.19395e-05 -4.52613e-05 -0.000177959 -0.000469414
internal_weight=332211 327397 69930 65239 15199 257467 249093 244323 238454 34871 11533 203583 23338 15503 198767 191992 187048 148382 38666 15262 10035 23404 143766 15453 10586 136872 83814 76442 65460 38671
internal_count=332211 327397 69930 65239 15199 257467 249093 244323 238454 34871 11533 203583 23338 15503 198767 191992 187048 148382 38666 15262 10035 23404 143766 15453 10586 136872 83814 76442 65460 38671
is_linear=0
shrinkage=0.05


Tree=133
num_leaves=31
num_cat=0
split_feature=1 4 4 7 2 1 4 3 6 2 4 7 9 1 2 2 4 4 3 7 7 4 7 7 7 1 5 1 2 7
split_gain=0.92374 0.967928 1.5354 1.49119 1.34851 3.24108 2.37602 1.24261 1.21302 1.49121 1.69827 1.30278 1.19712 2.11441 3.06171 2.3168 1.98367 1.66398 2.60698 2.8432 3.69669 2.47296 1.87446 1.63463 4.61884 1.58743 1.57381 1.98001 1.49299 1.48642
threshold=2.5000000000000004 1.2741598603704374 1.9872758246888045 0.9726132500000001 6.5000000000000009 24.500000000000004 0.92108013454721493 -31.697318399499995 1.0000000180025095e-35 1.5000000000000002 1.5390651465205558 1.0812419045000001 30.500000000000004 64.500000000000014 3.5000000000000004 2.5000000000000004 0.73120486283240538 1.0299876677218076 -22.230084205999997 1.0731915865000003 1.0243316185000002 0.85903235413321954 0.96530230600000011 0.97631804550000012 0.99308499750000012 33.500000000000007 20.500000000000004 61.500000000000007 4.5000000000000009 0.92847607600000004
decision_type=2 8 8 2 2 2 10 2 2 2 10 2 2 2 2 2 10 10 2 2 2 10 2 2 2 2 2 2 2 2
left_child=-1 4 3 -3 12 6 7 -6 9 10 11 -5 13 15 -15 -2 -14 18 29 20 21 -20 -23 26 -25 28 27 -18 -19 -17
right_child=1 2 -4 8 5 -7 -8 -9 -10 -11 -12 -13 16 14 -16 17 23 25 19 -21 -22 22 -24 24 -26 -27 -28 -29 -30 -31
leaf_value=0.0062980842376895579 0.0018743452872112933 0.00054837159367283894 0.00099740426100007021 -0.0011135067198853527 -0.00027837480612899506 -0.003000471543249983 -0.0042396824581049869 0.0034426062386311452 -0.0021287289976954695 0.0007394915867896079 -0.00226602299194791 0.00044588288026892631 0.00063426591097531749 7.9873451186395939e-06 -0.0014381668708228685 -0.0014559972923614386 -5.4399304253496277e-05 0.0017325713826986261 0.0026581174336125675 0.0027657697104871326 -0.001564095370588138 0.0016107567523103933 -0.00054650637730996993 0.0018544403821556905 -0.00040983138974982073 -0.0013300452245888434 -0.0026843173023781784 -0.0012239633117333408 -0.001119321916610388 0.00032409538942232809
leaf_weight=4880 5157 6335 5490 4589 6195 6424 4775 4990 12247 6495 5192 5175 11646 103836 8406 4991 11881 4823 4951 5099 4876 4781 5455 5431 45875 5906 4972 4686 5666 10805
leaf_count=4880 5157 6335 5490 4589 6195 6424 4775 4990 12247 6495 5192 5175 11646 103836 8406 4991 11881 4823 4951 5099 4876 4781 5455 5431 45875 5906 4972 4686 5666 10805
internal_value=-6.83675e-05 -7.85572e-05 -0.000292459 -0.000399996 -4.3977e-05 -0.000416277 -3.44516e-05 0.000364163 -0.000532298 -0.00030551 -0.000580176 -0.000191423 -1.18238e-05 6.28861e-05 -6.69072e-05 0.000295928 -0.00016634 0.000204591 0.000374971 0.000690983 0.000422811 0.000807332 0.000363245 -0.000263213 -0.000109724 -0.000221038 -0.000628715 -0.000394341 0.000148179 -0.000128474
internal_weight=332030 327150 45523 40033 281627 22384 15960 11185 33698 21451 14956 9764 259243 174752 112242 62510 84491 57353 40958 25162 20063 15187 10236 72845 51306 16395 21539 16567 10489 15796
internal_count=332030 327150 45523 40033 281627 22384 15960 11185 33698 21451 14956 9764 259243 174752 112242 62510 84491 57353 40958 25162 20063 15187 10236 72845 51306 16395 21539 16567 10489 15796
is_linear=0
shrinkage=0.05


Tree=134
num_leaves=31
num_cat=0
split_feature=7 7 7 4 7 7 7 2 7 7 7 2 3 5 7 7 7 7 5 2 6 7 5 7 9 7 3 7 7 3
split_gain=1.20012 1.63366 1.21115 0.986485 0.971437 1.56007 1.34426 2.66667 1.83313 1.63045 2.47696 1.51698 2.05095 1.58715 1.2143 5.63154 2.03347 2.0738 1.75503 2.93914 1.39016 0.929299 0.916083 0.905742 1.40828 0.888417 3.09617 1.80977 1.54818 4.83432
threshold=1.2132531175000001 1.2428445740000003 1.1875882665000002 0.31590727960229092 1.1659978160000002 1.1522298355000002 1.1229187270000003 2.5000000000000004 1.1092861080000003 1.0882052975000003 1.0934611560000003 7.5000000000000009 -34.715770021499992 9.5000000000000018 1.0607328465000003 1.0563097930000003 1.0758004030000003 1.0825141075000002 24.500000000000004 1.5000000000000002 1.0000000180025095e-35 0.99019905000000008 15.500000000000002 0.91220460200000009 25.500000000000004 0.93198645250000012 -22.623501473999998 0.83371487900000008 0.95813489450000011 -7.6407521534999985
decision_type=2 2 2 10 2 2 2 2 2 2 2 2 2 2 2 2 2 2 2 2 2 2 2 2 2 2 2 2 2 2
left_child=2 -2 3 21 5 6 8 -8 9 11 -11 12 23 -13 15 18 20 -18 25 -20 -16 -1 -12 -5 -25 26 -14 -28 29 -27
right_child=1 -3 -4 4 -6 -7 7 -9 -10 10 22 13 14 -15 16 -17 17 -19 19 -21 -22 -23 -24 24 -26 28 27 -29 -30 -31
leaf_value=-0.0014966780964918514 0.0020629080041308376 -1.191683530871676e-05 -0.0014671450796711954 0.0018510692068346294 0.0010795840055106531 -0.0013007253100251661 0.0015308440609912181 -0.00059118768028009307 -0.0010176172026779417 0.0017736548122284192 0.00076565544205319978 -0.0057476914768873023 -0.0016760421829584528 -0.00068509164066709921 -0.0016140019995660644 0.0038235715631549138 0.0011495669606576462 -0.0011531683809848608 -0.0025494778127217229 -0.00027742871480229589 -0.00038266727540064896 -7.5100722892465597e-05 -0.00063976135644779357 0.0014374161836198825 -0.00058770209030399069 0.0015309956157748016 0.00098445032288482434 -0.00031228404333016153 -5.7835001311377742e-05 -0.00033202175817565355
leaf_weight=5973 5007 8484 6332 5158 6006 4872 8442 6150 8661 5116 5616 4761 7023 7277 8250 4834 6019 4806 4933 11359 6101 5799 5350 5387 5046 10016 4943 30182 111132 13013
leaf_count=5973 5007 8484 6332 5158 6006 4872 8442 6150 8661 5116 5616 4761 7023 7277 8250 4834 6019 4806 4933 11359 6101 5799 5350 5387 5046 10016 4943 30182 111132 13013
internal_value=-4.72527e-05 0.000414566 -6.68171e-05 -5.29269e-05 -3.53306e-05 -4.81754e-05 -3.3239e-05 0.000434335 -5.80583e-05 -3.47705e-05 0.00045316 -6.61364e-05 -3.84551e-05 -0.000613636 -7.72867e-05 -3.55816e-05 -0.000404274 0.000113111 -7.79063e-05 -0.00057434 -0.000794443 -0.000501827 2.91666e-05 0.000515836 0.000247652 -3.20179e-05 -0.00023225 -4.05648e-05 3.08934e-05 0.000403967
internal_weight=332048 13491 318557 312225 300453 294447 289575 14592 274983 266322 16082 250240 238202 12038 222611 197435 25176 10825 192601 16292 14351 11772 10966 15591 10433 176309 42148 35125 134161 23029
internal_count=332048 13491 318557 312225 300453 294447 289575 14592 274983 266322 16082 250240 238202 12038 222611 197435 25176 10825 192601 16292 14351 11772 10966 15591 10433 176309 42148 35125 134161 23029
is_linear=0
shrinkage=0.05


Tree=135
num_leaves=31
num_cat=0
split_feature=8 8 8 8 3 2 0 5 0 8 8 0 2 8 8 8 2 3 3 8 8 8 2 8 8 8 9 9 8 4
split_gain=1.50402 1.55499 2.40828 1.33507 1.78839 1.44926 2.61289 1.64394 2.09893 1.55619 2.21233 1.76453 2.0786 2.92608 6.519 2.7807 2.30932 4.82521 3.67581 3.28132 9.52755 7.69146 2.38258 2.21037 4.20848 4.47709 3.05394 2.95471 2.0596 1.75717
threshold=0.69131934800000006 0.74929210700000015 0.77793374000000004 0.79869419150000009 -50.741739744999997 4.5000000000000009 63.500000000000007 16.500000000000004 101.50000000000001 0.8314545940000001 0.85802784950000011 39.500000000000007 1.5000000000000002 1.2097847630000003 1.3109496115000001 1.0952802825000003 2.5000000000000004 -15.498409037999998 -20.309445161999996 1.3773010990000001 1.1640513860000004 1.0796594780000002 3.5000000000000004 0.97265127900000015 1.1640513860000004 1.2650961850000002 37.500000000000007 26.500000000000004 1.3333872195000003 0.76943089093853934
decision_type=2 2 2 2 2 2 2 2 2 2 2 2 2 2 2 2 2 2 2 2 2 2 2 2 2 2 2 2 2 8
left_child=-1 -2 -3 -4 -5 9 -7 -8 -9 -6 -11 29 13 15 -15 -13 17 -14 22 20 21 -19 -18 27 26 -26 -25 -20 -27 -12
right_child=1 2 3 4 5 6 7 8 -10 10 11 12 16 14 -16 -17 18 19 23 -21 -22 -23 -24 24 25 28 -28 -29 -30 -31
leaf_value=-0.0017121642727455694 0.0012684964623438095 -0.0024540464770227274 0.0019717247465790076 0.0015092514071439007 -0.0014920640280564712 -0.0030725914013789782 1.7278855047339708e-05 -0.0023007353488781776 -0.00096623893695570455 0.0016048046921459042 0.00011822770824737941 -0.00025503704363051891 0.0031098528543088417 0.0030173656622932612 -0.0006245429908869689 -0.0027025926455479066 -0.0019495393875192731 -3.9617055056447571e-05 1.4033361217162172e-05 0.0021990446537134552 -0.0020978235556442159 0.0045823497639805233 -0.0001655393724330264 -0.00015210333702861447 0.0021842312112977614 -0.0013622467166691504 -0.0030037868774605275 0.0035952456029355174 0.00066805246536404909 -0.00043069690999951817
leaf_weight=5255 6382 5103 5115 4611 5703 4522 34620 6299 13369 6221 37355 8828 4752 4559 9020 5300 5560 8464 5106 6658 9030 4638 7776 15779 10245 5046 5926 5147 10239 65567
leaf_count=5255 6382 5103 5115 4611 5703 4522 34620 6299 13369 6221 37355 8828 4752 4559 9020 5300 5560 8464 5106 6658 9030 4638 7776 15779 10245 5046 5926 5147 10239 65567
internal_value=-5.95286e-05 -4.60334e-05 -6.14244e-05 -4.39846e-05 -5.71956e-05 -7.19428e-05 -0.000294994 -0.000198738 -0.000563718 -1.88126e-05 4.96277e-07 -2.41501e-05 9.67977e-05 -0.000288144 0.000235938 -0.000791765 0.000199 0.000540733 3.71305e-05 0.000296925 4.0644e-06 0.000865185 -0.000710593 0.000210633 6.61504e-05 0.000501272 -0.000445648 0.000875901 -4.08776e-05 -0.000179352
internal_weight=332195 326940 320558 315455 310340 305729 58810 54288 19668 246919 241216 234995 132073 27707 13579 14128 104366 33542 70824 28790 22132 13102 13336 57488 47235 25530 21705 10253 15285 102922
internal_count=332195 326940 320558 315455 310340 305729 58810 54288 19668 246919 241216 234995 132073 27707 13579 14128 104366 33542 70824 28790 22132 13102 13336 57488 47235 25530 21705 10253 15285 102922
is_linear=0
shrinkage=0.05


Tree=136
num_leaves=31
num_cat=0
split_feature=1 2 7 8 8 1 7 4 8 7 7 7 8 8 8 7 7 8 4 7 7 1 7 3 3 6 8 7 7 7
split_gain=1.18969 2.0942 1.7863 2.23216 2.42144 1.56369 1.08858 1.55977 2.05127 2.19139 2.06832 1.91868 1.7671 3.46412 3.47684 1.8788 7.6774 2.53548 2.3146 1.96543 2.66658 1.62043 1.55654 1.52447 1.44454 1.6688 1.54426 3.32783 3.69807 4.19596
threshold=12.500000000000002 6.5000000000000009 0.9272160570000002 0.87664883000000005 1.0995788130000002 23.500000000000004 1.2646002265000003 1.2683093142931223 0.93643926100000019 1.0000053235000002 1.0596003980000002 1.1092861080000003 1.6712448535000004 1.4757161485000003 1.4361150800000002 1.1303612510000003 1.1460201665000003 1.2805315585000001 1.2297504172796854 1.0999404950000002 1.0866460510000002 69.500000000000014 1.1496716780000003 -4.9814100674999997 -34.715770021499992 1.0000000180025095e-35 0.9749352160000001 0.96905717250000001 0.95619744050000011 0.94213990150000015
decision_type=2 2 2 2 2 2 2 8 2 2 2 2 2 2 2 2 2 2 10 2 2 2 2 2 2 2 2 2 2 2
left_child=2 6 -1 -4 -5 -3 7 12 -9 -10 -11 -12 13 14 15 17 -17 18 19 20 24 -15 -13 -19 25 -2 27 28 29 -26
right_child=1 5 3 4 -6 -7 -8 8 9 10 11 22 -14 21 -16 16 -18 23 -20 -21 -22 -23 -24 -25 26 -27 -28 -29 -30 -31
leaf_value=-0.002739307070563191 0.0017173188523584447 -0.00020518164361651355 0.0046005309010983229 -0.0012892558518444155 0.0039100090072360693 -0.002545059771030683 0.0012696993144979741 -0.0021065964036731926 0.001009854870052283 -0.001571636493953899 0.00087561101929235221 -0.0021202813016393232 0.0015472801613779651 -0.0023067724660375852 0.0018417391193260282 0.0025124913498355381 -0.00043399384282555536 -6.9362246994842769e-05 0.0015908808045544691 -0.0011775576621183862 0.0016951447385834329 -0.00044404718289587454 -0.00016683088074347216 -0.0010795647353152146 -0.0003317095318659435 -0.00010963504696954351 -0.00027990293562445097 0.0010698428850366539 -0.0026181817129981764 0.0018592109794934445
leaf_weight=4779 5184 6439 5615 13316 7409 6861 5808 5031 7017 8133 7205 4773 5028 4617 4596 4703 9980 8789 4830 6738 4597 6370 7825 13738 32592 6110 93741 20165 4556 5556
leaf_count=4779 5184 6439 5615 13316 7409 6861 5808 5031 7017 8133 7205 4773 5028 4617 4596 4703 9980 8789 4830 6738 4597 6370 7825 13738 32592 6110 93741 20165 4556 5556
internal_value=-6.27974e-05 -9.32278e-05 0.000231492 0.000392863 0.000153158 -0.000706503 -6.48634e-05 -7.88293e-05 -0.000368102 -0.000232137 -0.000430551 -0.000154737 -3.10064e-05 -5.07048e-05 -8.52342e-06 -3.68091e-05 0.000509598 -7.56543e-05 -1.43704e-05 -4.34894e-05 -1.07544e-05 -0.000917487 -0.00052686 -0.000576293 -4.32985e-05 0.000502698 -8.2688e-05 0.000109026 -0.000140955 1.99186e-05
internal_weight=332101 300982 31119 26340 20725 13300 287682 281874 39984 34953 27936 19803 241890 236862 225875 221279 14683 206596 184069 179239 172501 10987 12598 22527 167904 11294 156610 62869 42704 38148
internal_count=332101 300982 31119 26340 20725 13300 287682 281874 39984 34953 27936 19803 241890 236862 225875 221279 14683 206596 184069 179239 172501 10987 12598 22527 167904 11294 156610 62869 42704 38148
is_linear=0
shrinkage=0.05


Tree=137
num_leaves=31
num_cat=0
split_feature=3 4 5 2 1 7 7 4 7 7 3 7 7 5 7 3 7 9 7 7 4 9 2 7 3 7 7 7 7 7
split_gain=1.08075 1.19928 1.15108 1.07626 3.99336 2.00995 3.7261 3.18667 2.44729 3.21782 2.60969 2.33077 2.40211 2.60477 1.87139 4.12011 3.47574 2.88394 2.35932 1.84432 3.02832 1.91777 2.64419 1.8147 4.42754 1.78157 4.8046 4.0892 5.51674 2.71418
threshold=57.332769702000007 1.6534265709003368 31.500000000000004 3.5000000000000004 70.500000000000014 0.9543694155000001 0.94667231500000015 1.2088914691982777 1.0233017285000001 1.0329430635000001 -18.246924778999997 1.0154001440000002 0.97175424950000011 13.500000000000002 0.9543694155000001 -1.1845730069999998 0.96428644550000009 34.500000000000007 0.97536380700000014 0.98009628400000015 1.07644876771646 13.500000000000002 1.5000000000000002 0.9272160570000002 -23.475989162999998 1.0758004030000003 1.0906577955000001 1.0575228460000001 1.0504484700000003 1.0423911465000002
decision_type=2 10 2 2 2 2 2 8 2 2 2 2 2 2 2 2 2 2 2 2 8 2 2 2 2 2 2 2 2 2
left_child=1 2 3 5 14 6 7 -1 10 -10 -7 12 13 -12 15 17 -16 23 -18 -14 21 -21 -23 24 -5 27 -27 28 29 -11
right_child=-2 -3 -4 4 -6 8 -8 -9 9 25 11 -13 19 -15 16 -17 18 -19 -20 20 -22 22 -24 -25 -26 26 -28 -29 -30 -31
leaf_value=-9.5741530295970324e-06 0.0025959808011360146 -0.0014609328205180908 -0.0017575867011282325 -0.00044283697599255289 -0.0026194394615306942 -0.0012759806112129239 0.0025941556511184381 0.002321971419432673 0.0010928358148818863 0.0004635131172371174 -2.5442027958310774e-05 -0.0012909581142794273 0.0012743108654842529 -0.0016751486002180129 0.0026416373771114918 -0.0038214049619187968 -0.0022898382197765739 -0.0022630610963035756 1.9346860486012597e-05 -0.00050906006919672982 -0.0011572056590549353 0.0012775515300585099 -0.00012418466936757474 -0.001400492028924517 0.0032647714454536189 0.0016128009697569793 -6.6468390903577263e-05 -0.0014543738221754381 0.0020330677588153339 -0.0012311784345347817
leaf_weight=39165 5210 5464 5059 8318 5809 5813 5066 4552 8427 7273 6179 6128 6088 5659 5032 5481 5882 4736 62439 7513 9588 6617 7177 6253 4605 9469 48974 12438 5239 6696
leaf_count=39165 5210 5464 5059 8318 5809 5813 5066 4552 8427 7273 6179 6128 6088 5659 5032 5481 5882 4736 62439 7513 9588 6617 7177 6253 4605 9469 48974 12438 5239 6696
internal_value=-7.1747e-05 -8.31297e-05 -7.06459e-05 -5.86833e-05 -0.000186304 7.90495e-06 0.000288697 0.00013986 -7.81012e-05 7.58202e-05 -0.000327646 -0.000221004 -0.00010558 -0.000725324 -0.000114161 -0.000451222 2.09236e-05 -0.000167664 -7.25212e-05 9.28668e-05 -6.3917e-05 0.000268158 0.00061816 0.000105311 0.00044361 -1.16002e-05 0.000152014 -0.000313735 0.000143652 -0.000375341
internal_weight=332349 327139 321675 316616 108555 208061 48783 43717 159278 98516 60762 54949 48821 11838 102746 29393 73353 23912 68321 36983 30895 21307 13794 19176 12923 90089 58443 31646 19208 13969
internal_count=332349 327139 321675 316616 108555 208061 48783 43717 159278 98516 60762 54949 48821 11838 102746 29393 73353 23912 68321 36983 30895 21307 13794 19176 12923 90089 58443 31646 19208 13969
is_linear=0
shrinkage=0.05


end of trees

feature_importances:
crease_sr_idx=1181
crease_avg_idx=848
legal_balls=473
run_rate_rel=378
wickets=353
runs_vs_par=339
crease_balls=223
runs_last_12=142
balls_remaining=115
wickets_last_12=88

parameters:
[boosting: gbdt]
[objective: quantile]
[metric: quantile]
[tree_learner: serial]
[device_type: cpu]
[data_sample_strategy: bagging]
[data: ]
[valid: ]
[num_iterations: 138]
[learning_rate: 0.05]
[num_leaves: 31]
[num_threads: 12]
[seed: 7]
[deterministic: 1]
[force_col_wise: 0]
[force_row_wise: 1]
[histogram_pool_size: -1]
[max_depth: -1]
[min_data_in_leaf: 4500]
[min_sum_hessian_in_leaf: 0.001]
[bagging_fraction: 0.8]
[pos_bagging_fraction: 1]
[neg_bagging_fraction: 1]
[bagging_freq: 1]
[bagging_seed: 17422]
[bagging_by_query: 0]
[feature_fraction: 0.8]
[feature_fraction_bynode: 1]
[feature_fraction_seed: 7040]
[extra_trees: 0]
[extra_seed: 6516]
[early_stopping_round: 0]
[early_stopping_min_delta: 0]
[first_metric_only: 0]
[max_delta_step: 0]
[lambda_l1: 0]
[lambda_l2: 5]
[linear_lambda: 0]
[min_gain_to_split: 0]
[drop_rate: 0.1]
[max_drop: 50]
[skip_drop: 0.5]
[xgboost_dart_mode: 0]
[uniform_drop: 0]
[drop_seed: 15215]
[top_rate: 0.2]
[other_rate: 0.1]
[min_data_per_group: 100]
[max_cat_threshold: 32]
[cat_l2: 10]
[cat_smooth: 10]
[max_cat_to_onehot: 4]
[top_k: 20]
[monotone_constraints: ]
[monotone_constraints_method: basic]
[monotone_penalty: 0]
[feature_contri: ]
[forcedsplits_filename: ]
[refit_decay_rate: 0.9]
[cegb_tradeoff: 1]
[cegb_penalty_split: 0]
[cegb_penalty_feature_lazy: ]
[cegb_penalty_feature_coupled: ]
[path_smooth: 0]
[interaction_constraints: ]
[verbosity: -1]
[saved_feature_importance_type: 0]
[use_quantized_grad: 0]
[num_grad_quant_bins: 4]
[quant_train_renew_leaf: 0]
[stochastic_rounding: 1]
[linear_tree: 0]
[max_bin: 255]
[max_bin_by_feature: ]
[min_data_in_bin: 3]
[bin_construct_sample_cnt: 200000]
[data_random_seed: 61]
[is_enable_sparse: 1]
[enable_bundle: 1]
[use_missing: 1]
[zero_as_missing: 0]
[feature_pre_filter: 1]
[pre_partition: 0]
[two_round: 0]
[header: 0]
[label_column: ]
[weight_column: ]
[group_column: ]
[ignore_column: ]
[categorical_feature: ]
[forcedbins_filename: ]
[precise_float_parser: 0]
[parser_config_file: ]
[objective_seed: 15521]
[num_class: 1]
[is_unbalance: 0]
[scale_pos_weight: 1]
[sigmoid: 1]
[boost_from_average: 1]
[reg_sqrt: 0]
[alpha: 0.9]
[fair_c: 1]
[poisson_max_delta_step: 0.7]
[tweedie_variance_power: 1.5]
[lambdarank_truncation_level: 30]
[lambdarank_norm: 1]
[label_gain: ]
[lambdarank_position_bias_regularization: 0]
[eval_at: ]
[multi_error_top_k: 1]
[auc_mu_weights: ]
[num_machines: 1]
[local_listen_port: 12400]
[time_out: 120]
[machine_list_filename: ]
[machines: ]
[gpu_platform_id: -1]
[gpu_device_id: -1]
[gpu_device_id_list: ]
[gpu_use_dp: 0]
[num_gpu: 1]

end of parameters

pandas_categorical:null
