tree
version=v4
num_class=1
num_tree_per_iteration=1
label_index=0
max_feature_idx=9
objective=quantile
feature_names=legal_balls balls_remaining wickets runs_vs_par run_rate_rel runs_last_12 wickets_last_12 crease_sr_idx crease_avg_idx crease_balls
feature_infos=[0:119] [1:120] [0:9] [-86.099541732000006:111.581242707] [0:8.3184877693433137] [0:60] [0:5] [0.79223889800000002:1.289539974] [0.51074293000000004:1.899443998] [0:115]
tree_sizes=771 804 818 816 808 820 813 812 813 811 812 814 812 813 809 818 812 814 808 813 815 809 812 811 806 816 814 812 817 810 814 814 817 809 815 812 820 821 816 811 818 819 812 816 819 815 810 810 812 815 816 817 815 817 823 814 818 819 817 822 822 810 812 818 818 822 821 815 816 819 816 817 818 820 810 820 816 817 822 817 821 812 808 816 818 827 806 819 815 823 815 804 813 816 821 817 817 813 808 807 813 819 815 814 814 813 820 817 813 823 813 819 817 815 817 812 813 818 814 809 815 814 815 819 815 818 814 815 822 818 824 819 811 812

Tree=0
num_leaves=7
num_cat=0
split_feature=9 2 4 4 2 2
split_gain=608.094 302.698 180.644 153.761 110.914 93.162
threshold=25.500000000000004 6.5000000000000009 0.75842897517648833 0.84930884632279369 1.5000000000000002 5.5000000000000009
decision_type=2 2 10 10 2 2
left_child=1 3 5 4 -1 -2
right_child=2 -3 -4 -5 -6 -7
leaf_value=0.92106232047080994 0.92105138450860979 0.90083082914352419 0.9264640480279922 0.92201165854930878 0.91633152067661283 0.90146878361701965
leaf_weight=18155 7147 6187 58163 40993 18088 1192
leaf_count=18155 7147 6187 58163 40993 18088 1192
internal_value=0.921921 0.919078 0.925487 0.919931 0.917558 0.918606
internal_weight=149925 83423 66502 77236 36243 8339
internal_count=149925 83423 66502 77236 36243 8339
is_linear=0
shrinkage=1


Tree=1
num_leaves=7
num_cat=0
split_feature=9 2 3 0 3 2
split_gain=550.536 309.463 136.053 134.401 121.364 112.835
threshold=27.500000000000004 5.5000000000000009 -31.969891546999996 84.500000000000014 1.5966929770000002 7.5000000000000009
decision_type=2 2 2 2 2 2
left_child=1 4 -2 -3 -1 -5
right_child=2 3 -4 5 -6 -7
leaf_value=-0.001675655767321585 -0.0057658333517611035 -0.023683256953954696 0.004138623327016833 -0.0072069484740495682 0.0015731379389762878 -0.025527938157320025
leaf_weight=58354 3328 1609 57583 7279 19374 2811
leaf_count=58354 3328 1609 57583 7279 19374 2811
internal_value=3.64167e-05 -0.00246067 0.00370243 -0.0100404 -0.00131926 -0.00789252
internal_weight=150338 89427 60911 11699 77728 10090
internal_count=150338 89427 60911 11699 77728 10090
is_linear=0
shrinkage=0.05


Tree=2
num_leaves=7
num_cat=0
split_feature=4 9 2 2 6 3
split_gain=523.044 289.164 239.449 97.0311 88.6082 80.3551
threshold=0.81242078525763728 18.500000000000004 5.5000000000000009 6.5000000000000009 1.0000000180025095e-35 4.2663702895000002
decision_type=10 2 2 2 2 2
left_child=2 3 4 -2 -1 -3
right_child=1 5 -4 -5 -6 -7
leaf_value=-0.00060842532292008651 -0.00069832551851868878 0.0022811184125021105 -0.018084675572812559 -0.016689614705741408 -0.0036741882897913473 0.0061893023531883976
leaf_weight=24275 30766 41392 6148 2990 17873 26752
leaf_count=24275 30766 41392 6148 2990 17873 26752
internal_value=1.86417e-05 0.00204995 -0.00426699 -0.00173425 -0.0029215 0.00392449
internal_weight=150196 101900 48296 33756 42148 68144
internal_count=150196 101900 48296 33756 42148 68144
is_linear=0
shrinkage=0.05


Tree=3
num_leaves=7
num_cat=0
split_feature=9 3 4 3 8 3
split_gain=480.393 236.741 103.351 86.1607 78.6485 59.2196
threshold=29.500000000000004 -13.580284585999998 0.74953701429794628 -33.531143984999993 0.99401569350000007 2.5792373335000005
decision_type=2 2 10 2 2 2
left_child=1 3 -2 -1 -3 -4
right_child=2 4 5 -5 -6 -7
leaf_value=-0.014298616973869506 -0.0022946321577299411 -0.0031718028937350057 0.0028620366936083887 -0.0044327448142692464 0.00019997271904722004 0.0070347672999836524
leaf_weight=4524 5624 18078 28338 19519 52745 21210
leaf_count=4524 5624 18078 28338 19519 52745 21210
internal_value=2.91583e-05 -0.00212842 0.00373888 -0.00641477 -0.000672933 0.00446794
internal_weight=150038 94866 55172 24043 70823 49548
internal_count=150038 94866 55172 24043 70823 49548
is_linear=0
shrinkage=0.05


Tree=4
num_leaves=7
num_cat=0
split_feature=2 9 1 2 1 2
split_gain=435.847 332.737 154.358 133.876 115.208 231.585
threshold=5.5000000000000009 32.500000000000007 28.500000000000004 7.5000000000000009 49.500000000000007 3.5000000000000004
decision_type=2 2 2 2 2 2
left_child=1 4 3 -2 -1 -6
right_child=2 -3 -4 -5 5 -7
leaf_value=0.0027324579711011016 -0.004319387232174632 0.0044686269287415757 -0.020559892918625852 -0.023158546624789018 -0.00053729512060992919 -0.010681996899740776
leaf_weight=20699 9013 44935 2973 3249 63703 5717
leaf_count=20699 9013 44935 2973 3249 63703 5717
internal_value=3.23533e-05 0.000936813 -0.0079831 -0.00550053 -0.000815682 -0.00179186
internal_weight=150289 135054 15235 12262 90119 69420
internal_count=150289 135054 15235 12262 90119 69420
is_linear=0
shrinkage=0.05


Tree=5
num_leaves=7
num_cat=0
split_feature=9 8 4 4 4 4
split_gain=396.845 173.066 138.586 97.3339 64.1124 51.9312
threshold=23.500000000000004 0.99401569350000007 0.7669073264434173 0.72727744271604522 1.0300605130122156 0.94635728277530329
decision_type=2 2 10 8 10 10
left_child=1 3 -2 -1 -4 -3
right_child=2 5 4 -5 -6 -7
leaf_value=-0.0092038472656478416 -0.0021727320196517435 -0.0012706119489516166 0.0020733553951559195 -0.0044243482848916908 0.0055989556918226886 0.00085772324757324436
leaf_weight=6241 10459 33309 36384 18740 25781 19078
leaf_count=6241 10459 33309 36384 18740 25781 19078
internal_value=6.90014e-05 -0.00242268 0.00272343 -0.00584677 0.00361931 -0.000789481
internal_weight=149992 77368 72624 24981 62165 52387
internal_count=149992 77368 72624 24981 62165 52387
is_linear=0
shrinkage=0.05


Tree=6
num_leaves=7
num_cat=0
split_feature=9 3 4 6 8 4
split_gain=365.353 180.835 109.303 83.3656 67.9065 70.8478
threshold=26.500000000000004 -17.004458269999997 0.74953701429794628 1.5000000000000002 1.0555990695000002 0.70434005039903458
decision_type=2 2 10 2 2 10
left_child=1 4 -2 -3 5 -1
right_child=2 3 -4 -5 -6 -7
leaf_value=-0.013282718967089735 -0.0023877981450850408 -0.00013883208118409818 0.0036454346711846278 -0.0052555619468539544 -0.0018258285991494289 -0.0065230661685685559
leaf_weight=4689 7149 60429 56399 9589 5518 6160
leaf_count=4689 7149 60429 56399 9589 5518 6160
internal_value=8.84532e-05 -0.00202845 0.00296603 -0.000922197 -0.00675925 -0.00905542
internal_weight=149933 86385 63548 70018 16367 10849
internal_count=149933 86385 63548 70018 16367 10849
is_linear=0
shrinkage=0.05


Tree=7
num_leaves=7
num_cat=0
split_feature=2 0 2 0 2 2
split_gain=403.331 259.455 255.274 137.329 146.6 96.1869
threshold=5.5000000000000009 62.500000000000007 2.5000000000000004 82.500000000000014 7.5000000000000009 4.5000000000000009
decision_type=2 2 2 2 2 2
left_child=1 2 -1 -2 -5 -3
right_child=3 5 -4 4 -6 -7
leaf_value=0.00020525013923310411 -0.02020389451216318 0.0047866021027532764 -0.0058083922328770222 -0.0049760955469080369 -0.022083089046942429 -0.00059460653670827539
leaf_weight=65815 1683 44663 12607 10124 3433 11631
leaf_count=65815 1683 44663 12607 10124 3433 11631
internal_value=9.26908e-05 0.000964957 -0.000894144 -0.00761561 -0.00593847 0.00355468
internal_weight=149956 134716 78422 15240 13557 56294
internal_count=149956 134716 78422 15240 13557 56294
is_linear=0
shrinkage=0.05


Tree=8
num_leaves=7
num_cat=0
split_feature=2 9 4 2 0 9
split_gain=366.927 267.711 120.969 100.177 85.9453 46.8229
threshold=6.5000000000000009 35.500000000000007 0.72727744271604522 2.5000000000000004 98.500000000000014 11.500000000000002
decision_type=2 2 10 2 2 2
left_child=1 2 3 -1 -2 -4
right_child=4 -3 5 -5 -6 -7
leaf_value=-0.00086277015918878044 -0.02240578435967179 0.0042705201775739667 -0.0014129394661000216 -0.0068778377728535558 -0.010885026912502843 0.0008143844256617073
leaf_weight=17830 1882 39284 19374 7682 5852 57939
leaf_count=17830 1882 39284 19374 7682 5852 57939
internal_value=8.09987e-05 0.000658362 -0.000683045 -0.00366814 -0.0105214 0.000302161
internal_weight=149843 142109 102825 25512 7734 77313
internal_count=149843 142109 102825 25512 7734 77313
is_linear=0
shrinkage=0.05


Tree=9
num_leaves=7
num_cat=0
split_feature=4 6 9 8 1 1
split_gain=310.141 151.128 135.584 90.6826 54.2515 52.3799
threshold=0.86263452921643191 1.5000000000000002 22.500000000000004 0.91101130500000005 2.5000000000000004 3.5000000000000004
decision_type=10 2 2 2 2 2
left_child=1 3 4 -1 -2 -4
right_child=2 -3 5 -5 -6 -7
leaf_value=-0.0057188419460010957 -0.0095147526965942801 -0.0091412682626227492 -0.01134036973244304 -0.00064056395085694833 -3.5196528703296258e-05 0.0037306716609417593
leaf_weight=8156 1126 6939 1279 45854 35541 51157
leaf_count=8156 1126 6939 1279 45854 35541 51157
internal_value=7.03066e-05 -0.00267804 0.0019503 -0.00178515 -0.000382104 0.00358117
internal_weight=150052 60949 89103 54010 36667 52436
internal_count=150052 60949 89103 54010 36667 52436
is_linear=0
shrinkage=0.05


Tree=10
num_leaves=7
num_cat=0
split_feature=2 4 0 2 2 0
split_gain=330.577 206.483 95.5185 96.2371 92.8796 82.4869
threshold=6.5000000000000009 0.81463881832767615 57.500000000000007 3.5000000000000004 1.5000000000000002 97.500000000000014
decision_type=2 10 2 2 2 2
left_child=1 -1 4 -4 -3 -2
right_child=5 2 3 -5 -6 -7
leaf_value=-0.0015286615148104616 -0.020923315001800932 0.0010538513306251386 0.0053661809189138598 0.0014164160813044447 -0.0024501701580042627 -0.0097488971370519803
leaf_weight=45091 1756 29895 30055 25300 11916 5986
leaf_count=45091 1756 29895 30055 25300 11916 5986
internal_value=7.05815e-05 0.000618313 0.00191595 0.00327831 0.000112098 -0.00998774
internal_weight=149999 142257 97166 55355 41811 7742
internal_count=149999 142257 97166 55355 41811 7742
is_linear=0
shrinkage=0.05


Tree=11
num_leaves=7
num_cat=0
split_feature=9 3 8 4 4 1
split_gain=263.717 125.075 122.602 83.09 64.1539 50.4751
threshold=20.500000000000004 2.0797439910000004 0.99401569350000007 0.64343459852208518 0.88013845235511734 4.5000000000000009
decision_type=2 2 2 10 8 2
left_child=2 3 4 -2 -1 -3
right_child=1 5 -4 -5 -6 -7
leaf_value=-0.0068471230158007775 -0.0042358403603205393 -0.010488032212128429 -0.00052855803115854779 0.00096109762383333325 -0.0026651808716196494 0.004788951542754244
leaf_weight=11335 4140 1241 45384 49154 10972 27813
leaf_count=11335 4140 1241 45384 49154 10972 27813
internal_value=6.42312e-05 0.00196471 -0.00224773 0.000525807 -0.00528247 0.00460357
internal_weight=150039 82348 67691 53294 22307 29054
internal_count=150039 82348 67691 53294 22307 29054
is_linear=0
shrinkage=0.05


Tree=12
num_leaves=7
num_cat=0
split_feature=2 9 1 3 1 2
split_gain=302.822 209.479 88.656 77.124 48.3216 191.543
threshold=6.5000000000000009 35.500000000000007 20.500000000000004 1.5966929770000002 45.500000000000007 3.5000000000000004
decision_type=2 2 2 2 2 2
left_child=1 3 -2 4 -1 -6
right_child=2 -3 -4 -5 5 -7
leaf_value=0.0011792668102967045 -0.0089699848782957455 0.0038014765541468654 -0.020186366015295824 0.0014116483908767075 -0.00063543720809013386 -0.0091084268964286511
leaf_weight=17156 5698 39160 1996 27051 51521 7229
leaf_count=17156 5698 39160 1996 27051 51521 7229
internal_value=7.56762e-05 0.000598869 -0.00958241 -0.000585046 -0.00140197 -0.00208365
internal_weight=149811 142117 7694 102957 75906 58750
internal_count=149811 142117 7694 102957 75906 58750
is_linear=0
shrinkage=0.05


Tree=13
num_leaves=7
num_cat=0
split_feature=2 0 2 0 2 2
split_gain=293.242 196.342 199.298 119.008 108.109 86.339
threshold=5.5000000000000009 60.500000000000007 3.5000000000000004 83.500000000000014 8.5000000000000018 1.5000000000000002
decision_type=2 2 2 2 2 2
left_child=1 2 5 -2 -5 -1
right_child=3 -3 -4 4 -6 -7
leaf_value=0.00054704986061926972 -0.017384486939880841 0.0031179338366798108 -0.010317748210721973 -0.0047864183731966756 -0.029834064140054822 -0.0018358816569729016
leaf_weight=49555 1783 58850 3780 12244 1170 22800
leaf_count=49555 1783 58850 3780 12244 1170 22800
internal_value=7.20768e-05 0.000813486 -0.000863048 -0.00651148 -0.00489418 -0.000277951
internal_weight=150182 134985 76135 15197 13414 72355
internal_count=150182 134985 76135 15197 13414 72355
is_linear=0
shrinkage=0.05


Tree=14
num_leaves=7
num_cat=0
split_feature=2 9 0 4 2 2
split_gain=262.624 174.629 76.4546 68.266 72.3683 55.0506
threshold=6.5000000000000009 35.500000000000007 97.500000000000014 0.72727744271604522 2.5000000000000004 8.5000000000000018
decision_type=2 2 2 10 2 2
left_child=1 3 -2 4 -1 -4
right_child=2 -3 5 -5 -6 -7
leaf_value=-0.000546592637880311 -0.01833059781725685 0.0034404585047854751 -0.0049459409770489645 0.00021340125224049019 -0.0055814904017632734 -0.028852845311411097
leaf_weight=17835 1772 39424 4958 77514 7797 1018
leaf_count=17835 1772 39424 4958 77514 7797 1018
internal_value=0.000120241 0.000607575 -0.00884174 -0.000474305 -0.00271093 -0.00612774
internal_weight=150318 142570 7748 103146 25632 5976
internal_count=150318 142570 7748 103146 25632 5976
is_linear=0
shrinkage=0.05


Tree=15
num_leaves=7
num_cat=0
split_feature=2 0 2 0 2 2
split_gain=234.056 160.863 190.731 102.369 74.0141 68.9365
threshold=5.5000000000000009 64.500000000000014 3.5000000000000004 93.500000000000014 1.5000000000000002 4.5000000000000009
decision_type=2 2 2 2 2 2
left_child=1 2 4 -2 -1 -3
right_child=3 5 -4 -5 -6 -7
leaf_value=0.00062934158526249955 -0.014720388055245776 0.0039635188947971306 -0.0092227511870761388 -0.0054069804399512009 -0.0015343526594067515 -0.00061931558988357347
leaf_weight=50865 3364 42357 4681 11828 25568 11539
leaf_count=50865 3364 42357 4681 11828 25568 11539
internal_value=8.23863e-05 0.000744547 -0.000662299 -0.00580049 -6.19783e-05 0.00286173
internal_weight=150202 135010 81114 15192 76433 53896
internal_count=150202 135010 81114 15192 76433 53896
is_linear=0
shrinkage=0.05


Tree=16
num_leaves=7
num_cat=0
split_feature=9 4 8 4 5 0
split_gain=199.373 100.908 83.4002 50.9265 45.672 44.7658
threshold=19.500000000000004 0.99929985111841724 0.97080939650000009 0.64343459852208518 12.500000000000002 116.50000000000001
decision_type=2 10 2 10 2 2
left_child=2 3 4 -2 -1 -3
right_child=1 5 -4 -5 -6 -7
leaf_value=-0.0063826917089449507 -0.0034541890882365104 0.0036861264605767274 -0.00057055587563486219 0.00069973408868416746 -0.0025976775878064962 -0.010912267436200206
leaf_weight=8936 4500 32821 45366 47239 9814 1012
leaf_count=8936 4500 32821 45366 47239 9814 1012
internal_value=9.38588e-05 0.00167335 -0.00201416 0.000284816 -0.00481872 0.0037964
internal_weight=149688 85572 64116 51739 18750 33833
internal_count=149688 85572 64116 51739 18750 33833
is_linear=0
shrinkage=0.05


Tree=17
num_leaves=7
num_cat=0
split_feature=4 6 9 8 0 7
split_gain=183.405 99.5645 90.1614 51.842 49.7098 37.5483
threshold=0.86479939200083245 1.5000000000000002 36.500000000000007 0.91101130500000005 117.50000000000001 0.98090606100000011
decision_type=10 2 2 2 2 2
left_child=1 3 4 -1 5 -2
right_child=2 -3 -4 -5 -6 -7
leaf_value=-0.0044449224913407802 -0.0011853168835190692 -0.0071612667392390028 0.0041452786440736968 -0.00039762467266296901 -0.0090959888634090987 0.0011583041509010642
leaf_weight=8255 16227 6979 28474 46460 1457 42196
leaf_count=8255 16227 6979 28474 46460 1457 42196
internal_value=0.000137618 -0.00195425 0.00159831 -0.00123652 0.000496786 0.00072461
internal_weight=150048 61694 88354 54715 59880 58423
internal_count=150048 61694 88354 54715 59880 58423
is_linear=0
shrinkage=0.05


Tree=18
num_leaves=7
num_cat=0
split_feature=2 3 0 2 0 0
split_gain=182.923 137.771 67.2493 162.804 61.6636 59.8249
threshold=6.5000000000000009 3.4910577045000006 74.500000000000014 4.5000000000000009 116.50000000000001 100.50000000000001
decision_type=2 2 2 2 2 2
left_child=1 2 3 -1 -3 -2
right_child=5 4 -4 -5 -6 -7
leaf_value=-0.00049076463675538917 -0.015981661397588186 0.0031475648112153465 0.0018988000067562795 -0.011736581817234075 -0.010173272304203645 -0.006362587325421238
leaf_weight=71355 2211 36646 30677 2527 1438 5477
leaf_count=71355 2211 36646 30677 2527 1438 5477
internal_value=0.000178849 0.000583867 -0.00035397 -0.00117104 0.00315839 -0.00733134
internal_weight=150331 142643 104559 73882 38084 7688
internal_count=150331 142643 104559 73882 38084 7688
is_linear=0
shrinkage=0.05


Tree=19
num_leaves=7
num_cat=0
split_feature=2 0 2 0 2 2
split_gain=181.039 144.333 150.701 80.9659 73.5255 56.8222
threshold=5.5000000000000009 69.500000000000014 3.5000000000000004 82.500000000000014 8.5000000000000018 1.5000000000000002
decision_type=2 2 2 2 2 2
left_child=1 2 5 -2 -5 -1
right_child=3 -3 -4 4 -6 -7
leaf_value=0.00063978415207922303 -0.014466741177988435 0.0033082589742685106 -0.007617565893528265 -0.0037821910617619695 -0.025831201243648086 -0.0011522635690982136
leaf_weight=51792 1678 47832 6084 12404 1169 29190
leaf_count=51792 1678 47832 6084 12404 1169 29190
internal_value=0.000134279 0.000718109 -0.000494137 -0.00502835 -0.00374411 7.62468e-05
internal_weight=150149 134898 87066 15251 13573 80982
internal_count=150149 134898 87066 15251 13573 80982
is_linear=0
shrinkage=0.05


Tree=20
num_leaves=7
num_cat=0
split_feature=2 0 2 2 0 2
split_gain=166.071 106.263 155.157 112.028 87.1421 62.3944
threshold=6.5000000000000009 60.500000000000007 3.5000000000000004 4.5000000000000009 87.500000000000014 1.5000000000000002
decision_type=2 2 2 2 2 2
left_child=1 2 5 -3 -5 -1
right_child=-2 3 -4 4 -6 -7
leaf_value=0.00046266770593518525 -0.0094630849421586064 0.0032578232762857152 -0.0091705600123051789 -0.0074423977423105359 0.0010029815712157887 -0.0016050179611978744
leaf_weight=49844 7625 47037 3994 4571 14447 22661
leaf_count=49844 7625 47037 3994 4571 14447 22661
internal_value=0.000150399 0.000535042 -0.000733458 0.00200405 -0.00123403 -0.000204627
internal_weight=150179 142554 76499 66055 19018 72505
internal_count=150179 142554 76499 66055 19018 72505
is_linear=0
shrinkage=0.05


Tree=21
num_leaves=7
num_cat=0
split_feature=9 3 3 0 3 7
split_gain=134.781 82.9463 52.2313 38.3758 37.7693 31.3876
threshold=18.500000000000004 4.4748090500000002 -18.035382482499994 115.50000000000001 -35.299354570999988 1.0285496510000003
decision_type=2 2 2 2 2 2
left_child=2 4 -1 -3 -2 -4
right_child=1 3 5 -5 -6 -7
leaf_value=-0.0055128492662319109 -0.0043591909693132804 0.0037970675887443518 -0.0015407033799882009 -0.0096762639865056958 0.00057218066007354025 0.00038227963759654985
leaf_weight=9648 3560 25122 33289 1209 59239 18180
leaf_count=9648 3560 25122 33289 1209 59239 18180
internal_value=0.000117719 0.00135777 -0.00169068 0.00371307 0.00037 -0.00105757
internal_weight=150247 89130 61117 26331 62799 51469
internal_count=150247 89130 61117 26331 62799 51469
is_linear=0
shrinkage=0.05


Tree=22
num_leaves=7
num_cat=0
split_feature=2 9 3 0 0 8
split_gain=154.645 111.472 55.3295 50.1597 41.7614 34.2526
threshold=7.5000000000000009 43.500000000000007 1.5966929770000002 103.50000000000001 116.50000000000001 0.9622933990000001
decision_type=2 2 2 2 2 2
left_child=1 2 5 -2 -4 -1
right_child=3 -3 4 -5 -6 -7
leaf_value=-0.0024940099441713992 -0.020887335595332679 0.0037741487697151885 0.0014871042103327709 -0.011909249624256596 -0.0085778182738916325 -0.00022346808017377346
leaf_weight=20273 1043 24171 31719 2555 1276 68888
leaf_count=20273 1043 24171 31719 2555 1276 68888
internal_value=0.000165494 0.000417458 -0.000196462 -0.010068 0.00155265 -0.000843791
internal_weight=149925 146327 122156 3598 32995 89161
internal_count=149925 146327 122156 3598 32995 89161
is_linear=0
shrinkage=0.05


Tree=23
num_leaves=7
num_cat=0
split_feature=2 0 0 2 2 2
split_gain=128.961 141.898 132.859 99.729 88.3124 36.5156
threshold=4.5000000000000009 54.500000000000007 77.500000000000014 1.5000000000000002 8.5000000000000018 3.5000000000000004
decision_type=2 2 2 2 2 2
left_child=1 3 -2 -1 -4 -5
right_child=2 -3 4 5 -6 -7
leaf_value=0.00031629686687070503 -0.010667074147714707 0.0025549260989740281 -0.0013294756124261925 -0.0019190577317614117 -0.0231105215806829 -0.0078285166345578756
leaf_weight=47687 3502 53999 23064 18646 1179 2036
leaf_count=47687 3502 53999 23064 18646 1179 2036
internal_value=0.000119323 0.000817174 -0.00295811 -0.000695988 -0.00164189 -0.00359525
internal_weight=150113 122368 27745 68369 24243 20682
internal_count=150113 122368 27745 68369 24243 20682
is_linear=0
shrinkage=0.05


Tree=24
num_leaves=7
num_cat=0
split_feature=2 0 2 0 2 0
split_gain=128.745 104.793 102.816 75.311 51.6872 47.25
threshold=5.5000000000000009 72.500000000000014 3.5000000000000004 93.500000000000014 8.5000000000000018 116.50000000000001
decision_type=2 2 2 2 2 2
left_child=1 2 -1 -2 -5 -3
right_child=3 5 -4 4 -6 -7
leaf_value=6.5831784680292491e-05 -0.011297670457915089 0.0033147822673997352 -0.0059249993196067276 -0.0020403577417603181 -0.02046448145166236 -0.0098490579088911234
leaf_weight=83271 3375 42719 7164 10765 1051 1439
leaf_count=83271 3375 42719 7164 10765 1051 1439
internal_value=9.74704e-05 0.000589998 -0.000384924 -0.0042651 -0.00238136 0.00258644
internal_weight=149784 134593 90435 15191 11816 44158
internal_count=149784 134593 90435 15191 11816 44158
is_linear=0
shrinkage=0.05


Tree=25
num_leaves=7
num_cat=0
split_feature=2 9 4 0 2 0
split_gain=121.534 99.9253 51.5219 54.7908 49.5562 47.2083
threshold=7.5000000000000009 44.500000000000007 0.71288145084161025 117.50000000000001 2.5000000000000004 103.50000000000001
decision_type=2 2 10 2 2 2
left_child=1 2 4 -4 -1 -2
right_child=5 -3 3 -5 -6 -7
leaf_value=-0.00033513118404838175 -0.017748324039772927 0.0036803712292025198 0.00037614304930449761 -0.0086286539847951673 -0.0045734198731928206 -0.0098397310012165451
leaf_weight=17354 1059 22686 96359 1415 8640 2594
leaf_count=17354 1059 22686 96359 1415 8640 2594
internal_value=0.000148139 0.000372971 -0.000186228 0.000339797 -0.00216451 -0.00885388
internal_weight=150107 146454 123768 97774 25994 3653
internal_count=150107 146454 123768 97774 25994 3653
is_linear=0
shrinkage=0.05


Tree=26
num_leaves=7
num_cat=0
split_feature=2 0 0 2 2 4
split_gain=122.872 125.836 106.45 84.2806 69.0694 34.6006
threshold=4.5000000000000009 53.500000000000007 84.500000000000014 1.5000000000000002 8.5000000000000018 1.2622708366909163
decision_type=2 2 2 2 2 10
left_child=1 3 -2 -1 -4 -3
right_child=2 5 4 -5 -6 -7
leaf_value=0.00030948451313577709 -0.0087933726324170847 0.0020979706660143121 -0.00092623960416228783 -0.0023712580762638492 -0.019688240871184527 0.0078976861594900194
leaf_weight=47060 5477 51387 21155 19853 1138 3895
leaf_count=47060 5477 51387 21155 19853 1138 3895
internal_value=0.000162116 0.000844415 -0.00283978 -0.000613998 -0.00130449 0.00260956
internal_weight=149965 122195 27770 66913 22293 55282
internal_count=149965 122195 27770 66913 22293 55282
is_linear=0
shrinkage=0.05


Tree=27
num_leaves=7
num_cat=0
split_feature=2 3 0 0 7 2
split_gain=112.157 87.7997 58.829 45.3467 41.0184 35.3841
threshold=7.5000000000000009 2.2338971855000005 117.50000000000001 106.50000000000001 1.0576598845000003 3.5000000000000004
decision_type=2 2 2 2 2 2
left_child=1 4 -3 -2 5 -1
right_child=3 2 -4 -5 -6 -7
leaf_value=-0.00015666112830429736 -0.017066997158864353 0.0021051585667977673 -0.010156365814393853 -0.0077574459095821925 0.0013305629484764367 -0.003005936582452426
leaf_weight=58667 1361 41466 1076 2300 18476 26730
leaf_count=58667 1361 41466 1076 2300 18476 26730
internal_value=8.99514e-05 0.000306225 0.00221931 -0.00854815 -0.000477363 -0.000939527
internal_weight=150076 146415 42542 3661 103873 85397
internal_count=150076 146415 42542 3661 103873 85397
is_linear=0
shrinkage=0.05


Tree=28
num_leaves=7
num_cat=0
split_feature=3 2 0 6 0 2
split_gain=96.991 82.2385 54.272 48.0592 37.9484 83.873
threshold=4.2663702895000002 7.5000000000000009 117.50000000000001 1.0000000180025095e-35 67.500000000000014 4.5000000000000009
decision_type=2 2 2 2 2 2
left_child=1 3 -2 -1 5 -5
right_child=2 -3 -4 4 -6 -7
leaf_value=0.00042920107093600976 0.0024167045715321484 -0.012363669108067682 -0.0084287607387377589 -0.0014286005356250161 1.3406654496606053e-05 -0.011135301619443023
leaf_weight=61376 35346 3371 1120 25443 21839 1353
leaf_count=61376 35346 3371 1120 25443 21839 1353
internal_value=0.000125456 -0.000595968 0.00236832 -0.000360061 -0.00153397 -0.00279467
internal_weight=149848 113382 36466 110011 48635 26796
internal_count=149848 113382 36466 110011 48635 26796
is_linear=0
shrinkage=0.05


Tree=29
num_leaves=7
num_cat=0
split_feature=9 3 8 2 0 0
split_gain=105.147 62.0472 38.8843 34.6946 59.9148 34.4332
threshold=15.500000000000002 4.4748090500000002 1.0572536885000001 4.5000000000000009 89.500000000000014 116.50000000000001
decision_type=2 2 2 2 2 2
left_child=2 3 -1 -2 -5 -3
right_child=1 5 -4 4 -6 -7
leaf_value=-0.0029056650642958538 0.00059701351685245707 0.0029433599578132688 -0.00030308371324073714 -0.0078430703535066863 0.0001999460933942543 -0.0079786222179570963
leaf_weight=23636 57766 27351 26957 4130 9441 1059
leaf_count=23636 57766 27351 26957 4130 9441 1059
internal_value=7.11696e-05 0.00101289 -0.0017854 0.000225849 -0.00204865 0.00298874
internal_weight=150340 99747 50593 71337 13571 28410
internal_count=150340 99747 50593 71337 13571 28410
is_linear=0
shrinkage=0.05


Tree=30
num_leaves=7
num_cat=0
split_feature=9 3 8 0 3 3
split_gain=86.1967 57.4088 37.4298 28.0259 24.4927 24.4305
threshold=17.500000000000004 4.8985355565000015 1.0572536885000001 115.50000000000001 -8.2885307984999983 -38.838816215499996
decision_type=2 2 2 2 2 2
left_child=2 5 4 -3 -1 -2
right_child=1 3 -4 -5 -6 -7
leaf_value=-0.0040475149378520368 -0.0042576488415834116 0.0030297958707167592 -0.0001453353954519454 -0.0070824059244426144 -0.0012387593185037406 0.00040032303613719568
leaf_weight=11740 2557 24988 30971 1267 14777 63709
leaf_count=11740 2557 24988 30971 1267 14777 63709
internal_value=0.00010374 0.00104849 -0.00141669 0.00302694 -0.00279532 0.000264444
internal_weight=150009 92521 57488 26255 26517 66266
internal_count=150009 92521 57488 26255 26517 66266
is_linear=0
shrinkage=0.05


Tree=31
num_leaves=7
num_cat=0
split_feature=2 1 1 2 2 1
split_gain=82.4677 108.925 100.096 69.2873 54.7049 36.9599
threshold=4.5000000000000009 62.500000000000007 43.500000000000007 1.5000000000000002 8.5000000000000018 83.500000000000014
decision_type=2 2 2 2 2 2
left_child=1 -1 4 -3 -2 -5
right_child=2 3 -4 5 -6 -7
leaf_value=0.0022834274914885779 -0.00098425125547972896 0.00028935349397899438 -0.008762738445429066 -0.0010707145979322291 -0.018496525860640163 -0.0035964592316209635
leaf_weight=50348 23166 48456 3304 14959 1173 8236
leaf_count=50348 23166 48456 3304 14959 1173 8236
internal_value=7.80169e-05 0.000636762 -0.0023876 -0.000615615 -0.00127804 -0.00286261
internal_weight=149642 121999 27643 71651 24339 23195
internal_count=149642 121999 27643 71651 24339 23195
is_linear=0
shrinkage=0.05


Tree=32
num_leaves=7
num_cat=0
split_feature=5 9 8 0 0 4
split_gain=83.7771 55.6657 54.6673 35.0555 33.7349 27.2417
threshold=11.500000000000002 45.500000000000007 0.95749641400000007 117.50000000000001 58.500000000000007 1.2474985196808193
decision_type=2 2 2 2 2 10
left_child=2 3 -1 4 -2 -6
right_child=1 -3 -4 -5 5 -7
leaf_value=-0.0038769666326458649 -0.00033875845109988258 0.0034991993869335327 -0.0005277964154470127 -0.0065871588765137046 0.0012924328157169708 0.0091227475243361722
leaf_weight=10207 41202 19407 36965 1773 38027 2385
leaf_count=10207 41202 19407 36965 1773 38027 2385
internal_value=0.000104854 0.000905408 -0.00163957 0.000344008 0.000495289 0.00152164
internal_weight=149966 102794 47172 83387 81614 40412
internal_count=149966 102794 47172 83387 81614 40412
is_linear=0
shrinkage=0.05


Tree=33
num_leaves=7
num_cat=0
split_feature=5 2 0 0 0 2
split_gain=74.7574 77.1731 58.188 46.3461 56.5963 39.7556
threshold=12.500000000000002 4.5000000000000009 73.500000000000014 117.50000000000001 59.500000000000007 1.5000000000000002
decision_type=2 2 2 2 2 2
left_child=1 -1 -3 4 5 -2
right_child=3 2 -4 -5 -6 -7
leaf_value=-0.00032629443717140664 0.0005516341489096966 -0.0090520043855808405 -0.004240130892545141 -0.0072325453099290286 0.0023391893407582577 -0.0017504908895687316
leaf_weight=45659 27025 1882 7817 2108 52488 12910
leaf_count=45659 27025 1882 7817 2108 52488 12910
internal_value=0.000102156 -0.00135695 -0.00540628 0.000956646 0.00112398 -0.000294504
internal_weight=149889 55358 9699 94531 92423 39935
internal_count=149889 55358 9699 94531 92423 39935
is_linear=0
shrinkage=0.05


Tree=34
num_leaves=7
num_cat=0
split_feature=2 3 0 7 2 0
split_gain=72.4695 65.5813 47.7816 41.5384 37.3828 101.041
threshold=8.5000000000000018 2.9356595445000004 116.50000000000001 1.0576598845000003 3.5000000000000004 70.500000000000014
decision_type=2 2 2 2 2 2
left_child=1 3 -3 4 -1 -6
right_child=-2 2 -4 -5 5 -7
leaf_value=-0.00010899318181957219 -0.017753280675431915 0.0019241731125727636 -0.006754190748086919 0.0013478091257785681 -0.0072306359783021485 -0.0010325891096049312
leaf_weight=60245 1193 38867 1739 19124 5656 23576
leaf_count=60245 1193 38867 1739 19124 5656 23576
internal_value=0.000113693 0.000212031 0.0019262 -0.000428959 -0.000881043 -0.00234805
internal_weight=150400 149207 40606 108601 89477 29232
internal_count=150400 149207 40606 108601 89477 29232
is_linear=0
shrinkage=0.05


Tree=35
num_leaves=7
num_cat=0
split_feature=9 3 8 5 2 0
split_gain=65.063 45.2424 27.4264 26.2221 28.5265 34.9655
threshold=14.500000000000002 4.2663702895000002 0.99401569350000007 10.500000000000002 4.5000000000000009 78.500000000000014
decision_type=2 2 2 2 2 2
left_child=2 3 -1 4 -2 -6
right_child=1 -3 -4 -5 5 -7
leaf_value=-0.0027854256121761 -0.00035969597585357453 0.0022091174833870383 -0.000353667416718495 0.00058578643220408017 -0.0097224588491587605 -0.0024417778023736849
leaf_weight=15916 12507 29187 30842 58068 1014 2313
leaf_count=15916 12507 29187 30842 58068 1014 2313
internal_value=0.000120035 0.000821702 -0.00142688 0.000163381 -0.00163994 -0.00575105
internal_weight=149847 103089 46758 73902 15834 3327
internal_count=149847 103089 46758 73902 15834 3327
is_linear=0
shrinkage=0.05


Tree=36
num_leaves=7
num_cat=0
split_feature=9 7 3 9 1 1
split_gain=65.7232 45.7241 37.0024 31.0208 25.8875 19.778
threshold=45.500000000000007 1.0540195770000003 -27.127139278999994 10.500000000000002 75.500000000000014 31.500000000000004
decision_type=2 2 2 2 2 2
left_child=1 2 -1 -4 -3 -5
right_child=-2 4 3 5 -6 -7
leaf_value=-0.003288959015508644 0.0027406065421292261 0.003150149750325014 -0.0015442324898381932 0.0025032301362110211 -0.00011816688827157585 -0.00030576707473248255
leaf_weight=10022 21159 14548 23978 13509 11951 54966
leaf_count=10022 21159 14548 23978 13509 11951 54966
internal_value=7.00189e-05 -0.00035374 -0.00083248 -0.00051956 0.00149742 2.24518e-05
internal_weight=150133 128974 102475 92453 26499 68475
internal_count=150133 128974 102475 92453 26499 68475
is_linear=0
shrinkage=0.05


Tree=37
num_leaves=7
num_cat=0
split_feature=2 9 7 2 4 3
split_gain=65.2654 52.9666 40.8843 35.6897 53.1988 30.3576
threshold=8.5000000000000018 47.500000000000007 1.0531739995000002 3.5000000000000004 0.70434005039903458 26.672486622500003
decision_type=2 2 2 2 10 2
left_child=1 2 3 5 -5 -1
right_child=-2 -3 -4 4 -6 -7
leaf_value=-8.1015270080314622e-05 -0.016730432725527891 0.0028599632153755526 0.0012298232659724061 -0.0055761228413407117 -0.0013355716042071073 0.0061511050075106549
leaf_weight=68625 1201 18327 27692 5094 27684 1379
leaf_count=68625 1201 18327 27692 5094 27684 1379
internal_value=0.000110828 0.000204713 -0.000148875 -0.000608297 -0.00196977 2.92819e-05
internal_weight=150002 148801 130474 102782 32778 70004
internal_count=150002 148801 130474 102782 32778 70004
is_linear=0
shrinkage=0.05


Tree=38
num_leaves=7
num_cat=0
split_feature=2 9 7 2 0 2
split_gain=58.9584 50.1318 33.5826 33.7524 91.0127 34.1771
threshold=8.5000000000000018 44.500000000000007 1.0540195770000003 3.5000000000000004 71.500000000000014 4.5000000000000009
decision_type=2 2 2 2 2 2
left_child=1 2 3 -1 5 -5
right_child=-2 -3 -4 4 -6 -7
leaf_value=-5.8023236575666109e-06 -0.015646740159134521 0.0024223253158117686 0.0010922538215350692 -0.0044899300886150073 -0.00075631101838430359 -0.0087157006461695326
leaf_weight=67965 1221 22731 26211 3982 25933 1974
leaf_count=67965 1221 22731 26211 3982 25933 1974
internal_value=8.1738e-05 0.000171706 -0.000218034 -0.000636147 -0.00197804 -0.00754907
internal_weight=150017 148796 126065 99854 31889 5956
internal_count=150017 148796 126065 99854 31889 5956
is_linear=0
shrinkage=0.05


Tree=39
num_leaves=7
num_cat=0
split_feature=2 0 2 0 2 2
split_gain=53.8575 48.0307 97.9995 49.2403 39.7347 35.199
threshold=8.5000000000000018 77.500000000000014 4.5000000000000009 117.50000000000001 4.5000000000000009 1.5000000000000002
decision_type=2 2 2 2 2 2
left_child=1 2 5 4 -3 -1
right_child=-2 3 -4 -5 -6 -7
leaf_value=0.00041743864312469571 -0.0150131835602847 0.0033692504685968851 -0.0070934004318439535 -0.0069273604721269352 0.00014338999037878387 -0.0009408051354241276
leaf_weight=53104 1212 27866 3484 2096 21397 41013
leaf_count=53104 1212 27866 3484 2096 21397 41013
internal_value=8.12375e-05 0.000166818 -0.000484473 0.00140444 0.00172399 -0.000179421
internal_weight=150172 148960 97601 51359 49263 94117
internal_count=150172 148960 97601 51359 49263 94117
is_linear=0
shrinkage=0.05


Tree=40
num_leaves=7
num_cat=0
split_feature=5 1 1 8 4 7
split_gain=49.7997 39.6475 41.8346 30.5915 29.3778 19.1752
threshold=11.500000000000002 2.5000000000000004 61.500000000000007 0.95749641400000007 1.2547172586190338 0.92279821500000014
decision_type=2 2 2 2 10 2
left_child=3 -2 4 -1 -3 -5
right_child=1 2 -4 5 -6 -7
leaf_value=-0.0030246582697171275 -0.0063786550662139454 0.0015124708403814872 -0.00021468131808369679 0.0024779007893567101 0.0073292010199257742 -0.0005139541854499108
leaf_weight=10268 2190 53304 43222 1083 3947 36084
leaf_count=10268 2190 53304 43222 1083 3947 36084
internal_value=9.47683e-05 0.00071383 0.000859019 -0.00124499 0.00174545 -0.000577384
internal_weight=150098 102663 100473 47435 57251 37167
internal_count=150098 102663 100473 47435 57251 37167
is_linear=0
shrinkage=0.05


Tree=41
num_leaves=7
num_cat=0
split_feature=9 0 0 2 3 2
split_gain=49.1666 30.9958 40.7945 57.7255 35.0001 28.8573
threshold=14.500000000000002 117.50000000000001 83.500000000000014 4.5000000000000009 -19.418325976999999 1.5000000000000002
decision_type=2 2 2 2 2 2
left_child=-1 2 3 5 -4 -2
right_child=1 -3 4 -5 -6 -7
leaf_value=-0.00094819055471019327 0.00099966250211275254 -0.0074847480703808368 -0.00048157742477061008 -0.0066488498029878204 0.0041648645728533133 -0.00046730297312322925
leaf_weight=46597 31649 1359 8315 3120 23728 34942
leaf_count=46597 31649 1359 8315 3120 23728 34942
internal_value=5.09301e-05 0.000660045 0.000760375 8.1581e-05 0.00223688 0.000393229
internal_weight=149710 103113 101754 69711 32043 66591
internal_count=149710 103113 101754 69711 32043 66591
is_linear=0
shrinkage=0.05


Tree=42
num_leaves=7
num_cat=0
split_feature=2 3 1 6 3 7
split_gain=50.6346 41.187 34.1769 32.389 26.2278 24.9006
threshold=8.5000000000000018 2.4100832865000004 2.5000000000000004 1.0000000180025095e-35 29.109050778500002 0.91884630300000014
decision_type=2 2 2 2 2 2
left_child=1 3 -3 5 -4 -1
right_child=-2 2 4 -5 -6 -7
leaf_value=0.0032816812567436626 -0.014141957987447124 -0.006729242831497219 0.00092324642537555679 -0.0010639693499254934 0.0060921021157861743 0.00014913732289673076
leaf_weight=2619 1237 1146 35805 48640 5389 55373
leaf_count=2619 1237 1146 35805 48640 5389 55373
internal_value=7.99692e-05 0.000163784 0.00148306 -0.0003601 0.00172031 0.000437954
internal_weight=150209 148972 42340 106632 41194 57992
internal_count=150209 148972 42340 106632 41194 57992
is_linear=0
shrinkage=0.05


Tree=43
num_leaves=7
num_cat=0
split_feature=6 0 2 7 0 2
split_gain=40.6451 32.0253 37.7602 35.242 23.7296 30.7824
threshold=1.0000000180025095e-35 36.500000000000007 2.5000000000000004 1.0302546340000003 73.500000000000014 4.5000000000000009
decision_type=2 2 2 2 2 2
left_child=-1 -2 -3 4 5 -4
right_child=1 2 3 -5 -6 -7
leaf_value=0.00058084423825304214 -0.001797235865811922 0.0015438147045946969 -0.0020543139169716409 0.0014283901947377111 -0.0012681444132559465 -0.007925152576461687
leaf_weight=83141 16071 10352 5960 12491 20784 1397
leaf_count=83141 16071 10352 5960 12491 20784 1397
internal_value=3.06256e-05 -0.000885215 -0.000271627 -0.000958486 -0.00193944 -0.00437891
internal_weight=150196 67055 50984 40632 28141 7357
internal_count=150196 67055 50984 40632 28141 7357
is_linear=0
shrinkage=0.05


Tree=44
num_leaves=7
num_cat=0
split_feature=2 0 0 2 0 2
split_gain=38.2926 66.5987 60.6321 37.1864 45.9236 23.9859
threshold=4.5000000000000009 71.500000000000014 88.500000000000014 1.5000000000000002 41.500000000000007 8.5000000000000018
decision_type=2 2 2 2 2 2
left_child=1 3 -2 -1 -5 -4
right_child=2 -3 5 4 -6 -7
leaf_value=0.00033706589142405431 -0.0053031575681457086 0.0024639573458432873 0.00016863709156363373 -0.0028036761002234456 -0.00028468101133165974 -0.011995419355684748
leaf_weight=52173 6789 34461 19723 11274 24204 1103
leaf_count=52173 6789 34461 19723 11274 24204 1103
internal_value=4.43292e-05 0.000424593 -0.00163695 -0.000307594 -0.00155638 -0.000298833
internal_weight=149727 122112 27615 87651 35478 20826
internal_count=149727 122112 27615 87651 35478 20826
is_linear=0
shrinkage=0.05


Tree=45
num_leaves=7
num_cat=0
split_feature=8 9 0 0 3 3
split_gain=38.2276 38.2656 29.9303 37.0243 27.163 16.5966
threshold=1.4866009315000002 10.500000000000002 85.500000000000014 117.50000000000001 -19.127954139999996 30.724565367000004
decision_type=2 2 2 2 2 2
left_child=1 -1 5 4 -4 -3
right_child=-2 2 3 -5 -6 -7
leaf_value=-0.0011475853067084653 0.0031229116259086269 -0.00017697510121330863 -0.00037737294093748017 -0.0065493262054982238 0.0038045400670155163 0.0048657626800665743
leaf_weight=31544 3718 79326 8796 1489 23925 1270
leaf_count=31544 3718 79326 8796 1489 23925 1270
internal_value=7.99611e-05 -4.73165e-05 0.000376488 0.00161552 0.00196671 -0.000149502
internal_weight=150068 146350 114806 34210 32721 80596
internal_count=150068 146350 114806 34210 32721 80596
is_linear=0
shrinkage=0.05


Tree=46
num_leaves=7
num_cat=0
split_feature=8 2 0 2 0 7
split_gain=37.8024 36.7015 36.863 66.4247 35.7413 29.7158
threshold=1.4866009315000002 8.5000000000000018 72.500000000000014 3.5000000000000004 116.50000000000001 1.0531739995000002
decision_type=2 2 2 2 2 2
left_child=1 2 3 -1 -4 -5
right_child=-2 -3 4 5 -6 -7
leaf_value=-0.00013530708491910626 0.0028900750110220324 -0.012530584205820356 0.0015276323445583496 -0.0057278178383350286 -0.0055500779427752542 0.0012297765175123766
leaf_weight=80509 3692 1226 53632 6404 3278 1447
leaf_count=80509 3692 1226 53632 6404 3278 1447
internal_value=5.12674e-05 -7.47435e-05 -1.89296e-06 -0.000641091 0.000990512 -0.0050296
internal_weight=150188 146496 145270 88360 56910 7851
internal_count=150188 146496 145270 88360 56910 7851
is_linear=0
shrinkage=0.05


Tree=47
num_leaves=7
num_cat=0
split_feature=2 8 0 2 0 2
split_gain=36.7 35.1286 32.6685 57.9394 33.7011 26.2513
threshold=8.5000000000000018 1.4866009315000002 81.500000000000014 4.5000000000000009 117.50000000000001 5.5000000000000009
decision_type=2 2 2 2 2 2
left_child=1 2 3 -1 5 -4
right_child=-2 -3 4 -5 -6 -7
leaf_value=-0.00013074002865547387 -0.011959290732611884 0.002809271557332771 0.0026932279343277465 -0.0052827926452729025 -0.0051851554743814199 -0.00086168411009461272
leaf_weight=94970 1208 3660 32569 4475 2155 11303
leaf_count=94970 1208 3660 32569 4475 2155 11303
internal_value=8.81306e-05 0.000158579 3.67756e-05 -0.000472976 0.00113807 0.00143811
internal_weight=150340 149132 145472 99445 46027 43872
internal_count=150340 149132 145472 99445 46027 43872
is_linear=0
shrinkage=0.05


Tree=48
num_leaves=7
num_cat=0
split_feature=2 0 0 2 0 5
split_gain=31.6991 42.8551 38.1725 35.8114 42.1376 32.0119
threshold=5.5000000000000009 81.500000000000014 116.50000000000001 2.5000000000000004 32.500000000000007 14.500000000000002
decision_type=2 2 2 2 2 2
left_child=1 3 -3 -1 -5 -2
right_child=5 2 -4 4 -6 -7
leaf_value=0.0002251980389283148 -0.005630336525700586 0.0025991928367810058 -0.0066606865628990406 -0.0069156322718214175 -0.0010588177840091695 0.00022502470608336267
leaf_weight=74835 7495 32385 1450 1416 24564 7707
leaf_count=74835 7495 32385 1450 1416 24564 7707
internal_value=7.44043e-05 0.000318778 0.00185838 -0.000198001 -0.00179719 -0.0020895
internal_weight=149852 134650 33835 100815 25980 15202
internal_count=149852 134650 33835 100815 25980 15202
is_linear=0
shrinkage=0.05


Tree=49
num_leaves=7
num_cat=0
split_feature=8 2 1 2 1 4
split_gain=32.5776 29.8039 32.1564 55.6836 32.5234 25.2167
threshold=1.4866009315000002 7.5000000000000009 54.500000000000007 3.5000000000000004 2.5000000000000004 1.2474985196808193
decision_type=2 2 2 2 2 10
left_child=1 2 4 -4 -1 -6
right_child=-2 -3 3 -5 5 -7
leaf_value=-0.0051333740443766374 0.0026041516215416396 -0.0065664581997023352 -0.00014307896949171674 -0.0045894047369567465 0.00095972347061377148 0.0062751494189109726
leaf_weight=1825 3699 3642 74265 5342 57295 3726
leaf_count=1825 3699 3642 74265 5342 57295 3726
internal_value=7.69364e-05 -4.04689e-05 7.37937e-05 -0.000593661 0.000919238 0.00111612
internal_weight=149794 146095 142453 79607 62846 61021
internal_count=149794 146095 142453 79607 62846 61021
is_linear=0
shrinkage=0.05


Tree=50
num_leaves=7
num_cat=0
split_feature=7 0 3 7 5 0
split_gain=28.8507 27.5367 29.0968 25.048 29.1476 19.1217
threshold=0.98581728700000004 48.500000000000007 -17.004458269999997 0.92279821500000014 15.500000000000002 117.50000000000001
decision_type=2 2 2 2 2 2
left_child=3 -2 -3 -1 -5 -4
right_child=1 2 5 4 -6 -7
leaf_value=0.0013286658671245524 -0.00023902041261575357 -0.00055593873676010048 0.0022437205465916598 -0.0018781464630448193 6.7404456448227909e-05 -0.0045634878768928133
leaf_weight=7192 42056 14775 41403 24451 19310 1073
leaf_count=7192 42056 14775 41403 24451 19310 1073
internal_value=7.4535e-05 0.000570802 0.00128436 -0.000892647 -0.00134208 0.00194911
internal_weight=150260 99307 57251 50953 43761 42476
internal_count=150260 99307 57251 50953 43761 42476
is_linear=0
shrinkage=0.05


Tree=51
num_leaves=7
num_cat=0
split_feature=9 7 2 7 0 2
split_gain=29.715 31.4232 28.4272 20.027 21.1309 19.5961
threshold=52.500000000000007 0.98735154550000004 1.5000000000000002 0.92050753900000015 85.500000000000014 3.5000000000000004
decision_type=2 2 2 2 2 2
left_child=1 2 -1 -4 5 -5
right_child=-2 -3 3 4 -6 -7
leaf_value=0.00034183684375429098 0.0024611901071413256 0.00030370614094506481 0.0008184924424345819 -0.0015393658532279364 -0.0011287820534754912 -0.0054427744738564836
leaf_weight=15982 12368 89146 4395 11573 11957 4652
leaf_count=15982 12368 89146 4395 11573 11957 4652
internal_value=6.53827e-05 -0.000145505 -0.00116882 -0.00201607 -0.00250559 -0.00368068
internal_weight=150073 137705 48559 32577 28182 16225
internal_count=150073 137705 48559 32577 28182 16225
is_linear=0
shrinkage=0.05


Tree=52
num_leaves=7
num_cat=0
split_feature=8 9 0 0 8 5
split_gain=28.8237 25.1058 21.2255 22.8469 14.9425 13.8023
threshold=1.4866009315000002 11.500000000000002 89.500000000000014 117.50000000000001 0.97080939650000009 6.5000000000000009
decision_type=2 2 2 2 2 2
left_child=1 -1 5 4 -4 -3
right_child=-2 2 3 -5 -6 -7
leaf_value=-0.00083920226572613277 0.0024707097540480893 -0.00177345324689117 0.00049607903050959416 -0.0044699139870657224 0.0037033851360836257 8.7827696303535715e-05
leaf_weight=35107 3711 3920 10018 1440 17561 78074
leaf_count=35107 3711 3920 10018 1440 17561 78074
internal_value=0.000142072 3.14799e-05 0.000400048 0.00156207 0.00188289 -1.12806e-05
internal_weight=149831 146120 111013 29019 27579 81994
internal_count=149831 146120 111013 29019 27579 81994
is_linear=0
shrinkage=0.05


Tree=53
num_leaves=7
num_cat=0
split_feature=2 6 7 0 0 0
split_gain=27.6282 22.6409 23.7412 21.6126 19.5065 18.3464
threshold=8.5000000000000018 1.0000000180025095e-35 1.0338053785000001 33.500000000000007 79.500000000000014 115.50000000000001
decision_type=2 2 2 2 2 2
left_child=1 4 -3 -4 -1 -6
right_child=-2 2 3 -5 5 -7
leaf_value=0.00017322336774020509 -0.010710136332314671 -0.00096797708537105231 -0.0015707383461039726 0.0017273922612001447 0.0029003770261284202 -0.0052839405547833954
leaf_weight=61937 1227 46100 4099 15785 19799 1330
leaf_count=61937 1227 46100 4099 15785 19799 1330
internal_value=0.000100894 0.000162524 -0.000528876 0.000915079 0.000711741 0.0020234
internal_weight=150277 149050 65984 19884 83066 21129
internal_count=150277 149050 65984 19884 83066 21129
is_linear=0
shrinkage=0.05


Tree=54
num_leaves=7
num_cat=0
split_feature=8 3 6 7 4 7
split_gain=25.2587 23.5697 24.5612 22.1591 19.7345 18.3842
threshold=1.4866009315000002 35.857562003500007 1.0000000180025095e-35 0.98878568900000008 0.70434005039903458 0.91884630300000014
decision_type=2 2 2 2 10 2
left_child=1 2 5 -4 -5 -1
right_child=-2 -3 3 4 -6 -7
leaf_value=0.0025848708509997377 0.00234748474825382 0.0055161673184605051 -0.0017048423156706405 -0.0017951265484493246 0.00036888041648125425 0.00022029114367854986
leaf_weight=3075 3707 3366 24977 6571 32475 75671
leaf_count=3075 3707 3366 24977 6571 32475 75671
internal_value=7.22404e-05 -3.12201e-05 -0.000128787 -0.000856071 -0.000112033 0.000462534
internal_weight=149842 146135 142769 64023 39046 78746
internal_count=149842 146135 142769 64023 39046 78746
is_linear=0
shrinkage=0.05


Tree=55
num_leaves=7
num_cat=0
split_feature=2 5 7 9 3 8
split_gain=25.2909 43.4227 28.2191 20.9696 17.8144 15.4313
threshold=4.5000000000000009 15.500000000000002 1.0540195770000003 54.500000000000007 30.724565367000004 1.4866009315000002
decision_type=2 2 2 2 2 2
left_child=3 2 -2 4 5 -1
right_child=1 -3 -4 -5 -6 -7
leaf_value=-1.3950564116016473e-05 -0.0043198456262223753 0.0010291229046894557 0.0028256458482113752 0.0025122317836506428 0.004724986313159641 0.001709346319345828
leaf_weight=106367 12664 13307 1927 9835 2909 3223
leaf_count=106367 12664 13307 1927 9835 2909 3223
internal_value=6.19022e-05 -0.00129646 -0.00317981 0.000371713 0.000178105 7.55053e-05
internal_weight=150232 27898 14591 122334 112499 109590
internal_count=150232 27898 14591 122334 112499 109590
is_linear=0
shrinkage=0.05


Tree=56
num_leaves=7
num_cat=0
split_feature=2 3 7 0 7 2
split_gain=24.4446 21.7454 22.1056 21.9486 20.6034 23.4504
threshold=8.5000000000000018 2.0797439910000004 0.91884630300000014 116.50000000000001 0.95658633950000016 2.5000000000000004
decision_type=2 2 2 2 2 2
left_child=1 2 -1 -3 5 -4
right_child=-2 3 4 -5 -6 -7
leaf_value=0.0019297217003446901 -0.010219922211388699 0.00098156102569470498 0.00010987499402394519 -0.0053297663189191616 -0.00012075873147963102 -0.0035268823391139169
leaf_weight=4956 1231 41669 6160 1798 86191 8194
leaf_count=4956 1231 41669 6160 1798 86191 8194
internal_value=3.45364e-05 9.26342e-05 -0.000295125 0.00103371 -0.000455868 -0.00220942
internal_weight=150199 148968 105501 43467 100545 14354
internal_count=150199 148968 105501 43467 100545 14354
is_linear=0
shrinkage=0.05


Tree=57
num_leaves=7
num_cat=0
split_feature=8 0 7 0 7 7
split_gain=21.8273 24.3838 17.8765 16.759 16.7397 21.132
threshold=0.99401569350000007 83.500000000000014 0.91884630300000014 115.50000000000001 0.98090606100000011 1.0133193015000004
decision_type=2 2 2 2 2 2
left_child=-1 2 -2 -3 -4 -6
right_child=1 3 4 -5 5 -7
leaf_value=-0.00081198060987628393 0.0023129905931137786 0.0026478177164847572 -0.00099316369375903614 -0.0038246302115602679 0.0010023941712983223 -0.00020169877007045618
leaf_weight=41333 1767 22697 17043 1866 21634 43650
leaf_count=41333 1767 22697 17043 1866 21634 43650
internal_value=7.95027e-05 0.000451515 4.66712e-05 0.00183725 -6.02743e-05 0.000304033
internal_weight=149990 108657 84094 24563 82327 65284
internal_count=149990 108657 84094 24563 82327 65284
is_linear=0
shrinkage=0.05


Tree=58
num_leaves=7
num_cat=0
split_feature=3 6 7 4 7 3
split_gain=21.6616 20.3064 21.0888 15.2167 15.0924 11.736
threshold=35.857562003500007 1.0000000180025095e-35 0.98923667550000005 0.70434005039903458 0.91884630300000014 -3.4890173724999998
decision_type=2 2 2 10 2 2
left_child=1 4 -3 -4 5 -1
right_child=-2 2 3 -5 -6 -7
leaf_value=0.003460581053550499 0.0049781979021341271 -0.0015125051643688076 -0.0014687788169181039 0.00039359331366101705 0.00024384637971308078 -0.00010410303998231453
leaf_weight=2016 3484 25410 6745 32985 78309 1071
leaf_count=2016 3484 25410 6745 32985 78309 1071
internal_value=3.29945e-05 -5.97103e-05 -0.00071763 1.8875e-06 0.000466825 0.00389311
internal_weight=150020 146536 65140 39730 81396 3087
internal_count=150020 146536 65140 39730 81396 3087
is_linear=0
shrinkage=0.05


Tree=59
num_leaves=7
num_cat=0
split_feature=9 3 3 7 7 0
split_gain=20.6179 15.955 13.8941 14.0527 18.3166 13.7104
threshold=10.500000000000002 35.857562003500007 -38.838816215499996 0.97265887550000019 0.91884630300000014 76.500000000000014
decision_type=2 2 2 2 2 2
left_child=-1 2 -2 4 -4 -5
right_child=1 -3 3 5 -6 -7
leaf_value=-0.00074081013287160831 -0.0025189654464033264 0.0052413776262766228 0.0016746115975745076 0.00016629114203032814 -0.00094052551016561299 0.0019749555422506615
leaf_weight=32147 3397 2975 4446 54514 23437 29179
leaf_count=32147 3397 2975 4446 54514 23437 29179
internal_value=8.78581e-05 0.000393801 0.000300166 0.000396125 -0.000575965 0.000719999
internal_weight=150095 117948 114973 111576 27883 83693
internal_count=150095 117948 114973 111576 27883 83693
is_linear=0
shrinkage=0.05


Tree=60
num_leaves=7
num_cat=0
split_feature=3 8 6 0 5 8
split_gain=19.512 18.8984 17.9344 16.9264 13.9728 12.8678
threshold=35.857562003500007 1.4866009315000002 1.0000000180025095e-35 37.500000000000007 6.5000000000000009 1.3396780625000002
decision_type=2 2 2 2 2 2
left_child=1 2 5 -4 -5 -1
right_child=-2 -3 3 4 -6 -7
leaf_value=0.00042066461875988758 0.0047162982688510524 0.0020294194134384213 -0.0014781700427387594 -0.0025811444861279288 -7.7218938092743505e-05 -0.0010090159464853463
leaf_weight=71772 3512 3575 16080 3419 44605 7040
leaf_count=71772 3512 3575 16080 3419 44605 7040
internal_value=3.02484e-05 -5.81074e-05 -0.000147984 -0.000769003 -0.000298778 0.000357156
internal_weight=150003 146491 142916 64104 48024 78812
internal_count=150003 146491 142916 64104 48024 78812
is_linear=0
shrinkage=0.05


Tree=61
num_leaves=7
num_cat=0
split_feature=2 0 0 2 7 5
split_gain=19.9078 40.4875 32.6141 35.7755 14.682 18.6477
threshold=4.5000000000000009 92.500000000000014 49.500000000000007 1.5000000000000002 1.0326638585000001 14.500000000000002
decision_type=2 2 2 2 2 2
left_child=2 -2 3 -1 5 -3
right_child=1 4 -4 -5 -6 -7
leaf_value=0.0001457700034933035 -0.0037586180467483717 -0.0031377416920655601 0.0010284591787818821 -0.0017313950649427313 0.003900253171952152 0.0012306068294607204
leaf_weight=45587 8391 5825 59869 16704 4436 9123
leaf_count=45587 8391 5825 59869 16704 4436 9123
internal_value=3.95992e-05 -0.00116856 0.000314329 -0.000486588 8.76786e-05 -0.000662075
internal_weight=149935 27775 122160 62291 19384 14948
internal_count=149935 27775 122160 62291 19384 14948
is_linear=0
shrinkage=0.05


Tree=62
num_leaves=7
num_cat=0
split_feature=2 8 0 2 0 2
split_gain=19.7976 17.7668 18.629 40.8348 21.895 18.5745
threshold=8.5000000000000018 1.4866009315000002 73.500000000000014 4.5000000000000009 116.50000000000001 2.5000000000000004
decision_type=2 2 2 2 2 2
left_child=1 2 3 5 -4 -1
right_child=-2 -3 4 -5 -6 -7
leaf_value=8.6269159117099986e-05 -0.009353310750500483 0.0018683887232667563 0.0011006532298927661 -0.0046955121908502512 -0.0042505321297924394 -0.0013394192644469228
leaf_weight=69039 1225 3715 52456 2723 3251 17789
leaf_count=69039 1225 3715 52456 2723 3251 17789
internal_value=6.74088e-05 0.000119565 3.2183e-05 -0.000414406 0.000750063 -0.000225145
internal_weight=150198 148973 145258 89551 55707 86828
internal_count=150198 148973 145258 89551 55707 86828
is_linear=0
shrinkage=0.05


Tree=63
num_leaves=7
num_cat=0
split_feature=7 2 0 7 0 0
split_gain=20.6729 32.7795 38.6427 23.2117 22.9488 15.8322
threshold=1.0540195770000003 3.5000000000000004 86.500000000000014 0.92279821500000014 42.500000000000007 84.500000000000014
decision_type=2 2 2 2 2 2
left_child=1 4 3 -3 -1 -2
right_child=5 2 -4 -5 -6 -7
leaf_value=-0.00029288812942594028 0.00031071847628422606 0.002574301488316633 -0.00040349915016790056 -0.0041642865000125363 0.00092414826421602933 0.0040766398350639416
leaf_weight=41840 22154 1059 25098 11246 39533 9131
leaf_count=41840 22154 1059 25098 11246 39533 9131
internal_value=8.10477e-05 -0.000220153 -0.00144521 -0.00373985 0.000342998 0.00122443
internal_weight=150061 118776 37403 12305 81373 31285
internal_count=150061 118776 37403 12305 81373 31285
is_linear=0
shrinkage=0.05


Tree=64
num_leaves=7
num_cat=0
split_feature=2 0 0 2 0 2
split_gain=20.7352 26.4381 28.8096 27.886 23.5138 15.7263
threshold=6.5000000000000009 117.50000000000001 86.500000000000014 4.5000000000000009 102.50000000000001 1.5000000000000002
decision_type=2 2 2 2 2 2
left_child=1 2 3 5 -2 -1
right_child=4 -3 -4 -5 -6 -7
leaf_value=0.00040685447160118682 -0.0076723945294258997 -0.005692492857482849 0.0019979931083979109 -0.0033452323548705172 -0.00082805112089735517 -0.00046450415733096111
leaf_weight=54211 2525 1452 32851 5364 5185 48603
leaf_count=54211 2525 1452 32851 5364 5185 48603
internal_value=7.81479e-05 0.000214846 0.000284063 -0.000109768 -0.00244653 7.36732e-05
internal_weight=150191 142481 141029 108178 7710 102814
internal_count=150191 142481 141029 108178 7710 102814
is_linear=0
shrinkage=0.05


Tree=65
num_leaves=7
num_cat=0
split_feature=3 9 8 8 3 7
split_gain=18.0861 16.7947 11.4752 11.9565 20.0798 13.4006
threshold=35.857562003500007 11.500000000000002 1.4866009315000002 1.3396780625000002 14.796693603000001 0.98090606100000011
decision_type=2 2 2 2 2 2
left_child=1 -1 3 5 -5 -3
right_child=-2 2 -4 4 -6 -7
leaf_value=-0.00070351043061572392 0.0045321487441297159 -0.00040954246789616234 0.0017247367518413383 -0.00050459500524151354 -0.0051863878404807984 0.00055435345891585719
leaf_weight=35678 3443 32713 2741 7200 1020 67561
leaf_count=35678 3443 32713 2741 7200 1020 67561
internal_value=-1.33013e-06 -8.53367e-05 0.000217435 0.000136637 -0.00169605 0.000286949
internal_weight=150356 146913 111235 108494 8220 100274
internal_count=150356 146913 111235 108494 8220 100274
is_linear=0
shrinkage=0.05


Tree=66
num_leaves=7
num_cat=0
split_feature=2 1 1 2 1 2
split_gain=20.153 17.8919 21.3473 34.3846 16.5453 30.5935
threshold=7.5000000000000009 2.5000000000000004 30.500000000000004 4.5000000000000009 73.500000000000014 2.5000000000000004
decision_type=2 2 2 2 2 2
left_child=1 -1 -3 4 -4 -6
right_child=-2 2 3 -5 5 -7
leaf_value=-0.0046453186078322774 -0.0058905181677238461 0.0018268572091411528 0.00063569057365056309 -0.0033144701950768188 -7.4526396046920029e-05 -0.0031667897705014258
leaf_weight=1866 3598 32327 46579 6905 53715 4906
leaf_count=1866 3598 32327 46579 6905 53715 4906
internal_value=2.36823e-05 0.000114659 0.000177586 -0.000148849 7.55668e-05 -0.000483361
internal_weight=149896 146298 144432 112105 105200 58621
internal_count=149896 146298 144432 112105 105200 58621
is_linear=0
shrinkage=0.05


Tree=67
num_leaves=7
num_cat=0
split_feature=9 8 0 0 2 7
split_gain=16.0369 13.0208 12.1273 20.1348 35.5262 14.2351
threshold=8.5000000000000018 1.4866009315000002 116.50000000000001 93.500000000000014 4.5000000000000009 1.0531739995000002
decision_type=2 2 2 2 2 2
left_child=-1 2 3 4 -2 -6
right_child=1 -3 -4 -5 5 -7
leaf_value=-0.00081929224312781855 0.00013613078684340807 0.0019200828913291557 -0.0039576279184015744 0.0020333816974126119 -0.0040495228814983186 0.0015073948407766657
leaf_weight=25182 87597 3121 2573 24351 6057 1209
leaf_count=25182 87597 3121 2573 24351 6057 1209
internal_value=8.49462e-06 0.000240567 0.000158775 0.000232136 -9.71086e-05 -0.00345551
internal_weight=150090 124908 121787 119214 94863 7266
internal_count=150090 124908 121787 119214 94863 7266
is_linear=0
shrinkage=0.05


Tree=68
num_leaves=7
num_cat=0
split_feature=8 0 8 8 3 4
split_gain=15.8485 14.3482 17.902 13.0944 14.0379 12.4543
threshold=1.4866009315000002 45.500000000000007 1.0192833085000002 1.3421871630000004 -17.004458269999997 1.1234349152298975
decision_type=2 2 2 2 2 10
left_child=1 -1 -3 4 -4 -5
right_child=-2 2 3 5 -6 -7
leaf_value=-0.00037132239480592162 0.0018132164666816053 -0.00044161752090493003 -0.00027688749464596651 -3.3525961410130199e-05 0.0015445404849982914 -0.0041014042205233031
leaf_weight=55658 3699 36717 11121 4065 37805 1223
leaf_count=55658 3699 36717 11121 4065 37805 1223
internal_value=0.000100803 1.91856e-05 0.000406192 0.000983511 0.00123899 -0.00137918
internal_weight=150288 146589 90931 54214 48926 5288
internal_count=150288 146589 90931 54214 48926 5288
is_linear=0
shrinkage=0.05


Tree=69
num_leaves=7
num_cat=0
split_feature=7 2 1 1 5 2
split_gain=15.8064 22.8848 31.9481 17.444 16.4288 15.7344
threshold=1.0540195770000003 3.5000000000000004 54.500000000000007 78.500000000000014 16.500000000000004 1.5000000000000002
decision_type=2 2 2 2 2 2
left_child=1 3 4 -1 -3 -5
right_child=-2 2 -4 5 -6 -7
leaf_value=0.00073728006244045687 0.00081786535565610003 -0.0018258092270230621 -0.0041352672361716029 1.6939324839015948e-05 0.00065026144263368032 -0.0017662414517399085
leaf_weight=40575 31326 17836 4402 31969 14952 8757
leaf_count=40575 31326 17836 4402 31969 14952 8757
internal_value=2.97853e-05 -0.000234291 -0.00126159 0.000235684 -0.00072424 -0.000495323
internal_weight=149817 118491 37190 81301 32788 40726
internal_count=149817 118491 37190 81301 32788 40726
is_linear=0
shrinkage=0.05


Tree=70
num_leaves=7
num_cat=0
split_feature=2 0 0 2 7 7
split_gain=15.051 13.377 18.951 29.5233 13.2262 13.1057
threshold=8.5000000000000018 117.50000000000001 90.500000000000014 4.5000000000000009 1.0546164800000002 0.92279821500000014
decision_type=2 2 2 2 2 2
left_child=1 2 3 5 -4 -1
right_child=-2 -3 4 -5 -6 -7
leaf_value=0.0016243206458235752 -0.0078097737820337675 -0.0044759764436757337 0.00090990366627650152 -0.0031722817743980282 0.0044843323359204379 -2.308445731640241e-05
leaf_weight=4662 1225 2122 25955 7501 6936 101457
leaf_count=4662 1225 2122 25955 7501 6936 101457
internal_value=7.12317e-05 0.000116811 0.000173957 -0.000132013 0.00123077 8.23329e-05
internal_weight=149858 148633 146511 113620 32891 106119
internal_count=149858 148633 146511 113620 32891 106119
is_linear=0
shrinkage=0.05


Tree=71
num_leaves=7
num_cat=0
split_feature=2 3 7 7 2 0
split_gain=14.5215 14.1636 11.459 23.4427 22.2328 12.7614
threshold=8.5000000000000018 35.857562003500007 0.92279821500000014 0.95537990100000014 2.5000000000000004 56.500000000000007
decision_type=2 2 2 2 2 2
left_child=1 2 -1 4 -4 -5
right_child=-2 -3 3 5 -6 -7
leaf_value=0.001326358743182092 -0.0076184781999041919 0.0041426266885173707 0.00010852757692983995 -0.00021302013823896738 -0.0032712450642066017 0.00068400190616411678
leaf_weight=7034 1219 3457 7346 61203 8351 61426
leaf_count=7034 1219 3457 7346 61203 8351 61426
internal_value=6.23163e-05 0.000106923 3.16445e-05 -6.84951e-05 -0.0018875 0.000164412
internal_weight=150036 148817 145360 138326 15697 122629
internal_count=150036 148817 145360 138326 15697 122629
is_linear=0
shrinkage=0.05


Tree=72
num_leaves=7
num_cat=0
split_feature=7 9 0 7 0 8
split_gain=13.6975 18.3846 14.4699 12.1979 9.3169 9.26607
threshold=1.0540195770000003 54.500000000000007 72.500000000000014 1.0512482345000003 113.50000000000001 1.1914101955000003
decision_type=2 2 2 2 2 2
left_child=1 3 5 -1 -4 -2
right_child=2 -3 4 -5 -6 -7
leaf_value=-0.00021601111215620447 0.00086924531663581939 0.0019308555242265547 0.0033267614438201839 -0.0035281643377497287 -0.0030242453967474383 -0.00051047304983212747
leaf_weight=109002 8161 8043 11304 1715 1092 10768
leaf_count=109002 8161 8043 11304 1715 1092 10768
internal_value=4.87208e-05 -0.000196607 0.000978695 -0.000364313 0.00230627 0.000108931
internal_weight=150085 118760 31325 110717 12396 18929
internal_count=150085 118760 31325 110717 12396 18929
is_linear=0
shrinkage=0.05


Tree=73
num_leaves=7
num_cat=0
split_feature=9 0 0 7 7 3
split_gain=11.7077 10.9934 13.0565 9.6494 9.94538 10.3476
threshold=9.5000000000000018 117.50000000000001 88.500000000000014 0.91884630300000014 0.97075290400000014 -28.163460886499998
decision_type=2 2 2 2 2 2
left_child=-1 2 3 -2 -5 -6
right_child=1 -3 -4 4 5 -7
leaf_value=-0.00060910735996833336 0.0015288709678776991 -0.0043477157060023862 0.0015489060962945113 -0.00090902387014201586 -0.0016705790104000031 0.00023930704341973142
leaf_weight=28816 3513 1589 30499 17062 3565 64946
leaf_count=28816 3513 1589 30499 17062 3565 64946
internal_value=5.91686e-05 0.000274594 0.000329564 2.3852e-05 -8.16507e-05 0.000187365
internal_weight=149990 121174 119585 89086 85573 68511
internal_count=149990 121174 119585 89086 85573 68511
is_linear=0
shrinkage=0.05


Tree=74
num_leaves=7
num_cat=0
split_feature=8 7 8 9 7 8
split_gain=11.2789 9.23357 16.9785 16.2051 14.0542 15.7082
threshold=1.4866009315000002 0.98735154550000004 1.3329607405000001 57.500000000000007 0.99859820700000013 1.0374552385000002
decision_type=2 2 2 2 2 2
left_child=1 3 4 -1 5 -3
right_child=-2 2 -4 -5 -6 -7
leaf_value=-0.00054364151802506206 0.0015853938615083885 0.00015202070148444963 -0.0010521840084666723 0.0030095688388970727 0.00024033637014733711 0.002465860233531614
leaf_weight=49887 3701 5288 9931 2744 72057 6457
leaf_count=49887 3701 5288 9931 2744 72057 6457
internal_value=9.90371e-05 3.0061e-05 0.000327642 -0.000499896 0.000559321 0.00216277
internal_weight=150065 146364 93733 52631 83802 11745
internal_count=150065 146364 93733 52631 83802 11745
is_linear=0
shrinkage=0.05


Tree=75
num_leaves=7
num_cat=0
split_feature=3 7 7 0 3 5
split_gain=12.3626 11.0635 19.6948 11.7681 11.7265 10.6616
threshold=35.857562003500007 0.92279821500000014 0.95658633950000016 47.500000000000007 -27.127139278999994 16.500000000000004
decision_type=2 2 2 2 2 2
left_child=1 -1 5 -4 -5 -3
right_child=-2 2 3 4 -6 -7
leaf_value=0.001319153059402914 0.0040912319122043631 -0.0020278433552335592 -0.00027345837258766214 -0.0010954836494924708 0.00078166251269446156 -3.9402068161575877e-05
leaf_weight=7175 3505 10882 51387 9180 61632 6282
leaf_count=7175 3505 10882 51387 9180 61632 6282
internal_value=6.25633e-05 -7.67693e-06 -0.000106283 0.000116506 0.000534476 -0.001692
internal_weight=150043 146538 139363 122199 70812 17164
internal_count=150043 146538 139363 122199 70812 17164
is_linear=0
shrinkage=0.05


Tree=76
num_leaves=7
num_cat=0
split_feature=2 5 0 0 2 0
split_gain=12.3655 18.0618 17.5419 19.0987 19.2387 22.2826
threshold=6.5000000000000009 14.500000000000002 116.50000000000001 85.500000000000014 2.5000000000000004 31.500000000000004
decision_type=2 2 2 2 2 2
left_child=2 -2 3 4 -1 -6
right_child=1 -3 -4 -5 5 -7
leaf_value=0.00019686308147016802 -0.0056545412615237461 0.0011718687564237662 -0.0043636743543034205 0.0015841999797785056 -0.0057114503969768254 -0.00071785953176913561
leaf_weight=76548 4138 3601 2225 33081 1266 29271
leaf_count=76548 4138 3601 2225 33081 1266 29271
internal_value=3.94645e-05 -0.00190631 0.000145281 0.000215273 -0.000109137 -0.00117011
internal_weight=150130 7739 142391 140166 107085 30537
internal_count=150130 7739 142391 140166 107085 30537
is_linear=0
shrinkage=0.05


Tree=77
num_leaves=7
num_cat=0
split_feature=8 7 9 2 7 0
split_gain=9.89202 9.43215 9.26573 10.6562 36.4315 22.3829
threshold=1.4866009315000002 1.0815349785000001 10.500000000000002 1.5000000000000002 1.0030383260000002 47.500000000000007
decision_type=2 2 2 2 2 2
left_child=2 -2 -1 4 -4 -5
right_child=1 -3 3 5 -6 -7
leaf_value=-0.00059776908212406943 0.00028756966852940826 0.0040552781930377592 0.0014585867440070066 -0.001417117467702564 -0.00041053911069744434 0.00018157255497507354
leaf_weight=31564 2291 1381 17518 10840 19417 67055
leaf_count=31564 2291 1381 17518 10840 19417 67055
internal_value=3.58164e-05 0.00259723 -2.8518e-05 0.000180041 0.000879467 -0.000151637
internal_weight=150066 3672 146394 114830 36935 77895
internal_count=150066 3672 146394 114830 36935 77895
is_linear=0
shrinkage=0.05


Tree=78
num_leaves=7
num_cat=0
split_feature=8 2 3 6 0 2
split_gain=11.1988 10.241 9.43526 9.34496 11.041 11.2115
threshold=1.4866009315000002 8.5000000000000018 35.857562003500007 1.0000000180025095e-35 37.500000000000007 2.5000000000000004
decision_type=2 2 2 2 2 2
left_child=1 2 3 -1 -5 -6
right_child=-2 -3 -4 4 5 -7
leaf_value=0.00022693151187716672 0.0014547573801777917 -0.0069238006748529772 0.0034320765155148591 -0.0011042960129066027 0.00098558825309928168 -0.00047321512219142687
leaf_weight=78660 3706 1207 3395 16214 9352 37766
leaf_count=78660 3706 1207 3395 16214 9352 37766
internal_value=5.6219e-05 -1.24489e-05 2.57064e-05 -3.66205e-05 -0.000488656 -0.000101331
internal_weight=150300 146594 145387 141992 63332 47118
internal_count=150300 146594 145387 141992 63332 47118
is_linear=0
shrinkage=0.05


Tree=79
num_leaves=7
num_cat=0
split_feature=2 5 1 1 2 1
split_gain=11.9567 16.2366 14.003 18.4812 15.9656 16.7024
threshold=5.5000000000000009 14.500000000000002 3.5000000000000004 34.500000000000007 2.5000000000000004 88.500000000000014
decision_type=2 2 2 2 2 2
left_child=2 -2 -1 -4 -5 -6
right_child=1 -3 3 4 5 -7
leaf_value=-0.0049328803268917608 -0.0039909556227809744 0.00050892019313493887 0.0016484091037243687 0.00017896155000108051 -0.00066541540645679578 -0.0052118739279522659
leaf_weight=1440 7467 7746 27773 76462 28003 1261
leaf_count=1440 7467 7746 27773 76462 28003 1261
internal_value=5.32776e-06 -0.00132327 0.000155157 0.00020814 -9.33974e-05 -0.00108647
internal_weight=150152 15213 134939 133499 105726 29264
internal_count=150152 15213 134939 133499 105726 29264
is_linear=0
shrinkage=0.05


Tree=80
num_leaves=7
num_cat=0
split_feature=2 1 7 7 7 5
split_gain=9.62021 23.0001 20.9493 24.3619 20.1859 16.1648
threshold=1.5000000000000002 72.500000000000014 1.0030383260000002 1.0061374360000002 1.0540195770000003 16.500000000000004
decision_type=2 2 2 2 2 2
left_child=2 4 -1 -4 5 -2
right_child=1 -3 3 -5 -6 -7
leaf_value=0.00092631492217790101 -0.00098057772791667057 -0.0015202410610049247 -0.0041351753064565126 -4.3085533155422241e-05 0.0017409665683259469 0.0006523508008757146
leaf_weight=24791 35041 15638 1193 29282 16337 27887
leaf_count=24791 35041 15638 1193 29282 16337 27887
internal_value=7.07513e-06 -0.000298315 0.000531472 -0.000346539 4.74644e-05 -0.000359112
internal_weight=150169 94903 55266 30475 79265 62928
internal_count=150169 94903 55266 30475 79265 62928
is_linear=0
shrinkage=0.05


Tree=81
num_leaves=7
num_cat=0
split_feature=2 5 7 3 7 2
split_gain=10.3543 15.2602 10.9261 13.8093 13.7617 14.4869
threshold=6.5000000000000009 15.500000000000002 0.92279821500000014 -16.261921111499998 0.95590546800000009 1.0000000180025095e-35
decision_type=2 2 2 2 2 2
left_child=2 -2 3 -1 5 -4
right_child=1 -3 4 -5 -6 -7
leaf_value=0.0036760713240554382 -0.0051658231636570713 0.0011606316142424439 0.0013727604641297075 0.0004516107979622486 0.00017251900534104444 -0.0016062060588208306
leaf_weight=2024 4561 3171 2117 4334 120544 13353
leaf_count=2024 4561 3171 2117 4334 120544 13353
internal_value=4.29688e-05 -0.0017384 0.00013977 0.00216486 4.50305e-05 -0.00135864
internal_weight=150104 7732 142372 6358 136014 15470
internal_count=150104 7732 142372 6358 136014 15470
is_linear=0
shrinkage=0.05


Tree=82
num_leaves=7
num_cat=0
split_feature=8 7 7 0 2 2
split_gain=8.7943 9.65496 8.71132 8.30414 27.2901 14.6011
threshold=1.4866009315000002 1.0815349785000001 1.0263869655000002 42.500000000000007 1.5000000000000002 3.5000000000000004
decision_type=2 2 2 2 2 2
left_child=3 2 -2 4 -1 -5
right_child=1 -3 -4 5 -6 -7
leaf_value=5.5686163594842468e-05 0.0011727150039281182 0.0037624149973642441 -0.00089347612033577328 0.00066861593624391877 -0.0019187704721934096 -0.0004884806198650393
leaf_weight=40019 1287 1415 1003 49538 11811 45117
leaf_count=40019 1287 1415 1003 49538 11811 45117
internal_value=5.20989e-05 0.0024562 0.000446623 -8.789e-06 -0.000517507 0.000269781
internal_weight=150190 3705 2290 146485 51830 94655
internal_count=150190 3705 2290 146485 51830 94655
is_linear=0
shrinkage=0.05


Tree=83
num_leaves=7
num_cat=0
split_feature=7 2 0 7 8 7
split_gain=8.97902 17.5586 23.4304 22.231 12.5849 17.3724
threshold=1.0540195770000003 3.5000000000000004 92.500000000000014 0.92050753900000015 0.87643489600000013 0.95355655300000008
decision_type=2 2 2 2 2 2
left_child=1 -1 3 -3 -5 -6
right_child=-2 2 -4 4 5 -7
leaf_value=0.00019958339943086935 0.00071557075943132209 0.0028352227462454557 5.3370516843406078e-05 -0.00022077169558234745 -0.006221032205956956 -0.0026976626927542658
leaf_weight=81213 31331 1268 21810 3014 1529 9829
leaf_count=81213 31331 1268 21810 3014 1529 9829
internal_value=8.45006e-05 -0.000114289 -0.00100988 -0.00248642 -0.00304653 -0.00380841
internal_weight=149994 118663 37450 15640 14372 11358
internal_count=149994 118663 37450 15640 14372 11358
is_linear=0
shrinkage=0.05


Tree=84
num_leaves=7
num_cat=0
split_feature=3 7 7 2 7 9
split_gain=8.60564 8.66116 12.2131 13.1169 11.7491 15.3493
threshold=35.857562003500007 0.92279821500000014 0.98090606100000011 1.5000000000000002 0.97819282600000013 40.500000000000007
decision_type=2 2 2 2 2 2
left_child=1 -1 3 4 5 -3
right_child=-2 2 -4 -5 -6 -7
leaf_value=0.0010870285606374389 0.0035360095824242266 8.3273092955581113e-05 0.00015560218586607445 -0.0013748356378383961 -0.0021644249531094007 0.0030242094987231738
leaf_weight=7190 3499 9416 101639 25303 1033 1905
leaf_count=7190 3499 9416 101639 25303 1033 1905
internal_value=5.90873e-05 5.11977e-07 -8.68623e-05 -0.000855969 0.000479408 0.000945833
internal_weight=149985 146486 139296 37657 12354 11321
internal_count=149985 146486 139296 37657 12354 11321
is_linear=0
shrinkage=0.05


Tree=85
num_leaves=7
num_cat=0
split_feature=9 0 0 8 7 7
split_gain=8.10102 8.5447 10.7094 9.86483 8.93246 8.70496
threshold=5.5000000000000009 117.50000000000001 94.500000000000014 0.97080939650000009 0.92279821500000014 0.98581728700000004
decision_type=2 2 2 2 2 2
left_child=-1 2 4 -4 -2 -6
right_child=1 -3 3 -5 5 -7
leaf_value=-0.0007286924406428336 0.0013444857949492157 -0.0031636498161576351 -5.1624529981025848e-05 0.0027454568790632895 -0.00056932232287088967 0.00014120453876164397
leaf_weight=14995 4987 1860 10909 15324 30220 71800
leaf_count=14995 4987 1860 10909 15324 30220 71800
internal_value=4.82179e-05 0.000170608 0.000217644 0.00112289 -4.32195e-06 -0.000105366
internal_weight=150095 135100 133240 26233 107007 102020
internal_count=150095 135100 133240 26233 107007 102020
is_linear=0
shrinkage=0.05


Tree=86
num_leaves=7
num_cat=0
split_feature=9 0 2 7 9 0
split_gain=9.62682 7.14903 22.7021 11.0059 10.567 10.489
threshold=4.5000000000000009 89.500000000000014 4.5000000000000009 1.0531739995000002 31.500000000000004 69.500000000000014
decision_type=2 2 2 2 2 2
left_child=-1 2 -2 4 5 -4
right_child=1 -3 3 -5 -6 -7
leaf_value=-0.00085462911366535337 0.00012301064864367884 0.0010635359734945226 -0.004023631035415357 0.0015476991777948923 -0.0072689913844498927 -0.0010802856154115748
leaf_weight=12035 96381 34897 1439 1161 1048 3069
leaf_count=12035 96381 34897 1439 1161 1048 3069
internal_value=7.58156e-05 0.000194112 -1.5276e-05 -0.00282468 -0.00374933 -0.00269222
internal_weight=150030 137995 103098 6717 5556 4508
internal_count=150030 137995 103098 6717 5556 4508
is_linear=0
shrinkage=0.05


Tree=87
num_leaves=7
num_cat=0
split_feature=2 0 0 0 2 7
split_gain=10.4322 17.9449 13.8084 14.2325 12.0749 15.8372
threshold=5.5000000000000009 94.500000000000014 116.50000000000001 77.500000000000014 1.5000000000000002 1.0030383260000002
decision_type=2 2 2 2 2 2
left_child=2 -2 3 4 5 -1
right_child=1 -3 -4 -5 -6 -7
leaf_value=0.0007910867096491387 -0.0051749485673040774 -0.00033325829825468642 -0.0048862884809009223 0.0011364846708720789 -0.00053988000525919679 -0.00021463508807130773
leaf_weight=23716 3606 11646 1418 36979 43283 29467
leaf_count=23716 3606 11646 1418 36979 43283 29467
internal_value=3.32234e-05 -0.001206 0.00017341 0.000225646 -9.40697e-05 0.000410572
internal_weight=150115 15252 134863 133445 96466 53183
internal_count=150115 15252 134863 133445 96466 53183
is_linear=0
shrinkage=0.05


Tree=88
num_leaves=7
num_cat=0
split_feature=7 7 2 0 3 0
split_gain=6.58047 12.9062 12.0399 13.0533 11.8257 9.35814
threshold=0.92279821500000014 0.98090606100000011 1.5000000000000002 37.500000000000007 1.0001246885000004 90.500000000000014
decision_type=2 2 2 2 2 2
left_child=-1 2 3 -2 -5 -4
right_child=1 -3 5 4 -6 -7
leaf_value=0.00094626382201965517 -0.00036276965402771147 0.00019263401734284093 -0.0015552614246499273 0.003035965231300937 0.00028864850718993699 -0.00032245310650824422
leaf_weight=7201 8777 105250 15588 1638 2125 10351
leaf_count=7201 8777 105250 15588 1638 2125 10351
internal_value=3.99178e-05 -3.40038e-05 -0.000817548 0.000454364 0.002916 -0.00143241
internal_weight=150930 143729 38479 12540 3763 25939
internal_count=150930 143729 38479 12540 3763 25939
is_linear=0
shrinkage=0.05


Tree=89
num_leaves=7
num_cat=0
split_feature=2 1 1 2 7 7
split_gain=8.26661 8.25424 12.3639 20.2075 12.2466 10.3361
threshold=8.5000000000000018 3.5000000000000004 25.500000000000004 5.5000000000000009 0.96737568050000011 0.92279821500000014
decision_type=2 2 2 2 2 2
left_child=1 -1 -3 5 -5 -4
right_child=-2 2 3 4 -6 -7
leaf_value=-0.0031655851763601377 -0.0058148966987690703 0.0014861233797870133 0.0012616070034550315 -6.4778513970797924e-05 -0.0068324200138998401 -9.5813147775397631e-05
leaf_weight=3296 1227 26841 5151 1305 2104 110176
leaf_count=3296 1227 26841 5151 1305 2104 110176
internal_value=-3.03121e-05 3.44242e-06 5.95025e-05 -0.000159591 -0.00395064 -4.73633e-05
internal_weight=150100 148873 145577 118736 3409 115327
internal_count=150100 148873 145577 118736 3409 115327
is_linear=0
shrinkage=0.05


Tree=90
num_leaves=7
num_cat=0
split_feature=8 7 8 7 8 2
split_gain=8.08628 11.2469 10.9797 15.6865 9.13759 23.074
threshold=1.4866009315000002 1.0815349785000001 1.3329607405000001 0.97541009850000016 1.2454544710000002 1.0000000180025095e-35
decision_type=2 2 2 2 2 2
left_child=2 -2 4 -4 -1 -6
right_child=1 -3 3 -5 5 -7
leaf_value=-7.7720508582179711e-06 0.00014366304657234541 0.0035219316089954741 0.0029169713915964887 -0.0012916234784693019 0.0029588847893487814 0.00023121126528874992
leaf_weight=119537 2309 1398 1062 10836 3534 11529
leaf_count=119537 2309 1398 1062 10836 3534 11529
internal_value=6.26623e-05 0.00236732 4.26612e-06 -0.00145131 0.000132982 0.0012933
internal_weight=150205 3707 146498 11898 134600 15063
internal_count=150205 3707 146498 11898 134600 15063
is_linear=0
shrinkage=0.05


Tree=91
num_leaves=7
num_cat=0
split_feature=9 4 3 8 3 8
split_gain=8.12276 8.48657 6.12133 7.38015 17.778 7.64347
threshold=5.5000000000000009 1.2474985196808193 25.646875390000002 1.1826402875000002 11.938280939500002 1.0172666560000001
decision_type=2 10 2 2 2 2
left_child=-1 -2 3 5 -5 -3
right_child=1 2 -4 4 -6 -7
leaf_value=-0.00075235736062072571 6.5598969176959571e-05 -0.0012769599929353115 0.0033584775912879786 0.0014041689958700005 -0.0030363311256927207 0.0026425774395712532
leaf_weight=15126 123784 1091 4909 1059 1681 2327
leaf_count=15126 123784 1091 4909 1059 1681 2327
internal_value=7.57591e-05 0.000199009 0.00152524 0.000474607 -0.00145719 0.00202308
internal_weight=149977 134851 11067 6158 2740 3418
internal_count=149977 134851 11067 6158 2740 3418
is_linear=0
shrinkage=0.05


Tree=92
num_leaves=7
num_cat=0
split_feature=2 3 7 7 2 5
split_gain=8.42209 6.99572 5.84572 11.046 17.9032 14.7285
threshold=8.5000000000000018 35.857562003500007 0.92279821500000014 0.95537990100000014 2.5000000000000004 18.500000000000004
decision_type=2 2 2 2 2 2
left_child=1 2 -1 4 -4 -6
right_child=-2 -3 3 -5 5 -7
leaf_value=0.00088342481718112209 -0.005474421169201011 0.0030651242385583478 0.00034712061272609146 9.1956480270161123e-05 -0.003345671250418597 0.00067092040538694339
leaf_weight=6990 1223 3465 7240 122657 5974 2374
leaf_count=6990 1223 3465 7240 122657 5974 2374
internal_value=4.19368e-05 7.59894e-05 2.29792e-05 -4.83725e-05 -0.00130187 -0.00287921
internal_weight=149923 148700 145235 138245 15588 8348
internal_count=149923 148700 145235 138245 15588 8348
is_linear=0
shrinkage=0.05


Tree=93
num_leaves=7
num_cat=0
split_feature=8 8 7 2 0 0
split_gain=7.83734 7.77105 13.8898 11.0176 19.6096 16.243
threshold=1.4866009315000002 1.3329607405000001 0.97541009850000016 3.5000000000000004 46.500000000000007 61.500000000000007
decision_type=2 2 2 2 2 2
left_child=1 3 -3 4 -1 -5
right_child=-2 2 -4 5 -6 -7
leaf_value=-0.00016592065063960606 0.001088475849038234 0.002755262080320342 -0.0010978983235108376 -0.0026570340494626505 0.0009508868212203315 -0.00027029538967316693
leaf_weight=49491 3711 1027 10793 4166 40196 40560
leaf_count=49491 3711 1027 10793 4166 40196 40560
internal_value=4.33481e-05 -1.42747e-05 -0.00124313 9.38304e-05 0.000413498 -0.00054716
internal_weight=149944 146233 11820 134413 89687 44726
internal_count=149944 146233 11820 134413 89687 44726
is_linear=0
shrinkage=0.05


Tree=94
num_leaves=7
num_cat=0
split_feature=2 1 1 1 2 1
split_gain=7.39469 15.9289 10.9503 13.3654 11.883 10.2975
threshold=5.5000000000000009 26.500000000000004 3.5000000000000004 39.500000000000007 1.5000000000000002 82.500000000000014
decision_type=2 2 2 2 2 2
left_child=2 -2 -1 -4 -5 -6
right_child=1 -3 3 4 5 -7
leaf_value=-0.0045298281163990081 -0.00024659748569973996 -0.0048708569140316158 0.0011583464081835442 0.00022164798681712229 -0.00025552772640525525 -0.0016314799295556459
leaf_weight=1414 11753 3400 33408 53695 37491 8926
leaf_count=1414 11753 3400 33408 53695 37491 8926
internal_value=5.57991e-06 -0.00104153 0.000123204 0.000169631 -0.00011936 -0.000705215
internal_weight=150087 15153 134934 133520 100112 46417
internal_count=150087 15153 134934 133520 100112 46417
is_linear=0
shrinkage=0.05


Tree=95
num_leaves=7
num_cat=0
split_feature=3 4 7 7 2 0
split_gain=6.96589 9.36115 7.93646 14.1293 15.669 16.1827
threshold=29.109050778500002 1.2474985196808193 0.92279821500000014 0.95658633950000016 1.0000000180025095e-35 13.500000000000002
decision_type=2 10 2 2 2 2
left_child=2 -2 -1 4 5 -4
right_child=1 -3 3 -5 -6 -7
leaf_value=0.0010172557046860431 -0.0018911687585760784 0.0030872680225804555 -0.00087672589849235318 2.7025704578195754e-05 -0.0016076821336072024 0.0031190051704664658
leaf_weight=7090 1345 4455 1104 120239 14817 1101
leaf_count=7090 1345 4455 1104 120239 14817 1101
internal_value=-1.41519e-06 0.00169681 -6.97061e-05 -0.000153989 -0.00150203 0.00242647
internal_weight=150151 5800 144351 137261 17022 2205
internal_count=150151 5800 144351 137261 17022 2205
is_linear=0
shrinkage=0.05


Tree=96
num_leaves=7
num_cat=0
split_feature=2 0 0 7 8 8
split_gain=6.91214 19.6735 11.7626 11.6964 12.6261 20.7685
threshold=2.5000000000000004 32.500000000000007 44.500000000000007 1.0369517705000002 1.1642944120000001 1.1914101955000003
decision_type=2 2 2 2 2 2
left_child=2 -2 -1 4 -3 -6
right_child=1 3 -4 -5 5 -7
leaf_value=-2.4547375203587408e-05 -0.0043902051936333701 -0.00022825763596173444 0.00087632360292033283 0.0010022898680103532 -0.0053221749786213192 -0.00097359839609949825
leaf_weight=52109 1472 41279 28568 19287 1541 5916
leaf_count=52109 1472 41279 28568 19287 1541 5916
internal_value=8.25692e-05 -0.000282914 0.000397393 -0.000158942 -0.000571388 -0.00246415
internal_weight=150172 69495 80677 68023 48736 7457
internal_count=150172 69495 80677 68023 48736 7457
is_linear=0
shrinkage=0.05


Tree=97
num_leaves=7
num_cat=0
split_feature=9 8 8 3 7 2
split_gain=7.12692 6.73774 10.859 13.8339 8.57217 7.89663
threshold=5.5000000000000009 1.4866009315000002 1.3396780625000002 16.779169715000005 0.99534261950000014 3.5000000000000004
decision_type=2 2 2 2 2 2
left_child=-1 2 5 4 -4 -2
right_child=1 -3 3 -5 -6 -7
leaf_value=-0.0007084071574709153 0.00033107233652120984 0.0012134870814626054 0.0018204396592289007 -0.0049240994101139614 -0.00095105310490788413 -0.00037247706320238665
leaf_weight=15002 81464 3306 1667 1128 6901 40429
leaf_count=15002 81464 3306 1667 1128 6901 40429
internal_value=3.57734e-05 0.00015076 9.47042e-05 -0.00151531 -0.000828182 0.00022283
internal_weight=149897 134895 131589 9696 8568 121893
internal_count=149897 134895 131589 9696 8568 121893
is_linear=0
shrinkage=0.05


Tree=98
num_leaves=7
num_cat=0
split_feature=8 7 7 2 0 2
split_gain=6.98356 7.76449 7.1564 5.74107 6.71598 18.5267
threshold=1.4866009315000002 1.0815349785000001 1.0263869655000002 8.5000000000000018 56.500000000000007 2.5000000000000004
decision_type=2 2 2 2 2 2
left_child=3 2 -2 4 5 -1
right_child=1 -3 -4 -5 -6 -7
leaf_value=2.2543919189980943e-05 0.00095865418706962138 0.0031847577836392835 -0.00080796115914096717 -0.0048470989594603586 0.00038988019476030592 -0.0018138936256711258
leaf_weight=59376 1320 1411 1008 1204 76412 9461
leaf_count=59376 1320 1411 1008 1204 76412 9461
internal_value=9.45425e-05 0.0022269 0.000450064 4.00285e-05 6.85868e-05 -0.000289612
internal_weight=150192 3739 2328 146453 145249 68837
internal_count=150192 3739 2328 146453 145249 68837
is_linear=0
shrinkage=0.05


Tree=99
num_leaves=7
num_cat=0
split_feature=7 7 8 8 8 4
split_gain=6.64859 13.5606 13.0213 18.1604 11.3541 11.2429
threshold=0.98581728700000004 0.99859820700000013 1.0374552385000002 1.1642944120000001 1.2454544710000002 0.72020148476413215
decision_type=2 2 2 2 2 10
left_child=4 2 5 -4 -1 -2
right_child=1 -3 3 -5 -6 -7
leaf_value=-0.0005463956403895853 -0.003746820475543769 2.3678181837433201e-06 0.0034222133631905821 0.00014425042315655833 0.0013420121763924959 0.00070764133051154235
leaf_weight=45846 1007 84768 4512 3627 5126 4928
leaf_count=45846 1007 84768 4512 3627 5126 4928
internal_value=1.83555e-06 0.000241029 0.00167803 0.00297612 -0.000461973 -0.000103114
internal_weight=149814 98842 14074 8139 50972 5935
internal_count=149814 98842 14074 8139 50972 5935
is_linear=0
shrinkage=0.05


Tree=100
num_leaves=7
num_cat=0
split_feature=8 7 8 7 7 2
split_gain=7.15232 8.29187 7.97403 11.431 8.0385 12.9863
threshold=1.4866009315000002 1.0815349785000001 1.3329607405000001 0.97541009850000016 1.0361221870000004 2.5000000000000004
decision_type=2 2 2 2 2 2
left_child=2 -2 4 -4 5 -1
right_child=1 -3 3 -5 -6 -7
leaf_value=0.00024526966624988935 0.00010255635288149156 0.0031852481108868738 0.0023972739382944197 -0.001118921196627276 0.00057933293933983281 -0.00069930458682349039
leaf_weight=49703 2284 1425 1035 10777 36384 48315
leaf_count=49703 2284 1425 1035 10777 36384 48315
internal_value=3.09315e-05 0.00219777 -2.41077e-05 -0.00126936 8.5375e-05 -0.00015022
internal_weight=149923 3709 146214 11812 134402 98018
internal_count=149923 3709 146214 11812 134402 98018
is_linear=0
shrinkage=0.05


Tree=101
num_leaves=7
num_cat=0
split_feature=9 0 0 2 8 8
split_gain=6.21615 6.99488 8.91548 19.7939 9.11126 8.59461
threshold=4.5000000000000009 117.50000000000001 95.500000000000014 4.5000000000000009 0.9386557415000002 1.0523599290000003
decision_type=2 2 2 2 2 2
left_child=-1 2 3 -2 -4 -5
right_child=1 -3 4 5 -6 -7
leaf_value=-0.00069852772182410212 0.00010634767985430727 -0.002781444547827772 -0.00039233759800868796 -0.0013386847197517206 0.0023524754559999931 -0.0037224713491646718
leaf_weight=12016 101425 1954 9187 6602 16422 2515
leaf_count=12016 101425 1954 9187 6602 16422 2515
internal_value=2.57284e-05 0.000120647 0.000163324 -3.14346e-05 0.00100385 -0.00226239
internal_weight=150121 138105 136151 110542 25609 9117
internal_count=150121 138105 136151 110542 25609 9117
is_linear=0
shrinkage=0.05


Tree=102
num_leaves=7
num_cat=0
split_feature=0 2 2 8 0 8
split_gain=6.06585 12.1495 8.97107 10.2133 10.1017 9.28244
threshold=44.500000000000007 1.5000000000000002 3.5000000000000004 1.3421871630000004 57.500000000000007 1.4866009315000002
decision_type=2 2 2 2 2 2
left_child=1 -1 3 -2 -4 -5
right_child=2 -3 4 5 -6 -7
leaf_value=1.3422775645739738e-05 0.00077318924189916929 -0.0011636385495112631 -0.0028126165534903161 -0.0016670315293198347 -7.4595071889166373e-05 0.0019176741157950401
leaf_weight=42984 42597 13376 2128 4327 42839 1366
leaf_count=42984 42597 13376 2128 4327 42839 1366
internal_value=3.24986e-05 -0.000377007 0.000279991 0.000753184 -0.000228198 -0.00123508
internal_weight=149617 56360 93257 48290 44967 5693
internal_count=149617 56360 93257 48290 44967 5693
is_linear=0
shrinkage=0.05


Tree=103
num_leaves=7
num_cat=0
split_feature=7 7 2 8 8 8
split_gain=6.23542 8.74096 11.6935 17.9006 22.4919 9.03451
threshold=0.92279821500000014 0.97075290400000014 1.0000000180025095e-35 1.1960893240000001 1.1056441235000003 1.0937325845000003
decision_type=2 2 2 2 2 2
left_child=-1 2 3 4 -2 -4
right_child=1 -3 5 -5 -6 -7
leaf_value=0.00096043400422495819 0.0015965268470457305 0.00010875429763036321 -0.000549779239258924 0.0055868859870717453 -0.0042236141177616612 -0.0018143708186977164
leaf_weight=7131 1948 113988 18145 1180 1000 6511
leaf_count=7131 1948 113988 18145 1180 1000 6511
internal_value=3.4271e-05 -3.78212e-05 -0.000816284 0.00164529 -0.00044023 -0.00122866
internal_weight=149903 142772 28784 4128 2948 24656
internal_count=149903 142772 28784 4128 2948 24656
is_linear=0
shrinkage=0.05


Tree=104
num_leaves=7
num_cat=0
split_feature=8 7 7 8 7 7
split_gain=6.40725 6.39819 7.77794 6.34277 17.7089 17.4751
threshold=1.4866009315000002 1.0815349785000001 1.0263869655000002 1.1944920000000001 0.93635166800000014 0.95537990100000014
decision_type=2 2 2 2 2 2
left_child=3 2 -2 -1 -5 -6
right_child=1 -3 -4 4 5 -7
leaf_value=0.00015064955412210092 0.00095176037101238906 0.0029555536075515421 -0.00078245246095959287 0.0035238221847901392 -0.0031216575609291589 -0.00036622550523379845
leaf_weight=106085 1287 1405 1005 1166 1253 37916
leaf_count=106085 1287 1405 1005 1166 1253 37916
internal_value=5.60378e-05 0.00211035 0.000478886 4.09766e-06 -0.000529561 -0.000710612
internal_weight=150117 3697 2292 146420 40335 39169
internal_count=150117 3697 2292 146420 40335 39169
is_linear=0
shrinkage=0.05


Tree=105
num_leaves=7
num_cat=0
split_feature=7 7 0 8 8 7
split_gain=5.49976 11.9777 8.34479 10.8137 23.8993 10.4191
threshold=1.0540195770000003 1.0512482345000003 63.500000000000007 1.1944920000000001 1.2454544710000002 1.1096761955000003
decision_type=2 2 2 2 2 2
left_child=1 -1 3 -2 -5 -6
right_child=2 -3 -4 4 5 -7
leaf_value=-3.6060355654010667e-06 0.00093098782915176795 -0.0033443731370312148 0.0017556289653582137 -0.0027967366064200862 0.00080025424599909222 -0.0028022544500574649
leaf_weight=117057 7096 1785 14811 2173 5586 1588
leaf_count=117057 7096 1785 14811 2173 5586 1588
internal_value=8.72746e-05 -6.79445e-05 0.000677405 -9.80362e-05 -0.00121498 0.000177601
internal_weight=150096 118842 31254 16443 9347 7174
internal_count=150096 118842 31254 16443 9347 7174
is_linear=0
shrinkage=0.05


Tree=106
num_leaves=7
num_cat=0
split_feature=2 0 0 2 7 0
split_gain=5.58111 5.89697 8.14843 13.0872 8.61963 8.6191
threshold=8.5000000000000018 116.50000000000001 97.500000000000014 4.5000000000000009 1.0540195770000003 50.500000000000007
decision_type=2 2 2 2 2 2
left_child=1 2 3 5 -5 -1
right_child=-2 -3 -4 4 -6 -7
leaf_value=-0.00019465814234989609 -0.0045906155628471805 -0.0026179951664401361 0.0014326034277926296 -0.0023256106937760384 0.0012418579323500547 0.00047698007169916516
leaf_weight=63464 1243 3252 23202 8856 1829 48280
leaf_count=63464 1243 3252 23202 8856 1829 48280
internal_value=3.44699e-05 6.23791e-05 0.000109434 -5.33961e-05 -0.00172474 0.000106489
internal_weight=150126 148883 145631 122429 10685 111744
internal_count=150126 148883 145631 122429 10685 111744
is_linear=0
shrinkage=0.05


Tree=107
num_leaves=7
num_cat=0
split_feature=3 0 7 3 7 7
split_gain=5.01097 5.98145 4.52163 8.42666 7.96046 9.57686
threshold=35.857562003500007 111.50000000000001 0.92279821500000014 -16.261921111499998 0.93030081250000018 0.93635166800000014
decision_type=2 2 2 2 2 2
left_child=2 -2 3 -1 -4 -6
right_child=1 -3 4 -5 5 -7
leaf_value=0.0024274164928011089 0.0036015905828180039 -0.0019565695359773038 -0.0020058447684303342 -3.9282697423378977e-05 0.0017106746753398974 -6.7472626727205229e-05
leaf_weight=2620 2409 1031 3016 4551 2998 133498
leaf_count=2620 2409 1031 3016 4551 2998 133498
internal_value=3.08903e-05 0.00191582 -1.33787e-05 0.00121063 -7.63348e-05 -2.01464e-05
internal_weight=150123 3440 146683 7171 139512 136496
internal_count=150123 3440 146683 7171 139512 136496
is_linear=0
shrinkage=0.05


Tree=108
num_leaves=7
num_cat=0
split_feature=8 7 7 2 3 7
split_gain=6.1884 7.02619 6.19914 10.7373 14.2933 7.66544
threshold=1.4866009315000002 1.0815349785000001 0.92443817650000015 1.0000000180025095e-35 -14.659256653999998 0.95537990100000014
decision_type=2 2 2 2 2 2
left_child=2 -2 3 -1 -5 -4
right_child=1 -3 5 4 -6 -7
leaf_value=0.0024568202337806435 6.1712439246730535e-05 0.0028697858765336457 -0.00085831821102992786 0.0021656628934761031 -0.001085099845439641 3.0279186237139323e-05
leaf_weight=1001 2275 1395 15558 2955 3863 123166
leaf_count=1001 2275 1395 15558 2955 3863 123166
internal_value=3.46996e-05 0.00206122 -1.6121e-05 0.00135321 0.000641214 -9.33475e-05
internal_weight=150213 3670 146543 7819 6818 138724
internal_count=150213 3670 146543 7819 6818 138724
is_linear=0
shrinkage=0.05


Tree=109
num_leaves=7
num_cat=0
split_feature=9 7 7 7 7 2
split_gain=6.49196 4.30178 13.7042 10.2247 10.6634 8.56586
threshold=2.5000000000000004 1.0540195770000003 1.0512482345000003 1.0751926245000003 1.0723129670000002 3.5000000000000004
decision_type=2 2 2 2 2 2
left_child=-1 2 5 4 -3 -2
right_child=1 3 -4 -5 -6 -7
leaf_value=-0.00092885380955218949 0.00018183429118454888 0.0009083512984712828 -0.0039630851819484614 -0.00015670197933319587 0.0036707824777076781 -0.00069872012107686512
leaf_weight=6384 76299 11177 1693 17806 1068 35627
leaf_count=6384 76299 11177 1693 17806 1068 35627
internal_value=2.16581e-06 7.15156e-05 -6.91975e-05 0.000603457 0.00171531 -1.56346e-06
internal_weight=150054 143670 113619 30051 12245 111926
internal_count=150054 143670 113619 30051 12245 111926
is_linear=0
shrinkage=0.05


Tree=110
num_leaves=7
num_cat=0
split_feature=9 7 0 2 7 0
split_gain=5.85702 7.42781 6.94318 6.60568 6.57364 5.57507
threshold=7.5000000000000009 1.0277171050000002 27.500000000000004 1.0000000180025095e-35 0.92279821500000014 82.500000000000014
decision_type=2 2 2 2 2 2
left_child=1 4 3 -3 -1 -2
right_child=5 2 -4 -5 -6 -7
leaf_value=0.00121392027158473 -4.3121647757771164e-05 0.00040530696602800176 0.0020390643793205473 -0.0018334053975729515 -0.0013580595522007912 0.00069369764100209457
leaf_weight=1120 87523 3873 2244 1385 13057 40824
leaf_count=1120 87523 3873 2244 1385 13057 40824
internal_value=3.0827e-05 -0.000729224 0.000542827 -0.000451264 -0.00140231 0.00015923
internal_weight=150026 21679 7502 5258 14177 128347
internal_count=150026 21679 7502 5258 14177 128347
is_linear=0
shrinkage=0.05


Tree=111
num_leaves=7
num_cat=0
split_feature=3 2 7 7 7 7
split_gain=4.76909 4.49688 15.3872 31.0028 11.6994 11.4956
threshold=35.857562003500007 1.0000000180025095e-35 1.0030383260000002 1.0071046885000003 0.99759612100000006 0.93763285400000018
decision_type=2 2 2 2 2 2
left_child=1 2 4 -4 5 -1
right_child=-2 -3 3 -5 -6 -7
leaf_value=0.0021269443534461018 0.0020718633592791734 -0.00011951909196273314 -0.0044534509169519261 9.1804658547887952e-05 0.0028731336715382277 0.00043225240583966151
leaf_weight=1778 3502 119016 1119 14814 1270 8687
leaf_count=1778 3502 119016 1119 14814 1270 8687
internal_value=2.41359e-05 -1.94289e-05 0.000554692 -0.000457241 0.00192824 0.00137655
internal_weight=150186 146684 27668 15933 11735 10465
internal_count=150186 146684 27668 15933 11735 10465
is_linear=0
shrinkage=0.05


Tree=112
num_leaves=7
num_cat=0
split_feature=2 0 0 2 0 3
split_gain=5.87679 5.73516 7.79718 10.036 13.639 12.5837
threshold=8.5000000000000018 116.50000000000001 76.500000000000014 2.5000000000000004 33.500000000000007 -23.535087330499994
decision_type=2 2 2 2 2 2
left_child=1 2 3 5 -5 -1
right_child=-2 -3 -4 4 -6 -7
leaf_value=0.0026230307694795995 -0.0043994913599323419 -0.0026416055347062289 0.00069376247165025282 -0.0038609243091349112 -0.00053440281365664533 2.4718738920792571e-05
leaf_weight=1182 1211 3223 49238 1601 21451 71926
leaf_count=1182 1211 3223 49238 1601 21451 71926
internal_value=3.87087e-05 6.70307e-05 0.000113306 -0.000148703 -0.00105825 0.000138142
internal_weight=149832 148621 145398 96160 23052 73108
internal_count=149832 148621 145398 96160 23052 73108
is_linear=0
shrinkage=0.05


Tree=113
num_leaves=7
num_cat=0
split_feature=7 7 2 0 8 8
split_gain=5.49228 9.31219 8.45425 17.38 18.5217 10.5975
threshold=1.0540195770000003 1.0512482345000003 3.5000000000000004 69.500000000000014 0.87643489600000013 0.9622933990000001
decision_type=2 2 2 2 2 2
left_child=1 2 -1 4 -4 -6
right_child=-2 -3 3 -5 5 -7
leaf_value=0.00013521942836126622 0.00049570372716965241 -0.0029887023188865935 0.0015786653968446072 -0.00023421247076702012 -0.0073638818276976995 -0.0018160832870775636
leaf_weight=80185 31392 1759 1159 31563 1136 3153
leaf_count=80185 31392 1759 1159 31563 1136 3153
internal_value=4.08209e-05 -0.000114429 -6.01531e-05 -0.000685177 -0.00329177 -0.00480612
internal_weight=150347 118955 117196 37011 5448 4289
internal_count=150347 118955 117196 37011 5448 4289
is_linear=0
shrinkage=0.05


Tree=114
num_leaves=7
num_cat=0
split_feature=9 7 0 2 0 5
split_gain=5.30225 5.36055 4.9858 11.5927 7.83013 8.01653
threshold=4.5000000000000009 1.0285496510000003 97.500000000000014 6.5000000000000009 114.50000000000001 16.500000000000004
decision_type=2 2 2 2 2 2
left_child=1 -1 3 -2 5 -4
right_child=2 -3 4 -5 -6 -7
leaf_value=-0.0012396848173597279 2.8266028532808464e-05 0.00028035347966610393 -0.00014962223295893751 -0.0056235185134572907 -0.0016155775267328672 0.0028287304735782615
leaf_weight=7950 111141 4055 7339 1522 5135 12723
leaf_count=7950 111141 4055 7339 1522 5135 12723
internal_value=4.27871e-05 -0.000964821 0.000130563 -1.16493e-05 0.000766308 0.00121219
internal_weight=149865 12005 137860 112663 25197 20062
internal_count=149865 12005 137860 112663 25197 20062
is_linear=0
shrinkage=0.05


Tree=115
num_leaves=7
num_cat=0
split_feature=4 3 3 7 7 3
split_gain=4.90219 7.09154 4.86297 4.84683 4.52543 12.0659
threshold=1.2335621353003432 27.844655124000003 25.646875390000002 1.0071046885000003 0.92443817650000015 -16.020365912999996
decision_type=10 2 2 2 2 2
left_child=1 4 -2 -4 5 -1
right_child=2 -3 3 -5 -6 -7
leaf_value=0.0027170545929300544 9.668920303065599e-05 -0.0035217356817263653 0.00013460915203807877 0.0036563462046918156 -7.7340938277267745e-05 -0.00030959025936482117
leaf_weight=2778 8282 1247 2078 3498 127311 4762
leaf_count=2778 8282 1247 2078 3498 127311 4762
internal_value=3.30086e-05 -5.8228e-05 0.000928731 0.00206952 -2.34509e-05 0.00116634
internal_weight=149956 136098 13858 5576 134851 7540
internal_count=149956 136098 13858 5576 134851 7540
is_linear=0
shrinkage=0.05


Tree=116
num_leaves=7
num_cat=0
split_feature=8 8 7 2 7 7
split_gain=4.51022 6.01696 6.92111 10.4151 9.40426 11.5695
threshold=0.72898137050000011 0.9622933990000001 1.0100274745000002 3.5000000000000004 0.92443817650000015 0.90064219550000002
decision_type=2 2 2 2 2 2
left_child=-1 2 4 -4 5 -2
right_child=1 -3 3 -5 -6 -7
leaf_value=0.0024956446299561732 -0.0016083886334204755 7.8220010315470381e-05 0.0027364625251528872 -0.00070139934393768097 -0.0014655505583864303 0.0024327911942812561
leaf_weight=1775 1134 117166 2192 4989 20153 2668
leaf_count=1775 1134 117166 2192 4989 20153 2668
internal_value=-8.91179e-06 -3.89395e-05 -0.000656691 0.000704495 -0.0010648 0.00121487
internal_weight=150077 148302 31136 7181 23955 3802
internal_count=150077 148302 31136 7181 23955 3802
is_linear=0
shrinkage=0.05


Tree=117
num_leaves=7
num_cat=0
split_feature=8 8 3 7 8 2
split_gain=4.7541 6.03471 16.4671 9.37152 8.09039 22.2492
threshold=1.4866009315000002 1.3329607405000001 16.260251940000003 0.97717045650000012 1.2454544710000002 1.0000000180025095e-35
decision_type=2 2 2 2 2 2
left_child=1 4 3 -3 -1 -6
right_child=-2 2 -4 -5 5 -7
leaf_value=-6.3382889673108131e-05 0.00079894161438238411 0.0024531719548413324 -0.0049247451592726536 -0.00062412762086498934 0.002748563064992493 5.7374709694965613e-05
leaf_weight=119452 3680 1003 1245 9615 3559 11511
leaf_count=119452 3680 1003 1245 9615 3559 11511
internal_value=3.74825e-06 -4.0901e-05 -0.00112171 -0.000482444 5.445e-05 0.00114594
internal_weight=150065 146385 11863 10618 134522 15070
internal_count=150065 146385 11863 10618 134522 15070
is_linear=0
shrinkage=0.05


Tree=118
num_leaves=7
num_cat=0
split_feature=0 2 3 8 0 0
split_gain=4.7823 12.4669 9.64974 7.09316 6.89394 6.52949
threshold=58.500000000000007 2.5000000000000004 -18.301395931999995 1.0305347635000002 30.500000000000004 116.50000000000001
decision_type=2 2 2 2 2 2
left_child=1 2 -1 -2 -3 -5
right_child=3 4 -4 5 -6 -7
leaf_value=0.0017726329970731661 -0.00023260173829791342 -0.0037750488690786624 -6.6374232109597816e-05 0.00080591199572850603 -0.001006585725593545 -0.0036773653023000857
leaf_weight=2344 34703 1130 61036 40451 9497 1084
leaf_count=2344 34703 1130 61036 40451 9497 1084
internal_value=2.60399e-05 -0.000260262 5.52181e-06 0.000303962 -0.00184467 0.000744764
internal_weight=150245 74007 63380 76238 10627 41535
internal_count=150245 74007 63380 76238 10627 41535
is_linear=0
shrinkage=0.05


Tree=119
num_leaves=7
num_cat=0
split_feature=0 7 7 4 0 3
split_gain=4.90596 6.93027 6.41473 6.35693 7.91146 7.27732
threshold=76.500000000000014 1.0546164800000002 1.0496768740000002 0.89689522353696438 112.50000000000001 -23.535087330499994
decision_type=2 2 2 10 2 2
left_child=-1 2 -2 5 -5 -3
right_child=1 3 -4 4 -6 -7
leaf_value=-0.00013151825738284272 0.00021590956163685117 0.0021062670589958479 -0.0040325073933819983 0.0036609524478598832 -0.0025434396661046244 -0.0026574086068670067
leaf_weight=96568 41213 1445 1244 6752 1196 1733
leaf_count=96568 41213 1445 1244 6752 1196 1733
internal_value=-5.07805e-06 0.000378583 8.74311e-05 0.00148908 0.00224444 -0.000400566
internal_weight=150151 53583 42457 11126 7948 3178
internal_count=150151 53583 42457 11126 7948 3178
is_linear=0
shrinkage=0.05


Tree=120
num_leaves=7
num_cat=0
split_feature=2 0 5 0 0 2
split_gain=4.46848 12.2001 8.34163 6.39315 8.62081 9.05583
threshold=6.5000000000000009 100.50000000000001 11.500000000000002 115.50000000000001 82.500000000000014 1.5000000000000002
decision_type=2 2 2 2 2 2
left_child=3 -2 -3 4 5 -1
right_child=1 2 -4 -5 -6 -7
leaf_value=0.00021908065880053008 -0.0055453483968377687 -0.0033602180559906092 0.0021587923788129629 -0.0025874731457282531 0.00093575156358680642 -0.00041166083304521321
leaf_weight=53803 2193 1564 4009 3014 35901 49333
leaf_count=53803 2193 1564 4009 3014 35901 49333
internal_value=5.1144e-05 -0.00111633 0.000127734 0.000115007 0.000164429 -6.78683e-05
internal_weight=149817 7766 5573 142051 139037 103136
internal_count=149817 7766 5573 142051 139037 103136
is_linear=0
shrinkage=0.05


Tree=121
num_leaves=7
num_cat=0
split_feature=9 0 2 0 9 0
split_gain=4.01645 4.32572 11.9446 7.51771 6.89441 8.8552
threshold=5.5000000000000009 97.500000000000014 4.5000000000000009 116.50000000000001 33.500000000000007 74.500000000000014
decision_type=2 2 2 2 2 2
left_child=-1 2 -2 -3 5 -4
right_child=1 3 4 -5 -6 -7
leaf_value=-0.0005218909018254031 7.0659904287961869e-05 0.0013998675214389857 -0.0029192711439976469 -0.0022750823677249996 -0.0041057135190120386 4.6224798068905676e-05
leaf_weight=15139 100566 21715 2364 2924 1921 5561
leaf_count=15139 100566 21715 2364 2924 1921 5561
internal_value=-1.44812e-05 7.20997e-05 -6.15847e-05 0.000671056 -0.00172318 -0.0010703
internal_weight=150190 135051 110412 24639 9846 7925
internal_count=150190 135051 110412 24639 9846 7925
is_linear=0
shrinkage=0.05


Tree=122
num_leaves=7
num_cat=0
split_feature=8 8 3 0 2 2
split_gain=4.5261 6.49759 5.57266 4.24997 10.2537 6.63906
threshold=1.4866009315000002 1.5340642670000002 -2.7992740159999996 35.500000000000007 2.5000000000000004 3.5000000000000004
decision_type=2 2 2 2 2 2
left_child=3 -2 -3 4 -1 -5
right_child=1 2 -4 5 -6 -7
leaf_value=-0.00015390386267637309 0.0018338937171313047 -0.0012873091460569475 0.0017986286054564246 0.00037455360162038932 -0.0026659358625107212 -0.00033965931245247272
leaf_weight=41558 1570 1085 1006 57319 2028 45637
leaf_count=41558 1570 1085 1006 57319 2028 45637
internal_value=1.38974e-05 0.00174918 -7.75286e-05 -2.95127e-05 -0.000443325 0.000145686
internal_weight=150203 3661 2091 146542 43586 102956
internal_count=150203 3661 2091 146542 43586 102956
is_linear=0
shrinkage=0.05


Tree=123
num_leaves=7
num_cat=0
split_feature=2 5 0 2 7 7
split_gain=5.84136 6.47585 5.88636 7.19247 7.76328 15.652
threshold=7.5000000000000009 11.500000000000002 44.500000000000007 1.5000000000000002 1.0030383260000002 1.0061374360000002
decision_type=2 2 2 2 2 2
left_child=2 -2 3 4 -1 -6
right_child=1 -3 -4 -5 5 -7
leaf_value=0.00039787575874138673 -0.0047984662743282619 -0.00070889809923527789 0.00028733024546531152 -0.00093544397054502466 -0.0036422989235310316 -0.00017968628025805678
leaf_weight=18988 1442 2180 89925 13496 1035 23121
leaf_count=18988 1442 2180 89925 13496 1035 23121
internal_value=3.1543e-05 -0.00195065 8.05929e-05 -0.000318651 -3.47633e-06 -0.000598071
internal_weight=150187 3622 146565 56640 43144 24156
internal_count=150187 3622 146565 56640 43144 24156
is_linear=0
shrinkage=0.05


Tree=124
num_leaves=7
num_cat=0
split_feature=3 9 8 8 7 7
split_gain=4.46627 3.43257 4.18823 15.5289 19.0852 9.29831
threshold=40.630156640500012 2.5000000000000004 1.1944920000000001 1.2030722150000002 1.0133193015000004 0.93889139600000016
decision_type=2 2 2 2 2 2
left_child=1 -1 -3 4 -4 -5
right_child=-2 2 3 5 -6 -7
leaf_value=-0.00072955336927519882 0.0026162148961681566 0.00017111620590785082 0.00028286380266541455 0.0023853191469222212 -0.0047932650403590118 -0.00017526928737599535
leaf_weight=6288 2320 100095 1066 1066 1130 38095
leaf_count=6288 2320 100095 1066 1066 1130 38095
internal_value=4.06491e-05 6.43e-06 5.72612e-05 -0.000365976 -0.00445252 -0.000136279
internal_weight=150060 147740 141452 41357 2196 39161
internal_count=150060 147740 141452 41357 2196 39161
is_linear=0
shrinkage=0.05


Tree=125
num_leaves=7
num_cat=0
split_feature=9 0 0 9 4 7
split_gain=3.47282 4.55924 5.74777 6.8936 6.13703 5.28105
threshold=5.5000000000000009 94.500000000000014 114.50000000000001 37.500000000000007 1.2547172586190338 1.0005719330000002
decision_type=2 2 2 2 10 2
left_child=-1 5 4 -4 -3 -2
right_child=1 2 3 -5 -6 -7
leaf_value=-0.00049628584973746557 0.00024574915028845737 0.00096691394284191827 0.00054595362115827386 -0.0044381397644873586 0.006462838498263024 -0.00023790142206242537
leaf_weight=15120 47683 21784 3497 1505 1439 59069
leaf_count=15120 47683 21784 3497 1505 1439 59069
internal_value=4.73844e-05 0.000127887 0.000692968 -0.000843819 0.00102409 -2.15443e-05
internal_weight=150097 134977 28225 5002 23223 106752
internal_count=150097 134977 28225 5002 23223 106752
is_linear=0
shrinkage=0.05


Tree=126
num_leaves=7
num_cat=0
split_feature=1 2 7 7 8 8
split_gain=3.96177 8.48193 8.21914 24.8829 10.6091 10.4119
threshold=75.500000000000014 1.0000000180025095e-35 1.0030383260000002 1.0071046885000003 1.2454544710000002 1.3369632385000003
decision_type=2 2 2 2 2 2
left_child=-1 2 4 -4 -2 -6
right_child=1 -3 3 -5 5 -7
leaf_value=0.00017514623658405198 0.00038413875603674489 -0.00053680039719245648 -0.0037761903370729711 8.5254254364497409e-05 0.0034138919635173476 0.00045318242789838957
leaf_weight=93674 8185 31252 1046 13629 1076 1162
leaf_count=93674 8185 31252 1046 13629 1076 1162
internal_value=-3.66596e-06 -0.00033493 0.00034956 -0.000412977 0.00142285 0.00446946
internal_weight=150024 56350 25098 14675 10423 2238
internal_count=150024 56350 25098 14675 10423 2238
is_linear=0
shrinkage=0.05


Tree=127
num_leaves=7
num_cat=0
split_feature=1 7 2 7 8 8
split_gain=4.5531 7.93963 7.75626 16.3526 11.4071 26.0786
threshold=43.500000000000007 1.0546164800000002 1.5000000000000002 1.0142911680000004 1.2454544710000002 1.2226505165000001
decision_type=2 2 2 2 2 2
left_child=1 -1 3 4 5 -2
right_child=2 -3 -4 -5 -6 -7
leaf_value=6.2306507141274284e-05 0.000488996384607654 0.0019792970733609862 -0.00050803009273954621 -0.00040000212021709669 0.0013906395099435296 -0.0038985921236564108
leaf_weight=42477 21895 11137 43152 24385 5712 1028
leaf_count=42477 21895 11137 43152 24385 5712 1028
internal_value=-7.84426e-06 0.000361346 -0.000213669 0.000191419 0.00100166 0.000503206
internal_weight=149786 53614 96172 53020 28635 22923
internal_count=149786 53614 96172 53020 28635 22923
is_linear=0
shrinkage=0.05


Tree=128
num_leaves=7
num_cat=0
split_feature=7 3 7 7 7 8
split_gain=4.11312 6.92042 6.70558 7.46122 9.29833 11.6404
threshold=0.92279821500000014 -14.659256653999998 0.93030081250000018 0.93635166800000014 0.95537990100000014 1.2136424320000001
decision_type=2 2 2 2 2 2
left_child=1 -1 -2 -4 5 -5
right_child=2 -3 3 4 -6 -7
leaf_value=0.0020289591905865408 -0.0016418874811817254 -4.1224800577313593e-05 0.0017097395904189239 -0.00069439511714076421 4.7900510443700531e-05 -0.0030476240504016209
leaf_weight=2803 3082 4355 3049 9172 126520 1003
leaf_count=2803 3082 4355 3049 9172 126520 1003
internal_value=7.00051e-06 0.00117618 -5.16344e-05 -7.15569e-07 -5.53219e-05 -0.00150909
internal_weight=149984 7158 142826 139744 136695 10175
internal_count=149984 7158 142826 139744 136695 10175
is_linear=0
shrinkage=0.05


Tree=129
num_leaves=7
num_cat=0
split_feature=7 7 7 7 8 2
split_gain=4.03645 8.13637 7.14374 12.1721 9.53274 9.99201
threshold=1.0540195770000003 1.0512482345000003 1.0751926245000003 1.0723129670000002 1.4866009315000002 3.5000000000000004
decision_type=2 2 2 2 2 2
left_child=1 -1 3 -2 5 -4
right_child=2 -3 4 -5 -6 -7
leaf_value=-6.2506222502400904e-05 0.0006510580869414917 -0.0026283440913008995 -0.00084437749926787324 0.0034906061702327271 0.0020288651243099975 0.0016689427787859646
leaf_weight=116926 11632 1754 11755 1140 1615 5219
leaf_count=116926 11632 1754 11755 1140 1615 5219
internal_value=-1.91608e-06 -0.000135232 0.000502535 0.00141269 -0.000123024 -0.000472643
internal_weight=150041 118680 31361 12772 18589 16974
internal_count=150041 118680 31361 12772 18589 16974
is_linear=0
shrinkage=0.05


Tree=130
num_leaves=7
num_cat=0
split_feature=7 7 2 8 8 4
split_gain=3.89711 13.7377 14.4149 15.0559 11.7135 14.6349
threshold=0.98090606100000011 0.97879829650000005 1.0000000180025095e-35 1.1960893240000001 1.0937325845000003 0.85392346075391778
decision_type=2 2 2 2 2 10
left_child=1 2 3 -1 5 -4
right_child=-2 -3 4 -5 -6 -7
leaf_value=0.00028655120863076979 0.00015265484525747719 -0.0029283785044893471 0.00096154104681926982 0.0036333043951653323 -0.0012667506570722188 -0.00094995081997731746
leaf_weight=4681 104283 1776 12532 1811 9403 15478
leaf_count=4681 104283 1776 12532 1811 9403 15478
internal_value=2.96728e-05 -0.000355415 -0.000180767 0.00199323 -0.000558221 -4.55113e-05
internal_weight=149964 45681 43905 6492 37413 28010
internal_count=149964 45681 43905 6492 37413 28010
is_linear=0
shrinkage=0.05


Tree=131
num_leaves=7
num_cat=0
split_feature=8 7 7 8 8 8
split_gain=3.84787 6.61297 5.24545 4.93158 13.2479 14.3396
threshold=1.4866009315000002 1.0815349785000001 1.0263869655000002 1.2979258975000001 1.2454544710000002 1.1944920000000001
decision_type=2 2 2 2 2 2
left_child=3 2 -2 4 5 -1
right_child=1 -3 -4 -5 -6 -7
leaf_value=8.6866444855604466e-05 0.00068319088499909644 0.0023870154291357527 -0.0009606678456979379 -0.00054558164466611829 0.0013550776401595301 -0.0010464849389384689
leaf_weight=106095 1292 1392 1012 17078 9916 13412
leaf_count=106095 1292 1392 1012 17078 9916 13412
internal_value=-1.15678e-05 0.00158065 -6.49632e-05 -5.17897e-05 5.36012e-05 -9.21456e-05
internal_weight=150197 3696 2304 146501 129423 119507
internal_count=150197 3696 2304 146501 129423 119507
is_linear=0
shrinkage=0.05


Tree=132
num_leaves=7
num_cat=0
split_feature=7 8 4 7 8 8
split_gain=4.28816 13.953 18.8702 10.1077 7.9684 23.6903
threshold=0.93635166800000014 1.2030722150000002 0.8561577067500824 0.95658633950000016 1.0111235215000003 1.1368029445000001
decision_type=2 2 8 2 2 2
left_child=1 2 -1 4 -2 -6
right_child=3 -3 -4 -5 5 -7
leaf_value=0.0013668641153650339 -0.0024903361691740039 0.0036120030961054889 -0.0011323413099526877 4.9801061692028583e-06 0.0021814468522028565 -0.0016063041950844183
leaf_weight=6054 6027 1078 6236 125362 2878 2487
leaf_count=6054 6027 1078 6236 125362 2878 2487
internal_value=-3.94666e-05 0.000815075 0.000335502 -0.000123027 -0.00154865 -0.000146648
internal_weight=150122 13368 12290 136754 11392 5365
internal_count=150122 13368 12290 136754 11392 5365
is_linear=0
shrinkage=0.05


Tree=133
num_leaves=7
num_cat=0
split_feature=7 7 2 1 2 7
split_gain=4.37348 12.3054 16.6534 22.0731 7.55018 11.7519
threshold=0.98581728700000004 0.99859820700000013 2.5000000000000004 60.500000000000007 1.0000000180025095e-35 0.93763285400000018
decision_type=2 2 2 2 2 2
left_child=4 2 -2 -4 5 -1
right_child=1 -3 3 -5 -6 -7
leaf_value=0.0019508752829370869 0.0014664920750448328 -2.3284109658094911e-05 0.0007978261743741222 -0.0054866791128138359 -0.00046647504052826916 2.0393214884172064e-05
leaf_weight=1769 8124 84927 5097 1024 42927 6128
leaf_count=1769 8124 84927 5097 1024 42927 6128
internal_value=2.33332e-06 0.00019561 0.00155526 -0.000414218 -0.000374786 0.00104562
internal_weight=149996 99172 14245 6121 50824 7897
internal_count=149996 99172 14245 6121 50824 7897
is_linear=0
shrinkage=0.05


end of trees

feature_importances:
wickets=181
legal_balls=154
crease_sr_idx=148
crease_avg_idx=96
runs_vs_par=68
crease_balls=53
run_rate_rel=36
balls_remaining=35
runs_last_12=21
wickets_last_12=12

parameters:
[boosting: gbdt]
[objective: quantile]
[metric: quantile]
[tree_learner: serial]
[device_type: cpu]
[data_sample_strategy: bagging]
[data: ]
[valid: ]
[num_iterations: 134]
[learning_rate: 0.05]
[num_leaves: 7]
[num_threads: 12]
[seed: 7]
[deterministic: 1]
[force_col_wise: 0]
[force_row_wise: 1]
[histogram_pool_size: -1]
[max_depth: -1]
[min_data_in_leaf: 1000]
[min_sum_hessian_in_leaf: 0.001]
[bagging_fraction: 0.8]
[pos_bagging_fraction: 1]
[neg_bagging_fraction: 1]
[bagging_freq: 1]
[bagging_seed: 17422]
[bagging_by_query: 0]
[feature_fraction: 0.8]
[feature_fraction_bynode: 1]
[feature_fraction_seed: 7040]
[extra_trees: 0]
[extra_seed: 6516]
[early_stopping_round: 0]
[early_stopping_min_delta: 0]
[first_metric_only: 0]
[max_delta_step: 0]
[lambda_l1: 0]
[lambda_l2: 5]
[linear_lambda: 0]
[min_gain_to_split: 0]
[drop_rate: 0.1]
[max_drop: 50]
[skip_drop: 0.5]
[xgboost_dart_mode: 0]
[uniform_drop: 0]
[drop_seed: 15215]
[top_rate: 0.2]
[other_rate: 0.1]
[min_data_per_group: 100]
[max_cat_threshold: 32]
[cat_l2: 10]
[cat_smooth: 10]
[max_cat_to_onehot: 4]
[top_k: 20]
[monotone_constraints: ]
[monotone_constraints_method: basic]
[monotone_penalty: 0]
[feature_contri: ]
[forcedsplits_filename: ]
[refit_decay_rate: 0.9]
[cegb_tradeoff: 1]
[cegb_penalty_split: 0]
[cegb_penalty_feature_lazy: ]
[cegb_penalty_feature_coupled: ]
[path_smooth: 0]
[interaction_constraints: ]
[verbosity: -1]
[saved_feature_importance_type: 0]
[use_quantized_grad: 0]
[num_grad_quant_bins: 4]
[quant_train_renew_leaf: 0]
[stochastic_rounding: 1]
[linear_tree: 0]
[max_bin: 255]
[max_bin_by_feature: ]
[min_data_in_bin: 3]
[bin_construct_sample_cnt: 200000]
[data_random_seed: 61]
[is_enable_sparse: 1]
[enable_bundle: 1]
[use_missing: 1]
[zero_as_missing: 0]
[feature_pre_filter: 1]
[pre_partition: 0]
[two_round: 0]
[header: 0]
[label_column: ]
[weight_column: ]
[group_column: ]
[ignore_column: ]
[categorical_feature: ]
[forcedbins_filename: ]
[precise_float_parser: 0]
[parser_config_file: ]
[objective_seed: 15521]
[num_class: 1]
[is_unbalance: 0]
[scale_pos_weight: 1]
[sigmoid: 1]
[boost_from_average: 1]
[reg_sqrt: 0]
[alpha: 0.25]
[fair_c: 1]
[poisson_max_delta_step: 0.7]
[tweedie_variance_power: 1.5]
[lambdarank_truncation_level: 30]
[lambdarank_norm: 1]
[label_gain: ]
[lambdarank_position_bias_regularization: 0]
[eval_at: ]
[multi_error_top_k: 1]
[auc_mu_weights: ]
[num_machines: 1]
[local_listen_port: 12400]
[time_out: 120]
[machine_list_filename: ]
[machines: ]
[gpu_platform_id: -1]
[gpu_device_id: -1]
[gpu_device_id_list: ]
[gpu_use_dp: 0]
[num_gpu: 1]

end of parameters

pandas_categorical:null
