tree
version=v4
num_class=1
num_tree_per_iteration=1
label_index=0
max_feature_idx=9
objective=cross_entropy
feature_names=legal_balls balls_remaining runs_needed wickets required_rate chase_ratio required_rate_rel chase_dp runs_last_12 wickets_last_12
monotone_constraints=-1 1 -1 -1 -1 -1 -1 1 0 0
feature_infos=[0:120] [0:120] [0:274] [0:10] [0:36] [-4.5432947820000003:4.6821312270000002] [0:5.2343387469999998] [0:1] [0:56] [0:6]
tree_sizes=1730 1759 1766 1772 1766 1768 1769 1774 1764 1769 1769 1777 1772 1769 1773 1777 1782 1774 1769 1765 1782 1777 1763 1761 1759 1780 1772 1779 1765 1769 1779 1787 1773 1777 1774 1769 1782 1781 1771 1779 1775 1776 1771 1770 1773 1779 1772 1783 1779 1788 1783 1780 1788 1783 1775 1773 1779 1782 1779 1801 1793 1771 1764 1779 1793 1792 1773 1782 1778 1784 1795 1783 1783 1795 1801 1793 1786 1790 1760 1784 1782 1787 1783 1786 1789 1791 1787 1776 1798 1788 1786 1789 1791 1779 1789 1794 1787 1790 1788 1784 1798 1785 1791 1797 1795 1783 1782 1791 1790 1793 1787 1792 1789 1793 1800 1796 1786 1795 1780 1796 1792 1798 1783 1803 1808 1780 1794 1791 1795 1794 1798 1796 1796 1802 1797 1787 1786 1798 1795 1342 1350 1796 1564 1789 1795 1774 1787 1792 1797 1802 1798 1791 1802 1802 1787 1800 1788 1797 1794 1795 1789 1795 1554 1451 1118 1791 1550 1772 1789 1568 1785 1803 1791 1791 1792 1680 1788 1338 1784 1795 1798 1801 1249 1782 1781 1798 1788 1799 1789 1793 1787 1776 1775 1452 1787 1450 1447 1783 1786 1799 1799 1788 1346 1790 1798 1696 1665 1790 1689 1795 1775 1778 1789 1791 1570 1800 1240 1795 1571 1788 1797 1800 1785 1795 1793 1799 1338 1804 1798 1461 1797 1792 1126 1442 1801 1788 1784 1799 1461 1562 1806 1131 1576 1800 1771 1800 1568 1797 1455 1802 1681 1563 1797 1573 1782 1795 1238 1024 1798 1807 1799 1805 1788 1568 1796 1802 1793

Tree=0
num_leaves=15
num_cat=0
split_feature=7 7 7 2 7 7 5 7 2 7 5 4 7 2
split_gain=48420.3 5599.8 5562.05 839.19 768.857 574.353 352.174 350.749 314.501 250.35 226.388 172.773 82.8839 63.9841
threshold=0.46823582053184515 0.82138383388519298 0.15052359551191333 89.500000000000014 0.67129299044609081 0.024044300429522995 0.038590396500000006 0.32787653803825384 46.500000000000007 0.27670449018478399 0.10834711400000001 7.6444984530000006 0.0830102674663067 50.500000000000007
decision_type=2 2 2 2 2 2 2 2 2 2 2 2 2 2
left_child=2 4 5 9 8 -1 -3 -5 -2 -4 -6 -10 -7 -12
right_child=1 6 3 7 10 12 -8 -9 11 -11 13 -13 -14 -15
leaf_value=0.017217051041694589 0.10290985282007019 0.13160771779310057 0.062707059471666715 0.0445841257290613 0.1189777146510736 0.028432414194186656 0.1189777146510736 0.060694520743985722 0.097636549258606875 0.082935769937673653 0.11646686791572233 0.082935769937673653 0.037530655967759834 0.10290985282007019
leaf_weight=5329.8010170459747 525.74055933952332 5387.4677165746689 971.09723448753357 2675.3853629827499 600.38273751735687 2350.3548747301102 3348.9124423265457 2259.2364966869354 725.95135164260864 1258.4321745634079 509.26435947418213 4102.8234058618546 1782.6748975515366 3422.3064235448837
leaf_count=21350 2106 21581 3890 10717 2405 9415 13415 9050 2908 5041 2040 16435 7141 13709
internal_value=0.0760793 0.109298 0.038874 0.0588328 0.0938201 0.0237806 0.126794 0.0519371 0.0861088 0.0741149 0.10291 0.0836152 0.0323055 0.10291
internal_weight=35249.8 18622.8 16627 7164.15 9886.47 9462.83 8736.38 4934.62 5354.52 2229.53 4531.95 4828.77 4133.03 3931.57
internal_count=141203 74599 66604 28698 39603 37906 34996 19767 21449 8931 18154 19343 16556 15749
is_linear=0
shrinkage=1


Tree=1
num_leaves=15
num_cat=0
split_feature=7 7 7 6 2 7 2 7 7 5 7 6 3 7
split_gain=45464.3 5324.34 5271.11 823.513 772.211 552.675 540.146 423.813 367.306 321.728 195.627 129.034 100.102 67.2867
threshold=0.47345651686191564 0.15052359551191333 0.82138383388519298 0.84461581050000012 89.500000000000014 0.043516790494322784 48.500000000000007 0.59302887320518505 0.33405610918998724 0.038590396500000006 0.23381303995847705 1.0857123075000004 3.5000000000000004 0.68556538224220287
decision_type=2 2 2 2 2 2 2 2 2 2 2 2 2 2
left_child=1 5 3 -2 10 12 -5 -8 -6 -4 -3 13 -1 -9
right_child=2 4 9 6 8 -7 7 11 -10 -11 -12 -13 -14 -15
leaf_value=-0.048182671211611634 0.0434312279243581 -0.013897944625378683 0.054006192901400109 0.035035335839483234 -0.030262050213231934 -0.040173133466966174 0.0019321049753124905 0.01401192260650657 -0.013897944625378683 0.0434312279243581 0.0019321049753124905 0.0056888519152234985 -0.057864012384779735 0.021734586969140005
leaf_weight=1458.584496229887 970.22525328397751 648.8619287610054 5361.002419129014 1003.520924448967 2783.8261920511723 3182.8373225927353 2654.305104136467 1716.7806329876184 2241.8538826704025 3369.5614048540592 1610.9427035152912 817.25878298282623 4885.0711753368378 2651.9054520726204
leaf_count=5835 3893 2598 21537 4026 11141 12735 10636 6881 8976 13526 6454 3276 19542 10636
internal_value=-3.78063e-05 -0.0357612 0.032349 0.0172499 -0.0164395 -0.0505214 0.0143547 0.0116871 -0.0229834 0.0493021 -0.00186754 0.0166732 -0.0556777 0.0187193
internal_weight=35356.5 16812 18544.6 9814 7285.48 9526.49 8843.77 7840.25 5025.68 8730.56 2259.8 5185.94 6343.66 4368.69
internal_count=141692 67281 74411 39348 29169 38112 35455 31429 20117 35063 9052 20793 25377 17517
is_linear=0
shrinkage=0.03


Tree=2
num_leaves=15
num_cat=0
split_feature=5 6 6 2 5 2 6 5 3 2 2 2 5 9
split_gain=39201.2 4886.96 4671.73 1489.28 763.792 745.243 647.473 363.423 335.514 301.168 266.763 231.496 156.956 138.99
threshold=0.38149072450000004 1.3357009595000002 0.84461581050000012 99.500000000000014 0.77353014000000009 101.50000000000001 1.2001057155000001 0.27640593200000008 3.5000000000000004 92.500000000000014 49.500000000000007 58.500000000000007 -0.028848821499999996 1.0000000180025095e-35
decision_type=2 2 2 2 2 2 2 2 2 2 2 2 2 2
left_child=2 3 12 8 9 11 -5 -7 -2 -3 -10 -4 -1 -13
right_child=1 4 5 6 -6 7 -8 -9 10 -11 -12 13 -14 -15
leaf_value=0.053257672331156504 0.012263030672744594 -0.034831611930382915 0.036624888945071543 -0.01441493250141342 -0.054437276422202023 0.019355426605781451 -0.034831611930382915 0.0037203644666878801 0.0090011639466632837 -0.045481875895470536 -0.01441493250141342 0.028790236123746784 0.044007513210170816 0.019355426605781451
leaf_weight=4694.7957869023085 1563.2265437841415 1941.2340100109577 1619.1413062512875 3122.1646386086941 4805.7641755640507 2464.2541711479425 2545.046219304204 2927.0627782791853 525.41874226927757 2671.3555432707071 787.44696061313152 1656.6439734697342 2900.4623639434576 1025.24285595119
leaf_count=18940 6266 7769 6512 12500 19230 9893 10182 11733 2107 10687 3153 6658 11682 4116
internal_value=-9.90341e-05 -0.0311325 0.0321442 -0.0146897 -0.046032 0.018324 -0.0236063 0.0108781 0.00289064 -0.0372253 -0.00827324 0.0276339 0.0497565 0.0221477
internal_weight=35249.3 17961.7 17287.6 8543.3 9418.35 9692.35 5667.21 5391.32 2876.09 4612.59 1312.87 4301.03 7595.26 2681.89
internal_count=141428 71894 69534 34208 37686 38912 22682 21626 11526 18456 5260 17286 30622 10774
is_linear=0
shrinkage=0.03


Tree=3
num_leaves=15
num_cat=0
split_feature=7 7 7 7 7 7 5 5 8 8 8 8 5 7
split_gain=40531.6 4840.48 4601.49 693.971 503.185 425.819 308.886 267.231 145.025 137.919 137.203 89.4748 71.7388 68.6484
threshold=0.46823582053184515 0.82138383388519298 0.15052359551191333 0.62753009796142589 0.026483068242669109 0.28284506499767309 0.10834711400000001 0.038590396500000006 11.500000000000002 13.500000000000002 13.500000000000002 12.500000000000002 0.37199576350000002 0.061287458986043937
decision_type=2 2 2 2 2 2 2 2 2 2 2 2 2 2
left_child=2 3 4 10 -1 9 -5 -3 -7 -4 12 -8 -2 -6
right_child=1 7 5 6 13 8 11 -9 -10 -11 -12 -13 -14 -15
leaf_value=-0.053591308473835531 0.0054432620000251525 0.051334630561709914 -0.031154658575285585 0.042421281589857959 -0.044702421857164561 -0.016690653027137875 0.015310346821454442 0.042421281589857959 -0.0051586226831602435 -0.018201989032699581 0.012127758158553922 0.023567883288475398 -0.0051586226831602435 -0.036114502657284379
leaf_weight=5494.2562890350819 1297.1607525795698 5317.4303615689278 1433.984521150589 645.3450752645731 1516.4879810810089 1588.9851174503565 1983.6985406279564 3345.0993124842644 2572.5433266162872 1594.6534981876612 2079.3414881676435 3093.9804571568966 736.05449305474758 2475.0698476880789
leaf_count=22022 5205 21571 5737 2608 6072 6360 7975 13510 10299 6380 8341 12440 2950 9905
internal_value=-2.71219e-05 0.0305456 -0.0339394 0.016131 -0.0476559 -0.015823 0.0228827 0.0468934 -0.00957661 -0.024376 0.00671893 0.0203601 0.00117121 -0.0394291
internal_weight=35174.1 18498.1 16676 9835.58 9485.81 7190.17 5723.02 8662.53 4161.53 3028.64 4112.56 5077.68 2033.22 3991.56
internal_count=141375 74600 66775 39519 37999 28776 23023 35081 16659 12117 16496 20415 8155 15977
is_linear=0
shrinkage=0.03


Tree=4
num_leaves=15
num_cat=0
split_feature=7 7 7 2 6 7 2 7 5 7 7 6 7 8
split_gain=38310.7 4611.65 4501.34 727.338 688.46 490.171 475.738 398.414 295.259 281.606 141.331 93.4642 70.1425 58.2697
threshold=0.46823582053184515 0.82138383388519298 0.15052359551191333 89.500000000000014 0.84461581050000012 0.024044300429522995 50.500000000000007 0.60238790512084972 0.038590396500000006 0.33405610918998724 0.23381303995847705 1.0735930680000003 0.061287458986043937 12.500000000000002
decision_type=2 2 2 2 2 2 2 2 2 2 2 2 2 2
left_child=2 4 5 10 -2 -1 -6 -8 -3 -5 -4 13 -7 -9
right_child=1 8 3 9 6 12 7 11 -10 -11 -12 -13 -14 -15
leaf_value=-0.052598286412565226 0.03979805822272578 0.050211107257203826 -0.012888768945558767 -0.027761705098742883 0.031797177550934419 -0.043674777969664631 0.0017691861513973385 0.013449931105677465 0.03979805822272578 -0.013285065252676248 0.0017691861513973385 0.0068115913768699021 -0.035262688556602299 0.020870511306319596
leaf_weight=5330.6740050166845 958.25305768847466 5324.9323053956032 656.43912121653557 2779.5814755260944 1069.4725512713194 1660.5790635198355 2943.6706707179546 1716.8403540849686 3330.2459596395493 2167.2413798421621 1575.9340785443783 873.41568987071514 2483.1277940273285 2273.8628502190113
leaf_count=21434 3885 21747 2626 11122 4315 6662 11803 6906 13512 8671 6312 3508 9948 9152
internal_value=3.71149e-05 0.0297589 -0.0329625 -0.01503 0.0156923 -0.0465357 0.0130693 0.0104853 0.0457256 -0.0214392 -0.00081144 0.015753 -0.0386824 0.0176989
internal_weight=35144.3 18490.7 16653.6 7179.2 9835.52 9474.38 8877.26 7807.79 8655.18 4946.82 2232.37 4864.12 4143.71 3990.7
internal_count=141603 74828 66775 28731 39569 38044 35684 31369 35259 19793 8938 19566 16610 16058
is_linear=0
shrinkage=0.03


Tree=5
num_leaves=15
num_cat=0
split_feature=7 7 7 6 7 7 7 5 8 8 8 8 6 6
split_gain=36067.4 4421.27 4190.91 683.643 439.325 410.104 361.695 264.139 133.4 124.443 115.219 83.3858 61.9574 56.1664
threshold=0.46823582053184515 0.82632800936698925 0.15052359551191333 0.84461581050000012 0.031788382679224021 0.60748443007469188 0.28284506499767309 0.038590396500000006 13.500000000000002 11.500000000000002 12.500000000000002 13.500000000000002 1.0367839010000002 1.0521562795000003
decision_type=2 2 2 2 2 2 2 2 2 2 2 2 2 2
left_child=2 3 4 -2 -1 11 8 -3 -4 -8 -7 12 -5 -12
right_child=1 7 6 5 -6 10 9 -9 -10 -11 13 -13 -14 -15
leaf_value=-0.050623643842767657 0.038949210759423529 0.049124284530268708 -0.029434161809905331 0.0062132691353682509 -0.037178322269590877 0.012324716705470303 -0.0157118395747083 0.038949210759423529 -0.016705899670372806 -0.0049765016766538332 0.023685268098022266 0.0092282808021698012 -0.0049765016766538332 0.014876489179444334
leaf_weight=5694.4084592461586 991.04520612955093 5209.1211132854223 1425.7941410243511 775.30960516631603 3696.4283296614885 2147.035805106163 1569.5954300314188 3203.993566557765 1602.4813572615385 2558.0448683351278 2444.6353681236506 1766.697563752532 941.77988375723362 937.38536463677883
leaf_count=22994 4039 21441 5709 3111 14845 8648 6281 13067 6414 10240 9869 7094 3776 3775
internal_value=-3.73434e-05 0.0288403 -0.0321779 0.0153487 -0.0453539 0.0127335 -0.0148673 0.0448641 -0.0227374 -0.00907284 0.0178102 0.00466232 -4.87017e-05 0.0212693
internal_weight=34963.8 18417 16546.8 10003.9 9390.84 9012.84 7155.92 8413.11 3028.28 4127.64 5529.06 3483.79 1717.09 3382.02
internal_count=141303 74820 66483 40312 37839 36273 28644 34508 12123 16521 22292 13981 6887 13644
is_linear=0
shrinkage=0.03


Tree=6
num_leaves=15
num_cat=0
split_feature=7 7 7 7 6 7 7 5 8 8 8 8 6 7
split_gain=34042.6 4824.95 3252.23 771.972 381.862 372.041 308.612 251.923 125.434 113.19 108.125 90.9873 52.0162 49.8459
threshold=0.42831760644912725 0.82138383388519298 0.1183120906352997 0.60748443007469188 0.83995958150000016 0.28284506499767309 0.010837605223059656 1.0000000180025095e-35 20.500000000000004 12.500000000000002 20.500000000000004 12.500000000000002 1.0643997450000002 0.061287458986043937
decision_type=2 2 2 2 2 2 2 2 2 2 2 2 2 2
left_child=2 3 6 11 -5 8 -1 -3 -4 -6 -7 -2 -11 -8
right_child=1 7 5 4 9 10 13 -9 -10 12 -12 -13 -14 -15
leaf_value=-0.051081663360203568 0.0013395581558018866 0.048233231849851163 -0.026679810045358843 0.03938482359518386 0.011831342131687796 -0.012690767977432814 -0.04223565321359983 0.03938482359518386 -0.012690767977432814 0.022798620777033637 0.0013395581558018866 0.0080102804496442279 0.013714841004361348 -0.034989865771943636
leaf_weight=4338.1901321262121 2027.4811799526215 4899.1781097650528 3118.5656308084726 806.52588580548763 2137.0256434082985 2553.8054978698492 2592.3478164374828 3586.9875854551792 724.89859285950661 2565.1660855263472 598.30052600800991 2483.659164339304 766.45235368609428 1628.4020423740149
leaf_count=17623 8131 20346 12504 3307 8617 10221 10486 14725 2905 10378 2395 9972 3089 6552
internal_value=1.98489e-05 0.026663 -0.0329897 0.0133389 0.0201398 -0.0177975 -0.0453892 0.0435806 -0.0240613 0.0172681 -0.0101338 0.00386679 0.0207325 -0.0394849
internal_weight=34827 19272.5 15554.5 10786.3 6275.17 6995.57 8558.94 8486.17 3843.46 5468.64 3152.11 4511.14 3331.62 4220.75
internal_count=141251 78565 62686 43494 25391 28025 34661 35071 15409 22084 12616 18103 13467 17038
is_linear=0
shrinkage=0.03


Tree=7
num_leaves=15
num_cat=0
split_feature=7 7 7 2 6 7 2 7 5 7 7 6 8 7
split_gain=32350.4 3928.69 3827.11 705.755 551.568 430.855 426.167 298.814 290.147 257.76 111.661 105.53 57.1289 56.957
threshold=0.47345651686191564 0.80805081129074108 0.15052359551191333 89.500000000000014 0.83995958150000016 0.024044300429522995 54.500000000000007 0.59302887320518505 0.038590396500000006 0.30874116718769079 0.21582288295030597 1.1042639185000003 13.500000000000002 0.061287458986043937
decision_type=2 2 2 2 2 2 2 2 2 2 2 2 2 2
left_child=2 4 5 10 -2 -1 -6 -8 -3 -5 -4 12 -9 -7
right_child=1 8 3 9 6 13 7 11 -10 -11 -12 -13 -14 -15
leaf_value=-0.048745101865666683 0.038303312483408063 0.047010187861680569 -0.013010038404910187 -0.027362836359236271 0.029018464269305516 -0.040126328823159127 0.00099864549637731018 0.011643355861585764 0.038303312483408063 -0.013714314545712812 0.00099864549637731018 0.0012673461645528906 0.018665928344061559 -0.032473200568565938
leaf_weight=5239.1055040061474 771.56901369988918 5176.1648774147034 518.28019332885742 2384.3171229958534 1126.8424676656723 1639.9716365337372 2582.2739822864532 2082.7575051933527 3629.0481362938881 2644.2236076593399 1729.1371088325977 549.59379164874554 2173.6378589123487 2439.1914522349834
leaf_count=21422 3180 21701 2075 9566 4573 6651 10360 8405 14961 10580 6924 2211 8796 9838
internal_value=-3.68591e-05 0.0277067 -0.0302836 -0.0139655 0.0140826 -0.0430109 0.0118667 0.00923292 0.0420597 -0.0202066 1.25588e-05 0.0136516 0.0152473 -0.0355954
internal_weight=34686.1 18091.9 16594.2 7275.96 9286.67 9318.27 8515.11 7388.26 8805.21 5028.54 2247.42 4805.99 4256.4 4079.16
internal_count=141243 74187 67056 29145 37525 37911 34345 29772 36662 20146 8999 19412 17201 16489
is_linear=0
shrinkage=0.03


Tree=8
num_leaves=15
num_cat=0
split_feature=7 7 7 2 7 7 7 5 2 7 5 5 3 2
split_gain=30455.9 3818.48 3677.84 687.95 536.156 328.862 278.894 248.701 223.723 219.658 157.075 132.46 86.4124 65.5426
threshold=0.47345651686191564 0.82632800936698925 0.1183120906352997 89.500000000000014 0.68098869919776928 0.32787653803825384 0.010837605223059656 0.038590396500000006 46.500000000000007 0.24008473753929141 0.10234692700000002 0.23895440400000004 1.5000000000000002 51.500000000000007
decision_type=2 2 2 2 2 2 2 2 2 2 2 2 2 2
left_child=2 4 6 9 8 12 -1 -3 -2 -4 -6 -10 -5 -12
right_child=1 7 3 5 10 -7 -8 -9 11 -11 13 -13 -14 -15
leaf_value=-0.048756680840538011 0.022240220480908492 0.046257350914543013 -0.01231042898717776 -0.021539291132935498 0.035298814386994407 -0.01231042898717776 -0.037645547212514757 0.035298814386994407 0.017552523618843456 0.0049901072362926405 0.035180387589151145 0.0049901072362926405 -0.03165373520185083 0.022240220480908492
leaf_weight=4248.5022472292185 537.54144507646561 5069.8717270195484 971.25936017930508 1451.483766362071 556.74957048892975 2360.1559536606073 4177.794394955039 3129.3020485043526 784.79263050854206 1562.1853003203869 498.60860955715179 4154.119143858552 1750.6899820268154 3267.8021464049816
leaf_count=17516 2187 21485 3899 5837 2317 9443 17018 13013 3183 6256 2043 16700 7040 13273
internal_value=2.74737e-06 0.0269969 -0.0294034 -0.0149493 0.0143462 -0.020847 -0.0432733 0.042099 0.00810002 -0.00198525 0.0222402 0.00602565 -0.0271098 0.0222402
internal_weight=34520.9 17998.8 16522.1 8095.77 9799.61 5562.33 8426.3 8199.17 5476.45 2533.44 4323.16 4938.91 3202.17 3766.41
internal_count=141210 74201 67009 32475 39703 22320 34534 34498 22070 10155 17633 19883 12877 15316
is_linear=0
shrinkage=0.03


Tree=9
num_leaves=15
num_cat=0
split_feature=7 7 7 6 7 7 7 5 8 8 8 7 3 6
split_gain=28724.6 3766.61 3371.08 599.573 385.11 338.052 325.828 240.877 129.886 108.537 100.041 68.2213 65.8981 56.6042
threshold=0.46823582053184515 0.82632800936698925 0.14513136446475985 0.84461581050000012 0.026483068242669109 0.67592743039131176 0.27670449018478399 0.038590396500000006 20.500000000000004 13.500000000000002 15.500000000000002 0.41030147671699529 2.5000000000000004 1.0675136740000002
decision_type=2 2 2 2 2 2 2 2 2 2 2 2 2 2
left_child=2 3 4 -2 12 9 10 -3 11 -5 -4 -8 -1 -7
right_child=1 7 6 5 -6 13 8 -9 -10 -11 -12 -13 -14 -15
leaf_value=-0.035976012395400443 0.035896643086787632 0.045340171017769458 -0.025795301805967924 0.0027112817816430288 -0.03366287742745884 0.019704968025298527 -0.013731498230672731 0.035896643086787632 0.0027112817816430288 0.010478873120269044 -0.014598371723768315 -0.0047682252486594152 -0.047586495283835448 0.010478873120269044
leaf_weight=578.96488060057163 973.30307215452194 5014.2376306056976 1773.5978625416756 2551.7964964956045 3777.7607447355986 3125.4071452915668 2335.5946756750345 3118.7622176557779 783.30956956744194 2718.4391628354788 1250.7099637538195 1145.7866016030312 4706.6839009225368 531.77667523920536
leaf_count=2398 4063 21494 7141 10263 15398 12741 9357 13063 3137 10967 5023 4586 19564 2156
internal_value=-8.15119e-05 0.026025 -0.0288713 0.0135879 -0.0410833 0.011137 -0.0136688 0.0411476 -0.00831202 0.00626446 -0.0211965 -0.0107926 -0.0463499 0.0181405
internal_weight=34386.1 18033.7 16352.4 9900.72 9063.41 8927.42 7289 8133 4264.69 5270.24 3024.31 3481.38 5285.65 3657.18
internal_count=141351 74747 66604 40190 37360 36127 29244 34557 17080 21230 12164 13943 21962 14897
is_linear=0
shrinkage=0.03


Tree=10
num_leaves=15
num_cat=0
split_feature=7 7 7 7 2 5 2 7 7 4 7 2 2 5
split_gain=27252.7 4369.8 2474.45 595.417 555.841 434.739 250.565 209.717 191.482 181.507 138.828 134.725 70.3901 50.3146
threshold=0.41030147671699529 0.78965505957603466 0.097729541361331954 0.58264902234077465 89.500000000000014 0.082942290000000016 66.500000000000014 0.010837605223059656 0.17903038859367373 6.7666996535000008 0.24611210078001025 48.500000000000007 65.500000000000014 0.50747219850000003
decision_type=2 2 2 2 2 2 2 2 2 2 2 2 2 2
left_child=2 3 7 6 8 -3 -2 -1 -4 -5 13 -11 -7 -6
right_child=1 5 4 9 10 12 -8 -9 -10 11 -12 -13 -14 -15
leaf_value=-0.046718530965881265 0.016168797908489626 0.043736292408504636 -0.018925710772146994 0.030057542560111731 -0.022119287864888471 0.037446407663734367 -0.0019238192668604049 -0.036641978032520568 -0.0019238192668604049 0.030057542560111731 -0.018925710772146994 0.016168797908489626 0.030057542560111731 -0.031942817511735028
leaf_weight=4201.9644827544689 749.17964453995228 5702.68810531497 699.77583177387714 495.76664593815804 756.89530944824219 1238.1168012917042 3497.1983553022146 3616.0704156309366 1632.5188377201557 583.3840986341238 2458.9385092109442 4866.2906967699528 2157.5801366120577 1556.7692211866379
leaf_count=17651 3026 24665 2833 2081 3060 5212 14030 14916 6538 2401 9869 19752 9025 6314
internal_value=-3.94437e-06 0.0235434 -0.0304402 0.0100448 -0.0176068 0.0386504 0.00146141 -0.0420842 -0.00558754 0.0161688 -0.0234685 0.0161688 0.0300575 -0.0287838
internal_weight=34213.1 19290.2 14922.9 10191.8 7104.9 9098.39 4246.38 7818.03 2332.29 5945.44 4772.6 5449.67 3395.7 2313.66
internal_count=141373 80192 61181 41290 28614 38902 17056 32567 9371 24234 19243 22153 14237 9374
is_linear=0
shrinkage=0.03


Tree=11
num_leaves=15
num_cat=0
split_feature=7 7 7 6 7 7 7 5 8 8 8 8 3 5
split_gain=25589.1 3436.1 3203.61 572.278 335.99 320.098 288.866 221.792 123.274 102.02 99.7486 95.3037 74.9892 54.9556
threshold=0.46823582053184515 0.82632800936698925 0.13956766575574878 0.84461581050000012 0.031788382679224021 0.28284506499767309 0.59752795100212108 0.038590396500000006 11.500000000000002 13.500000000000002 13.500000000000002 12.500000000000002 2.5000000000000004 0.39633186300000006
decision_type=2 2 2 2 2 2 2 2 2 2 2 2 2 2
left_child=2 3 4 -2 12 10 11 -3 13 -8 -4 -5 -1 -7
right_child=1 7 5 6 -6 8 9 -9 -10 -11 -12 -13 -14 -15
leaf_value=-0.033710769030555504 0.034860333611830115 0.043602821688392357 -0.025390841638578816 -0.0024607125395501635 -0.031977173243750705 -0.006270089543988353 0.010128350342229987 0.034860333611830115 -0.0031820809855816648 0.018238803528034982 -0.014803250171167202 0.0079318164362854864 -0.045513281520204271 -0.018035066412598045
leaf_weight=621.60142382979393 963.56067623198032 4885.8787439316511 1532.8274127095938 1414.315393358469 3354.6561545729637 564.13265417516232 2555.1806466579437 3051.8160045146942 2575.8985927402973 3143.7695041745901 1743.9048183560371 1800.7280126512051 4817.4627021253109 1006.7007239162922
leaf_count=2612 4080 21471 6203 5678 13807 2259 10394 12992 10319 12864 7027 7255 20415 4037
internal_value=-4.76702e-05 0.0247686 -0.0273086 0.0129475 -0.0395559 -0.0127837 0.0105607 0.0394611 -0.00723246 0.0146145 -0.0197872 0.00336336 -0.0441966 -0.0138432
internal_weight=34032.4 17815.2 16217.2 9877.55 8793.72 7423.46 8913.99 7937.69 4146.73 5698.95 3276.73 3215.04 5439.06 1570.83
internal_count=141413 74734 66679 40271 36834 29845 36191 34463 16615 23258 13230 12933 23027 6296
is_linear=0
shrinkage=0.03


Tree=12
num_leaves=15
num_cat=0
split_feature=7 7 7 2 6 2 7 7 7 5 7 6 7 7
split_gain=24321.9 3331.74 3070.06 598.338 545.164 396.834 278.606 247.378 238.02 219.059 177.054 90.2749 58.2678 53.2871
threshold=0.46823582053184515 0.82632800936698925 0.11301778256893159 83.500000000000014 0.84461581050000012 51.500000000000007 0.28284506499767309 0.010837605223059656 0.59752795100212108 0.038590396500000006 0.20985398441553119 1.0857123075000004 0.41620795428752905 0.061287458986043937
decision_type=2 2 2 2 2 2 2 2 2 2 2 2 2 2
left_child=2 4 7 10 -2 -6 -5 -1 -7 -3 -4 -10 -8 -9
right_child=1 9 3 6 5 8 12 13 11 -11 -12 -13 -14 -15
leaf_value=-0.045076018799864469 0.03431487291779968 0.043047561143960592 -0.012450727453643501 -0.02568299200163817 0.027205772670862695 0.001031421290528825 -0.015216762781564561 -0.037143967481770145 0.013624959637161038 0.03431487291779968 0.001031421290528825 0.0023229420793145941 -0.0061422589277604469 -0.02951180435728892
leaf_weight=4071.9422380924225 942.00389973819256 4810.6832436472178 717.35930304229259 2745.114628136158 1098.0808170735836 2836.4675922393799 2099.4831835180521 2494.0548235923052 4222.1950834840536 3007.8629066497087 1580.0973957628012 751.42981593310833 927.6080404073 1462.4577170163393
leaf_count=17485 4023 21428 2903 11163 4533 11393 8422 10483 17253 12919 6329 3041 3712 6040
internal_value=-2.10034e-05 0.0242787 -0.0266908 -0.0136105 0.0126624 0.0103547 -0.0187604 -0.0398215 0.00796961 0.0388962 -0.000659152 0.0119215 -0.0124507 -0.0343637
internal_weight=33766.8 17668.7 16098.1 8069.66 9850.18 8908.17 5772.21 8028.45 7810.09 7818.55 2297.46 4973.62 3027.09 3956.51
internal_count=141127 74590 66537 32529 40243 36220 23297 34008 31687 34347 9232 20294 12134 16523
is_linear=0
shrinkage=0.03


Tree=13
num_leaves=15
num_cat=0
split_feature=7 7 7 2 6 2 7 7 7 6 7 6 8 6
split_gain=22992.6 3565.61 2609.49 571.844 530.018 449.537 285.894 270.513 248.594 223.276 197.079 94.138 54.1453 44.7695
threshold=0.43954357504844671 0.82138383388519298 0.097729541361331954 95.500000000000014 0.85770178000000008 51.500000000000007 0.59302887320518505 0.92114984989166271 0.1969740837812424 1.2123029215000003 0.010837605223059656 1.0766018005000002 12.500000000000002 0.73300804500000016
decision_type=2 2 2 2 2 2 2 2 2 2 2 2 2 2
left_child=2 4 10 8 -2 -6 -7 13 -4 -5 -1 12 -8 -3
right_child=1 7 3 9 5 6 11 -9 -10 -11 -12 -13 -14 -15
leaf_value=-0.044202235031482053 0.03082444728971033 0.040279532230905565 -0.017076121984785149 -0.017076121984785149 0.026298130155154888 -0.0004867571991364732 0.0088457326532009588 0.042151819868799213 -0.0004867571991364732 -0.028009797359267063 -0.034307189047901115 0.0022101094520091636 0.015985852895690943 0.03082444728971033
leaf_weight=4051.1086043417454 1096.7925342172384 502.99744990468025 921.58722023665905 2697.0773586183786 1153.907380849123 3304.4675565212965 1697.5740934610367 4987.5002013295889 1828.5314467996359 2298.1999972760677 3539.7576934695244 906.62096366286278 2261.5984277874231 2402.1527473628521
leaf_count=17610 4684 2267 3752 10871 4773 13263 6913 22373 7328 9381 14917 3671 9284 10437
internal_value=-2.25572e-05 0.0226679 -0.0271167 -0.0148514 0.0111392 0.00880839 0.0063237 0.037873 -0.00385559 -0.0208952 -0.0396136 0.0109446 0.0129394 0.0308244
internal_weight=33649.9 18313.6 15336.3 7745.4 10421 9324.17 8170.26 7892.65 2750.12 4995.28 7590.87 4865.79 3959.17 2905.15
internal_count=141524 77665 63859 31332 42588 37904 33131 35077 11080 20252 32527 19868 16197 12704
is_linear=0
shrinkage=0.03


Tree=14
num_leaves=15
num_cat=0
split_feature=7 7 7 7 2 5 7 2 4 2 7 7 4 3
split_gain=21786.4 3762.98 2169.72 613.609 471.538 261.058 255.756 222.685 196.31 179.633 117.611 103.947 60.2976 60.2054
threshold=0.41030147671699529 0.82632800936698925 0.11301778256893159 0.60748443007469188 78.500000000000014 0.10834711400000001 0.024044300429522995 66.500000000000014 5.8545401120000014 40.500000000000007 0.28284506499767309 0.20335965603590014 7.8298883840000011 2.5000000000000004
decision_type=2 2 2 2 2 2 2 2 2 2 2 2 2 2
left_child=2 3 6 7 11 -5 13 -2 -3 -7 -6 -4 -9 -1
right_child=1 8 4 5 10 9 -8 12 -10 -11 -12 -13 -14 -15
leaf_value=-0.031806401020310592 0.014352802149280374 0.04234633872323311 -0.013115469748086302 0.034391370842836388 -0.023660571165056855 0.032568262751767385 -0.031147938214139057 0.0098175965146827006 0.034391370842836388 0.014352802149280374 -0.014136962081697341 -0.00060748696266439087 -0.00060748696266439087 -0.043604583883810839
leaf_weight=501.27062492072582 847.36215537786484 4063.9552078694105 607.80206598341465 652.1913088709116 2856.1234143823385 485.35166609287262 3015.9529519379139 494.34218870103359 3599.5791160315275 5139.2899415194988 2027.9201208353043 1187.5498130768538 3595.9135446548462 4378.9332507550716
leaf_count=2173 3447 18641 2468 2844 11687 2044 12706 2004 15874 21126 8151 4756 14429 19250
internal_value=4.95444e-05 0.0213202 -0.0274976 0.0102404 -0.0148962 0.0164606 -0.0381411 0.00232437 0.0375165 0.0143528 -0.0197247 -0.0017423 -0.000607487 -0.0424265
internal_weight=33453.5 18878 14575.6 11214.5 6679.4 6276.83 7896.16 4937.62 7663.53 5624.64 4884.04 1795.35 4090.26 4880.2
internal_count=141600 80409 61191 45894 27062 26014 34129 19880 34515 23170 19838 7224 16433 21423
is_linear=0
shrinkage=0.03


Tree=15
num_leaves=15
num_cat=0
split_feature=7 7 6 7 2 7 2 7 2 7 5 2 3 3
split_gain=20528 3031.68 2875.27 585.066 526.412 362.011 254.515 224.787 119.829 107.034 94.833 76.0288 74.7652 62.5912
threshold=0.49069024622440344 0.15052359551191333 0.83499325000000002 0.76279762387275707 71.500000000000014 0.026483068242669109 45.500000000000007 0.32141420245170599 64.500000000000014 0.67129299044609081 -0.028848821499999996 122.50000000000001 1.0000000180025095e-35 3.5000000000000004
decision_type=2 2 2 2 2 2 2 2 2 2 2 2 2 2
left_child=1 5 10 6 -3 13 -4 11 -5 -8 -2 -6 -13 -1
right_child=2 4 3 8 7 -7 9 -9 -10 -11 -12 12 -14 -15
leaf_value=-0.034171360590095186 0.041822350085024232 0.0045009788894816204 0.023557264560474144 0.033474749579733905 -0.014285414357986356 -0.029118555851076776 0.0045009788894816204 -0.0087633948376111652 0.023557264560474144 0.012048587694194261 0.033902575322895957 -0.015132464016988784 -0.028625999927292409 -0.043286930805788174
leaf_weight=968.23735572397709 4044.0229602903128 1688.9840524941683 652.42099393904209 1119.6935808509588 1136.6869001537561 3821.2024178355932 4206.4268133640289 3056.4166473001242 2292.2350003123283 2153.8970283865929 2331.6357251107693 562.87376157939434 1198.5381079018116 3965.2922201007605
leaf_count=4256 18813 6783 2732 4898 4619 16113 17005 12260 9806 8869 10432 2299 4895 17670
internal_value=-0.000212043 -0.0240862 0.0230909 0.0133746 -0.0102712 -0.0361349 0.00840719 -0.0144615 0.0235573 0.00654338 0.0389549 -0.0204455 -0.0243691 -0.0415343
internal_weight=33198.6 16398.2 16800.3 10424.7 7643.5 8754.73 7012.74 5954.52 3411.93 6360.32 6375.66 2898.1 1761.41 4933.53
internal_count=141450 68895 72555 43310 30856 38039 28606 24073 14704 25874 29245 11813 7194 21926
is_linear=0
shrinkage=0.03


Tree=16
num_leaves=15
num_cat=0
split_feature=7 7 6 7 7 7 8 7 5 8 8 5 7 4
split_gain=19485.4 2913.49 2793.97 536.962 384.669 241.539 138.274 136.734 123.206 115.131 87.7288 86.0358 45.8778 44.1777
threshold=0.48476693034172064 0.11301778256893159 0.84461581050000012 0.74938547611236583 0.28284506499767309 0.010837605223059656 13.500000000000002 0.88495364785194408 -0.028848821499999996 11.500000000000002 20.500000000000004 0.37199576350000002 0.061287458986043937 9.0126050420000023
decision_type=2 2 2 2 2 2 2 2 2 2 2 2 2 2
left_child=1 5 8 6 10 -1 11 -5 -2 13 -3 -4 -7 -6
right_child=2 4 3 7 9 12 -8 -9 -10 -11 -12 -13 -14 -15
leaf_value=-0.042263969852129796 0.041256090686120538 -0.020540291230823193 0.0064120866621182292 0.018872399212464155 -0.0057504295874637856 -0.03412018661688996 0.011950547198043953 0.032789056906880783 0.032789056906880783 -0.001597609095498454 -0.011476455911195008 -0.001597609095498454 -0.026946687017636809 -0.015559581820777066
leaf_weight=3871.8343412876129 3992.3804529309273 3148.2815977036953 2427.8150150328875 2652.7241415828466 718.77837193012238 2398.0133639425039 3485.223147764802 852.31943970918655 2560.4738918244839 2780.1685875356197 742.89239223301411 803.66326816380024 1430.1953950077295 995.94677978754044
leaf_count=17522 18872 12930 9879 11327 2885 10442 14271 3803 11558 11162 3026 3242 6056 4009
internal_value=-1.97796e-05 -0.0236066 0.0225993 0.0127861 -0.0113622 -0.0369259 0.00780938 0.0222984 0.0378852 -0.00537478 -0.0182628 0.00333147 -0.0314789 -0.0114765
internal_weight=32860.7 16086.1 16774.6 10221.7 8386.07 7700.04 6716.7 3505.04 6552.85 4494.89 3891.17 3231.48 3828.21 1714.73
internal_count=140984 68032 72952 42522 34012 34020 27392 15130 30430 18056 15956 13121 16498 6894
is_linear=0
shrinkage=0.03


Tree=17
num_leaves=15
num_cat=0
split_feature=7 7 7 7 7 5 7 6 7 8 8 8 8 7
split_gain=18704.9 3386.85 1983.15 574.896 211.296 204.421 192.554 190.443 132.106 106.437 76.6739 69.4458 61.6048 33.2807
threshold=0.41030147671699529 0.83480229973793041 0.10773970931768419 0.67129299044609081 0.012457345612347128 0.038590396500000006 0.26447623968124395 0.85333968250000003 0.56116321682930004 11.500000000000002 12.500000000000002 13.500000000000002 13.500000000000002 0.061287458986043937
decision_type=2 2 2 2 2 2 2 2 2 2 2 2 2 2
left_child=2 3 4 8 -1 -3 12 -5 10 -8 -2 -9 -4 -6
right_child=1 5 6 7 13 -7 9 11 -10 -11 -12 -13 -14 -15
leaf_value=-0.041326066889751163 -0.0044222866993918258 0.040069970992866348 -0.023054874447530956 0.029395536219008221 -0.033410694931545526 0.029395536219008221 -0.01583515594683458 0.0099276612519937531 0.0087063521362195882 -0.0044222866993918258 0.0040679655595384119 0.01822534190610757 -0.01583515594683458 -0.026928742910422493
leaf_weight=3945.0775052905083 1634.9271390885115 4445.3730525821447 1697.9393278509378 926.61955630779266 2243.1093907058239 2672.5597796589136 1165.8892198055983 1614.3502217978239 2962.0059293657541 1993.3987758010626 2045.1453948915005 2143.5545350164175 1921.3407879918814 1304.752917766571
leaf_count=18106 6567 21350 7029 4143 9855 12053 4712 6691 12109 8019 8247 9003 7886 5564
internal_value=-7.56857e-05 0.0198756 -0.0258587 0.00967746 -0.036493 0.0360855 -0.0140855 0.01772 0.00399618 -0.00865241 0.000198404 0.0146787 -0.0188097 -0.0310682
internal_weight=32716 18444.5 14271.5 11326.6 7492.94 7117.93 6778.57 4684.52 6642.08 3159.29 3680.07 3757.9 3619.28 3547.86
internal_count=141334 80163 61171 46760 33525 33403 27646 19837 26923 12731 14814 15694 14915 15419
is_linear=0
shrinkage=0.03


Tree=18
num_leaves=15
num_cat=0
split_feature=7 7 6 7 2 7 2 7 2 4 6 3 2 7
split_gain=17736.9 2678.48 2602.89 512.693 452.473 370.484 268.084 176.648 125.523 93.6159 91.9539 77.2425 66.6914 62.2819
threshold=0.49069024622440344 0.16197661310434344 0.82982682150000009 0.68556538224220287 78.500000000000014 0.031788382679224021 64.500000000000014 0.35880918800830847 47.500000000000007 5.8545401120000014 1.0521562795000003 3.5000000000000004 117.50000000000001 0.88495364785194408
decision_type=2 2 2 2 2 2 2 2 2 2 2 2 2 2
left_child=1 5 9 8 -3 11 -5 12 -4 -2 13 -1 -6 -8
right_child=2 4 3 6 7 -7 10 -9 -10 -11 -12 -13 -14 -15
leaf_value=-0.031515646334371053 0.040247425926477925 0.0034656131711174047 0.015011612754786722 0.03015426602290119 -0.011605797117789305 -0.026539140131502999 0.015114574954831924 -0.007256515799786584 0.0040126244526862568 0.032104797175083022 0.0057324647994924103 -0.041139099327852487 -0.021081808179048769 0.026764547783734067
leaf_weight=1052.1819674670696 3936.151609018445 1885.5314057767391 496.63281488418579 1441.3881570696831 994.83410935103893 3730.973885461688 2979.8793458789587 2334.3373910039663 4492.7317666709423 2109.9406266510487 496.84869705140591 3929.3405213952065 2188.0169453918934 488.35333180427551
leaf_count=4778 19230 7576 2083 6394 4059 15984 12661 9365 18222 9768 2061 18255 8974 2218
internal_value=-0.000129589 -0.0224924 0.0217891 0.0126761 -0.00921474 -0.0337623 0.0190728 -0.0135475 0.00573246 0.0374347 0.0150116 -0.0391401 -0.0181428 0.0167911
internal_weight=32557.1 16115.2 16441.9 10395.8 7402.72 8712.5 5406.47 5517.19 4989.36 6046.09 3965.08 4981.52 3182.85 3468.23
internal_count=141628 68991 72637 43639 29974 39017 23334 22398 20305 28998 16940 23033 13033 14879
is_linear=0
shrinkage=0.03


Tree=19
num_leaves=15
num_cat=0
split_feature=7 5 7 2 2 7 5 7 3 5 7 7 3 4
split_gain=16777.2 3105.33 1981.31 526.328 433.647 372.321 255.368 248.154 156.555 108.042 90.626 82.7016 62.3894 51.912
threshold=0.42249505221843725 0.16738842100000004 0.0830102674663067 54.500000000000007 99.500000000000014 0.68556538224220287 -0.028848821499999996 0.20985398441553119 3.5000000000000004 0.50747219850000003 0.85821688175201427 0.89343127608299266 1.5000000000000002 8.537272006000002
decision_type=2 2 2 2 2 2 2 2 2 2 2 2 2 2
left_child=2 6 8 -3 7 -5 -2 -4 -1 -6 13 -8 -11 -7
right_child=1 3 4 5 9 10 11 -9 -10 12 -12 -13 -14 -15
leaf_value=-0.028962811263198475 0.039833915721911445 0.025035665086418954 -0.01507136319042943 0.001500839808791531 -0.015291118389660789 0.013471386818544413 0.025035665086418954 0.001500839808791531 -0.039246869202946059 -0.019310603790789912 0.024642857405489004 0.034030158693068899 -0.028962811263198475 0.0026008283078117101
leaf_weight=1973.849847689271 3808.7575879842043 1569.8339720070362 1221.4346366375685 5675.5967992991209 2582.0030223429203 2457.772147744894 1965.5758902877569 1689.5539137870073 4714.6437050104141 1098.8974965363741 589.22742258012295 1420.8512484282255 1029.3080448061228 474.24207869172096
leaf_count=8871 18935 6748 5086 22945 10554 10399 8843 6782 21978 4590 2691 6699 4327 1977
internal_value=-9.34119e-05 0.0192111 -0.0243232 0.00900691 -0.0138515 0.0062588 0.0344636 -0.00473735 -0.0362358 -0.0194732 0.0139148 0.0283736 -0.0244993 0.0117205
internal_weight=32271.5 17961.9 14309.7 10766.7 7621.2 9196.84 7195.18 2910.99 6688.49 4710.21 3521.24 3386.43 2128.21 2932.01
internal_count=141425 79237 62188 44760 31339 38012 34477 11868 30849 19471 15067 15542 8917 12376
is_linear=0
shrinkage=0.03


Tree=20
num_leaves=15
num_cat=0
split_feature=7 7 6 7 2 2 7 7 6 7 7 4 2 7
split_gain=15927.6 2494.58 2487.81 485.312 434.372 307.443 269.476 200.656 172.486 108.275 91.4895 82.1001 50.3372 46.3489
threshold=0.48476693034172064 0.097729541361331954 0.82982682150000009 0.83046743273735057 75.500000000000014 48.500000000000007 0.28284506499767309 0.010837605223059656 1.0675136740000002 0.20985398441553119 0.68556538224220287 5.8545401120000014 106.50000000000001 0.37815079092979437
decision_type=2 2 2 2 2 2 2 2 2 2 2 2 2 2
left_child=1 7 11 5 9 -4 -6 -1 10 -3 -7 -2 -10 -8
right_child=2 4 3 -5 6 8 13 -9 12 -11 -12 -13 -14 -15
leaf_value=-0.039837279031800565 0.039139201799355552 -0.0089552707747743432 0.025045212678452437 0.025957420578752083 -0.021079050648922321 0.0060512864234023361 -0.012824884860494044 -0.029493660864955158 0.0060512864234023361 0.00086762534238571691 0.013846211107869854 0.031344433168583222 0.00086762534238571691 -0.0058574114251935061
leaf_weight=3661.0761752426624 3786.8817577362061 690.44770283997059 950.5807788670063 1838.8754250705242 3134.0637028664351 2770.4586181938648 1551.9003573060036 3324.7756003588438 1123.6195845156908 1442.9916996955872 2674.0362131893635 2032.4951280355453 1118.4959340244532 1954.217389062047
leaf_count=17602 19164 2855 4091 8497 13145 11279 6283 14927 4567 5792 11284 9627 4522 7841
internal_value=-6.79752e-05 -0.0215681 0.0207252 0.0119792 -0.0109079 0.00898997 -0.0146891 -0.0349391 0.00698947 0.000867625 0.00988892 0.036446 0.000867625 -0.00895527
internal_weight=32054.9 15759.5 16295.4 10476.1 8773.62 8637.19 6640.18 6985.85 7686.61 2133.44 5444.49 5819.38 2242.12 3506.12
internal_count=141476 68445 73031 44240 35916 35743 27269 32529 31652 8647 22563 28791 9089 14124
is_linear=0
shrinkage=0.03


Tree=21
num_leaves=15
num_cat=0
split_feature=7 6 7 7 7 7 7 7 5 9 6 3 7 3
split_gain=14982.7 3000.62 1875.69 655.513 211.223 204.818 188.705 94.5661 85.2691 63.811 54.4515 35.7469 27.7247 27.3978
threshold=0.41030147671699529 0.82982682150000009 0.097729541361331954 0.68098869919776928 0.85821688175201427 0.19088010489940646 0.010837605223059656 0.5560617744922639 -0.028848821499999996 1.0000000180025095e-35 1.0675136740000002 3.5000000000000004 0.31507407128810888 3.5000000000000004
decision_type=2 2 2 2 2 2 2 2 2 2 2 2 2 2
left_child=2 8 6 7 10 -4 13 -3 -2 -7 -5 -8 -11 -1
right_child=1 3 5 4 -6 9 11 -9 -10 12 -12 -13 -14 -15
leaf_value=-0.032441770091188947 0.038788072281020526 3.4835746982875458e-05 -0.019886033596463955 0.015323150159139107 0.027639777046741785 -0.0053315984885192258 -0.025806549108839973 0.0071307710484946494 0.030872642447703547 -0.01512620656754509 0.0071307710484946494 -0.032441770091188947 -0.0084360372028122171 -0.040465795479018365
leaf_weight=530.74327033758163 3678.94593565166 3515.7634084224701 2218.9813707321882 3624.2911920249462 1362.9022946506739 2370.0545542985201 1645.0361597687006 3250.4593103528023 2071.5582651644945 1355.6719775497913 505.43663990497589 1654.1451474279165 989.10494577884674 3075.072532504797
leaf_count=2542 18960 14163 9390 15591 6385 9662 7401 13311 9942 5564 2108 7559 3984 15084
internal_value=6.00364e-05 0.0180954 -0.0234086 0.00970121 0.0173962 -0.0123735 -0.0344728 0.00344644 0.0359659 -0.00882043 0.0139862 -0.0291774 -0.012328 -0.0392707
internal_weight=31848.2 18009.4 13838.8 12258.9 5492.63 6933.81 6905 6766.22 5750.5 4714.83 4129.73 3299.18 2344.78 3605.82
internal_count=141646 80460 61186 51558 24084 28600 32586 27474 28902 19210 17699 14960 9548 17626
is_linear=0
shrinkage=0.03


Tree=22
num_leaves=15
num_cat=0
split_feature=5 5 5 2 2 5 3 2 4 4 8 4 2 3
split_gain=13289 2291.32 2037 845.006 313.174 307.048 241.088 235.641 206.571 157.332 112.196 106.45 79.7071 70.147
threshold=0.37817255100000008 0.14246020150000002 0.64207132450000015 99.500000000000014 59.500000000000007 0.84791324500000009 2.5000000000000004 101.50000000000001 10.146256684500001 5.8545401120000014 9.5000000000000018 7.9078164825000004 80.500000000000014 3.5000000000000004
decision_type=2 2 2 2 2 2 2 2 2 2 2 2 2 2
left_child=1 9 3 10 -3 12 7 -6 -5 -1 -2 -9 -4 -14
right_child=2 4 5 8 6 -7 -8 11 -10 -11 -12 -13 13 -15
leaf_value=0.038207854394775621 -0.012459001600239765 0.023532462186091545 -0.023747909325280349 -0.012551476632634251 0.021236229617677359 -0.038752498104538319 0.0013582371341696738 0.012302055904105897 -0.023747909325280349 0.028399451267385339 0.0013582371341696738 0.0032833328793918995 -0.025404985907021619 -0.036640397470556439
leaf_weight=3652.6836295574903 523.95500575006008 1365.3158179372549 1259.6121745556593 3986.0364869385958 1439.3294961452484 3028.1624906361103 1155.4892856925726 2157.5900367945433 2383.4672261178493 2632.1033679395914 3116.5053079873323 2597.9656794816256 1331.9071015715599 888.66895978152752
leaf_count=19169 2168 6109 5578 16340 6376 14960 4770 9129 10308 12559 12767 10619 6092 4274
internal_value=-0.000113654 0.0203243 -0.0186741 -0.0101711 0.0103583 -0.0317341 0.00789687 0.0106168 -0.0167565 0.0341259 0.00135824 0.00738374 -0.0255805 -0.0299736
internal_weight=31518.8 15000.5 16518.3 10010 8715.69 6508.35 7350.37 6194.89 6369.5 6284.79 3640.46 4755.56 3480.19 2220.58
internal_count=141218 68731 72487 41583 37003 30904 30894 26124 26648 31728 14935 19748 15944 10366
is_linear=0
shrinkage=0.03


Tree=23
num_leaves=15
num_cat=0
split_feature=7 6 7 7 2 2 7 2 7 6 4 4 2 7
split_gain=13605.3 2836.04 1663.12 614.422 398.297 247.402 207.044 160.001 158.387 146.102 91.528 88.8526 54.3067 50.826
threshold=0.41030147671699529 0.82982682150000009 0.0830102674663067 0.68098869919776928 99.500000000000014 81.500000000000014 0.20335965603590014 54.500000000000007 0.010837605223059656 1.2123029215000003 8.3611789330000015 5.8545401120000014 50.500000000000007 0.79410967230796825
decision_type=2 2 2 2 2 2 2 2 2 2 2 2 2 2
left_child=2 11 8 7 6 12 -4 -3 -1 -6 -7 -2 -5 -14
right_child=1 3 4 5 9 10 -8 -9 -10 -11 -12 -13 13 -15
leaf_value=-0.03824597700487295 0.037802307685359055 0.011299152535134666 -0.01373785217058238 0.029584332549907558 -0.01373785217058238 0.013621083030414909 0.0026913074216399074 0.0026913074216399074 -0.028532634340591178 -0.023798108464969912 0.0030214275963876725 0.029584332549907558 0.013621083030414909 0.024776165153229848
leaf_weight=3479.13058398664 3600.9952813833952 817.97958138585091 1170.1960169523954 898.24236932396889 2186.7344261556864 2689.8209368884563 1670.1719573736191 5917.9454419761896 2858.3228747397661 2290.0054824799299 520.98756732046604 1965.7991962730885 448.68959745764732 823.63755847513676
leaf_count=17588 19263 3426 4946 4169 9004 11733 6713 23955 13276 9773 2190 9655 1896 3858
internal_value=-0.000153775 0.0172135 -0.0226443 0.00906357 -0.0128868 0.0166168 -0.00408955 0.00302143 -0.033891 -0.0184577 0.0112992 0.0349295 0.0244388 0.0202684
internal_weight=31338.7 17684.1 13654.6 12117.3 7317.11 5381.38 2840.37 6735.93 6337.45 4476.74 3210.81 5566.79 2170.57 1272.33
internal_count=141445 80145 61300 51227 30436 23846 11659 27381 30864 18777 13923 28918 9923 5754
is_linear=0
shrinkage=0.03


Tree=24
num_leaves=15
num_cat=0
split_feature=5 5 5 2 4 3 2 2 5 4 2 9 3 8
split_gain=11991.7 2157.38 1803.8 813.725 301.046 295.216 264.611 245.514 188.401 168.648 77.2354 65.6651 53.2808 43.1908
threshold=0.37817255100000008 0.14246020150000002 0.69520903950000001 92.500000000000014 10.083683473000002 3.5000000000000004 59.500000000000007 39.500000000000007 0.92252733400000009 5.8545401120000014 75.500000000000014 1.0000000180025095e-35 3.5000000000000004 12.500000000000002
decision_type=2 2 2 2 2 2 2 2 2 2 2 2 2 2
left_child=1 9 3 5 13 -2 12 -7 10 -1 -4 -6 -3 -5
right_child=2 6 8 4 11 7 -8 -9 -10 -11 -12 -13 -14 -15
leaf_value=0.037508169419050073 0.0092721973887135208 0.027213248116428918 -0.023470908400317826 -0.015883489675460279 -0.019466907522748947 0.0087236396942478155 0.0092721973887135208 -0.01139398255922407 -0.039119774129142457 0.027213248116428918 -0.031522417812396286 -0.027280050649394556 0.015883144187121549 -0.01139398255922407
leaf_weight=3495.7356636077166 1727.4587467461824 732.5831997692585 943.78572651743889 1955.7806809097528 1841.8467566668987 615.4436307400465 7322.6282853782177 1411.3563325107098 2352.7007715851068 2570.92305123806 1703.3651420176029 1593.7500126510859 624.416061013937 2123.5376379191875
leaf_count=19058 7068 3416 4404 8067 8035 2524 30923 5933 12086 12544 8394 7157 2748 8681
internal_value=-0.000137681 0.0194524 -0.0178947 -0.0112324 -0.0169271 0.000174123 0.00984996 -0.00758398 -0.0328848 0.0331714 -0.0272801 -0.0234709 0.0225875 -0.011394
internal_weight=31015.3 14746.3 16269 11269.2 7514.92 3754.26 8679.63 2026.8 4999.85 6066.66 2647.15 3435.6 1357 4079.32
internal_count=141038 68689 72349 47465 31940 15525 37087 8457 24884 31602 12798 15192 6164 16748
is_linear=0
shrinkage=0.03


Tree=25
num_leaves=15
num_cat=0
split_feature=7 6 7 7 2 2 2 7 3 6 5 7 9 7
split_gain=12233.9 2886.11 1403.97 635.198 282.887 254.694 168.212 153.026 122.024 111.885 80.4161 60.6545 56.3928 33.6528
threshold=0.37815079092979437 0.82982682150000009 0.061287458986043937 0.68556538224220287 89.500000000000014 41.500000000000007 59.500000000000007 0.17903038859367373 3.5000000000000004 1.2249366490000002 -0.028848821499999996 0.56116321682930004 1.0000000180025095e-35 0.0081416801549494284
decision_type=2 2 2 2 2 2 2 2 2 2 2 2 2 2
left_child=2 10 8 5 7 -3 -5 -4 -1 -6 -2 -7 -11 -10
right_child=1 3 4 6 9 11 -8 -9 13 12 -12 -13 -14 -15
leaf_value=-0.026536512711202144 0.037037021077554494 0.015927485518638516 -0.014467317933146526 0.027166643993209189 -0.014467317933146526 0.00060357289648809126 0.015927485518638516 0.00060357289648809126 -0.038827838023468647 -0.018463376985545919 0.029109824741476428 0.0048771235547902326 -0.026536512711202144 -0.032396914026501113
leaf_weight=1513.9161306321621 3379.7166548073292 616.49049128592014 1000.2274774610996 1203.5238890200853 2132.9050967097282 3939.4307880550623 4025.8241457343102 1407.5225625932217 2725.201593413949 1522.5393808484077 1963.0232529640198 2984.1115488409996 1118.9548280537128 1327.6937577426434
leaf_count=7335 18800 2599 4341 5680 8879 15853 17754 5659 14342 6596 9894 12230 4909 6480
internal_value=-0.000194907 0.0156506 -0.0227036 0.0078983 -0.0139236 0.00232284 0.0159275 -0.00552405 -0.0340086 -0.0181493 0.0341544 0.000603573 -0.0224 -0.0367636
internal_weight=30861.1 18112.1 12749 12769.4 7182.15 7540.03 5229.35 2407.75 5566.81 4774.4 5342.74 6923.54 2641.49 4052.9
internal_count=141351 82810 58541 54116 30384 30682 23434 10000 28157 20384 28694 28083 11505 20822
is_linear=0
shrinkage=0.03


Tree=26
num_leaves=15
num_cat=0
split_feature=7 7 7 2 4 2 7 7 8 4 2 7 3 2
split_gain=11685.1 2222.25 1908.9 342.947 312.856 281.181 190.266 150.102 128.998 128.984 97.8958 89.3217 68.84 46.4265
threshold=0.46823582053184515 0.85821688175201427 0.097729541361331954 78.500000000000014 7.0777873810000012 48.500000000000007 0.0094790998846292513 0.28284506499767309 12.500000000000002 6.120606060500001 140.50000000000003 0.20985398441553119 1.5000000000000002 84.500000000000014
decision_type=2 2 2 2 2 2 2 2 2 2 2 2 2 2
left_child=2 4 6 11 -2 -6 -1 12 -7 -3 -10 -4 -5 -11
right_child=1 9 3 7 5 8 -8 -9 10 13 -12 -13 -14 -15
leaf_value=-0.036979604722335489 0.022045251229328589 0.036306422747120613 -0.0088874322232145985 -0.012734946718693197 0.022045251229328589 0.00074896486240119968 -0.026496483608696979 -0.0088874322232145985 0.010412346487982492 0.029856309601815897 0.000310453304245416 0.00074896486240119968 -0.022120679485256978 0.022045251229328589
leaf_weight=3186.1971143186092 1488.5344859808683 3538.8499729335308 723.7055591493845 1208.4240364581347 958.90402851998806 3269.8090952783823 3219.921570122242 3074.4184910804033 3906.9764047712088 1485.0027947127819 669.9518553763628 1454.9351578652859 1780.1861313730478 630.16701707243919
leaf_count=16993 7147 20031 3038 5210 4269 13480 15391 12462 16463 7437 2731 5838 7663 3099
internal_value=-0.000114594 0.0176506 -0.0194564 -0.00989886 0.00934348 0.00718503 -0.0317352 -0.0135646 0.00530206 0.0327538 0.00855048 0.000310453 -0.0183532 0.0267383
internal_weight=30596 15948.2 14647.8 8241.67 10294.2 8805.64 6406.12 6063.03 7846.74 5654.02 4576.93 2178.64 2988.61 2115.17
internal_count=141252 74657 66595 34211 44090 36943 32384 25335 32674 30567 19194 8876 12873 10536
is_linear=0
shrinkage=0.03


Tree=27
num_leaves=15
num_cat=0
split_feature=7 7 7 2 7 2 7 4 3 7 7 8 5 5
split_gain=10983.6 2790.08 1317.52 364.497 360.596 251.949 227.339 166.061 119.471 88.7927 88.6849 50.4634 46.6431 45.3961
threshold=0.36545090377330786 0.82632800936698925 0.061287458986043937 45.500000000000007 0.59302887320518505 73.500000000000014 0.89343127608299266 6.689089881000001 3.5000000000000004 0.16197661310434344 0.17329802364110949 13.500000000000002 1.0000000180025095e-35 0.32868102700000007
decision_type=2 2 2 2 2 2 2 2 2 2 2 2 2 2
left_child=2 3 8 -2 -5 10 -3 -6 -1 -7 -4 13 -8 -9
right_child=1 6 5 4 7 9 12 11 -10 -11 -12 -13 -14 -15
leaf_value=-0.025626996151537289 0.022034071282459645 0.022034071282459645 -0.012645034170868584 -0.0015620577241768942 0.022034071282459645 -0.02188498864361893 0.036315246359226984 0.0069877582805231864 -0.035912577946675704 -0.013607157950402746 -0.0015620577241768942 0.010673332996750415 0.029408784251285576 -0.0015620577241768942
leaf_weight=1464.5029619634151 1167.2983258664608 1643.5481828451157 687.34245833754539 4913.2331583499908 494.60756485164165 1846.4210206568241 3242.5845701396465 1931.8831091672182 3906.5488827824593 3297.2986309528351 1025.777698725462 2749.6851172894239 1445.5376239866018 572.96521194279194
leaf_count=7269 5145 8258 3018 19826 2475 8320 18755 8181 20776 13819 4125 11686 7362 2356
internal_value=-3.62764e-05 0.0147614 -0.0220114 0.00615365 0.00440558 -0.0132807 0.0308259 0.00950246 -0.0331345 -0.016597 -0.00330402 0.00786767 0.0342193 0.00477264
internal_weight=30389.2 18161.3 12227.9 11829.7 10662.4 6856.84 6331.67 5749.14 5371.05 5143.72 1713.12 5254.53 4688.12 2504.85
internal_count=141371 84044 57327 49669 44524 29282 34375 24698 28045 22139 7143 22223 26117 10537
is_linear=0
shrinkage=0.03


Tree=28
num_leaves=15
num_cat=0
split_feature=7 6 7 2 2 5 7 7 5 3 6 7 2 2
split_gain=10449 2421.48 1518.18 475.715 323.61 264.415 152.97 134.299 124.786 124.726 112.404 96.4647 62.114 52.3713
threshold=0.41030147671699529 0.84461581050000012 0.061287458986043937 69.500000000000014 100.50000000000001 0.37199576350000002 0.17903038859367373 0.67129299044609081 -0.028848821499999996 3.5000000000000004 1.2291923000000002 0.70909711718559276 110.50000000000001 35.500000000000007
decision_type=2 2 2 2 2 2 2 2 2 2 2 2 2 2
left_child=2 8 9 11 6 7 -4 -5 -2 -1 -6 13 -7 -3
right_child=1 3 4 5 10 12 -8 -9 -10 -11 -12 -13 -14 -15
leaf_value=-0.024996788684380839 0.035846331127330461 0.022056068337954059 -0.01423489442751757 0.0031013970990892317 -0.01423489442751757 0.0031013970990892317 -0.0034533439455964343 0.011877198570561433 0.026400967446406527 -0.035542443517417831 -0.021877299488484693 0.02462639861341789 -0.0034533439455964343 0.011877198570561433
leaf_weight=1459.9129789471626 3206.5078335255384 475.40901421010494 1195.5924644470215 2939.8854472488165 2459.3448738604784 1055.0691500753164 1897.8786651939154 3373.3245427757502 2225.2269446998835 3793.8293632119894 2242.5041849166155 1328.5961326509714 1618.7334771603346 846.59473149478436
leaf_count=7328 18926 2056 5273 11963 10280 4289 7662 14925 11536 20540 9956 6402 6529 3517
internal_value=2.63416e-05 0.0154743 -0.0201792 0.0077485 -0.0117665 0.00444922 -0.00422118 0.00779624 0.0320047 -0.0326386 -0.016721 0.0189055 -0.00345334 0.0130849
internal_weight=30118.4 17069.3 13049.1 11637.6 7795.32 8987.01 3093.47 6313.21 5431.73 5253.74 4701.85 2650.6 2673.8 1322
internal_count=141182 80143 61039 49681 33171 37706 12935 26888 30462 27868 20236 11975 10818 5573
is_linear=0
shrinkage=0.03


Tree=29
num_leaves=15
num_cat=0
split_feature=7 7 7 6 2 2 7 4 3 6 7 8 9 2
split_gain=9884.78 2585.76 1294.68 420.575 353.552 235.083 226.4 130.239 120.33 112.807 87.733 65.5686 60.1401 46.6748
threshold=0.37815079092979437 0.85821688175201427 0.061287458986043937 0.85333968250000003 48.500000000000007 83.500000000000014 0.57191166281700145 6.120606060500001 3.5000000000000004 1.2291923000000002 0.17903038859367373 13.500000000000002 1.0000000180025095e-35 110.50000000000001
decision_type=2 2 2 2 2 2 2 2 2 2 2 2 2 2
left_child=2 3 8 -2 -5 10 -6 -3 -1 -7 -4 -8 -11 -13
right_child=1 7 5 4 6 9 11 -9 -10 12 -12 13 -14 -15
leaf_value=-0.024572746938473729 0.023371800812965759 0.035254567770582536 -0.01099313075497243 0.020017837109546351 -0.0024654059993784211 -0.01099313075497243 0.0032784817458195383 0.025457709812903507 -0.034988121056699441 -0.016230926628400383 -0.0024654059993784211 0.013308253200556392 -0.024572746938473729 0.0059234698635015209
leaf_weight=1443.581760212779 1215.716176867485 3349.682108387351 878.46003559231758 1219.3040419369936 4098.4161911308765 2239.2036973387003 2647.0889344513416 2046.7868000566959 3756.5048965364695 1574.0819348245859 1275.0710352957249 1586.9672344624996 1120.2068202793598 1520.1214434057474
leaf_count=7328 6121 20127 3876 5432 16497 9428 11115 10564 20709 6953 5128 6886 5035 6433
internal_value=-9.4357e-05 0.0142652 -0.0207586 0.0066574 0.0048124 -0.0124031 0.00292146 0.0315658 -0.0321231 -0.0160107 -0.00412071 0.00675707 -0.0201526 0.00971062
internal_weight=29971.2 17684.1 12287.1 12287.6 11071.9 7087.02 9852.59 5396.47 5200.09 4933.49 2153.53 5754.18 2694.29 3107.09
internal_count=141632 83175 58457 52484 46363 30420 40931 30691 28037 21416 9004 24434 11988 13319
is_linear=0
shrinkage=0.03


Tree=30
num_leaves=15
num_cat=0
split_feature=7 7 6 7 7 7 8 8 6 5 7 9 3 3
split_gain=9439.52 1944.38 1890.04 341.727 221.817 198.119 116.504 86.28 82.9081 77.0897 50.8957 42.7384 37.554 34.2842
threshold=0.50206935405731212 0.10773970931768419 0.8244342305000002 0.83046743273735057 0.012457345612347128 0.29611137509346014 13.500000000000002 20.500000000000004 1.0766018005000002 -0.028848821499999996 0.68556538224220287 1.0000000180025095e-35 3.5000000000000004 3.5000000000000004
decision_type=2 2 2 2 2 2 2 2 2 2 2 2 2 2
left_child=1 4 9 6 13 7 8 11 -4 -2 -8 -3 -6 -1
right_child=2 5 3 -5 12 -7 10 -9 -10 -11 -12 -13 -14 -15
leaf_value=-0.027320977302362017 0.035308436758808216 -0.010713011682058755 0.0054605665685636068 0.021513321063558095 -0.020482585963541342 -0.0033742074408411424 0.0072942464384828506 -0.0034981975327805508 -0.0033742074408411424 0.027109706289496344 0.013866804739811689 -0.017651344250421787 -0.027320977302362017 -0.036612298862502272
leaf_weight=489.1291598379612 3095.6034988611937 1483.3423994779587 2949.6775985509157 1744.8748708367348 1627.1967168450356 4616.7422535121441 2392.0209930837154 789.16138380765915 837.85441015660763 1724.4228523224592 1935.9422500878572 1826.0306603461504 1500.8239197582006 2660.7311842888594
leaf_count=2647 19042 6406 12436 8854 7919 18715 9931 3333 3422 9297 8577 7860 7545 15368
internal_value=-7.79084e-05 -0.0168181 0.0170189 0.00948443 -0.0295412 -0.00764169 0.0068865 -0.0124388 0.00303826 0.0324064 0.0102468 -0.0145623 -0.023802 -0.0351938
internal_weight=29673.6 14993.2 14680.4 9860.37 6277.88 8715.28 8115.5 4098.53 3787.53 4820.03 4327.96 3309.37 3128.02 3149.86
internal_count=141352 69793 71559 43220 33479 36314 34366 17599 15858 28339 18508 14266 15464 18015
is_linear=0
shrinkage=0.03


Tree=31
num_leaves=15
num_cat=0
split_feature=7 7 7 6 2 2 7 7 7 6 6 7 2 9
split_gain=8901.35 2412.49 1229.68 315.378 301.649 224.349 190.286 181.399 126.63 110.569 98.0478 71.6504 65.4119 62.6312
threshold=0.37815079092979437 0.83046743273735057 0.061287458986043937 0.82982682150000009 45.500000000000007 77.500000000000014 0.56116321682930004 0.92114984989166271 0.0016055412706919017 1.2123029215000003 1.0735930680000003 0.17903038859367373 104.50000000000001 1.0000000180025095e-35
decision_type=2 2 2 2 2 2 2 2 2 2 2 2 2 2
left_child=2 3 8 -2 -5 11 -6 -3 -1 -7 -8 -4 -12 -11
right_child=1 7 5 4 6 9 10 -9 -10 13 12 -13 -14 -15
leaf_value=-0.036949031575466869 0.025743224302673218 0.025743224302673218 -0.0092846738072406686 0.020007732375859302 -0.0021785849309823358 -0.0092846738072406686 0.0083532858149716876 0.033987639203273357 -0.027052403719882774 -0.014695659918907571 0.0073225541725477523 -0.0021785849309823358 -0.0021785849309823358 -0.023377891763596344
leaf_weight=2034.0090180635452 669.8987572491169 2155.4638781100512 777.65606081485748 1029.8579270243645 3889.9218008965254 1950.6476313322783 4674.2831872552633 3672.7438355088234 2988.7086132764816 1805.1788949966431 663.99226151406765 1143.9093339443207 590.12768007814884 1335.7326897531748
leaf_count=11973 3513 11530 3462 4598 15665 8216 19951 22302 16010 7996 2751 4601 2410 6037
internal_value=5.19948e-05 0.0138049 -0.0197665 0.00584139 0.00460112 -0.0116383 0.00297573 0.0295245 -0.0310929 -0.0149322 0.00635672 -0.00289447 -0.00108837 -0.0184192
internal_weight=29382.1 17346.3 12035.8 11518.1 10848.2 7013.12 9818.32 5828.21 5022.72 5091.56 5928.4 1921.57 1254.12 3140.91
internal_count=141015 82720 58295 48888 45375 30312 40777 33832 27983 22249 25112 8063 5161 14033
is_linear=0
shrinkage=0.03


Tree=32
num_leaves=15
num_cat=0
split_feature=7 7 7 7 5 3 8 8 5 7 7 8 5 5
split_gain=8476.58 1963.46 1659.05 297.468 246.904 176.804 133.437 128.599 70.8359 62.4478 59.024 59.016 48.3983 46.524
threshold=0.5346466898918153 0.0830102674663067 0.88034600019454967 0.26447623968124395 0.10834711400000001 3.5000000000000004 12.500000000000002 11.500000000000002 0.089179457000000018 0.0081416801549494284 0.68556538224220287 19.500000000000004 0.27971187850000007 0.40219146700000002
decision_type=2 2 2 2 2 2 2 2 2 2 2 2 2 2
left_child=1 5 4 11 -2 -1 12 13 -4 -7 -8 -3 -6 -5
right_child=2 3 8 7 6 9 10 -9 -10 -11 -12 -13 -14 -15
leaf_value=-0.021540584019530819 0.023924767072066935 -0.015793679862747833 0.033893817982106063 -0.0040782664482119325 0.0066403760449173892 -0.036339953822894573 0.0073104542391875518 0.00020871414756537358 0.024688508004151018 -0.028025497296647908 0.013990989611856852 -0.0087852216844904914 0.00020871414756537358 -0.012674179514591941
leaf_weight=1724.1735369712114 968.35976810753345 3074.9092900753021 3536.6597328186035 1043.633148252964 1692.8136254698038 2377.6285484582186 2165.2502622008324 3781.3499380946159 1048.5807898193598 1423.1935418844223 2698.6906441152096 936.87832133471966 1472.9867155104876 1252.9059463739395
leaf_count=8926 5286 13598 22217 4224 7406 14334 9035 15389 5571 7556 12404 4062 6102 5147
internal_value=-0.000188455 -0.0152624 0.017139 -0.00738368 0.00964541 -0.0296307 0.00790955 -0.00319409 0.0318179 -0.0332676 0.0110276 -0.0137191 0.0031091 -0.00878522
internal_weight=29198 15614.7 13583.3 10089.7 8998.1 5525 8029.74 6077.89 4585.24 3800.82 4863.94 4011.79 3165.8 2296.54
internal_count=141257 73236 68021 42420 40233 30816 34947 24760 27788 21890 21439 17660 13508 9371
is_linear=0
shrinkage=0.03


Tree=33
num_leaves=15
num_cat=0
split_feature=5 6 5 2 6 3 2 2 5 5 8 3 4 3
split_gain=7475.65 1740.4 1436.55 603.232 416.044 293.37 253.303 165.75 111.312 86.9679 67.8359 51.6332 42.3574 42.2094
threshold=0.37199576350000002 0.82982682150000009 0.74337297000000013 99.500000000000014 1.2123029215000003 3.5000000000000004 59.500000000000007 39.500000000000007 0.92252733400000009 -0.028848821499999996 21.500000000000004 3.5000000000000004 7.2699095020000009 1.0000000180025095e-35
decision_type=2 2 2 2 2 2 2 2 2 2 2 2 2 2
left_child=1 9 3 5 -5 -2 11 -7 -4 -1 13 -3 -8 -6
right_child=2 6 8 4 10 7 12 -9 -10 -11 -12 -13 -14 -15
leaf_value=0.034351436298489565 0.0072599422779177089 0.025629370007612881 -0.024783508702481492 -0.0072006567725098466 -0.016123224340987882 0.0072599422779177089 0.013194376795853771 -0.0072006567725098466 -0.035502274006150643 0.025710698736617091 -0.010998392975851376 0.013869638855247363 0.0072599422779177089 -0.024783508702481492
leaf_weight=2889.7466063499451 2208.2152759581804 759.15761741995811 1680.6090255528688 3586.9894442856312 661.59889417886734 664.08936892449856 1366.5943429321051 1715.6455934941769 1985.6061866283417 1802.9448114484549 492.64688035845757 643.77566881477833 5931.3683942109346 2564.4581756740808
leaf_count=18893 9208 3894 9323 14856 3006 2777 6424 7633 12089 10079 2278 3012 25296 12384
internal_value=-8.12085e-05 0.016346 -0.0142221 -0.00915388 -0.014505 -0.000626413 0.0083956 -0.00720066 -0.0306292 0.0310625 -0.0215315 0.0203015 0.00725994 -0.0231205
internal_weight=28953.4 13393.6 15559.9 11893.6 7305.69 4587.95 8700.9 2379.73 3666.22 4692.69 3718.7 1402.93 7297.96 3226.06
internal_count=141152 67598 73554 52142 32524 19618 38626 10410 21412 28972 17668 6906 31720 15390
is_linear=0
shrinkage=0.03


Tree=34
num_leaves=15
num_cat=0
split_feature=7 7 7 2 4 2 7 7 8 5 3 7 2 4
split_gain=7689 1734.22 1702.95 280.899 240.825 211.471 197.484 173.818 95.5168 75.3692 67.0623 62.9409 55.8667 75.5533
threshold=0.50206935405731212 0.0830102674663067 0.88034600019454967 71.500000000000014 7.0777873810000012 44.500000000000007 0.28284506499767309 0.0068920620251446971 12.500000000000002 0.019901647000000005 1.5000000000000002 0.17903038859367373 104.50000000000001 7.7787193975000006
decision_type=2 2 2 2 2 2 2 2 2 2 2 2 2 2
left_child=1 7 4 11 -2 -6 10 -1 -7 -4 -5 -3 -10 -14
right_child=2 3 9 6 5 8 -8 -9 12 -11 -12 -13 13 -15
leaf_value=-0.034657023476200109 0.018988044090718033 -0.0057671205852623635 0.033831677910562283 -0.01023094873889481 0.018988044090718033 0.0020712262382850529 -0.0057671205852623635 -0.023704494989684816 0.011612262751513305 0.025310540118728381 -0.019129574331255391 0.0020712262382850529 0.011612262751513305 0.0020712262382850529
leaf_weight=2557.3903980255127 1656.1474524587393 529.72427840530872 2938.3916374444962 1251.1209118962288 778.53503964841366 2994.8125873357058 3882.9641771167517 2799.6012520045042 1916.5888057649136 1509.9770935475826 2038.1486919075251 1587.1186861842871 660.60666736960411 1754.7518055289984
leaf_count=15889 8688 2334 19594 5617 3694 12535 15805 14910 8432 8352 9134 6423 2936 7326
internal_value=-0.000123275 -0.0153743 0.0155958 -0.00752774 0.00857705 0.00643939 -0.0103603 -0.0289606 0.00483197 0.0309709 -0.0157655 0.00207123 0.0077906 0.00474039
internal_weight=28855.9 14646.1 14209.8 9289.08 9761.44 8105.29 7172.23 5356.99 7326.76 4448.37 3289.27 2116.84 4331.95 2415.36
internal_count=141669 70112 71557 39313 43611 34923 30556 30799 31229 27946 14751 8757 18694 10262
is_linear=0
shrinkage=0.03


Tree=35
num_leaves=15
num_cat=0
split_feature=7 7 7 7 2 2 3 5 2 3 7 5 5 7
split_gain=7369.05 2333.58 984.503 397.178 211.173 174.209 113.796 111.671 106.219 93.1727 88.8611 69.0223 55.5976 42.4646
threshold=0.33988255262374883 0.88034600019454967 0.061287458986043937 0.68098869919776928 56.500000000000007 93.500000000000014 3.5000000000000004 0.23895440400000004 40.500000000000007 1.5000000000000002 0.17903038859367373 0.019901647000000005 0.095692005000000011 0.010837605223059656
decision_type=2 2 2 2 2 2 2 2 2 2 2 2 2 2
left_child=2 3 6 4 -2 10 -1 -6 -5 -7 -4 -3 -10 -8
right_child=1 11 5 8 7 9 13 -9 12 -11 -12 -13 -14 -15
leaf_value=-0.022374582211672919 0.012118100767264696 0.033596829992104789 -0.010347916282103808 0.0259083463630457 0.010219693029946081 -0.010347916282103808 -0.035242855802853336 -0.0017310477842707084 0.021947065731929248 -0.019814110592295993 -0.0017310477842707084 0.0259083463630457 0.012118100767264696 -0.027432774740130585
leaf_weight=1332.8346022814512 1089.96190944314 2865.9602452516556 1027.491100281477 501.55305591225624 785.54423551261425 1716.1284390389919 2363.0190895199776 6402.0594346821308 632.57777719199657 2112.0635619610548 1223.4128360450268 1491.3409759700298 3949.4704591333866 1019.9280402511358
leaf_count=7267 4663 19526 4655 2626 3388 7669 15118 25994 3633 9602 4955 8361 17989 5670
internal_value=-0.000158554 0.0117446 -0.0196925 0.00552228 0.00146663 -0.0116979 -0.0299751 -0.000418737 0.0121181 -0.0155896 -0.00505935 0.0307965 0.0121181 -0.0329321
internal_weight=28513.3 17718.5 10794.9 13361.2 8277.57 6079.1 4715.78 7187.6 5083.6 3828.19 2250.9 4357.3 4582.05 3382.95
internal_count=141116 86180 54936 58293 34045 26881 28055 29382 24248 17271 9610 27887 21622 20788
is_linear=0
shrinkage=0.03


Tree=36
num_leaves=15
num_cat=0
split_feature=7 6 7 7 7 8 3 5 7 8 8 7 7 4
split_gain=6875.22 2220.99 1028.63 383.615 173.268 148.191 136.042 99.4685 88.4386 83.9086 61.5565 50.5225 47.1402 41.8774
threshold=0.35880918800830847 0.82982682150000009 0.061287458986043937 0.6372092366218568 0.85821688175201427 20.500000000000004 3.5000000000000004 -0.028848821499999996 0.17903038859367373 17.500000000000004 18.500000000000004 0.20985398441553119 0.0081416801549494284 13.060385216000002
decision_type=2 2 2 2 2 2 2 2 2 2 2 2 2 2
left_child=2 7 6 9 10 8 13 -2 -4 -3 -5 -7 -8 -1
right_child=1 3 5 4 -6 11 12 -9 -10 -11 -12 -13 -14 -15
leaf_value=-0.01762498938899297 0.033626935267148585 -0.0014842104860647355 -0.01762498938899297 0.0062454875927619117 0.021328919817187156 -0.0083151511174172528 -0.035220601383296919 0.024205006985861678 -0.0096673161164256803 0.0055816679279633253 0.013594677957342699 0.00042627263229011897 -0.027207467759411037 -0.027207467759411037
leaf_weight=890.84915947914124 2730.520005941391 4654.5051356554031 2160.9631274789572 3539.0177535414696 1146.2117055803537 650.24403063952923 2186.4762686789036 1723.2368620485067 3066.3817953616381 1994.2234185636044 1451.4851442277431 604.40475131571293 1119.4177156984806 431.76098276674747
leaf_count=4792 19023 18928 10159 15677 6281 2960 14325 10046 13026 8189 6607 2490 6393 2508
internal_value=-7.8822e-05 0.0117804 -0.0184768 0.00542006 0.0108258 -0.0107502 -0.0292743 0.0300127 -0.0129707 0.000426273 0.00839446 -0.00148421 -0.0325524 -0.0209886
internal_weight=28349.7 17239.2 11110.5 12785.4 6136.71 6481.99 4628.5 4453.76 5227.34 6648.73 4990.5 1254.65 3305.89 1322.61
internal_count=141404 84751 56653 55682 28565 28635 28018 29069 23185 27117 22284 5450 20718 7300
is_linear=0
shrinkage=0.03


Tree=37
num_leaves=15
num_cat=0
split_feature=7 6 7 2 2 6 7 3 7 5 9 8 7 2
split_gain=6530.85 1607.44 1570.08 310.765 270.496 211.331 139.133 129.319 95.8014 77.5308 62.0173 50.111 47.9581 47.5808
threshold=0.50206935405731212 0.81920447200000013 0.061287458986043937 66.500000000000014 89.500000000000014 1.2041840300000002 0.20335965603590014 3.5000000000000004 0.88034600019454967 -0.10122430549999999 1.0000000180025095e-35 12.500000000000002 0.85821688175201427 139.50000000000003
decision_type=2 2 2 2 2 2 2 2 2 2 2 2 2 2
left_child=2 9 7 12 6 -6 -4 -1 -5 -2 13 -8 -3 -7
right_child=1 3 4 8 5 10 11 -9 -10 -11 -12 -13 -14 -15
leaf_value=-0.020877423620064384 0.034138832789230841 0.018048100852706188 -0.0061015865317529498 0.0044419853015423075 -0.0061015865317529498 -0.0080748261112872245 -0.004395856911866591 -0.032212574438017907 0.018048100852706188 0.025631116100606564 -0.020877423620064384 0.0044419853015423075 0.025631116100606564 -0.01789618746496914
leaf_weight=1316.3262207359076 2191.8203627318144 1513.060009047389 1152.2276543229818 7132.7582891136408 3539.3876203894615 868.04232780635357 573.67114651203156 3233.5032592266798 460.74674873054028 1923.4365411996841 1240.1070290058851 1465.2078873068094 578.07896164059639 936.38360539078712
leaf_count=7343 15673 7037 5174 30683 14676 3898 2318 20662 2537 11935 5813 5924 3306 4258
internal_value=-0.000224174 0.014502 -0.0144108 0.00782009 -0.00762762 -0.0110998 -0.000457723 -0.0289597 0.00499343 0.0301983 -0.0168908 0.00444199 0.0180481 -0.0132069
internal_weight=28124.8 13799.9 14324.9 9684.64 9775.03 6583.92 3191.11 4549.83 7593.51 4115.26 3044.53 2038.88 2091.14 1804.43
internal_count=141237 71171 70066 43563 42061 28645 13416 28005 33220 27608 13969 8242 10343 8156
is_linear=0
shrinkage=0.03


Tree=38
num_leaves=15
num_cat=0
split_feature=7 7 7 7 2 7 2 5 7 2 5 3 3 8
split_gain=6341.84 1941.32 1067.74 300.614 197.089 159.556 130.811 125.948 115.918 99.5478 81.032 66.8352 49.2381 30.3732
threshold=0.37815079092979437 0.88034600019454967 0.061287458986043937 0.6372092366218568 113.50000000000001 0.1969740837812424 51.500000000000007 0.10834711400000001 0.0016055412706919017 64.500000000000014 0.019901647000000005 1.5000000000000002 3.5000000000000004 16.500000000000004
decision_type=2 2 2 2 2 2 2 2 2 2 2 2 2 2
left_child=2 3 8 9 5 -4 -5 -8 -1 -2 -3 -6 -10 -13
right_child=1 10 4 6 11 -7 7 -9 12 -11 -12 13 -14 -15
leaf_value=-0.034870603396469774 0.0069977562295613499 0.032707488578432184 -0.011662685556739289 0.021603973290939403 -0.011662685556739289 0.0012441082501688306 0.020475919814857763 0.0069977562295613499 -0.01980458452765093 0.0012441082501688306 0.023614960120086376 -0.01980458452765093 -0.028290331301579954 -0.011860301935143267
leaf_weight=1757.0105694532394 1022.1161813735962 2699.6366957128048 1532.0741631835699 831.86547274887562 1970.2836086153984 1750.5885066390038 718.60395132005215 4642.7857209146023 1126.9302434921265 5267.6353909820318 1424.1254981607199 1125.4264956265688 1566.4323493987322 462.867984354496
leaf_count=11957 4354 19620 7029 4357 8788 7182 4209 20811 6279 21423 8304 5175 9641 2103
internal_value=-2.66143e-05 0.0117665 -0.0173685 0.00586575 -0.00991619 -0.00460417 0.0105546 0.00882167 -0.0288003 0.00124411 0.0295998 -0.014803 -0.0247831 -0.0194239
internal_weight=27898.4 16606.8 11291.6 12483 6841.24 3282.66 6193.26 5361.39 4450.37 6289.75 4123.76 3558.58 2693.36 1588.29
internal_count=141232 83078 58154 55154 30277 14211 29377 25020 27877 25777 27924 16066 15920 7278
is_linear=0
shrinkage=0.03


Tree=39
num_leaves=15
num_cat=0
split_feature=7 6 7 2 4 2 7 9 7 6 2 8 6 2
split_gain=5850.77 2152.14 900.54 426.41 269.891 152.486 122.327 103.454 103.058 83.4757 67.5471 64.3163 49.6655 40.9758
threshold=0.33405610918998724 0.8244342305000002 0.061287458986043937 69.500000000000014 8.3611789330000015 72.500000000000014 0.0016055412706919017 1.0000000180025095e-35 0.70909711718559276 0.71742096600000005 109.50000000000001 20.500000000000004 1.3357009595000002 115.50000000000001
decision_type=2 2 2 2 2 2 2 2 2 2 2 2 2 2
left_child=2 9 6 8 7 -4 -1 -5 -3 -2 -6 12 13 -7
right_child=1 3 5 4 10 11 -8 -9 -10 -11 -12 -13 -14 -15
leaf_value=-0.034637534296640467 0.032806951166454795 0.0096895924042161193 -0.0030702023427421608 0.0096895924042161193 0.00081578308158269746 -0.0064628864513052442 -0.024204545761929566 0.00081578308158269746 0.020840450975082019 0.023701057929137646 -0.0030702023427421608 -0.0046200586298672233 -0.020831914731912118 -0.014838826789861752
leaf_weight=1715.7382405996323 2587.1011960059404 1639.1691331118345 1491.7858827263117 3388.440998390317 1774.630800306797 718.76572750508785 2677.17907358706 1816.2541054189205 1334.3927226960659 1515.6118620634079 3408.5830368697643 674.78079654276371 915.04446087777615 2078.0464041680098
leaf_count=11946 19104 6994 6390 15386 7308 3157 16051 7854 7152 9334 13897 3028 4386 9476
internal_value=-8.15802e-05 0.0104845 -0.0180433 0.00464423 0.00177409 -0.0103505 -0.0283141 0.0065967 0.0146511 0.029476 -0.0030702 -0.0131829 -0.0147312 -0.0127016
internal_weight=27735.5 17464.2 10271.3 13361.5 10387.9 5878.42 4392.92 5204.7 2973.56 4102.71 5183.21 4386.64 3711.86 2796.81
internal_count=141463 87029 54434 58591 44445 26437 27997 23240 14146 28438 21205 20047 17019 12633
is_linear=0
shrinkage=0.03


Tree=40
num_leaves=15
num_cat=0
split_feature=7 6 7 7 7 7 3 5 8 8 6 8 7 4
split_gain=5580.3 1956.51 963.577 320.14 127.449 122.804 106.57 101.422 100.633 81.1093 71.0178 52.3866 37.4153 36.7672
threshold=0.35880918800830847 0.82982682150000009 0.046766266226768501 0.68556538224220287 0.18473424762487414 0.88933348655700695 3.5000000000000004 -0.028848821499999996 12.500000000000002 13.500000000000002 1.0004706050000001 12.500000000000002 0.0040018334984779367 13.162277814500001
decision_type=2 2 2 2 2 2 2 2 2 2 2 2 2 2
left_child=2 7 6 8 -4 11 13 -2 10 -6 -3 -5 -8 -1
right_child=1 3 4 5 9 -7 12 -9 -10 -11 -12 -13 -14 -15
leaf_value=-0.015945674713410428 0.032559418884073488 0.0039449388911229353 -0.01449497444311581 0.0044014043424518571 -0.011010729827049563 0.022506437480325745 -0.034575183390882953 0.022707710437454384 0.0041835586348726809 -0.002650951269963796 -0.0054385872698408978 0.01148731429137188 -0.027067872949432761 -0.027067872949432761
leaf_weight=675.59639570116997 2493.6668054610491 1028.855160549283 3177.8556376546621 1464.2172503918409 1720.7078097015619 707.0840183198452 1782.8536208420992 1615.3184389173985 4389.7493484914303 1922.2751666158438 2436.4738242030144 2659.5764755010605 1110.0332768559456 360.78892479836941
leaf_count=3840 18967 4248 15461 6669 7435 4114 12767 9932 18154 8069 9899 12663 7013 2235
internal_value=-6.16617e-05 0.0107403 -0.0169348 0.00490806 -0.0101056 0.0109808 -0.0287617 0.0287188 0.00116869 -0.00626202 -0.00265095 0.00897973 -0.0317462 -0.0203186
internal_weight=27545.1 16794.9 10750.1 12686 6820.84 4830.88 3929.27 4108.99 7855.08 3642.98 3465.33 4123.79 2892.89 1036.39
internal_count=141466 84646 56820 55747 30965 23446 25855 28899 32301 15504 14147 19332 19780 6075
is_linear=0
shrinkage=0.03


Tree=41
num_leaves=15
num_cat=0
split_feature=5 5 5 2 3 3 2 2 4 8 5 5 2 2
split_gain=5051.34 1281.2 1093.59 497.292 298.541 252.169 237.407 177.537 105.108 84.176 84.0275 83.5391 61.3651 40.9132
threshold=0.32567717750000008 0.77353014000000009 0.095692005000000011 99.500000000000014 3.5000000000000004 2.5000000000000004 39.500000000000007 59.500000000000007 9.2440706010000024 20.500000000000004 -0.028848821499999996 0.92252733400000009 123.50000000000001 80.500000000000014
decision_type=2 2 2 2 2 2 2 2 2 2 2 2 2 2
left_child=2 3 10 4 -2 8 -6 -4 -5 12 -1 13 -10 -3
right_child=1 11 7 5 6 -7 -8 -9 9 -11 -12 -13 -14 -15
leaf_value=0.032373374075461335 0.0075723966525532531 -0.021143889631637276 0.01985193227260125 -0.0065584348546251503 0.0074517527234537334 -0.021143889631637276 -0.011210546478243537 0.0075723966525532531 -0.0065584348546251503 -0.0065584348546251503 0.022776082168028459 -0.033324536647725909 -0.01608302745997435 -0.029487620864951752
leaf_weight=2437.4600837379694 2659.1155191212893 515.00962607562542 1131.9638432562351 2653.0832061469555 779.23831222951412 1809.8123213350773 1934.561291217804 5660.7396544367075 515.84528717398643 789.97003683447838 1338.2980992347002 1673.3155154287815 2776.9946417063475 580.81520177423954
leaf_count=18954 11344 3051 6096 10913 3349 9305 8988 25872 2269 3539 8378 12029 12988 3907
internal_value=-0.000152847 -0.0104296 0.0160715 -0.00671631 0.000435609 -0.0112105 -0.00655843 0.00886565 -0.00852793 -0.0119981 0.0290063 -0.029048 -0.014286 -0.022396
internal_weight=27256.2 16687.8 10568.5 13918.6 5372.92 8545.71 2713.8 6792.7 6735.89 4082.81 3775.76 2769.14 3292.84 1095.82
internal_count=140982 81682 59300 62695 23681 39014 12337 31968 29709 18796 27332 18987 15257 6958
is_linear=0
shrinkage=0.03


Tree=42
num_leaves=15
num_cat=0
split_feature=7 6 7 2 5 7 6 2 3 6 2 2 2 3
split_gain=5069.4 2091.54 681.083 411.157 273.926 200.667 106.76 96.426 85.4185 77.4769 74.2692 51.3931 51.1391 50.6505
threshold=0.28284506499767309 0.82982682150000009 0.03742912411689759 101.50000000000001 0.32567717750000008 0.71359914541244518 0.69151714850000012 73.500000000000014 3.5000000000000004 1.1840234145000001 39.500000000000007 51.500000000000007 135.50000000000003 1.5000000000000002
decision_type=2 2 2 2 2 2 2 2 2 2 2 2 2 2
left_child=2 6 8 5 -5 10 -2 -4 -1 12 -3 -7 -6 -9
right_child=1 3 7 4 9 11 -8 13 -10 -11 -12 -13 -14 -15
leaf_value=-0.020617802275246816 0.032606803165983189 0.014629693023785331 -0.0058524171269968821 0.005250201111279597 0.000411419467946306 0.022530028861237887 0.022530028861237887 -0.012035139382609807 -0.031720864121392932 -0.012035139382609807 0.005250201111279597 0.014629693023785331 -0.0068000457845009323 -0.01722900844993908
leaf_weight=870.97318623960018 2187.2492124065757 761.88946323096752 1442.1943554729223 3584.2093374431133 1475.1334026604891 704.40143758058548 1784.0927046239376 1451.9535162597895 2633.7296051234007 831.68043459951878 2892.1931859999895 1760.5575375556946 2205.2318531423807 2565.7568045854568
leaf_count=5291 17385 3345 6564 15610 6075 3958 11584 6922 18883 3473 11934 8901 9006 12491
internal_value=-0.000220496 0.00888026 -0.018678 0.00349894 -0.000937085 0.00936432 0.0281139 -0.0120351 -0.0289949 -0.00585242 0.0052502 0.0159806 -0.00391297 -0.0144283
internal_weight=27151.2 18186.6 8964.61 14215.3 8096.26 6119.04 3971.34 5459.9 3504.7 4512.05 3654.08 2464.96 3680.37 4017.71
internal_count=141422 91271 50151 62302 34164 28138 28969 25977 24174 18554 15279 12859 15081 19413
is_linear=0
shrinkage=0.03


Tree=43
num_leaves=15
num_cat=0
split_feature=7 6 7 2 7 7 6 6 3 7 2 2 8 3
split_gain=4848.31 2089.24 567.05 429.148 280.466 98.5002 97.8333 88.4186 77.2625 73.3915 89.7771 61.043 58.316 42.1632
threshold=0.2521092295646668 0.8244342305000002 0.026483068242669109 66.500000000000014 0.56116321682930004 0.72700473666191112 1.0643997450000002 0.70040526000000003 2.5000000000000004 0.1183120906352997 92.500000000000014 106.50000000000001 18.500000000000004 1.5000000000000002
decision_type=2 2 2 2 2 2 2 2 2 2 2 2 2 2
left_child=2 7 8 5 -5 12 -6 -2 -1 -4 -11 -8 -3 -12
right_child=1 3 9 4 6 -7 11 -9 -10 10 13 -13 -14 -15
leaf_value=-0.016550877715278235 0.032073168236018197 0.0069258277195135623 -0.016550877715278235 -0.0041385473114482719 0.0069258277195135623 0.020467022301783447 0.0060045170069924544 0.022604603889038521 -0.031335548151218605 -0.0041385473114482719 -0.0085188037970995549 -0.0041385473114482719 0.015713415104153937 -0.016550877715278235
leaf_weight=381.73768815398216 2213.4020853117108 1111.3532021194696 2357.5612633824348 5654.0490080267191 5028.6477393805981 1107.2013394534588 559.847043171525 1601.2974052429199 2678.3401294648647 1057.2661431133747 769.6792901456356 655.86277104914188 805.77327638864517 976.35842294991016
leaf_count=2352 17955 4721 12718 23245 22941 6227 2354 10529 19578 4489 3574 2701 3473 4604
internal_value=-9.14602e-05 0.00833548 -0.0192918 0.00326682 0.00069993 0.0133477 0.00508081 0.0281333 -0.0295212 -0.0132037 -0.00987126 -0.00254802 0.0091936 -0.0140834
internal_weight=26958.4 18737.4 8220.94 14922.7 11898.4 3024.33 6244.36 3814.7 3060.08 5160.87 2803.3 1215.71 1917.13 1746.04
internal_count=141461 94146 47315 65662 51241 14421 27996 28484 21930 25385 12667 5055 8194 8178
is_linear=0
shrinkage=0.03


Tree=44
num_leaves=15
num_cat=0
split_feature=5 5 5 2 3 3 2 2 5 5 2 5 8 2
split_gain=4163.79 1219.26 1029.39 412.604 262.409 226.788 209.4 139.261 86.0202 83.3054 80.8674 73.0181 57.7281 45.6515
threshold=0.32868102700000007 0.77353014000000009 0.095692005000000011 99.500000000000014 3.5000000000000004 2.5000000000000004 39.500000000000007 58.500000000000007 -0.10122430549999999 0.92252733400000009 139.50000000000003 0.42617631550000007 21.500000000000004 78.500000000000014
decision_type=2 2 2 2 2 2 2 2 2 2 2 2 2 2
left_child=2 3 8 4 -2 10 -6 -4 -1 13 -5 -12 -13 -3
right_child=1 9 7 5 6 -7 -8 -9 -10 -11 11 12 -14 -15
leaf_value=0.032307964036587145 0.0073190057864829291 -0.019638274345036014 0.018203154633787036 -0.006030177525022472 0.0073190057864829291 -0.019638274345036014 -0.010092014895757551 0.0073190057864829291 0.022744973531721311 -0.032717762484020259 -0.006030177525022472 -0.015221039575113662 -0.006030177525022472 -0.028602584425673323
leaf_weight=1873.291859805584 2627.9516477882862 486.9272186011076 1074.9381826817989 2341.3275560587645 752.58175797760487 1765.6237747967243 1910.9201456457376 5730.1113016605377 1682.2141930386424 1562.8356940597296 1421.00944031775 2435.4441230595112 441.11976338922977 580.81434491276741
leaf_count=15692 11256 2969 5960 10097 3254 9318 8981 26395 11571 11974 5827 11590 2032 4117
internal_value=-0.00012187 -0.00956063 0.0147495 -0.00596235 0.000600222 -0.010092 -0.00603018 0.00790414 0.0278217 -0.0282481 -0.00754031 -0.0105556 -0.0133409 -0.0215839
internal_weight=26687.1 16326.6 10360.6 13696 5291.45 8404.52 2663.5 6805.05 3555.51 2630.58 6638.9 4297.57 2876.56 1067.74
internal_count=141033 81415 59618 62355 23491 38864 12235 32355 27263 19060 29546 19449 13622 7086
is_linear=0
shrinkage=0.03


Tree=45
num_leaves=15
num_cat=0
split_feature=7 7 7 6 8 7 3 6 7 5 8 7 5 6
split_gain=4427.71 1730.34 828.481 265.233 184.183 112.654 105.113 90.6138 75.7649 75.2669 41.6786 39.6685 33.8679 31.6575
threshold=0.34617033600807195 0.88495364785194408 0.046766266226768501 0.85333968250000003 12.500000000000002 0.17903038859367373 3.5000000000000004 1.0367839010000002 0.66145625710487377 1.0000000180025095e-35 10.500000000000002 0.0032736366847530012 0.77353014000000009 0.81398659250000016
decision_type=2 2 2 2 2 2 2 2 2 2 2 2 2 2
left_child=2 3 6 13 7 -4 12 -5 -6 -3 -7 -8 -1 -2
right_child=1 9 5 4 8 10 11 -9 -10 -11 -12 -13 -14 -15
leaf_value=-0.014401454712497751 0.021304173720512791 0.03142377758851149 -0.013544439283680243 0.0025236088420794644 0.0036347256284182754 -0.011468793395162075 -0.033590053078234552 -0.0055343723157884484 0.010052769534893072 0.022087412023210771 -0.0055343723157884484 -0.025644957767361153 -0.025644957767361153 0.011443107655207948
leaf_weight=640.79685090482235 766.60941212624311 2264.8187172487378 2939.5680228918791 2493.0184403806925 4187.386626675725 1064.4699263572693 1546.989694789052 2330.5441271066666 2743.2560062259436 1284.4097075760365 2372.0560387969017 1079.8931043446064 346.71543926000595 509.1746854186058
leaf_count=3811 5025 19233 14778 10777 17299 4716 12373 9567 13065 8145 10142 7422 2327 2708
internal_value=2.0428e-05 0.00952626 -0.0157514 0.00446334 0.0030493 -0.00923497 -0.0272182 -0.00145145 0.0061805 0.0280809 -0.00553437 -0.0303788 -0.0187001 0.0174286
internal_weight=26569.7 16579.2 9990.49 13030 11754.2 6376.09 3614.4 4823.56 6930.64 3549.23 3436.53 2626.88 987.512 1275.78
internal_count=141388 85819 55569 58441 50708 29636 25933 20344 30364 27378 14858 19795 6138 7733
is_linear=0
shrinkage=0.03


Tree=46
num_leaves=15
num_cat=0
split_feature=7 6 7 2 7 3 2 6 6 7 2 3 2 8
split_gain=4144.04 1839.74 654.879 397.555 207.708 96.247 92.4516 92.2222 81.416 79.5344 81.3989 67.973 43.3184 34.5932
threshold=0.28284506499767309 0.8244342305000002 0.03742912411689759 66.500000000000014 0.57191166281700145 3.5000000000000004 71.500000000000014 0.71742096600000005 1.0766018005000002 0.85821688175201427 40.500000000000007 1.5000000000000002 158.50000000000003 17.500000000000004
decision_type=2 2 2 2 2 2 2 2 2 2 2 2 2 2
left_child=2 7 5 9 -5 -1 -4 -2 -6 10 -3 12 -8 -13
right_child=1 3 6 4 8 -7 11 -9 -10 -11 -12 13 -14 -15
leaf_value=-0.018744490134566794 0.031153974812857445 0.017090811840655393 -0.0039275463247283983 -0.0035179912374698865 0.0061200712979628093 -0.030784256213805018 -0.0039275463247283983 0.021093505740154547 -0.0034564617329277533 0.021093505740154547 0.0061200712979628093 -0.018141830837176298 -0.011614350349600667 -0.011614350349600667
leaf_weight=832.95463947951794 2204.9451247751713 1040.9045660793781 1359.1933195143938 5353.458573192358 5050.7674841284752 2440.5248436033726 419.69259607791901 1394.3075632452965 945.57595808804035 501.10368760675192 1290.7164704352617 1861.0221426934004 996.96872989833355 702.52113722264767
leaf_count=5316 19016 4907 6256 21872 23215 18988 2003 9430 3932 3176 5715 9312 4875 3448
internal_value=-0.000120705 0.00815197 -0.0171949 0.00328686 0.000775444 -0.0277539 -0.0107015 0.0272913 0.00460831 0.0133302 0.0108573 -0.0130069 -0.00769135 -0.0159237
internal_weight=26394.7 17781.8 8612.88 14182.5 11349.8 3273.48 5339.4 3599.25 5996.34 2832.72 2331.62 3980.2 1416.66 2563.54
internal_count=141461 91263 50198 62817 49019 24304 25894 28446 27147 13798 10622 19638 6878 12760
is_linear=0
shrinkage=0.03


Tree=47
num_leaves=15
num_cat=0
split_feature=7 7 7 2 4 2 7 2 8 5 3 2 4 4
split_gain=3980.94 1571.95 806.813 228.137 219.454 154.385 115.33 94.7524 115.016 86.3558 83.9129 66.7642 52.0262 48.146
threshold=0.35880918800830847 0.88034600019454967 0.050251806154847152 39.500000000000007 7.6176844160000003 73.500000000000014 0.0016055412706919017 104.50000000000001 12.500000000000002 -0.10122430549999999 1.5000000000000002 150.50000000000003 10.406664823000002 6.602521008500001
decision_type=2 2 2 2 2 2 2 2 2 2 2 2 2 2
left_child=2 3 6 -2 13 -4 -1 8 -6 -3 11 -7 -13 -5
right_child=1 9 5 4 7 10 -8 -9 -10 -11 -12 12 -14 -15
leaf_value=-0.032864711135005498 0.018011077803598081 0.031973338352635411 -0.00079981131571339812 0.017768171463690655 -0.00079981131571339812 -0.00079981131571339812 -0.021698770478168317 -0.00079981131571339812 0.0088474682403695635 0.022329368648666796 -0.014482244343459922 -0.0053775372316348683 -0.014482244343459922 0.0088474682403695635
leaf_weight=1443.8860619589686 1001.7956655994058 1686.6965945661068 1720.8100887387991 615.16100136935711 1126.1547262519598 479.195402354002 2111.9194528535008 5379.7074783295393 2248.4494518637657 1806.8317613303661 2906.0630489438772 937.80838629603386 503.76807288825512 2308.0159906744957
leaf_count=11985 5116 15218 7546 4077 4752 2190 14319 22263 9864 12643 13896 4248 2521 10975
internal_value=-7.2022e-06 0.00922132 -0.0147768 0.00430727 0.00312443 -0.00851845 -0.0262726 0.000745982 0.00480616 0.0270246 -0.0112665 -0.0063763 -0.00990688 0.010234
internal_weight=26276.3 16172.8 10103.5 12679.3 11677.5 6547.64 3555.81 8754.31 3374.6 3493.53 4826.83 1920.77 1441.58 2923.18
internal_count=141613 84908 56705 57047 51931 30401 26304 36879 14616 27861 22855 8959 6769 15052
is_linear=0
shrinkage=0.03


Tree=48
num_leaves=15
num_cat=0
split_feature=5 5 6 6 2 2 3 5 5 2 8 2 3 2
split_gain=3468.15 1263.25 703.099 372.992 336.81 151.278 130.914 113.827 80.4504 79.7675 60.8044 55.1653 34.4255 31.2296
threshold=0.26974401100000006 0.74337297000000013 0.81398659250000016 1.2123029215000003 99.500000000000014 52.500000000000007 5.5000000000000009 0.92252733400000009 -0.10122430549999999 59.500000000000007 19.500000000000004 71.500000000000014 3.5000000000000004 136.50000000000003
decision_type=2 2 2 2 2 2 2 2 2 2 2 2 2 2
left_child=2 3 8 5 6 -2 -5 11 -1 -4 -7 -3 -6 -12
right_child=1 7 9 4 12 10 -8 -9 -10 -11 13 -13 -14 -15
leaf_value=0.031807427585942377 0.0088811105703189876 -0.016010734097787555 0.018345117868655544 -0.0013655424750910908 -0.016010734097787555 -0.0013655424750910908 -0.016010734097787555 -0.031743694021533042 0.022186341480895991 0.0088811105703189876 0.0071449986502313701 -0.024945776968383338 -0.019435023537937548 -0.0013655424750910908
leaf_weight=1710.6335634067655 824.87281203269958 513.56391846388578 800.93080632388592 2364.3377258628607 2949.5450641065836 6776.9573452919722 493.76121667772532 1441.366723254323 1573.9268265292048 3592.654965877533 1138.8625364303589 831.19255238771439 426.00184402614832 563.50089807808399
leaf_count=15720 3905 3132 4787 10390 15042 28701 2526 12051 11502 17292 4935 6103 2741 2329
internal_value=-0.000172941 -0.00726514 0.0167464 -0.00392573 -0.00960118 -0.00012016 -0.00201645 -0.0258482 0.0272378 0.00888111 -0.00136554 -0.019435 -0.0160107 0.00429636
internal_weight=26002.1 18324 7678.15 15537.8 6233.65 9304.19 2858.1 2786.12 3284.56 4393.59 8479.32 1344.76 3375.55 1702.36
internal_count=141156 91855 49301 70569 30699 39870 12916 21286 27222 22079 35965 9235 17783 7264
is_linear=0
shrinkage=0.03


Tree=49
num_leaves=15
num_cat=0
split_feature=7 7 7 2 6 7 7 2 5 9 2 2 9 7
split_gain=3482.24 1285.81 1055.03 178.773 161.727 143.284 140.83 127.733 72.044 62.4495 98.4373 51.3197 29.3837 25.0701
threshold=0.56116321682930004 0.061287458986043937 0.89343127608299266 51.500000000000007 0.81398659250000016 0.0020752742420881991 0.2521092295646668 40.500000000000007 1.0000000180025095e-35 1.0000000180025095e-35 169.50000000000003 136.50000000000003 1.0000000180025095e-35 0.20985398441553119
decision_type=2 2 2 2 2 2 2 2 2 2 2 2 2 2
left_child=1 5 4 13 -2 -1 -5 -6 -4 10 -8 -11 -7 -3
right_child=2 3 8 6 7 12 9 -9 -10 11 -12 -13 -14 -15
leaf_value=-0.032346445936838608 0.01997819061847636 0.0019556135411929469 0.030660067557467533 -0.010956069835062546 0.019147697504293869 -0.015584458643917269 0.0019556135411929469 0.005237520542949071 0.020845073880593579 -0.0034779641041277629 -0.010920293704988917 -0.010956069835062546 -0.022874248290971771 0.005237520542949071
leaf_weight=1457.2473762780428 747.66533447802067 469.65929581224918 2027.9376881420612 3393.4182547777891 590.44988539814949 855.9633119776845 2699.3980831950903 6740.6390500217676 1089.8288596197963 1707.6027505397797 660.98355406522751 1002.2587150484324 1413.830051638186 979.08438305556774
leaf_count=12617 5284 2176 18866 16532 3220 5668 11063 30596 7284 7040 2770 4175 9773 4087
internal_value=-0.000133219 -0.00976386 0.0124576 -0.00456295 0.00672856 -0.0249651 -0.00606522 0.0053646 0.0272681 -0.00332435 -0.000589526 -0.00670836 -0.0201655 0.00523752
internal_weight=25836 14639.4 11196.5 10912.4 8078.75 3727.04 9463.66 7331.09 3117.77 6070.24 3360.38 2709.86 2269.79 1448.74
internal_count=141151 75901 65250 47843 39100 28058 41580 33816 26150 25048 13833 11215 15441 6263
is_linear=0
shrinkage=0.03


Tree=50
num_leaves=15
num_cat=0
split_feature=7 7 7 7 5 8 8 3 5 7 8 5 3 7
split_gain=3386.04 1686.31 508.204 274.93 131.277 120.063 81.3932 75.5653 71.9548 58.3556 31.5824 29.7213 33.348 29.1308
threshold=0.24008473753929141 0.88933348655700695 0.024044300429522995 0.5346466898918153 0.14246020150000002 12.500000000000002 13.500000000000002 2.5000000000000004 0.019901647000000005 0.13956766575574878 14.500000000000002 0.40219146700000002 1.5000000000000002 0.00033491765498183673
decision_type=2 2 2 2 2 2 2 2 2 2 2 2 2 2
left_child=2 3 7 5 -5 11 -6 -1 -3 -4 -11 12 -2 -9
right_child=1 8 9 4 6 -7 -8 13 -10 10 -12 -13 -14 -15
leaf_value=-0.013893747961988889 0.0016097171644468605 0.030210447416652863 -0.013893747961988889 0.01531361811615325 0.0016097171644468605 0.0016097171644468605 0.0075594296325894646 -0.033738460509285029 0.020476584896483463 -0.011947477528011194 -0.006603024635095987 -0.0074783081556348014 -0.0074783081556348014 -0.026386271891171056
leaf_weight=322.54925356805325 624.66778236627579 2043.0944859459996 2764.0804533958435 1224.9067143797874 3317.710749655962 3720.7996450960636 4094.7593979984522 1017.9197537451982 1108.6695446521044 1053.0746817290783 1004.013741210103 1625.3302060067654 556.3810388147831 1265.1586404889822
leaf_count=2177 2536 19383 15477 7826 14529 15386 18946 9173 7455 4947 4484 6884 2293 10114
internal_value=-5.24268e-05 0.00687579 -0.0171323 0.00272227 0.00623228 -0.00192373 0.00472228 -0.0278007 0.0268243 -0.0113436 -0.00747831 -0.00660302 -0.00251797 -0.0297308
internal_weight=25743.1 18316.3 7426.8 15164.6 8637.38 6527.18 7412.47 2605.63 3151.76 4821.17 2057.09 2806.38 1181.05 2283.08
internal_count=141610 95238 46372 68400 41301 27099 33475 21464 26838 24908 9431 11713 4829 19287
is_linear=0
shrinkage=0.03


Tree=51
num_leaves=15
num_cat=0
split_feature=7 7 7 2 4 7 8 5 2 7 3 9 3 2
split_gain=3160.69 1682.39 397.264 343.962 222.277 151.236 106.33 73.1166 58.2748 51.426 43.9902 33.8954 30.1026 28.349
threshold=0.19088010489940646 0.88933348655700695 0.010837605223059656 127.50000000000001 8.7488317755000029 0.70909711718559276 19.500000000000004 1.0000000180025095e-35 44.500000000000007 0.061287458986043937 3.5000000000000004 1.0000000180025095e-35 1.0000000180025095e-35 169.50000000000003
decision_type=2 2 2 2 2 2 2 2 2 2 2 2 2 2
left_child=2 3 10 5 11 6 -2 -3 -7 -4 -1 -5 13 -6
right_child=1 7 9 4 12 8 -8 -9 -10 -11 -12 -13 -14 -15
leaf_value=-0.019047159139002841 0.002183011739082408 0.029831913643363666 -0.01757916980238175 0.002183011739082408 -0.0038257044583062528 0.020040931134350435 0.0097238959111652576 0.020040931134350435 0.0097238959111652576 -0.010761344419136657 -0.031541236952829239 -0.0038257044583062528 -0.010761344419136657 -0.010298748722548148
leaf_weight=333.87091908603907 5032.0982689112425 1956.5086063817143 1602.2445738911629 2060.315965294838 666.29398123919964 470.84558230638504 1723.0596460103989 1138.5025610402226 3058.0193300619721 2747.2336128950119 1655.037140019238 840.58805012702942 1470.8792087584734 778.40211671590805
leaf_count=2478 21414 19042 10521 8857 2763 2938 7360 7797 16216 13797 14949 3486 6375 3332
internal_value=-3.52564e-05 0.00603033 -0.0183949 0.002133 -0.0036955 0.00542971 0.00279658 0.0262684 0.0104591 -0.0132902 -0.0294969 0.00218301 -0.00953816 -0.00606008
internal_weight=25533.9 19195.5 6338.39 16100.5 5816.48 10284 6755.16 3095.01 3528.86 4349.48 1988.91 2900.9 2915.58 1444.7
internal_count=141325 99580 41745 72741 24813 47928 28774 26839 19154 24318 17427 12343 12470 6095
is_linear=0
shrinkage=0.03


Tree=52
num_leaves=15
num_cat=0
split_feature=7 6 7 7 8 7 3 5 6 3 8 7 7 5
split_gain=3006.3 1583.29 513.361 263.139 109.75 109.071 89.2961 86.4904 78.4041 70.0756 43.6958 42.7063 26.1549 25.267
threshold=0.24611210078001025 0.81920447200000013 0.024044300429522995 0.68556538224220287 12.500000000000002 0.88933348655700695 2.5000000000000004 -0.028848821499999996 1.1266151845000001 2.5000000000000004 13.500000000000002 0.10773970931768419 0.0094790998846292513 0.36630338850000005
decision_type=2 2 2 2 2 2 2 2 2 2 2 2 2 2
left_child=2 7 6 4 8 10 -1 -2 9 13 -5 -4 -8 -3
right_child=1 3 11 5 -6 -7 12 -9 -10 -11 -12 -13 -14 -15
leaf_value=-0.012232873694345961 0.029992541436500948 0.0027511810592786771 -0.012232873694345961 0.0027511810592786771 0.0024917448509208127 0.019319896904753258 -0.03116771343898592 0.019584041070642225 -0.0091949863325671045 -0.0091949863325671045 0.0090736458996614044 -0.0091949863325671045 -0.022355327390956109 -0.003156454295728384
leaf_weight=322.59170101583004 1901.5414019599557 1487.9459201395512 2064.1107841730118 1702.1287398189306 5713.4779474139214 688.45496012270451 1729.5686285570264 1230.0671920105815 1562.0401136875153 633.28199742734432 2345.8020286560059 2792.3224311769009 447.19734834134579 717.95338919758797
leaf_count=2220 18900 6130 12150 8083 23909 4578 15819 8892 6602 2654 11759 13129 3360 2945
internal_value=-3.43489e-05 0.00657466 -0.0161849 0.00248339 -0.000250112 0.00831496 -0.0272241 0.0259419 -0.00380826 -0.00083368 0.00642176 -0.0104814 -0.0294127 0.00169785
internal_weight=25338.5 17982.7 7355.79 14851.1 10114.7 4736.39 2499.36 3131.61 4401.22 2839.18 4047.93 4856.43 2176.77 2205.9
internal_count=141130 94452 46678 66660 42240 24420 21399 27792 18331 11729 19842 25279 19179 9075
is_linear=0
shrinkage=0.03


Tree=53
num_leaves=15
num_cat=0
split_feature=7 6 2 7 3 2 6 6 3 2 3 3 2 7
split_gain=2902.27 1657.17 371.479 356.056 221.064 248.27 162.254 86.6776 86.5182 41.4598 37.3159 37.2526 36.2138 26.3763
threshold=0.17903038859367373 0.81920447200000013 101.50000000000001 0.024044300429522995 2.5000000000000004 43.500000000000007 1.1800979590000003 0.69151714850000012 2.5000000000000004 59.500000000000007 3.5000000000000004 1.0000000180025095e-35 78.500000000000014 0.00033491765498183673
decision_type=2 2 2 2 2 2 2 2 2 2 2 2 2 2
left_child=3 7 4 8 9 -6 -4 -2 -1 -3 12 -8 -7 -10
right_child=1 2 6 -5 5 10 11 -9 13 -11 -12 -13 -14 -15
leaf_value=-0.012206026000322039 0.030276601617728556 0.019971623792111825 -0.0022024799176823488 -0.012206026000322039 0.013053811003160207 0.0068101191411897959 -0.0043675754506971908 0.019971623792111825 -0.033260627251162446 0.013053811003160207 -0.0022024799176823488 -0.012206026000322039 -0.0022024799176823488 -0.025997346424317787
leaf_weight=315.30575296282768 1701.0170807018876 538.42220713198185 7582.6325910314918 3526.410417959094 1359.8765699416399 815.39233189821243 568.27788081765175 1384.010318480432 944.51807663589716 2246.8066630810499 1302.3305067270994 1131.2121760994196 653.98291258513927 1199.5594597011805
leaf_count=2187 17344 3030 32646 19374 6592 3796 2500 10548 9151 10918 5480 5135 2767 10158
internal_value=-0.000104858 0.00556005 0.00171899 -0.0183445 0.00697926 0.00256991 -0.00220248 0.0256934 -0.0271035 0.0135037 -0.00220248 -0.0114592 0.00260117 -0.0292669
internal_weight=25269.8 19284 16198.9 5985.79 6916.81 4131.58 9282.12 3085.03 2459.38 2785.23 2771.71 1699.49 1469.38 2144.08
internal_count=141626 100756 72864 40870 32583 18635 40281 27892 21496 13948 12043 7635 6563 19309
is_linear=0
shrinkage=0.03


Tree=54
num_leaves=15
num_cat=0
split_feature=7 6 7 2 5 3 6 3 2 7 2 3 3 2
split_gain=2772.98 1568.34 404.498 313.684 202.456 170.274 91.602 90.5584 80.4126 65.7836 62.8627 48.9489 42.3489 40.6206
threshold=0.20335965603590014 0.8244342305000002 0.010837605223059656 64.500000000000014 0.37817255100000008 2.5000000000000004 0.70851723650000009 3.5000000000000004 101.50000000000001 0.061287458986043937 127.50000000000001 1.5000000000000002 3.5000000000000004 39.500000000000007
decision_type=2 2 2 2 2 2 2 2 2 2 2 2 2 2
left_child=2 6 12 7 5 8 -2 -3 -5 -4 -6 -10 -1 -9
right_child=1 3 9 4 10 -7 -8 13 11 -11 -12 -13 -14 -15
leaf_value=-0.0185244600430957 0.029620310254286911 0.016113403720486398 -0.017387158255490687 0.010558709844485833 -0.0045819359171443913 -0.0045819359171443913 0.019017635257768284 0.011528743982385965 0.0045953361313467531 -0.0097137754971989409 -0.0091326889031143541 -0.0036701307273839059 -0.031084654894429811 0.0051012427387181472
leaf_weight=319.1569464802742 1774.5212892144918 1392.8750441521406 1547.7288765013218 1298.0504562631249 2807.1049511134624 1020.4280135035515 1325.7778362706304 891.74408785998821 3992.907149463892 2955.12484164536 2731.9961774051189 764.95656426250935 1547.5591942891479 673.1442353874445
leaf_count=2468 18372 7409 10470 6768 11742 4389 9993 4245 17559 14925 11694 3198 14998 2919
internal_value=-0.000173998 0.00565671 -0.0172588 0.00177431 -0.000288609 0.00307291 0.0251242 0.0105587 0.00510124 -0.0123676 -0.00458194 0.00326398 -0.0289924 0.00557902
internal_weight=25043.1 18673.5 6369.57 15573.2 12615.4 7076.34 3100.3 2957.76 6055.91 4502.85 5539.1 4757.86 1866.72 1564.89
internal_count=141149 98288 42861 69923 55350 31914 28365 14573 27525 25395 23436 20757 17466 7164
is_linear=0
shrinkage=0.03


Tree=55
num_leaves=15
num_cat=0
split_feature=7 7 7 2 6 7 6 2 7 9 8 3 3 8
split_gain=2636.36 982.498 958.432 168.339 150.405 138.321 131.975 119.439 67.9599 61.787 57.87 40.7239 35.2851 31.0517
threshold=0.52960610389709484 0.061287458986043937 0.89343127608299266 75.500000000000014 0.81398659250000016 0.0016055412706919017 1.233428975 48.500000000000007 0.98064497113227855 1.0000000180025095e-35 13.500000000000002 2.5000000000000004 3.5000000000000004 18.500000000000004
decision_type=2 2 2 2 2 2 2 2 2 2 2 2 2 2
left_child=1 5 4 10 -2 -1 11 -6 -4 -8 -3 -5 -7 -9
right_child=2 3 8 6 7 12 9 13 -10 -11 -12 -13 -14 -15
leaf_value=-0.031432361592968319 0.018524185220401498 -0.0037904893218607357 0.021454575291176749 -0.0037904893218607357 0.014966698667391261 -0.017471115615474552 -0.0082470316982211026 0.0029597181984263509 0.031163955765008074 -0.017471115615474552 0.0029597181984263509 -0.0082470316982211026 -0.022935985081492163 0.0067946525044358646
leaf_weight=1207.9399557709694 715.28127215057611 771.05183051526546 1637.5142023041844 3558.6212999075651 827.47639831900597 954.30162837356329 1603.8468517512083 5300.6861929446459 1165.1548970043659 1120.1654262542725 1740.833974018693 1223.0741703212261 1209.600619032979 1898.2364717721939
leaf_count=12065 5432 3310 13882 15001 4580 6356 7782 23700 12427 5715 7514 5325 9651 8753
internal_value=-0.000214481 -0.00927091 0.0102889 -0.00455101 0.0053876 -0.023266 -0.00679963 0.00420612 0.0255394 -0.0120652 0.0021682 -0.00379049 -0.0186454 0.00295972
internal_weight=24933.8 13389.4 11544.3 10017.6 8741.68 3371.84 7505.71 8026.4 2802.67 2724.01 2511.89 4781.7 2163.9 7198.92
internal_count=141493 72719 68774 44647 42465 28072 33823 37033 26309 13497 10824 20326 16007 32453
is_linear=0
shrinkage=0.03


Tree=56
num_leaves=15
num_cat=0
split_feature=7 7 7 2 2 3 3 5 2 4 8 3 7 4
split_gain=2523.46 1455.08 348.114 287.475 156.543 279.672 104.756 92.2311 78.0238 59.0889 40.1134 40.0622 38.0957 32.81
threshold=0.17903038859367373 0.88034600019454967 0.0068920620251446971 136.50000000000003 50.500000000000007 2.5000000000000004 1.5000000000000002 -0.10122430549999999 101.50000000000001 7.1457609805000013 19.500000000000004 3.5000000000000004 0.043516790494322784 9.2440706010000024
decision_type=2 2 2 2 2 2 2 2 2 2 2 2 2 2
left_child=2 3 11 4 -2 8 -5 -3 -6 -10 13 -1 -4 -11
right_child=1 7 12 6 5 -7 -8 -9 9 10 -12 -13 -14 -15
leaf_value=-0.017409247267314146 0.012000129967057646 0.030246410571775309 -0.017409247267314146 -0.0045414305924803182 0.01099943147183224 -0.0045414305924803182 -0.012801954983604619 0.019483782245350797 0.01099943147183224 0.0022419701103295144 0.0077064710796548412 -0.031288935394863285 -0.012801954983604619 -0.0045414305924803182
leaf_weight=242.00330496579409 1923.6386561244726 1369.9784852266312 1267.2006919682026 4113.7885684818029 2113.1279299110174 3233.9600350931287 484.28416505455971 1608.8114323168993 747.9729347974062 1957.810630813241 892.98453040421009 1366.8814436122775 2878.3293463587761 591.72616821527481
leaf_count=1955 9511 15258 9327 17426 10079 14306 2165 12726 4371 8465 3930 13997 15452 2560
internal_value=-2.52812e-05 0.00523722 -0.0174253 0.00166217 0.00420407 0.00262622 -0.00467151 0.024476 0.00630414 0.00392617 0.00225376 -0.0292616 -0.012802 0.000332586
internal_weight=24792.5 19038.1 5754.41 16059.3 11461.2 9537.58 4598.07 2978.79 6303.62 4190.49 3442.52 1608.88 4145.53 2549.54
internal_count=141528 100797 40731 72813 53222 43711 19591 27984 29405 19326 14955 15952 24779 11025
is_linear=0
shrinkage=0.03


Tree=57
num_leaves=15
num_cat=0
split_feature=7 6 7 7 8 7 6 6 3 8 3 7 9 7
split_gain=2352.8 1446.78 339.226 260.065 125.378 104.32 93.1667 64.5592 53.5574 50.5084 48.284 36.3473 36.1663 27.1717
threshold=0.17903038859367373 0.81920447200000013 0.010837605223059656 0.58264902234077465 11.500000000000002 0.85821688175201427 0.69151714850000012 1.1365027830000003 3.5000000000000004 19.500000000000004 1.5000000000000002 0.03742912411689759 1.0000000180025095e-35 0.95071598887443554
decision_type=2 2 2 2 2 2 2 2 2 2 2 2 2 2
left_child=2 6 8 4 7 9 -2 10 -1 -5 -3 -4 -6 -8
right_child=1 3 11 5 12 -7 13 -9 -10 -11 -12 -13 -14 -15
leaf_value=-0.016330414292028354 0.029525677438844364 0.0011942787817462506 -0.016330414292028354 0.0026558035901635109 0.0026558035901635109 0.014472761553868604 0.015824891691161361 -0.011188846441394912 -0.030488640373952484 0.0089956286496098211 -0.0087527582762649287 -0.011188846441394912 -0.0019538206875817444 0.026063067464115183
leaf_weight=311.9704887419939 1564.1545293703675 1093.6324618309736 905.53553280979395 4723.7328551709652 3039.2689520865679 1030.3155417740345 976.47601673752069 1507.797569707036 1441.3601655811071 1485.2488214075565 727.79962739348412 3019.4144559949636 2449.5937044769526 329.65331418067217
leaf_count=2512 17459 4474 6650 21581 12723 6883 7511 6638 14986 7090 3034 16521 10312 2968
internal_value=-0.000131163 0.00495045 -0.0170594 0.00144069 -0.00201825 0.00565247 0.0245486 -0.00660674 -0.0280231 0.00417837 -0.00279339 -0.0121323 0.000768349 0.0184984
internal_weight=24606 18927.7 5678.28 16057.4 8818.09 7239.3 2870.28 3329.23 1753.33 6208.98 1821.43 3924.95 5488.86 1306.13
internal_count=141342 100673 40669 72735 37181 35554 27938 14146 17498 28671 7508 23171 23035 10479
is_linear=0
shrinkage=0.03


Tree=58
num_leaves=15
num_cat=0
split_feature=7 6 7 2 7 4 3 2 2 7 4 3 9 7
split_gain=2286.07 1395.5 334.662 300.804 197.458 93.8177 79.4988 123.949 85.4099 62.5742 45.2377 36.8562 33.6259 31.3594
threshold=0.17903038859367373 0.81920447200000013 0.0068920620251446971 50.500000000000007 0.56116321682930004 5.7879229565000001 1.5000000000000002 155.50000000000003 124.50000000000001 0.88034600019454967 8.9381377550000014 3.5000000000000004 1.5000000000000002 0.69497245550155651
decision_type=2 2 2 2 2 2 2 2 2 2 2 2 2 2
left_child=2 5 11 13 6 -2 7 -5 -8 -6 -9 -1 -4 -3
right_child=1 3 12 4 9 -7 8 10 -10 -11 -12 -13 -14 -15
leaf_value=-0.017345674313496592 0.029032352425679375 0.012240477832557875 -0.012463600297226674 0.0035287250494364978 0.0035287250494364978 0.017715611118068741 -0.0058325882152717749 0.002686713804234919 -0.012463600297226674 0.012240477832557875 -0.0065135407619054831 -0.030913018276381272 -0.017345674313496592 0.017715611118068741
leaf_weight=235.08138689398766 1628.5002243518829 1352.6624035984278 3357.6594055369496 1573.1212018728256 6221.7649164050817 1167.0293169096112 2941.3673686236143 488.47500255703926 944.56390073895454 547.73385564982891 1326.5893052816391 1301.7192166373134 733.12108435481787 656.17811068147421
leaf_count=1948 18548 5919 20188 6532 28161 9161 12280 1983 4159 3730 5799 13992 4645 4248
internal_value=-0.000203455 0.00480701 -0.016974 0.00139741 -0.000157414 0.0243481 -0.00358791 -0.000227827 -0.00651354 0.00352873 -0.00583259 -0.0289006 -0.0124636 0.0122405
internal_weight=24475.6 18848 5627.58 16052.5 14043.6 2795.53 7274.12 3388.19 3885.93 6769.5 1815.06 1536.8 4090.78 2008.84
internal_count=141293 100520 40773 72811 62644 27709 30753 14314 16439 31891 7782 15940 24833 10167
is_linear=0
shrinkage=0.03


Tree=59
num_leaves=15
num_cat=0
split_feature=7 6 7 7 8 7 5 7 9 5 3 6 5 9
split_gain=2176.08 1312.37 349.64 253.154 154.318 90.7202 88.4867 63.0713 58.9214 47.4273 39.6895 55.2141 38.5591 23.4308
threshold=0.17903038859367373 0.81398659250000016 0.010837605223059656 0.74938547611236583 19.500000000000004 0.35880918800830847 -0.10122430549999999 0.88933348655700695 1.0000000180025095e-35 0.84791324500000009 3.5000000000000004 1.1397189535000003 0.41699347500000006 1.0000000180025095e-35
decision_type=2 2 2 2 2 2 2 2 2 2 2 2 2 2
left_child=2 6 9 4 5 -3 -2 -5 -4 -1 11 12 13 -7
right_child=1 3 8 7 -6 10 -8 -9 -10 -11 -12 -13 -14 -15
leaf_value=-0.019360911955791361 0.029897309338960436 -0.0065276084931573317 -0.0072673947747883914 0.0070608506104421279 0.0059806163956878169 0.0047865641171139003 0.018798966456797239 0.017441426840923133 -0.014770271767170162 -0.030998108498497302 -0.0060954750469885471 -0.0048424624290477492 -0.0048424624290477492 0.00037060225605067463
leaf_weight=472.56415110826492 1328.8494903743267 2778.7779846489429 1713.5327720418572 2504.1550393924117 2850.3318708240986 2708.8112780749798 1343.6430949345231 668.15876154601574 2137.6038745045662 1220.8648815527558 887.30025741457939 1305.3348034322262 626.83177727460861 1799.2219664305449
leaf_count=4395 15756 12381 9963 13129 12259 11498 11472 4799 13064 13261 3880 5373 2566 7593
internal_value=4.09833e-05 0.00491213 -0.0164665 0.00168267 -0.000178186 -0.00191729 0.0243629 0.00927123 -0.0114457 -0.0278172 -0.000165674 0.000655401 0.00205636 0.00302645
internal_weight=24346 18801.4 5544.57 16128.9 12956.6 10106.3 2672.49 3172.31 3851.14 1693.43 7327.5 6440.2 5134.87 4508.03
internal_count=141389 100706 40683 73478 55550 43291 27228 17928 23027 17656 30910 27030 21657 19091
is_linear=0
shrinkage=0.03


Tree=60
num_leaves=15
num_cat=0
split_feature=6 6 5 5 5 8 9 8 9 8 6 5 6 8
split_gain=2000.66 998.1 327.081 200.202 168.912 143.914 94.5345 82.6178 57.1554 31.4762 26.3093 22.0457 21.6552 23.8252
threshold=0.85770178000000008 1.3473912365000003 0.88363422450000007 0.32868102700000007 -0.028848821499999996 13.500000000000002 1.0000000180025095e-35 17.500000000000004 1.0000000180025095e-35 12.500000000000002 1.1960797090000004 1.0036492105000001 1.1466360795000001 7.5000000000000009
decision_type=2 2 2 2 2 2 2 2 2 2 2 2 2 2
left_child=4 3 7 6 -1 8 9 -3 12 -2 -10 -4 -5 -14
right_child=1 2 11 5 -6 -7 -8 -9 10 -11 -12 -13 13 -15
leaf_value=0.028357352231148349 0.0044529415977928285 -0.014381780360327815 -0.022048246591281084 -0.00021698485508361861 0.014941379822016126 0.00098988073373002276 0.00098988073373002276 -0.0061765088216127265 -0.0062752051279913743 0.010180227798241912 -0.010697416584087547 -0.031275031179274861 -0.010697416584087547 -0.0025969236244253583
leaf_weight=1598.0780230015516 1517.7570772767067 2213.6088560298085 410.04799035191536 1248.35782238096 1836.8792728111148 5411.2156703472137 2150.8714597672224 1442.3245621472597 1375.0344860851765 2039.6417461335659 895.19928973168135 857.47407641261816 438.15087787806988 759.80965659767389
leaf_count=19024 6916 14504 3946 5184 13255 23843 10005 8433 5990 10579 4535 9571 2080 3444
internal_value=2.45211e-05 -0.00348604 -0.0152761 0.000183173 0.0212152 -0.00234894 0.00467385 -0.0106974 -0.00617651 0.00774637 -0.00960055 -0.0283885 -0.00298582 -0.00585825
internal_weight=24194.5 20759.5 4923.46 15836 3434.96 10127.8 5708.27 3655.93 4716.55 3557.4 2270.23 1267.52 2446.32 1197.96
internal_count=141309 109030 36454 72576 32279 45076 27500 22937 21233 17495 10525 13517 10708 5524
is_linear=0
shrinkage=0.03


Tree=61
num_leaves=15
num_cat=0
split_feature=7 7 7 2 4 2 3 5 7 3 9 2 4 2
split_gain=1939.65 1211.97 348.911 234.343 150.233 132.587 133.567 84.2129 55.6372 54.5396 43.692 42.5788 29.4308 26.6068
threshold=0.19088010489940646 0.88933348655700695 0.0094790998846292513 134.50000000000003 8.7488317755000029 40.500000000000007 1.5000000000000002 0.019901647000000005 0.061287458986043937 3.5000000000000004 1.0000000180025095e-35 101.50000000000001 8.091326105000002 82.500000000000014
decision_type=2 2 2 2 2 2 2 2 2 2 2 2 2 2
left_child=2 3 9 5 10 -2 11 -3 -4 -1 -5 -7 -13 -9
right_child=1 7 8 4 -6 6 -8 13 -10 -11 -12 12 -14 -15
leaf_value=-0.015480370662486424 0.012905493992274994 0.028053711902003314 -0.015480370662486424 0.0017452678015244798 -0.008915095066641409 0.012905493992274994 0.0017452678015244798 0.020245265917983039 -0.008915095066641409 -0.03008683868759118 -0.0064406017034251877 0.0085706480658398181 0.0022145999058490995 0.012905493992274994
leaf_weight=269.67898914217949 1311.662860520184 1588.7919209077954 1502.378078520298 1631.3092797994614 2564.2179819494486 866.60247509181499 6175.8721412047744 719.36641173064709 2610.385428711772 1284.0878140702844 582.0609246045351 1558.5595205798745 1136.9335111230612 263.90676607191563
leaf_count=2303 6791 19272 10999 6919 11103 4357 28066 5591 13748 14666 2396 8262 4834 1915
internal_value=-5.08547e-05 0.00467612 -0.01539 0.00156913 -0.00397968 0.00396901 0.0027593 0.0237549 -0.0107917 -0.0274878 0.00174527 0.00778783 0.00589879 0.016702
internal_weight=24065.8 18399.3 5666.53 15827.2 4777.59 11049.6 9737.97 2572.07 4112.76 1553.77 2213.37 3562.1 2695.49 983.273
internal_count=141222 99506 41716 72728 20418 52310 45519 26778 24747 16969 9315 17453 13096 7506
is_linear=0
shrinkage=0.03


Tree=62
num_leaves=15
num_cat=0
split_feature=7 7 7 2 5 2 3 5 3 2 5 3 2 8
split_gain=1868.82 1214.15 278.329 240.27 184.18 116.127 125 98.9639 65.0169 51.7173 49.5405 45.6716 32.7739 31.9188
threshold=0.15052359551191333 0.88034600019454967 0.0081416801549494284 126.50000000000001 0.36630338850000005 43.500000000000007 2.5000000000000004 0.019901647000000005 1.0000000180025095e-35 82.500000000000014 0.17681713600000001 3.5000000000000004 85.500000000000014 19.500000000000004
decision_type=2 2 2 2 2 2 2 2 2 2 2 2 2 2
left_child=2 3 11 5 -5 -2 9 -3 -6 -7 -11 -1 -9 -12
right_child=1 7 -4 4 8 6 -8 12 -10 10 13 -13 -14 -15
leaf_value=-0.015454909830853517 0.011427155072730696 0.027582552281948627 -0.0120594462209143 0.001980679243984713 -0.0040142965252782624 0.011427155072730696 0.001980679243984713 0.019247569827148783 -0.0120594462209143 0.011427155072730696 0.001980679243984713 -0.030170937801929799 0.011427155072730696 0.0087814535688029594
leaf_weight=244.96352806687355 1532.579533919692 1583.7375370189548 3346.7410698384047 2849.0689957588911 1627.3756535053253 903.5139959231019 3671.6343549489975 814.81338293105364 1761.6582046896219 795.4714365825057 2531.2856910079718 1218.0854603350163 276.76423744857311 816.99457786977291
leaf_count=2132 7766 19596 21478 12288 6995 4309 16491 6349 7907 5071 11117 14310 1994 3685
internal_value=-0.000152266 0.00404455 -0.0168616 0.0010003 -0.00364022 0.0038245 0.00248234 0.0227712 -0.00836152 0.00674573 0.00525746 -0.027768 0.0156967 0.00364345
internal_weight=23974.7 19164.9 4809.79 16489.6 6238.1 10251.5 8718.9 2675.32 3389.03 5047.27 4143.75 1463.05 1091.58 3348.28
internal_count=141488 103568 37920 75629 27190 48439 40673 27939 14902 24182 19873 16442 8343 14802
is_linear=0
shrinkage=0.03


Tree=63
num_leaves=15
num_cat=0
split_feature=7 7 7 2 4 6 2 5 9 4 9 6 2 7
split_gain=1765.78 1120.92 338.815 194.83 173.712 103.993 108.795 76.2844 51.0502 46.4932 32.3145 27.6503 23.5362 20.7272
threshold=0.19088010489940646 0.89343127608299266 0.010837605223059656 126.50000000000001 8.6694677875000021 0.84461581050000012 40.500000000000007 -0.018605590499999995 1.5000000000000002 14.184367035000003 1.0000000180025095e-35 1.1800979590000003 82.500000000000014 0.03742912411689759
decision_type=2 2 2 2 2 2 2 2 2 2 2 2 2 2
left_child=2 3 9 5 10 -2 -7 -3 13 -1 -5 -6 -9 -4
right_child=1 7 8 4 11 6 -8 12 -10 -11 -12 -13 -14 -15
leaf_value=-0.018253411952304149 0.013620717251676902 0.028100542397146926 -0.014074191089316856 0.0025509721247197132 -0.0050416787739538602 0.011615702570821449 0.0025509721247197132 0.020299287901868933 -0.017771516997200081 -0.030194753721323717 -0.0033714245350512173 -0.0087462316060268729 0.013620717251676902 -0.0087462316060268729
leaf_weight=441.92732988297939 921.11140658706427 1377.9907346516848 665.62047705054283 2003.4537731856108 2072.5325840860605 1215.7313541397452 7830.4089109301567 768.65727566927671 684.05355253070593 1105.1752746626735 825.09916116297245 1026.179447516799 253.66639931499958 2647.5271497815847
leaf_count=4348 6990 17832 5103 8760 8723 6003 34916 6380 4339 13177 3443 4700 1936 14735
internal_value=-0.000123416 0.00437182 -0.0149471 0.001483 -0.00282262 0.00404358 0.00306141 0.0234582 -0.010311 -0.0268535 0.00255097 -0.00772393 0.0170946 -0.00874623
internal_weight=23839.1 18294.8 5544.3 15894.5 5927.26 9967.25 9046.14 2400.31 3997.2 1547.1 2828.55 3098.71 1022.32 3313.15
internal_count=141385 99683 41702 73535 25626 47909 40919 26148 24177 17525 12203 13423 8316 19838
is_linear=0
shrinkage=0.03


Tree=64
num_leaves=15
num_cat=0
split_feature=5 7 7 7 7 2 2 3 8 3 5 3 3 7
split_gain=1673.85 1152.78 238.13 225.095 145.227 144.884 110.805 73.2271 63.9778 55.8064 44.0283 69.9757 32.6698 28.6213
threshold=0.16738842100000004 0.061287458986043937 0.92859610915184032 0.42249505221843725 0.0016055412706919017 51.500000000000007 100.50000000000001 1.5000000000000002 12.500000000000002 3.5000000000000004 0.32567717750000008 1.5000000000000002 5.5000000000000009 0.9930730164051057
decision_type=2 2 2 2 2 2 2 2 2 2 2 2 2 2
left_child=2 4 -1 6 -2 -5 12 -8 -7 -6 11 -10 -3 -4
right_child=1 3 13 5 9 8 7 -9 10 -11 -12 -13 -14 -15
leaf_value=0.011376508210745121 -0.030337281945924457 -9.8175788990254912e-05 0.023476113462353499 0.011376508210745121 -0.011684044944553756 -9.8175788990254912e-05 -0.0038406413660461904 -0.011684044944553756 0.010498867557023433 -0.020770788190630333 0.00098332930924683801 0.00098332930924683801 -0.0038406413660461904 0.032031949092920453
leaf_weight=1954.3592095375061 979.79418309032917 2440.6153308451176 1058.3510131686926 1132.9830045551062 875.13262312859297 3687.6340932175517 2235.8051987737417 2064.9411337226629 1517.5256070569158 1068.7290866822004 2672.5614687651396 850.95901857316494 549.56974764168262 638.07259552925825
leaf_count=14140 12082 10812 11931 6154 6337 15755 10550 10306 7544 9629 11206 4047 2482 8560
internal_value=-0.000110744 -0.00350979 0.0185604 -0.000539552 -0.020905 0.00241501 -0.00453478 -0.00761573 0.00109396 -0.0160851 0.00362616 0.00659994 -9.81758e-05 0.0267789
internal_weight=23727 20076.3 3650.78 17152.6 2923.66 9861.66 7290.93 4300.75 8728.68 1943.86 5041.05 2368.48 2990.19 1696.42
internal_count=141535 106904 34631 78856 28048 44706 34150 20856 38552 15966 22797 11591 13294 20491
is_linear=0
shrinkage=0.03


Tree=65
num_leaves=15
num_cat=0
split_feature=6 7 7 7 8 7 6 3 9 7 8 4 9 7
split_gain=1653.96 1160.9 222.121 218.384 102.623 88.8826 88.0304 67.6921 62.8379 39.7958 34.0912 29.4288 27.8392 27.5949
threshold=0.81920447200000013 0.11301778256893159 0.57191166281700145 0.0016055412706919017 20.500000000000004 0.88933348655700695 0.69151714850000012 3.5000000000000004 1.0000000180025095e-35 0.36545090377330786 23.500000000000004 8.6146230005000017 1.5000000000000002 0.95436668395996105
decision_type=2 2 2 2 2 2 2 2 2 2 2 2 2 2
left_child=6 3 4 -2 8 10 -1 -5 11 -10 -4 -3 -9 -8
right_child=1 2 5 7 -6 -7 13 12 9 -11 -12 -13 -14 -15
leaf_value=0.028323260812773979 -0.030024040295198975 0.0039441828766976555 0.0039441828766976555 -0.0089285564999576524 0.0039441828766976555 0.015616269240304527 0.015616269240304527 -0.015268877094609584 -0.0089285564999576524 -0.0032668513379642307 0.010517913399353524 -0.0022703961189231652 -0.024553224171734465 0.025817683033237206
leaf_weight=1308.5752737596631 953.49388239532709 540.04770629107952 6015.2013697996736 1489.3786746710539 1839.4086775034666 596.86826368421316 929.90333540737629 1062.8671887591481 2189.3670736253262 1843.2747725695372 743.62450388073921 3411.095180734992 430.68858005851507 264.25634445995092
leaf_count=17481 12046 2194 28398 9979 7877 4542 7826 8597 10220 7550 3715 14977 3561 2729
internal_value=-0.000118784 -0.00285378 0.000515043 -0.0175376 -0.00243643 0.00445557 0.0229158 -0.0135028 -0.00390802 -0.00654021 0.00394418 -0.00121666 -0.0180191 0.0168968
internal_weight=23618.1 21115.3 17178.9 3936.43 9823.19 7355.69 2502.73 2982.93 7983.78 4032.64 6758.83 3951.14 1493.56 1194.16
internal_count=141692 113656 79473 34183 42818 36655 28036 22137 34941 17770 32113 17171 12158 10555
is_linear=0
shrinkage=0.03


Tree=66
num_leaves=15
num_cat=0
split_feature=6 7 2 6 3 3 6 3 2 7 7 3 5 6
split_gain=1529.32 1101.59 222.623 216.241 172.367 169.711 132.271 119.72 74.3336 70.999 40.2317 39.8755 36.1751 20.2293
threshold=0.84461581050000012 0.0830102674663067 77.500000000000014 1.2123029215000003 3.5000000000000004 3.5000000000000004 0.69151714850000012 2.5000000000000004 39.500000000000007 0.0048397558275610217 0.92859610915184032 5.5000000000000009 0.77353014000000009 0.50817587900000005
decision_type=2 2 2 2 2 2 2 2 2 2 2 2 2 2
left_child=6 4 5 7 12 -3 13 -4 11 -6 -8 -7 -2 -1
right_child=1 2 3 -5 9 8 10 -9 -10 -11 -12 -13 -14 -15
leaf_value=0.032064942836281023 -0.0094675570244248507 0.011754003201028356 0.00019595539391853117 -0.0094675570244248507 -0.029900805532867492 0.011754003201028356 0.011754003201028356 -0.0084396036762450239 6.1919528736350941e-05 -0.018563930867753081 0.022092346573163196 0.0010555064585858935 -0.018563930867753081 0.023714108017694129
leaf_weight=595.86255630105734 938.58210374414921 2191.0883415341377 8593.6209189891815 2719.978350892663 1004.5376627743244 614.26847386360168 1114.5159270763397 1442.2930913567543 1324.4299814850092 1066.3208493068814 464.62998002022505 446.81090292334557 284.51620166003704 662.37668037414551
leaf_count=8440 6412 11406 37948 13462 13102 3079 8531 6261 5833 8778 4671 2046 2488 8790
internal_value=-0.000118419 -0.0029606 6.3683e-05 -0.00197299 -0.01885 0.00573627 0.0205117 6.19195e-05 0.000195955 -0.024122 0.014651 0.00798618 -0.00986205 0.0277801
internal_weight=23463.8 20626.4 17332.5 12755.9 3293.96 4576.6 2837.39 10035.9 2385.51 2070.86 1579.15 1061.08 1223.1 1258.24
internal_count=141247 110815 80035 57671 30780 22364 30432 44209 10958 21880 13202 5125 8900 17230
is_linear=0
shrinkage=0.03


Tree=67
num_leaves=15
num_cat=0
split_feature=6 7 7 7 2 3 2 6 2 6 3 2 7 2
split_gain=1459.46 1045.53 234.53 144.992 119.545 124.916 156.231 103.94 95.5056 80.3675 71.8002 31.7537 28.4999 27.6421
threshold=0.8244342305000002 0.061287458986043937 0.56116321682930004 0.00048736324242781853 50.500000000000007 1.5000000000000002 139.50000000000003 0.70851723650000009 50.500000000000007 1.1840234145000001 3.5000000000000004 123.50000000000001 0.95071598887443554 171.50000000000003
decision_type=2 2 2 2 2 2 2 2 2 2 2 2 2 2
left_child=7 3 4 -2 -3 6 -6 -1 -4 13 -5 -7 -9 -8
right_child=1 2 8 10 5 11 9 12 -10 -11 -12 -13 -14 -15
leaf_value=0.027345343688847022 -0.031285230024620796 0.0040352851043040138 0.013754476117594222 -0.0091952851266127959 0.0040352851043040138 -0.0071674168101569201 0.0024120633497876163 0.013754476117594222 0.0040352851043040138 -0.0071674168101569201 -0.020569610836023943 -0.0091952851266127959 0.024344888563952644 -0.0055031990213098682
leaf_weight=1340.7758692651987 726.40487456321716 1362.1075446456671 905.79813251644373 900.83460307121277 894.73814730346203 3791.3766117244959 1333.4110154509544 891.93523570895195 6589.5167643949389 1167.4455229341984 1156.2878282889724 1470.4196459800005 245.19369700551033 559.58952395617962
leaf_count=18509 9797 6047 5698 6781 3832 16932 5468 7437 31436 5846 11405 7246 2535 2408
internal_value=-7.3399e-05 -0.00266103 -2.31228e-05 -0.0197591 -0.00289906 -0.0041417 -0.00011245 0.0216696 0.00403529 -0.00421822 -0.0156231 -0.00716742 0.0148871 6.39007e-05
internal_weight=23335.8 20857.9 18074.4 2783.53 10579.1 9216.98 3955.18 2477.9 7495.31 3060.45 2057.12 5261.8 1137.13 1893
internal_count=141377 112896 84913 27983 47779 41732 17554 28481 37134 13722 18186 24178 9972 7876
is_linear=0
shrinkage=0.03


Tree=68
num_leaves=15
num_cat=0
split_feature=6 5 6 8 5 8 9 5 6 8 6 3 9 8
split_gain=1441.04 729.468 335.234 147.008 112.958 79.2665 72.4922 48.8051 33.1061 27.4697 20.9413 16.9665 14.8231 11.7637
threshold=0.82982682150000009 0.83721703800000002 1.2123029215000003 20.500000000000004 -0.10122430549999999 19.500000000000004 1.0000000180025095e-35 1.0447265885000003 0.96804425100000013 7.5000000000000009 1.3473912365000003 1.5000000000000002 1.5000000000000002 24.500000000000004
decision_type=2 2 2 2 2 2 2 2 2 2 2 2 2 2
left_child=4 2 5 6 -1 -2 10 -3 11 -8 -4 -7 -11 -5
right_child=1 7 3 13 -6 8 9 -9 -10 12 -12 -13 -14 -15
leaf_value=0.028588272886694667 0.0014283832681954739 -0.018648808220175905 -0.0029180552176792138 -0.0022369475228724159 0.015628737845343375 0.015506461640344847 -0.018648808220175905 -0.030719660320204636 0.0043972969788834589 -0.0098435502949706377 -0.0086554689816712594 0.0065392557632130387 -0.015552059389814629 0.0014283832681954739
leaf_weight=1079.9332362338901 10273.552418641746 650.17443534731865 1292.3093785867095 784.0914339274168 1434.830770932138 448.67866048961878 434.67981097102165 629.30867063254118 1959.7768950536847 1662.8846734017134 1034.5456848293543 347.27427027374506 572.67743317037821 664.30984295904636
leaf_count=15768 47110 6979 6159 4154 13276 2558 2801 8571 8818 9780 6384 2029 3769 3442
internal_value=-0.000184414 -0.00278484 -0.00134022 -0.0069336 0.0212397 0.00142838 -0.00937078 -0.0246823 0.00651214 -0.0127428 -0.00548206 0.0116593 -0.0113373 0.00142838
internal_weight=23269 20754.3 19474.8 6445.5 2514.76 13029.3 4997.1 1279.48 2755.73 2670.24 2326.86 795.953 2235.56 1448.4
internal_count=141598 112554 97004 36489 29044 60515 28893 15550 13405 16350 12543 4587 13549 7596
is_linear=0
shrinkage=0.03


Tree=69
num_leaves=15
num_cat=0
split_feature=7 7 7 2 7 5 6 3 2 5 3 3 3 2
split_gain=1330.39 989.052 189.556 151.808 139.921 94.7798 89.0385 79.8988 122.976 89.4839 66.3729 54.26 34.8726 32.9797
threshold=0.88034600019454967 0.061287458986043937 0.31507407128810888 41.500000000000007 0.0012148407404311003 1.0000000180025095e-35 0.81398659250000016 3.5000000000000004 101.50000000000001 0.37199576350000002 1.5000000000000002 3.5000000000000004 2.5000000000000004 123.50000000000001
decision_type=2 2 2 2 2 2 2 2 2 2 2 2 2 2
left_child=1 4 13 -4 -1 -2 -5 8 12 10 -10 -6 -8 -3
right_child=5 2 3 6 11 -7 7 -9 9 -11 -12 -13 -14 -15
leaf_value=-0.029668108612331191 0.026654462035069788 -0.0048421821455007638 0.012916500945572101 0.012916500945572101 -0.0090989161028910588 0.01442180648649318 0.0090855926661711512 -0.0048421821455007638 0.0035805891095949415 -0.0048421821455007638 -0.0048421821455007638 -0.01940095235443158 0.0035805891095949415 -0.0085650161862775923
leaf_weight=816.39324451982975 1330.1867156475782 2796.5661640316248 1058.4722207486629 494.15288550406694 861.59325474500656 1036.9349561557174 1845.6390818655491 911.56051119416952 3793.2442595139146 2841.984195291996 904.69161614775658 1023.5151645243168 1221.745072260499 2145.0731985569
leaf_count=11385 19304 13349 5861 4154 6492 8538 8695 3899 16976 11776 3813 10023 5499 11246
internal_value=5.59546e-05 -0.00238052 0.000160114 0.00205235 -0.01929 0.0213376 0.00109013 0.000551761 0.00135304 -0.000708003 0.00183384 -0.0147289 0.00641219 -0.00484218
internal_weight=23081.8 20714.6 18013.1 13071.5 2701.5 2367.12 12013 11518.9 10607.3 7539.92 4697.94 1885.11 3067.38 4941.64
internal_count=141010 113168 85268 60673 27900 27842 54812 50658 46759 32565 20789 16515 14194 24595
is_linear=0
shrinkage=0.03


Tree=70
num_leaves=15
num_cat=0
split_feature=6 7 2 3 6 7 6 2 3 3 7 3 3 2
split_gain=1280.11 925.777 178.818 212.198 189.898 176.761 161.145 120.685 60.7932 52.5014 50.4898 43.8436 30.6956 28.5916
threshold=0.85770178000000008 0.0830102674663067 110.50000000000001 2.5000000000000004 1.1840234145000001 0.0016055412706919017 0.69151714850000012 40.500000000000007 3.5000000000000004 1.5000000000000002 0.92859610915184032 5.5000000000000009 1.0000000180025095e-35 130.50000000000003
decision_type=2 2 2 2 2 2 2 2 2 2 2 2 2 2
left_child=6 5 3 -3 9 -2 -1 11 -7 -4 -8 -5 -6 -11
right_child=1 2 4 7 12 8 10 -9 -10 13 -12 -13 -14 -15
leaf_value=0.02715104155454949 -0.029396377569111069 0.0091558870057417297 -0.00068051800472013961 0.0091558870057417297 -0.0065422698679329337 -0.010533451195172445 0.0097150600247668181 -0.00068051800472013961 -0.01834588031556899 -0.0028807371557195058 0.021144946975382793 -0.00037326913920351722 -0.010533451195172445 -0.010533451195172445
leaf_weight=1156.4420395642519 845.80311451107264 3284.7782600075006 5083.9622841626406 838.45143254101276 731.40500038862228 1085.9715030044317 1337.8656196445227 3654.5267648920417 1183.449295334518 824.54325717687607 475.80759513378143 439.89216207712889 1472.0438544005156 570.00618721544743
leaf_count=17334 12033 16306 21854 4345 3514 7834 10011 16464 10877 3480 4981 2021 7594 2541
internal_value=4.02321e-05 -0.00268844 8.35716e-05 0.00325449 -0.00291791 -0.0177022 0.0184017 -0.000680518 -0.0132888 -0.000680518 0.0127635 0.00851936 -0.0105335 -0.00654227
internal_weight=22984.9 20014.8 16899.6 8217.65 8681.96 3115.22 2970.12 4932.87 2269.42 6478.51 1813.67 1278.34 2203.45 1394.55
internal_count=141189 108863 78119 39136 38983 30744 32326 22830 18711 27875 14992 6366 11108 6021
is_linear=0
shrinkage=0.03


Tree=71
num_leaves=15
num_cat=0
split_feature=7 7 2 3 2 7 7 2 3 9 3 4 2 3
split_gain=1229.64 896.403 177.741 164.484 193.963 140.854 98.2525 90.395 75.1799 32.2563 25.6557 19.7554 14.6937 18.9499
threshold=0.88034600019454967 0.061287458986043937 138.50000000000003 2.5000000000000004 51.500000000000007 0.0012148407404311003 0.9754980504512788 82.500000000000014 1.5000000000000002 1.5000000000000002 5.5000000000000009 5.3581830790000007 71.500000000000014 3.5000000000000004
decision_type=2 2 2 2 2 2 2 2 2 2 2 2 2 2
left_child=1 5 3 7 10 -1 11 -3 -4 -7 -5 -2 13 -6
right_child=6 2 8 4 12 9 -8 -9 -10 -11 -12 -13 -14 -15
leaf_value=-0.029535475299592381 0.02387371499490936 0.013530105433064458 -0.0049830925500123722 0.0048371904205609306 -0.0013908223203328738 -0.014330427510995725 0.028337498899623351 0.0048371904205609306 -0.014330427510995725 -0.022962360314646098 -0.0013908223203328738 0.013844247050412616 -0.0049830925500123722 -0.0049830925500123722
leaf_weight=788.89577582478523 218.90096926689148 1073.1523824334145 4335.2802148908377 1366.3212453201413 512.72198048979044 1452.6196127384901 887.599166367203 5774.8526479974389 711.77220420539379 398.40088744461536 637.78662543743849 1192.1382727697492 2745.4523118585348 782.54506377875805
leaf_count=11563 3401 5334 19211 7059 2472 12705 13527 27712 3727 3866 3169 11006 12977 3584
internal_value=-0.000291026 -0.0026171 -0.000213258 0.00165516 -0.00195069 -0.0189215 0.0204949 0.00483719 -0.00498309 -0.0143304 0.00483719 0.015479 -0.00498309 -0.0014847
internal_weight=22878.4 20579.8 17939.9 12892.8 6044.83 2639.92 2298.64 6848.01 5047.05 1851.02 2004.11 1411.04 4040.72 1295.27
internal_count=141313 113379 85245 62307 29261 28134 27934 33046 22938 16571 10228 14407 19033 6056
is_linear=0
shrinkage=0.03


Tree=72
num_leaves=15
num_cat=0
split_feature=7 7 5 7 8 7 7 3 3 5 7 8 4 3
split_gain=1160.35 866.107 173.521 144.813 122.451 84.7335 82.7274 68.6773 55.6792 39.802 25.3275 24.7071 23.4194 23.3342
threshold=0.89343127608299266 0.061287458986043937 0.26974401100000006 0.00033491765498183673 19.500000000000004 0.27007932960987097 0.99171382188797008 1.5000000000000002 3.5000000000000004 0.10834711400000001 0.20335965603590014 12.500000000000002 6.120606060500001 6.5000000000000009
decision_type=2 2 2 2 2 2 2 2 2 2 2 2 2 2
left_child=1 3 9 -1 5 7 12 -4 -5 -3 -6 -7 -2 -10
right_child=6 2 4 8 10 11 -8 -9 13 -11 -12 -13 -14 -15
leaf_value=-0.031280698017394373 0.021666645888126709 0.011639979390590612 -0.001437508132043993 -0.010299585855363638 -0.0019500048585500715 -0.001437508132043993 0.031113772740476862 -0.010299585855363638 -0.016459797842058459 0.0040226547247540906 0.0040226547247540906 0.0010377143732771988 0.013894051099798898 -0.027072605896480466
leaf_weight=606.85435126721859 682.01026685908437 751.17981459200382 898.61500357091427 876.51399308443069 672.26298788189888 3899.9150086268783 565.24014773592353 2147.442574724555 851.19491313397884 3433.9677953496575 2708.9845397993922 3626.0950909256935 816.48773200064898 260.23327051103115
leaf_count=9314 10118 6242 4748 6886 3471 16478 9179 11209 8944 17253 11899 15687 7032 2936
internal_value=-0.000135763 -0.00227295 4.81199e-05 -0.0184669 -0.00155912 -0.00314824 0.021289 -0.00736571 -0.0144865 0.00540212 0.00340686 -0.00143751 0.0174919 -0.0190548
internal_weight=22797 20733.3 18138.5 2594.8 13953.3 10572.1 2063.74 3046.06 1987.94 4185.15 3381.25 7526.01 1498.5 1111.43
internal_count=141396 115067 86987 28080 63492 48122 26329 15957 18766 23495 15370 32165 17150 11880
is_linear=0
shrinkage=0.03


Tree=73
num_leaves=15
num_cat=0
split_feature=7 7 6 7 9 5 6 7 3 3 7 7 6 5
split_gain=1121.71 817.381 166.449 146.571 86.1301 80.484 69.0382 52.0071 51.3306 44.4352 35.1473 23.9128 22.1069 16.4773
threshold=0.89343127608299266 0.061287458986043937 1.0308463535000003 0.0016055412706919017 1.0000000180025095e-35 -0.018605590499999995 0.81398659250000016 0.30874116718769079 3.5000000000000004 1.5000000000000002 0.78113335371017467 0.13956766575574878 0.50817587900000005 0.88363422450000007
decision_type=2 2 2 2 2 2 2 2 2 2 2 2 2 2
left_child=1 3 6 13 11 12 -3 -6 -5 -8 -11 -4 -2 -1
right_child=5 2 4 8 7 -7 9 -9 -10 10 -12 -13 -14 -15
leaf_value=-0.018015447911782313 0.031562675984800441 0.013330209820742126 -0.0054739524355564709 -0.0082538302879919413 -0.0082538302879919413 0.014453954739659523 0.0052183365591413422 -0.0021301142768171844 -0.018015447911782313 9.2912424929446442e-05 0.0052183365591413422 9.2912424929446442e-05 0.022341376508834707 -0.030860181522221246
leaf_weight=131.96387048065662 497.08515037596226 626.38933604210615 689.46727512776852 814.92800606787205 2419.7830133140087 920.60147261619568 3195.37394028157 2582.0082048326731 942.78282386809587 1861.1829963102937 654.02961388975382 6072.6877928823233 605.34480706602335 660.36672489345074
leaf_count=1782 8371 5574 3934 6301 12376 8337 15089 10937 9625 8502 4024 26501 9527 10349
internal_value=-0.000155961 -0.00224626 -4.13893e-06 -0.0181304 -0.00211537 0.0211346 0.00391371 -0.00509795 -0.0132372 0.00287007 9.29124e-05 9.29124e-05 0.026623 -0.0288342
internal_weight=22674 20651 18100.9 2550.04 11763.9 2023.03 6336.98 5001.79 1757.71 5710.59 2515.21 6762.16 1102.43 792.331
internal_count=141229 114994 86937 28057 53748 26235 33189 23313 15926 27615 12526 30435 17898 12131
is_linear=0
shrinkage=0.03


Tree=74
num_leaves=15
num_cat=0
split_feature=6 7 7 8 7 5 7 9 9 7 5 7 8 8
split_gain=1101.78 782.296 179.599 109.188 108.48 93.1285 69.6987 61.8499 44.2715 33.6993 29.8218 23.5209 19.7151 18.9525
threshold=0.81920447200000013 0.03742912411689759 0.5560617744922639 20.500000000000004 0.0016055412706919017 -0.10122430549999999 0.89343127608299266 1.0000000180025095e-35 1.0000000180025095e-35 0.35880918800830847 0.38760606700000005 0.13424258679151538 6.5000000000000009 11.500000000000002
decision_type=2 2 2 2 2 2 2 2 2 2 2 2 2 2
left_child=5 4 3 7 -2 -1 -4 10 -6 -9 -3 -12 -13 -11
right_child=1 2 6 -5 8 -7 -8 9 -10 13 11 12 -14 -15
leaf_value=0.027583975110680902 -0.028655013438505069 0.003366719284055074 0.003366719284055074 0.003366719284055074 -0.0068223268901632756 0.014841191674592358 0.014366036136246259 -0.0085944687757507597 -0.018628371738264971 -0.0065215338002482821 -0.0068223268901632756 -0.0067180921098406541 -0.00029976797291904334 -0.00032441955188484566
leaf_weight=941.33586299791932 774.66138786450028 757.31292627751827 7083.0222662091255 2080.2010446488857 465.24215344339609 1195.024537846446 513.95298054069281 2779.9122355207801 773.10763105750084 847.51363748311996 612.32312726974487 524.14068637788296 2318.6320967376232 928.3784256875515
leaf_count=15785 12153 3085 33943 9621 4303 12102 4243 14641 7883 3465 3782 2374 10190 3819
internal_value=3.28381e-05 -0.00210969 -0.000169489 -0.00264625 -0.0198434 0.0205073 0.00336672 -0.00411233 -0.0142382 -0.00653335 -0.0014893 -0.00267607 -0.00149287 -0.00329189
internal_weight=22594.8 20458.4 18445.4 10848.4 2013.01 2136.36 7596.98 8768.21 1238.35 4555.8 4212.41 3455.1 2842.77 1775.89
internal_count=141389 113502 89163 50977 24339 27887 38186 41356 12186 21925 19431 16346 12564 7284
is_linear=0
shrinkage=0.03


Tree=75
num_leaves=15
num_cat=0
split_feature=7 7 6 7 8 7 7 9 6 3 8 5 8 7
split_gain=1052.25 752.871 164.546 144.303 124.419 77.7955 63.6906 61.2766 58.6701 38.457 31.9504 27.9978 25.0901 19.6709
threshold=0.89343127608299266 0.061287458986043937 1.0004706050000001 0.0020752742420881991 13.500000000000002 0.9930730164051057 0.19088010489940646 1.0000000180025095e-35 0.81398659250000016 3.5000000000000004 19.500000000000004 0.86038095950000015 21.500000000000004 0.92114984989166271
decision_type=2 2 2 2 2 2 2 2 2 2 2 2 2 2
left_child=1 3 8 11 7 13 12 -4 -3 -5 -10 -1 -6 -2
right_child=5 2 4 9 6 -7 -8 -9 10 -11 -12 -13 -14 -15
leaf_value=-0.016965522800640381 0.013082481417385531 0.013082481417385531 -0.0022385823977154611 -0.0084165153580997801 -0.0077369768001030303 0.031197819322680842 0.0021298481697838308 -0.0084165153580997801 0.0021298481697838308 -0.016965522800640381 0.0082905327432407239 -0.030736851968680423 0.00091346248282041535 0.019468689640735507
leaf_weight=126.80131115019321 389.05208305642009 614.89401856809855 3042.9870558902621 795.24646826833487 952.19016395509243 490.44094467535615 5747.5407285690308 2755.0943046659231 3636.403161406517 893.2706990018487 899.12915492802858 670.47517217695713 439.27808591723442 1064.5432448685169
leaf_count=1714 3812 5590 13631 6204 5218 8628 25044 12958 17587 9238 4805 10964 2286 13733
internal_value=-0.000244996 -0.00224034 -0.000110919 -0.0177035 -0.00191634 0.0208229 0.000735177 -0.00517889 0.00442148 -0.0126732 0.00323418 -0.0282115 -0.00501259 0.0172275
internal_weight=22517.3 20573.3 18087.5 2485.79 12937.1 1944.04 7139.01 5798.08 5150.43 1688.52 4535.53 797.276 1391.47 1453.6
internal_count=141412 115239 87119 28120 59137 26173 32548 26589 27982 15442 22392 12678 7504 17545
is_linear=0
shrinkage=0.03


Tree=76
num_leaves=15
num_cat=0
split_feature=6 7 2 7 3 2 6 6 3 3 4 2 7 7
split_gain=1036.83 715.826 204.391 197.533 134.777 181.095 129.17 90.8697 67.1459 52.3349 31.9421 21.4991 21.4344 20.498
threshold=0.8244342305000002 0.1183120906352997 51.500000000000007 0.0016055412706919017 2.5000000000000004 101.50000000000001 1.1840234145000001 0.63423049300000012 3.5000000000000004 3.5000000000000004 7.7787193975000006 135.50000000000003 0.010837605223059656 0.97285768389701854
decision_type=2 2 2 2 2 2 2 2 2 2 2 2 2 2
left_child=7 3 9 -2 5 -4 10 -1 -5 -3 -7 -12 -10 -9
right_child=1 2 4 8 -6 6 -8 13 12 -11 11 -13 -14 -15
leaf_value=0.02780669596031728 -0.028372104084493772 0.014885128740615148 0.0082261579926426361 -0.0063046852797090077 -0.0059628619379592735 0.0041801444057159767 -0.0059628619379592735 0.014885128740615148 -0.022763156672023863 0.0082261579926426361 0.0020206383572193083 -0.0019556607031263203 -0.013474085117362464 0.024733265767089202
leaf_weight=791.13495118916035 725.17778299376369 748.25449824333191 2303.8899376690388 1456.9955046772957 3550.3618211299181 1802.6428226605058 1803.1951335817575 1152.9228560440242 300.14077641069889 1365.2982793301344 1965.0404434800148 3226.1107459962368 1068.3425802439451 196.63822766020894
leaf_count=13968 11955 4464 11955 10296 15989 8616 8738 11677 4008 6597 8421 13588 8362 2805
internal_value=-0.000119037 -0.00221326 0.000379729 -0.0144396 -0.000879404 0.000748376 -0.00121358 0.0197142 -0.01082 0.00908957 0.000745556 -0.00044999 -0.0155868 0.0148851
internal_weight=22456.1 20315.5 16764.8 3550.66 14651.2 11100.9 8796.99 2140.7 2825.48 2113.55 6993.79 5191.15 1368.48 1349.56
internal_count=141439 112989 78368 34621 67307 51318 39363 28450 22666 11061 30625 22009 12370 14482
is_linear=0
shrinkage=0.03


Tree=77
num_leaves=15
num_cat=0
split_feature=5 7 7 7 2 7 9 2 4 9 7 2 8 8
split_gain=905.127 661.307 195.452 156.749 136.569 84.1756 66.8903 67.3582 68.5338 58.8611 37.9063 32.321 32.6194 28.9029
threshold=0.16738842100000004 0.024044300429522995 0.92859610915184032 0.29611137509346014 52.500000000000007 0.00033491765498183673 1.0000000180025095e-35 108.50000000000001 8.7488317755000029 1.0000000180025095e-35 0.99171382188797008 136.50000000000003 11.500000000000002 12.500000000000002
decision_type=2 2 2 2 2 2 2 2 2 2 2 2 2 2
left_child=2 5 -1 -3 -5 -2 7 13 -9 -7 -4 12 -8 -6
right_child=1 3 10 4 6 9 11 8 -10 -11 -12 -13 -14 -15
leaf_value=0.0086260452575107026 -0.030714001326167521 -0.0050041086607583796 0.019692741629927582 0.0086260452575107026 0.0026526656835052244 -0.0063132670489432592 -0.0050041086607583796 0.0026526656835052244 -0.0048653719934060582 -0.021209507625461973 0.03062857763157514 -0.0050041086607583796 0.0013523368978777561 0.0077197417810259874
leaf_weight=1783.9816096201539 529.83600790053606 5331.9344910979271 809.416852645576 1471.3364478573203 665.2251974567771 378.1680210120976 1132.4124429896474 2600.6485039293766 1872.7535745948553 669.82421428710222 493.24242359399796 963.43578827381134 1760.6941693797708 1879.5177693292499
leaf_count=14057 9250 29685 11363 7769 3049 4085 4846 11491 7790 8066 9084 4019 7710 9064
internal_value=4.7073e-05 -0.00237158 0.0151151 -0.000708012 0.00114864 -0.020949 -2.29182e-05 0.00172094 -0.000496618 -0.0158897 0.0239348 -0.00319452 -0.00120363 0.00561252
internal_weight=22342.4 19255.8 3086.64 17678 12346 1577.83 10874.7 7018.15 4473.4 1047.99 1302.66 3856.54 2893.11 2544.74
internal_count=141328 106824 34504 85423 55738 21401 47969 31394 19281 12151 20447 16575 12556 12113
is_linear=0
shrinkage=0.03


Tree=78
num_leaves=15
num_cat=0
split_feature=6 5 6 2 2 4 3 3 8 3 5 6 2 3
split_gain=904.717 536.943 230.015 217.523 107.151 99.1889 86.608 55.6601 42.448 38.1552 28.294 20.2488 14.754 10.7252
threshold=0.81398659250000016 0.84791324500000009 1.2123029215000003 99.500000000000014 53.500000000000007 5.6485294120000011 5.5000000000000009 3.5000000000000004 19.500000000000004 4.5000000000000009 1.1012932605000003 0.50817587900000005 140.50000000000003 2.5000000000000004
decision_type=2 2 2 2 2 2 2 2 2 2 2 2 2 2
left_child=5 2 4 6 9 11 -4 -5 -6 -2 -3 -1 -10 -13
right_child=1 10 3 7 8 -7 -8 -9 12 -11 -12 13 -14 -15
leaf_value=0.031210951378591898 0.012519614621729441 -0.021927416493176373 0.0004950918896170838 -0.011022494795702362 0.0004950918896170838 0.012519614621729441 -0.011022494795702362 -0.021927416493176373 0.004567752425571025 0.004567752425571025 -0.030403502450609427 0.02510479882339749 0.0004950918896170838 0.015306373297458637
leaf_weight=442.41103983670473 875.28072407841682 583.3529214002192 2494.0330191925168 2786.7349406480789 9420.0498340278864 960.95460468158126 574.32907466217875 421.36007772013545 1816.6111437901855 472.85911963880062 412.48195764422417 345.27429832145572 481.72257104516029 189.54249961301684
leaf_count=8438 5741 7690 12306 16704 43068 9796 3936 4160 8972 2385 7310 6016 2013 3087
internal_value=-8.99752e-05 -0.00195802 -0.000849163 -0.00556699 0.00141829 0.0194675 0.000145607 -0.0110225 0.000495092 0.0094115 -0.0233845 0.0262011 0.00456775 0.0218061
internal_weight=22277 20338.8 19343 6276.46 13066.5 1938.18 3068.36 3208.1 11718.4 1348.14 995.835 977.228 2298.33 534.817
internal_count=141622 114285 99285 37106 62179 27337 16242 20864 54053 8126 15000 17541 10985 9103
is_linear=0
shrinkage=0.03


Tree=79
num_leaves=15
num_cat=0
split_feature=6 7 2 3 3 2 6 3 5 2 6 7 3 7
split_gain=882.079 624.331 163.558 161.93 137.515 134.29 120.971 108.429 100.487 49.9207 46.987 45.2598 30.9285 20.4606
threshold=0.8244342305000002 0.03742912411689759 71.500000000000014 2.5000000000000004 3.5000000000000004 124.50000000000001 1.1879963150000001 3.5000000000000004 -0.10122430549999999 33.500000000000007 0.97787423200000012 0.0032736366847530012 5.5000000000000009 0.95071598887443554
decision_type=2 2 2 2 2 2 2 2 2 2 2 2 2 2
left_child=8 7 4 5 -3 -4 10 -2 -1 12 -7 -9 -6 -10
right_child=1 2 3 -5 9 6 -8 11 13 -11 -12 -13 -14 -15
leaf_value=0.026621784955425897 -0.0080578883667536856 0.011124650289459043 0.0039987382120392377 -0.0080578883667536856 0.011124650289459043 0.0039987382120392377 -0.0080578883667536856 -0.028758582745805422 0.011124650289459043 -0.00020494603699551444 -0.0020665709375676349 -0.017034703174084242 0.0010035167292683535 0.020190693551818479
leaf_weight=839.2663638330996 583.91989702731371 1798.750850751996 4228.7758863419294 2997.4086850807071 459.3469120785594 1308.5505042970181 1847.5554762035608 690.90476120635867 925.98064995929599 1504.961858227849 3717.040172830224 575.18869083374739 426.41826033592224 278.69529800862074
leaf_count=15776 5255 10122 20449 14929 2460 5846 9993 12345 9005 7255 15697 6547 2126 3704
internal_value=-0.000104732 -0.0020122 -0.000330063 -0.00187669 0.00487099 -0.000204946 -0.00279233 -0.0185957 0.0186485 0.000152431 -0.000336767 -0.0235204 0.0069212 0.0130066
internal_weight=22182.8 20138.8 18288.8 14099.3 4189.48 11101.9 6873.15 1850.01 2043.94 2390.73 5025.59 1266.09 885.765 1204.68
internal_count=141509 113024 88877 66914 21963 51985 31536 24147 28485 11841 21543 18892 4586 12709
is_linear=0
shrinkage=0.03


Tree=80
num_leaves=15
num_cat=0
split_feature=6 7 2 3 7 3 5 2 3 6 2 2 3 3
split_gain=851.256 636.649 163.576 172.501 131.654 127.659 93.8642 85.4355 58.8447 45.5244 39.5972 39.1008 38.8947 28.8205
threshold=0.81920447200000013 0.061287458986043937 92.500000000000014 3.5000000000000004 0.00033491765498183673 2.5000000000000004 -0.10122430549999999 40.500000000000007 6.5000000000000009 1.2081330280000002 53.500000000000007 140.50000000000003 1.5000000000000002 5.5000000000000009
decision_type=2 2 2 2 2 2 2 2 2 2 2 2 2 2
left_child=6 4 3 10 -2 9 -1 13 -6 -4 -3 -11 -12 -5
right_child=1 2 5 7 8 -7 -8 -9 -10 11 12 -13 -14 -15
leaf_value=0.026499660661523889 -0.030408831982385334 0.013073188400740501 -0.0017236086662894359 0.0081822967067965383 -0.010836447582040526 -0.010366026448764384 0.013073188400740501 -0.0021652828929551332 -0.027199150034438308 -0.0017236086662894359 0.013073188400740501 -0.010233309307672139 0.006166720325270659 0.00018498235465927581
leaf_weight=824.11852241307497 494.15792382508516 838.98717293143272 7926.149597749114 634.20716822892427 1597.8850333541632 1563.189350888133 1125.9444715566933 1712.4472715631127 224.70968284457922 747.54190485179424 669.49921225011349 1149.4053996056318 2081.1425912752748 476.67593866586685
leaf_count=15850 9301 5103 35276 3345 15814 7804 12182 7811 2878 3654 3965 6258 9943 2269
internal_value=-9.82218e-05 -0.00193451 -7.18768e-06 0.00382324 -0.0167099 -0.00216528 0.0188006 -0.00172361 -0.0129227 -0.00172361 0.0081823 -0.00676769 0.00640637 0.00616672
internal_weight=22066.1 20116 17799.2 6412.96 2316.75 11386.3 1950.06 2823.33 1822.59 9823.1 3589.63 1896.95 2750.64 1110.88
internal_count=141453 113421 85428 32436 27993 52992 28032 13425 18692 45188 19011 9912 13908 5614
is_linear=0
shrinkage=0.03


Tree=81
num_leaves=15
num_cat=0
split_feature=6 7 2 3 3 2 3 6 6 2 2 3 7 8
split_gain=810.806 602.766 161.511 161.213 125.269 122.652 107.445 95.6332 92.5637 41.8734 37.3737 33.8499 33.3769 29.8523
threshold=0.8244342305000002 0.034561064094305045 71.500000000000014 2.5000000000000004 3.5000000000000004 138.50000000000003 3.5000000000000004 0.50817587900000005 1.1920581745000003 33.500000000000007 101.50000000000001 1.5000000000000002 0.00033491765498183673 12.500000000000002
decision_type=2 2 2 2 2 2 2 2 2 2 2 2 2 2
left_child=7 6 4 5 -3 10 -2 -1 -7 -6 -4 13 -8 -12
right_child=1 2 3 -5 9 8 12 -9 -10 -11 11 -13 -14 -15
leaf_value=0.031098068434482845 -0.0079922086887721615 0.01086107713873803 0.0048710987319668646 -0.0079922086887721615 0.0063685894296674388 -0.00084438156499626652 -0.030435069846966502 0.014752814491585758 -0.0079922086887721615 -0.00016682671991730903 -0.00084438156499626652 -0.00084438156499626652 -0.019645694603204481 0.0048710987319668646
leaf_weight=410.05395554751158 539.10450728982687 1790.7206717953086 1773.535291172564 3006.6730822101235 894.06217636168003 3483.5149603188038 450.5064202286303 1566.8148209266365 1521.0867732614279 1500.7144973501563 1004.7761873602867 1400.203962802887 737.87313420325518 1927.4827651232481
leaf_count=8434 4970 10175 9035 15106 4659 14773 8866 19935 8450 7281 4639 6258 9762 9056
internal_value=-9.14431e-05 -0.00190209 -0.000301073 -0.0018357 0.0048711 -0.000166827 -0.0188152 0.0182131 -0.00364652 0.000378729 0.00268585 0.00106189 -0.0238463 0.00312289
internal_weight=22007.1 20030.3 18302.8 14117.3 4185.5 11110.6 1727.48 1976.87 5004.6 2394.78 6106 4332.46 1188.38 2932.26
internal_count=141399 113030 89432 67317 22115 52211 23598 28369 23223 11940 28988 19953 18628 13695
is_linear=0
shrinkage=0.03


Tree=82
num_leaves=15
num_cat=0
split_feature=7 7 6 2 6 7 8 7 7 9 6 2 8 2
split_gain=776.049 559.688 145.889 138.099 109.854 85.8168 74.7805 64.0334 60.9772 45.6121 41.6929 19.3584 16.5443 16.0747
threshold=0.91358068585395824 0.024044300429522995 1.0004706050000001 117.50000000000001 1.2081330280000002 0.00033491765498183673 12.500000000000002 0.99171382188797008 0.19088010489940646 1.0000000180025095e-35 0.7851391885000002 51.500000000000007 20.500000000000004 79.500000000000014
decision_type=2 2 2 2 2 2 2 2 2 2 2 2 2 2
left_child=1 5 10 6 -5 -1 -4 13 -8 -7 -3 -12 -6 -2
right_child=7 2 3 4 12 9 8 -9 -10 -11 11 -13 -14 -15
leaf_value=-0.03028903188202137 0.018805060206575113 0.012709640266847165 -0.0024303748299787913 -0.0024303748299787913 -0.010743387743689102 -0.010743387743689102 -0.0024303748299787913 0.030379045926058834 0.0038426283850653254 -0.02012226863432718 0.010417644752169712 0.0038426283850653254 -0.0045499019101631942 0.012709640266847165
leaf_weight=465.58010610193014 814.42760855332017 473.19400050491095 2272.0720772743225 4267.0928564667702 1752.2807078287005 355.6507116779685 1205.0005188286304 438.64968806877732 3792.0001679286361 630.46715401858091 486.54689543694258 4341.7432916462421 398.21275856345892 224.07082663103938
leaf_count=9231 11561 5148 10825 18346 10549 4024 7297 9149 16821 8112 3402 22027 2180 2723
internal_value=-0.000235661 -0.00175521 -0.00038029 -0.00201683 -0.00522221 -0.0196761 0.000814722 0.0207259 0.00293386 -0.0145378 0.00384263 0.00384263 -0.0107434 0.0165225
internal_weight=21917 20439.8 18988.1 13686.7 6417.59 1451.7 7269.07 1477.15 4997 986.118 5301.48 4828.29 2150.49 1038.5
internal_count=141395 117962 96595 66018 31075 21367 34943 23433 24118 12136 30577 25429 12729 14284
is_linear=0
shrinkage=0.03


Tree=83
num_leaves=15
num_cat=0
split_feature=7 7 6 2 7 6 8 6 9 6 7 2 2 8
split_gain=743.664 584.559 143.435 127.06 100.877 87.5055 70.8559 60.3124 50.5099 45.7066 38.2111 32.7158 21.2877 20.0829
threshold=0.91358068585395824 0.03742912411689759 1.0278278220000001 117.50000000000001 0.00033491765498183673 1.2123029215000003 13.500000000000002 0.50817587900000005 1.0000000180025095e-35 0.81398659250000016 0.13956766575574878 51.500000000000007 83.500000000000014 20.500000000000004
decision_type=2 2 2 2 2 2 2 2 2 2 2 2 2 2
left_child=1 4 9 6 -1 -5 -4 -2 -6 -3 -8 -11 -9 -7
right_child=7 2 3 5 8 13 10 12 -10 11 -12 -13 -14 -15
leaf_value=-0.030197397110520423 0.030928518419313156 0.011298703449871965 -0.0024014206839280496 -0.0024014206839280496 -0.010279840909511773 -0.010279840909511773 -0.0024014206839280496 0.019000250850356965 -0.018966576440553586 0.011050449858727806 0.0034602835189225163 0.0034602835189225163 0.011298703449871965 -0.0030817427788985209
leaf_weight=453.62366846948862 386.92515322193503 675.00703771039844 2442.104712381959 3740.4534342736006 482.97375717386603 1564.5626222342253 666.44487594813108 897.40467682853341 800.36798883229494 542.66663303971291 3467.4272171184421 5155.1695375442505 169.73827358335257 354.04351504892111
leaf_count=9255 8424 7001 11403 16149 5113 9272 4146 13055 9771 3675 15303 24838 2019 1886
internal_value=4.28588e-05 -0.00144052 0.000115149 -0.00178565 -0.0180587 -0.00507918 0.00105036 0.0207317 -0.0136675 0.00376297 0.00346028 0.00346028 0.0169075 -0.0102798
internal_weight=21798.9 20344.8 18607.9 12235 1736.97 5659.06 6575.98 1454.07 1283.34 6372.84 4133.87 5697.84 1067.14 1918.61
internal_count=141310 117812 93673 58159 24139 27307 30852 23498 14884 35514 19449 28513 15074 11158
is_linear=0
shrinkage=0.03


Tree=84
num_leaves=15
num_cat=0
split_feature=7 7 6 7 2 3 2 6 3 3 6 6 6 3
split_gain=736.509 487.31 139.973 126.276 99.7572 96.7565 102.486 60.7981 57.7701 47.5931 37.5992 20.2961 18.5114 26.5692
threshold=0.91358068585395824 0.050251806154847152 0.98754317800000002 0.00022198442457010972 117.50000000000001 2.5000000000000004 43.500000000000007 0.50817587900000005 2.5000000000000004 6.5000000000000009 0.7851391885000002 0.73300804500000016 1.2081330280000002 1.0000000180025095e-35
decision_type=2 2 2 2 2 2 2 2 2 2 2 2 2 2
left_child=1 3 10 -1 5 -4 -7 -2 12 -5 11 -3 -6 -14
right_child=7 2 4 9 8 6 -8 -9 -10 -11 -12 -13 13 -15
leaf_value=-0.030502977563174286 0.030940912862175679 0.016670426054364029 0.0041913982578516071 -0.011877227198447757 -0.0045094243134689103 0.0041913982578516071 -0.0045094243134689103 0.016670426054364029 -0.011877227198447757 -0.026105994010706481 0.0041913982578516071 0.0063660773396749413 -0.0045094243134689103 -0.011288720361334865
leaf_weight=413.529491212219 373.30084150657058 214.22080219164491 2683.3093760088086 1371.8896921016276 4206.3918685764074 1227.2641462758183 3259.8531881645322 1057.3571736998856 540.63527601212263 210.05271350219846 4331.7283924892545 249.94918102771044 601.09589967131615 998.31177945435047
leaf_count=8697 8357 2744 12209 14780 17877 5941 15204 15134 3080 2972 23180 2409 3150 5666
internal_value=-0.000277404 -0.00174501 -0.00020919 -0.0158037 -0.00177153 0.000653195 -0.00208568 0.0204888 -0.00450942 -0.0118772 0.0041914 0.0126951 -0.00450942 -0.00822059
internal_weight=21738.9 20308.2 18312.8 1995.47 13516.9 7170.43 4487.12 1430.66 6346.43 1581.94 4795.9 464.17 5805.8 1599.41
internal_count=141400 117909 91460 26449 63127 33354 21145 23491 29773 17752 28333 5153 26693 8816
is_linear=0
shrinkage=0.03


Tree=85
num_leaves=15
num_cat=0
split_feature=6 7 8 6 3 6 9 3 8 7 7 6 6 3
split_gain=673.426 516.364 123.861 125.902 92.5861 91.6566 45.2439 42.2353 32.9787 32.6513 24.0832 21.0374 19.8814 13.2382
threshold=0.81920447200000013 0.026483068242669109 28.500000000000004 0.99081415700000008 2.5000000000000004 0.50817587900000005 1.0000000180025095e-35 6.5000000000000009 12.500000000000002 0.20985398441553119 0.010837605223059656 0.70040526000000003 0.87865521200000007 2.5000000000000004
decision_type=2 2 2 2 2 2 2 2 2 2 2 2 2 2
left_child=5 4 3 6 -2 -1 -3 10 -5 -10 -6 13 -8 -7
right_child=1 2 -4 8 7 11 12 -9 9 -11 -12 -13 -14 -15
leaf_value=0.030782873130045033 -0.002270236589209025 0.0061220633401871949 0.012544527415900335 -0.002270236589209025 -0.021818174839214492 0.022958778207260677 0.006384082328602516 -0.030310273835491959 -0.002270236589209025 -0.00012048007217961333 -0.010296088869938233 0.012544527415900335 -0.00012048007217961333 0.012544527415900335
leaf_weight=370.54776799306273 250.24617240577936 2668.0814651474357 651.05122841149569 5435.6428479105234 518.36087481305003 321.46797088161111 417.91753225028515 408.10345117747784 2009.8287613242865 5956.0142050608993 259.00694537907839 925.9953850209713 1297.2729485929012 185.60413934290409
leaf_count=8495 2346 14808 3354 26221 8771 6194 2523 8008 12173 26266 2793 10008 6249 3249
internal_value=-1.39646e-05 -0.00160869 -0.000256903 -0.000728922 -0.0189057 0.017512 0.00368198 -0.0223931 -0.00217245 -0.000335554 -0.0180695 0.0139855 -0.00012048 0.0192035
internal_weight=21675.1 19871.5 18435.8 17784.8 1435.72 1803.62 4383.27 1185.47 13401.5 7965.84 777.368 1433.07 1715.19 507.072
internal_count=141458 113512 91594 88240 21918 27946 23580 19572 64660 38439 11564 19451 8772 9443
is_linear=0
shrinkage=0.03


Tree=86
num_leaves=15
num_cat=0
split_feature=7 7 2 3 2 6 7 3 6 2 3 3 3 3
split_gain=649.296 479.436 109.278 162.503 146.462 130.761 104.396 58.4821 56.2849 50.5219 46.7629 40.9943 20.5663 15.609
threshold=0.92114984989166271 0.034561064094305045 40.500000000000007 3.5000000000000004 124.50000000000001 1.1840234145000001 0.00033491765498183673 1.5000000000000002 0.50817587900000005 78.500000000000014 3.5000000000000004 1.5000000000000002 4.5000000000000009 6.5000000000000009
decision_type=2 2 2 2 2 2 2 2 2 2 2 2 2 2
left_child=1 6 12 4 9 7 -1 -6 -2 -4 -8 -11 -3 -12
right_child=8 2 3 -5 5 -7 10 -9 -10 11 13 -13 -14 -15
leaf_value=-0.030022179504948676 0.030778392456272279 0.012526966768317029 0.0073169717983678946 -0.0080134512667719687 0.0012342227247010128 -0.0080134512667719687 -0.0080134512667719687 -0.0078476040074101326 0.016477728616629567 0.0052158994559978241 -0.015045876305702859 0.0012342227247010128 0.0073169717983678946 -0.026115595226648861
leaf_weight=419.54476406425238 351.33783443644643 686.76564383506775 1831.5329429209232 2429.1667635552585 4402.0006747320294 2094.062711365521 495.56290680170059 741.19653205573559 929.08424846455455 2475.7469555623829 522.91019990667701 3127.0102107040584 928.47130321711302 163.18223914504051
leaf_count=9236 8321 4230 10036 12635 19128 11789 4625 3304 14005 14093 7232 14955 5255 2523
internal_value=-0.000171534 -0.0014794 -0.000129487 -0.000834771 0.000356128 -0.00268087 -0.0172087 -8.09282e-05 0.0205062 0.00331245 -0.0125519 0.00189205 0.00731697 -0.0178486
internal_weight=21597.6 20317.2 18716 17100.7 14671.6 7237.26 1601.2 5143.2 1280.42 7434.29 1181.66 5602.76 1615.24 686.092
internal_count=141367 119041 95425 85940 73305 34221 23616 22432 22326 39084 14380 29048 9485 9755
is_linear=0
shrinkage=0.03


Tree=87
num_leaves=15
num_cat=0
split_feature=7 7 8 5 2 7 7 8 3 3 5 3 2 3
split_gain=614.734 469.236 119.807 121.809 118.117 92.6093 69.2008 62.7818 46.2625 40.1673 34.3219 18.332 17.3766 15.296
threshold=0.90987113118171703 0.031788382679224021 27.500000000000004 0.37199576350000002 117.50000000000001 0.00033491765498183673 0.9930730164051057 9.5000000000000018 3.5000000000000004 5.5000000000000009 0.10834711400000001 6.5000000000000009 83.500000000000014 2.5000000000000004
decision_type=2 2 2 2 2 2 2 2 2 2 2 2 2 2
left_child=1 5 3 10 7 -1 12 -5 -7 -9 -3 -10 13 -2
right_child=6 2 -4 4 -6 8 -8 9 11 -11 -12 -13 -14 -15
leaf_value=-0.029776764057011889 0.019792840615551425 0.0085272838927396809 0.010924923266418774 -0.0065100812597439434 -0.0065100812597439434 -0.0065100812597439434 0.030383048014984353 0.0020597047594079366 -0.014994936243063469 -0.0065100812597439434 0.0020597047594079366 -0.027261354961018273 0.010924923266418774 0.010924923266418774
leaf_weight=405.38874250650406 605.34778274595737 733.97289484366775 831.64511048421264 791.43152027577162 4490.048720151186 456.05176495015621 357.4402078576386 4064.4621093645692 490.40597486495972 463.60007517039776 7248.3092386350036 154.18698968738317 183.03622765466571 265.46885330602527
leaf_count=9181 8617 7139 4318 3842 22711 4335 8524 18990 6967 2472 34924 2459 2258 4605
internal_value=-0.00013061 -0.00147439 -0.000169821 -0.000691348 -0.00292986 -0.0175527 0.0189736 9.53892e-05 -0.012936 0.001475 0.0020597 -0.0181163 0.0149785 0.017122
internal_weight=21540.8 20129.5 18623.5 17791.8 9809.54 1506.03 1411.29 5319.49 1100.64 4528.06 7982.28 644.593 1053.85 870.817
internal_count=141342 117338 94396 90078 48015 22942 24004 25304 13761 21462 42063 9426 15480 13222
is_linear=0
shrinkage=0.03


Tree=88
num_leaves=15
num_cat=0
split_feature=6 7 2 3 3 2 6 7 6 2 3 3 3 2
split_gain=590.622 431.563 130.769 153.248 102.812 97.4942 94.1086 83.4525 78.1298 43.1067 42.9088 33.6537 31.2747 26.2591
threshold=0.81920447200000013 0.024044300429522995 71.500000000000014 2.5000000000000004 3.5000000000000004 138.50000000000003 0.50817587900000005 0.00033491765498183673 1.2041840300000002 33.500000000000007 2.5000000000000004 1.5000000000000002 5.5000000000000009 123.50000000000001
decision_type=2 2 2 2 2 2 2 2 2 2 2 2 2 2
left_child=6 7 4 5 -3 11 -1 -2 -7 12 -9 -4 -6 -5
right_child=1 2 3 13 9 8 -8 10 -10 -11 -12 -13 -14 -15
leaf_value=0.030609720885402765 -0.029698067109759387 0.0096506294254443733 0.0040990386099117393 -0.0077454754925478054 0.0096506294254443733 -0.00090647419721802294 0.013009644576232986 -0.0077454754925478054 -0.0077454754925478054 -0.00022315138608557572 -0.017372068452603813 -0.00045037917046537878 0.00028583179645383421 -0.01315070422407703
leaf_weight=341.79827370122075 397.08436208963394 1767.7255112156272 3732.4262535795569 2596.2210556715727 468.90110038220882 3639.4703850150108 1392.2832364812493 214.05236548930407 1418.9342480003834 1537.3900666683912 706.87219566479325 2403.6504516601562 434.75550784170628 514.75854617357254
leaf_count=8493 9242 10333 18450 12941 2584 15539 19509 1993 8353 7756 10246 11095 2272 3290
internal_value=-0.00020692 -0.0016765 -0.000493509 -0.00186115 0.00415175 -0.000223151 0.0165568 -0.0182294 -0.00330494 0.000158048 -0.0131507 0.00231801 0.00634095 -0.00774548
internal_weight=21566.3 19832.2 18514.2 14305.5 4208.77 11194.5 1734.08 1318.01 5058.4 2441.05 920.925 6136.08 903.657 3110.98
internal_count=142096 114094 92613 69668 22945 53437 28002 21481 23892 12612 12239 29545 4856 16231
is_linear=0
shrinkage=0.03


Tree=89
num_leaves=15
num_cat=0
split_feature=7 7 7 2 3 2 3 3 7 4 2 3 9 3
split_gain=587.16 409.184 116.167 105.343 115.833 127.524 84.0974 64.6602 59.9345 53.5017 52.6916 47.4995 30.3645 29.2342
threshold=0.91358068585395824 0.046766266226768501 0.00033491765498183673 41.500000000000007 3.5000000000000004 126.50000000000001 1.5000000000000002 1.5000000000000002 0.9930730164051057 8.7488317755000029 78.500000000000014 6.5000000000000009 1.0000000180025095e-35 4.5000000000000009
decision_type=2 2 2 2 2 2 2 2 2 2 2 2 2 2
left_child=1 2 -1 13 5 7 9 -5 -2 -7 -9 12 -4 -3
right_child=8 3 11 4 -6 6 -8 10 -10 -11 -12 -13 -14 -15
leaf_value=-0.029620004393472326 0.015227426880690453 0.012579067116044576 -0.0071343689593529568 0.0063766642475079505 -0.0071343689593529568 0.0019588023923979006 -0.0071343689593529568 0.0053053912472748035 0.030000030832546428 -0.0039275016395211495 -0.0011203805960620916 -0.025640592165822967 -0.013773422885245407 0.0063766642475079505
leaf_weight=388.18229076638818 969.44500088691711 706.29861110076308 520.42704316601157 2840.2272604890168 2293.5369630493224 2652.8496446311474 1265.7950684577227 1499.2905099913478 341.42338460683823 2908.4488260522485 3202.0578807406127 172.8749551102519 712.7131895236671 924.13651621714234
leaf_count=9274 14797 4304 5416 15826 11565 11637 6699 8061 8584 13730 15268 2673 8440 5102
internal_value=-0.00023978 -0.00151121 -0.0151624 -0.000168482 -0.000881375 0.000118867 -0.00285049 0.00280702 0.0191744 -0.00112038 0.000646 -0.01108 -0.00894344 0.00709734
internal_weight=21397.7 20086.8 1794.2 18292.6 16662.2 14368.7 6827.09 7541.58 1310.87 5561.3 4701.35 1406.02 1233.14 1630.44
internal_count=141376 117995 25803 92192 82786 71221 32066 39155 23381 25367 23329 16529 13856 9406
is_linear=0
shrinkage=0.03


Tree=90
num_leaves=15
num_cat=0
split_feature=7 7 9 6 2 6 7 6 9 8 7 8 2 6
split_gain=549.824 391.391 117.766 111.465 97.8043 87.1555 86.9252 63.6194 50.123 45.4109 35.475 29.2529 26.976 24.066
threshold=0.91358068585395824 0.024044300429522995 1.5000000000000002 0.99081415700000008 117.50000000000001 1.2081330280000002 0.00033491765498183673 0.50817587900000005 1.0000000180025095e-35 12.500000000000002 0.19088010489940646 9.5000000000000018 68.500000000000014 0.80245022700000013
decision_type=2 2 2 2 2 2 2 2 2 2 2 2 2 2
left_child=1 6 3 13 9 -6 -1 -2 -8 -5 -11 -4 -13 -3
right_child=7 2 11 4 5 -7 8 -9 -10 10 -12 12 -14 -15
leaf_value=-0.029446042731646669 0.030516481853631424 0.011219253527044077 -0.01218271351087 -0.0012087887491757225 -0.0012087887491757225 -0.0089298040767564514 -0.0089298040767564514 0.014904498607121295 -0.018782180370248355 -0.0012087887491757225 0.0046092625124677282 0.0007183069513151813 -0.0089144298389175272 0.0046092625124677282
leaf_weight=376.21155647560954 315.81474271416664 493.16138661652803 585.45113620907068 1915.9416386783123 4163.543582379818 1920.0756987631321 330.82871820032597 982.4537773616612 561.66912044584751 1041.4838456958532 3654.0604930073023 454.54828306660056 609.33466623350978 3953.6774718686938
leaf_count=9231 8313 5506 3272 9008 17825 11521 4039 15135 8110 6277 16422 2554 3324 21028
internal_value=-7.74073e-05 -0.00130383 -0.000212924 0.000524624 -0.000907394 -0.00365098 -0.0173973 0.0188048 -0.0121827 0.001618 0.00325708 -0.00785687 -0.0048147 0.00460926
internal_weight=21358.3 20060 18791.3 17141.9 12695.1 6083.62 1268.71 1298.27 892.498 6611.49 4695.54 1649.33 1063.88 4446.84
internal_count=141565 118117 96737 87587 61053 29346 21380 23448 12149 31707 22699 9150 5878 26534
is_linear=0
shrinkage=0.03


Tree=91
num_leaves=15
num_cat=0
split_feature=6 7 9 6 7 8 4 3 8 4 7 8 4 7
split_gain=538.332 371.649 134.122 93.6272 79.8109 69.4308 61.6406 58.8429 42.3589 39.0713 21.1467 17.8115 17.4001 16.1424
threshold=0.8244342305000002 0.0094790998846292513 1.0000000180025095e-35 0.63423049300000012 0.30874116718769079 28.500000000000004 8.537272006000002 5.5000000000000009 13.500000000000002 14.184367035000003 0.95436668395996105 17.500000000000004 7.5391422735000004 0.13956766575574878
decision_type=2 2 2 2 2 2 2 2 2 2 2 2 2 2
left_child=3 7 5 -1 11 6 -3 9 12 -2 -5 -4 -6 -8
right_child=1 2 4 10 8 -7 13 -9 -10 -11 -12 -13 -14 -15
leaf_value=0.02578394282561048 -0.0074559973562187964 0.0038098024686570218 -0.0074559973562187964 0.010867248857597841 0.0010885188083954345 0.010867248857597841 -0.0042730707471225152 -0.028356585278571978 0.0016739702969459373 -0.021853254310760632 0.019422458002103248 -0.0039586679164239488 -0.005188975423299113 -0.00024295811577551508
leaf_weight=570.6748980730772 189.17454929277301 4047.0323329344392 2246.9554370939732 888.34101633727551 492.50451954826713 482.7911733314395 1076.3222199827433 450.28592834994197 2294.9039257019758 212.79612202197313 263.09743132814765 831.65570731461048 2019.8635833710432 5181.236503303051
leaf_count=14058 2496 21213 14462 9887 2592 2553 7746 10479 10841 4023 4470 5000 8692 22885
internal_value=-0.000183446 -0.00160309 -0.000716196 0.0158707 -0.00368867 0.00145747 0.000926985 -0.0209177 -0.0012708 -0.0123388 0.0108672 -0.007456 -0.00395867 -0.00093901
internal_weight=21247.6 19525.5 18673.3 1722.11 7885.88 10787.4 10304.6 852.257 4807.27 401.971 1151.44 3078.61 2512.37 6257.56
internal_count=141397 112982 95984 28415 41587 54397 51844 16998 22125 6519 14357 19462 11284 30631
is_linear=0
shrinkage=0.03


Tree=92
num_leaves=15
num_cat=0
split_feature=7 7 6 2 3 6 2 6 3 3 2 3 2 5
split_gain=483.548 374.244 111.384 133.857 70.4137 66.0418 49.4134 47.2164 37.1414 21.7455 15.5525 15.3345 89.8972 15.0309
threshold=0.9172206223011018 0.010837605223059656 1.2123029215000003 99.500000000000014 2.5000000000000004 0.50817587900000005 45.500000000000007 0.81398659250000016 5.5000000000000009 6.5000000000000009 84.500000000000014 2.5000000000000004 91.500000000000014 0.26974401100000006
decision_type=2 2 2 2 2 2 2 2 2 2 2 2 2 2
left_child=1 4 6 8 -1 -2 -3 -8 -4 -6 -7 12 -9 -14
right_child=5 2 3 -5 9 10 7 11 -10 -11 -12 -13 13 -15
leaf_value=-0.0084525873711113978 0.030513544338752335 0.0077846429327678313 0.00058986734123010894 -0.0084525873711113978 -0.019440687334401904 0.015920049978575355 0.0077846429327678313 0.0077846429327678313 -0.0071547516364983176 -0.030403770029172501 0.0077846429327678313 0.00058986734123010894 0.0030207225633396267 0.00058986734123010894
leaf_weight=108.89489578455687 301.52871924266219 965.11120452731848 2561.0650120228529 2790.9805683717132 457.44111612439156 774.15711974725127 552.74027686193585 1082.3853503614664 552.34447527676821 308.0675338357687 130.35192366316915 2585.6799778193235 2304.9165342226624 5712.6403536349535
leaf_count=1210 8364 6583 13088 17785 8710 12800 6009 5933 3650 7541 1735 11904 11462 24543
internal_value=-3.00255e-05 -0.00114532 -0.000264587 -0.003688 -0.0202806 0.0183772 0.00126713 0.000750189 0.000589867 -0.0240213 0.0141859 0.000589867 0.00185547 0.000712094
internal_weight=21188.3 19982.3 19107.9 5904.39 874.404 1206.04 13203.5 12238.4 3113.41 765.509 904.509 11685.6 9099.94 8017.56
internal_count=141317 118418 100957 34523 17461 22899 66434 59851 16738 16251 14535 53842 41938 36005
is_linear=0
shrinkage=0.03


Tree=93
num_leaves=15
num_cat=0
split_feature=7 7 8 4 2 3 7 7 2 3 3 4 4 4
split_gain=503.273 351.786 109.988 99.2185 105.948 68.6179 63.1076 56.3594 36.1858 24.37 20.1185 15.7452 14.2946 12.1565
threshold=0.91358068585395824 0.010837605223059656 28.500000000000004 8.8853456670000011 112.50000000000001 2.5000000000000004 0.9930730164051057 0.2218233793973923 40.500000000000007 6.5000000000000009 3.5000000000000004 6.602521008500001 6.5616238320000013 16.890598290500005
decision_type=2 2 2 2 2 2 2 2 2 2 2 2 2 2
left_child=1 5 3 8 7 -1 12 10 -3 13 -5 -10 -2 -7
right_child=6 2 -4 4 -6 9 -8 -9 11 -11 -12 -13 -14 -15
leaf_value=-0.0062608814391505998 0.017367924057056981 0.0092853525048125218 0.011557590499462461 0.00042374634274338165 -0.0062608814391505998 -0.014997708299420882 0.030110122296627413 0.0014067080032434621 0.0068932785383994354 -0.030336154790382121 -0.00622271097536394 0.0014067080032434621 0.011557590499462461 -0.026289687723409803
leaf_weight=108.41226112470031 604.51852529868484 519.81866323575377 652.49385172873735 589.2707676962018 4674.2974414005876 312.59508442133665 307.63965742662549 3107.0596323013306 536.17333904653788 301.26733661442995 1336.8415278047323 7588.8528520464897 322.71835082769394 139.72357361018658
leaf_count=1218 11569 4002 3541 3357 25288 5411 8558 13276 5589 7603 9154 36036 3309 3363
internal_value=-0.000194417 -0.00135137 -0.000498687 -0.000930364 -0.00301126 -0.0200395 0.0183491 9.87077e-06 0.00140671 -0.0235424 -0.00419348 0.00140671 0.0143065 -0.0187352
internal_weight=21101.7 19866.8 19004.8 18352.3 9707.47 861.998 1234.88 5033.17 8644.84 753.586 1926.11 8125.03 927.237 452.319
internal_count=141274 117838 100243 96702 51075 17595 23436 25787 45627 16377 12511 41625 14878 8774
is_linear=0
shrinkage=0.03


Tree=94
num_leaves=15
num_cat=0
split_feature=6 5 9 2 3 5 3 2 8 6 2 6 2 5
split_gain=456.8 312.344 170.578 153.437 164.744 88.3265 79.2505 71.2119 57.7328 40.9758 34.1646 33.0549 29.2498 30.2164
threshold=0.71742096600000005 0.92252733400000009 1.5000000000000002 69.500000000000014 3.5000000000000004 0.36335669050000002 2.5000000000000004 117.50000000000001 24.500000000000004 1.1920581745000003 36.500000000000007 0.50817587900000005 40.500000000000007 0.46820111200000009
decision_type=2 2 2 2 2 2 2 2 2 2 2 2 2 2
left_child=11 2 3 6 5 -5 -2 -7 9 -9 -8 -1 -4 -14
right_child=1 -3 12 4 -6 7 10 8 -10 -11 -12 -13 13 -15
leaf_value=0.030276385900251609 0.013933548524532251 -0.023319753172073104 -0.00087197622767366963 0.002816523790656202 -0.011463789974818082 0.0021035213097235911 0.0086527499068785804 -0.0025871813690701933 0.0021035213097235911 -0.0084351612980877212 0.002816523790656202 0.017191224476935479 -0.0069405110677295797 -0.015684401237602629
leaf_weight=287.61612060666084 868.48994771391153 540.90837061777711 314.20909832045436 5993.1948731578887 1198.2594941034913 2379.1837643869221 944.61129146814346 2259.1822449266911 397.32368072494864 2069.4680666103959 1837.0666849948466 519.37112318724394 789.92264578491449 664.9287573993206
leaf_count=8368 6641 12220 1750 31487 8833 11068 5788 9703 1980 13166 10216 10525 3817 5861
internal_value=-5.10762e-05 -0.000935262 -0.000315382 0.00056169 -0.000840429 0.000135418 0.00604701 -0.00212648 -0.00425595 -0.00538953 0.0035641 0.0220126 -0.00918962 -0.0109769
internal_weight=21063.7 20256.7 19715.8 17946.8 14296.6 13098.4 3650.17 7105.16 4725.97 4328.65 2781.68 806.987 1769.06 1454.85
internal_count=141423 122530 110310 98882 76237 67404 22645 35917 24849 22869 16004 18893 11428 9678
is_linear=0
shrinkage=0.03


Tree=95
num_leaves=15
num_cat=0
split_feature=6 7 9 2 3 2 3 3 2 2 2 6 6 4
split_gain=451.321 338.787 122.242 111.068 85.0605 76.1565 78.0205 66.7016 60.4895 55.3917 52.8259 34.0105 32.3101 27.8313
threshold=0.71742096600000005 0.0068920620251446971 1.0000000180025095e-35 88.500000000000014 2.5000000000000004 136.50000000000003 3.5000000000000004 5.5000000000000009 55.500000000000007 70.500000000000014 36.500000000000007 1.3473912365000003 0.50817587900000005 14.184367035000003
decision_type=2 2 2 2 2 2 2 2 2 2 2 2 2 2
left_child=12 7 3 4 -3 6 9 13 -8 -4 -6 -5 -1 -2
right_child=1 2 5 11 10 -7 8 -9 -10 -11 -12 -13 -14 -15
leaf_value=0.030225647653696272 -0.008355123744395716 0.011970311802166697 0.0095774119860450955 -0.00020711544544656845 0.011063928882939238 -0.008355123744395716 -0.00068149703493281997 -0.029478417477068086 -0.008355123744395716 -0.00033462803937277301 -0.00020711544544656845 -0.0066107182437243504 0.017157790422644578 -0.02047847717303266
leaf_weight=281.40469615161419 139.97196858748794 1388.0623826347291 600.80166182294488 7217.5594807639718 464.59978313371539 1893.7806464582682 1276.1901544369757 393.98845570161939 1287.7218059711158 3122.3903148248792 1500.7091635428369 741.46577426418662 512.01256423443556 181.73576302453876
leaf_count=8420 1971 9672 3960 34976 3022 10343 7587 10227 7985 15712 7964 5314 10523 3758
internal_value=-0.000169814 -0.00104358 -0.000296724 0.00172329 0.00629847 -0.00308931 -0.00149778 -0.0212424 -0.00551972 0.00127555 0.00227233 -0.000207115 0.0219529 -0.0108591
internal_weight=21002.4 20209 19493.3 11312.4 3353.37 8180.88 6287.1 715.696 2563.91 3723.19 1965.31 7959.03 793.417 321.708
internal_count=141434 122491 106535 60948 20658 45587 35244 15956 15572 19672 10986 40290 18943 5729
is_linear=0
shrinkage=0.03


Tree=96
num_leaves=15
num_cat=0
split_feature=7 7 2 3 2 3 2 7 5 3 7 3 9 8
split_gain=431.154 316.07 92.4727 107.666 114.579 85.1097 60.9818 59.8389 46.7626 25.7188 25.5935 21.5697 13.8154 11.984
threshold=0.9172206223011018 0.024044300429522995 138.50000000000003 2.5000000000000004 49.500000000000007 6.5000000000000009 79.500000000000014 0.99171382188797008 0.84791324500000009 1.0000000180025095e-35 0.00066362155484966945 5.5000000000000009 1.0000000180025095e-35 14.500000000000002
decision_type=2 2 2 2 2 2 2 2 2 2 2 2 2 2
left_child=1 5 3 6 11 8 13 -2 12 -4 -10 -5 -1 -3
right_child=7 2 9 4 -6 -7 -8 -9 10 -11 -12 -13 -14 -15
leaf_value=-0.0053517519734983948 0.01358737286507442 0.0064042888641343823 -0.0034778154524707844 0.0037748884929474308 -0.0034778154524707844 -0.029588474374402401 0.0037748884929474308 0.029182941736513673 -0.028791106993089909 -0.0053517519734983948 -0.011880002289883439 -0.0018014826244498211 -0.011663169563670596 0.013301535697466471
leaf_weight=202.70480640605092 831.20946813002229 359.41933577507734 2929.8680788874626 1315.1582674197853 4391.2465673014522 308.01063225418329 6059.0711722075939 308.45995236933231 151.90296771004796 2242.1713680252433 191.34886523336172 658.00102362036705 310.7375249043107 692.38148560374975
leaf_count=2203 13889 2232 13255 7762 22869 7914 31202 9151 3928 11948 3168 3781 4127 4006
internal_value=1.53998e-05 -0.00101866 -6.97354e-05 0.00123915 -0.00159474 -0.0161461 0.00377489 0.0179175 -0.0111694 -0.00347782 -0.0196698 0.00377489 -0.00535175 0.0109861
internal_weight=20951.7 19812 18647.3 13475.3 6364.41 1164.7 7110.87 1139.67 856.694 5172.04 343.252 1973.16 513.442 1051.8
internal_count=141435 118395 97055 71852 34412 21340 37440 23040 13426 25203 7096 11543 6330 6238
is_linear=0
shrinkage=0.03


Tree=97
num_leaves=15
num_cat=0
split_feature=5 7 8 5 2 3 3 7 3 7 2 5 5 7
split_gain=424.534 297.942 106.225 110.811 91.2742 66.1044 59.797 49.4906 43.1903 30.4376 20.9334 19.5409 11.4889 7.21896
threshold=-0.028848821499999996 0.0081416801549494284 27.500000000000004 0.37817255100000008 89.500000000000014 5.5000000000000009 5.5000000000000009 0.9172206223011018 3.5000000000000004 0.99444141983985912 40.500000000000007 0.84791324500000009 0.089179457000000018 0.13956766575574878
decision_type=2 2 2 2 2 2 2 2 2 2 2 2 2 2
left_child=9 5 3 7 6 11 13 10 -6 -1 -3 -2 -9 -5
right_child=1 2 -4 4 8 -7 -8 12 -10 -11 -12 -13 -14 -15
leaf_value=0.017230984777960066 -0.010088058570638809 0.0082320568532028779 0.0098454620283938837 -0.0024705694921720407 -0.0051047431715207552 -0.028394325966565381 -0.0051047431715207552 0.016731343084271114 -0.010088058570638809 0.030425419526554535 0.0017137553847004405 -0.019801008811907203 0.0082320568532028779 0.0017137553847004405
leaf_weight=497.88957417570055 157.37447397783399 500.42220270633698 878.70750285312533 566.12389584258199 5804.5970253795385 381.11455940827727 623.06255153566599 209.90648520365357 561.91398888453841 254.07436458207667 7536.4219349324703 186.81002797931433 256.16051556915045 2411.447575353086
leaf_count=11024 2210 3662 5081 4164 29999 10340 4109 2978 4359 7996 38163 3964 2722 10409
internal_value=-0.000194243 -0.00102565 -0.000315595 -0.000801538 -0.0029471 -0.0198358 0.000869749 0.00171376 -0.00510474 0.0218607 0.00171376 -0.0100881 0.0114393 0.00171376
internal_weight=20826 20074.1 19348.8 18470.1 9967.15 725.299 3600.63 8502.91 6366.51 751.964 8036.84 344.185 466.067 2977.57
internal_count=141180 122160 105646 100565 53040 16514 18682 47525 34358 19020 41825 6174 5700 14573
is_linear=0
shrinkage=0.03


Tree=98
num_leaves=15
num_cat=0
split_feature=7 7 9 7 2 8 2 3 4 7 8 3 4 2
split_gain=409.958 285.392 127.579 84.3954 87.7574 72.9208 56.7311 60.372 57.5897 54.155 40.8026 38.9574 31.8131 26.962
threshold=0.92114984989166271 0.0020752742420881991 1.0000000180025095e-35 0.19088010489940646 136.50000000000003 29.500000000000004 89.500000000000014 1.5000000000000002 8.6146230005000017 0.9930730164051057 11.500000000000002 5.5000000000000009 7.3363095235000007 33.500000000000007
decision_type=2 2 2 2 2 2 2 2 2 2 2 2 2 2
left_child=1 11 5 -4 10 6 7 -3 -8 -2 12 -1 -5 -9
right_child=9 2 3 4 -6 -7 8 13 -10 -11 -12 -13 -14 -15
leaf_value=-0.011889467552350043 0.014896234238235708 0.014896234238235708 -0.0085750761983454851 0.0041388927740587736 -0.0085750761983454851 0.014151268387480008 0.0026816145989424986 0.010598470880831672 -0.0025537091129912894 0.029709353589701948 0.0023178409038117518 -0.030508538543716105 -0.0054005923860672858 0.0026816145989424986
leaf_weight=164.90757838264108 782.72623884677887 433.34770923852921 2079.2201737016439 398.56042290478945 1273.7742394655943 394.76252175867558 3354.7389232441783 383.65656711533666 4320.9244917184114 270.54229831695557 3098.2052011527121 302.61551662161946 1435.2742670103908 2162.1177442595363
leaf_count=3584 13738 2574 17204 2945 5699 2220 17264 2581 21943 8582 15746 8920 6358 12093
internal_value=-0.000129426 -0.00110139 -0.000538294 -0.00335152 -0.0015959 0.00157164 0.00109915 0.00460916 -0.000265293 0.018063 0.000219706 -0.0241364 -0.00332169 0.0028323
internal_weight=20855.4 19802.1 19334.6 8285.03 6205.81 11049.5 10654.8 2979.12 7675.66 1053.27 4932.04 467.523 1833.83 2545.77
internal_count=141451 119131 106627 47952 30748 58675 56455 17248 39207 22320 25049 12504 9303 14674
is_linear=0
shrinkage=0.03


Tree=99
num_leaves=15
num_cat=0
split_feature=6 7 8 7 6 3 8 3 6 5 6 7 3 3
split_gain=379.06 287.112 92.5033 86.8604 83.2322 61.5071 41.6967 40.7725 36.1938 33.388 31.9254 26.1878 22.8039 15.3328
threshold=0.71742096600000005 0.026483068242669109 19.500000000000004 0.00022198442457010972 1.1169401005000001 3.5000000000000004 28.500000000000004 2.5000000000000004 0.50817587900000005 0.40219146700000002 0.96804425100000013 0.88933348655700695 6.5000000000000009 1.5000000000000002
decision_type=2 2 2 2 2 2 2 2 2 2 2 2 2 2
left_child=8 3 4 -2 5 9 10 -5 -1 11 -4 -3 -9 -10
right_child=1 2 6 7 -6 -7 -8 12 13 -11 -12 -13 -14 -15
leaf_value=0.030032721951897195 -0.029592786898257603 0.0019925627220408158 0.0078459547090885765 -0.0037688445716833772 -0.0037688445716833772 -0.0037688445716833772 0.010676624987447602 -0.011726024491106442 0.022039305035819717 -0.0037688445716833772 0.0010849087399726219 0.00910477684398606 -0.026161600356525157 0.010899093893765146
leaf_weight=255.0747409556061 285.08147364854813 5853.8356244750321 794.02322285994887 222.44330165907741 6356.9302316233516 946.19219809770584 661.11496984958649 547.7044779509306 204.02477961778641 708.86450415849686 2956.7846937030554 501.96400179341435 122.37901974283159 282.77681665495038
leaf_count=8449 8795 28634 6063 2206 33235 5103 3704 8554 4685 3026 14458 5784 2558 5901
internal_value=-0.000157957 -0.000942996 -4.01313e-05 -0.0152802 -0.00120701 0.000826992 0.00375697 -0.0105693 0.0208254 0.00186931 0.00252472 0.00256098 -0.0145367 0.0157447
internal_weight=20699.2 19957.3 18779.7 1177.61 14367.8 8010.86 4411.92 892.527 741.876 7064.66 3750.81 6355.8 670.083 486.802
internal_count=141155 122120 100007 22113 75782 42547 24225 13318 19035 37444 20521 34418 11112 10586
is_linear=0
shrinkage=0.03


Tree=100
num_leaves=15
num_cat=0
split_feature=5 7 9 2 3 3 5 5 2 6 8 6 9 7
split_gain=370.421 264.471 131.542 108.107 116.167 101.867 63.8462 43.5743 39.8455 36.1055 26.5884 40.8036 24.9007 22.9919
threshold=-0.018605590499999995 0.0020752742420881991 1.5000000000000002 78.500000000000014 2.5000000000000004 3.5000000000000004 0.36052798450000006 0.84791324500000009 123.50000000000001 0.50817587900000005 23.500000000000004 1.1960797090000004 1.0000000180025095e-35 0.15622605383396151
decision_type=2 2 2 2 2 2 2 2 2 2 2 2 2 2
left_child=9 7 3 4 -3 6 -5 -2 -8 -1 11 -10 -13 -4
right_child=1 2 13 5 -6 -7 8 -9 10 -11 -12 12 -14 -15
leaf_value=0.029967792616013806 -0.011219292442747846 0.01201690527479665 -0.011219292442747846 0.001324943416567013 0.001324943416567013 -0.011219292442747846 0.00065760479890560866 -0.028186976699773804 -0.002185132976162827 0.015571344377426329 0.00065760479890560866 -0.0054937293220475112 -0.011219292442747846 -0.0057978830170244706
leaf_weight=245.45767749287188 75.095569495111704 1247.137056093663 533.06462797895074 5531.4361014291644 3397.9270369261503 835.80672935396433 2426.7540592625737 376.37301908805966 2128.5607606172562 494.98847793415189 462.69004448503256 1137.9642744213343 622.80720507353544 1211.3036050125957
leaf_count=8366 1521 9191 5138 28517 20053 6182 11466 11121 9211 11007 2301 6937 4403 5882
internal_value=-0.00025132 -0.00102549 -0.000497922 0.000273841 0.00420543 -0.00111643 -0.000426217 -0.0235985 -0.00242189 0.0205128 -0.00413784 -0.00498808 -0.00836073 -0.00834753
internal_weight=20727.4 19986.9 19535.5 17791.1 4645.06 13146 12310.2 451.469 6778.78 740.446 4352.02 3889.33 1760.77 1744.37
internal_count=141296 121923 109281 98261 29244 69017 62835 12642 34318 19373 22852 20551 11340 11020
is_linear=0
shrinkage=0.03


Tree=101
num_leaves=15
num_cat=0
split_feature=4 7 9 3 2 3 2 2 3 7 3 3 4 9
split_gain=347.521 272.415 95.1696 86.6906 78.6124 63.1238 52.3833 43.5502 56.6833 34.6236 28.5425 24.0284 12.3156 12.323
threshold=5.8545401120000014 0.012457345612347128 1.0000000180025095e-35 2.5000000000000004 88.500000000000014 2.5000000000000004 33.500000000000007 52.500000000000007 4.5000000000000009 0.9930730164051057 1.5000000000000002 6.5000000000000009 17.256578947500003 1.0000000180025095e-35
decision_type=2 2 2 2 2 2 2 2 2 2 2 2 2 2
left_child=9 3 4 -2 5 -3 -7 8 -4 -1 -6 12 13 -5
right_child=1 2 7 11 10 6 -8 -9 -10 -11 -12 -13 -14 -15
leaf_value=0.015493616190253717 -0.0025175760141868705 0.010627096434363742 0.0098148596664120839 -0.005645577763210001 0.0001363689812898508 0.010627096434363742 0.0001363689812898508 -0.0025175760141868705 -0.0022234836416054789 0.029807956493264547 -0.0025175760141868705 -0.029707742697335327 -0.026255231746402711 -0.018336014940006667
leaf_weight=470.52625692263246 113.25478095561266 1350.0121937207878 588.06372063234448 110.11561692506075 6017.0588083676994 394.37429219856858 1552.8341424129903 6544.7115441970527 862.58179353550076 241.36097294464707 1830.1153313964605 252.68900140374899 111.23996491357684 209.9383345041424
leaf_count=10797 1322 9585 3868 1919 29992 2588 8207 35200 4968 8403 9647 7668 3168 4060
internal_value=-1.04525e-06 -0.000738779 -2.09195e-05 -0.0178653 0.00177059 0.00565384 0.00218746 -0.00251758 0.00267358 0.0205209 0.000136369 -0.0222041 -0.0175178 -0.0141238
internal_weight=20648.9 19937 19139.8 797.238 11144.4 3297.22 1947.21 7995.36 1450.65 711.887 7847.17 683.983 431.294 320.054
internal_count=141392 122192 104055 18137 60019 20380 10795 44036 8836 19200 39639 16815 9147 5979
is_linear=0
shrinkage=0.03


Tree=102
num_leaves=15
num_cat=0
split_feature=6 5 3 2 3 2 6 2 6 8 8 5 4 8
split_gain=325.87 233.219 100.865 145.431 132.626 105.456 77.5395 50.3655 39.8198 29.6313 27.5939 19.7509 15.0074 11.9799
threshold=0.71742096600000005 0.92252733400000009 6.5000000000000009 51.500000000000007 2.5000000000000004 101.50000000000001 1.1960797090000004 115.50000000000001 0.50817587900000005 21.500000000000004 21.500000000000004 1.1012932605000003 7.7787193975000006 12.500000000000002
decision_type=2 2 2 2 2 2 2 2 2 2 2 2 2 2
left_child=8 2 3 10 5 13 12 -6 -1 -8 -2 -3 -7 -5
right_child=1 11 -4 4 7 6 9 -9 -10 -11 -12 -13 -14 -15
leaf_value=0.029877775742971114 0.0060967877213358003 -0.015187212347200956 -0.01485442611782504 0.0032872341546133308 -0.0052869881440350793 0.0032872341546133308 -0.0052869881440350793 -0.012364727860392886 0.014472902613599202 0.00070747114957386663 0.012857964907632103 -0.028409690896177207 0.00070747114957386663 0.0060967877213358003
leaf_weight=235.58115397766232 1530.3850048445165 223.94213490746915 420.78037278167903 734.97899803519249 3821.9805859923363 2024.872991707176 1891.0813889242709 902.65992249548435 465.94770336151123 389.32584976032376 607.11655470356345 228.03136177174747 5329.1511680111289 1780.9718147628009
leaf_count=8468 9862 4684 3622 4444 21231 11226 11749 7578 10560 2191 3885 7243 22854 11426
internal_value=-0.000200817 -0.000911962 -0.000413711 -9.02916e-05 -0.00102479 0.000634046 -0.000794925 -0.00528699 0.0198209 -0.00528699 0.00727251 -0.0220961 0.000707471 0.00609679
internal_weight=20586.8 19885.3 19433.3 19012.5 16875 12150.4 9634.43 4724.64 701.529 2280.41 2137.5 451.973 7354.02 2515.95
internal_count=141023 121995 110068 106446 92699 63890 48020 28809 19028 13940 13747 11927 34080 15870
is_linear=0
shrinkage=0.03


Tree=103
num_leaves=15
num_cat=0
split_feature=6 7 9 6 8 2 4 6 7 2 6 8 2 6
split_gain=328.662 244.556 111.693 92.2699 60.957 47.4781 43.0518 35.9964 35.5252 38.432 46.0812 28.9875 19.3648 17.8414
threshold=0.71742096600000005 0.0020752742420881991 1.5000000000000002 0.97460946900000012 19.500000000000004 64.500000000000014 14.184367035000003 0.50817587900000005 0.11301778256893159 104.50000000000001 1.1840234145000001 12.500000000000002 40.500000000000007 0.81398659250000016
decision_type=2 2 2 2 2 2 2 2 2 2 2 2 2 2
left_child=7 6 3 5 8 -3 -2 -1 -5 11 -11 -10 -4 -7
right_child=1 2 12 4 -6 13 -8 -9 9 10 -12 -13 -14 -15
leaf_value=0.029948475653882221 -0.0076111329023460439 0.010925180933456933 -0.00045796747583870171 -0.0065523926927806668 0.0026337026902431295 0.0087112604646791252 -0.027830073679229936 0.015063570260595583 -0.0011833457367985592 -0.0011833457367985592 -0.0065523926927806668 0.0027214904237965005 -0.0076111329023460439 0.0027214904237965005
leaf_weight=228.24622160941362 71.898257181048393 775.1711012981832 341.27111375704408 1337.8622720837593 3398.5892160795629 443.59286968782544 347.89566383138299 460.1214418374002 1408.5273624323308 3886.4373322427273 1428.7483227998018 2052.8321180157363 1386.0952471829951 3000.4676458910108
leaf_count=8440 1495 7686 2219 12116 17919 4994 11019 10563 6308 16639 7598 9547 8803 15967
internal_value=-0.000124138 -0.000832091 -0.000340443 0.000369769 -0.000839726 0.00423985 -0.0233502 0.0201794 -0.00200757 -0.00131144 -0.00291242 0.00114763 -0.00761113 0.00272149
internal_weight=20567.8 19879.4 19459.6 17732.2 13513 4219.23 419.794 688.368 10114.4 8776.55 5315.19 3461.36 1727.37 3444.06
internal_count=141313 122310 109796 98774 70127 28647 12514 19003 52208 40092 24237 15855 11022 20961
is_linear=0
shrinkage=0.03


Tree=104
num_leaves=15
num_cat=0
split_feature=7 7 9 7 8 2 6 2 4 8 4 2 6 2
split_gain=307.508 234.646 96.5914 69.9014 67.6476 60.0633 59.2563 55.2055 50.6838 32.7102 27.7823 26.5298 22.8499 18.8043
threshold=0.92114984989166271 0.0012148407404311003 1.0000000180025095e-35 0.092422004789114012 29.500000000000004 136.50000000000003 0.50817587900000005 107.50000000000001 8.537272006000002 9.5000000000000018 14.682530795000002 48.500000000000007 1.1879963150000001 34.500000000000007
decision_type=2 2 2 2 2 2 2 2 2 2 2 2 2 2
left_child=1 10 4 -4 7 9 -2 13 -9 -5 -1 -11 -7 -3
right_child=6 2 3 5 -6 12 -8 8 -10 11 -12 -13 -14 -15
leaf_value=-0.010000314149238207 0.029935767905555081 0.0092573695643688066 -0.010000314149238207 -0.0047214936480851621 0.013246559786948267 -0.0047214936480851621 0.013246559786948267 0.002072293016805601 -0.0034209444760370218 0.0050331220341238358 -0.028801301911036501 -0.00061712197238807131 -0.010000314149238207 0.0025869195151821114
leaf_weight=63.080708749592304 218.00998868606985 417.34817553311586 1160.9215117897838 1318.4380938559771 392.99763567745686 1119.734176620841 748.77987925335765 2562.6875849664211 3671.887103240937 966.82812786474824 299.18028558976948 3242.1500112749636 417.85536799579859 3942.7047892659903
leaf_count=1481 8365 2858 12757 6875 2241 4937 13985 12692 18821 5379 10077 16176 2528 22296
internal_value=-0.000373078 -0.00119049 -0.00073625 -0.00319363 0.00110409 -0.00206888 0.016099 0.000647646 -0.00116313 -0.00060754 -0.0249442 0.000685206 -0.00730318 0.00323529
internal_weight=20542.6 19575.8 19213.6 8225.93 10987.6 7065.01 966.79 10594.6 6234.57 5527.42 362.261 4208.98 1537.59 4360.05
internal_count=141468 119118 107560 48652 58908 35895 22350 56667 31513 28430 11558 21555 7465 25154
is_linear=0
shrinkage=0.03


Tree=105
num_leaves=15
num_cat=0
split_feature=6 7 3 8 7 6 3 3 5 8 6 8 5 8
split_gain=317.938 229.92 87.0242 72.2794 55.8673 40.4827 25.4412 17.7969 14.0926 12.3877 22.8837 9.55075 6.02189 1.99203
threshold=0.73300804500000016 0.012457345612347128 2.5000000000000004 28.500000000000004 0.92114984989166271 0.50817587900000005 6.5000000000000009 1.5000000000000002 1.0036492105000001 20.500000000000004 0.98754317800000002 16.500000000000004 0.089179457000000018 22.500000000000004
decision_type=2 2 2 2 2 2 2 2 2 2 2 2 2 2
left_child=5 2 -2 4 9 -1 8 -7 11 -3 -11 -4 -6 -12
right_child=1 3 6 -5 12 7 -8 -9 -10 10 13 -13 -14 -15
leaf_value=0.029988396979637042 -0.00021085233062678954 -0.00021085233062678954 -0.016905010757503853 0.0097065730190785023 0.011499198926897049 0.021116224121976442 -0.029562451681379224 0.011499198926897049 -0.025647451860866362 0.0072959340880802319 0.0019799190573882041 -0.005453060306091031 0.0072959340880802319 0.00018947997229782398
leaf_weight=216.90461797080934 109.91823088750243 14988.645577196032 185.34506374970078 656.39484608918428 158.82560127973557 221.71134160272777 232.43532739765942 302.24420805647969 113.84890610538423 629.20183921605349 902.22742373496294 109.99874108098447 219.93102509900928 1461.3013142719865
leaf_count=8485 1315 78597 3612 3768 2456 5187 7710 6397 3514 4055 4513 2038 2513 7353
internal_value=-0.000130903 -0.000856153 -0.017075 -0.000210852 -0.000210852 0.0190967 -0.021515 0.0143469 -0.0166421 -0.000210852 0.00223541 -0.0128016 0.0114992 0.000875679
internal_weight=20508.9 19768.1 751.546 19016.5 18360.1 740.86 641.628 523.956 409.193 17981.4 2992.73 295.344 378.757 2363.53
internal_count=141513 121444 18189 103255 99487 20069 16874 11584 9164 94518 15921 5650 4969 11866
is_linear=0
shrinkage=0.03


Tree=106
num_leaves=15
num_cat=0
split_feature=6 7 3 2 2 6 3 6 2 3 3 2 3 5
split_gain=280.69 214.339 82.947 156.722 99.7857 53.6019 53.1204 44.0513 32.7059 30.3556 28.7289 20.1659 13.6388 6.70264
threshold=0.73300804500000016 0.0012148407404311003 3.5000000000000004 78.500000000000014 71.500000000000014 1.1960797090000004 6.5000000000000009 0.52318187900000013 117.50000000000001 5.5000000000000009 2.5000000000000004 51.500000000000007 1.5000000000000002 0.23895440400000004
decision_type=2 2 2 2 2 2 2 2 2 2 2 2 2 2
left_child=7 9 3 10 6 13 -4 -1 -7 -2 -3 -12 -9 -5
right_child=1 2 4 5 -6 8 -8 12 -10 -11 11 -13 -14 -15
leaf_value=0.02912194183080407 -0.010713938554160644 0.010891676278605886 -0.00064178892231856973 0.0013129963760267636 -0.010713938554160644 0.00051599393661995571 -0.010713938554160644 0.01926285782206549 -0.0041594647092243605 -0.030229000431816963 0.0093664284612468424 0.0013129963760267636 0.010891676278605886 0.00051599393661995571
leaf_weight=226.96384866535664 110.33983804658055 1225.2889150418341 2260.3671115934849 2338.7151253893971 1373.5239874012768 1119.2326522730291 408.73744837194681 209.84971588291228 2313.1031687706709 232.01816164515913 443.0629297979176 750.5939911454916 285.82995806634426 7194.519533239305
leaf_count=8929 2953 9138 13317 14476 10475 5833 3262 4957 15181 8514 3063 3821 6046 31451
internal_value=-8.25799e-05 -0.00075591 -0.000338181 0.000666972 -0.00415946 -0.000641789 -0.0007728 0.0182165 -0.00385358 -0.0241139 0.0076688 0.00432888 0.0129821 0.000515994
internal_weight=20492.1 19769.5 19427.1 15384.5 4042.63 12965.6 2669.1 722.644 3432.34 342.358 2418.95 1193.66 495.68 9533.23
internal_count=141416 121484 110017 82963 27054 66941 16579 19932 21014 11467 16022 6884 11003 45927
is_linear=0
shrinkage=0.03


Tree=107
num_leaves=15
num_cat=0
split_feature=4 7 6 2 3 7 2 6 3 3 6 3 2 3
split_gain=274.64 219.631 81.8762 80.845 69.2349 44.9744 39.4473 38.1251 20.4384 16.0857 14.8731 7.10367 7.03003 6.37695
threshold=5.8545401120000014 0.0012148407404311003 1.2123029215000003 99.500000000000014 3.5000000000000004 0.1183120906352997 40.500000000000007 0.50817587900000005 2.5000000000000004 5.5000000000000009 0.81920447200000013 1.5000000000000002 130.50000000000003 3.5000000000000004
decision_type=2 2 2 2 2 2 2 2 2 2 2 2 2 2
left_child=7 9 6 5 11 13 -3 -1 -9 -2 -8 -5 -13 -4
right_child=1 2 3 4 -6 -7 10 8 -10 -11 -12 12 -14 -15
leaf_value=0.029683195131380121 -0.019990519831433864 0.0075070767234284774 -6.4334523154540668e-05 -0.0052335325626628694 -0.019990519831433864 0.00095440641856150781 0.0059801949376202881 0.018785126933590794 0.0075070767234284774 -0.030184211617616974 0.00095440641856150781 -0.0052335325626628694 -0.0097832851102729636 -0.0052335325626628694
leaf_weight=205.43905889615417 110.38913701474667 821.94929660111666 217.78997717425227 1351.6985229104757 318.69226720556617 2206.2226023860276 618.23947898671031 279.44391443952918 160.0459822434932 225.18842647783458 11884.233342945576 570.40860816463828 622.73293060436845 819.28204032592475
leaf_count=8501 2964 6309 1532 8136 3774 9648 7028 7196 3591 8500 56719 3639 4970 8921
internal_value=-0.000151975 -0.000782701 -0.000364004 -0.00323906 -0.00690787 5.81584e-06 0.000954406 0.0190368 0.0137823 -0.0246656 0.000954406 -0.00523353 -0.00756812 -0.00523353
internal_weight=20411.8 19766.8 19431.2 6106.83 2863.53 3243.29 13324.4 644.929 439.49 335.578 12502.5 2544.84 1193.14 1037.07
internal_count=141428 122140 110676 40620 20519 20101 70056 19288 10787 11464 63747 16745 8609 10453
is_linear=0
shrinkage=0.03


Tree=108
num_leaves=15
num_cat=0
split_feature=7 3 8 9 7 2 7 2 7 5 5 3 8 2
split_gain=274.31 206.191 90.9317 71.1199 73.059 66.8692 58.9076 53.0623 46.7973 46.2832 42.683 42.2112 31.9335 31.1148
threshold=0.9172206223011018 6.5000000000000009 27.500000000000004 1.0000000180025095e-35 0.031788382679224021 49.500000000000007 0.9930730164051057 89.500000000000014 0.015891017392277721 0.36052798450000006 0.14246020150000002 2.5000000000000004 11.500000000000002 36.500000000000007
decision_type=2 2 2 2 2 2 2 2 2 2 2 2 2 2
left_child=1 2 3 7 -5 -6 -2 11 -3 -9 -7 -1 -12 -13
right_child=6 8 -4 4 5 10 -8 9 -10 -11 12 13 -14 -15
leaf_value=0.0090677074394848282 0.011331811164945291 -0.029300968966291328 0.0092828728015788564 -0.013951191320198605 0.0052278734964616219 0.0052278734964616219 0.029270802235446158 0.002108947461671186 -0.013951191320198605 -0.0026389070851340823 -0.0066201732963477589 0.0090677074394848282 -0.0021245425763388934 0.002108947461671186
leaf_weight=1056.0947113074362 750.01822830736637 225.02356337569654 828.00909812375903 510.42234082147479 930.83328695595264 409.26614022254944 211.7740856166929 3301.9464161098003 371.7067001555115 4183.4541944898665 2470.291098318994 332.68565987236798 3359.2300545200706 1414.8320056442171
leaf_count=6274 14359 7860 5036 8954 5429 3590 8640 16973 2396 22418 12389 2334 16643 8245
internal_value=-0.00018339 -0.000960617 -0.000407125 -0.000856096 -0.00303967 -0.00225367 0.0154127 0.000774476 -0.0182474 -0.000544532 -0.00337322 0.00429081 -0.00403363 0.00210895
internal_weight=20355.6 19393.8 18797.1 17969.1 7680.04 7169.62 961.792 10289 596.73 7485.4 6238.79 2803.61 5829.52 1747.52
internal_count=141540 118541 108285 103249 47005 38051 22999 56244 10256 39391 32622 16853 29032 10579
is_linear=0
shrinkage=0.03


Tree=109
num_leaves=15
num_cat=0
split_feature=5 7 9 7 8 2 3 6 2 7 3 2 8 2
split_gain=255.126 192.711 90.5153 76.2434 69.8688 59.1109 89.5038 44.4452 47.0768 39.2245 29.0345 27.084 23.5622 20.8314
threshold=0.095692005000000011 0.0016055412706919017 1.5000000000000002 0.99171382188797008 28.500000000000004 52.500000000000007 3.5000000000000004 1.1960797090000004 117.50000000000001 0.092422004789114012 5.5000000000000009 80.500000000000014 9.5000000000000018 84.500000000000014
decision_type=2 2 2 2 2 2 2 2 2 2 2 2 2 2
left_child=3 10 4 -1 5 -3 7 11 -9 -4 -2 -7 -11 -8
right_child=1 2 9 -5 -6 6 13 8 -10 12 -12 -13 -14 -15
leaf_value=0.0093418495838335849 -0.015882242428797971 0.0048166325577152901 -0.015882242428797971 0.02854520208481813 0.0093418495838335849 0.0048166325577152901 -0.0058663784260177274 0.0010190134413494765 -0.0058663784260177274 -0.010213595244558652 -0.029885721683921493 0.0010190134413494765 -0.0017642438425950649 -0.011888316847478026
leaf_weight=1101.6178220063448 123.61576458066702 1832.3716080933809 361.16005525365472 221.8232803735882 634.88759338855743 1004.7247725725174 999.49451071023941 1451.7571795098484 2046.657696519047 453.90839280188084 223.74253124184906 8401.0775068476796 849.80278031527996 636.51577617228031
leaf_count=18160 3291 11447 4357 9118 3612 6196 5775 7263 13300 2236 8800 38575 4094 5157
internal_value=-5.48737e-05 -0.000942414 -0.0005275 0.0126559 0.000126867 -0.000253663 -0.000894062 -5.4829e-05 -0.00293928 -0.00719255 -0.0229223 0.00101901 -0.00473381 -0.00749327
internal_weight=20343.2 19019.7 18672.4 1323.44 17007.5 16372.6 14540.2 12904.2 3498.41 1664.87 347.358 9405.8 1303.71 1636.01
internal_count=141381 114103 102012 27278 91325 87713 76266 65334 20563 10687 12091 44771 6330 10932
is_linear=0
shrinkage=0.03


Tree=110
num_leaves=15
num_cat=0
split_feature=7 7 9 7 5 2 3 3 2 3 2 2 3 3
split_gain=235.448 192.487 88.2144 57.3092 50.6376 60.2503 49.4571 37.8939 23.1164 27.3565 22.4054 21.5266 23.9162 11.351
threshold=0.92114984989166271 0.0020752742420881991 1.5000000000000002 0.9930730164051057 0.36052798450000006 89.500000000000014 3.5000000000000004 5.5000000000000009 123.50000000000001 1.5000000000000002 40.500000000000007 128.50000000000003 5.5000000000000009 2.5000000000000004
decision_type=2 2 2 2 2 2 2 2 2 2 2 2 2 2
left_child=1 7 4 -2 10 13 8 -1 -7 -10 -3 12 -4 -6
right_child=3 2 11 -5 5 6 -8 -9 9 -11 -12 -13 -14 -15
leaf_value=-0.01203085182937939 0.010711726353590726 0.00885656492099118 -0.0022932515436285645 0.028979207151347931 0.0020892083997452069 0.00071761100497602279 -0.01203085182937939 -0.029886280215273897 -0.0019035764130104322 -0.0075079626453087933 0.0020892083997452069 -0.01203085182937939 -0.011306087951609907 0.00071761100497602279
leaf_weight=140.30695782415569 696.58692392706871 438.64979036152363 928.2484811078757 198.71581843867898 811.42441019415855 1905.9348964840174 474.98684836924076 224.72076872177422 3277.852562084794 1027.6576476767659 6625.2648242954165 421.99069163575768 367.90799253247678 2723.5831531062722
leaf_count=3622 13853 3794 5501 8565 3775 9137 4204 8957 16251 6612 36039 2884 2955 15143
internal_value=-9.25642e-05 -0.000789474 -0.000372104 0.0149047 0.000273085 -0.00107661 -0.00275063 -0.0222193 -0.00203187 -0.00324841 0.00222546 -0.00684496 -0.00488512 0.00208921
internal_weight=20263.8 19368.5 19003.5 895.303 17285.4 10221.4 6686.43 365.028 6211.45 4305.51 7063.91 1718.15 1296.16 3535.01
internal_count=141292 118874 106295 22418 94955 55122 36204 12579 32000 22863 39833 11340 8456 18918
is_linear=0
shrinkage=0.03


Tree=111
num_leaves=15
num_cat=0
split_feature=6 5 9 6 2 3 6 9 2 6 7 2 2 3
split_gain=243.366 188.888 109.931 77.1989 53.6144 70.7171 44.3131 38.6894 30.203 29.6729 25.7272 24.3537 21.145 20.5899
threshold=0.69151714850000012 0.95164002000000014 1.5000000000000002 0.96804425100000013 106.50000000000001 2.5000000000000004 1.1960797090000004 1.0000000180025095e-35 41.500000000000007 0.50817587900000005 0.0026076341746374969 66.500000000000014 40.500000000000007 3.5000000000000004
decision_type=2 2 2 2 2 2 2 2 2 2 2 2 2 2
left_child=9 2 3 11 5 -5 -6 -8 -7 -1 -3 13 -4 -2
right_child=1 10 12 4 6 8 7 -9 -10 -11 -12 -13 -14 -15
leaf_value=0.029655179255628075 0.013032250413903209 -0.027908157523652825 -0.00047974292693953041 0.0040072428728240902 -0.0011631049575744267 0.0040072428728240902 -0.0028446203412353017 -0.01040940249239624 -0.0011631049575744267 0.01428089014637972 -0.01040940249239624 0.0040072428728240902 -0.0091686153297811639 0.0040072428728240902
leaf_weight=185.3660846799612 493.58160674385726 240.96558192558587 307.95905612595379 2075.4298543892801 5061.1935888901353 888.09289482422173 1714.6705074254423 943.09614463709295 2976.2808778584003 330.08690011501312 106.16259714215994 3230.4998628646135 1398.3375199399889 297.42942168191075
leaf_count=8472 6122 9535 1816 10155 21804 4716 11165 7751 16624 8854 1586 20485 9917 2483
internal_value=-0.000207788 -0.000741652 -0.000346046 0.000356592 -0.000719332 0.00142264 -0.00236745 -0.00554345 -0.0011631 0.0200415 -0.022517 0.00400724 -0.0076064 0.00926424
internal_weight=20249.2 19733.7 19386.6 17680.3 13658.8 5939.8 7718.96 2657.77 3864.37 515.453 347.128 4021.51 1706.3 791.011
internal_count=141485 124159 113038 101305 72215 31495 40720 18916 21340 17326 11121 29090 11733 8605
is_linear=0
shrinkage=0.03


Tree=112
num_leaves=15
num_cat=0
split_feature=5 3 2 3 2 6 7 6 2 3 3 6 7 2
split_gain=234.126 199.652 82.3582 129.728 83.9866 53.4139 43.9079 35.0536 33.3698 32.4789 26.0164 22.9671 21.6047 20.772
threshold=-0.028848821499999996 6.5000000000000009 40.500000000000007 3.5000000000000004 101.50000000000001 1.1840234145000001 0.0218281289562583 0.50817587900000005 91.500000000000014 1.5000000000000002 1.5000000000000002 1.3038165540000002 0.19088010489940646 129.50000000000003
decision_type=2 2 2 2 2 2 2 2 2 2 2 2 2 2
left_child=7 2 -2 4 9 10 -3 -1 -5 -4 -6 -11 -10 -12
right_child=1 6 3 8 5 -7 -8 -9 12 11 13 -13 -14 -15
leaf_value=0.029523897863755331 0.0068770691582808168 -0.028675495850753747 0.0068770691582808168 -0.0046963195121118764 0.001200968324792745 -0.0044947778233305315 -0.011373290579312953 0.013327545939721325 -0.011373290579312953 0.0038138423159697807 -9.3593093452099761e-05 0.00024393828771162904 -0.0046963195121118764 -0.0044947778233305315
leaf_weight=180.01782467588782 1374.6520188581198 215.51504368893802 1168.9092291779816 1939.2376439813524 5841.734733697027 2979.5013033635914 359.52005020156503 397.88508692570031 503.5895176101476 2607.2240640595555 1169.9880090281367 622.61313749477267 236.76111963391304 559.41329070925713
leaf_count=8467 9980 7998 8618 12767 27522 19428 2159 10470 7108 14504 5111 3304 1120 2596
internal_value=-0.000153423 -0.00071106 -0.000181811 -0.000734035 0.00035626 -0.00109577 -0.0180492 0.0185827 -0.00680611 0.00383633 0.000243938 0.00221911 -0.0113733 -0.00298295
internal_weight=20156.6 19578.7 19003.6 17629 14949.4 10550.6 575.035 577.903 2679.59 4398.75 7571.14 3229.84 740.351 1729.4
internal_count=141152 122215 112058 102078 81083 54657 10157 18937 20995 26426 35229 17808 8228 7707
is_linear=0
shrinkage=0.03


Tree=113
num_leaves=15
num_cat=0
split_feature=4 7 9 8 2 4 7 4 7 2 8 0 2 2
split_gain=220 182.515 81.6395 71.4367 56.42 47.6952 42.8889 35.8615 34.7316 26.6737 18.6762 25.9589 14.9621 13.41
threshold=5.8545401120000014 0.0016055412706919017 1.5000000000000002 28.500000000000004 83.500000000000014 8.7488317755000029 0.79874515533447277 14.349588719000002 0.99444141983985912 117.50000000000001 21.500000000000004 22.500000000000004 40.500000000000007 26.500000000000004
decision_type=2 2 2 2 2 2 2 2 2 2 2 2 2 2
left_child=8 7 3 4 6 -6 13 -2 -1 -7 11 -11 -4 -3
right_child=1 2 12 -5 5 9 -8 -9 -10 10 -12 -13 -14 -15
leaf_value=0.013143293444150855 -0.0064770554614483984 0.0062242732664249401 -0.00012745099223776353 0.010014865272047787 0.00093337234953722015 -0.00010340434908596165 0.0082786414310886611 -0.027596127757646378 0.02958932117507759 -0.0023554269184597105 -0.00010340434908596165 -0.0064770554614483984 -0.0064770554614483984 0.00093337234953722015
leaf_weight=417.02236033044755 57.155721852555871 444.95163465477526 334.19956381991506 662.45457713119686 5624.7052254118025 2140.6002589836717 995.83160017058253 263.91242557950318 165.68047905527055 1890.2465922385454 550.18334706872702 1883.9498878158629 1371.2975393366069 3389.2061270903796
leaf_count=11251 1433 2604 2234 4017 28432 11567 10196 10652 7957 9713 2869 11617 8995 18130
internal_value=-5.46709e-05 -0.000596585 -0.000220252 0.000388337 8.5835e-06 -0.00108642 0.00274771 -0.0228541 0.0180314 -0.00284305 -0.00419751 -0.00496649 -0.00647706 0.00130227
internal_weight=20191.4 19608.7 19287.6 17582.1 16919.7 12089.7 4829.99 321.068 582.703 6464.98 4324.38 3774.2 1705.5 3834.16
internal_count=141667 122459 110374 99145 95128 64198 30930 12085 19208 35766 24199 21330 11229 20734
is_linear=0
shrinkage=0.03


Tree=114
num_leaves=15
num_cat=0
split_feature=5 7 9 7 2 3 2 2 3 7 3 2 3 3
split_gain=211.814 166.483 68.2468 56.7418 54.6276 64.3766 40.7567 38.5972 37.9945 35.2792 31.7132 39.4521 34.5047 28.5145
threshold=-0.028848821499999996 0.0020752742420881991 1.0000000180025095e-35 0.031788382679224021 88.500000000000014 2.5000000000000004 36.500000000000007 134.50000000000003 5.5000000000000009 0.9930730164051057 2.5000000000000004 67.500000000000014 4.5000000000000009 2.5000000000000004
decision_type=2 2 2 2 2 2 2 2 2 2 2 2 2 2
left_child=9 8 4 -4 5 -3 -7 10 -2 -1 -5 12 -12 -6
right_child=1 2 3 7 13 6 -8 -9 -10 -11 11 -13 -14 -15
leaf_value=0.012741497442948734 -0.012658475360269457 0.0096736631537721694 -0.012658475360269457 0.0023350726637576735 -6.3026039238415349e-05 0.0091858421170766119 -6.3026039238415349e-05 -0.0055001231917873126 -0.029661409080464621 0.029280348595258261 0.0023350726637576735 -0.0054191974380364853 -0.0034755523228955309 -0.005842672972226009
leaf_weight=386.84716019406915 130.81929458118975 1313.2628928422928 446.9959708750248 2185.9174233488739 7090.1357034258544 454.14619975909591 1497.0404502525926 1835.927658252418 205.5878739412874 172.11552213318646 794.92462638020515 1775.8343819305301 1035.3129570931196 763.25563619658351
leaf_count=10527 3571 9768 6796 11760 35887 3161 8291 9739 8990 8406 4666 9287 5580 4811
internal_value=-7.7087e-05 -0.000600366 -0.000230923 -0.00232925 0.00129346 0.00455191 0.00108875 -0.00171606 -0.0213658 0.0180486 -0.000512895 -0.00224011 0.000850839 -6.3026e-05
internal_weight=20088.1 19529.2 19192.8 8074.91 11117.8 3264.45 1951.19 7627.92 336.407 558.963 5791.99 3606.07 1830.24 7853.39
internal_count=141240 122307 109746 47828 61918 21220 11452 41032 12561 18933 31293 19533 10246 40698
is_linear=0
shrinkage=0.03


Tree=115
num_leaves=15
num_cat=0
split_feature=4 5 8 3 7 8 4 7 7 8 8 5 4 3
split_gain=209.633 158.877 81.0188 75.2153 49.2542 46.7917 45.1911 34.2097 29.8311 19.4972 12.8995 12.1845 9.61161 8.71767
threshold=5.8545401120000014 0.95164002000000014 28.500000000000004 3.5000000000000004 0.0830102674663067 9.5000000000000018 7.8800575435000004 0.9930730164051057 0.00066362155484966945 12.500000000000002 19.500000000000004 0.15795363900000003 6.5616238320000013 1.5000000000000002
decision_type=2 2 2 2 2 2 2 2 2 2 2 2 2 2
left_child=7 2 3 6 -5 -6 9 -1 -3 11 -8 -2 -11 -14
right_child=1 8 -4 4 5 -7 10 -9 -10 12 -12 -13 13 -15
leaf_value=0.012599105085479035 0.0043710447866976204 -0.029133901744680359 0.0098591106787337384 -0.011310473021693294 -0.010700105984809822 -0.00099717882320850227 -0.00099717882320850227 0.028903054494833852 -0.011310473021693294 0.010172141669827585 0.00076894587430348079 -0.00077177419440648703 0.0059168032653423089 0.0014816575695574504
leaf_weight=395.17410628497601 571.63623993098736 186.71393749304116 664.80154622718692 768.715585809201 544.54151397198439 2411.4706488661468 8751.3413610421121 169.83355854637921 139.05631355755031 283.70642346143723 2271.1877607740462 1227.3025641143322 1033.0497221760452 654.67637644335628
leaf_count=10727 4775 8522 3981 10956 2777 12275 44087 8509 2583 3721 11336 6015 6661 4346
internal_value=-0.0002229 -0.000746699 -0.000391129 -0.000761685 -0.00456894 -0.00279965 0.000198169 0.0177104 -0.0213614 0.00303102 -0.000771774 0.000768946 0.00508801 0.00420585
internal_weight=20073.2 19508.2 19182.4 18517.6 3724.73 2956.01 14792.9 565.008 325.77 3770.37 11022.5 1798.94 1971.43 1687.73
internal_count=141271 122035 110930 106949 26008 15052 80941 19236 11105 25518 55423 10790 14728 11007
is_linear=0
shrinkage=0.03


Tree=116
num_leaves=15
num_cat=0
split_feature=6 3 2 3 8 7 6 2 3 6 0 7 2 8
split_gain=199.3 157.986 84.1096 135.398 51.7911 50.6462 35.6217 26.8801 39.5557 24.2364 20.9898 11.9446 13.1817 20.536
threshold=0.71742096600000005 6.5000000000000009 69.500000000000014 3.5000000000000004 12.500000000000002 0.0218281289562583 0.50817587900000005 138.50000000000003 1.5000000000000002 1.1840234145000001 70.500000000000014 0.13956766575574878 50.500000000000007 20.500000000000004
decision_type=2 2 2 2 2 2 2 2 2 2 2 2 2 2
left_child=6 2 4 7 -2 -3 -1 -4 9 -9 -6 -12 13 -13
right_child=1 5 3 -5 10 -7 -8 8 -10 -11 11 12 -14 -15
leaf_value=0.029169606704367558 -0.00021064454004585372 -0.028464237669736058 -0.00021064454004585372 -0.0098385255099510405 0.012357775619115262 -0.0098385255099510405 0.012357775619115262 -0.00021064454004585372 -0.0081903419271043675 -0.0047015804378310678 0.00050680817651521507 0.0044545588828491149 0.002986009092815098 0.011983814882852327
leaf_weight=163.17140892893076 985.89881557039917 196.08330397121608 8354.8995091058314 1450.2868764698505 290.03592671640217 352.88781526684761 399.30104953050613 3091.5912297219038 867.56731431186199 1286.3420083671808 436.44499793462455 746.75365900620818 842.350879188627 587.59607795253396
leaf_count=8474 6484 7923 44867 13355 2771 2109 10625 13135 6282 7866 4596 4879 4200 3850
internal_value=-7.66768e-05 -0.000586835 -0.000124911 -0.00114135 0.0038051 -0.0163784 0.0174489 -0.000210645 -0.00235718 -0.00119321 0.00592296 0.00504335 0.00594971 0.00780251
internal_weight=20051.2 19488.7 18939.8 15050.7 3889.08 548.971 562.472 13600.4 5245.5 4377.93 2903.18 2613.15 2176.7 1334.35
internal_count=141416 122317 112285 85505 26780 10032 19099 72150 27283 21001 20296 17525 12929 8729
is_linear=0
shrinkage=0.03


Tree=117
num_leaves=15
num_cat=0
split_feature=4 3 8 7 7 2 6 2 6 3 3 2 3 8
split_gain=188.562 156.564 77.7063 60.2896 50.4089 38.1589 37.1322 35.5784 59.1879 41.073 29.9763 28.8905 25.3803 15.5747
threshold=5.8545401120000014 6.5000000000000009 21.500000000000004 0.097729541361331954 0.0218281289562583 56.500000000000007 0.50817587900000005 101.50000000000001 1.1960797090000004 2.5000000000000004 1.0000000180025095e-35 32.500000000000007 2.5000000000000004 28.500000000000004
decision_type=2 2 2 2 2 2 2 2 2 2 2 2 2 2
left_child=6 2 3 -2 -3 -4 -1 9 -9 -5 -10 -11 13 -7
right_child=1 4 5 7 -6 12 -8 8 10 11 -12 -13 -14 -15
leaf_value=0.029290642443582173 -0.0065334032618259621 -0.028604452670815263 0.010131174342542898 0.0046715557774652328 -0.0094749824160596501 0.0026087831806536838 0.011904848790029145 -0.00041951542305550493 -0.00041951542305550493 0.0046715557774652328 -0.0065334032618259621 -0.00041951542305550493 -0.0032536300060670531 0.0095121001312924881
leaf_weight=158.24191209673882 1597.0447458066046 191.4581155218184 734.11762307584286 2183.9063385874033 358.95148806646466 1428.6299606114626 388.59753488004208 6974.151746109128 478.88846074044704 477.51789475977421 1116.5967416912317 3022.1250052861869 558.70976117812097 367.77166068181396
leaf_count=8466 19295 7980 5344 14382 2164 7821 10748 32397 2540 3014 6465 14828 3956 2077
internal_value=-0.000137769 -0.000627258 -0.000166819 -0.00101545 -0.0163267 0.00418195 0.0171557 -0.000395099 -0.00161537 0.00144462 -0.0065334 -0.000419515 0.00230996 0.00404456
internal_weight=20036.7 19489.9 18939.5 15850.2 550.41 3089.23 546.839 14253.2 8569.64 5683.55 1595.49 3499.64 2355.11 1796.4
internal_count=141477 122263 112119 92921 10144 19198 19214 73626 41402 32224 9005 17842 13854 9898
is_linear=0
shrinkage=0.03


Tree=118
num_leaves=15
num_cat=0
split_feature=6 3 2 3 7 2 3 6 3 3 6 6 8 8
split_gain=165.367 145.898 65.6309 107.973 50.7814 40.8608 67.2795 33.8788 33.4845 30.2983 26.6648 23.5895 13.4129 12.7458
threshold=0.69151714850000012 6.5000000000000009 64.500000000000014 3.5000000000000004 0.0218281289562583 124.50000000000001 1.5000000000000002 0.50817587900000005 3.5000000000000004 1.5000000000000002 1.1840234145000001 0.97460946900000012 19.500000000000004 17.500000000000004
decision_type=2 2 2 2 2 2 2 2 2 2 2 2 2 2
left_child=7 2 8 5 -3 9 10 -1 11 -4 -7 -2 -12 -10
right_child=1 4 3 -5 -6 6 -8 -9 13 -11 12 -13 -14 -15
leaf_value=0.029056762821357222 0.011601989390708075 -0.028198112827844884 0.0038147043424989063 -0.0079968072013398249 -0.0088275872058725668 0.0011823339759191999 -0.007053168327995088 0.011601989390708075 0.0017887976765906901 8.8432273155097265e-05 -0.0051487180516731337 0.0045145057330483462 0.0011823339759191999 0.0045145057330483462
leaf_weight=154.50088073126972 477.20811153389513 185.9558220487088 2699.9186591431499 1661.8674091678113 357.2466299906373 4365.0565889775753 1526.9248345606029 303.88552706129849 1058.8447906784713 3923.3612902499735 1092.5220046527684 943.39065019413829 343.62838442251086 923.34957751631737
leaf_count=8493 6133 7963 17176 14780 2152 19163 9955 8893 6789 20011 6760 5055 1910 6366
internal_value=2.2319e-05 -0.000397223 4.26357e-05 -0.000780415 -0.0156555 8.17453e-05 -0.00146128 0.0177352 0.0038147 0.0017888 1.53531e-05 0.0073531 -0.00352338 0.0017888
internal_weight=20017.7 19559.3 19016.1 15613.3 543.202 13951.4 7328.13 458.386 3402.79 6623.28 5801.21 1420.6 1436.15 1982.19
internal_count=141599 124213 114098 89755 10115 74975 37788 17386 24343 37187 27833 11188 8670 13155
is_linear=0
shrinkage=0.03


Tree=119
num_leaves=15
num_cat=0
split_feature=5 7 3 8 3 5 7 8 5 7 8 7 3 1
split_gain=170.128 138.344 67.1719 61.669 43.0527 42.4854 31.6407 35.0408 26.7118 23.7092 17.4525 15.8598 13.5669 12.7833
threshold=-0.10122430549999999 0.0020752742420881991 3.5000000000000004 28.500000000000004 5.5000000000000009 0.36335669050000002 0.092422004789114012 9.5000000000000018 0.082942290000000016 0.99444141983985912 12.500000000000002 0.92859610915184032 1.5000000000000002 114.50000000000001
decision_type=2 2 2 2 2 2 2 2 2 2 2 2 2 2
left_child=9 4 3 5 -2 8 -4 -8 11 -1 13 -3 -12 -10
right_child=1 2 6 -5 -6 -7 7 -9 10 -11 12 -13 -14 -15
leaf_value=0.013322923503730471 -0.0065011415101667684 0.0044470338950937565 -0.0065011415101667684 0.011080084746987361 -0.029315028679754468 -0.0012690970899836931 -0.0065011415101667684 -0.0012690970899836931 -0.0012690970899836931 0.029302749274888108 0.0043934839831366321 0.013322923503730471 0.0004950625959632063 0.0030863144941292498
leaf_weight=238.99249444529414 128.03302494995296 381.24149175733328 869.72234864905477 482.96538394130766 185.45213219337165 7871.5005007945001 525.51302998885512 2525.217614647001 2267.4891114421189 139.96261295303702 2055.0366257950664 185.93436460569501 1319.4074848182499 764.09911446273327
leaf_count=7878 3627 4588 10879 2960 9077 40764 2745 13146 11364 7894 11587 3874 7738 3404
internal_value=-0.000246975 -0.000634988 -0.000310421 0.00058615 -0.0202458 0.000241119 -0.003812 -0.00217934 0.00194557 0.0195296 0.00138966 0.00815737 0.00287219 -0.000262551
internal_weight=19940.6 19561.6 19248.1 15327.7 313.485 14844.7 3920.45 3050.73 6973.21 378.955 6406.03 567.176 3374.44 3031.59
internal_count=141525 125753 113049 86279 12704 83319 26770 15891 42555 15772 34093 8462 19325 14768
is_linear=0
shrinkage=0.03


Tree=120
num_leaves=15
num_cat=0
split_feature=5 7 9 3 2 3 2 6 3 3 6 2 3 2
split_gain=171.9 143.721 56.8486 50.8263 38.5691 40.6412 35.7697 46.3726 39.4305 34.8296 34.2413 33.1436 31.0853 28.5394
threshold=-0.028848821499999996 0.0068920620251446971 1.0000000180025095e-35 5.5000000000000009 107.50000000000001 1.5000000000000002 52.500000000000007 1.2041840300000002 4.5000000000000009 1.5000000000000002 0.50817587900000005 36.500000000000007 3.5000000000000004 169.50000000000003
decision_type=2 2 2 2 2 2 2 2 2 2 2 2 2 2
left_child=10 3 4 -2 5 -3 8 12 -4 13 -1 -7 -8 -6
right_child=1 2 6 -5 9 11 7 -9 -10 -11 -12 -13 -14 -15
leaf_value=0.029139971435333239 -0.0072384478518572803 0.0078970643175875679 0.0083392271348269771 -0.027035213094077075 0.0016034677081359959 0.0078970643175875679 -0.0013284780931239761 -0.00680059335479671 -0.0013284780931239761 -0.0054679521760926325 0.011791561677738885 0.00037317829449319968 -0.00680059335479671 -0.003605990239282356
leaf_weight=145.88433254137635 247.96241535805166 1255.0406779646873 565.04209717735648 224.3685619533062 4153.3754367344081 511.3919395878911 3823.305874850601 2027.1364934593439 861.67605309933424 986.10714855790138 364.55082268640399 2959.6134533695877 624.32819762825966 1114.2184264436364
leaf_count=8450 5627 9076 3888 10209 19996 3647 18785 14547 5286 5773 10538 16502 2975 5823
internal_value=-0.000114483 -0.000569723 -0.000158683 -0.0168271 0.00123756 0.00328136 -0.00209843 -0.00304563 0.00219578 -0.000308369 0.0169844 0.00160347 -0.00132848 0.000661788
internal_weight=19864 19353.6 18881.2 472.331 10979.7 4726.05 7901.49 6474.77 1426.72 6253.7 510.435 3471.01 4447.63 5267.59
internal_count=141122 122134 106298 15836 60817 29225 45481 36307 9174 31592 18988 20149 21760 25819
is_linear=0
shrinkage=0.03


Tree=121
num_leaves=15
num_cat=0
split_feature=5 5 9 2 3 2 7 3 7 3 2 3 2 2
split_gain=155.287 127.628 69.9715 53.2247 80.5094 56.4085 42.7237 30.5979 23.2138 23.1913 22.9639 18.536 16.4763 14.8981
threshold=-0.10122430549999999 0.92252733400000009 1.5000000000000002 51.500000000000007 3.5000000000000004 101.50000000000001 0.00066362155484966945 1.5000000000000002 0.99444141983985912 2.5000000000000004 139.50000000000003 2.5000000000000004 39.500000000000007 124.50000000000001
decision_type=2 2 2 2 2 2 2 2 2 2 2 2 2 2
left_child=8 2 3 11 5 9 -3 10 -1 -5 -7 -2 -4 -9
right_child=1 6 12 4 -6 7 -8 13 -10 -11 -12 -13 -14 -15
leaf_value=0.013030288400500105 0.012097253877977821 -0.028641824071310003 0.00054010989006449031 0.0050659186817766533 -0.0062005626171113401 0.0023220003279444622 -0.0071978488329229665 -0.0012931369337578632 0.029209347086790613 0.00061228784554075936 -0.0010357412888606172 0.0050659186817766533 -0.0071978488329229665 -0.0059956006450747777
leaf_weight=229.51473201438785 335.02482977882028 174.9967587608844 292.67623513005674 2459.1160378623754 1734.0786546431482 3203.2315336428583 164.47713248431683 1320.5128183923662 132.8521967921406 1407.0340223945677 4272.2604344114661 1673.8575682044029 1387.0170951038599 1121.7890923917294
leaf_count=7769 3497 8897 1716 16947 12447 16932 3124 6548 7907 7031 20545 10884 9948 7292
internal_value=-4.5246e-05 -0.000408334 -8.37028e-05 0.000477483 -0.000117953 0.000649236 -0.0185074 -0.000549288 0.0192787 0.00372054 0.000403634 0.00506592 -0.00592348 -0.00346089
internal_weight=19908.4 19546.1 19206.6 17526.9 15518 13783.9 339.474 9917.79 362.367 3866.15 7475.49 2008.88 1679.69 2442.3
internal_count=141484 125808 113787 102123 87742 75295 12021 51317 15676 23978 37477 14381 11664 13840
is_linear=0
shrinkage=0.03


Tree=122
num_leaves=15
num_cat=0
split_feature=5 5 3 2 3 4 2 2 8 5 4 8 3 8
split_gain=154.029 127.624 61.8516 69.9855 68.2436 55.1366 50.8313 46.7984 30.5255 24.0609 22.789 21.373 16.4853 11.0408
threshold=0.082942290000000016 0.92252733400000009 6.5000000000000009 48.500000000000007 2.5000000000000004 4.008695652000001 117.50000000000001 100.50000000000001 24.500000000000004 1.1012932605000003 8.7488317755000029 20.500000000000004 1.5000000000000002 12.500000000000002
decision_type=2 2 2 2 2 2 2 2 2 2 2 2 2 2
left_child=5 2 3 11 7 -1 -6 -5 10 -3 12 -2 13 -9
right_child=1 9 -4 4 6 -7 -8 8 -10 -11 -12 -13 -14 -15
leaf_value=0.028666042373370969 0.0043833426650045845 -0.012315021246329296 -0.012315021246329296 0.0043833426650045845 -0.0024018818748006371 0.0082733829810864769 -0.010790898145099422 2.0992507728224815e-05 0.0043833426650045845 -0.027723725815020323 -0.0024018818748006371 0.0082733829810864769 -0.0024018818748006371 0.0033813921700582561
leaf_weight=133.48137978557497 1119.3147155120969 186.95747604593635 378.61893772520125 2234.1409954726696 3929.4161790199578 938.46519931219518 775.18603102490306 2024.3713066726923 711.26505998522043 151.27884244732559 4406.6885396391153 594.437395401299 725.70044331997633 1551.6405778750777
leaf_count=8120 6784 4787 3518 13201 22059 18174 7171 9166 3601 7292 23263 3611 3158 7607
internal_value=-9.9802e-05 -0.000732043 -0.000394751 -0.00014168 -0.000746522 0.010934 -0.00379414 0.000484893 -0.00044157 -0.0188575 -0.000940572 0.00561714 0.000612994 0.00148176
internal_weight=19861 18789 18450.8 18072.2 16358.4 1071.95 4704.6 11653.8 9419.67 338.236 8708.4 1713.75 4301.71 3576.01
internal_count=141512 115218 103139 99621 89226 26294 29230 59996 46795 12079 43194 10395 19931 16773
is_linear=0
shrinkage=0.03


Tree=123
num_leaves=15
num_cat=0
split_feature=5 3 8 2 3 3 7 2 3 7 9 2 1 2
split_gain=155.142 122.495 64.5719 64.1159 71.4811 48.3304 46.5788 34.1365 37.3539 31.6674 25.8218 26.3259 25.9365 21.8013
threshold=-0.028848821499999996 6.5000000000000009 13.500000000000002 71.500000000000014 3.5000000000000004 3.5000000000000004 0.015891017392277721 140.50000000000003 1.5000000000000002 0.99444141983985912 1.0000000180025095e-35 134.50000000000003 106.50000000000001 105.50000000000001
decision_type=2 2 2 2 2 2 2 2 2 2 2 2 2 2
left_child=9 2 5 -4 7 10 -3 8 -5 -1 -2 -12 -13 -10
right_child=1 6 3 4 -6 -7 -8 -9 13 -11 11 12 -14 -15
leaf_value=0.011575196830764743 0.0003338821601119058 -0.028281262894750067 0.005220024218133122 0.0047093374442060366 -0.0097183799438804366 -0.0071499330420679236 -0.0097183799438804366 -0.0025990548246868014 0.0021352542093893631 0.029128959992493344 -0.0011016715467284197 -0.0071499330420679236 -0.0011016715467284197 -0.0025990548246868014
leaf_weight=358.92266255430877 4281.0656691305339 159.60129712335765 2798.5914820786566 2471.610434576869 632.04052184708416 1450.5740936286747 362.53081729263067 1898.3027688339353 1284.0976690519601 126.91612694226205 1857.7283960599452 650.70825552940369 472.91694396734238 1017.8286840151995
leaf_count=10944 22471 7850 19696 14060 6280 11268 2327 10264 6604 7903 9955 4156 2379 5316
internal_value=-0.000245463 -0.00066807 -0.000268398 0.00136344 -0.000116827 -0.00216017 -0.0149314 0.000799349 0.00215211 0.0164108 -0.00115929 -0.00330038 -0.0069146 -0.000597886
internal_weight=19823.4 19337.6 18815.5 10102.5 7303.88 8712.99 522.132 6671.84 4773.54 485.839 7262.42 2981.35 1123.63 2301.93
internal_count=141473 122626 112449 62220 42524 50229 10177 36244 25980 18847 38961 16490 6535 11920
is_linear=0
shrinkage=0.03


Tree=124
num_leaves=15
num_cat=0
split_feature=5 5 9 8 7 6 6 7 8 5 3 5 8 3
split_gain=141.604 119.457 61.9482 44.6549 37.6349 36.3625 35.3323 30.919 35.8525 36.3373 12.0179 11.511 10.0864 12.7188
threshold=-0.028848821499999996 0.92252733400000009 1.0000000180025095e-35 29.500000000000004 0.00048736324242781853 0.97787423200000012 0.50817587900000005 0.031788382679224021 11.500000000000002 0.19619739400000002 3.5000000000000004 0.42911546650000004 4.5000000000000009 1.5000000000000002
decision_type=2 2 2 2 2 2 2 2 2 2 2 2 2 2
left_child=6 2 3 5 -3 -2 -1 -4 9 -9 11 -11 -7 -14
right_child=1 4 7 -5 -6 12 -8 8 -10 10 -12 -13 13 -15
leaf_value=0.028946915538047905 0.0039447661614400052 -0.028727718102233703 -0.0082406494141370103 0.01123995809623682 -0.0082406494141370103 -0.0032290606852253497 0.01123995809623682 0.0042346267041446974 -7.8991480619251377e-05 -0.0024296859218974356 -0.0082406494141370103 -0.0072651555607526602 0.0014947796668893384 -0.0010402490548594922
leaf_weight=131.99809082038701 2670.3768939096481 156.50450292322785 429.1587288826704 386.31552340090275 172.73119064606726 824.78137522377074 350.59776223823428 383.35860734432936 4616.8186465650797 1130.0967106446624 662.41678488254547 732.65846267342567 3668.615988150239 3453.0694547127932
leaf_count=8461 18979 8639 7593 2335 3481 3914 10540 2696 25095 4977 3680 4330 17565 19087
internal_value=-8.09486e-05 -0.000484475 -0.000170977 0.00128693 -0.0182634 0.000919644 0.0158856 -0.00218718 -0.00172349 -0.00432926 -0.00563518 -0.00434593 -9.87769e-05 0.000265761
internal_weight=19769.5 19286.9 18957.7 11003.2 329.236 10616.8 482.596 7954.51 7525.35 2908.53 2525.17 1862.76 7946.47 7121.69
internal_count=141372 122371 110251 61880 12120 59545 19001 48371 40778 15683 12987 9307 40566 36652
is_linear=0
shrinkage=0.03


Tree=125
num_leaves=15
num_cat=0
split_feature=6 7 4 8 6 7 8 7 8 6 3 8 3 3
split_gain=136.403 106.595 65.294 47.704 31.7055 22.759 14.0113 10.1063 8.64613 10.532 6.19176 5.64795 5.26294 3.45309
threshold=0.70040526000000003 0.0032736366847530012 14.184367035000003 28.500000000000004 0.50817587900000005 0.92114984989166271 13.500000000000002 0.00066362155484966945 20.500000000000004 1.0034491420000002 1.5000000000000002 31.500000000000004 2.5000000000000004 2.5000000000000004
decision_type=2 2 2 2 2 2 2 2 2 2 2 2 2 2
left_child=4 2 -2 5 -1 8 -6 -4 -3 10 -10 -5 -8 -11
right_child=1 3 7 11 6 -7 12 -9 9 13 -12 -13 -14 -15
leaf_value=0.028889363476085349 -7.2983531460340894e-05 -7.2983531460340894e-05 -0.028694438682812989 0.00512504146915258 0.0079545624991778988 0.0073796325236195033 0.021325555251566347 -0.013459570255971656 0.0073796325236195033 0.0019381339550383135 0.0019738100991824659 0.010797766203463772 0.010797766203463772 -7.2983531460340894e-05
leaf_weight=128.22902030404657 87.454986138269305 14947.154019292444 181.14850758574903 338.44149250164628 127.84153193421662 391.86081240698695 111.56687832996249 67.703021647408605 378.12867309898138 1316.4447972029448 318.31699825078249 322.79997849464417 65.95078469440341 986.50211169198155
leaf_count=8452 2072 82662 9727 2113 3721 6154 3811 1974 2418 6383 2205 1988 1836 5925
internal_value=3.65344e-06 -0.000371506 -0.0169884 -7.29835e-05 0.0165475 -7.29835e-05 0.0109828 -0.0248964 -7.29835e-05 0.00189399 0.00511312 0.00795456 0.0172507 0.000911505
internal_weight=19769.5 19336 336.307 18999.6 433.588 18338.4 305.359 248.852 17946.5 2999.39 696.446 661.241 177.518 2302.95
internal_count=141441 123621 13773 109848 17820 105747 9368 11701 99593 16931 4623 4101 5647 12308
is_linear=0
shrinkage=0.03


Tree=126
num_leaves=15
num_cat=0
split_feature=5 3 8 2 3 7 2 3 2 3 7 5 9 8
split_gain=124.857 111.542 58.9321 54.9329 81.6252 49.8672 45.2838 30.7408 33.1232 28.7918 24.7695 18.5647 17.9936 16.3217
threshold=-0.10122430549999999 6.5000000000000009 23.500000000000004 33.500000000000007 3.5000000000000004 0.015891017392277721 93.500000000000014 1.5000000000000002 124.50000000000001 1.5000000000000002 0.99444141983985912 0.47053301000000008 1.0000000180025095e-35 30.500000000000004
decision_type=2 2 2 2 2 2 2 2 2 2 2 2 2 2
left_child=10 2 3 -2 6 -3 9 -8 -9 -5 -1 12 -11 -4
right_child=1 5 13 4 -6 -7 7 8 -10 11 -12 -13 -14 -15
leaf_value=0.011587451751133052 0.0075984964289026544 -0.028466358833876489 0.0034757380637066978 0.0075984964289026544 -0.0057961011905342764 -0.0078891127938575441 0.00019160611278205595 -0.00071258653059653239 -0.0057961011905342764 0.0064950050482223687 0.028973788299083956 0.00019160611278205595 0.00030589954910349086 0.01016544213340532
leaf_weight=219.77373511530459 708.37441366165876 148.88444356713444 1642.811503149569 734.01317060366273 2578.062344327569 360.88676836714149 7016.5565353669226 1966.6222515851259 1388.4975055940449 939.66747776605189 116.82165461964905 744.90350387245417 766.17826350964606 408.9567584078759
leaf_count=7930 5561 7807 10675 6320 20497 2326 35810 9789 9169 6347 7918 3570 4933 2727
internal_value=-2.22828e-05 -0.000338711 3.66602e-05 -0.000548588 -0.000908524 -0.0141171 2.27534e-05 -0.000938225 -0.00329781 0.0031489 0.0179575 0.0015664 0.00372419 0.0048306
internal_weight=19741 19404.4 18894.6 16842.9 16134.5 509.771 13556.4 10371.7 3355.12 3184.76 336.595 2450.75 1705.85 2051.77
internal_count=141379 125531 115398 101996 96435 10133 75938 54768 18958 21170 15848 14850 11280 13402
is_linear=0
shrinkage=0.03


Tree=127
num_leaves=15
num_cat=0
split_feature=5 5 8 7 6 2 6 8 6 7 6 2 8 2
split_gain=121.465 105.836 60.5286 39.3265 36.9217 42.8171 26.0795 21.6988 23.5154 21.2818 17.0275 18.91 12.2412 11.6019
threshold=-0.10122430549999999 0.92252733400000009 19.500000000000004 0.00048736324242781853 1.1431633300000004 112.50000000000001 0.50817587900000005 29.500000000000004 0.96479175500000014 0.11301778256893159 0.82982682150000009 52.500000000000007 14.500000000000002 142.50000000000003
decision_type=2 2 2 2 2 2 2 2 2 2 2 2 2 2
left_child=6 2 4 -3 10 9 -1 8 -4 -6 -2 -12 -8 -10
right_child=1 3 7 -5 5 -7 12 -9 13 -11 11 -13 -14 -15
leaf_value=0.028763410741167134 0.0047047598705191752 -0.028756956602003867 0.0066900164789082898 -0.0073869636803258823 -0.005370718354350568 -0.0056799517425294198 0.0086743000689265687 0.0086743000689265687 0.0018737342143753466 0.00010487681984498537 0.0047047598705191752 0.00010487681984498537 0.019231435336684116 -0.002609938453827771
leaf_weight=120.2318116594106 719.2700589299202 146.01394510827959 799.29176587052643 168.95718320645392 673.9815139696002 2761.4386570807546 100.07877787388861 509.1846994869411 2477.5463999137282 2371.7455757297575 589.92981113679707 7462.750720154494 106.90749820135534 652.16892633959651
leaf_count=8359 9506 8654 7237 3455 7465 19483 3358 3174 13167 10726 4103 34920 3893 3598
internal_value=-0.000168838 -0.000477799 -0.000189862 -0.0175882 -0.00112376 -0.00297815 0.0178173 0.00287572 0.00211418 -0.00052324 0.000104877 0.000104877 0.0109306 0.000936755
internal_weight=19659.5 19332.3 19017.3 314.971 14579.1 5807.17 327.218 4438.19 3929.01 3045.73 8771.95 8052.68 206.986 3129.72
internal_count=141098 125488 113379 12109 86203 37674 15610 27176 24002 18191 48529 39023 7251 16765
is_linear=0
shrinkage=0.03


Tree=128
num_leaves=15
num_cat=0
split_feature=6 3 7 8 2 3 3 6 2 6 3 9 2 2
split_gain=128.929 98.9715 53.9301 51.3458 51.3117 61.2406 32.8184 30.9055 30.3144 29.4357 21.6498 20.4197 27.9151 19.0571
threshold=0.70040526000000003 6.5000000000000009 0.0218281289562583 13.500000000000002 71.500000000000014 3.5000000000000004 3.5000000000000004 1.1431633300000004 140.50000000000003 0.50817587900000005 1.5000000000000002 1.0000000180025095e-35 90.500000000000014 105.50000000000001
decision_type=2 2 2 2 2 2 2 2 2 2 2 2 2 2
left_child=9 3 -3 6 -5 8 7 11 10 -1 -6 12 -2 -12
right_child=1 2 -4 4 5 -7 -8 -9 -10 -11 13 -13 -14 -15
leaf_value=0.028858483530621221 0.0095418606733213875 -0.028051615390206841 -0.0067763236789648764 0.0049555483896251123 0.0042460046575389472 -0.0067763236789648764 -0.005781986599848213 -0.0036092726512159741 -0.0022129128749552095 0.011080837410427223 0.0026466434045266927 -0.0018733103790181166 0.00096415564149004561 -0.0022129128749552095
leaf_weight=119.28593123424798 389.19756026379764 151.1720940573141 357.72305704280734 2784.7232089824975 2470.5392852276564 612.15501636452973 1438.5661964509636 2399.8230663463473 1860.6181508749723 297.09492678195238 1301.5932981185615 1900.7486656624824 2564.2749152313918 1019.1943989451975
leaf_count=8525 3112 8006 2184 19930 14287 6157 11296 14259 10115 9433 6717 9693 12284 5338
internal_value=4.01392e-05 -0.00031911 -0.0133078 3.70336e-05 0.00149715 0.000168863 -0.00165078 -0.000828093 0.00103298 0.0164558 0.00229446 0.000549162 0.00210871 0.000212321
internal_weight=19666.7 19250.3 508.895 18741.4 10048.8 7264.1 8692.61 7254.04 6651.95 416.381 4791.33 4854.22 2953.47 2320.79
internal_count=141336 123378 10190 113188 62544 42614 50644 39348 36457 17958 26342 25089 15396 12055
is_linear=0
shrinkage=0.03


Tree=129
num_leaves=15
num_cat=0
split_feature=6 3 2 3 7 3 6 2 6 2 2 6 8 6
split_gain=103.729 94.0554 59.8723 76.1394 47.9953 39.1493 37.6833 27.8185 24.685 24.2546 23.2987 21.2896 18.6781 23.826
threshold=0.71742096600000005 6.5000000000000009 66.500000000000014 2.5000000000000004 0.015891017392277721 2.5000000000000004 0.50817587900000005 125.50000000000001 0.98754317800000002 33.500000000000007 117.50000000000001 1.3655234680000004 24.500000000000004 1.1920581745000003
decision_type=2 2 2 2 2 2 2 2 2 2 2 2 2 2
left_child=6 2 5 7 -3 -2 -1 -4 -9 -7 11 -5 13 -10
right_child=1 4 3 10 -6 9 -8 8 12 -11 -12 -13 -14 -15
leaf_value=0.028522890692003953 0.0097331833311909179 -0.027885797138582573 0.0019584252277922297 -0.0019721531317870686 -0.0072727082456830973 0.0060449209972972184 0.0097331833311909179 0.0019584252277922297 -0.0010180362439450002 0.00021421752332504188 -0.0072727082456830973 -0.0072727082456830973 0.0019584252277922297 -0.0047571154996875094
leaf_weight=113.9051285488531 691.90013460442424 140.59908011555672 4799.1734244208783 2174.7006726302207 355.74441224336624 842.07657905295491 351.54032836481929 1406.2368662133813 3272.5526516884565 1972.9473088700324 775.15477751009166 695.23672966659069 418.86990148201585 1636.7740153931081
leaf_count=8372 6119 7883 27518 10292 2278 6097 10578 6609 14043 12503 7963 8063 2044 10997
internal_value=-0.000167254 -0.000508452 -0.000164356 -0.000980798 -0.0133316 0.00336574 0.0137502 0.000214218 -0.00102929 0.00178622 -0.00475712 -0.00334587 -0.00197215 -0.002535
internal_weight=19647.4 19182 18685.6 15178.7 496.343 3506.92 465.445 11533.6 6734.43 2815.02 3645.09 2869.94 5328.2 4909.33
internal_count=141359 122409 112248 87529 10161 24719 18950 61211 33693 18600 26318 18355 27084 25040
is_linear=0
shrinkage=0.03


Tree=130
num_leaves=15
num_cat=0
split_feature=5 6 8 3 2 2 7 6 3 7 8 1 8 2
split_gain=105.477 94.6198 60.5512 40.0653 56.5514 56.3297 37.5297 36.801 25.9799 13.4731 10.3303 9.40484 7.96404 9.06035
threshold=0.92252733400000009 0.70851723650000009 28.500000000000004 2.5000000000000004 83.500000000000014 92.500000000000014 0.00066362155484966945 0.50817587900000005 6.5000000000000009 0.90599918365478527 14.500000000000002 74.500000000000014 8.5000000000000018 69.500000000000014
decision_type=2 2 2 2 2 2 2 2 2 2 2 2 2 2
left_child=1 7 3 4 9 8 -2 -1 12 10 -3 -9 -5 -14
right_child=6 2 -4 5 -6 -7 -8 11 -10 -11 -12 -13 13 -15
leaf_value=0.028483277493342375 -0.02833148046837566 0.00049279462695787663 0.0087981649939657385 -0.0042618632855775263 -0.00020375938494008575 -0.0068118379706106451 -0.007171892909207468 0.0087981649939657385 -0.0068118379706106451 0.0087981649939657385 0.0066022269550833059 0.017008818131549121 -0.00020375938494008575 -0.0031385724479238799
leaf_weight=112.17393422219902 144.51153443474323 395.79862429201603 649.82764269597828 450.43178083002567 10493.254768643528 1846.6997246667743 161.56768570095301 187.0481620747596 345.33757164143026 298.29188800416887 670.95101986452937 126.64546898193657 2509.2339669242501 1226.5773741714656
leaf_count=8474 8915 2337 3972 2543 54402 14558 3180 6231 2983 4583 3944 3645 14809 6728
internal_value=-0.000127062 0.000152046 -0.000165041 -0.000486752 0.000544577 -0.00240309 -0.0174569 0.0140529 -0.00060092 0.00627688 0.0043483 0.00879816 -0.000203759 -0.000203759
internal_weight=19618.4 19312.3 18886.4 18236.6 11858.3 6378.28 306.079 425.868 4531.58 1365.04 1066.75 313.694 4186.24 3735.81
internal_count=141304 129209 110859 106887 65266 41621 12095 18350 27063 10864 6281 9876 24080 21537
is_linear=0
shrinkage=0.03


Tree=131
num_leaves=15
num_cat=0
split_feature=5 7 8 9 7 7 6 8 3 8 8 7 6 6
split_gain=104.875 98.248 59.3334 44.9424 35.399 27.4087 25.4444 18.311 14.8582 14.3343 13.5116 12.2896 10.2029 9.76935
threshold=0.92252733400000009 0.96723985671997081 24.500000000000004 1.5000000000000002 0.00066362155484966945 0.9930730164051057 0.97787423200000012 13.500000000000002 5.5000000000000009 13.500000000000002 8.5000000000000018 0.15622605383396151 0.81398659250000016 1.3655234680000004
decision_type=2 2 2 2 2 2 2 2 2 2 2 2 2 2
left_child=1 2 3 6 -2 7 12 -3 9 -8 -5 -12 -1 -11
right_child=4 5 -4 10 -6 -7 8 -9 -10 13 11 -13 -14 -15
leaf_value=0.0052106168663791702 -0.02845928889482633 0.0052106168663791702 0.0052106168663791702 -0.0075874109825697011 -0.0075874109825697011 0.027356489955250366 -0.0018372284119897487 0.016927520056791361 -0.0065429982605032461 0.00085946643469780512 -0.0075874109825697011 -0.0014550905817382479 0.0011830505954318843 -0.0022822165264288099
leaf_weight=625.08461961522698 140.273033734411 70.991591225378215 1648.6831327863038 476.4043000806123 157.40915266610682 119.84725862555206 5508.6665685102344 142.44437931664288 405.7579737380147 4868.6961832605302 316.8461093660444 812.91174481250346 3238.1003711223602 1085.1051178295165
leaf_count=10093 8869 2273 10171 3509 3152 8610 28621 4358 3456 23181 3833 4319 18842 8224
internal_value=-0.000208084 6.64217e-05 -0.000219049 -0.000736726 -0.0177303 0.0160918 -0.000247905 0.00928513 -0.000936269 -0.000735031 -0.00550882 -0.00345166 0.00186532 0.000285447
internal_weight=19617.2 19319.5 18986.3 17337.6 297.682 333.283 15731.4 213.436 11868.2 11462.5 1606.16 1129.76 3863.18 5953.8
internal_count=141511 129490 114249 104078 12021 15241 92417 6631 63482 60026 11661 8152 28935 31405
is_linear=0
shrinkage=0.03


Tree=132
num_leaves=15
num_cat=0
split_feature=6 9 6 2 7 7 4 8 7 8 2 8 7 2
split_gain=87.8007 77.2338 39.6932 37.0677 36.9355 34.3896 29.2522 27.8526 27.3042 26.5321 21.5519 17.6834 16.9186 16.5382
threshold=0.69151714850000012 1.5000000000000002 1.3655234680000004 40.500000000000007 0.061287458986043937 0.99444141983985912 16.292857143000003 12.500000000000002 0.00022198442457010972 9.5000000000000018 82.500000000000014 28.500000000000004 0.0068920620251446971 110.50000000000001
decision_type=2 2 2 2 2 2 2 2 2 2 2 2 2 2
left_child=5 2 3 -2 12 -1 10 -5 -8 -6 -4 13 -3 -9
right_child=1 4 6 7 9 -7 8 11 -10 -11 -12 -13 -14 -15
leaf_value=0.0084848657539881526 0.0069065467656984425 -0.025035976237164716 -0.0010273187373010702 -0.0010273187373010702 -0.009893792758543362 0.028975446860382819 -0.028481607226430495 0.0027405433210018967 -0.0051409079901170354 -0.0012794315552416412 -0.0051409079901170354 0.0069065467656984425 -0.009952012050807731 -3.4650262185825055e-05
leaf_weight=266.86890890356153 863.12600086629391 110.7640763502568 1103.6915575927123 6018.0310477819294 491.2238667178899 100.79342647455633 70.842476626858115 3801.4364352729172 118.31249668449163 920.51617542095482 1185.2219214234501 420.49507248401642 188.02060636878014 3925.601844958961
leaf_count=9413 6965 5336 7253 31034 2680 7908 4752 22821 2233 4868 12155 2435 2597 18996
internal_value=-6.8928e-06 -0.000286501 0.000308688 0.000888986 -0.00636125 0.0144157 -0.00320534 0.000520021 -0.0143908 -0.00430119 -0.00225162 0.00166286 -0.0158639 0.00133154
internal_weight=19584.9 19217.3 17506.8 15028.7 1710.52 367.662 2478.07 14165.6 189.155 1411.74 2288.91 8147.53 298.785 7727.04
internal_count=141446 124125 108644 82251 15481 17321 26393 75286 6985 7548 19408 44252 7933 41817
is_linear=0
shrinkage=0.03


Tree=133
num_leaves=15
num_cat=0
split_feature=5 5 3 2 3 2 7 6 2 6 3 2 2 6
split_gain=99.7925 84.3612 52.1157 62.8211 56.2259 38.8258 33.5631 29.6906 22.1184 22.0427 21.3726 18.9115 13.8824 11.115
threshold=0.92252733400000009 -0.10122430549999999 6.5000000000000009 39.500000000000007 3.5000000000000004 78.500000000000014 0.00066362155484966945 0.50817587900000005 106.50000000000001 0.81398659250000016 1.5000000000000002 125.50000000000001 110.50000000000001 1.2788972875000002
decision_type=2 2 2 2 2 2 2 2 2 2 2 2 2 2
left_child=1 7 3 -3 5 -5 -2 -1 -6 -7 12 13 -11 -12
right_child=6 2 -4 4 8 9 -8 -9 -10 10 11 -13 -14 -15
leaf_value=0.028459079069985169 -0.0285501806024735 0.006705083317991801 -0.010864660496709975 0.0043100589802901341 -0.0032522834786334874 0.0043100589802901341 -0.010864660496709975 0.0085601865599547293 -0.010864660496709975 0.0035852319121412626 -9.8348310179251002e-06 -0.0032522834786334874 -9.8348310179251002e-06 -0.0032522834786334874
leaf_weight=104.51462715119123 133.61392708960921 1229.8657711520791 388.5494323913008 1985.2194377426058 2187.6199002992362 403.11900135688484 156.53415024466813 193.83589474670589 362.84825633838773 1123.6818643137813 2488.4133507683873 1431.6404766887426 6735.8339854292572 604.40177903324366
leaf_count=8480 8896 9060 3729 14259 13325 5182 3192 7263 4490 6437 11154 9478 32519 3788
internal_value=-7.57329e-05 0.000189794 -6.1556e-05 0.000167561 -0.000298385 0.000412252 -0.0173876 0.0158851 -0.00440715 -0.000194338 -0.000439528 -0.00208096 0.000506108 -0.000510484
internal_weight=19529.7 19239.5 18941.2 18552.6 17322.8 14772.3 290.148 298.351 2550.47 12787.1 12384 4524.46 7859.52 3092.82
internal_count=141252 129164 113421 109692 100632 82817 12088 15743 17815 68558 63376 24420 38956 14942
is_linear=0
shrinkage=0.03


Tree=134
num_leaves=15
num_cat=0
split_feature=5 7 3 2 3 7 7 3 2 2 2 6 6 3
split_gain=94.4125 89.2523 41.3837 48.449 54.7648 32.9258 25.7798 25.025 21.919 20.694 19.1538 21.8471 17.5696 12.2543
threshold=0.92252733400000009 0.96723985671997081 6.5000000000000009 71.500000000000014 2.5000000000000004 0.00033491765498183673 0.99444141983985912 3.5000000000000004 33.500000000000007 117.50000000000001 125.50000000000001 1.2081330280000002 1.3655234680000004 1.5000000000000002
decision_type=2 2 2 2 2 2 2 2 2 2 2 2 2 2
left_child=1 2 3 7 10 -2 -3 -1 -9 12 -5 13 -6 -12
right_child=5 6 -4 4 9 -7 -8 8 -10 -11 11 -13 -14 -15
leaf_value=0.0057811406362030292 -0.028979845111225873 0.0096622736192812607 -0.0096792676393551956 0.0018082096977486883 -0.0013948253965991085 -0.0096792676393551956 0.028160876395116205 0.0057811406362030292 0.00033445340168500608 -0.00848265660778077 0.00087498588573391395 -0.0027692505617212875 -0.0074070494007154389 -0.0027692505617212875
leaf_weight=1746.0213213767856 117.80260407272726 215.78214633278549 388.50164046138525 4676.6574989426881 1920.9997442252934 167.66507295239717 100.60471210069954 666.64895758405328 1508.3827436752617 739.57201549038291 4504.4410830289125 1629.0849227569997 562.79009937494993 597.50648237764835
leaf_count=13053 8399 7124 3809 28175 9265 3738 7988 4724 8730 7135 19857 11148 5582 2731
internal_value=-4.19564e-05 0.000214051 -5.19454e-05 0.000152215 -0.000641636 -0.017018 0.0158911 0.00311144 0.000959981 -0.00409125 0.000334453 -0.000690081 -0.00276925 0.000322607
internal_weight=19542.5 19257 18940.6 18552.1 14631.1 285.468 316.387 3921.05 2175.03 3223.36 11407.7 6731.03 2483.79 5101.95
internal_count=141458 129321 114209 110400 83893 12137 15112 26507 13454 21982 61911 33736 14847 22588
is_linear=0
shrinkage=0.03


Tree=135
num_leaves=15
num_cat=0
split_feature=5 5 8 3 2 2 5 1 2 4 5 0 8 4
split_gain=93.4169 77.8808 43.2235 42.6127 49.8483 45.9703 35.6655 25.1755 24.5614 21.3252 15.8341 15.1786 11.0161 9.02912
threshold=-0.10122430549999999 0.90944831050000008 29.500000000000004 3.5000000000000004 127.50000000000001 89.500000000000014 0.51572324500000011 108.50000000000001 71.500000000000014 4.008695652000001 1.1012932605000003 18.500000000000004 13.500000000000002 8.9873949580000012
decision_type=2 2 2 2 2 2 2 2 2 2 2 2 2 2
left_child=9 2 3 4 8 -5 -7 -6 -2 -1 -3 -10 -11 -9
right_child=1 10 -4 5 7 6 -8 13 11 12 -12 -13 -14 -15
leaf_value=0.028110607165353556 0.0051272302859218686 -0.015107312632641682 0.0084203669864252092 -0.001597021961772605 -0.0024527707392224709 -0.0024527707392224709 -0.015107312632641682 0.00082734217291799037 0.0051272302859218686 0.0084203669864252092 -0.026344865159359111 0.00082734217291799037 0.018281733170107305 -0.0021499246787419425
leaf_weight=94.866612855345011 1737.8019866533577 193.7650904878974 518.27054148539901 2920.6351314866915 4051.7210635207593 305.9293953999877 379.20822941605002 1725.2409225925803 475.79837794043124 85.848425640724599 116.88382427860051 5889.8194552883506 110.00837873946875 912.13965578749776
leaf_count=8052 13891 5173 3251 18167 22149 1670 5836 7610 3821 3147 7302 32006 4519 4973
internal_value=-7.11791e-05 -0.000328457 -8.18303e-05 -0.000323555 0.000389538 -0.00324548 -0.0102101 -0.00152663 0.00197124 0.016662 -0.0151073 0.00110631 0.0105549 0.000827342
internal_weight=19517.9 19227.2 18916.6 18398.3 14792.5 3605.77 685.138 6689.1 8103.42 290.723 310.649 6365.62 195.857 2637.38
internal_count=141567 125849 113374 110123 84450 25673 7506 34732 49718 15718 12475 35827 7666 12583
is_linear=0
shrinkage=0.03


Tree=136
num_leaves=15
num_cat=0
split_feature=3 5 2 2 6 6 8 3 6 2 8 8 3 8
split_gain=91.7117 92.1481 51.7741 35.4957 27.639 25.3004 23.789 13.9151 10.231 6.67266 3.6947 3.25712 2.65909 6.61373
threshold=6.5000000000000009 -0.028848821499999996 21.500000000000004 40.500000000000007 0.50817587900000005 1.1960797090000004 28.500000000000004 2.5000000000000004 0.81920447200000013 41.500000000000007 11.500000000000002 10.500000000000002 1.5000000000000002 12.500000000000002
decision_type=2 2 2 2 2 2 2 2 2 2 2 2 2 2
left_child=1 4 -2 -3 -1 -4 8 10 11 -7 -6 -5 13 -10
right_child=2 3 5 6 7 9 -8 -9 12 -11 -12 -13 -14 -15
leaf_value=0.028216628149570551 -0.00037679158052625876 0.0045835656434246117 -0.0042720044568819587 0.00057421292650268571 0.0077138105942466135 -0.017757230070370729 0.0045835656434246117 0.0045835656434246117 -0.00037679158052625876 -0.030061274842216976 0.017561541336427598 0.0045835656434246117 -0.00037679158052625876 0.00057421292650268571
leaf_weight=93.799018637277186 184.96207279339433 1333.1654936857522 70.06500450707972 192.07434617355466 61.890608103945851 102.89322135318071 528.86466623097658 112.3239239808172 3804.448662981391 130.62888405565172 134.35297949612141 365.24852437153459 8268.5322511522099 4130.4598287623376
leaf_count=8292 1754 10129 430 2110 1996 1980 3277 3398 18504 6302 5019 4806 52214 21499
internal_value=-0.000170007 0.000161165 -0.0129375 -0.00014755 0.0142759 -0.0204602 -0.000376792 0.00965584 -0.000376792 -0.0251258 0.0147246 0.00409998 -0.000376792 0.000544629
internal_weight=19513.7 19025.2 488.549 18622.8 402.367 303.587 17289.6 308.568 16760.8 233.522 196.244 557.323 16203.4 7934.91
internal_count=141710 131244 10466 112539 18705 8712 102410 10413 99133 8282 7015 6916 92217 40003
is_linear=0
shrinkage=0.03


Tree=137
num_leaves=15
num_cat=0
split_feature=5 3 7 2 3 3 6 6 2 2 2 3 3 2
split_gain=91.9897 69.9296 43.3526 41.6264 60.5166 34.4131 30.3527 23.3081 18.4046 16.7819 14.5459 13.2338 7.87012 7.57952
threshold=-0.028848821499999996 6.5000000000000009 0.015891017392277721 71.500000000000014 2.5000000000000004 3.5000000000000004 0.50817587900000005 1.3655234680000004 117.50000000000001 138.50000000000003 33.500000000000007 2.5000000000000004 1.5000000000000002 101.50000000000001
decision_type=2 2 2 2 2 2 2 2 2 2 2 2 2 2
left_child=6 3 -3 5 9 -2 -1 8 -6 12 -7 -8 -5 -14
right_child=1 2 -4 4 7 10 11 -9 -10 -11 -12 -13 13 -15
leaf_value=0.02837368126741377 0.0055712314413722368 -0.027291353830383655 -0.0064366111083492767 0.0019101235391555229 -0.0013657810054568662 0.0044539447599171028 0.014476674802897336 -0.0064366111083492767 -0.0064366111083492767 -0.0012470934030211452 5.5242161426094779e-05 0.0055712314413722368 0.0017581919065983252 -0.0012470934030211452
leaf_weight=94.235093609429896 1782.9502555429935 117.75748887192458 351.62878094986081 3913.3032753877342 1903.4270362630486 672.44477236829698 195.18099469691515 855.13964253757149 487.68614354915917 4984.7543296515942 1533.2650362616405 116.94129470363259 1015.0650868453085 1425.0671159010381
leaf_count=8479 13332 7780 2304 22381 9083 4797 7071 11893 3286 25329 9930 3461 5389 6785
internal_value=-0.000224075 -0.000527144 -0.0119011 -0.000236572 -0.000979381 0.00247732 0.0138119 -0.00458754 -0.00276504 5.52422e-05 5.52422e-05 0.00903746 0.0010772 -0.000259753
internal_weight=19448.8 19042.5 469.386 18573.1 14584.4 3988.66 406.357 3246.25 2391.11 11338.2 2205.71 312.122 6353.44 2440.13
internal_count=141300 122289 10084 112205 84146 28059 19011 24262 12369 59884 14727 10532 34555 12174
is_linear=0
shrinkage=0.03


Tree=138
num_leaves=15
num_cat=0
split_feature=5 7 7 9 8 7 6 8 6 3 5 8 0 3
split_gain=71.1702 67.157 53.8661 41.0353 30.858 30.2317 24.2279 15.3783 14.3045 12.0509 9.36681 8.26693 7.85889 6.81173
threshold=0.88363422450000007 0.96723985671997081 0.00066362155484966945 1.5000000000000002 29.500000000000004 0.9930730164051057 0.97787423200000012 12.500000000000002 1.3655234680000004 2.5000000000000004 0.082942290000000016 13.500000000000002 50.500000000000007 3.5000000000000004
decision_type=2 2 2 2 2 2 2 2 2 2 2 2 2 2
left_child=1 3 -2 4 6 11 10 13 -9 -10 12 -3 -1 -8
right_child=2 5 -4 -5 -6 -7 7 8 9 -11 -12 -13 -14 -15
leaf_value=0.0077975001363217245 -0.028265685703859178 0.0077975001363217245 -0.0041928420888290609 -0.0041928420888290609 0.0077975001363217245 0.027057655876794044 -0.0013379931802292918 0.00098031654193655223 0.00098031654193655223 -0.0041199206611901382 0.0015675500346916272 0.015371743005503698 0.0015675500346916272 -0.0041928420888290609
leaf_weight=397.42276504449546 130.30005646962672 67.608438601717353 224.81089789420366 1621.9774191854522 484.38510460127145 101.89380747545511 4193.1094382703304 6178.0553059391677 473.8820758908987 1027.6700421581045 3493.8741447962821 132.37851873226464 190.03967126272619 719.08070508111268
leaf_count=6433 9330 2277 4177 11517 3061 8592 20944 29576 3376 8074 21152 4332 3617 4957
internal_value=-8.29151e-05 0.000166397 -0.0132957 -6.10693e-05 0.000372455 0.0140871 0.00015447 -0.000496722 0.000341826 -0.00227974 0.00216169 0.0077975 0.00565221 -0.0018067
internal_weight=19436.5 19081.4 355.111 18779.5 17157.5 301.881 16673.1 12591.8 7679.61 1501.55 4081.34 199.987 587.462 4912.19
internal_count=141415 127908 13507 112707 101190 15201 98129 66927 41026 11450 31202 6609 10050 25901
is_linear=0
shrinkage=0.03


Tree=139
num_leaves=11
num_cat=0
split_feature=4 3 2 6 2 7 6 2 0 3
split_gain=75.0907 59.023 53.1889 38.3045 30.1758 26.3855 10.1226 9.17776 6.29347 4.34592
threshold=5.4346281910000007 6.5000000000000009 21.500000000000004 1.1879963150000001 48.500000000000007 0.99444141983985912 0.81920447200000013 41.500000000000007 80.500000000000014 1.5000000000000002
decision_type=2 2 2 2 2 2 2 2 2 2
left_child=5 4 -3 -4 -2 8 9 -5 -1 -6
right_child=1 2 3 7 6 -7 -8 -9 -10 -11
leaf_value=0.012151587692528859 0.0036147399157538968 -0.00017079602120184087 -0.00017079602120184087 -0.016544960792753596 0.0036147399157538968 0.028653278680603751 -0.00017079602120184087 -0.030589002263169924 0.0036147399157538968 -0.00017079602120184087
leaf_weight=142.61031073983759 1890.1728544365615 178.93266457971185 69.835756728425622 99.056711035780609 385.06204713322222 84.668084135279059 16107.486875961535 121.64455589372665 52.934743295423687 241.5704475864768
leaf_count=5755 14917 1473 417 1974 5641 7962 91411 6247 2326 3107
internal_value=-0.000208908 -0.000437033 -0.0108858 -0.01878 -0.000170796 0.0150707 -0.000170796 -0.0247918 0.00862193 0.00361474
internal_weight=19374 19093.8 469.47 290.537 18624.3 280.213 16734.1 220.701 195.545 626.632
internal_count=141230 125187 10111 8638 115076 16043 100159 8221 8081 8748
is_linear=0
shrinkage=0.03


Tree=140
num_leaves=11
num_cat=0
split_feature=6 7 3 6 5 3 4 0 7 7
split_gain=66.4472 61.6066 53.4927 50.3925 29.9836 24.1159 9.73772 6.93919 4.34037 4.3035
threshold=0.81920447200000013 0.0068920620251446971 5.5000000000000009 0.50817587900000005 0.84791324500000009 2.5000000000000004 5.6485294120000011 20.500000000000004 0.90599918365478527 0.0020752742420881991
decision_type=2 2 2 2 2 2 2 2 2 2
left_child=3 2 4 -1 -2 6 -5 -8 -9 -4
right_child=1 -3 9 5 -6 -7 7 8 -10 -11
leaf_value=0.028373617665418353 -0.00021987619627121736 -0.00021987619627121736 -0.028635886011430359 0.015123603355909584 -0.015643636969718339 -0.00021987619627121736 0.010641775168123811 -0.00021987619627121736 0.0065951008932626509 -0.015643636969718339
leaf_weight=87.64981419313699 106.54836914502084 17969.808053424582 118.95002704672515 147.84436690527946 114.53097826056182 306.79118408635259 205.24465522356331 144.94105314463377 180.92506680451334 36.928660809993744
leaf_count=8463 1908 97765 8979 5975 3767 5765 2406 1709 3517 1176
internal_value=-4.80883e-05 -0.000473353 -0.0123957 0.00718914 -0.00275243 0.00517178 0.00837334 0.00637075 0.00356051 -0.0255619
internal_weight=19420.2 18346.8 376.958 1073.4 221.079 985.746 678.955 531.111 325.866 155.879
internal_count=141430 113595 15830 27835 5675 19372 13607 7632 5226 10155
is_linear=0
shrinkage=0.03


Tree=141
num_leaves=15
num_cat=0
split_feature=3 5 7 9 2 7 0 2 3 2 0 3 2 2
split_gain=63.4539 59.793 44.692 33.8547 30.5425 28.1251 25.4409 25.2462 27.8472 23.3338 18.8915 11.1578 10.538 10.2633
threshold=6.5000000000000009 -0.073767720499999981 0.0218281289562583 1.0000000180025095e-35 134.50000000000003 0.99444141983985912 17.500000000000004 80.500000000000014 1.5000000000000002 34.500000000000007 19.500000000000004 2.5000000000000004 169.50000000000003 52.500000000000007
decision_type=2 2 2 2 2 2 2 2 2 2 2 2 2 2
left_child=1 5 -2 7 10 -1 -6 8 -3 -10 -5 12 -9 -12
right_child=2 3 -4 4 6 -7 -8 11 9 -11 13 -13 -14 -15
leaf_value=0.0075218507169586939 -0.026757782201497472 0.0075218507169586939 -0.0054505924585768204 0.006770465968574277 -0.00044054759572695139 0.028184100279769881 -0.0054505924585768204 0.00059250998902735748 0.0075218507169586939 0.00059250998902735748 0.0025406562055703989 -0.002732820111323437 -0.0022853231103309585 -0.00044054759572695139
leaf_weight=218.51123120542616 115.35116696450859 389.67266696318984 350.38958227913827 321.99481764622033 889.54514591023326 79.584161799401045 1063.7818141020834 6234.2363344915211 410.77204095106572 1771.8914936054498 1149.7451368262991 991.36901389341801 1143.7572464756668 4259.7787576681003
leaf_count=8780 7899 3850 2468 1948 4566 7840 7933 32553 3461 11610 8268 7160 6228 26740
internal_value=-7.60513e-05 0.000194529 -0.010956 -2.05446e-05 -0.0015461 0.0134121 -0.00478066 0.00105114 0.00364736 0.00211157 -0.000440548 0.000251488 0.00059251 -0.000440548
internal_weight=19390.4 18924.6 465.741 18626.5 7684.85 298.095 1953.33 10941.7 2572.34 2182.66 5731.52 8369.36 7377.99 5409.52
internal_count=141304 130937 10367 114317 49455 16620 12499 64862 18921 15071 36956 45941 38781 35008
is_linear=0
shrinkage=0.03


Tree=142
num_leaves=13
num_cat=0
split_feature=3 5 2 8 4 4 2 2 9 8 8 2
split_gain=60.4046 61.0917 46.9673 34.9545 31.7567 30.6475 20.944 10.5107 8.22249 7.16379 3.71157 1.46362
threshold=6.5000000000000009 1.0000000180025095e-35 21.500000000000004 30.500000000000004 9.7363455810000001 4.008695652000001 33.500000000000007 41.500000000000007 1.0000000180025095e-35 23.500000000000004 17.500000000000004 139.50000000000003
decision_type=2 2 2 2 2 2 2 2 2 2 2 2
left_child=1 5 -2 6 -4 -1 8 -6 -3 -8 -7 -11
right_child=2 3 4 -5 7 10 9 -9 -10 11 -12 -13
leaf_value=0.027726455448274154 -0.00015698987932962499 0.0081992124850232655 -0.00015698987932962499 0.0087584156381132795 -0.01535697887671067 0.0087584156381132795 -0.00015698987932962499 -0.030118350903420372 0.0021123184547452724 0.0021123184547452724 0.014328964013086632 -1.5640555512893833e-06
leaf_weight=76.599104275926948 181.76208364591002 345.33259842451662 64.724140878766775 390.79079721588641 99.398994798772037 265.81498452182859 15779.767988178879 116.48704718705267 476.03796201106161 1111.4148032870144 157.66281376127154 333.83556505851448
leaf_count=7829 1742 2675 383 2546 1960 7866 92990 6331 3243 7066 5088 1777
internal_value=-0.000137965 0.000124954 -0.0107924 -0.00015699 -0.018408 0.0104185 -0.00015699 -0.0238233 0.00470558 -0.00015699 0.00875842 0.00211232
internal_weight=19399.6 18937.3 462.372 18437.2 280.61 500.077 18046.4 215.886 821.371 17225 423.478 1445.25
internal_count=141496 131080 10416 110297 8674 20783 107751 8291 5918 101833 12954 8843
is_linear=0
shrinkage=0.03


Tree=143
num_leaves=15
num_cat=0
split_feature=6 5 7 8 6 7 8 8 6 7 7 9 5 0
split_gain=60.5481 52.0278 51.8868 34.4461 29.85 18.4625 10.4897 7.51447 15.4132 3.704 3.63632 1.70533 1.46855 0.254759
threshold=0.69151714850000012 0.89680939100000012 0.0026076341746374969 28.500000000000004 0.50817587900000005 0.92114984989166271 14.500000000000002 20.500000000000004 0.96804425100000013 0.9754980504512788 0.00048736324242781853 1.0000000180025095e-35 0.089179457000000018 9.5000000000000018
decision_type=2 2 2 2 2 2 2 2 2 2 2 2 2 2
left_child=4 3 10 5 -1 7 -6 13 -9 -8 -3 -10 -7 -2
right_child=1 2 -4 -5 6 12 9 8 11 -11 -12 -13 -14 -15
leaf_value=0.02768227405542693 0.00067265771426771345 -0.02806625628595048 -0.00060712830944265571 0.0064318907632011689 0.0064318907632011689 0.0064318907632011689 0.0094965992613774853 0.0056929157553775736 0.0005806398063921567 0.02109443234850078 -0.01452221123058894 -0.00060712830944265571 0.0056929157553775736 -0.00060712830944265571
leaf_weight=81.1399159822613 2420.4900481216609 109.68476996850222 161.48976049944758 639.75006690993905 114.42767032235861 181.7960739992559 70.851600470021367 506.50103460624814 1644.4603723529726 53.220567262731493 43.511196765117347 783.19607667252421 190.65809421986341 12361.859423513524
leaf_count=8432 12155 8890 2486 3980 4006 3920 2332 3674 8525 2571 1652 4410 2517 71788
internal_value=-0.000368906 -0.000587761 -0.0125884 -0.000382816 0.0124783 -0.000607128 0.00684349 -0.000607128 0.000960019 0.0150959 -0.0248 -3.71134e-05 0.00602936 -0.000607128
internal_weight=19363 19043.4 314.686 18728.7 319.64 18089 238.5 17716.5 2934.16 124.072 153.196 2427.66 372.454 14782.3
internal_count=141338 123997 13028 110969 17341 106989 8909 100552 16609 4903 10542 12935 6437 83943
is_linear=0
shrinkage=0.03


Tree=144
num_leaves=15
num_cat=0
split_feature=6 5 7 9 8 6 6 2 2 6 1 2 6 8
split_gain=61.5936 51.6298 47.3501 34.5161 33.8682 35.4318 30.148 21.164 17.5808 13.1815 12.1058 9.81905 10.0587 7.33641
threshold=0.72552076500000007 0.89680939100000012 0.00066362155484966945 1.5000000000000002 28.500000000000004 0.97120507000000011 0.50817587900000005 83.500000000000014 66.500000000000014 1.2788972875000002 72.500000000000014 110.50000000000001 1.1840234145000001 21.500000000000004
decision_type=2 2 2 2 2 2 2 2 2 2 2 2 2 2
left_child=6 3 -3 4 5 8 -1 -7 -2 11 -8 -9 -13 -10
right_child=1 2 -4 -5 -6 7 10 9 13 -11 -12 12 -14 -15
leaf_value=0.027422178009283569 0.0070515959798196481 -0.027392465345342988 -0.0032968980030920387 -0.0032968980030920387 0.0071761465249323315 0.0012566666374658594 0.0071761465249323315 0.0010566663205076358 0.0012566666374658594 -0.0032968980030920387 0.01566298370646255 -0.00084790627603831834 -0.0032968980030920387 0.0058479190188926488
leaf_weight=78.805360616184771 648.43935298360884 113.35504035744816 197.50544120371342 1598.0136786075309 610.20719694159925 3441.7810157919303 188.36277998611331 1746.7917100880295 2732.4532090835273 1948.3761045951396 149.85569777619094 4419.0360042974353 1103.8113746233284 328.44308361411095
leaf_count=8419 7139 9166 3845 11045 3710 18328 6616 7977 16734 16235 4391 19058 5987 2363
internal_value=-9.75207e-05 -0.00035069 -0.0123779 -0.00014616 0.000265879 6.16643e-06 0.0112376 -0.000749474 0.00258267 -0.00149879 0.00717615 -0.000901615 -0.00152138 0.00162599
internal_weight=19305.2 18888.2 310.86 18577.4 16979.3 16369.1 417.024 12659.8 3709.34 9218.02 338.218 7269.64 5522.85 3060.9
internal_count=141013 121587 13011 108576 97531 93821 19426 67585 26236 49257 11007 33022 25045 19097
is_linear=0
shrinkage=0.03


Tree=145
num_leaves=15
num_cat=0
split_feature=3 2 3 8 7 7 2 8 3 4 3 4 2 3
split_gain=51.8706 49.737 49.534 42.112 52.332 41.4256 12.6349 16.4939 10.3136 9.5347 9.52124 8.42208 14.2776 4.82478
threshold=6.5000000000000009 71.500000000000014 2.5000000000000004 14.500000000000002 0.92114984989166271 0.015891017392277721 93.500000000000014 12.500000000000002 2.5000000000000004 4.8051724140000003 3.5000000000000004 11.407929055500002 33.500000000000007 3.5000000000000004
decision_type=2 2 2 2 2 2 2 2 2 2 2 2 2 2
left_child=1 3 -3 13 8 -2 7 -4 -5 -6 -9 12 -10 -1
right_child=5 2 6 4 9 -7 -8 10 11 -11 -12 -13 -14 -15
leaf_value=0.0031987778275465511 -0.026783917432716863 0.00012740832428999042 0.00012740832428999042 0.0078539227198613521 0.026420767122789169 -0.005216165242948094 -0.005216165242948094 -0.00087582174670847981 0.0078539227198613521 0.013388904267826705 -0.005216165242948094 0.00012740832428999042 0.0020985713600122327 0.00012740832428999042
leaf_weight=706.48442601878196 99.41581657435745 11391.23726785928 567.23710602987558 452.91222652234137 78.135634442791343 360.95307985879481 1805.9799611698836 465.53210774436593 378.44297193177044 201.98089864756912 387.08944654930383 618.20162355247885 918.25916136987507 881.52615346666425
leaf_count=8918 7767 62812 3360 3033 7032 2659 15554 2311 2788 4913 3112 5202 4888 6966
internal_value=-0.000217039 2.71868e-05 -0.000802446 0.00288759 0.00527186 -0.0101114 -0.00408111 -0.00189991 0.00380061 0.0174236 -0.00478558 0.00282396 0.00419531 0.000127408
internal_weight=19313.4 18853 14617.1 4235.94 2647.93 460.369 3225.84 1419.86 2367.82 280.117 852.622 1914.9 1296.7 1588.01
internal_count=141315 130889 87149 43740 27856 10426 24337 8783 15911 11945 5423 12878 7676 15884
is_linear=0
shrinkage=0.03


Tree=146
num_leaves=15
num_cat=0
split_feature=5 8 3 2 2 6 2 3 3 5 6 8 8 3
split_gain=63.0355 47.7486 29.635 39.0784 33.4857 22.3509 21.8556 28.744 14.1356 13.6125 12.5861 10.4571 9.84447 9.2709
threshold=0.90944831050000008 19.500000000000004 3.5000000000000004 71.500000000000014 107.50000000000001 0.82982682150000009 56.500000000000007 4.5000000000000009 1.5000000000000002 1.1012932605000003 1.1960797090000004 14.500000000000002 7.5000000000000009 2.5000000000000004
decision_type=2 2 2 2 2 2 2 2 2 2 2 2 2 2
left_child=1 2 3 8 12 -5 7 -3 11 -2 13 -1 -4 -7
right_child=9 6 4 5 -6 10 -8 -9 -10 -11 -12 -13 -14 -15
leaf_value=0.0056778504617306927 -0.01321436300737538 0.010810588801760775 -0.0081345872986108292 0.0047388045168380299 -0.01321436300737538 -0.00012193898907124149 0.0014500173228556646 0.0014500173228556646 0.0047388045168380299 -0.024564050816097079 -0.0025606753063414215 0.019022844663937135 -0.0025606753063414215 -0.0025606753063414215
leaf_weight=114.45856473222375 185.94634995330125 586.95310554653406 281.23245926294476 465.55498034786433 293.60174058750272 6662.9609239250422 3350.4824546203017 477.7798910047859 1032.7587520135567 98.989226990379393 2586.3864639289677 104.06349207926542 2161.3253838410601 858.76274149119854
leaf_count=2320 5254 8479 2246 6502 3948 30669 20661 3338 11389 7349 17002 2187 15990 3850
internal_value=-0.000298747 -8.66148e-05 -0.000915357 -0.000263734 -0.00372588 -0.000857691 0.00264447 0.0063788 0.0047388 -0.0141813 -0.00115719 0.0123163 -0.00256068 -0.000522061
internal_weight=19261.3 18976.3 14561.1 11824.9 2736.16 10573.7 4415.22 1064.73 1251.28 284.936 10108.1 218.522 2442.56 7521.72
internal_count=141184 128581 96103 73919 22184 58023 32478 11817 15896 12603 51521 4507 18236 34519
is_linear=0
shrinkage=0.03


Tree=147
num_leaves=15
num_cat=0
split_feature=9 6 7 7 6 2 3 2 7 8 3 6 8 6
split_gain=50.5165 44.0743 38.1959 27.967 24.6822 28.46 24.6547 18.1572 17.5118 14.0371 19.5954 17.1686 13.1989 12.0016
threshold=1.5000000000000002 0.81920447200000013 0.9930730164051057 0.050251806154847152 1.3473912365000003 56.500000000000007 3.5000000000000004 101.50000000000001 0.0094790998846292513 24.500000000000004 1.5000000000000002 1.1920581745000003 9.5000000000000018 1.9333599545000002
decision_type=2 2 2 2 2 2 2 2 2 2 2 2 2 2
left_child=1 2 -1 8 5 -3 7 -7 -2 10 11 -9 -5 -6
right_child=3 4 -4 12 13 6 -8 9 -10 -11 -12 -13 -14 -15
leaf_value=0.0046701414105498112 -0.023723504063183475 0.0043804970669668267 0.026003286357460423 -0.0071720057877705081 -0.002748009673050709 0.0024502167028239959 -0.002748009673050709 0.00085013717650169124 -0.0071720057877705081 0.0024502167028239959 -0.002748009673050709 -0.002748009673050709 -0.0014591039095149447 -0.010024491913112736
leaf_weight=856.43624990154058 101.91287085786462 1452.0549567118287 78.365212550852448 502.89088132046163 2440.3874990809709 2870.5692897327244 959.56824399903417 5257.1447855234146 138.69976146705449 626.80639958381653 1809.1091108620167 1002.3703311160207 953.17111784406006 199.71679969970137
leaf_count=17773 5661 9441 8160 3120 20128 15377 4800 23699 2039 3020 8883 5560 5963 7610
internal_value=-0.000211517 0.000266867 0.00658735 -0.00514676 -9.05554e-05 0.00041219 -4.94096e-05 0.000383649 -0.0145227 -0.000299591 -0.000666989 0.000150699 -0.00355299 -0.00274801
internal_weight=19249.2 17552.5 934.801 1696.67 16617.7 13977.6 12525.6 11566 240.613 8695.43 8068.62 6259.52 1456.06 2640.1
internal_count=141234 124451 25933 16783 98518 70780 61339 56539 7700 41162 38142 29259 9083 27738
is_linear=0
shrinkage=0.03


Tree=148
num_leaves=15
num_cat=0
split_feature=3 2 2 8 5 3 3 2 4 4 5 8 8 5
split_gain=56.4236 63.9151 47.5833 39.043 30.6656 19.9726 18.7149 27.1182 14.5529 16.4185 11.4014 16.4949 10.5582 9.85287
threshold=3.5000000000000004 78.500000000000014 70.500000000000014 9.5000000000000018 -0.061784486499999992 6.5000000000000009 1.5000000000000002 125.50000000000001 13.162277814500001 14.184367035000003 0.29903316650000006 11.500000000000002 14.500000000000002 0.50429988100000012
decision_type=2 2 2 2 2 2 2 2 2 2 2 2 2 2
left_child=1 4 3 -2 12 -5 10 -8 -4 -10 11 -3 -1 -7
right_child=2 6 8 5 -6 13 7 -9 9 -11 -12 -13 -14 -15
leaf_value=0.0074802707750275099 -0.0077979519435275452 0.00013811855827214594 -0.0077979519435275452 -0.00010062738097876551 0.0042180070970775137 -0.00010062738097876551 0.00013811855827214594 -0.0032441322585948229 -0.0077979519435275452 -0.024726162361144118 0.00013811855827214594 0.0042180070970775137 0.023013613304817611 -0.0077979519435275452
leaf_weight=72.091017528437078 347.31074133235961 1368.7578554684296 1192.6830729674548 1962.600166933611 2288.9499982018024 118.77400211617351 3183.8494773786515 1421.2124924473464 71.710780574940145 94.392674012109637 5257.166513228789 1554.1942582335323 104.54417350655422 222.54031341522932
leaf_count=4289 3392 8058 9049 16249 17197 870 16204 9667 1664 5807 25396 10930 7444 5028
internal_value=-7.98673e-05 0.00075293 -0.00324413 -0.000899957 0.00517026 -0.000100627 -0.000100627 -0.00162939 -0.00779795 -0.0166481 0.000760471 0.00227994 0.0170543 -0.00753105
internal_weight=19260.8 15250.8 4010.01 2651.23 2465.59 2303.91 12785.2 4605.06 1358.79 166.103 8180.12 2922.95 176.635 341.314
internal_count=141244 99185 42059 25539 28930 22147 70255 25871 16520 7471 44384 18988 11733 5898
is_linear=0
shrinkage=0.03


Tree=149
num_leaves=15
num_cat=0
split_feature=6 9 6 7 8 8 6 7 7 0 9 6 8 6
split_gain=42.0682 39.0815 33.2417 29.6279 25.5189 18.419 17.4697 15.284 11.2373 10.1388 9.20645 17.5274 15.4422 8.88926
threshold=0.71742096600000005 1.5000000000000002 0.50817587900000005 0.057463586330413825 28.500000000000004 8.5000000000000018 1.3473912365000003 0.0094790998846292513 0.91358068585395824 46.500000000000007 1.0000000180025095e-35 0.87008944150000012 13.500000000000002 1.2123029215000003
decision_type=2 2 2 2 2 2 2 2 2 2 2 2 2 2
left_child=2 4 -1 7 6 -5 8 -3 10 -4 -2 -12 -13 -14
right_child=1 3 9 5 -6 -7 -8 -9 -10 -11 11 12 13 -15
leaf_value=0.027194599802193686 0.00066598092793511226 -0.023239822036820929 0.01341901310508657 -0.0084850462277185727 0.0050913371687576117 -0.00087024166963529134 -0.0025168405080196908 -0.0084850462277185727 0.0050913371687576117 0.0050913371687576117 0.0050635050020189287 -0.0025168405080196908 0.0014405845407025647 -0.0025168405080196908
leaf_weight=73.158465403132141 8745.2192709688097 97.400473761372268 128.44678335264325 395.07098499685526 636.87170832976699 1006.4574084095657 2456.4140844643116 156.62018301151693 381.00149365141988 171.03407330624759 396.30673828348517 2393.1212929934263 1714.2038636133075 468.33182424493134
leaf_count=8463 44585 5577 4103 2187 4384 5370 26345 2236 6034 6386 3142 11695 8145 2570
internal_value=-0.000180783 -0.000379333 0.00973337 -0.00477433 4.51724e-05 -0.00303928 -0.000184822 -0.0141038 0.000222248 0.00509134 8.0074e-05 -0.000950115 -0.00147593 0.000421964
internal_weight=19219.7 18847 372.639 1655.55 17191.5 1401.53 16554.6 254.021 14098.2 299.481 13717.2 4971.96 4575.66 2182.54
internal_count=141222 122270 18952 15370 106900 7557 102516 7813 76171 10489 70137 25552 22410 10715
is_linear=0
shrinkage=0.03


Tree=150
num_leaves=15
num_cat=0
split_feature=5 8 7 7 0 2 9 7 2 9 2 8 4 5
split_gain=49.5698 38.414 54.7482 38.1427 29.8578 24.6093 19.3106 17.6403 14.54 12.047 11.4788 10.3825 10.9897 8.89169
threshold=0.90944831050000008 12.500000000000002 0.94734600186347973 0.00066362155484966945 18.500000000000004 71.500000000000014 1.5000000000000002 0.99171382188797008 157.50000000000003 1.0000000180025095e-35 89.500000000000014 20.500000000000004 10.632245169500001 0.68178305500000003
decision_type=2 2 2 2 2 2 2 2 2 2 2 2 2 2
left_child=1 4 5 -2 -1 11 8 -4 13 10 -6 -3 -13 -7
right_child=3 2 7 -5 9 6 -8 -9 -10 -11 -12 12 -14 -15
leaf_value=0.00056869542351803632 -0.02699929670621071 0.0015847099604886779 0.0091208735424815283 -0.0039736000718327107 0.00056869542351803632 0.00094992105809461283 -0.0039736000718327107 0.026120931687618223 -0.0033483857593447934 -0.0039736000718327107 -0.0032175946721707256 0.0075935577322746271 0.0016589876197195066 -0.0033483857593447934
leaf_weight=3109.9625745802186 101.08061732258648 1803.1547456029803 229.05611408315599 171.62622920516878 655.38471950218081 6322.0447025913745 375.66685254871845 72.218917413149029 908.10842745006084 2843.6118140472099 1109.5913327485323 698.50574653036892 473.17005254607648 354.06787396967411
leaf_count=16629 9067 11780 6700 3482 6153 33796 2814 7334 5498 20396 6094 5053 2534 4131
internal_value=-0.000257843 -7.34704e-05 0.00104573 -0.0128407 -0.00170233 0.000695012 -0.000175465 0.0135559 0.000202564 -0.00323382 -0.00121737 0.00302057 0.00521417 0.000687721
internal_weight=19227.3 18954.5 11236 272.707 7718.55 10934.7 7959.89 301.275 7584.22 4608.59 1764.98 2974.83 1171.68 6676.11
internal_count=141461 128912 79640 12549 49272 65606 46239 14034 43425 32643 12247 19367 7587 37927
is_linear=0
shrinkage=0.03


Tree=151
num_leaves=15
num_cat=0
split_feature=3 4 7 7 8 3 2 2 2 3 6 8 3 2
split_gain=45.5975 43.201 38.9138 32.9082 30.4495 20.3144 25.3127 18.6881 15.801 20.0514 15.5406 11.7695 11.5001 10.9426
threshold=6.5000000000000009 6.602521008500001 0.015891017392277721 0.9930730164051057 19.500000000000004 3.5000000000000004 92.500000000000014 64.500000000000014 71.500000000000014 2.5000000000000004 1.1960797090000004 20.500000000000004 2.5000000000000004 143.50000000000003
decision_type=2 2 2 2 2 2 2 2 2 2 2 2 2 2
left_child=1 3 -2 11 5 6 -3 -7 -6 13 12 -1 -8 -10
right_child=2 4 -4 -5 8 7 10 -9 9 -11 -12 -13 -14 -15
leaf_value=0.0044550679307441407 -0.026595054465257204 0.002250043755024916 -0.005028564904116504 0.02464741194015798 0.0044550679307441407 -0.0012470257432285491 -0.00012987715496908764 -0.005028564904116504 0.0032029500549195277 -0.0044904909720179312 -0.0034271735143817524 0.011951185329738103 -0.0034271735143817524 -0.0013111389308459575
leaf_weight=698.66938909236342 91.35324517544359 2351.3110852260143 361.23752147890627 74.650433390401304 1290.9425774393603 1196.4264390459284 6133.9022348597646 1259.3640347095206 1615.796797953546 550.59708558861166 2206.4541086200625 185.27307970076799 551.90427406132221 685.3769630137831
leaf_count=13902 7794 13757 2663 8435 8924 7523 27925 11878 8513 4302 15544 4475 2550 3556
internal_value=-0.000267801 -4.00528e-05 -0.00962469 0.00614728 -0.000374106 -0.00105563 -0.000515026 -0.00352465 0.00187815 0.000627018 -0.00124703 0.00445507 -0.000525509 0.00185856
internal_weight=19253.3 18800.7 452.591 958.593 17842.1 13699.4 11243.6 2455.79 4142.71 2851.77 8892.26 883.942 6685.81 2301.17
internal_count=141741 131284 10457 26812 104472 79177 59776 19401 25295 16371 46019 18377 30475 12069
is_linear=0
shrinkage=0.03


Tree=152
num_leaves=15
num_cat=0
split_feature=5 7 5 6 8 3 2 1 3 2 8 5 2 8
split_gain=47.1982 43.5597 34.8504 35.8531 24.8801 22.147 32.9974 21.4098 20.7571 26.0172 15.2537 14.5942 14.4454 14.9209
threshold=0.89680939100000012 0.00066362155484966945 -0.018605590499999995 0.50817587900000005 13.500000000000002 5.5000000000000009 71.500000000000014 106.50000000000001 2.5000000000000004 104.50000000000001 24.500000000000004 0.25963224600000007 112.50000000000001 7.5000000000000009
decision_type=2 2 2 2 2 2 2 2 2 2 2 2 2 2
left_child=2 -2 3 -1 7 6 -6 12 9 -8 11 -11 13 -4
right_child=1 -3 4 -5 5 -7 8 -9 -10 10 -12 -13 -14 -15
leaf_value=0.027804630138974641 -0.027551801388034237 -0.0034279115832966845 -0.0034279115832966845 0.0043715209460671225 0.0043091132379599875 -0.0034279115832966845 0.0043091132379599875 0.00085831937927630943 -0.0029856461751896703 0.0033266729609318555 0.0039747792655604637 -0.0017750267275266232 -0.0034279115832966845 -5.781073535632436e-05
leaf_weight=68.622787112835795 100.68366337148473 190.50481031276286 696.07898793928325 304.8957229051739 2280.3838975951076 536.52655735425651 1314.5289158374071 2639.9287822768092 1483.8283514715731 601.81036068871617 676.68499073013663 2998.3348488584161 2353.9521987196058 2901.8418033886701
leaf_count=8461 9257 3798 4243 11023 15276 4148 8396 13191 9707 3489 3479 14885 14507 17476
internal_value=-0.000210758 -0.0120935 -2.41131e-05 0.00898706 -0.00020859 0.000817 0.00117511 -0.00138918 0.000162662 0.00100008 -0.000140779 -0.000918781 -0.00238594 -0.00109987
internal_weight=19148.6 291.188 18857.4 373.519 18483.9 9892.1 9355.57 8591.8 7075.19 5591.36 4276.83 3600.15 5951.87 3597.92
internal_count=141336 13055 128281 19484 108797 59380 55232 49417 39956 30249 21853 18374 36226 21719
is_linear=0
shrinkage=0.03


Tree=153
num_leaves=15
num_cat=0
split_feature=6 9 7 0 2 7 7 2 6 7 8 8 1 8
split_gain=37.3898 36.1183 60.3738 37.0206 26.3136 20.6427 20.1249 10.4905 16.8197 9.39028 8.50839 5.4898 2.64911 11.6717
threshold=0.85770178000000008 1.0000000180025095e-35 0.014124460052698852 35.500000000000007 51.500000000000007 0.98853343725204479 0.99444141983985912 90.500000000000014 1.4247411715000002 0.0081416801549494284 13.500000000000002 12.500000000000002 90.500000000000014 21.500000000000004
decision_type=2 2 2 2 2 2 2 2 2 2 2 2 2 2
left_child=5 7 3 -3 10 -1 -7 8 11 -5 -4 -2 13 -9
right_child=1 2 4 9 -6 6 -8 12 -10 -11 -12 -13 -14 -15
leaf_value=0.0033078943754175504 0.00021049606659825603 -0.0015650479735872401 -0.00112813810054217 -0.022935444867923521 -0.0015650479735872401 0.0033078943754175504 0.026796854401395405 -0.0022638086402887877 -3.4405213928578708e-06 -0.0085369060640629636 0.0033078943754175504 0.0033078943754175504 -3.4405213928578708e-06 -3.4405213928578708e-06
leaf_weight=1471.5812779720873 520.07292303815484 46.625592982396483 403.2054312415421 203.80076815094799 5898.8679807595909 42.19180488679558 64.319976463448256 2517.6144943805411 552.04333536839113 60.894690833985806 835.27248398028314 1880.6771725807339 3993.2226040363312 642.95312211290002
leaf_count=22135 2789 791 2299 11359 31850 2182 7978 14725 5530 1210 4902 10816 18950 3732
internal_value=-0.00015222 -0.000550266 -0.00213461 -0.0149613 -0.00156505 0.00426354 0.0167266 0.000617892 0.00212067 -0.0198427 0.00280016 0.00330789 -3.44052e-06 -0.000871291
internal_weight=19133.3 17555.3 7448.67 311.321 7137.35 1578.09 106.512 10106.6 2952.79 264.695 1238.48 2400.75 7153.79 3160.57
internal_count=141248 108953 52411 13360 39051 32295 10160 56542 19135 12569 7201 13605 37407 18457
is_linear=0
shrinkage=0.03


Tree=154
num_leaves=15
num_cat=0
split_feature=3 2 3 7 2 2 3 2 8 5 7 8 8 8
split_gain=41.6694 47.7618 41.9801 36.4949 34.084 24.6458 27.4088 11.9508 20.602 11.2868 22.3743 8.97607 5.76765 4.0865
threshold=6.5000000000000009 40.500000000000007 1.5000000000000002 0.015891017392277721 104.50000000000001 126.50000000000001 3.5000000000000004 69.500000000000014 12.500000000000002 0.019901647000000005 0.99444141983985912 24.500000000000004 17.500000000000004 12.500000000000002
decision_type=2 2 2 2 2 2 2 2 2 2 2 2 2 2
left_child=1 9 4 -2 13 6 -4 8 -8 10 12 -6 -1 -3
right_child=3 2 5 -5 11 -7 7 -9 -10 -11 -12 -13 -14 -15
leaf_value=0.005170311327649715 -0.026362698911073072 0.0038581649843848296 4.3340670345189339e-05 -0.0049416324421042747 4.3340670345189339e-05 -0.0049416324421042747 -0.0049416324421042747 -0.0049416324421042747 4.3340670345189339e-05 0.005170311327649715 0.027754996523759824 0.0038581649843848296 0.014700465670889909 0.005170311327649715
leaf_weight=62.857947159558535 86.256902041845024 360.95860264496878 4807.2026200797409 348.68812377657741 6653.0810919050127 1492.5577243668959 385.31070089805871 1212.5617623664439 807.49329834803939 1252.6577847572044 54.918102879077196 554.06182726472616 53.713979833759367 993.44389138091356
leaf_count=2404 7770 3676 28337 2604 33525 12041 2503 10823 5447 9313 7136 2831 2064 10646
internal_value=-0.000315153 -0.000100319 -0.000536409 -0.00944112 0.000954928 -0.00200286 -0.00126569 -0.0038765 -0.00157051 0.00517031 0.0128066 0.000132621 0.00517031 0.00517031
internal_weight=19125.8 18690.8 17266.7 434.945 8561.55 8705.13 7212.57 2405.37 1192.8 1424.15 171.49 7207.14 116.572 1354.4
internal_count=141120 130746 109829 10374 50678 59151 47110 18773 7950 20917 11604 36356 4468 14322
is_linear=0
shrinkage=0.03


Tree=155
num_leaves=15
num_cat=0
split_feature=5 7 5 7 9 2 4 2 6 2 0 0 9 9
split_gain=40.4663 39.9895 35.457 28.3003 26.831 18.9012 11.7435 8.05801 6.27954 10.8479 8.02414 4.15193 3.42811 3.40936
threshold=0.89680939100000012 0.00048736324242781853 -0.028848821499999996 0.99444141983985912 1.5000000000000002 40.500000000000007 11.561737805000002 40.500000000000007 1.2986457220000001 92.500000000000014 16.500000000000004 47.500000000000007 1.0000000180025095e-35 1.0000000180025095e-35
decision_type=2 2 2 2 2 2 2 2 2 2 2 2 2 2
left_child=2 -2 3 11 5 6 13 -6 -7 -10 -11 -1 -12 -4
right_child=1 -3 4 -5 7 8 -8 -9 9 10 12 -13 -14 -15
leaf_value=0.01069498937944967 -0.027452894436898179 -0.0034961697921336537 0.0053164282704379487 0.027465959122927715 0.0015476225363198078 -6.498472954522283e-05 -6.498472954522283e-05 -0.0034961697921336537 -6.498472954522283e-05 -6.498472954522283e-05 -0.0012608962686690231 0.0053164282704379487 -0.0034961697921336537 0.002536664894174125
leaf_weight=129.05486608389765 88.259078281931579 196.91770438943058 443.16938690654933 60.001550028566271 292.51074711047113 13031.783850966021 289.67254189867526 1286.0387024981901 1188.1816344698891 234.77281146496534 795.03836919553578 148.41688382532448 507.79562397580594 426.18266587518156
leaf_count=4770 8876 4174 3786 7914 1675 68507 1492 9372 7576 1835 6346 6189 5518 2960
internal_value=-0.000138054 -0.0112558 3.32412e-05 0.00959803 -0.00014383 0.000207504 0.00389651 -0.00349617 -6.49847e-05 -0.00150359 -0.0032261 0.00531643 -0.00349617 0.00531643
internal_weight=19117.8 285.177 18832.6 337.473 18495.1 16916.6 1159.02 1578.55 15757.6 2725.79 1537.61 277.472 1302.83 869.352
internal_count=140990 13050 127940 18873 109067 98020 8238 11047 89782 21275 13699 10959 11864 6746
is_linear=0
shrinkage=0.03


Tree=156
num_leaves=15
num_cat=0
split_feature=9 7 6 7 2 3 7 2 3 9 2 4 2 6
split_gain=44.4523 32.9162 32.359 31.0795 23.0978 25.695 12.5131 12.305 13.8211 11.843 10.6102 9.07964 8.309 13.7819
threshold=1.5000000000000002 0.057463586330413825 0.81920447200000013 0.99014618992805492 51.500000000000007 3.5000000000000004 0.0081416801549494284 92.500000000000014 1.5000000000000002 1.0000000180025095e-35 42.500000000000007 9.508954269000002 70.500000000000014 1.4638658240000002
decision_type=2 2 2 2 2 2 2 2 2 2 2 2 2 2
left_child=2 6 3 -1 -4 7 -2 9 -9 -6 -3 -12 -7 -14
right_child=1 10 4 -5 5 12 -8 8 -10 -11 11 -13 13 -15
leaf_value=0.0038237287656272142 -0.024205591361404086 0.0015505223856054349 0.003038699485848474 0.022413426519398226 0.003038699485848474 -0.0022720412622457063 -0.009570624321585109 0.00015629122263116754 -0.0022720412622457063 0.00015629122263116754 -0.002574902325707723 -0.0082773669379621207 -0.0038144008990011421 -0.01204655467057595
leaf_weight=816.68699565343559 83.974148524925113 329.35827723378316 1842.4225520417094 85.361059768125415 1730.2688190098852 655.8238671310246 159.42307180725038 7500.8621107917279 2929.495729546994 843.37583840079606 736.19300775695592 382.5113428235054 793.89088260661811 236.53192068776116
leaf_count=16776 5465 2649 13881 9181 10027 5008 2383 36767 16634 4449 3938 2409 4904 6827
internal_value=-0.000271347 -0.00490725 0.000179691 0.00569673 -0.000122958 -0.000520386 -0.0150054 -6.79607e-05 -0.000526498 0.0017878 -0.00316411 -0.00455286 -0.00399889 -0.00575313
internal_weight=19126.2 1691.46 17434.7 902.048 16532.7 14690.2 243.397 13004 10430.4 2573.64 1448.06 1118.7 1686.25 1030.42
internal_count=141298 16844 124454 25957 98497 84616 7848 67877 53401 14476 8996 6347 16739 11731
is_linear=0
shrinkage=0.03


Tree=157
num_leaves=15
num_cat=0
split_feature=5 7 6 6 9 6 2 2 1 6 0 2 2 7
split_gain=39.3427 37.023 30.177 28.3802 22.7912 18.9395 18.8036 18.3486 11.0841 9.48522 9.12171 6.45277 2.85137 3.36937
threshold=0.89680939100000012 0.00066362155484966945 0.70040526000000003 0.50817587900000005 1.0000000180025095e-35 1.1960797090000004 83.500000000000014 67.500000000000014 105.50000000000001 1.4392465905000003 45.500000000000007 169.50000000000003 36.500000000000007 0.87616533041000377
decision_type=2 2 2 2 2 2 2 2 2 2 2 2 2 2
left_child=2 -2 3 -1 6 8 9 -7 -6 12 -5 -8 -4 -14
right_child=1 -3 4 10 5 7 11 -9 -10 -11 -12 -13 13 -15
leaf_value=0.026654993633868928 -0.026322366467779634 -0.0033107749472284643 0.0037214708150714879 0.012745470242382199 -0.0002351982593192969 -0.0002351982593192969 5.3040029688892438e-05 -0.0033107749472284643 0.0036780710968911724 5.3040029688892438e-05 0.0037214708150714879 -0.0021871227841239564 0.0018568284806964629 0.0037214708150714879
leaf_weight=62.112574610393494 91.603952139150351 185.49839111976326 353.13516859058291 98.19007402844727 4297.3357265600935 1005.5663076909259 6957.1040343139321 1817.7983344169334 646.44067328423262 385.37264066655189 140.36676243878901 1152.2592660915107 1645.0840629320592 306.67533542588353
leaf_count=8438 9250 3820 3175 3563 23221 5812 37345 16135 3075 2384 5860 6337 8484 4669
internal_value=-0.000129039 -0.0112496 3.72242e-05 0.00938672 -0.000116668 -0.00135559 0.000774586 -0.00331077 -0.000235198 0.00294543 0.00443571 5.304e-05 0.00372147 0.00256093
internal_weight=19144.5 277.102 18867.4 300.669 18566.8 7767.14 10799.6 2823.36 4943.78 2690.27 238.557 8109.36 2304.89 1951.76
internal_count=141568 13070 128498 17861 110637 48243 62394 21947 26296 18712 9423 43682 16328 13153
is_linear=0
shrinkage=0.03


Tree=158
num_leaves=15
num_cat=0
split_feature=3 7 2 3 8 2 7 3 2 6 7 5 8 3
split_gain=41.0391 44.412 36.7273 28.1438 26.1691 24.7389 19.1564 15.3011 13.4365 12.8058 11.1843 11.0341 6.73328 6.29449
threshold=3.5000000000000004 0.005830856505781413 79.500000000000014 1.5000000000000002 7.5000000000000009 69.500000000000014 0.90599918365478527 5.5000000000000009 136.50000000000003 0.80840695200000012 0.092422004789114012 0.30246824300000003 20.500000000000004 6.5000000000000009
decision_type=2 2 2 2 2 2 2 2 2 2 2 2 2 2
left_child=2 7 3 9 -3 13 12 -2 -4 -1 -7 -10 -5 -6
right_child=1 4 8 6 5 10 -8 -9 11 -11 -12 -13 -14 -15
leaf_value=0.01974287522429137 -0.010328518451201803 -0.010328518451201803 0.00061549661364495678 0.00061549661364495678 -0.00023655158981597421 -0.010155942254469929 0.0096085839613487753 -0.023983794610085631 0.00061549661364495678 0.0096085839613487753 -0.0033346793769081944 -0.0014777231619829752 0.0042060515684299929 -0.0033346793769081944
leaf_weight=113.37322180857882 86.412472543306649 325.22933003073558 7184.0902248136699 1275.1786017492414 2000.7128659505397 301.64171360060573 265.20393510255963 114.85699539491907 986.33547929674387 370.08680110052228 765.40222369506955 4465.0347541477531 488.35120450891554 325.43161111138761
leaf_count=6253 3516 2561 40822 7574 15246 4041 9712 10057 4326 3044 3902 24496 2983 2699
internal_value=-0.000285636 -0.00301961 0.000422583 0.00373169 -0.00226468 -0.00147772 0.00216909 -0.0165737 -0.000236552 0.0101995 -0.00530135 -0.00135896 0.00102632 -0.000236552
internal_weight=19067.3 3919.69 15147.7 2512.19 3718.42 3393.19 2028.73 201.269 12635.5 483.46 1067.04 5451.37 1763.53 2326.14
internal_count=141232 42022 99210 29566 28449 25888 20269 13573 69644 9297 7943 28822 10557 17945
is_linear=0
shrinkage=0.03


Tree=159
num_leaves=15
num_cat=0
split_feature=3 2 8 2 3 2 5 0 9 5 2 5 8 8
split_gain=32.9716 40.3914 35.6589 30.6963 30.291 25.9225 20.4377 17.6772 11.1035 10.8694 6.3661 8.37911 5.18086 4.80552
threshold=6.5000000000000009 41.500000000000007 31.500000000000004 40.500000000000007 2.5000000000000004 89.500000000000014 0.51572324500000011 86.500000000000014 1.0000000180025095e-35 0.31494589350000007 155.50000000000003 0.39341633250000002 13.500000000000002 12.500000000000002
decision_type=2 2 2 2 2 2 2 2 2 2 2 2 2 2
left_child=2 -2 3 7 5 8 -3 9 -5 13 -7 -12 -10 -1
right_child=1 6 -4 4 -6 10 -8 -9 12 -11 11 -13 -14 -15
leaf_value=0.0086338020820033341 -0.0023031125639810033 -0.0036332788920244658 0.009927818473795513 0.0036483725085212776 -0.0023031125639810033 -0.00037561154229297076 -0.02975572048160794 0.0036483725085212776 -0.00037561154229297076 0.0036483725085212776 -0.00037561154229297076 -0.0023031125639810033 0.0036483725085212776 0.02388174263239758
leaf_weight=36.147846868727356 297.80786330159754 39.827305238693953 307.1714146300219 1198.2934976513498 5081.8933075461537 7495.2105644717813 89.683922451920807 1201.9475040291436 228.30202421173453 49.074856257066131 681.58527982234955 2080.8825669270009 244.54897827515379 66.824147164355963
leaf_count=1721 3856 294 2799 12417 37052 39149 6219 13729 2210 375 2806 12266 2394 4110
internal_value=-0.000316148 -0.00850682 -0.000126472 -0.000297298 -0.000643747 0.000189413 -0.0221562 0.00404163 0.00364837 0.0138005 -0.000375612 -0.00181455 -0.000375612 0.0191767
internal_weight=19099.2 427.319 18671.9 18364.7 17010.7 11928.8 129.511 1353.99 1671.14 152.047 10257.7 2762.47 472.851 102.972
internal_count=141397 10369 131028 128229 108294 71242 6513 19935 17021 6206 54221 15072 4604 5831
is_linear=0
shrinkage=0.03


Tree=160
num_leaves=15
num_cat=0
split_feature=5 7 4 7 2 3 2 8 3 3 2 8 1 5
split_gain=31.5102 42.9453 29.6592 28.767 22.504 29.4444 28.4916 15.4663 8.78867 5.98394 9.08688 14.5656 8.46762 3.30028
threshold=0.89680939100000012 0.00066362155484966945 5.8545401120000014 0.99444141983985912 34.500000000000007 2.5000000000000004 88.500000000000014 24.500000000000004 1.5000000000000002 1.5000000000000002 157.50000000000003 12.500000000000002 112.50000000000001 0.27640593200000008
decision_type=2 2 2 2 2 2 2 2 2 2 2 2 2 2
left_child=2 -2 3 8 -4 6 -6 9 -1 10 11 12 -8 -13
right_child=1 -3 4 -5 5 -7 7 -9 -10 -11 -12 13 -14 -15
leaf_value=0.012511719630944372 -0.027053227986629218 -0.00189780919848005 0.0040331594812978416 0.027702829909737266 0.0040331594812978416 -0.00189780919848005 -0.0016397178796720684 0.0039029038238816154 0.0040331594812978416 -0.0017843906262811049 -0.0016397178796720684 0.0036101301395079811 0.0017343454482384956 0.0013928869198808395
leaf_weight=107.77191446442157 86.148615362122655 187.7058724956587 1080.3983654808253 54.724356589838862 1564.6761261355132 5425.9849859280512 1529.0627778954804 780.48728581517935 176.1433504447341 2363.5238824822009 2227.4594776928425 895.00501368194818 716.19811860844493 1875.7992139048874
leaf_count=4432 9190 3851 7340 7899 11946 35893 7575 4257 6854 12603 11597 5747 3694 8516
internal_value=-0.000143738 -0.0101543 4.76638e-06 0.0087374 -0.000157764 -0.000419398 0.000424963 -0.00014469 0.00466567 -0.00047538 -4.73201e-05 0.000660737 -0.00113377 0.0021143
internal_weight=19071.1 273.854 18797.2 338.64 18458.6 17378.2 11952.2 10387.5 283.915 9607.05 7243.52 5016.07 2245.26 2770.8
internal_count=141394 13041 128353 19185 109168 101828 65935 53989 11286 49732 37129 25532 11269 14263
is_linear=0
shrinkage=0.03


Tree=161
num_leaves=15
num_cat=0
split_feature=3 7 8 2 3 4 5 2 2 8 1 3 7 8
split_gain=35.9545 34.606 30.8477 23.0544 19.9932 31.9152 16.9046 14.2905 12.9578 12.0872 11.2619 10.7502 9.59483 7.69269
threshold=6.5000000000000009 0.0218281289562583 19.500000000000004 57.500000000000007 3.5000000000000004 6.5616238320000013 0.52225941500000006 90.500000000000014 92.500000000000014 9.5000000000000018 108.50000000000001 1.5000000000000002 0.89749643206596386 24.500000000000004
decision_type=2 2 2 2 2 2 2 2 2 2 2 2 2 2
left_child=2 -2 4 6 5 -1 12 9 -7 -6 -10 -5 -4 -13
right_child=1 -3 3 11 7 8 -8 -9 10 -11 -12 13 -14 -15
leaf_value=0.0071057097416360425 -0.025442722140079563 -0.0042996805442275937 0.0074741567129963547 0.0019084846492768994 -0.0042996805442275937 0.0015573081079966178 0.0019084846492768994 -0.0042996805442275937 -0.0013643569577539761 -0.00043193643982610588 0.00074422147211976775 -0.0024692623635696001 0.017104774834606023 0.0019084846492768994
leaf_weight=524.47964493557811 83.711216416675597 338.80450342874974 436.87967442907393 1830.105233524926 409.41697436477989 2328.4243888519704 457.42239411175251 556.17723008338362 6245.953037623316 1562.0894848029129 2609.8472345024347 988.17233320698142 121.1440045600757 529.10652351379395
leaf_count=14379 7954 2441 3138 11366 3168 13816 3147 7103 33488 12365 12541 6593 6269 3525
internal_value=-0.000135479 -0.00873723 6.22215e-05 0.00226773 -0.00061423 -9.14062e-05 0.00621578 -0.00303109 -0.000431936 -0.00136436 -0.000955545 0.00106259 0.00969825 -0.000909933
internal_weight=19021.7 422.516 18599.2 4362.83 14236.4 11708.7 1015.45 2527.68 11184.2 1971.51 8855.8 3347.38 558.024 1517.28
internal_count=141293 10395 130898 34038 96860 74224 12554 22636 59845 15533 46029 21484 9407 10118
is_linear=0
shrinkage=0.03


Tree=162
num_leaves=13
num_cat=0
split_feature=3 2 4 6 6 8 2 2 0 6 8 8
split_gain=30.6208 37.3899 33.4515 29.4039 25.6147 20.6114 12.06 11.5431 9.08365 6.82067 5.03023 1.12566
threshold=6.5000000000000009 22.500000000000004 9.5392307690000013 0.70851723650000009 0.50817587900000005 30.500000000000004 41.500000000000007 40.500000000000007 44.500000000000007 1.4555363305000002 20.500000000000004 13.500000000000002
decision_type=2 2 2 2 2 2 2 2 2 2 2 2
left_child=3 -2 -3 4 -1 7 -4 9 -6 10 11 -5
right_child=1 2 6 5 8 -7 -8 -9 -10 -11 -12 -13
leaf_value=0.026709742028828646 -0.00018131680225029961 -0.00018131680225029961 -0.013111039439049035 0.0034054333214157476 0.013563881339096643 0.00472347596090519 -0.029706517631001166 -0.00018131680225029961 0.00472347596090519 -0.00018131680225029961 0.00472347596090519 0.0007952345227156953
leaf_weight=55.071449525188655 190.07666592206806 55.914204294793308 87.949457845650613 262.13110068626702 101.03387466166168 387.78072132728994 95.118043040856719 16667.218937806785 146.59904367756099 323.52711507771164 266.93144240789115 344.67743678577244
leaf_count=8246 1846 345 1909 1968 3643 2629 6426 100488 6247 2589 2205 2729
internal_value=-0.000365622 -0.00824216 -0.0161037 -0.000181317 0.00909249 -0.000181317 -0.0222942 -0.000181317 0.00472348 0.00300943 0.00439198 0.00194141
internal_weight=18984 429.058 238.982 18555 302.704 18252.3 183.068 17864.5 247.633 1197.27 873.74 606.809
internal_count=141270 10526 8680 130744 18136 112608 8335 109979 9890 9491 6902 4697
is_linear=0
shrinkage=0.03


Tree=163
num_leaves=12
num_cat=0
split_feature=3 5 2 5 5 8 2 2 5 8 8
split_gain=40.0028 32.1155 37.9973 27.1961 22.1331 17.1817 12.563 7.66527 7.34255 6.65263 0.832414
threshold=6.5000000000000009 0.33708236500000005 21.500000000000004 -0.028848821499999996 -0.39709158049999999 30.500000000000004 33.500000000000007 41.500000000000007 0.60011374050000021 18.500000000000004 18.500000000000004
decision_type=2 2 2 2 2 2 2 2 2 2 2
left_child=3 -2 -3 4 -1 6 8 -4 10 -6 -5
right_child=1 2 7 5 9 -7 -8 -9 -10 -11 -12
leaf_value=0.026352807870507262 0.00010621109106346215 -0.00076655808634075266 -0.01449706839171273 0.0031664699134062355 0.0051684309022415834 0.0051684309022415834 0.00010621109106346215 -0.027371963274591321 0.00010621109106346215 0.013729182234174108 0.0051684309022415834
leaf_weight=49.611960268579423 88.933086653240025 128.34441250795498 105.355894878041 312.16084167174995 180.8618151601404 391.96898496244103 17096.408093545586 105.196431403514 259.49044841062278 78.520576337818056 257.50285499356687
leaf_count=7712 789 1166 2052 2394 7262 2656 103348 6430 1913 3671 2133
internal_value=-0.000103271 -0.0091194 -0.0137202 0.000106211 0.00893526 0.000106211 0.000106211 -0.0214154 0.00403892 0.00516843 0.00516843
internal_weight=19054.4 427.83 338.897 18626.5 308.994 18317.5 17925.6 210.552 829.154 259.382 569.664
internal_count=141526 10437 9648 131089 18645 112444 109788 8482 6440 10933 4527
is_linear=0
shrinkage=0.03


Tree=164
num_leaves=9
num_cat=0
split_feature=3 2 4 6 6 0 2 3
split_gain=27.7715 30.225 32.1187 26.625 26.3139 18.2645 12.8448 2.1664
threshold=6.5000000000000009 22.500000000000004 9.5392307690000013 0.70851723650000009 0.50817587900000005 45.500000000000007 41.500000000000007 2.5000000000000004
decision_type=2 2 2 2 2 2 2 2
left_child=3 -2 -3 4 -1 -6 -4 -7
right_child=1 2 6 -5 5 7 -8 -9
leaf_value=0.027093658963732354 -6.417029012664086e-06 -6.417029012664086e-06 -0.011948635059298754 -6.417029012664086e-06 0.014048355818932726 0.0070665147986940548 -0.029091661981649891 -6.417029012664086e-06
leaf_weight=53.033638737164438 187.41596359293908 56.870652157813311 87.471756580285728 18307.578295707703 103.64980793464929 56.754684734158218 89.625772853847593 84.015157112851739
leaf_count=8345 1856 344 1904 112779 3822 3053 6375 2989
internal_value=-0.000179907 -0.00774998 -0.0148665 -6.41703e-06 0.00889454 0.00448176 -0.021185 -6.41703e-06
internal_weight=19026.4 421.384 233.968 18605 297.453 244.42 177.098 140.77
internal_count=141467 10479 8623 130988 18209 9864 8279 6042
is_linear=0
shrinkage=0.03


Tree=165
num_leaves=15
num_cat=0
split_feature=6 9 2 3 3 2 3 2 4 6 2 6 4 0
split_gain=32.4867 25.453 29.0059 33.3898 17.2128 14.5551 14.6146 13.7574 15.8064 9.89324 10.3604 10.6366 7.8153 6.82071
threshold=1.8675886035000002 1.5000000000000002 59.500000000000007 2.5000000000000004 3.5000000000000004 115.50000000000001 1.5000000000000002 22.500000000000004 16.890598290500005 0.99081415700000008 140.50000000000003 1.2081330280000002 6.2360681115000007 22.500000000000004
decision_type=2 2 2 2 2 2 2 2 2 2 2 2 2 2
left_child=1 2 3 12 5 -4 9 -2 -9 -7 -11 -12 -1 -3
right_child=7 13 4 -5 -6 6 -8 8 -10 10 11 -13 -14 -15
leaf_value=0.017898410379449278 -0.0035691156859557417 0.0011997345529419796 0.0014421995342983147 0.0016243455741022943 -0.0033390975336020645 0.0014421995342983147 -0.0032240232393064778 -0.005720573042418832 -0.022675432179818673 0.0014421995342983147 -0.00043341753992222543 -0.0032240232393064778 0.0082255570614606123 -0.0035691156859557417
leaf_weight=95.190633771009743 96.830402305349708 267.72661071596667 5185.5524515192956 2055.8390551139601 1355.8644484058022 1772.3622467294335 1534.6685071345419 102.56559745268896 99.543995053507388 1254.0067517980933 2457.7246725261211 997.0064981430769 409.56467195041478 1323.6220913091674
leaf_count=7495 1507 1714 33776 18700 10802 9117 9684 2897 8364 5663 10506 6632 3703 10889
internal_value=-0.000104117 5.39263e-05 0.000391685 0.00333287 -0.000126633 0.000204448 -0.000596677 -0.0098334 -0.0144171 2.74614e-05 -0.000713068 -0.00156229 0.0102074 -0.00356912
internal_weight=19008.1 18709.1 17117.8 2560.59 14557.2 13201.3 8015.77 298.94 202.11 6481.1 4708.74 3454.73 504.755 1591.35
internal_count=141449 128681 116078 29898 86180 75378 41602 12768 11261 31918 22801 17138 11198 12603
is_linear=0
shrinkage=0.03


Tree=166
num_leaves=13
num_cat=0
split_feature=3 2 4 8 2 0 5 2 8 9 2 8
split_gain=29.8045 31.0175 32.7915 22.0436 11.3903 12.0455 10.4023 8.62309 5.2552 3.64484 3.24588 2.08736
threshold=6.5000000000000009 22.500000000000004 9.2750190985000014 27.500000000000004 40.500000000000007 86.500000000000014 0.30880988100000006 42.500000000000007 12.500000000000002 1.0000000180025095e-35 61.500000000000007 13.500000000000002
decision_type=2 2 2 2 2 2 2 2 2 2 2 2
left_child=3 -2 -3 4 5 6 8 -4 -1 -7 -5 -11
right_child=1 2 7 10 -6 9 -8 -9 -10 11 -12 -13
leaf_value=0.0063682090005576829 0.0001085641944906927 0.0001085641944906927 -0.013949438982828733 0.007844841171235753 0.0001085641944906927 0.0020293354248105112 0.0020293354248105112 -0.028769087606980055 0.022376713977471673 0.0001085641944906927 0.0036997327273780895 0.0020293354248105112
leaf_weight=33.763396674301475 189.0913886227645 53.455468037165701 89.653956982307136 248.92651738598943 16494.972760162782 476.25659077148885 47.258557945489883 83.634978656191379 57.03923212736845 210.53402073308825 581.4514201451093 426.07386595802382
leaf_count=1742 1858 314 2000 3371 105167 6354 336 6245 3769 2031 3794 4363
internal_value=-7.02593e-05 -0.00796507 -0.0153455 0.000108564 0.000108564 0.00309285 0.011295 -0.0217081 0.0170673 0.00202934 0.00498185 0.000108564
internal_weight=18992.1 415.836 226.744 18576.3 17745.9 1250.93 138.061 173.289 90.8026 1112.86 830.378 636.608
internal_count=141344 10417 8559 130927 123762 18595 5847 8245 5511 12748 7165 6394
is_linear=0
shrinkage=0.03


Tree=167
num_leaves=15
num_cat=0
split_feature=3 2 6 6 5 2 3 3 2 6 2 0 3 6
split_gain=27.0443 31.8037 21.0193 25.6196 15.2926 15.2293 28.0499 11.3748 11.1939 13.3348 9.2861 7.29484 4.80111 5.48873
threshold=6.5000000000000009 44.500000000000007 0.70851723650000009 0.50817587900000005 0.50092236850000005 69.500000000000014 2.5000000000000004 2.5000000000000004 138.50000000000003 1.2041840300000002 32.500000000000007 46.500000000000007 1.5000000000000002 1.233428975
decision_type=2 2 2 2 2 2 2 2 2 2 2 2 2 2
left_child=2 -2 3 -1 -3 7 8 -4 12 -10 -9 -5 -7 -14
right_child=1 4 5 11 -6 6 -8 10 9 -11 -12 -13 13 -15
leaf_value=0.026396362932338852 -0.002717749338011314 -0.0042381153851653265 0.0036351127275606413 0.011460881271200892 -0.029238448111678542 0.0016229993236044965 -0.002717749338011314 0.0036351127275606413 0.00011202345902877633 -0.002717749338011314 0.00017803188482357136 0.0036351127275606413 0.0016229993236044965 0.00011202345902877633
leaf_weight=50.389275518711656 306.55374218244106 33.887644542381167 743.6478144461289 103.2811574107036 69.97222087951377 3919.8396700546145 3291.7615734571591 758.4841771479696 3548.4879079833627 1384.9158082455397 2179.4396774489433 134.8672521430999 1978.0878592133522 479.30262409895658
leaf_count=8254 4128 257 7063 3864 5968 23041 25074 5862 15414 9857 14101 5918 9715 2738
internal_value=-0.000141506 -0.00771185 2.78138e-05 0.00799198 -0.0216506 -0.000100019 -0.000534835 0.001623 0.000178032 -0.000894487 0.000707195 0.00363511 0.00100778 0.000112023
internal_weight=18982.9 410.414 18572.5 288.538 103.86 18284 14602.4 3681.57 11310.6 4933.4 2937.92 238.148 6377.23 2457.39
internal_count=141254 10353 130901 18036 6225 112865 85839 27026 60765 25271 19963 9782 35494 12453
is_linear=0
shrinkage=0.03


Tree=168
num_leaves=15
num_cat=0
split_feature=8 7 3 2 2 0 2 8 2 3 2 3 5 5
split_gain=29.1066 29.2038 22.2846 39.619 21.7359 18.3349 28.6775 24.4427 10.9929 9.20731 13.9483 8.44598 7.20239 6.18311
threshold=12.500000000000002 0.94734600186347973 5.5000000000000009 52.500000000000007 73.500000000000014 21.500000000000004 135.50000000000003 5.5000000000000009 139.50000000000003 3.5000000000000004 95.500000000000014 6.5000000000000009 0.16738842100000004 -0.20019199749999997
decision_type=2 2 2 2 2 2 2 2 2 2 2 2 2 2
left_child=5 2 8 11 13 12 7 -7 -2 -9 -11 -4 -1 -3
right_child=1 4 3 -5 -6 6 -8 9 -10 10 -12 -13 -14 -15
leaf_value=0.003900092809778957 0.00079220236861177597 0.022478911029240784 0.00079220236861177597 -0.019284168703038878 0.00079220236861177597 -0.0099386537948605649 -0.0099386537948605649 -0.00039117108417931055 -0.0011736716015518095 -0.0021132009341101095 -0.0099386537948605649 -0.0052812867947378515 -0.00039117108417931055 0.010908143092836324
leaf_weight=372.4878302924335 8209.2834234787151 67.681857175659388 283.2612324161455 131.24720292491838 44.368610057979822 307.18640654906631 470.0909218210727 2460.9552856157534 2155.41762653552 957.70343453204259 193.57130640232936 258.43254173547029 2921.7169024124742 151.88931918982416
leaf_count=3735 51344 8419 2327 4689 1104 2500 4298 16224 12346 9469 2905 3547 14160 4486
internal_value=-0.000282396 0.000686087 0.000447886 -0.00482203 0.0104538 -0.00170641 -0.0029748 -0.00212796 0.000792202 -0.00142949 -0.0036377 -0.00117367 -1.43358e-05 0.0148959
internal_weight=18985.3 11301.6 11037.6 672.941 263.94 7683.71 4389.51 3919.42 10364.7 3612.23 1151.27 541.694 3294.2 219.571
internal_count=141553 88262 74253 10563 14009 53291 35396 31098 63690 28598 12374 5874 17895 12905
is_linear=0
shrinkage=0.03


Tree=169
num_leaves=13
num_cat=0
split_feature=3 2 6 2 3 7 2 5 2 6 3 9
split_gain=28.8746 25.8623 36.9746 20.9011 16.8584 16.5853 8.56703 8.21203 6.03151 8.57477 4.32671 0.464239
threshold=6.5000000000000009 21.500000000000004 1.1397189535000003 51.500000000000007 2.5000000000000004 0.92859610915184032 42.500000000000007 -1.0000000180025095e-35 33.500000000000007 1.4555363305000002 5.5000000000000009 1.0000000180025095e-35
decision_type=2 2 2 2 2 2 2 2 2 2 2 2
left_child=3 -2 -3 4 5 -1 -4 -7 9 10 -6 -10
right_child=1 2 6 -5 8 7 -8 -9 11 -11 -12 -13
leaf_value=0.0041602094536239715 -7.3320906836807045e-05 -7.3320906836807045e-05 -0.014262019936243384 -7.3320906836807045e-05 0.0041602094536239715 0.025651055222071735 -0.028970131313474343 0.0085876411933767487 -7.3320906836807045e-05 9.3953954807287515e-05 9.3953954807287515e-05 9.3953954807287515e-05
leaf_weight=236.61453840695322 179.52855497039855 53.563628709875047 96.49465995375067 16383.820094527677 485.74469714146107 57.997293896507472 79.305250472854823 55.088614135980606 437.85492338007316 226.89599451888353 142.98820597259328 549.56667761970311
leaf_count=1865 1753 332 2110 102660 8669 6171 6218 1147 3390 1828 1248 4162
internal_value=-0.000247952 -0.00808497 -0.0146566 -7.33209e-05 0.00285229 0.00884446 -0.0215147 0.0180544 0.00169449 0.00353028 0.00416021 9.3954e-05
internal_weight=18985.5 408.892 229.364 18576.6 2192.75 349.7 175.8 113.086 1843.05 855.629 628.733 987.422
internal_count=141553 10413 8660 131140 28480 9183 8328 7318 19297 11745 9917 7552
is_linear=0
shrinkage=0.03


Tree=170
num_leaves=15
num_cat=0
split_feature=9 5 8 0 8 6 8 5 3 3 6 8 6 0
split_gain=30.1617 20.46 18.867 24.7665 28.84 13.9739 13.7565 9.37646 9.18013 8.96252 7.8266 7.81922 9.68023 6.29175
threshold=1.0000000180025095e-35 0.038590396500000006 13.500000000000002 11.500000000000002 5.5000000000000009 0.84921726950000009 29.500000000000004 0.59633849200000011 2.5000000000000004 2.5000000000000004 1.3841625295000002 17.500000000000004 0.63423049300000012 83.500000000000014
decision_type=2 2 2 2 2 2 2 2 2 2 2 2 2 2
left_child=1 11 3 -2 -5 -4 9 13 -7 -3 -10 -1 -13 -6
right_child=2 6 5 4 7 8 -8 -9 10 -11 -12 12 -14 -15
leaf_value=0.0063151536079422439 0.0036718984328832634 0.0010101487102851148 0.006861097556278198 -0.01173702137574599 -0.0015637476296413548 0.0011667883883991639 0.0063151536079422439 -0.0063856752945199175 -0.00046203705993625956 -0.001066180756876109 -0.0044662816895410535 0.025767944390150583 0.0080508860947716074 -0.0059775140605839135
leaf_weight=185.89163103606552 456.25042014289647 7842.42659028247 246.92205045279115 358.5296695982106 2419.0568363717757 1691.8401191588491 376.77827917644754 549.35370064200833 1265.4377649575472 2452.3206739393063 669.02832492766902 40.60183873353526 90.706672685220838 326.7270182389766
leaf_count=7486 2557 42575 6046 2847 14506 8855 2520 9710 6736 17704 10329 4542 2581 2621
internal_value=-7.12458e-05 0.000948139 -0.00147413 -0.00288864 -0.00371179 2.86021e-05 0.000722904 -0.00282214 -0.000445442 0.000515267 -0.00185484 0.00839687 0.0142734 -0.00209886
internal_weight=18971.9 10988.7 7983.15 4109.92 3653.67 3873.23 10671.5 3295.14 3626.31 10294.7 1934.47 317.2 131.309 2745.78
internal_count=141615 77408 64207 32241 29684 31966 62799 26837 25920 60279 17065 14609 7123 17127
is_linear=0
shrinkage=0.03


Tree=171
num_leaves=15
num_cat=0
split_feature=3 7 2 3 9 7 2 3 2 8 5 5 7 8
split_gain=26.4259 31.756 30.3209 22.7871 21.9235 19.7939 11.9758 12.4728 7.70758 6.77513 6.32205 3.04178 2.89821 0.715147
threshold=3.5000000000000004 0.0081416801549494284 78.500000000000014 1.5000000000000002 1.0000000180025095e-35 0.90185368061065685 127.50000000000001 1.0000000180025095e-35 169.50000000000003 11.500000000000002 0.089179457000000018 0.82695023850000016 0.0026076341746374969 4.5000000000000009
decision_type=2 2 2 2 2 2 2 2 2 2 2 2 2 2
left_child=2 4 3 10 -2 -5 -4 8 -8 -7 -1 -6 -13 -10
right_child=1 -3 6 5 11 9 7 -9 13 -11 -12 12 -14 -15
leaf_value=0.017132690334018975 -0.0017804322707463732 -0.0017804322707463732 0.00074176998151069735 0.00079423991780312557 -0.011409293263681172 0.00079423991780312557 0.00074176998151069735 -0.0017804322707463732 -0.0017804322707463732 0.0094867236885294772 0.0094867236885294772 -0.026544161899031953 -0.011409293263681172 -0.00067569201771175598
leaf_weight=100.02486535487697 62.690304426476359 3654.3872572020628 5934.3310178499669 1671.1211853371933 44.37469216901809 66.186006269417703 2470.1821320615709 3237.8071616645902 476.46152205020189 199.63531544152647 349.80603308603168 73.139113144949079 26.557979946956038 574.1208865121007
leaf_count=6213 3532 27673 34633 9963 1741 2166 11094 18967 2440 7835 2936 8057 951 3100
internal_value=-0.000224758 -0.00243755 0.000342448 0.00344091 -0.0137355 0.00201604 -0.000241313 -0.00110441 0.00023576 0.00948672 0.00948672 -0.0200969 -0.0232342 -0.00178043
internal_weight=18940.8 3861.15 15079.7 2386.77 206.762 1936.94 12692.9 6758.57 3520.76 265.821 449.831 144.072 99.6971 1050.58
internal_count=141301 41954 99347 29113 14281 19964 70234 35601 16634 10001 9149 10749 9008 5540
is_linear=0
shrinkage=0.03


Tree=172
num_leaves=15
num_cat=0
split_feature=5 5 2 3 2 0 0 3 2 6 2 6 2 3
split_gain=26.5994 27.3506 20.5465 20.6107 30.3425 13.0762 9.18463 8.50503 11.2981 7.47624 4.76984 4.20168 1.98339 0.602462
threshold=0.88363422450000007 1.0447265885000003 33.500000000000007 3.5000000000000004 78.500000000000014 94.500000000000014 87.500000000000014 1.5000000000000002 124.50000000000001 1.4102525230000003 24.500000000000004 1.2788972875000002 59.500000000000007 2.5000000000000004
decision_type=2 2 2 2 2 2 2 2 2 2 2 2 2 2
left_child=2 12 5 4 9 6 -1 -6 11 -4 -3 13 -2 -9
right_child=1 10 3 -5 7 -7 -8 8 -10 -11 -12 -13 -14 -15
leaf_value=0.018707227675689237 -0.0021498431402727065 -0.0094662191640104039 0.003434324273756709 -0.0021498431402727065 0.00012487873428100929 0.003434324273756709 0.003434324273756709 0.00012487873428100929 -0.0021498431402727065 0.00012487873428100929 -0.02561635904274151 -0.0021498431402727065 -0.0068993491155861864 -0.00073008989236777175
leaf_weight=82.094510015565902 108.04632203653455 31.78375606238842 1867.7730116550811 2793.9655166342854 8085.8921100459993 980.83024147711694 57.332030614838004 1567.2700521815568 1444.4517778772861 227.91096673905849 70.691590058617294 587.36796330288053 75.156605567783117 953.5444546379149
leaf_count=4664 1619 1231 19260 20952 44122 10241 2012 7631 9758 1108 7492 3688 3332 4328
internal_value=-0.000255065 -0.00926025 -0.000114668 -0.000366839 9.5558e-05 0.00381504 0.012546 -0.000459206 -0.00149559 0.00343432 -0.0212807 -0.000174932 -0.00214984 0.000124879
internal_weight=18934.1 285.678 18648.4 17528.2 14734.2 1120.26 139.427 12638.5 4552.63 2095.68 102.475 3108.18 183.203 2520.81
internal_count=141438 13674 127764 110847 89895 16917 6676 69527 25405 20368 8723 15647 4951 11959
is_linear=0
shrinkage=0.03


Tree=173
num_leaves=15
num_cat=0
split_feature=9 8 7 7 2 6 2 6 9 8 1 2 2 0
split_gain=23.1444 19.6225 17.9284 15.9417 15.2649 10.6883 12.3735 13.7157 26.2049 9.9652 8.93167 7.14851 5.17373 6.82633
threshold=1.5000000000000002 28.500000000000004 0.050251806154847152 0.0068920620251446971 26.500000000000004 0.98754317800000002 110.50000000000001 1.2081330280000002 1.0000000180025095e-35 9.5000000000000018 109.50000000000001 101.50000000000001 13.500000000000002 113.50000000000001
decision_type=2 2 2 2 2 2 2 2 2 2 2 2 2 2
left_child=1 4 3 -2 12 10 -7 -8 -9 -4 -6 -11 13 -1
right_child=2 -3 9 -5 5 6 7 8 -10 11 -12 -13 -14 -15
leaf_value=0.015281568580674377 -0.0233001921609194 0.0054060432461249001 -0.0054566791140698134 -0.0054566791140698134 0.00052572508313514872 0.00052572508313514872 -0.00048276435095754921 -0.00095828850915026086 -0.0079820639122168986 0.0016536623883217905 0.0037795753245072092 -0.0036951234119041846 0.0037795753245072092 0.0037795753245072092
leaf_weight=83.094324090518057 65.900698771700263 641.50267460988835 506.52458998421207 135.8776315273717 3298.8207525815815 5264.0778314792551 4445.5061272569001 1364.3543664654717 732.2801647814922 578.669911689125 936.00326001085341 360.90175211057067 385.80128081189469 97.959422418382019
leaf_count=4108 5296 5821 3196 2296 31493 33468 19393 10091 7524 3967 5736 2017 5883 1018
internal_value=-4.65128e-05 0.000278362 -0.00343775 -0.0117069 7.87311e-05 -9.2941e-05 -0.000556735 -0.00142746 -0.0034246 -0.00224757 0.0011992 -0.00040956 0.0048951 0.00918657
internal_weight=18897.3 17249.4 1647.87 201.778 16607.9 16041 11806.2 6542.14 2096.63 1446.1 4234.82 939.572 566.855 181.054
internal_count=141307 124535 16772 7592 118714 107705 70476 37008 17615 9180 37229 5984 11009 5126
is_linear=0
shrinkage=0.03


Tree=174
num_leaves=15
num_cat=0
split_feature=3 8 5 0 8 8 6 3 8 6 6 9 4 8
split_gain=31.075 24.1475 21.7683 21.5724 28.5353 17.1256 12.3841 12.0771 10.3727 8.58415 4.79547 5.16659 3.75871 3.18613
threshold=6.5000000000000009 12.500000000000002 0.038590396500000006 13.500000000000002 6.5000000000000009 30.500000000000004 0.63423049300000012 7.5000000000000009 17.500000000000004 1.1686872315000001 1.3357009595000002 1.0000000180025095e-35 9.2750190985000014 24.500000000000004
decision_type=2 2 2 2 2 2 2 2 2 2 2 2 2 2
left_child=1 3 6 9 12 10 8 -2 -3 -1 13 -12 -5 -4
right_child=7 2 5 4 -6 -7 -8 -9 -10 -11 11 -13 -14 -15
leaf_value=0.0017110801434658839 -0.0079249145365566428 0.0068704049287010823 0.00054511759498531277 -0.0050786938957747977 -0.0015252558450320679 0.0068704049287010823 0.0068704049287010823 -0.01663639618603438 0.025607893064318165 -0.0015252558450320679 0.00048269224511781933 -0.0025872577123548651 -0.0079249145365566428 0.0024415731455892159
leaf_weight=2183.0262679690495 257.47835411457345 38.291034520603716 7403.5531777050346 451.34724570764229 4135.2464056890458 380.90004906151444 214.8356441501528 143.5384662328288 57.55939091462642 530.09505189955235 1101.9868372539058 886.46044443175197 283.69578542839736 889.42996822670102
leaf_count=11152 4593 3552 40115 2898 29660 2516 5687 5846 6419 3349 9120 9263 2327 5105
internal_value=-0.000183236 -3.59443e-06 0.000895918 -0.0013049 -0.00249825 0.000665727 0.00866008 -0.00839346 0.0179557 0.000837929 0.000432633 -0.000888965 -0.00792491 0.000749863
internal_weight=18957.4 18556.4 10973 7583.41 4870.29 10662.3 310.686 401.017 95.8504 2713.12 10281.4 1988.45 735.043 8292.98
internal_count=141602 131163 81777 49386 34885 66119 15658 10439 9971 14501 63603 18383 5225 45220
is_linear=0
shrinkage=0.03


Tree=175
num_leaves=14
num_cat=0
split_feature=3 7 7 5 8 8 4 0 8 6 1 6 8
split_gain=27.3768 20.1373 26.6743 15.2487 11.4843 9.00274 7.33513 7.39327 6.44853 8.83994 2.86261 0.848027 0.476897
threshold=1.5000000000000002 0.010837605223059656 7.2975122748175649e-05 0.07645652800000001 21.500000000000004 19.500000000000004 7.4009345795000012 86.500000000000014 17.500000000000004 0.73300804500000016 64.500000000000014 1.3473912365000003 12.500000000000002
decision_type=2 2 2 2 2 2 2 2 2 2 2 2 2
left_child=3 2 -2 8 6 10 7 -3 12 -10 -4 -6 -1
right_child=1 4 5 -5 11 -7 -8 -9 9 -11 -12 -13 -14
leaf_value=0.0085037302204934405 -0.026712866130091939 0.00083400403523308767 -0.010919289160333712 0.00083400403523308767 0.00083400403523308767 -0.0014259696214051071 -0.0014259696214051071 -0.0014259696214051071 0.01272888423534742 0.00083400403523308767 -0.0028510166416644317 -0.00059486458469419602 0.012695008919891034
leaf_weight=149.19956457382068 54.221061291638762 905.58369780378416 140.9796961019747 8184.8600944653153 1155.9747248431668 79.759204821195453 7212.1451251152903 181.0673616277054 51.585028065368533 65.57337779738009 60.386043739505112 566.07561598159373 76.281867576297373
leaf_count=3447 7645 11565 5618 42718 9837 2470 40829 5176 3468 1093 1276 3577 2630
internal_value=-0.000162536 -0.0011988 -0.00837613 0.00109592 -0.000954555 -0.00443449 -0.00142597 0.000834004 0.00725045 0.00145221 -0.00862746 0.000834004 0.0101663
internal_weight=18883.7 10356.2 335.346 8527.5 10020.8 281.125 8298.8 1086.65 342.64 117.158 201.366 1722.05 225.481
internal_count=141349 87993 17009 53356 70984 9364 57570 16741 10638 4561 6894 13414 6077
is_linear=0
shrinkage=0.03


Tree=176
num_leaves=15
num_cat=0
split_feature=9 7 8 8 6 7 7 7 8 6 8 0 8 6
split_gain=24.0083 25.0779 23.03 12.9419 11.464 10.1956 14.5483 10.0543 7.8872 9.65377 6.55945 6.37999 7.89986 5.1545
threshold=1.5000000000000002 0.057463586330413825 28.500000000000004 8.5000000000000018 0.81398659250000016 0.98853343725204479 0.9930730164051057 0.0068920620251446971 11.500000000000002 1.3655234680000004 19.500000000000004 9.5000000000000018 5.5000000000000009 1.1466360795000001
decision_type=2 2 2 2 2 2 2 2 2 2 2 2 2 2
left_child=2 7 4 -3 5 -1 -7 -2 11 -10 -11 13 -13 -6
right_child=1 3 -4 -5 8 6 -8 -9 9 10 -12 12 -14 -15
leaf_value=0.0023078273382291297 -0.022798229666420849 -0.0067466935430896303 0.0056947084018428287 -0.0004163830851895776 0.0010189448895653026 0.0023078273382291297 0.02410895951534768 -0.0084457307130596532 0.00060883397216123859 -0.0033970296636316928 0.00040075974868140928 -0.0063426211128491256 -0.001514187121723137 -0.001514187121723137
leaf_weight=696.55575936194509 63.54905596608296 401.17505409475416 633.00732137868181 1024.6354955742136 1579.3876336701214 25.898975655902177 44.113355164416134 154.73637884389609 8637.5901185469702 1009.0186271453276 684.73695657355711 333.9618958691135 3121.9505765927024 495.00902701355517
leaf_count=14990 5343 2509 5789 6458 7021 1456 7249 2529 45312 11881 6892 2020 19115 2936
internal_value=-0.000229116 -0.00368744 0.000101255 -0.00221487 -0.000113326 0.00345774 0.0139819 -0.0130411 -0.000286945 0.000202554 -0.00186503 -0.00120075 -0.00198927 0.000114539
internal_weight=18905.3 1644.1 17261.2 1425.81 16628.2 766.568 70.0123 218.285 15861.7 10331.3 1693.76 5530.31 3455.91 2074.4
internal_count=141500 16839 124661 8967 118872 23695 8705 7872 95177 64085 18773 31092 21135 9957
is_linear=0
shrinkage=0.03


Tree=177
num_leaves=11
num_cat=0
split_feature=3 2 6 2 0 8 6 2 8 0
split_gain=19.9185 29.7258 33.9565 20.1195 15.289 10.1886 10.133 9.65609 5.69395 4.18061
threshold=6.5000000000000009 22.500000000000004 1.1332729605000003 40.500000000000007 86.500000000000014 24.500000000000004 1.0948194415000001 43.500000000000007 12.500000000000002 61.500000000000007
decision_type=2 2 2 2 2 2 2 2 2 2
left_child=3 -2 -3 4 6 -5 8 -4 -1 -7
right_child=1 2 7 5 -6 9 -8 -9 -10 -11
leaf_value=0.0069294028762405032 -1.9000171372094403e-05 -1.9000171372094403e-05 -0.013519079738555125 -1.9000171372094403e-05 0.002498546373815681 0.002498546373815681 0.002498546373815681 -0.029468328710837478 0.023161849508050329 -1.9000171372094403e-05
leaf_weight=35.266871068160981 182.12287328578532 50.826590094715357 91.144291573669761 15734.436814037617 1228.5243087718263 876.15632042195648 44.934808598831296 72.021808613091707 62.922803897876292 482.09221204556525
leaf_count=1723 1824 308 2094 100483 14484 5910 371 6113 4322 3445
internal_value=-0.000162681 -0.00677643 -0.0143648 -1.90002e-05 0.00360776 -1.90002e-05 0.0127231 -0.021226 0.0179499 0.00249855
internal_weight=18860.4 396.116 213.993 18464.3 1371.65 17092.7 143.124 163.166 98.1897 1358.25
internal_count=141077 10339 8515 130738 20900 109838 6416 8207 6045 9355
is_linear=0
shrinkage=0.03


Tree=178
num_leaves=15
num_cat=0
split_feature=3 2 7 2 7 8 8 2 0 6 6 7 8 8
split_gain=23.6522 26.3627 36.6521 26.0305 14.4274 12.8335 12.7263 12.1112 11.0001 6.7591 6.11578 6.06688 3.72952 6.7623
threshold=3.5000000000000004 87.500000000000014 0.15052359551191333 71.500000000000014 0.92114984989166271 13.500000000000002 24.500000000000004 114.50000000000001 10.500000000000002 0.63423049300000012 1.1365027830000003 0.031788382679224021 12.500000000000002 15.500000000000002
decision_type=2 2 2 2 2 2 2 2 2 2 2 2 2 2
left_child=3 -2 11 4 -1 -6 7 12 10 -7 -9 -3 -5 -14
right_child=1 2 -4 6 5 9 -8 8 -10 -11 -12 -13 13 -15
leaf_value=0.0026765377817610037 -0.00087080633543989061 -0.017597559388489732 -0.00087080633543989061 0.0011250459880651161 0.0026765377817610037 0.023335692604767148 0.0026765377817610037 0.0011250459880651161 -0.00087080633543989061 0.010342862889488401 -0.00087080633543989061 -0.0095805048900511995 0.0026765377817610037 0.0011250459880651161
leaf_weight=1532.0396990636364 3149.1338699851185 178.90389477624558 333.75366688519716 1628.9780906923115 105.5369106400758 50.884123967494816 977.37017177324742 1930.1809946056455 5400.2407708810642 158.95902833994478 656.90257187746465 208.7959781549871 905.61497137788683 1700.4642428886145
leaf_count=10011 31172 7214 1757 9839 4440 6581 5858 9052 29496 4037 3872 2064 5375 10760
internal_value=2.93062e-05 -0.00206066 -0.00721264 0.000567416 0.00389767 0.00969526 0.000100019 -0.000171045 -0.000858536 0.0139632 0.001084 -0.0134569 0.00112505 0.00225992
internal_weight=18917.8 3870.59 721.454 15047.2 1847.42 315.38 13199.8 12222.4 7987.32 209.843 2587.08 387.7 4235.06 2606.08
internal_count=141528 42207 11035 99321 25069 15058 74252 68394 42420 10618 12924 9278 25974 16135
is_linear=0
shrinkage=0.03


Tree=179
num_leaves=15
num_cat=0
split_feature=3 7 2 6 3 7 2 5 2 3 0 3 5 4
split_gain=21.6683 26.0416 24.4949 19.1808 16.9346 12.1041 11.6864 15.2749 6.47882 6.17255 5.23785 5.12698 4.661 0.882705
threshold=3.5000000000000004 0.0081416801549494284 124.50000000000001 0.97787423200000012 5.5000000000000009 0.0026076341746374969 51.500000000000007 1.0000000180025095e-35 100.50000000000001 2.5000000000000004 16.500000000000004 1.0000000180025095e-35 0.36904644600000008 10.247489311000001
decision_type=2 2 2 2 2 2 2 2 2 2 2 2 2 2
left_child=2 4 6 -4 -2 -6 7 9 -3 -1 -8 12 -5 -14
right_child=1 8 3 11 5 -7 10 -9 -10 -11 -12 -13 13 -15
leaf_value=0.021774963194372339 -0.0034882781916557842 -0.0015899672410675579 0.0015117091760642723 0.0014286604630351606 -0.027367239579907679 -0.0034882781916557842 0.003480383491120659 0.003480383491120659 -0.0034882781916557842 0.0061239209967349209 0.0015117091760642723 -0.0015899672410675579 -0.00069153280456372426 -0.0015899672410675579
leaf_weight=58.880090025719255 95.68422622513026 3267.2764861700125 1322.1336269080639 937.73544323444366 70.942489916924387 26.478762054815888 335.69085577037185 665.31427881866693 370.1080837585032 43.313158896751702 6760.6152505739592 3099.041396593675 1361.2959552481771 408.37946672737598
leaf_count=6311 3975 24185 6379 3993 9244 1088 3863 5675 3551 3203 42379 18598 6074 2660
internal_value=-0.000157033 -0.00216921 0.00035762 -0.000915668 -0.0127644 -0.02126 0.00151171 0.00520358 -0.00158997 0.0157366 0.00151171 -0.00158997 -0.000276625 -0.00118172
internal_weight=18822.9 3830.49 14992.4 7128.59 193.105 97.4213 7863.81 767.508 3637.38 102.193 7096.31 5806.45 2707.41 1769.68
internal_count=141178 42043 99135 37704 14307 10332 61431 15189 27736 9514 46242 31325 12727 8734
is_linear=0
shrinkage=0.03


Tree=180
num_leaves=15
num_cat=0
split_feature=8 2 9 0 4 2 0 7 6 2 6 9 0 8
split_gain=20.086 16.8103 19.388 21.7966 14.0566 13.8083 13.3435 12.2801 8.31224 6.41674 14.7372 13.0938 14.8669 12.5506
threshold=30.500000000000004 40.500000000000007 1.5000000000000002 19.500000000000004 9.6050847460000011 89.500000000000014 86.500000000000014 0.64701157808303844 0.82982682150000009 80.500000000000014 1.3473912365000003 1.0000000180025095e-35 43.500000000000007 15.500000000000002
decision_type=2 2 2 2 2 2 2 2 2 2 2 2 2 2
left_child=1 6 8 -4 -5 -6 7 -1 -3 -10 -11 13 -13 -12
right_child=-2 2 3 4 5 -7 -8 -9 9 10 11 12 -14 -15
leaf_value=0.0025812639929644597 0.0062836416857700236 0.0025812639929644597 0.0025812639929644597 -0.0028660779863360344 -0.0044056650495241717 -0.014658877117749259 0.0025812639929644597 0.018072349965167381 0.00069434323940332284 -0.00047727113532596569 -0.0061146333446205027 -0.00047727113532596569 -0.01126634602426861 -0.00047727113532596569
leaf_weight=45.086820902768523 409.28998578083701 739.03006892604753 205.39145462214947 611.64764126576483 235.4518491209019 245.44973399536684 1421.3294610998128 91.376788023160771 3048.1417924137786 10527.281713373959 375.26660791551694 160.57011235319078 332.38673683442175 418.67721103457734
leaf_count=381 3858 14644 1328 3361 3895 4102 16979 5832 20841 50829 3849 1759 5668 4130
internal_value=-0.000249241 -0.000395771 -0.00067088 -0.00418662 -0.00592048 -0.00973584 0.00258126 0.0118077 -0.000377143 -0.000532039 -0.000848614 -0.00387272 -0.00768811 -0.00147046
internal_weight=18866.4 18457.1 16899.3 1297.94 1092.55 480.902 1557.79 136.464 15601.4 14862.3 11814.2 1286.9 492.957 793.944
internal_count=141456 137598 114406 12686 11358 7997 23192 6213 101720 87076 66235 15406 7427 7979
is_linear=0
shrinkage=0.03


Tree=181
num_leaves=15
num_cat=0
split_feature=3 7 7 9 7 3 6 6 9 9 5 7 5 9
split_gain=21.729 25.4621 21.7726 15.2747 11.0935 9.01023 12.2967 8.56529 5.88184 4.86246 6.78287 4.17489 3.52226 4.51571
threshold=3.5000000000000004 0.0081416801549494284 0.92114984989166271 1.0000000180025095e-35 0.99014618992805492 1.5000000000000002 1.2886676375000004 0.99081415700000008 1.5000000000000002 1.5000000000000002 0.84791324500000009 0.00090588026796467613 0.089179457000000018 1.0000000180025095e-35
decision_type=2 2 2 2 2 2 2 2 2 2 2 2 2 2
left_child=2 3 5 -2 12 7 8 -1 -7 10 -5 -12 13 -4
right_child=1 -3 4 9 -6 6 -8 -9 -10 -11 11 -13 -14 -15
leaf_value=0.0023505381004174731 -0.0015223714482834486 -0.0015223714482834486 0.0099331238091366399 -0.0015223714482834486 0.018870923328956724 0.00030266853472578982 -0.0015223714482834486 0.00030266853472578982 -0.0015223714482834486 -0.025471510341489367 -0.025598437097029022 -0.0069852276243032333 0.0023505381004174731 0.0023505381004174731
leaf_weight=2497.7792350910604 59.445567611139268 3650.1290807691403 170.75190598703921 28.208996451459825 55.21003902843222 4202.290476128459 1449.5011684158817 5738.380029046908 654.63394489418715 51.928582672029734 27.22651720745489 24.020205274689943 182.08011317625642 60.875780502799898
leaf_count=15600 3488 27822 5894 1039 7781 22702 10701 28019 3586 5174 3659 947 2646 2339
internal_value=-7.80321e-05 -0.00208999 0.000437289 -0.0126312 0.00676525 0.000230992 -0.000622103 0.000884187 0.000302669 -0.018198 -0.0122179 -0.0182706 0.00494367 0.00739158
internal_weight=18852.5 3840.96 15011.5 190.83 468.918 14542.6 6306.43 8236.16 4856.92 131.384 79.4557 51.2467 413.708 231.628
internal_count=141397 42129 99268 14307 18660 80608 36989 43619 26288 10819 5645 4606 10879 8233
is_linear=0
shrinkage=0.03


Tree=182
num_leaves=10
num_cat=0
split_feature=6 7 3 6 7 0 6 4 9
split_gain=20.1535 29.9299 10.2641 9.59907 25.3001 9.99635 7.09888 0.821271 0.231044
threshold=1.8675886035000002 0.00022198442457010972 5.5000000000000009 0.73300804500000016 0.99444141983985912 33.500000000000007 1.0489548710000003 16.890598290500005 1.0000000180025095e-35
decision_type=2 2 2 2 2 2 2 2 2
left_child=2 -2 3 4 5 -1 -4 -3 -7
right_child=1 7 6 -5 -6 8 -8 -9 -10
leaf_value=0.0098949968363276474 -0.027594743794607565 -0.0031268056380790487 4.6385987739924476e-05 4.6385987739924476e-05 0.026148764901662663 0.0034039929656959414 -0.0031268056380790487 -0.0057376209782194808 4.6385987739924476e-05
leaf_weight=98.495336179621518 51.626501966500655 116.66387363197282 200.89758333889768 17380.74472155422 39.818157160189003 107.24872987437993 615.04356476478279 110.60840689600445 88.699709472246468
leaf_count=3385 7920 2232 1893 101042 7742 4728 6232 2681 3353
internal_value=-0.000129693 -0.00806225 -8.16198e-06 0.000143952 0.00514166 0.00191164 -0.00312681 -0.00312681 4.6386e-05
internal_weight=18809.8 278.899 18530.9 17715 334.262 294.444 815.941 227.272 195.948
internal_count=141208 12833 128375 120250 19208 11466 8125 4913 8081
is_linear=0
shrinkage=0.03


Tree=183
num_leaves=15
num_cat=0
split_feature=6 7 2 8 3 2 0 3 2 3 8 2 8 2
split_gain=16.2327 31.2752 17.2287 16.7503 15.3857 13.4287 8.83779 7.33569 6.61961 5.38943 5.21844 5.97421 2.83954 2.39
threshold=1.8675886035000002 0.00033491765498183673 43.500000000000007 20.500000000000004 2.5000000000000004 138.50000000000003 9.5000000000000018 5.5000000000000009 169.50000000000003 3.5000000000000004 16.500000000000004 34.500000000000007 24.500000000000004 115.50000000000001
decision_type=2 2 2 2 2 2 2 2 2 2 2 2 2 2
left_child=2 -2 3 9 5 -4 8 12 -7 10 11 -1 -5 -6
right_child=1 -3 4 7 13 6 -8 -9 -10 -11 -12 -13 -14 -15
leaf_value=0.012646111070209172 -0.026695018691365743 -0.0021031803379610776 0.00066390511011097135 0.011582482280272095 -0.0017321692144609776 0.00066390511011097135 -0.0017321692144609776 0.0018220190516828015 -0.0017321692144609776 0.00066390511011097135 0.00066390511011097135 0.002296706524763781 0.0062336913592039361 -0.0021031803379610776
leaf_weight=96.963337848894298 54.098363503580913 223.95822252193466 7003.161977564916 212.3081480411347 4193.8331484897062 1179.5245694369078 2894.966029830277 180.42396581592038 886.2513287961483 798.52772025438026 107.36085274256766 104.25474930368364 193.52712081721984 750.30080765625462
leaf_count=3411 8284 4514 46162 3134 26593 5051 15682 1243 4723 7238 2588 1583 3560 7905
internal_value=-0.000144599 -0.00727477 -3.60894e-05 0.00284432 -0.000325323 0.000256543 -0.00101962 0.00692145 0.000518575 0.000663905 0.00459776 0.0074696 0.00913876 -0.00173217
internal_weight=18879.5 278.057 18601.4 1693.37 16908 11963.9 4960.74 586.259 2065.78 1107.11 308.579 201.218 405.835 4944.13
internal_count=141671 12798 128873 22757 106116 71618 25456 7937 9774 14820 7582 4994 6694 34498
is_linear=0
shrinkage=0.03


Tree=184
num_leaves=15
num_cat=0
split_feature=8 7 2 6 8 2 1 8 2 4 6 8 6 6
split_gain=17.737 18.5541 22.1815 15.5626 12.7675 14.5187 17.5485 11.782 9.76934 8.49143 7.43472 17.0176 6.15406 3.21163
threshold=11.500000000000002 0.9172206223011018 72.500000000000014 1.1332729605000003 6.5000000000000009 113.50000000000001 95.500000000000014 14.500000000000002 139.50000000000003 10.406664823000002 1.2081330280000002 21.500000000000004 0.63423049300000012 1.2936601235000003
decision_type=2 2 2 2 2 2 2 2 2 2 2 2 2 2
left_child=3 8 7 -1 9 -6 13 -3 -2 -5 -10 -12 -9 -7
right_child=1 2 -4 4 5 6 -8 12 10 -11 11 -13 -14 -15
leaf_value=-0.0003764169515322881 0.00020989491410868178 0.0005408038004992426 0.00020989491410868178 -0.0042356933576838326 -0.0003764169515322881 -0.0062323663640417417 -0.0003764169515322881 0.022744624475725547 -0.00038935409232839803 -0.010944137806883908 -0.0067492803484323636 -0.00038935409232839803 0.010988033334021782 -0.011608464929242619
leaf_weight=4112.395016613882 9448.9671718890313 71.406304041855037 131.72163413558155 495.32672265078872 889.89530723448843 230.95322480425239 324.6121010761708 60.341728038154542 1460.3524438813329 263.31993594276719 642.28554553259164 261.5876654596068 169.18461786350235 214.14155082358047
leaf_count=25205 63837 3133 2663 2679 7778 1350 2041 8003 6363 3085 5729 1831 4323 3010
internal_value=-0.000238652 0.000434704 0.00650038 -0.00150065 -0.00340777 -0.00192365 -0.00506806 0.011249 0.000209895 -0.00662055 -0.00171655 -0.0038469 0.0144978 -0.00891911
internal_weight=18776.5 12245.8 432.654 6530.64 2418.25 1659.6 769.707 300.933 11813.2 758.647 2364.23 903.873 229.526 445.095
internal_count=141030 95882 18122 45148 19943 14179 6401 15459 77760 5764 13923 7560 12326 4360
is_linear=0
shrinkage=0.03


Tree=185
num_leaves=15
num_cat=0
split_feature=9 2 0 1 5 7 2 6 2 2 6 0 1 1
split_gain=15.4977 22.1842 32.1304 16.4833 13.6341 11.2465 8.40521 10.9442 7.16661 5.92729 5.36886 5.6926 4.71419 3.21199
threshold=1.0000000180025095e-35 136.50000000000003 19.500000000000004 107.50000000000001 0.038590396500000006 0.99014618992805492 88.500000000000014 1.4392465905000003 39.500000000000007 16.500000000000004 1.2041840300000002 23.500000000000004 93.500000000000014 33.500000000000007
decision_type=2 2 2 2 2 2 2 2 2 2 2 2 2 2
left_child=4 2 -2 10 5 -1 7 8 -6 -4 -3 -12 -11 -10
right_child=1 3 9 -5 6 -7 -8 -9 13 12 11 -13 -14 -15
leaf_value=0.0043047125709088892 0.0082688403530112725 -0.0042217765914195713 0.0036516662428823336 -0.00080988691319099819 0.0043047125709088892 0.020299825825242486 -7.3040813974564663e-05 -7.3040813974564663e-05 -7.3040813974564663e-05 -0.00080988691319099819 -0.0042217765914195713 -0.010441299213846449 0.0029567690720003225 0.0024193315551556856
leaf_weight=251.0152506721206 368.54418341000564 740.23662304505706 263.1598449992016 485.21264934167266 385.25365234911442 43.097547063836828 7649.1652829414234 491.03279146039858 336.22084581106901 5192.5643813433126 185.61197042092681 353.73749511735514 312.46366007905453 1766.7864309344441
leaf_count=7849 2535 3476 4369 2467 3132 6612 41541 5224 1703 43345 1583 4501 1818 11275
internal_value=-0.000100298 -0.00111197 -0.000258372 -0.00407108 0.000631734 0.0069487 0.000453744 0.00180409 0.00278496 -0.000809887 -0.00592882 -0.00821138 -0.000809887 0.00188905
internal_weight=18824.1 7901.53 6136.73 1764.8 10922.6 294.113 10628.5 2979.29 2488.26 5768.19 1279.59 539.349 5505.03 2103.01
internal_count=141430 64094 52067 12027 77336 14461 62875 21334 16110 49532 9560 6084 45163 12978
is_linear=0
shrinkage=0.03


Tree=186
num_leaves=15
num_cat=0
split_feature=8 2 3 3 6 2 1 2 8 7 6 8 3 6
split_gain=14.7497 17.6532 28.451 25.6212 19.2576 14.3448 12.3578 12.6972 12.6412 11.4191 10.1915 6.70881 5.99081 5.24847
threshold=12.500000000000002 71.500000000000014 3.5000000000000004 1.5000000000000002 1.3969244035000001 139.50000000000003 110.50000000000001 124.50000000000001 6.5000000000000009 0.90185368061065685 0.99081415700000008 20.500000000000004 1.5000000000000002 1.3197561090000003
decision_type=2 2 2 2 2 2 2 2 2 2 2 2 2 2
left_child=6 3 5 -2 -4 -3 7 8 -1 -5 -8 -11 -9 -7
right_child=1 2 4 9 -6 13 10 12 -10 11 -12 -13 -14 -15
leaf_value=-0.0040278538170552798 0.011714755845195404 0.001180479341868976 -0.0024676064783797922 0.001180479341868976 -0.013210726874580518 -0.0006372995553430603 0.0035257963148057517 -0.0040278538170552798 -0.00016733827530174787 0.003606918544898639 -0.00016733827530174787 0.011714755845195404 -0.0068699703802003256 -0.0024676064783797922
leaf_weight=565.4485247421544 241.12208625255153 5147.5963847236708 448.79021539725363 2769.3866067959461 223.04508461733349 1742.9420813173056 802.14870885247365 1083.6984224356711 3157.3985424607527 135.01316376309842 1337.3107109069824 74.370714595075697 672.53177078906447 379.04149213153869
leaf_count=4633 6012 30055 2650 21490 6033 8239 4882 5405 25705 5888 6491 4120 6124 3518
internal_value=-0.000157012 0.000537536 -0.000222458 0.0024094 -0.0061055 0.00032506 -0.00117422 -0.00192874 -0.000934427 0.00163779 0.000758062 0.00831361 -0.00402785 -0.00174795
internal_weight=18779.8 11161.3 7941.42 3219.89 671.835 7269.58 7618.54 5479.08 3722.85 2978.77 2139.46 209.384 1756.23 2121.98
internal_count=141245 88005 50495 37510 8683 41812 53240 41867 30338 31498 11373 10008 11529 11757
is_linear=0
shrinkage=0.03


Tree=187
num_leaves=15
num_cat=0
split_feature=5 7 8 2 3 2 8 2 0 0 0 6 0 8
split_gain=18.1407 33.5015 14.1992 14.3027 16.9278 20.5554 7.5643 16.1774 5.29663 8.40408 3.76787 3.35811 2.37574 2.19017
threshold=0.88363422450000007 0.00066362155484966945 30.500000000000004 33.500000000000007 1.5000000000000002 88.500000000000014 12.500000000000002 155.50000000000003 95.500000000000014 73.500000000000014 25.500000000000004 1.1466360795000001 2.5000000000000004 7.5000000000000009
decision_type=2 2 2 2 2 2 2 2 2 2 2 2 2 2
left_child=2 -2 3 8 5 -5 10 -8 9 -1 11 12 -7 -14
right_child=1 -3 -4 4 -6 6 7 -9 -10 -11 -12 -13 13 -15
leaf_value=0.019038384704071858 -0.025334986711555013 -0.0014658898441479585 0.0055599274763239344 0.0032418706886909298 -0.0012870196670325513 0.002083960201654223 0.0021033691560837665 -0.0012870196670325513 0.0032418706886909298 0.0035750320631798773 -0.0012870196670325513 -0.0012870196670325513 -0.0010738655393704511 0.00097335275950789215
leaf_weight=44.792047587689012 67.335996372392401 199.74071477912366 394.35343334078789 633.69598990026861 8772.6498858900741 579.61835242900997 3063.9421014171094 840.68653981387615 903.92064437665977 95.276719857705757 641.30605155415833 724.34802162647247 989.45212742500007 887.39734067581594
leaf_count=2173 9359 4160 3422 9313 58692 2906 16368 4548 9242 4462 3311 4364 4924 4423
internal_value=-0.000148483 -0.00783881 -3.58077e-05 -0.000158703 -0.000366799 0.000598983 8.64251e-05 0.00101447 0.00324187 0.00900575 -0.000861741 -0.00015375 0.000413993 -0.000105901
internal_weight=18838.5 267.077 18571.4 18177.1 17133.1 8360.45 7726.75 3904.63 1043.99 140.069 3822.12 3180.82 2456.47 1876.85
internal_count=141667 13519 128148 124726 108849 50157 40844 20916 15877 6635 19928 16617 12253 9347
is_linear=0
shrinkage=0.03


Tree=188
num_leaves=15
num_cat=0
split_feature=3 7 7 8 5 7 8 9 8 3 8 3 6 9
split_gain=17.8059 22.9415 16.6953 14.9026 14.2014 10.0762 13.9074 8.618 6.37891 6.18316 3.76897 4.0523 3.47981 3.45114
threshold=2.5000000000000004 0.010837605223059656 7.2975122748175649e-05 8.5000000000000018 0.089179457000000018 0.98064497113227855 17.500000000000004 1.0000000180025095e-35 12.500000000000002 6.5000000000000009 17.500000000000004 3.5000000000000004 1.3841625295000002 1.5000000000000002
decision_type=2 2 2 2 2 2 2 2 2 2 2 2 2 2
left_child=4 2 -2 -3 5 6 8 -4 -1 10 11 -5 -12 -9
right_child=1 3 7 9 -6 -7 -8 13 -10 -11 12 -13 -14 -15
leaf_value=0.004336913737150421 -0.025890567762225133 -0.004700350458067209 -0.004700350458067209 0.00021315209529085432 0.00032520797631659158 0.015090968750415176 0.00032520797631659158 -0.0080867670360862381 0.0131762629573878 -0.0045121852075229096 0.00032520797631659158 -0.0019503547195241539 -0.0020313784870075839 -0.018422649760938121
leaf_weight=215.00441672466695 43.66447601816617 850.08946710079908 83.079261716920882 1487.2856351525988 11554.115957155824 75.667215347057208 139.61888023791835 94.74252600572072 113.61482237838209 312.27539707394317 1457.646476775175 1629.4283615192398 667.48325489088893 50.853712741751224
leaf_count=3783 7535 6025 2463 10077 61537 7674 3261 3589 2343 2516 11579 11745 4450 2789
internal_value=-0.000136969 -0.00138005 -0.00982845 -0.00101339 0.000549339 0.00526419 0.00353352 -0.0062731 0.00754465 -0.000445364 -0.00019902 -0.000919249 0.000325208 -0.0121887
internal_weight=18774.6 6676.55 272.34 6404.21 12098 543.905 468.238 228.676 328.619 5554.12 5241.84 3116.71 2125.13 145.596
internal_count=141366 62768 16376 46392 78598 17061 9387 8841 6126 40367 37851 21822 16029 6378
is_linear=0
shrinkage=0.03


Tree=189
num_leaves=15
num_cat=0
split_feature=8 3 5 6 3 8 8 7 6 3 5 8 5 1
split_gain=20.2384 18.7662 16.5717 16.2972 13.5168 9.96661 9.0562 7.47214 7.2107 5.855 9.49714 5.81942 4.79711 5.1368
threshold=13.500000000000002 6.5000000000000009 0.054608698500000004 0.63423049300000012 3.5000000000000004 9.5000000000000018 30.500000000000004 0.28931178152561193 1.1169401005000001 1.5000000000000002 0.29903316650000006 16.500000000000004 0.40684062450000008 112.50000000000001
decision_type=2 2 2 2 2 2 2 2 2 2 2 2 2 2
left_child=4 2 3 11 8 -6 9 -3 12 10 -4 -2 13 -1
right_child=1 7 6 -5 5 -7 -8 -9 -10 -11 -12 -13 -14 -15
leaf_value=-0.00029705767348304341 0.0046262086048979769 -0.010697517421671215 0.0035264099092282685 0.0035264099092282685 -0.0066289837934457099 -0.0016978590248944707 0.0035264099092282685 -0.00012080697640020909 -0.0016978590248944707 -0.00012080697640020909 0.00038931781270629606 0.023989071598296541 -0.0016978590248944707 0.0020297827433592994
leaf_weight=2886.5945527777076 21.747781961224973 172.16878212476149 1204.2473620641977 227.75598799018189 646.93260684655979 860.78005235083401 377.35775850247592 91.163597693201154 2717.5758173223585 5310.5953185088001 2664.5433669649065 56.024219190701842 357.11993785202503 1206.9917480507866
leaf_count=19949 2227 5128 8413 5852 7749 9686 2486 646 16094 35484 12950 7055 1562 6311
internal_value=-0.000188488 0.000722452 0.000934986 0.00775598 -0.00125143 -0.00382863 0.000712978 -0.00710642 -0.000707078 0.000504022 0.00139113 0.0191811 4.57217e-05 0.000390649
internal_weight=18801.6 10125.6 9862.27 305.528 8675.99 1507.71 9556.74 263.332 7168.28 9179.39 3868.79 77.772 4450.71 4093.59
internal_count=141592 80241 74467 15134 61351 17435 59333 5774 43916 56847 21363 9282 27822 26260
is_linear=0
shrinkage=0.03


Tree=190
num_leaves=15
num_cat=0
split_feature=8 8 6 2 8 2 6 2 6 1 8 8 6 1
split_gain=18.0442 13.0324 13.1965 19.9915 15.049 12.9282 9.33147 7.66819 6.12906 5.38065 4.79434 4.733 4.49096 8.38539
threshold=30.500000000000004 11.500000000000002 1.1575559005 110.50000000000001 7.5000000000000009 140.50000000000003 1.3415489150000004 16.500000000000004 1.4555363305000002 74.500000000000014 19.500000000000004 14.500000000000002 0.81920447200000013 45.500000000000007
decision_type=2 2 2 2 2 2 2 2 2 2 2 2 2 2
left_child=1 2 -1 4 -4 7 11 -3 12 -5 -10 -7 13 -9
right_child=-2 5 3 9 -6 6 -8 8 10 -11 -12 -13 -14 -15
leaf_value=-0.00052750450239010124 0.0059722258896849154 0.0052937299077267094 -0.0059931141166466029 -0.01049573699520686 -0.00052750450239010124 0.00052752331412278183 -0.0064216604646749427 0.00081052684228234652 -0.0010245223280054194 -0.0059931141166466029 0.00081052684228234652 -0.0020208928654390766 0.00081052684228234652 0.0052937299077267094
leaf_weight=4406.972556381952 406.05943493894301 309.14744175155647 241.32772848638706 242.71944542671554 671.12413261923939 504.6004826836288 337.5551504669711 96.599452398484573 579.79444954032078 942.18326588766649 433.57753392471932 1335.4703753441572 7808.4232047349215 396.66989216092043
leaf_count=26610 3813 6857 2421 3361 6129 2537 3976 3678 10364 6611 5917 6439 41904 10619
internal_value=-0.000243974 -0.000383452 -0.00146112 -0.00341693 -0.000527505 0.00021085 -0.00187393 0.000683292 0.000527523 -0.00599311 -0.00102452 -0.00102452 0.000810527 0.00365981
internal_weight=18712.2 18306.2 6504.33 2097.35 912.452 11801.8 2177.63 9624.21 9315.06 1184.9 1013.37 1840.07 8301.69 493.269
internal_count=141236 137423 45132 18522 8550 92291 12952 79339 72482 9972 16281 8976 56201 14297
is_linear=0
shrinkage=0.03


Tree=191
num_leaves=15
num_cat=0
split_feature=3 2 8 2 3 6 8 2 6 3 8 2 2 8
split_gain=20.0317 23.156 15.4356 26.3995 15.1855 13.6384 8.76106 7.30115 5.8771 5.51364 6.24516 4.02042 3.48705 3.32255
threshold=3.5000000000000004 78.500000000000014 17.500000000000004 106.50000000000001 1.5000000000000002 1.2986457220000001 21.500000000000004 71.500000000000014 0.8244342305000002 2.5000000000000004 16.500000000000004 117.50000000000001 40.500000000000007 13.500000000000002
decision_type=2 2 2 2 2 2 2 2 2 2 2 2 2 2
left_child=1 4 3 12 8 6 9 -4 -1 10 -6 -5 -2 -14
right_child=2 -3 7 11 5 -7 -8 -9 -10 -11 -12 -13 13 -15
leaf_value=0.015716334658403715 -0.00038934605786718505 -6.943259526969139e-05 -6.943259526969139e-05 -0.0074731362566809872 0.0073467052899233208 -6.943259526969139e-05 0.0082509165037714972 -0.0048825990044235826 0.0082509165037714972 0.00078347469333823745 0.00078347469333823745 -0.01565928989997363 -0.0020899592655392943 -0.0050376210523853694
leaf_weight=96.014968895120546 576.09097714489326 12566.221041329205 1138.9974909068551 107.42545183352195 321.72978736134246 423.82800460513681 294.24257986433804 298.36386356316507 331.35783677361906 706.2608903076034 165.77044435101561 151.1980050469283 995.49581950879656 532.79852571710944
leaf_count=6316 6718 70067 11473 1547 4552 2134 4098 3961 2750 6862 2305 3604 9786 5012
internal_value=-5.46748e-05 0.000441166 -0.00199744 -0.00351037 0.0031784 0.00202398 0.00365184 -6.94326e-05 0.00825953 0.00248856 0.00492574 -0.0124652 -0.00238291 -0.00313066
internal_weight=18705.8 14905.4 3800.37 2363.01 2339.2 1911.83 1488 1437.36 427.373 1193.76 487.5 258.623 2104.39 1528.29
internal_count=141185 99084 42101 26667 29017 19951 17817 15434 9066 13719 6857 5151 21516 14798
is_linear=0
shrinkage=0.03


Tree=192
num_leaves=15
num_cat=0
split_feature=8 2 3 8 2 6 2 3 6 6 8 0 0 8
split_gain=17.2608 12.6228 21.7645 14.5353 15.9025 19.738 9.35795 7.20839 8.89873 5.07887 12.3297 3.84692 11.3343 3.77009
threshold=30.500000000000004 33.500000000000007 3.5000000000000004 9.5000000000000018 71.500000000000014 1.4555363305000002 79.500000000000014 1.5000000000000002 1.2986457220000001 1.1365027830000003 7.5000000000000009 94.500000000000014 76.500000000000014 13.500000000000002
decision_type=2 2 2 2 2 2 2 2 2 2 2 2 2 2
left_child=1 11 6 9 -5 -6 7 -3 -9 -4 -11 12 -1 -7
right_child=-2 2 3 4 5 13 -8 8 -10 10 -12 -13 -14 -15
leaf_value=0.018789019284806328 0.0061806788978239421 0.003008305918562167 -0.0038164884989266247 0.00020724683500556197 -0.0022306751598164393 -0.0059119282724178464 0.00020724683500556197 0.0027470317290474969 0.00020724683500556197 -0.015519995232247698 -0.0038164884989266247 0.003008305918562167 0.003008305918562167 -0.015478051158936867
leaf_weight=50.228500144556165 402.57160617178306 407.24779443792067 264.81161491572857 1344.7995648754295 694.69477977696806 61.642149630934 12358.878825034015 1349.1502322079614 358.29217853397131 151.4554481934756 149.19931337493472 998.54099551495165 78.034251935547218 141.465830815956
leaf_count=2603 3842 6975 1557 11894 4545 2534 68642 11811 1790 2683 2443 11953 3926 4713
internal_value=7.41493e-05 -6.10356e-05 -0.000261976 -0.00267655 -0.00158486 -0.0046763 0.000207247 0.00220058 0.000858313 -0.00695428 -0.00961034 0.00300831 0.00813861 -0.0127866
internal_weight=18811 18408.4 17281.6 2808.07 2242.6 897.803 14473.6 2114.69 1707.44 565.466 300.655 1126.8 128.263 203.108
internal_count=141911 138069 119587 30369 23686 11792 89218 20576 13601 6683 5126 18482 6529 7247
is_linear=0
shrinkage=0.03


Tree=193
num_leaves=12
num_cat=0
split_feature=3 4 2 8 2 9 6 8 8 2 8
split_gain=17.3219 21.6617 31.9622 19.3423 11.2635 7.84503 15.5534 4.71847 3.86987 3.78743 2.35075
threshold=6.5000000000000009 9.3038593065000033 42.500000000000007 31.500000000000004 33.500000000000007 1.0000000180025095e-35 1.4555363305000002 13.500000000000002 19.500000000000004 26.500000000000004 20.500000000000004
decision_type=2 2 2 2 2 2 2 2 2 2 2
left_child=3 -2 -3 4 5 6 9 -7 -9 10 -1
right_child=1 2 -4 -5 -6 7 -8 8 -10 -11 -12
leaf_value=0.0091654270698645623 -4.5978150937621667e-05 -0.0051555013064869233 -0.028376003442850635 0.0075285386143437889 -4.5978150937621667e-05 -4.5978150937621667e-05 -4.5978150937621667e-05 0.0067032850835549865 0.0005513698226947769 0.0055628326089641232 0.017221196090944624
leaf_weight=98.29684373922646 113.26797878043726 210.27498969994485 67.973090620245785 298.41744278371334 17179.201990747359 153.42456137924455 96.108442700468004 174.17224697093479 191.22715704678558 109.7244596129749 75.951427133288234
leaf_count=3482 932 3244 6275 2783 112593 2369 737 2353 2494 1869 2347
internal_value=-0.000179851 -0.00638358 -0.0112288 -4.59782e-05 -4.59782e-05 0.00335077 0.00659586 0.000933212 0.00353466 0.010309 0.0130592
internal_weight=18768 391.516 278.248 18376.5 18078.1 898.905 380.081 518.824 365.399 283.973 174.248
internal_count=141478 10451 9519 131027 128244 15651 8435 7216 4847 7698 5829
is_linear=0
shrinkage=0.03


Tree=194
num_leaves=15
num_cat=0
split_feature=3 7 2 3 3 2 6 2 2 3 6 7 5 9
split_gain=11.6814 22.4304 15.9745 19.9371 9.37793 7.54719 8.78317 7.17069 7.15483 5.81762 4.26474 2.85787 2.26114 1.79361
threshold=6.5000000000000009 0.069968674331903472 71.500000000000014 1.5000000000000002 1.5000000000000002 33.500000000000007 1.6975404470000002 139.50000000000003 31.500000000000004 5.5000000000000009 1.1920581745000003 0.94400238990783703 0.082942290000000016 1.0000000180025095e-35
decision_type=2 2 2 2 2 2 2 2 2 2 2 2 2 2
left_child=2 8 3 11 7 6 9 -4 -2 13 -9 -1 -13 -5
right_child=1 -3 4 5 -6 -7 -8 10 -10 -11 -12 12 -14 -15
leaf_value=0.0067344575354210305 -0.0037833474017694535 -0.00076066433956420475 0.0010941584350610785 0.0067344575354210305 -0.00076066433956420475 0.00032578155667084178 0.00032578155667084178 0.00038820820109410081 -0.021591712354095214 0.00032578155667084178 -0.00076066433956420475 0.016720420186364566 0.0067344575354210305 0.0042784092134054898
leaf_weight=208.240404070355 30.717680971138179 287.93420200515538 4011.1945792874321 291.40201766858809 6117.2040746388957 2821.7331774737686 126.08225509431213 3073.276746198535 73.354447818594053 176.39009134471416 1125.7091284338385 61.813633722951636 35.802403463050723 316.18358102370985
leaf_count=1648 1435 1786 25513 6440 41170 21771 1433 13152 7287 1405 7356 5287 632 5298
internal_value=-7.17713e-05 -0.00516305 3.82791e-05 0.00170378 -0.000431511 0.00109416 0.0034618 0.0003424 -0.0167498 0.00495461 -0.000530929 0.00900458 0.0132832 0.00633773
internal_weight=18757 392.006 18365 4037.65 14327.4 3731.79 910.058 8210.18 104.072 783.976 4198.99 305.856 97.616 607.586
internal_count=141613 10508 131105 43914 87191 36347 14576 46021 8722 13143 20508 7567 5919 11738
is_linear=0
shrinkage=0.03


Tree=195
num_leaves=12
num_cat=0
split_feature=3 5 2 3 2 3 6 3 6 2 7
split_gain=12.531 21.1819 29.7656 9.56226 8.0794 13.1438 6.4032 5.02037 13.4861 2.28183 0.403058
threshold=6.5000000000000009 0.36904644600000008 20.500000000000004 7.5000000000000009 77.500000000000014 1.5000000000000002 0.82982682150000009 3.5000000000000004 1.2986457220000001 59.500000000000007 0.83046743273735057
decision_type=2 2 2 2 2 2 2 2 2 2 2
left_child=4 -2 -3 -4 5 6 -1 8 9 10 -7
right_child=1 2 3 -5 -6 7 -8 -9 -10 -11 -12
leaf_value=0.013291537193328849 0.00012874836690532495 0.00012874836690532495 -0.011983684962715624 -0.027686742513806685 0.00012874836690532495 0.0029037282319362145 0.0043287724660327886 0.00012874836690532495 0.00012874836690532495 0.002431871780198944 0.0043287724660327886
leaf_weight=92.380329265259206 95.449517077766359 113.25532398605719 116.29466137080453 57.271561725763604 13664.901516329963 418.83400307223201 309.52777068130672 2443.4699137771968 408.22897624131292 717.62099796207622 300.37488965480588
leaf_count=6319 841 1047 3550 4976 82395 2611 2554 20314 2050 4962 10079
internal_value=1.61086e-05 -0.0053243 -0.0101079 -0.0177954 0.000128748 0.00137319 0.00652691 0.000883162 0.00206863 0.00376836 0.00432877
internal_weight=18737.6 382.271 286.822 173.566 18355.3 4690.44 401.908 4288.53 1845.06 1436.83 719.209
internal_count=141698 10414 9573 8526 131284 48889 8873 40016 19702 17652 12690
is_linear=0
shrinkage=0.03


Tree=196
num_leaves=12
num_cat=0
split_feature=3 2 6 8 2 2 8 8 3 8 2
split_gain=12.3679 18.5636 32.6267 13.3222 11.6829 8.61139 13.6895 12.9256 5.22819 6.55396 2.0749
threshold=6.5000000000000009 21.500000000000004 1.1234220215000004 31.500000000000004 42.500000000000007 40.500000000000007 21.500000000000004 24.500000000000004 3.5000000000000004 16.500000000000004 31.500000000000004
decision_type=2 2 2 2 2 2 2 2 2 2 2
left_child=3 -2 -3 5 -4 6 8 -8 9 10 -1
right_child=1 2 4 -5 -6 -7 7 -9 -10 -11 -12
leaf_value=0.011743475529953779 7.8070852548632903e-05 7.8070852548632903e-05 -0.01103684347658594 0.0063742948095156758 -0.028352984783629635 7.8070852548632903e-05 0.013352769657259927 0.0019998286495705878 7.8070852548632903e-05 7.8070852548632903e-05 0.0045894576094188365
leaf_weight=74.778049399610609 174.03096085833386 49.74976284429431 94.587182302959263 297.45282063260674 63.846104901051149 16680.796939131338 170.48184674186632 190.14113612868823 652.52842430374585 105.75923443445936 87.238125857897103
leaf_count=3050 1719 310 2152 2800 6184 107928 2538 3120 6871 2821 1474
internal_value=-3.44221e-05 -0.00534007 -0.0113976 7.80709e-05 -0.0186689 7.80709e-05 0.00256484 0.00747605 0.000610373 0.00434554 0.00814409
internal_weight=18641.4 382.214 208.183 18259.2 158.433 17961.7 1280.93 360.623 920.304 267.775 162.016
internal_count=140967 10365 8646 130602 8336 127802 19874 5658 14216 7345 4524
is_linear=0
shrinkage=0.03


Tree=197
num_leaves=15
num_cat=0
split_feature=3 2 2 8 0 3 2 3 8 6 8 8 8 4
split_gain=14.793 20.5679 18.6534 13.398 9.6888 7.78707 10.9396 7.64064 7.31267 4.43312 3.52934 3.78231 3.4022 3.33957
threshold=2.5000000000000004 117.50000000000001 80.500000000000014 24.500000000000004 12.500000000000002 6.5000000000000009 22.500000000000004 1.5000000000000002 12.500000000000002 0.99081415700000008 2.5000000000000004 10.500000000000002 20.500000000000004 9.3038593065000033
decision_type=2 2 2 2 2 2 2 2 2 2 2 2 2 2
left_child=2 5 7 4 9 -2 -7 8 -1 -4 -11 -12 -10 -8
right_child=1 -3 3 -5 -6 6 13 -9 12 10 11 -13 -14 -15
leaf_value=0.0038058544853990599 -0.00066474346219946227 -0.0061488319571859689 0.0027328786072662445 0.0038058544853990599 -0.00066474346219946227 -0.00066474346219946227 -0.00066474346219946227 0.0038058544853990599 0.012183719817857652 -0.00066474346219946227 0.0025232160562973518 -0.00066474346219946227 0.005829127004365697 -0.0061488319571859689
leaf_weight=107.96484957239591 5592.3905627983622 681.47432307130657 1121.5995441256091 817.48847144469619 6932.5828646738082 185.32879881793633 49.819045510143042 802.41334198601544 225.61402787198313 630.94103553518653 848.34996332600713 472.18113215826452 136.76265110797249 143.70487062772736
leaf_count=2032 44447 8631 6751 4748 37952 1832 298 10026 4507 3071 4207 2288 3168 7627
internal_value=-9.49461e-05 -0.0012307 0.000529969 0.000125206 -0.000177264 -0.000664743 -0.00493835 0.003958 0.00763746 0.00123433 0.000368266 0.0013285 0.00989744 -0.00614883
internal_weight=18748.6 6652.72 12095.9 10823.1 10005.7 5971.24 378.853 1272.75 470.342 3073.07 1951.47 1320.53 362.377 193.524
internal_count=141585 62835 78750 59017 54269 54204 9757 19733 9707 16317 9566 6495 7675 7925
is_linear=0
shrinkage=0.03


Tree=198
num_leaves=15
num_cat=0
split_feature=8 2 0 6 8 0 0 8 2 6 1 2 8 2
split_gain=11.2692 9.8402 25.5969 25.5028 22.9151 10.2964 8.05185 17.5845 19.2226 7.3518 6.56676 14.1139 4.03733 2.75734
threshold=12.500000000000002 69.500000000000014 63.500000000000007 1.3655234680000004 24.500000000000004 44.500000000000007 14.500000000000002 5.5000000000000009 123.50000000000001 1.1431633300000004 51.500000000000007 147.50000000000003 14.500000000000002 169.50000000000003
decision_type=2 2 2 2 2 2 2 2 2 2 2 2 2 2
left_child=6 2 5 12 10 -2 13 -8 -9 -10 -5 -12 -3 -1
right_child=1 3 -4 4 -6 -7 7 8 9 -11 11 -13 -14 -15
leaf_value=0.001252391090504454 0.021093221648610112 0.0012912949307437962 0.0012912949307437962 -0.010069432782433583 0.00061780398731007473 0.0063665777918825335 -0.0075688082656370842 3.0269212541346394e-05 -0.0020269525328284418 -0.0068938256999471889 -9.8691787833681028e-06 -0.010069432782433583 0.00061780398731007473 3.0269212541346394e-05
leaf_weight=1829.2102310529444 73.870032332604751 1472.0055263009854 2870.7559056654572 349.54250029474497 161.41849222453311 107.63170495466329 414.22056152159348 3268.7986808039714 555.55175328161567 569.07013168139383 265.03474984550849 188.91486662277021 5622.5858508469537 926.46823841705918
leaf_count=9746 2068 7954 31132 5794 1651 3228 3420 26916 2497 5561 2832 2339 31083 5081
internal_value=-6.37562e-05 0.000544159 0.00199334 -5.56303e-06 -0.00456848 0.012765 -0.000956653 -0.00169713 -0.00113556 -0.00450925 -0.00698343 -0.00452339 0.000617804 0.000335931
internal_weight=18675.1 11111.8 3052.26 8059.5 964.911 181.502 7563.32 4807.64 4393.42 1124.62 803.492 453.95 7094.59 2755.68
internal_count=141302 88081 36428 51653 12616 5296 53221 38394 34974 8058 10965 5171 39037 14827
is_linear=0
shrinkage=0.03


Tree=199
num_leaves=15
num_cat=0
split_feature=4 7 8 2 9 6 1 2 2 1 8 8 8 2
split_gain=13.5671 28.0174 15.2718 8.54489 7.79723 15.3823 9.64468 9.61494 5.42252 7.05121 8.4318 3.43306 8.85994 3.35131
threshold=15.016483516500001 0.00022198442457010972 29.500000000000004 40.500000000000007 1.0000000180025095e-35 0.86580587500000006 105.50000000000001 52.500000000000007 110.50000000000001 95.500000000000014 4.5000000000000009 21.500000000000004 24.500000000000004 173.50000000000003
decision_type=2 2 2 2 2 2 2 2 2 2 2 2 2 2
left_child=2 -2 3 11 8 -6 7 -7 -5 -10 13 -1 -13 -11
right_child=1 -3 -4 4 5 6 -8 -9 9 10 -12 12 -14 -15
leaf_value=0.002061459902180682 -0.027194587477032031 -0.0022041300882782123 0.0051514195472611192 0.00099073910396752212 0.002061459902180682 0.0017085334753537934 0.0017085334753537934 -0.0022041300882782123 -0.0018260564031374138 0.00020920694140940128 0.00099073910396752212 0.0097945782631025623 0.002061459902180682 -0.0018260564031374138
leaf_weight=1031.1441953694448 44.639019748428836 222.25239443406463 488.21728370059282 4046.6381529478822 533.06511442665942 391.03624865366146 687.85248846188188 5100.8113123076037 2098.9220532565378 727.28997059352696 2565.4462918937206 180.71889605396427 171.13195520523004 399.16519493237138
leaf_count=14507 7990 5034 4264 29686 6554 2345 3518 31984 12003 3540 12793 2484 2457 2121
internal_value=-0.000154638 -0.00680715 -5.64351e-05 -0.000199611 -0.00038912 -0.00117699 -0.00163088 -0.00205032 0.000148825 -0.000439854 0.000349634 0.00206146 0.00501408 -0.00182606
internal_weight=18688.3 266.891 18421.4 17933.2 16550.2 6712.77 6179.7 5491.85 9837.46 5790.82 3691.9 1383 351.851 1126.46
internal_count=141280 13024 128256 123992 104544 44401 37847 34329 60143 30457 18454 19448 4941 5661
is_linear=0
shrinkage=0.03


Tree=200
num_leaves=15
num_cat=0
split_feature=9 7 0 2 6 2 0 3 2 3 2 6 0 6
split_gain=10.4684 16.8874 32.8469 19.3878 24.4015 9.80563 20.8488 9.87377 8.81987 11.0415 20.4837 9.1611 4.78066 4.19313
threshold=1.0000000180025095e-35 0.0218281289562583 28.500000000000004 91.500000000000014 1.7851042870000002 52.500000000000007 85.500000000000014 4.5000000000000009 169.50000000000003 1.5000000000000002 82.500000000000014 0.97120507000000011 9.5000000000000018 1.3592681875000003
decision_type=2 2 2 2 2 2 2 2 2 2 2 2 2 2
left_child=8 2 -2 4 -4 6 -3 -8 9 10 -1 -11 -12 -13
right_child=1 5 3 -5 -6 -7 7 -9 -10 11 12 13 -14 -15
leaf_value=0.007954756699476255 -0.00068657256065831316 0.010542323675256883 -0.00068657256065831316 -0.020753649083219812 -0.017305789439966173 -0.00068657256065831316 0.0042100183474634801 -0.00068657256065831316 -0.0020306146814366606 0.0011196123020368693 0.0029341925782807765 -0.00040839227654924703 0.0011196123020368693 -0.0020306146814366606
leaf_weight=424.27241195645183 44.983737332280725 204.91279823542573 45.989228817634284 145.94338841410354 82.098076226655394 6107.4574369033799 412.69594565895386 775.21800979226828 1138.8456475732382 799.72502916003577 1303.6107432041317 2594.4592255856842 3622.5669423034415 996.95796661055647
leaf_count=8454 701 3971 1425 5718 6894 35605 4255 5487 6412 12555 6890 12876 19878 10367
internal_value=-0.000139764 -0.000976736 -0.00768284 -0.0134456 -0.00465193 -0.000686573 0.00182642 0.000285053 0.000461904 0.000754186 0.00166854 -0.000360549 0.00111961 -0.00111027
internal_weight=18699.7 7819.3 319.014 274.031 128.087 7500.28 1392.83 1187.91 10880.4 9741.59 5350.45 4391.14 4926.18 3591.42
internal_count=141488 64056 14738 14037 8319 49318 13713 9742 77432 71020 35222 35798 26768 23243
is_linear=0
shrinkage=0.03


Tree=201
num_leaves=15
num_cat=0
split_feature=2 9 0 2 0 7 8 8 8 0 8 2 0 2
split_gain=12.223 16.1291 16.7636 13.2063 11.0199 10.7834 9.44827 8.46982 11.5796 7.54973 12.9342 10.8854 8.20389 6.52564
threshold=40.500000000000007 1.5000000000000002 19.500000000000004 130.50000000000003 86.500000000000014 0.60238790512084972 24.500000000000004 7.5000000000000009 12.500000000000002 9.5000000000000018 6.5000000000000009 116.50000000000001 24.500000000000004 139.50000000000003
decision_type=2 2 2 2 2 2 2 2 2 2 2 2 2 2
left_child=4 6 -3 7 5 -1 9 -4 -9 -2 -11 -12 -13 -14
right_child=1 2 3 -5 -6 -7 -8 8 -10 10 11 12 13 -15
leaf_value=0.0023618861627132596 0.0012106172330435877 0.0023618861627132596 -0.0088377188413518853 -0.012001468809225199 0.0023618861627132596 0.016770551081539013 0.002331015175287058 0.0021724057972533442 -0.0056287725078734098 -0.0049208664992489324 0.00036962811231542117 -0.00025038924815972314 -0.0017026674068988802 -0.0051319466430979326
leaf_weight=47.640680350828916 2409.268172405893 203.14404032099992 200.76932977000251 199.94921743357554 1480.9202228116337 89.787169176386669 1314.7480063010007 327.50573692889884 349.29489616164938 595.10483208554797 6747.6334770733956 2338.4166619367898 1637.9994266689755 719.18987226160243
leaf_count=413 12840 1328 1948 2324 18161 6101 9409 3445 3781 4010 50128 11648 9714 6024
internal_value=-0.0001256 -0.000362427 -0.00359343 -0.00512705 0.00236189 0.0107183 -9.88572e-05 -0.00350164 -0.00186551 -0.000320708 -0.000627552 -0.000402227 -0.0015106 -0.00275761
internal_weight=18661.4 17043 1280.66 1077.52 1618.35 137.428 15762.4 877.57 676.801 14447.6 12038.3 11443.2 4695.61 2357.19
internal_count=141274 116599 12826 11498 24675 6514 103773 9174 7226 94364 81524 77514 27386 15738
is_linear=0
shrinkage=0.03


Tree=202
num_leaves=11
num_cat=0
split_feature=3 5 2 8 2 6 8 3 8 2
split_gain=11.4027 19.4694 28.1237 12.9379 9.38886 5.9472 12.6847 3.29581 6.00114 2.46587
threshold=6.5000000000000009 0.36904644600000008 45.500000000000007 31.500000000000004 32.500000000000007 1.6975404470000002 20.500000000000004 3.5000000000000004 15.500000000000002 20.500000000000004
decision_type=2 2 2 2 2 2 2 2 2 2
left_child=3 -2 -3 4 5 6 7 8 -1 -8
right_child=1 2 -4 -5 -6 -7 9 -9 -10 -11
leaf_value=0.011748638581195374 -9.9563051180503353e-05 -0.0048045673774015788 -0.027544844606566189 0.0060847405788394138 -9.9563051180503353e-05 -9.9563051180503353e-05 0.013100931416205728 -9.9563051180503353e-05 -9.9563051180503353e-05 0.0066113462875625768
leaf_weight=61.771544548450038 96.747515636030585 219.3471866119653 59.180168662918732 299.45822416152805 17176.886340567376 115.34192530112341 111.41725516645238 340.98816544632427 62.095141347264871 135.83838865230791
leaf_count=2683 837 3519 5942 2827 113223 1293 3067 4182 2196 1647
internal_value=-0.000206414 -0.00534817 -0.0100369 -9.95631e-05 -9.95631e-05 0.00312334 0.00431879 0.0013637 0.00545246 0.00973737
internal_weight=18679.1 375.275 278.527 18303.8 18004.3 827.452 712.11 464.855 123.867 247.256
internal_count=141416 10298 9461 131118 128291 15068 13775 9061 4879 4714
is_linear=0
shrinkage=0.03


Tree=203
num_leaves=15
num_cat=0
split_feature=3 8 8 5 7 5 8 7 7 8 3 8 5 8
split_gain=12.848 11.0947 11.0048 8.3034 8.17117 14.3179 10.1133 9.22062 6.19795 7.03553 13.0674 6.07365 5.3315 11.2908
threshold=3.5000000000000004 28.500000000000004 9.5000000000000018 0.089179457000000018 0.092422004789114012 1.0036492105000001 18.500000000000004 0.0012148407404311003 0.98064497113227855 17.500000000000004 1.5000000000000002 12.500000000000002 0.30246824300000003 7.5000000000000009
decision_type=2 2 2 2 2 2 2 2 2 2 2 2 2 2
left_child=1 3 12 8 5 6 11 -7 9 10 -1 -4 -2 -14
right_child=2 -3 4 -5 -6 7 -8 -9 -10 -11 -12 -13 13 -15
leaf_value=0.0097260381062878876 -0.00049816666186856915 0.0050046978806125011 1.3296885817674567e-05 0.00013819716636872005 1.3296885817674567e-05 -0.025232804143400289 1.3296885817674567e-05 -0.0056353645070841129 0.011211597189165562 0.00013819716636872005 0.00013819716636872005 -0.0056353645070841129 -0.011268930070172524 -0.0019834056982494441
leaf_weight=223.16397145669907 169.46502586174756 458.75498591782525 112.67579859984107 13788.547453378327 2482.1550183638465 37.048835157649592 236.36235009203665 46.576429979875684 80.650948344031349 148.96614352054894 155.57474709115922 243.10758242988959 236.55395215586759 235.2064255385194
leaf_count=4168 1557 4023 2382 75243 16486 6403 3477 1257 9012 3483 3142 4553 3228 2949
internal_value=3.91758e-05 0.000437399 -0.00151651 0.000290176 -0.000785232 -0.00369684 -0.00199552 -0.0149516 0.0037056 0.00246397 0.0050382 -0.00563536 -0.00508398 -0.00670878
internal_weight=18654.8 14855.7 3799.15 14396.9 3157.93 675.771 592.146 83.6253 608.356 527.705 378.739 355.783 641.225 471.76
internal_count=141363 99071 42292 95048 34558 18072 10412 7660 19805 10793 7310 6935 7734 6177
is_linear=0
shrinkage=0.03


Tree=204
num_leaves=15
num_cat=0
split_feature=8 2 9 5 2 0 8 2 0 1 6 2 2 6
split_gain=12.7026 8.67038 8.98614 24.9502 8.86221 7.74697 6.10636 6.25384 5.86708 5.86256 6.36586 4.40305 3.60212 3.91768
threshold=27.500000000000004 33.500000000000007 1.5000000000000002 0.46820111200000009 89.500000000000014 88.500000000000014 11.500000000000002 157.50000000000003 15.500000000000002 95.500000000000014 1.1431633300000004 124.50000000000001 143.50000000000003 1.5312919235000002
decision_type=2 2 2 2 2 2 2 2 2 2 2 2 2 2
left_child=1 -1 6 -4 5 -5 9 8 -8 11 -11 -3 13 -10
right_child=-2 2 3 4 -6 -7 7 -9 12 10 -12 -13 -14 -15
leaf_value=0.0023280524816978146 0.0034335436546973331 -0.0020762700148715405 0.0005549751754762083 0.0005549751754762083 -0.011549945065369794 -0.0088237638426592151 0.0023280524816978146 -0.0021917905122057304 0.00052485882727947789 0.00066080570856870131 -0.0020762700148715405 -0.0049460386976632057 -0.0020665199587615976 -0.0020665199587615976
leaf_weight=1039.4329605628736 843.37036017072387 2234.8125951129477 778.22333636437543 126.77631277963519 275.58817314798944 128.19492616620846 630.93103593983687 914.16568748303689 7236.2851136941463 2216.7986993519589 666.5378021672368 478.79108932241797 590.91350701730698 448.74088276620023
leaf_count=17188 7713 15602 4394 1263 4575 3126 3634 5861 45950 11480 4097 3825 3378 8931
internal_value=-0.000152829 -0.000323994 -0.000489443 -0.00287121 -0.007855 -0.00371596 -0.000286397 0.000164361 0.000407281 -0.00107679 -0.000134181 -0.00207627 0.000180639 0.000354658
internal_weight=18609.6 17766.2 16726.8 1308.78 530.559 254.971 15418 9821.04 8906.87 5596.94 2883.34 2713.6 8275.94 7685.03
internal_count=141017 133304 116116 13358 8964 4389 102758 67754 61893 35004 15577 19427 58259 54881
is_linear=0
shrinkage=0.03


Tree=205
num_leaves=14
num_cat=0
split_feature=8 5 7 8 2 8 7 0 8 0 8 2 0
split_gain=13.1273 8.76785 39.3329 3.58977 7.56032 11.1398 2.13559 1.18519 0.718422 0.424268 0.1677 0.071036 0.0156665
threshold=30.500000000000004 0.84791324500000009 0.00066362155484966945 20.500000000000004 43.500000000000007 24.500000000000004 0.024044300429522995 14.500000000000002 24.500000000000004 2.5000000000000004 22.500000000000004 106.50000000000001 8.5000000000000018
decision_type=2 2 2 2 2 2 2 2 2 2 2 2 2
left_child=1 3 -3 7 5 -5 -4 9 10 -1 11 -6 -11
right_child=-2 2 6 4 8 -7 -8 -9 -10 12 -12 -13 -14
leaf_value=0.0012743794836264381 0.0052995107812890537 -0.025767544067054182 -0.0037965485382118005 0.0081410643251344054 0.00031264630215198331 0.00031264630215198331 -6.7925394829440868e-05 -6.7925394829440868e-05 0.00031264630215198331 0.00053814552187295031 -6.7925394829440868e-05 -6.7925394829440868e-05 0.000386678577913325
leaf_weight=757.65699442382902 400.98712963820435 60.75326473522 136.53245079377666 290.06610178854316 444.95955771883018 198.20273675699718 109.8694734275341 11344.247217766009 999.53112664981745 1442.1117512239143 718.84137789811939 523.17839966667816 1217.1224926009309
leaf_count=4014 3828 9375 4008 3698 3329 2873 965 80849 6448 7750 4590 2800 6743
internal_value=-3.60013e-05 -0.000154697 -0.00513937 -6.79254e-05 0.000940067 0.00435405 -6.79254e-05 -6.79254e-05 0.000312646 0.000649711 -6.79254e-05 0.000312646 0.000469675
internal_weight=18644.1 18243.1 307.155 17935.9 3174.78 488.269 246.402 14761.1 2686.51 3416.89 1686.98 968.138 2659.23
internal_count=141270 137442 14348 123094 23738 6571 4973 99356 17167 18507 10719 6129 14493
is_linear=0
shrinkage=0.03


Tree=206
num_leaves=14
num_cat=0
split_feature=3 2 2 8 3 8 2 2 8 0 9 1 4
split_gain=10.5602 23.1497 17.4872 9.82479 10.5674 7.44582 4.68425 4.08983 3.89445 3.22726 6.8014 2.0775 1.78899
threshold=1.5000000000000002 88.500000000000014 125.50000000000001 6.5000000000000009 6.5000000000000009 13.500000000000002 71.500000000000014 21.500000000000004 19.500000000000004 37.500000000000007 1.0000000180025095e-35 114.50000000000001 8.9113278975000014
decision_type=2 2 2 2 2 2 2 2 2 2 2 2 2
left_child=1 5 3 -2 -5 -1 8 -6 -7 -4 -11 -3 -13
right_child=2 11 9 4 7 6 -8 -9 -10 10 -12 12 -14
leaf_value=0.001258248680352819 -0.0036031256699711393 0.0003813318842829934 -0.0036031256699711393 0.0003813318842829934 0.0003813318842829934 0.015685948174064081 0.0053663025878943138 -0.0036031256699711393 0.0069656456449230936 -0.0036031256699711393 -0.0098516293658659354 0.001258248680352819 0.0003813318842829934
leaf_weight=194.64887201529928 448.41436288994737 6403.5767542794347 1004.6776807429269 7900.561498537194 169.44590103393421 104.7944972126279 253.64399168454111 184.95168794621713 104.17559632100165 246.52128825662658 229.49615370016545 929.45244155451655 464.41149319335818
leaf_count=3232 3811 34270 6564 61930 1691 2685 2968 7603 2929 2557 3789 4766 2518
internal_value=5.54874e-05 0.000838942 -0.000595021 -8.148e-05 0.000159005 0.00622393 0.00827749 -0.00360313 0.0116031 -0.00360313 -0.00608773 0.000381332 0.00125825
internal_weight=18638.8 8454.7 10184.1 8703.37 8254.96 657.263 462.614 354.398 208.97 1480.7 476.017 7797.44 1393.86
internal_count=141313 53368 87945 75035 71224 11814 8582 9294 5614 12910 6346 41554 7284
is_linear=0
shrinkage=0.03


Tree=207
num_leaves=15
num_cat=0
split_feature=8 2 3 2 2 2 3 8 8 6 8 2 8 8
split_gain=13.5472 7.87626 11.4048 26.1049 10.1759 8.2912 10.4869 6.19881 5.86315 5.61755 5.59583 5.41989 4.52583 8.79744
threshold=30.500000000000004 19.500000000000004 5.5000000000000009 71.500000000000014 82.500000000000014 124.50000000000001 3.5000000000000004 6.5000000000000009 13.500000000000002 1.2081330280000002 20.500000000000004 51.500000000000007 15.500000000000002 12.500000000000002
decision_type=2 2 2 2 2 2 2 2 2 2 2 2 2 2
left_child=1 -1 5 8 -5 6 7 -3 -4 -7 -10 -9 13 -13
right_child=-2 2 3 4 -6 9 -8 11 10 -11 -12 12 -14 -15
leaf_value=0.0035439627512480073 0.0052099213073984229 -0.001052330032325517 -0.001052330032325517 -0.005211286922773198 -0.025759780114827008 -0.001052330032325517 -0.001052330032325517 0.0035439627512480073 -0.005211286922773198 -0.0017291203817728538 -0.001052330032325517 0.00035136240657600472 2.0612266068505178e-05 0.0034725110395687452
leaf_weight=459.12206061044708 403.47935230960138 433.07354821427725 219.25518553843722 37.707973126554862 58.189794724108651 5254.6866419911385 2481.5649131443352 620.61265161610208 204.97542770253494 1823.0038382867351 130.85213490738533 2029.3163873627782 3132.6523546611425 1352.2225233924109
leaf_count=9552 3854 3433 3552 1434 4052 23837 18438 10211 3348 15717 1841 12466 21071 8558
internal_value=-0.000193393 -0.00031433 -0.00041494 -0.00429703 -0.0183385 -0.000266175 0.000287751 0.000853278 -0.00172912 -0.00105233 -0.00508363 0.00110029 0.000842501 0.00160274
internal_weight=18640.7 18237.2 17778.1 650.981 95.8978 17127.1 10049.4 7567.88 555.083 7077.69 335.828 7134.8 6514.19 3381.54
internal_count=141364 137510 127958 14227 5486 113731 74177 55739 8741 39554 5189 52306 42095 21024
is_linear=0
shrinkage=0.03


Tree=208
num_leaves=14
num_cat=0
split_feature=3 2 2 3 2 6 6 9 3 3 2 6 0
split_gain=12.9111 21.2136 12.6614 8.6059 12.4859 5.34266 5.23436 3.01662 1.81264 7.73082 1.63131 0.234748 2.18031
threshold=1.5000000000000002 82.500000000000014 126.50000000000001 3.5000000000000004 69.500000000000014 0.81920447200000013 1.2788972875000002 1.5000000000000002 6.5000000000000009 7.5000000000000009 110.50000000000001 0.98754317800000002 12.500000000000002
decision_type=2 2 2 2 2 2 2 2 2 2 2 2 2
left_child=1 5 3 6 8 -1 -2 -4 -5 -10 -3 12 -12
right_child=2 10 7 4 -6 -7 -8 -9 9 -11 11 -13 -14
leaf_value=0.012889515547431913 0.00050769572885327608 0.0016145672464389982 -0.0033271303618314803 -0.00014617197823430805 -0.0033271303618314803 0.0051634320335695715 -0.00014617197823430805 -0.0059708869635005978 -0.00014617197823430805 -0.0033271303618314803 0.0016145672464389982 0.00050769572885327608 0.00050769572885327608
leaf_weight=101.85726454481483 3998.0819014806766 1194.4075501495972 1024.1459143389948 2124.6431529561523 1172.2101291331928 397.63933693058789 1084.2578701525927 391.35499957739376 226.76900551142171 120.85089321457781 1046.1486868746579 4917.8286115005612 838.51161947846413
leaf_count=6834 29831 9223 8924 18109 13797 3320 6518 3625 3022 3909 5714 23955 4557
internal_value=2.20344e-05 0.000884428 -0.000700487 -0.000272781 -0.00138442 0.00685107 0.000507696 -0.00332713 -0.000146172 -0.00229716 0.000507696 0.000507696 0.00100772
internal_weight=18638.7 8496.39 10142.3 8726.81 3644.47 499.497 5082.34 1415.5 2472.26 347.62 7996.9 6802.49 1884.66
internal_count=141338 53603 87735 75186 38837 10154 36349 12549 25040 6931 43449 34226 10271
is_linear=0
shrinkage=0.03


Tree=209
num_leaves=15
num_cat=0
split_feature=8 9 0 7 2 8 2 8 1 2 8 4 8 2
split_gain=13.2369 10.0007 14.9451 15.0715 11.288 8.9192 6.99646 4.92514 8.58944 7.00522 5.48888 8.15962 4.79627 4.69974
threshold=27.500000000000004 1.5000000000000002 19.500000000000004 0.087648320943117156 109.50000000000001 9.5000000000000018 26.500000000000004 4.5000000000000009 112.50000000000001 115.50000000000001 21.500000000000004 11.510915994500001 13.500000000000002 73.500000000000014
decision_type=2 2 2 2 2 2 2 2 2 2 2 2 2 2
left_child=1 6 -3 4 -4 -5 -1 -8 9 -9 11 -11 -13 -7
right_child=-2 2 3 5 -6 13 7 8 -10 10 -12 12 -14 -15
leaf_value=0.0034243827835703125 0.0036409519378249777 0.0050055088985095858 -0.0050629536099951579 -0.0050629536099951579 -0.018677740402126816 0.0020583656072025447 -0.0017733035446169088 0.00047547899140634048 0.0033208723304369043 -0.00098012640233625936 0.00047547899140634048 -0.0095811419495087057 -0.0024579438882933935 -0.0026701720107746509
leaf_weight=515.89988579484634 833.06667213281617 202.658500863472 145.87895129877143 374.77088363375515 88.461190947331488 385.57466564280912 1448.3022128674202 7847.3990891221911 686.73914986476302 4552.4400500860065 815.54111508931965 154.65270513365977 192.3563471827656 361.91089862957597
leaf_count=10628 7668 1340 5805 2323 2294 2777 7996 61975 3639 23151 4386 2640 2820 1935
internal_value=-4.3506e-05 -0.000217186 -0.00250796 -0.00364464 -0.0104852 -0.00217608 3.82659e-06 -0.000109645 6.00139e-05 -0.000106264 -0.000904789 -0.00132158 -0.00572356 -0.000233586
internal_weight=18605.7 17772.6 1559.26 1356.6 234.34 1122.26 16213.3 15697.4 14249.1 13562.4 5714.99 4899.45 347.009 747.486
internal_count=141377 133709 16474 15134 8099 7035 117235 106607 98611 94972 32997 28611 5460 4712
is_linear=0
shrinkage=0.03


Tree=210
num_leaves=15
num_cat=0
split_feature=8 0 3 4 4 7 8 8 6 6 8 6 0 8
split_gain=8.08015 20.6354 9.80946 12.8289 8.51526 7.32246 9.02023 6.59106 4.65317 8.26226 18.4597 3.62452 2.91169 2.04346
threshold=6.5000000000000009 17.500000000000004 6.5000000000000009 9.3038593065000033 9.2750190985000014 0.1183120906352997 18.500000000000004 31.500000000000004 0.83995958150000016 0.63423049300000012 16.500000000000004 1.1365027830000003 67.500000000000014 10.500000000000002
decision_type=2 2 2 2 2 2 2 2 2 2 2 2 2 2
left_child=1 11 7 -4 -3 6 -5 8 9 10 13 -1 -11 -2
right_child=2 4 3 5 -6 -7 -8 -9 -10 12 -12 -13 -14 -15
leaf_value=0.00066826708510826967 0.0012005169942514184 -0.0035398784807959146 0.0001401161783183243 -0.020104772112234295 -0.010484633226961845 -0.003805698670954922 -0.003805698670954922 0.0045584253996303623 0.0001401161783183243 0.0012005169942514184 0.023170488902573783 -0.0023956535400743609 0.0001401161783183243 0.0078809895712661556
leaf_weight=1338.9182030481752 23.980336379725486 420.72816341370344 99.219725208822638 74.709118084516376 258.89570913417265 138.45612103119493 44.36910062469542 298.87346158665605 14566.002357127145 626.01289797760546 47.155629503773525 463.68150240182877 182.11704193660989 42.783044316107407
leaf_count=6924 1695 2777 819 5883 2933 650 2250 2818 87474 9480 6436 2805 4282 4275
internal_value=-0.000216986 -0.00180867 2.82333e-05 -0.00485626 -0.00624266 -0.008713 -0.0140356 0.000140116 0.000140116 0.00229491 0.00968153 -0.00012431 0.00120052 0.00120052
internal_weight=18625.9 2482.22 16143.7 356.754 679.624 257.534 119.078 15786.9 15488.1 922.049 113.919 1802.6 808.13 66.7634
internal_count=141501 15439 126062 9602 5710 8783 8133 116460 113642 26168 12406 9729 13762 5970
is_linear=0
shrinkage=0.03


Tree=211
num_leaves=15
num_cat=0
split_feature=8 0 3 2 3 5 2 3 8 5 2 2 0 8
split_gain=10.3876 18.3637 12.531 20.9129 24.1559 9.53718 7.83518 12.3749 10.0809 15.2965 6.32845 5.91554 3.09264 2.76999
threshold=6.5000000000000009 17.500000000000004 6.5000000000000009 22.500000000000004 7.5000000000000009 0.43866982250000003 69.500000000000014 1.5000000000000002 21.500000000000004 0.55059009550000015 45.500000000000007 173.50000000000003 59.500000000000007 2.5000000000000004
decision_type=2 2 2 2 2 2 2 2 2 2 2 2 2 2
left_child=1 11 6 -4 -5 -3 7 12 -9 10 -10 13 -2 -1
right_child=2 5 3 4 -6 -7 -8 8 9 -11 -12 -13 -14 -15
leaf_value=-0.00057077317366600064 0.014373409809480295 -0.0033947681677649645 0.00026235384833141569 -0.0047239035281510583 -0.028255710613114979 -0.010835477618222521 0.00026235384833141569 0.00026235384833141569 0.0081287461495250946 0.00026235384833141569 0.0028065151140608956 -0.0028863545342594525 0.0081287461495250946 0.0022650572499586298
leaf_weight=637.4447948418092 74.848469350254163 428.84349134610966 179.27992852823809 120.32012079097331 55.228589248843491 244.57859382359311 12115.055869419593 2508.6604293498676 267.86038235272281 376.1909193135798 213.98479777760804 567.09423441812396 168.13864640821703 595.55640000896528
leaf_count=3387 3109 2815 1775 3279 4473 2858 75452 24565 4849 2729 1583 3194 3697 3157
internal_value=-0.000142849 -0.00195067 0.000135768 -0.00539976 -0.0127046 -0.00615708 0.000262354 0.00165911 0.00118081 0.00397836 0.00752577 -0.000364337 0.00812875 0.000802588
internal_weight=18553.1 2473.52 16079.6 354.829 175.549 673.422 15724.7 3609.68 3366.7 858.036 481.845 1800.1 242.987 1233
internal_count=140922 15411 125511 9527 7752 5673 115984 40532 33726 9161 6432 9738 6806 6544
is_linear=0
shrinkage=0.03


Tree=212
num_leaves=15
num_cat=0
split_feature=8 2 0 0 3 2 0 8 2 9 6 9 2 6
split_gain=8.40895 12.522 14.4031 13.842 13.1529 15.3414 9.6755 13.4116 15.2999 21.1911 6.44686 15.6904 8.56446 3.67847
threshold=13.500000000000002 56.500000000000007 76.500000000000014 58.500000000000007 1.5000000000000002 155.50000000000003 14.500000000000002 5.5000000000000009 136.50000000000003 1.0000000180025095e-35 1.3716629205000002 1.0000000180025095e-35 74.500000000000014 1.4723342450000001
decision_type=2 2 2 2 2 2 2 2 2 2 2 2 2 2
left_child=6 2 3 -2 5 -3 -1 -8 -9 -10 -6 -12 -13 -14
right_child=1 4 -4 -5 10 -7 7 8 9 -11 11 12 13 -15
leaf_value=0.00060293462183906327 0.021330651227046679 0.0018289073875434442 0.0018289073875434442 0.0031711254912215 -0.0012951712386929264 -0.0012951712386929264 -0.0066919001179462116 -0.00046562745901026933 -0.00046562745901026933 -0.0092270962794319348 -0.0012951712386929264 -0.0019364929938476296 -0.0074860888509032343 -0.015559672139418458
leaf_weight=2858.6740725594573 64.414673040155321 3218.6309093723539 1855.575901285978 87.498379946220666 3145.5672076912597 783.38745788298547 415.44214297598228 4561.2955883652903 304.15283550624736 452.8780968207866 485.43710941215977 115.01336302305572 112.01008479809389 124.94981809216551
leaf_count=15454 2247 20427 21240 3041 16979 4231 3417 36385 1990 4006 5381 1900 1085 3539
internal_value=-0.000134181 0.000457467 0.00257234 0.0113055 -7.55057e-05 0.00113846 -0.000822097 -0.00153248 -0.00112354 -0.00505858 -0.00129517 -0.00392149 -0.00876909 -0.0119769
internal_weight=18584.9 9992.48 2007.49 151.913 7985 4002.02 8592.44 5733.77 5318.33 757.031 3982.98 837.41 351.973 236.96
internal_count=141322 80070 26528 5288 53542 24658 61252 45798 42381 5996 28884 11905 6524 4624
is_linear=0
shrinkage=0.03


Tree=213
num_leaves=15
num_cat=0
split_feature=3 2 6 2 3 2 6 0 0 6 4 3 6 2
split_gain=9.01183 18.8452 24.3737 6.30579 10.2734 6.19985 4.48813 4.29997 5.56853 2.82937 9.8884 2.61542 2.56609 0.909947
threshold=6.5000000000000009 43.500000000000007 1.1502082990000002 101.50000000000001 2.5000000000000004 50.500000000000007 1.2291923000000002 33.500000000000007 23.500000000000004 0.87008944150000012 6.120606060500001 1.0000000180025095e-35 1.2788972875000002 18.500000000000004
decision_type=2 2 2 2 2 2 2 2 2 2 2 2 2 2
left_child=3 13 -3 4 5 9 -5 8 -7 10 -1 -8 -9 -2
right_child=1 2 -4 6 -6 7 11 12 -10 -11 -12 -13 -14 -15
leaf_value=0.021430317047441059 -0.00025669271616378516 -0.0011907753446721838 -0.028386557362478949 -0.00025669271616378516 -0.00025669271616378516 0.0060928269283931358 -0.00025669271616378516 0.0011092072331022097 0.0011092072331022097 0.0060928269283931358 0.0060928269283931358 -0.0011907753446721838 -0.00025669271616378516 -0.0011907753446721838
leaf_weight=45.235039286781102 149.53022730862722 24.702427723444998 54.167864800430834 8320.1676969174296 4931.2480194778182 107.63852009992115 526.50571206025779 1904.347262325231 125.81813742732629 211.11872447095811 41.089952230453491 1737.0617183567956 282.66753216087818 147.21863290644251
leaf_count=6199 1470 191 6205 40403 39590 2270 3345 15292 2148 1728 906 17724 1399 2650
internal_value=-0.000191677 -0.00476042 -0.0173195 -9.62758e-05 0.000559773 0.00203888 -0.000570461 0.00152917 0.00535762 0.00609283 0.0115623 -0.00119078 0.00110921 -0.00119078
internal_weight=18608.5 375.619 78.8703 18232.9 7649.16 2717.92 10583.7 2420.47 233.457 297.444 86.325 2263.57 2187.01 296.749
internal_count=141520 10516 6396 131004 69532 29942 61472 21109 4418 8833 7105 21069 16691 4120
is_linear=0
shrinkage=0.03


Tree=214
num_leaves=13
num_cat=0
split_feature=3 2 2 8 6 2 8 2 8 9 6 6
split_gain=6.64095 14.2271 10.7301 7.63943 7.56051 15.2955 9.13167 2.94855 6.44023 2.74401 0.848775 1.95459
threshold=1.5000000000000002 88.500000000000014 130.50000000000003 13.500000000000002 1.2886676375000004 93.500000000000014 25.500000000000004 72.500000000000014 19.500000000000004 1.5000000000000002 1.8387693905000002 2.2118375415000004
decision_type=2 2 2 2 2 2 2 2 2 2 2 2
left_child=1 3 4 -1 -2 6 10 8 -5 -4 -6 -12
right_child=2 -3 9 7 5 -7 -8 -9 -10 -11 11 -13
leaf_value=0.00023267114636176973 0.00023267114636176973 0.00023267114636176973 -0.0032378415196742784 0.014557685369351878 0.00023267114636176973 -0.0032378415196742784 -0.0032378415196742784 0.0044971694487577762 0.0044971694487577762 -0.0059430774115896388 0.00023267114636176973 -0.0032378415196742784
leaf_weight=194.16925412160344 6274.3251327725593 7796.8621579408646 834.6169828295242 107.14858182682656 1556.6851670285687 602.76659015449695 290.84777275775559 245.0658161570318 109.79556142282672 339.61867805127986 120.75573945883662 74.213047328172252
leaf_count=3222 46453 41657 7608 2757 10486 8439 2565 2840 3078 3243 2840 6110
internal_value=-2.90188e-05 0.000591122 -0.000548389 0.00481634 -0.000192715 -0.00154972 -7.1173e-06 0.00690113 0.00945421 -0.00323784 0.000232671 -0.00260889
internal_weight=18546.9 8453.04 10093.8 656.179 8919.59 2645.27 2042.5 462.01 216.944 1174.24 1751.65 194.969
internal_count=141298 53554 87744 11897 76893 30440 22001 8675 5835 10851 19436 8950
is_linear=0
shrinkage=0.03


Tree=215
num_leaves=15
num_cat=0
split_feature=3 8 3 3 8 8 8 1 6 8 9 4 8 5
split_gain=8.73886 10.4634 8.04043 9.79128 4.33644 3.37239 2.74895 2.02461 1.90035 2.28372 3.16745 1.57626 7.45317 2.15132
threshold=1.5000000000000002 5.5000000000000009 6.5000000000000009 7.5000000000000009 19.500000000000004 17.500000000000004 27.500000000000004 98.500000000000014 1.3415489150000004 25.500000000000004 1.0000000180025095e-35 6.5616238320000013 16.500000000000004 0.054608698500000004
decision_type=2 2 2 2 2 2 2 2 2 2 2 2 2 2
left_child=6 -2 4 5 7 -4 11 -3 -6 10 -10 12 13 -1
right_child=1 2 3 -5 8 -7 -8 -9 9 -11 -12 -13 -14 -15
leaf_value=0.0087737091927793057 -0.0057624585343893182 -0.00069665103077738222 -0.00069665103077738222 -0.011602459536819661 0.00063558679645415637 -0.0058408059036447113 0.0033375174122587089 0.00063558679645415637 0.00063558679645415637 -0.0012270758637388168 -0.0012270758637388168 0.00063558679645415637 0.00063558679645415637 0.0024525705202815542
leaf_weight=144.39801838574931 345.57417765073478 6754.6576203589793 122.99292883696035 121.66577930038329 1581.9414312646259 112.34417340485379 334.16821372276172 262.97085087909363 305.49987625936046 285.47480898117647 219.62018948700279 7813.0242268070579 109.62082972680219 79.2033716365695
leaf_count=4978 3092 52606 2664 5503 13343 1731 2845 1652 2617 2356 2286 40628 4173 893
internal_value=-7.44379e-05 -0.000669875 -0.000486837 -0.0048744 -0.000317882 -0.00122708 0.000635587 -0.000696651 0.000635587 -0.000838057 0.000635587 0.000635587 0.00275858 0.00663727
internal_weight=18593.2 10112.7 9767.17 357.003 9410.16 235.337 8480.41 7017.63 2392.54 810.595 525.12 8146.25 333.222 223.601
internal_count=141367 87850 84758 9898 74860 4395 53517 54258 20602 7259 4903 50672 10044 5871
is_linear=0
shrinkage=0.03


Tree=216
num_leaves=10
num_cat=0
split_feature=3 5 2 8 2 9 6 8 3
split_gain=8.35948 15.6911 26.6272 9.12708 7.87847 8.5788 7.78602 3.59676 1.27781
threshold=6.5000000000000009 0.41998025200000005 41.500000000000007 31.500000000000004 26.500000000000004 1.0000000180025095e-35 1.3534316025000004 21.500000000000004 4.5000000000000009
decision_type=2 2 2 2 2 2 2 2 2
left_child=3 -2 -3 4 5 6 7 -1 -7
right_child=1 2 -4 -5 -6 8 -8 -9 -10
leaf_value=0.007449823366906267 -5.9542196343978484e-05 -0.0036864195938241025 -0.026247737476981267 0.005178604781478525 -5.9542196343978484e-05 0.0029918224546078794 -5.9542196343978484e-05 0.017396333951156792 -5.9542196343978484e-05
leaf_weight=98.551450465340167 120.11220285994932 196.15350081562065 57.874737803591415 294.37797533790581 17347.995532725705 125.86283719795756 71.717067326419055 58.292351249838248 202.27118159993552
leaf_count=3803 967 3140 6393 2805 116352 3212 505 2061 2162
internal_value=-0.00015141 -0.00456035 -0.00923396 -5.95422e-05 -5.95422e-05 0.00352766 0.00792239 0.0115698 0.000393561
internal_weight=18573.2 374.14 254.028 18199.1 17904.7 556.695 228.561 156.844 328.134
internal_count=141400 10500 9533 130900 128095 11743 6369 5864 5374
is_linear=0
shrinkage=0.03


Tree=217
num_leaves=15
num_cat=0
split_feature=3 8 6 5 0 9 6 8 4 8 0 8 8 8
split_gain=9.23848 7.45609 5.96467 20.7336 4.15245 3.93945 15.2981 4.89607 10.7608 2.64243 2.17896 1.64832 1.3227 1.05096
threshold=1.5000000000000002 7.5000000000000009 1.8675886035000002 1.1012932605000003 8.5000000000000018 1.0000000180025095e-35 1.0338468760000001 15.500000000000002 8.091326105000002 19.500000000000004 2.5000000000000004 20.500000000000004 19.500000000000004 10.500000000000002
decision_type=2 2 2 2 2 2 2 2 2 2 2 2 2 2
left_child=1 10 -2 11 -3 7 -7 13 12 -10 -1 -4 -9 -6
right_child=2 4 3 -5 5 6 -8 8 9 -11 -12 -13 -14 -15
leaf_value=0.00088910676286378524 -0.00077186773743473142 0.0037733880294647387 -0.00077186773743473142 -0.020828130894615347 0.0037733880294647387 0.0037733880294647387 -0.00077186773743473142 0.0017724624562196329 -0.00077186773743473142 0.00074930053214242078 -0.00077186773743473142 -0.0048466983494975377 0.0037733880294647387 0.0021148138548005304
leaf_weight=732.79211821220815 9882.0857372242026 477.92203408875503 111.73162530502304 54.749290039646439 449.56538188434206 636.45127499871887 875.65331111289561 340.5570723481942 715.23353720456362 1025.9302096217871 1428.2273032250814 84.774975380161777 453.36682875617407 1284.4140253458172
leaf_count=3902 75347 2572 3945 7339 2830 4760 4528 3783 3500 4967 7931 1375 6113 8418
internal_value=-0.000161813 0.000572391 -0.000771868 -0.0053501 0.00109954 0.000875427 -0.000439351 0.00134109 0.000499029 -0.000771868 -0.000771868 -0.000771868 0.00338279 0.00256722
internal_weight=18553.5 8420.11 10133.3 251.256 6259.09 5781.17 1512.1 4269.07 2535.09 1741.16 2161.02 196.507 793.924 1733.98
internal_count=141310 53304 88006 12659 41471 38899 9288 29611 18363 8467 11833 5320 9896 11248
is_linear=0
shrinkage=0.03


Tree=218
num_leaves=13
num_cat=0
split_feature=8 2 8 0 5 9 2 0 8 0 2 8
split_gain=7.57272 9.68048 10.4883 8.42225 8.76028 3.71231 12.9666 22.4579 14.1331 6.87825 3.83525 2.71102
threshold=24.500000000000004 16.500000000000004 15.500000000000002 87.500000000000014 0.5289260360000001 1.0000000180025095e-35 134.50000000000003 16.500000000000004 14.500000000000002 25.500000000000004 173.50000000000003 30.500000000000004
decision_type=2 2 2 2 2 2 2 2 2 2 2 2
left_child=1 2 -1 11 -5 10 -7 -8 9 -9 -3 -2
right_child=3 5 -4 4 -6 6 7 8 -10 -11 -12 -13
leaf_value=-0.00044707258563887845 0.003020422179958732 -0.00044707258563887845 0.0092986267506185664 0.003020422179958732 -0.0055544862093599556 -0.00044707258563887845 -0.00044707258563887845 -0.0060261012197637773 -0.002201020796876126 -0.012783810433041614 -0.0030300837539012021 0.0059600194489091039
leaf_weight=100.5865817735903 944.57509997533634 8674.282843783265 187.745348127326 166.13977509993128 240.67630757880397 5350.3587103419704 771.09983651712537 289.18922165129334 425.4318455104949 281.85166520485654 885.85954558709636 282.63636900368147
leaf_count=2555 7138 59061 3964 2600 2359 44005 4041 1784 3112 3371 5119 2417
internal_value=-0.00016416 -0.000352181 0.00505074 0.00178321 -0.00194035 -0.000447073 -0.00113205 -0.00335733 -0.00637787 -0.00944355 -0.000447073 0.00302042
internal_weight=18600.4 16966.4 288.332 1634.03 406.816 16678.1 7117.93 1767.57 996.473 571.041 9560.14 1227.21
internal_count=141526 127012 6519 14514 4959 120493 56313 12308 8267 5155 64180 9555
is_linear=0
shrinkage=0.03


Tree=219
num_leaves=15
num_cat=0
split_feature=3 2 2 6 1 2 4 9 2 6 9 9 9 2
split_gain=7.27266 11.8431 7.1832 6.94347 4.88018 14.9723 4.59826 9.03069 5.5878 3.85186 2.22316 0.848347 0.662926 1.70052
threshold=3.5000000000000004 64.500000000000014 77.500000000000014 1.5004760195000002 74.500000000000014 108.50000000000001 6.0250000000000012 1.0000000180025095e-35 62.500000000000007 1.4392465905000003 1.5000000000000002 1.0000000180025095e-35 1.0000000180025095e-35 59.500000000000007
decision_type=2 2 2 2 2 2 2 2 2 2 2 2 2 2
left_child=2 -2 3 6 5 10 7 8 -1 -7 11 -3 -8 -14
right_child=1 4 -4 -5 -6 9 12 -9 -10 -11 -12 -13 13 -15
leaf_value=0.01757073485226741 0.00036489667231857101 -0.004122868030914488 0.00036489667231857101 0.00036489667231857101 0.00036489667231857101 -0.0072167206307264869 0.0024438757340615653 0.0024438757340615653 0.0024438757340615653 -0.017071485308834171 0.00036489667231857101 -0.0022705409431673204 0.0024438757340615653 0.00036489667231857101
leaf_weight=72.603784246137366 2266.8328887876123 410.98544635134749 12593.919758373871 156.02848239336163 158.13010944868438 88.740162645466626 1236.9493618588895 59.443753235507756 27.335057836025953 74.43888778577093 201.81747473590076 542.2481580406893 313.3210478797555 344.85446693003178
leaf_count=7836 23236 3715 70821 1013 1562 1069 9650 4101 1410 3672 3310 5616 2434 1988
internal_value=0.000183006 -0.000997555 0.000481738 0.0020997 -0.00308366 -0.00371353 0.00286932 0.00769983 0.0134443 -0.0120861 -0.0024837 -0.00308652 0.00244388 0.00147192
internal_weight=18547.6 3743.19 14804.5 2210.54 1476.36 1318.23 2054.51 159.383 99.9388 163.179 1155.05 953.234 1895.12 658.176
internal_count=141433 42180 99253 28432 18944 17382 27419 13347 9246 4741 12641 9331 14072 4422
is_linear=0
shrinkage=0.03


Tree=220
num_leaves=15
num_cat=0
split_feature=8 2 3 2 6 2 0 2 8 2 9 6 3 2
split_gain=10.7902 9.39551 13.2931 10.5536 28.9469 9.22165 6.34689 6.01056 5.75491 5.02615 6.63721 5.12316 4.04637 7.35766
threshold=30.500000000000004 16.500000000000004 3.5000000000000004 85.500000000000014 1.3473912365000003 125.50000000000001 18.500000000000004 95.500000000000014 16.500000000000004 51.500000000000007 1.0000000180025095e-35 0.96804425100000013 1.0000000180025095e-35 169.50000000000003
decision_type=2 2 2 2 2 2 2 2 2 2 2 2 2 2
left_child=1 -1 5 -4 -5 6 -3 -6 -9 10 11 -8 13 -7
right_child=-2 2 3 4 7 12 9 8 -10 -11 -12 -13 -14 -15
leaf_value=0.0046066844567465041 0.0047488226312628065 0.004246083931422698 -0.0011885854689881329 -0.0011885854689881329 -0.0054302792461019224 0.00028760422192792635 0.004246083931422698 -0.019935135665775559 -0.0076346091999977671 0.00028760422192792635 0.004246083931422698 0.00028760422192792635 -0.0011885854689881329 -0.0011885854689881329
leaf_weight=344.4458003307227 389.69299918226898 434.82065861299634 2622.2216531608719 451.86033212020993 70.786302424035966 2497.9687278550118 140.1239537014626 122.24126987135969 59.288932307157665 6593.8968174569309 230.79835868952796 259.22165252454579 3306.5073082568124 1019.9503527544439
leaf_count=8017 3829 4752 24758 3054 1778 11399 5698 4829 1756 41139 3546 1671 19691 5425
internal_value=-0.00015849 -0.000265108 -0.000360597 -0.00206929 -0.00531738 3.24207e-05 0.000746759 -0.0133646 -0.01623 0.000533341 0.00308225 0.000287604 -0.000769221 -1.52735e-05
internal_weight=18543.8 18154.1 17809.7 3326.4 704.177 14483.3 7658.86 252.317 181.53 7224.04 630.144 399.346 6824.43 3517.92
internal_count=141342 137513 129496 36175 11417 93321 56806 8363 6585 52054 10915 7369 36515 16824
is_linear=0
shrinkage=0.03


Tree=221
num_leaves=15
num_cat=0
split_feature=8 2 7 5 9 1 2 8 6 9 1 2 9 8
split_gain=8.43891 7.13703 16.7084 8.59798 6.39503 10.5431 19.4771 12.4201 5.54605 39.2569 5.1432 5.04982 4.63926 2.7169
threshold=13.500000000000002 71.500000000000014 0.92114984989166271 -0.20019199749999997 1.0000000180025095e-35 105.50000000000001 131.50000000000003 5.5000000000000009 1.3655234680000004 1.0000000180025095e-35 23.500000000000004 169.50000000000003 1.5000000000000002 16.500000000000004
decision_type=2 2 2 2 2 2 2 2 2 2 2 2 2 2
left_child=4 2 12 -4 11 6 7 -6 -3 -10 -9 -1 13 -2
right_child=1 8 3 -5 5 -7 -8 10 9 -11 -12 -13 -14 -15
leaf_value=0.00043632600043195819 0.0024439954032675565 0.0002721232022603217 0.02087441605843985 0.0062588421671441541 -0.0069356996396913156 0.0020446737597761711 -0.0069356996396913156 -0.0045962364588698831 0.0002721232022603217 -0.011301937971631879 -0.00011217511061262343 -0.002145541148507118 0.0044673633340135792 0.0002721232022603217
leaf_weight=3731.9239842945244 577.56758123636246 6218.8362705111504 44.644801918650046 164.84653438907117 251.70714822702575 582.45582827320322 656.34397391078528 251.07057521864772 537.74951833346859 301.06228480569553 2282.7803398966789 828.94143255474046 316.76046073017642 1809.1881345910951
leaf_count=24490 4309 34282 7992 5179 2088 3315 5576 3988 5584 5452 17324 4497 3505 13864
internal_value=-0.000114954 0.000478603 0.00172655 0.00978757 -0.000804174 -0.00167503 -0.00230655 -0.00120534 -3.73385e-05 -0.00231966 -0.000564662 -3.47664e-05 0.001085 0.000627705
internal_weight=18555.9 9970.66 2913.01 209.491 8585.22 4024.36 3441.9 2785.56 7057.65 838.812 2533.85 4560.87 2703.52 2386.76
internal_count=141445 80167 34849 13171 61278 32291 28976 23400 45318 11036 21312 28987 21678 18173
is_linear=0
shrinkage=0.03


Tree=222
num_leaves=15
num_cat=0
split_feature=3 2 6 8 2 0 8 2 8 5 3 9 3 8
split_gain=7.62476 16.6116 23.477 9.11225 7.72875 14.0699 8.13128 4.31185 7.22015 5.23479 4.18603 2.2287 8.99374 2.4466
threshold=6.5000000000000009 44.500000000000007 1.1365027830000003 30.500000000000004 127.50000000000001 17.500000000000004 6.5000000000000009 59.500000000000007 14.500000000000002 0.13199363250000004 3.5000000000000004 1.0000000180025095e-35 4.5000000000000009 21.500000000000004
decision_type=2 2 2 2 2 2 2 2 2 2 2 2 2 2
left_child=3 -2 -3 4 5 -1 -7 8 -8 -10 -9 13 -13 -11
right_child=1 2 -4 -5 -6 6 7 10 9 11 -12 12 -14 -15
leaf_value=0.0053821897752963747 -0.0011484571833639099 -0.0011484571833639099 -0.028488803587055071 0.0044679110463430082 -0.00100931446365505 -0.00100931446365505 1.5539670344763109e-05 1.5539670344763109e-05 0.0053821897752963747 1.5539670344763109e-05 -0.00100931446365505 0.0053821897752963747 1.5539670344763109e-05 0.0029227568123239055
leaf_weight=461.58901851740666 296.52553454972804 25.087196363136172 48.662846259074286 379.54780171299353 6644.8908730885014 491.71262135240249 911.86718031857163 6223.3325117591303 174.70022166334093 462.35895621450618 1394.2613359531388 337.05891014076769 372.43862681789324 325.72899195365608
leaf_count=4898 4200 189 5994 3615 37540 3558 10882 37474 10205 3245 12388 2148 2677 2375
internal_value=-0.00018851 -0.00442127 -0.0166718 -0.000101106 -0.000199759 0.000282717 6.01831e-05 0.000375034 0.00143268 0.00265643 1.55397e-05 0.00198727 0.00320188 0.000880495
internal_weight=18549.8 370.276 73.75 18179.5 17799.9 11155 10693.5 10201.7 2584.15 1672.29 7617.59 1497.59 709.498 788.088
internal_count=141388 10383 6183 131005 127390 89850 84952 81394 31532 20650 49862 10445 4825 5620
is_linear=0
shrinkage=0.03


Tree=223
num_leaves=15
num_cat=0
split_feature=3 2 8 2 2 9 7 8 2 9 8 8 2 3
split_gain=8.56706 10.9634 32.5629 10.7007 4.7438 14.4412 23.2786 6.96281 4.43964 4.25984 7.45598 1.79892 3.45737 0.453726
threshold=3.5000000000000004 115.50000000000001 13.500000000000002 136.50000000000003 51.500000000000007 1.0000000180025095e-35 0.92859610915184032 14.500000000000002 32.500000000000007 1.0000000180025095e-35 4.5000000000000009 15.500000000000002 147.50000000000003 1.5000000000000002
decision_type=2 2 2 2 2 2 2 2 2 2 2 2 2 2
left_child=3 8 -3 4 5 6 -1 -7 -2 10 -5 -12 -13 -8
right_child=1 2 -4 9 -6 7 13 -9 -10 -11 11 12 -14 -15
leaf_value=0.00070511177850801155 0.00029298292086492881 -0.019740718501886065 -0.00092593152921602664 -0.00092593152921602664 0.00070511177850801155 0.0030001964065386457 0.020418114505819786 0.013109301332562818 -0.00092593152921602664 -0.00092593152921602664 0.00070511177850801155 0.00070511177850801155 -0.00092593152921602664 0.012063591747430755
leaf_weight=372.48036235338077 905.48109757620841 107.2690933245467 87.996730132261291 1021.5110919885337 8717.9625528503675 109.3478328215424 27.016180337872356 146.40298126684502 2644.6671025024261 1685.3641238901764 1476.880244220607 402.35717537906021 743.34714499488473 65.785856470232829
leaf_count=2986 10855 2848 1946 4825 55095 2079 2965 2615 26572 10460 7518 1956 3980 4589
internal_value=-3.20905e-05 -0.00131256 -0.00814331 0.000292983 0.000899606 0.00323018 0.000705112 0.0089275 -0.000925932 -0.000781243 0.000114458 0.000705112 -0.000647203 0.0154152
internal_weight=18513.9 3745.41 195.266 14768.5 9439 721.033 465.282 255.751 3550.15 5329.46 3644.1 2622.58 1145.7 92.802
internal_count=141289 42221 4794 99068 70329 15234 10540 4694 37427 28739 18279 13454 5936 7554
is_linear=0
shrinkage=0.03


Tree=224
num_leaves=15
num_cat=0
split_feature=8 0 5 2 9 0 8 8 8 2 0 2 8 8
split_gain=6.92186 14.6209 11.3362 7.71205 15.6126 8.61883 6.94004 5.94727 4.72225 3.36249 3.33839 1.70346 5.57775 0.951256
threshold=6.5000000000000009 7.5000000000000009 0.45595667450000005 138.50000000000003 1.0000000180025095e-35 18.500000000000004 15.500000000000002 15.500000000000002 21.500000000000004 173.50000000000003 11.500000000000002 15.500000000000002 23.500000000000004 2.5000000000000004
decision_type=2 2 2 2 2 2 2 2 2 2 2 2 2 2
left_child=1 9 -3 10 7 -6 -7 -5 -9 13 -2 12 -12 -1
right_child=3 2 -4 4 5 6 -8 8 -10 -11 11 -13 -14 -15
leaf_value=0.00072218218858037476 0.0040784440578619718 -0.002130379289709845 -0.0093304386086349635 0.00070622249513224201 -0.00086977678173606103 -0.0084814639221518565 -0.0023751697165717328 -0.0032723403695554647 0.00070622249513224201 -0.0015103177413808336 0.0040784440578619718 0.00070622249513224201 0.00070622249513224201 0.0026022119907692935
leaf_weight=609.99837252800353 259.42780188564211 676.96047442243434 275.07477805833332 1134.9985728277825 600.38037587329745 379.6012683698209 306.08817060175352 602.41045542620122 458.38826194521971 502.61207406967878 233.72696615057066 11974.889641198213 88.554080734262243 403.0621684123762
leaf_count=3258 2064 4126 3156 6003 3195 3681 2358 3328 2353 2750 5556 94950 2331 2137
internal_value=0.000132151 -0.00134537 -0.00424859 0.000359833 -0.000888566 -0.00350672 -0.00579257 0.000649357 -0.00153679 0.000486199 0.000706222 0.000706222 0.0029178 0.00147929
internal_weight=18506.2 2467.71 952.035 16038.5 3481.87 1286.07 685.689 2195.8 1060.8 1515.67 12556.6 12297.2 322.281 1013.06
internal_count=141246 15427 7282 125819 20918 9234 6039 11684 5681 8145 104901 102837 7887 5395
is_linear=0
shrinkage=0.03


Tree=225
num_leaves=15
num_cat=0
split_feature=8 9 1 8 8 6 1 6 8 8 8 3 3 9
split_gain=7.88604 6.38924 19.6318 7.02656 5.38541 4.48115 4.35587 8.61375 3.10458 7.02272 2.58915 8.46919 3.33123 2.64284
threshold=31.500000000000004 1.5000000000000002 100.50000000000001 8.5000000000000018 3.5000000000000004 0.99081415700000008 112.50000000000001 1.0399701890000002 11.500000000000002 14.500000000000002 11.500000000000002 5.5000000000000009 6.5000000000000009 1.0000000180025095e-35
decision_type=2 2 2 2 2 2 2 2 2 2 2 2 2 2
left_child=1 4 3 -3 5 -1 10 -8 -5 -10 13 -12 -13 -6
right_child=-2 2 -4 8 6 -7 7 -9 9 -11 11 12 -14 -15
leaf_value=0.00056879075519862044 0.0046410037295738244 -0.00685315244409373 0.0069846800487300071 0.00078149973207028867 6.579494913739551e-05 -0.0033103314005955313 0.0052499836347378367 6.579494913739551e-05 -0.0067686558510994038 -0.00072133575847784849 6.579494913739551e-05 -0.0022248909105700037 -0.007622192463018697 -0.001485167690208399
leaf_weight=414.68153189308941 311.72048490098678 351.77772519562859 188.58810285991058 273.2543940411415 1853.0978880398907 746.15890170284547 437.67517705494538 396.19858677685261 268.71216175332665 472.69388954970054 10399.566894961288 282.15399662777781 163.03792195371352 1952.5389851398068
leaf_count=2632 3035 3809 1243 3207 12772 3746 2467 1979 2988 5327 76341 3445 3995 14406
internal_value=-5.21978e-05 -0.000133833 -0.00196964 -0.00322642 3.82128e-05 -0.00192811 0.000186201 0.00228863 -0.00194161 -0.00294376 6.57949e-05 6.57949e-05 -0.00426419 -0.000716198
internal_weight=18511.9 18200.1 1555.03 1366.44 16645.1 1160.84 15484.3 833.874 1014.66 741.406 14650.4 10844.8 445.192 3805.64
internal_count=141392 138357 16574 15331 121783 6378 115405 4446 11522 8315 110959 83781 7440 27178
is_linear=0
shrinkage=0.03


Tree=226
num_leaves=11
num_cat=0
split_feature=3 3 2 2 0 9 7 8 6 0
split_gain=8.10223 15.492 34.555 4.75655 8.94141 8.36395 5.63416 3.10145 1.24949 4.79812
threshold=6.5000000000000009 7.5000000000000009 20.500000000000004 33.500000000000007 93.500000000000014 1.0000000180025095e-35 0.40381129086017614 19.500000000000004 1.0614084245000004 87.500000000000014
decision_type=2 2 2 2 2 2 2 2 2 2
left_child=3 -2 -3 4 8 6 -6 -8 9 -1
right_child=1 2 -4 -5 5 -7 7 -9 -10 -11
leaf_value=0.021888277661319362 -0.0001058691821588426 -0.0001058691821588426 -0.028412784867748272 -0.0001058691821588426 2.9757308465224853e-05 -0.0001058691821588426 0.0036915531959872869 0.0098906425168818809 0.0098906425168818809 0.0098906425168818809
leaf_weight=39.608521755319089 243.32562677422538 62.350408292841166 60.354367001680657 17254.236939879367 133.25089144147933 462.68225262896158 101.27863304177299 102.33180184615776 34.583273253403604 35.717050100909546
leaf_count=4483 4603 743 5064 114397 868 5052 1899 2339 324 1647
internal_value=-0.000160418 -0.00454904 -0.0130108 -7.07516e-05 0.00206345 0.000932707 0.00484973 0.0079278 0.00989064 0.0143727
internal_weight=18529.7 366.03 122.705 18163.7 909.452 799.544 336.861 203.61 109.909 75.3256
internal_count=141419 10410 5807 131009 16612 10158 5106 4238 6454 6130
is_linear=0
shrinkage=0.03


Tree=227
num_leaves=15
num_cat=0
split_feature=3 7 9 2 4 8 4 4 7 8 6 1 6 1
split_gain=8.10066 13.7826 15.8807 7.18065 6.61997 5.96731 10.407 7.91905 4.47995 4.30269 0.154804 0.0744933 0.0677685 0.0338152
threshold=2.5000000000000004 0.010837605223059656 1.0000000180025095e-35 52.500000000000007 14.184367035000003 22.500000000000004 7.1770203405000013 5.9281411360000007 0.0016055412706919017 6.5000000000000009 1.2291923000000002 116.50000000000001 1.2788972875000002 118.50000000000001
decision_type=2 2 2 2 2 2 2 2 2 2 2 2 2 2
left_child=3 2 -2 5 -4 6 7 -1 -6 11 -11 -5 -12 -13
right_child=1 -3 4 9 8 -7 -8 -9 -10 10 12 13 -14 -15
leaf_value=0.021871365601394931 -0.00070030722675843554 -0.00070030722675843554 -0.0065201634747947892 -0.00070030722675843554 -0.026407638509309491 0.012167135262215845 0.00021654440568594452 0.0027738757004024226 -0.010179307134476753 0.00021654440568594452 -0.00028140942114093445 -5.4826720558468381e-05 -0.00068647543471093324 0.00021654440568594452
leaf_weight=32.279411996714771 90.744577025296167 6327.1369221766945 69.078773661982268 1183.5595609964803 41.648549053585157 69.958572881412692 178.13309018500149 44.640639073215425 37.736762466374785 7721.7321375096217 537.31499832868576 417.08894185209647 1281.8074734089896 471.94924153899774
leaf_count=4675 4342 46604 2761 6694 7704 2380 1370 1013 1523 45561 2891 2227 9047 2489
internal_value=-0.000124858 -0.000970808 -0.0079648 0.00034064 -0.0140092 0.00470441 0.00246288 0.0116339 -0.0197535 0.000216544 0.000216544 -0.000700307 -0.00056793 0.000194988
internal_weight=18504.8 6566.35 239.209 11938.5 148.464 325.012 255.053 76.9201 79.3853 11613.5 9540.85 2072.6 1819.12 889.038
internal_count=141281 62934 16330 78347 11988 9438 7058 5688 9227 68909 57499 11410 11938 4716
is_linear=0
shrinkage=0.03


Tree=228
num_leaves=15
num_cat=0
split_feature=2 3 3 2 6 2 9 2 3 9 2 5 9 5
split_gain=6.39834 8.96474 7.89876 7.79768 5.22571 5.06989 4.13959 4.0932 3.88941 3.80732 1.23062 0.992245 4.34287 5.66918
threshold=106.50000000000001 2.5000000000000004 2.5000000000000004 59.500000000000007 1.2081330280000002 140.50000000000003 1.0000000180025095e-35 81.500000000000014 1.5000000000000002 1.5000000000000002 33.500000000000007 0.082942290000000016 1.0000000180025095e-35 -0.018605590499999995
decision_type=2 2 2 2 2 2 2 2 2 2 2 2 2 2
left_child=2 4 3 11 -2 -6 7 8 -5 -3 -4 12 13 -1
right_child=1 9 10 6 5 -7 -8 -9 -10 -11 -12 -13 -14 -15
leaf_value=0.020928578975384481 9.1523007875383716e-06 -0.0028703191418415065 9.1523007875383716e-06 0.0051787162685837098 9.1523007875383716e-06 -0.0028703191418415065 9.1523007875383716e-06 0.00090358580912439936 0.0014570982387588634 -0.0065817899958459007 -0.00036775599194874482 0.0051787162685837098 0.0051787162685837098 0.0051787162685837098
leaf_weight=36.54731155524496 6943.3443493638188 780.77086797647644 1067.5522264447063 264.34516820148565 574.64200522936881 1263.0909605678171 831.00145768281072 1313.0409470237792 327.24807185120881 261.10811279679183 4396.1746677602641 383.00181009434164 21.799824423855171 26.192550400272012
leaf_count=5478 32886 8700 14781 3793 3408 9416 6060 9043 2425 3401 35741 3461 1885 767
internal_value=-0.000156785 -0.000680826 0.000437207 0.0016188 -0.000367756 -0.00178796 0.00100205 0.00184377 0.00390544 -0.00330506 -0.000256364 0.00517872 0.00856561 0.0138299
internal_weight=18489.9 9822.96 8666.9 3203.18 8781.08 1837.73 2735.64 1904.63 591.593 1041.88 5463.73 467.541 84.5397 62.7399
internal_count=141245 57811 83434 32912 45710 12824 21321 15261 6218 12101 50522 11591 8130 6245
is_linear=0
shrinkage=0.03


Tree=229
num_leaves=12
num_cat=0
split_feature=5 5 2 2 0 9 2 9 6 3 3
split_gain=7.16349 16.8057 7.06049 5.77666 9.51469 6.55298 5.35896 2.80545 2.68536 2.19746 1.23326
threshold=0.86038095950000015 1.0680737845000003 69.500000000000014 40.500000000000007 88.500000000000014 1.0000000180025095e-35 25.500000000000004 1.0000000180025095e-35 1.3655234680000004 2.5000000000000004 4.5000000000000009
decision_type=2 2 2 2 2 2 2 2 2 2 2
left_child=3 2 -2 4 5 9 -3 8 -6 -1 -9
right_child=1 6 -4 -5 7 -7 -8 10 -10 -11 -12
leaf_value=0.0091693536211650568 -7.8216910916986058e-05 -0.0091874403877626777 -0.0091874403877626777 -7.8216910916986058e-05 0.0019126019377428223 0.014569010995839621 -0.023592281835343069 0.0019126019377428223 -7.8216910916986058e-05 0.0019126019377428223 -7.8216910916986058e-05
leaf_weight=32.903216816368513 152.38140211231075 27.65424198191613 72.425049445242621 16819.010244223988 360.27243745001033 78.425036934670061 42.55964035843499 241.7766800057143 150.95546984486282 36.090485274791718 558.86943190614693
leaf_count=3009 2690 1239 3707 106192 6107 2613 6812 3145 720 1422 4039
internal_value=-0.000153711 -0.00475176 -0.000630523 -7.82169e-05 0.00180607 0.00890272 -0.0170278 0.000977826 0.0019126 0.0019126 -7.82169e-05
internal_weight=18573.3 295.02 224.806 18278.3 1459.29 147.419 70.2139 1311.87 511.228 68.9937 800.646
internal_count=141695 14448 6397 127247 21055 7044 8051 14011 6827 4431 7184
is_linear=0
shrinkage=0.03


Tree=230
num_leaves=15
num_cat=0
split_feature=3 2 8 2 0 2 9 6 5 8 8 2 8 9
split_gain=7.00132 8.81836 33.5206 7.21877 5.92644 4.55897 13.4219 13.4293 5.80698 3.26625 3.22742 2.62447 2.44655 0.81453
threshold=3.5000000000000004 111.50000000000001 14.500000000000002 138.50000000000003 9.5000000000000018 50.500000000000007 1.0000000180025095e-35 0.87008944150000012 1.0000000180025095e-35 15.500000000000002 1.5000000000000002 34.500000000000007 14.500000000000002 1.0000000180025095e-35
decision_type=2 2 2 2 2 2 2 2 2 2 2 2 2 2
left_child=3 11 -3 5 10 6 7 8 12 -8 -5 13 -1 -2
right_child=1 2 -4 4 -6 -7 9 -9 -10 -11 -12 -13 -14 -15
leaf_value=0.0063559391070744991 0.00024442215569328774 -0.016913588133096003 -0.00082614312982001367 -0.00082614312982001367 -0.00082614312982001367 0.00072068429250194386 0.004750556701330756 0.00072068429250194386 0.0038428292712946264 0.01203464683118145 0.00072068429250194386 -0.00082614312982001367 0.023100034778860034 -0.00082614312982001367
leaf_weight=16.216124978614971 298.13731992687099 144.37799706088845 90.355156202567741 688.00231708586216 3002.3518300075084 9082.1061974940822 112.00167843815871 331.77672740072012 49.608668277971447 129.60426320042461 1349.5720489174128 2527.480100333225 32.087840493652038 669.24593939841725
leaf_count=1820 3931 3549 1876 3252 17585 57326 2253 2598 1055 2310 6439 25196 4723 7586
internal_value=-4.8515e-05 -0.00120921 -0.00677643 0.000244422 -0.000677054 0.000720684 0.00318459 0.000720684 0.0116743 0.00882273 0.000720684 -0.000826143 0.0186023 0.000244422
internal_weight=18522.9 3729.6 234.733 14793.3 5039.93 9753.4 671.295 429.689 97.9126 241.606 2037.57 3494.86 48.304 967.383
internal_count=141499 42138 5425 99361 27276 72085 14759 10196 7598 4563 9691 36713 6543 11517
is_linear=0
shrinkage=0.03


Tree=231
num_leaves=15
num_cat=0
split_feature=2 3 0 7 0 2 3 2 2 9 2 2 0 0
split_gain=6.11471 7.83893 7.3027 7.43538 7.31315 4.61028 28.4107 7.62161 4.49138 3.25511 4.84101 2.23869 2.69987 1.83674
threshold=34.500000000000007 3.5000000000000004 93.500000000000014 0.65174654126167308 88.500000000000014 89.500000000000014 4.5000000000000009 102.50000000000001 124.50000000000001 1.0000000180025095e-35 131.50000000000003 169.50000000000003 27.500000000000004 18.500000000000004
decision_type=2 2 2 2 2 2 2 2 2 2 2 2 2 2
left_child=2 8 3 -1 -5 -3 -7 -8 13 11 -11 12 -10 -2
right_child=1 5 -4 4 -6 6 7 -9 9 10 -12 -13 -14 -15
leaf_value=0.001302785876662103 0.001302785876662103 -0.00087462667592301644 0.001302785876662103 0.020665311187856431 0.0030189995110413851 -0.00087462667592301644 -0.0064666088891890475 -0.019612183752847373 0.00072606945290596997 0.00072606945290596997 -0.00087462667592301644 -0.00087462667592301644 -0.00087462667592301644 0.00072606945290596997
leaf_weight=43.883193817688152 408.79312514793128 2124.1230817609467 1095.4497541727033 49.886253111530095 37.579388384707272 432.13133909041062 77.490220172097906 95.286770635982975 2655.401950629428 383.2392399776727 1954.6840263633057 1114.8506790967658 899.4532218053937 7058.494806941133
leaf_count=415 4660 20027 13430 5024 1504 4692 1888 3874 12166 1969 11851 6282 5299 48071
internal_value=8.23452e-05 -6.38322e-05 0.00212419 0.00867576 0.0136568 -0.00153711 -0.00383719 -0.0140641 0.000214368 -0.000331026 -0.000874627 0.000160167 0.00053008 0.000726069
internal_weight=18430.7 17203.9 1226.8 131.349 87.4656 2729.03 604.908 172.777 14474.9 7007.63 2337.92 4669.71 3554.86 7467.29
internal_count=141152 120779 20373 6943 6528 30481 10454 5762 90298 37567 13820 23747 17465 52731
is_linear=0
shrinkage=0.03


Tree=232
num_leaves=9
num_cat=0
split_feature=2 8 9 5 5 2 8 8
split_gain=5.37281 7.19034 11.2172 4.20373 25.2995 17.5371 4.19536 1.57722
threshold=26.500000000000004 25.500000000000004 1.0000000180025095e-35 0.82695023850000016 1.0447265885000003 86.500000000000014 14.500000000000002 19.500000000000004
decision_type=2 2 2 2 2 2 2 2
left_child=1 2 7 -2 5 -5 -4 -1
right_child=3 -3 6 4 -6 -7 -8 -9
leaf_value=0.0072461465842858274 0.00010642621602127267 0.00010642621602127267 0.00010642621602127267 0.00010642621602127267 -0.022654926172988636 -0.013659867024633399 0.0041136282917590312 0.013322969047442058
leaf_weight=116.1538508485537 17388.171119797044 146.86251851648558 150.95175011269748 165.71639427891932 46.252781440038234 78.535161584499292 293.00875343917869 85.767505162395537
leaf_count=3482 112464 2773 2548 3567 7277 3383 3945 2072
internal_value=0.00021513 0.00262342 0.00431441 0.000106426 -0.00347173 0.000106426 0.00160589 0.0100869
internal_weight=18471.4 792.744 645.882 17678.7 290.504 244.252 443.961 201.921
internal_count=141511 14820 12047 126691 14227 6950 6493 5554
is_linear=0
shrinkage=0.03


Tree=233
num_leaves=12
num_cat=0
split_feature=3 3 2 8 2 6 8 3 2 8 0
split_gain=5.70759 17.2805 24.2741 5.50148 3.19287 6.41547 12.7422 5.75653 1.60738 1.21162 0.458704
threshold=6.5000000000000009 7.5000000000000009 20.500000000000004 31.500000000000004 34.500000000000007 1.4469322850000002 18.500000000000004 3.5000000000000004 21.500000000000004 13.500000000000002 99.500000000000014
decision_type=2 2 2 2 2 2 2 2 2 2 2
left_child=3 -2 -3 4 5 6 7 10 -8 -4 -1
right_child=1 2 9 -5 -6 -7 8 -9 -10 -11 -12
leaf_value=0.0089658855789920971 4.3976993423391082e-05 4.3976993423391082e-05 -0.014707598329175705 0.0040986914977133989 4.3976993423391082e-05 4.3976993423391082e-05 0.010940370604354993 4.3976993423391082e-05 0.0060105314150212226 -0.030543515832516029 0.0041647502114576448
leaf_weight=53.863000188954175 241.57311796932481 64.46013223612681 23.58039539901074 296.16327553801239 16907.838805560721 250.17326595308259 127.76278586720582 272.45316313952208 160.24716491636354 35.094208296271972 48.535941567737609
leaf_count=3531 4590 760 2699 2840 111813 1968 4140 3516 2277 2420 793
internal_value=-3.13123e-05 -0.00372136 -0.0126951 4.3977e-05 4.3977e-05 0.00183878 0.00365969 4.3977e-05 0.00834681 -0.025834 0.00699004
internal_weight=18481.7 364.708 123.135 18117 17820.9 913.035 662.862 374.852 288.01 58.6746 102.399
internal_count=141347 10469 5879 130878 128038 16225 14257 7840 6417 5119 4324
is_linear=0
shrinkage=0.03


Tree=234
num_leaves=15
num_cat=0
split_feature=0 8 5 2 8 6 3 6 8 0 2 8 8 8
split_gain=5.89545 14.6622 12.6547 6.52574 8.67013 14.437 19.0709 5.02985 3.24166 2.84166 4.19294 7.53053 2.54379 1.87733
threshold=11.500000000000002 6.5000000000000009 0.42911546650000004 115.50000000000001 24.500000000000004 1.2081330280000002 1.0000000180025095e-35 0.98754317800000002 8.5000000000000018 28.500000000000004 139.50000000000003 12.500000000000002 2.5000000000000004 16.500000000000004
decision_type=2 2 2 2 2 2 2 2 2 2 2 2 2 2
left_child=7 2 -2 -3 5 13 -7 8 12 -8 11 -11 -1 -5
right_child=1 3 -4 4 -6 6 9 -9 -10 10 -12 -13 -14 -15
leaf_value=0.0036202948753368616 -0.0013475555353919977 0.00043909466664577207 -0.0093681015715696373 -0.00036683776998274321 0.00043909466664577207 -0.00036683776998274321 -0.0032330723134609456 0.00043909466664577207 0.0054030998863597891 -0.0091391668246703778 -0.0091391668246703778 -0.0032330723134609456 0.00043909466664577207 0.00043909466664577207
leaf_weight=346.41487164865248 486.02768238121644 9457.5670542797307 275.37133916572202 2021.9947511032224 584.76988781103864 244.39599848538637 299.82069766242057 1876.2173080611974 318.96950244170148 187.41140149452258 372.16251297655981 328.3593356696656 369.43983808811754 1332.4056595563889
leaf_count=2156 3124 86667 3099 9359 3141 1437 2570 9194 2079 2256 4788 3253 2344 6056
internal_value=-1.27613e-05 -0.000244263 -0.0042905 -3.51304e-05 -0.000869755 -0.00144528 -0.00396116 0.00122536 0.0029065 -0.00584013 -0.00669741 -0.00486468 0.00176431 -0.000366838
internal_weight=18501.3 15590.3 761.399 14828.9 5371.32 4786.55 1432.15 2911.04 1034.82 1187.75 887.933 515.771 715.855 3354.4
internal_count=141523 125750 6223 119527 32860 29719 14304 15773 6579 12867 10297 5509 4500 15415
is_linear=0
shrinkage=0.03


Tree=235
num_leaves=15
num_cat=0
split_feature=8 3 9 0 2 8 3 2 2 3 8 0 8 8
split_gain=6.69071 6.67897 4.08274 20.2455 8.52492 11.5963 4.81772 6.40606 4.04706 5.97171 6.95459 4.67945 4.48045 11.3726
threshold=28.500000000000004 2.5000000000000004 1.5000000000000002 19.500000000000004 130.50000000000003 7.5000000000000009 5.5000000000000009 32.500000000000007 114.50000000000001 1.5000000000000002 18.500000000000004 31.500000000000004 15.500000000000002 13.500000000000002
decision_type=2 2 2 2 2 2 2 2 2 2 2 2 2 2
left_child=2 -2 8 -4 5 -5 -7 -8 12 -10 11 -11 13 -1
right_child=1 -3 3 4 -6 6 7 -9 9 10 -12 -13 -14 -15
leaf_value=0.00011273512688722624 0.0055383040155974322 -0.00063319224255803863 0.0069882109184175277 -0.0082499056469729215 -0.0090404404495869756 0.00071149447325243541 3.6071038684136834e-05 -0.0090404404495869756 -0.00020299913792656265 -0.00075697912271342521 -0.00020299913792656265 -0.0047047387095814049 -0.00020299913792656265 0.0036496865495171281
leaf_weight=3224.4764744916465 356.4121908636298 278.51392080972437 201.95177614339627 218.94460001646075 182.451920527732 668.89802904240787 149.93067606166005 110.72138635243755 6298.4647966716439 400.67248865962029 380.0599265282508 839.23715153883677 4066.7174208702054 1091.509397311369
leaf_count=26798 3176 2896 1345 2236 2278 5108 1785 3722 31487 2365 2818 7849 38112 9388
internal_value=-0.000166705 0.00284735 -0.000274779 -0.0017524 -0.00309985 -0.00212102 -0.000641015 -0.00405996 -0.000135335 -0.000621498 -0.002243 -0.0034372 0.000324 0.00101042
internal_weight=18469 634.926 17834 1532.9 1330.95 1148.49 929.55 260.652 16301.1 7918.43 1619.97 1239.91 8382.7 4315.99
internal_count=141363 6072 135291 16474 15129 12851 10615 5507 118817 44519 13032 10214 74298 36186
is_linear=0
shrinkage=0.03


Tree=236
num_leaves=15
num_cat=0
split_feature=9 2 8 8 8 6 6 8 8 8 2 8 1 2
split_gain=6.49642 12.0717 4.72917 4.30853 6.92915 4.87048 19.6201 7.41993 7.10784 3.39059 4.10996 2.92276 9.50765 4.57775
threshold=1.5000000000000002 137.50000000000003 8.5000000000000018 11.500000000000002 10.500000000000002 0.80840695200000012 0.63423049300000012 16.500000000000004 16.500000000000004 11.500000000000002 68.500000000000014 4.5000000000000009 114.50000000000001 119.50000000000001
decision_type=2 2 2 2 2 2 2 2 2 2 2 2 2 2
left_child=3 2 -2 4 11 6 8 -8 -5 -4 -11 -1 13 -13
right_child=1 -3 9 5 -6 -7 7 -9 -10 10 -12 12 -14 -15
leaf_value=-0.0011690234919771098 -0.0036987489573200951 -0.0076171833631360234 0.0033320862628023399 0.00698289348509595 -0.0029427578574173279 0.00039597604079018875 0.00698289348509595 0.00039597604079018875 0.024279420437881172 0.0014042150124960698 -0.0032037757511190336 0.0010005708993417912 0.005427355035366236 -0.0013284789450358333
leaf_weight=1441.738571709604 329.66728839720599 264.36368625750765 259.9846477129031 29.653645077720284 871.26250800106209 10791.018483222462 149.72652405221015 226.14716131705791 44.498403228237294 386.41584392287768 309.2376567972824 1652.2046953152167 307.49292073398829 1397.1424407274462
leaf_count=8035 3357 2695 2866 3372 6255 68516 3149 5417 6881 4843 2934 13230 1651 8177
internal_value=1.38017e-05 -0.00184207 -0.000629319 0.000184363 -0.000489609 0.000524373 0.00356497 0.00069683 0.0171411 0.000443285 -0.000652412 -4.15997e-05 0.000443639 -6.69753e-05
internal_weight=18460.6 1549.67 1285.31 16910.9 5669.84 11241 450.026 375.874 74.152 955.638 695.654 4798.58 3356.84 3049.35
internal_count=141378 16695 14000 124683 37348 87335 18819 8566 10253 10643 7777 31093 23058 21407
is_linear=0
shrinkage=0.03


Tree=237
num_leaves=15
num_cat=0
split_feature=3 8 6 8 8 6 8 4 9 3 9 6 8 8
split_gain=7.8177 6.27915 7.47733 5.04383 5.03404 4.82819 13.1031 7.87673 3.98205 4.76187 3.33437 5.67593 7.9136 3.24818
threshold=2.5000000000000004 13.500000000000002 1.1466360795000001 14.500000000000002 29.500000000000004 1.8675886035000002 23.500000000000004 21.083397683500007 1.0000000180025095e-35 1.5000000000000002 1.0000000180025095e-35 1.0367839010000002 7.5000000000000009 25.500000000000004
decision_type=2 2 2 2 2 2 2 2 2 2 2 2 2 2
left_child=1 2 10 -3 8 -2 7 -7 9 13 -1 12 -12 -5
right_child=5 3 -4 4 -6 6 -8 -9 -10 -11 11 -13 -14 -15
leaf_value=0.00096905268059189315 -0.0010894948188265256 0.0033678803014880153 -0.0010894948188265256 0.00099638188576647423 0.0044473132100299869 -0.0010894948188265256 -0.016026322693517416 -0.014468076805635093 0.0016746663492181082 -0.0010894948188265256 -0.0010894948188265256 -0.0010894948188265256 0.0034130958925967284 -0.0010894948188265256
leaf_weight=2745.6046298434958 6285.0377575731836 647.04458501446061 1649.963070532307 2385.3955045603216 281.43856246455107 130.08831679134164 67.386421482893638 34.803598694386892 1478.8124236689182 1023.2495268052444 326.78261687024496 531.35277761518955 604.86322811921127 299.26826039596926
leaf_count=16615 50403 4327 10111 16702 2550 5609 1938 4892 9618 7870 2056 2360 4256 2272
internal_value=-0.000253812 0.000201315 -0.000500361 0.000873403 0.000575426 -0.00108949 -0.00537183 -0.00108949 0.000361251 -0.000164123 0.000353248 -0.000801794 0.00127481 0.000577143
internal_weight=18491.1 11973.8 5858.57 6115.21 5468.16 6517.32 232.278 164.892 5186.73 3707.91 4208.6 1463 931.646 2684.66
internal_count=141579 78737 35398 43339 39012 62842 12439 10501 36462 26844 25287 8672 6312 18974
is_linear=0
shrinkage=0.03


Tree=238
num_leaves=12
num_cat=0
split_feature=5 5 2 2 3 3 9 2 0 2 2
split_gain=7.45503 17.1564 10.543 1.83357 5.74961 2.27428 3.81759 7.66337 0.908664 1.24943 0.620362
threshold=0.86038095950000015 1.1012932605000003 71.500000000000014 101.50000000000001 3.5000000000000004 1.5000000000000002 1.0000000180025095e-35 81.500000000000014 84.500000000000014 50.500000000000007 37.500000000000007
decision_type=2 2 2 2 2 2 2 2 2 2 2
left_child=3 2 -2 4 5 6 7 -1 -7 -10 -3
right_child=1 10 -4 -5 -6 8 -8 -9 9 -11 -12
leaf_value=0.0067225423508636521 5.5400390022098024e-05 -0.012499660240969875 -0.011629701508479182 5.5400390022098024e-05 5.5400390022098024e-05 0.00089009681666378884 0.00089009681666378884 0.0011801459684068134 0.00089009681666378884 5.5400390022098024e-05 -0.024811732619217489
leaf_weight=377.89377797232009 169.14380031381734 29.332996618002653 67.193432392552495 10478.728174360702 3112.8182281556074 2817.837611108087 204.45116358727682 549.33880572300404 432.84378544450738 200.00102894753218 22.550043204566464
leaf_count=8215 3252 2179 3900 59548 23712 20723 2813 4813 6139 955 5198
internal_value=-2.11475e-05 -0.00476656 -0.00118066 5.54004e-05 0.000518337 0.00127514 0.00244011 0.00346289 0.000890097 5.54004e-05 -0.0195615
internal_weight=18462.1 288.22 236.337 18173.9 7695.18 4582.37 1131.68 927.233 3450.68 632.845 51.883
internal_count=141447 14529 7152 126918 67370 43658 15841 13028 27817 7094 7377
is_linear=0
shrinkage=0.03


Tree=239
num_leaves=13
num_cat=0
split_feature=2 3 8 6 3 8 2 2 8 2 6 0
split_gain=5.74862 9.01209 7.28178 6.36471 14.4564 13.0671 5.54359 3.88764 3.8696 3.99171 2.0606 0.958912
threshold=101.50000000000001 1.5000000000000002 10.500000000000002 1.2123029215000003 3.5000000000000004 15.500000000000002 89.500000000000014 139.50000000000003 22.500000000000004 71.500000000000014 1.3779295950000001 9.5000000000000018
decision_type=2 2 2 2 2 2 2 2 2 2 2 2
left_child=1 2 -1 11 7 10 8 -5 9 -4 -6 -2
right_child=3 -3 6 4 5 -7 -8 -9 -10 -11 -12 -13
leaf_value=0.0001215074379587933 0.0001215074379587933 0.0001215074379587933 0.010780381177572438 -0.00012408872808709271 -0.0092824221728276812 -0.0011465814865761418 0.0014273745100427124 -0.0011465814865761418 0.0014273745100427124 0.0048728395007283393 -0.018207131709111344 -0.00012408872808709271
leaf_weight=178.76250415062532 2084.3434828333557 6807.9002815589774 180.71715546108317 897.36866059154272 61.095849116332829 76.991970113827847 393.14354782085866 1351.4175833994523 119.93871881708037 268.33134197257459 75.90066471148748 5958.8331377580762
leaf_count=2377 10253 62758 4784 6151 825 1985 3116 10950 2797 2922 3695 28814
internal_value=-7.26317e-05 0.000535896 0.0029973 -0.000533079 -0.00186584 -0.00922575 0.00419278 -0.00114658 0.00607447 0.00734283 -0.014694 -0.000124089
internal_weight=18454.7 7948.79 1140.89 10506 2462.77 213.988 962.131 2248.79 568.987 449.048 136.997 8043.18
internal_count=141427 78754 15996 62673 23606 6505 13619 17101 10503 7706 4520 39067
is_linear=0
shrinkage=0.03


Tree=240
num_leaves=15
num_cat=0
split_feature=2 3 9 0 6 2 9 6 5 2 2 3 6 1
split_gain=4.92389 9.68119 6.17891 7.97539 4.428 3.74055 10.409 11.1798 5.26895 1.78635 1.52091 0.670838 8.26031 0.247979
threshold=138.50000000000003 3.5000000000000004 1.0000000180025095e-35 18.500000000000004 1.2041840300000002 50.500000000000007 1.0000000180025095e-35 0.87440176800000013 1.0000000180025095e-35 36.500000000000007 22.500000000000004 1.5000000000000002 1.2886676375000004 108.50000000000001
decision_type=2 2 2 2 2 2 2 2 2 2 2 2 2 2
left_child=1 5 -2 13 -5 6 7 8 -1 -8 -3 -7 -13 -4
right_child=2 10 3 4 -6 11 9 -9 -10 -11 -12 12 -14 -15
leaf_value=0.017556832828276737 -0.00069340677253740116 0.00074432651772501674 -0.0014087950416779653 -0.0024246052775653698 -0.0071146851494832434 0.00074432651772501674 0.010901948652140774 0.00074432651772501674 0.0035076555659106865 0.0053344099963757562 -0.00069340677253740116 0.00074432651772501674 -0.00069340677253740116 -0.00069340677253740116
leaf_weight=46.33227630413603 3474.1940135491313 516.98043619049713 453.38062252104282 361.93794090673327 374.10449291625991 4039.8612565458752 108.60040546802338 324.95275337435305 51.081861270591617 131.68050694745034 3129.2609387635021 4037.6903891111724 963.57680567353964 410.43357964232564
leaf_count=6584 17798 7098 2495 1810 4842 28474 2930 2543 1091 1668 33200 22169 6443 2119
internal_value=0.000101678 0.000404018 -0.000693407 -0.00255529 -0.00484033 0.000904822 0.00307264 0.000744327 0.0107207 0.00802172 -0.000693407 0.000744327 0.000396256 -0.000693407
internal_weight=18424.1 13350 5074.05 1599.86 736.042 9703.78 662.648 422.367 97.4141 240.281 3646.24 9041.13 5001.27 863.814
internal_count=141264 112200 29064 11266 6652 71902 14816 10218 7675 4598 40298 57086 28612 4614
is_linear=0
shrinkage=0.03


Tree=241
num_leaves=9
num_cat=0
split_feature=3 3 5 0 6 5 9 6
split_gain=9.03563 15.0263 3.25959 2.55087 1.34009 0.617742 3.57426 0.274497
threshold=6.5000000000000009 7.5000000000000009 0.51891650750000007 9.5000000000000018 0.98754317800000002 0.45237347350000007 1.5000000000000002 1.1365027830000003
decision_type=2 2 2 2 2 2 2 2
left_child=3 2 -2 4 -1 -3 -7 -6
right_child=1 5 -4 -5 7 6 -8 -9
leaf_value=0.001991319896983632 7.3545151048255326e-05 -0.0082202319918603193 -0.0045970261673628559 7.3545151048255326e-05 0.00084025599886482216 -0.021697397419754103 -0.0082202319918603193 7.3545151048255326e-05
leaf_weight=863.78534051135648 111.34298876486719 42.517317890655249 130.85175660997629 15644.283201915096 936.9555664435029 35.575502746389247 44.195722348755226 615.09419280663133
leaf_count=5462 822 364 3788 117853 3943 2663 2807 3652
internal_value=-2.14469e-05 -0.00466559 -0.000273944 7.35452e-05 0.00104738 -0.0130109 -0.0149289 0.000517327
internal_weight=18424.6 364.483 242.195 18060.1 2415.84 122.289 79.7712 1552.05
internal_count=141354 10444 4610 130910 13057 5834 5470 7595
is_linear=0
shrinkage=0.03


Tree=242
num_leaves=13
num_cat=0
split_feature=3 2 6 2 9 6 2 1 2 6 1 2
split_gain=6.9084 8.07884 6.99485 8.2205 14.7897 4.33144 7.03579 3.05604 1.1896 0.993731 4.3089 0.457423
threshold=1.5000000000000002 89.500000000000014 1.8675886035000002 22.500000000000004 1.0000000180025095e-35 0.80840695200000012 79.500000000000014 99.500000000000014 33.500000000000007 0.99081415700000008 108.50000000000001 68.500000000000014
decision_type=2 2 2 2 2 2 2 2 2 2 2 2
left_child=1 5 7 -4 -5 6 -1 8 -2 10 -3 -6
right_child=2 9 3 4 11 -7 -8 -9 -10 -11 -12 -13
leaf_value=0.014415638702836494 0.00024966009733975574 0.00024966009733975574 -0.00051724613534130084 -0.00051724613534130084 -0.013993698661020596 0.0025200937500445726 0.0025200937500445726 0.00024966009733975574 -0.00051724613534130084 0.00024966009733975574 0.0024143466392598872 -0.023782247709017545
leaf_weight=74.242564653628506 1002.9462291398086 1386.6149333808571 92.231663404498249 62.563312811776996 65.922790533397347 542.94424469955266 42.762953686527908 300.61928283330053 8476.1219680462964 5338.7759122941643 1013.5935212960467 22.161075104144402
leaf_count=6308 14710 9264 1481 3123 4410 4454 1321 1972 58567 26085 6040 3646
internal_value=-0.000111989 0.000522478 -0.000643669 -0.00562106 -0.00995264 0.00369578 0.0088245 -0.000517246 -0.000517246 0.00024966 0.000859555 -0.0176016
internal_weight=18421.5 8398.93 10022.6 242.879 150.647 659.95 117.006 9779.69 9479.07 7738.98 2400.21 88.0839
internal_count=141381 53472 87909 12660 11179 12083 7629 75249 73277 41389 15304 8056
is_linear=0
shrinkage=0.03


Tree=243
num_leaves=15
num_cat=0
split_feature=2 3 8 2 6 2 9 1 8 4 1 6 9 4
split_gain=5.12034 4.99509 6.35948 8.96842 2.1258 8.53772 19.9129 15.9656 3.79706 3.34608 1.48843 2.51244 1.47563 12.9497
threshold=34.500000000000007 1.5000000000000002 13.500000000000002 140.50000000000003 1.2886676375000004 93.500000000000014 1.0000000180025095e-35 84.500000000000014 16.500000000000004 12.287087912000002 94.500000000000014 1.1686872315000001 1.0000000180025095e-35 11.308713410500003
decision_type=2 2 2 2 2 2 2 2 2 2 2 2 2 2
left_child=12 2 10 -4 -3 -6 8 9 -7 -8 -2 -12 13 -1
right_child=1 4 3 -5 5 6 7 -9 -10 -11 11 -13 -14 -15
leaf_value=0.0083968801465760246 -0.0005964463876685684 -0.0005964463876685684 0.0019236602353952502 -0.0005964463876685684 -0.0005964463876685684 -0.0048829031742836058 -0.0085693759624507655 -0.0005964463876685684 -0.0005964463876685684 -0.014897157199373838 0.00059494156845908252 -0.0005964463876685684 0.0019236602353952502 0.0019236602353952502
leaf_weight=305.71514429815579 1056.1475424659438 6338.7622257026378 2572.499639260117 1484.9902214705944 1506.0231152496999 238.36609121318907 292.90385463973507 109.26621396839619 238.24040030199103 121.99188844126184 2684.8744382180739 588.73279941082001 747.22780207265168 146.88702075812034
leaf_count=8697 6946 37632 19360 7360 17171 2835 3210 1421 2556 5025 13919 3826 10265 1241
internal_value=3.29043e-05 -9.92589e-05 0.00042514 0.00127776 -0.000596446 -0.0014696 -0.00368605 -0.00780856 -0.000596446 -0.0105852 -0.000374418 9.22497e-05 0.00192366 0.00363908
internal_weight=18432.6 17232.8 8387.24 4057.49 8845.55 2506.79 1000.77 524.162 476.606 414.896 4329.75 3273.61 1199.83 452.602
internal_count=141464 121261 51411 26720 69850 32218 15047 9656 5391 8235 24691 17745 20203 9938
is_linear=0
shrinkage=0.03


Tree=244
num_leaves=15
num_cat=0
split_feature=3 2 2 8 8 2 8 4 3 0 8 8 3 2
split_gain=4.3465 6.22634 5.80352 5.72339 4.77928 6.36036 4.22418 3.37204 2.67742 2.27711 6.19706 2.16639 1.774 7.5151
threshold=2.5000000000000004 117.50000000000001 78.500000000000014 25.500000000000004 9.5000000000000018 93.500000000000014 24.500000000000004 10.1169630645 1.5000000000000002 47.500000000000007 19.500000000000004 10.500000000000002 5.5000000000000009 19.500000000000004
decision_type=2 2 2 2 2 2 2 2 2 2 2 2 2 2
left_child=2 3 8 4 5 -2 -4 -5 9 -1 -11 -3 -6 -14
right_child=1 11 6 7 12 -7 -8 -9 -10 10 -12 -13 13 -15
leaf_value=0.0085656660104132896 -0.0001954337930798901 -0.0064588733719756417 6.5260269653781707e-05 6.5260269653781707e-05 6.5260269653781707e-05 -0.0034915508933795478 0.0022157168790382354 -0.0034915508933795478 0.0022157168790382354 0.0077943858570801465 0.0022157168790382354 -0.0034915508933795478 6.5260269653781707e-05 -0.0034915508933795478
leaf_weight=99.011666504782625 714.76185626001097 223.35918064415455 9999.7077610548586 200.46399019635282 3733.587457125308 264.72813948558178 817.10346835013479 319.0305527568562 723.69093078211881 185.60592079593334 105.86992654984351 413.36764902842697 182.00130152725615 446.42837542342022
leaf_count=3098 6627 3127 55100 2436 28489 2310 4845 2872 9665 3689 2281 5517 1897 9488
internal_value=-6.19162e-05 -0.000685933 0.000278074 -0.000378421 -8.47002e-05 -0.002054 6.52603e-05 -0.00336889 0.00233462 0.0047047 0.00327082 -0.00349155 6.52603e-05 -0.00170021
internal_weight=18428.7 6497.73 11931 5861 5341.51 979.49 10816.8 519.495 1114.18 390.488 291.476 636.727 4362.02 628.43
internal_count=141441 62763 78678 54119 48811 8937 59945 5308 18733 9068 5970 8644 39874 11385
is_linear=0
shrinkage=0.03


Tree=245
num_leaves=15
num_cat=0
split_feature=9 2 8 0 4 2 0 8 2 8 0 9 2 2
split_gain=5.07498 13.8798 6.1652 4.23223 3.26944 16.959 2.03035 6.02585 4.04684 7.21102 10.9792 4.85907 3.3006 3.08938
threshold=1.5000000000000002 138.50000000000003 29.500000000000004 61.500000000000007 9.7363455810000001 72.500000000000014 11.500000000000002 6.5000000000000009 115.50000000000001 15.500000000000002 25.500000000000004 1.0000000180025095e-35 134.50000000000003 141.50000000000003
decision_type=2 2 2 2 2 2 2 2 2 2 2 2 2 2
left_child=2 4 6 -4 -2 -6 -1 -8 -9 10 11 -10 -12 -11
right_child=1 -3 3 -5 5 -7 7 8 9 13 12 -13 -14 -15
leaf_value=0.00063426353263687095 0.00069690402750857759 -0.0081712916751447533 0.0060754117632059882 0.00049925268946735284 0.00069690402750857759 -0.0081712916751447533 -0.0033190029122139894 0.00028760214577476051 0.00028760214577476051 0.00028760214577476051 -0.0028263894055576421 -0.0026719526412641369 -0.0061670951966168175 -0.0013062632956204474
leaf_weight=2828.1647465020651 783.49097016081214 251.01339972461574 242.72508120059501 244.27099077601451 352.61824919481296 175.02599297021516 546.91655034781434 8192.0530260548694 616.70963041484356 1438.7839548067423 772.8240049026208 497.82253447733819 416.51198168518022 1089.7963946240488
leaf_count=15279 5339 2631 1982 2698 5143 3748 4072 72141 3025 7844 4750 2606 3870 6423
internal_value=-0.00014858 -0.00178168 2.97745e-06 0.00331198 -0.000532008 -0.00234621 -9.6265e-05 -0.000248678 -0.000118527 -0.00080659 -0.0020188 0.00012219 -0.00401724 0.000287602
internal_weight=18448.7 1562.15 16886.6 486.996 1311.14 527.644 16399.6 13571.4 13024.5 4832.45 2303.87 1114.53 1189.34 2528.58
internal_count=141551 16861 124690 4680 14230 8891 120010 104731 100659 28518 14251 5631 8620 14267
is_linear=0
shrinkage=0.03


Tree=246
num_leaves=13
num_cat=0
split_feature=3 6 3 8 5 5 6 3 6 0 8 0
split_gain=9.86267 13.5582 5.08346 4.00806 2.51193 6.19674 11.1281 2.796 1.65959 0.166447 0.100925 0.0152139
threshold=6.5000000000000009 1.0766018005000002 7.5000000000000009 19.500000000000004 0.13680906000000001 -0.018605590499999995 0.62430417950000006 2.5000000000000004 1.2936601235000003 18.500000000000004 17.500000000000004 7.5000000000000009
decision_type=2 2 2 2 2 2 2 2 2 2 2 2
left_child=3 -2 10 9 5 6 -5 -6 -9 11 -3 -1
right_child=1 2 -4 4 7 -7 -8 8 -10 -11 -12 -13
leaf_value=0.00069321065548873522 7.3227647534208188e-05 -0.0042942173050419495 -0.014542159689004562 0.0246080934018609 0.0011136976776101269 0.0011136976776101269 0.0011136976776101269 0.0011136976776101269 7.3227647534208188e-05 7.3227647534208188e-05 -0.006585276082021127 0.00056825445103058443
leaf_weight=1951.446552044712 86.400595824234188 88.157373030902818 89.02359008078929 26.798342331894673 2424.6864646803588 203.77660314552486 37.831909151980653 760.61520646139979 738.2465293079149 9832.5119801037945 86.535228528548032 2056.6031862811651
leaf_count=10503 794 2555 5572 4834 13341 3090 1745 4298 6663 74729 1509 11567
internal_value=-2.42541e-05 -0.00497532 -0.00882019 7.32276e-05 0.00100032 0.00378262 0.0115134 0.000805412 7.32276e-05 7.32276e-05 -0.00558077 0.000629881
internal_weight=18382.6 350.117 263.716 18032.5 4191.96 268.407 64.6303 3923.55 1498.86 13840.6 174.693 4008.05
internal_count=141200 10430 9636 130770 33971 9669 6579 24302 10961 96799 4064 22070
is_linear=0
shrinkage=0.03


Tree=247
num_leaves=15
num_cat=0
split_feature=8 2 0 3 1 8 2 2 8 1 6 8 0 8
split_gain=3.6956 3.31865 13.975 5.07923 6.55844 8.52942 6.51014 2.82903 3.62591 4.34745 1.98238 3.43993 1.33094 1.50739
threshold=30.500000000000004 127.50000000000001 21.500000000000004 1.0000000180025095e-35 107.50000000000001 15.500000000000002 136.50000000000003 22.500000000000004 13.500000000000002 6.5000000000000009 1.2123029215000003 19.500000000000004 23.500000000000004 10.500000000000002
decision_type=2 2 2 2 2 2 2 2 2 2 2 2 2 2
left_child=1 2 -1 -3 5 6 -5 8 -4 -10 -7 -12 -8 -14
right_child=-2 3 7 4 -6 10 12 -9 9 -11 11 -13 13 -15
leaf_value=0.00423281100042033 0.0026539752706946302 -0.00021434133418925507 -0.00021434133418925507 -0.00096126832283408882 -0.00021434133418925507 -0.00021434133418925507 -0.0041195921362840934 -0.00021434133418925507 -0.00021434133418925507 0.00423281100042033 -0.0049419449128301337 -0.00021434133418925507 -0.0042374977975035864 -0.0078097683874604447
leaf_weight=670.84043319267221 395.27710216550622 3399.6626209113747 119.14189050695859 458.77241121325642 540.2138002961874 701.38652639836073 505.44128497038037 10212.537679076544 154.0637718293583 287.05625776818488 217.65583766391501 253.29745696112514 201.31621475203428 295.28605916071683
leaf_count=6612 3892 16237 2640 3025 2787 3082 2950 81866 2029 6515 2293 2182 2392 2907
internal_value=-0.000197267 -0.000260541 4.8091e-05 -0.000797498 -0.00167795 -0.0024094 -0.00393504 -0.000214341 0.0019081 0.00339443 -0.000499702 -0.00220192 -0.00528501 -0.00641829
internal_weight=18411.9 18016.7 11443.6 6573.03 3173.37 2633.16 1460.82 10772.8 560.262 441.12 1172.34 470.953 1002.04 496.602
internal_count=141409 137517 99662 37855 21618 18831 11274 93050 11184 8544 7557 4475 8249 5299
is_linear=0
shrinkage=0.03


Tree=248
num_leaves=12
num_cat=0
split_feature=3 3 2 8 2 8 4 1 8 1 2
split_gain=7.09866 13.3849 28.9684 4.62387 8.69002 8.42854 8.41186 1.34568 4.5952 1.15797 0.278495
threshold=6.5000000000000009 7.5000000000000009 20.500000000000004 21.500000000000004 56.500000000000007 25.500000000000004 10.1169630645 112.50000000000001 4.5000000000000009 55.500000000000007 173.50000000000003
decision_type=2 2 2 2 2 2 2 2 2 2 2
left_child=3 -2 -3 7 5 -5 -7 -1 10 -6 -9
right_child=1 2 -4 4 9 6 -8 8 -10 -11 -12
leaf_value=-0.00021944002519278929 -0.00021944002519278929 -0.00021944002519278929 -0.027047143354266071 0.0071872885650949361 -0.00021944002519278929 0.0072698170024503789 0.00013302029367404284 0.00048633965969781598 0.0025806396014587379 0.00013302029367404284 -0.00021944002519278929
leaf_weight=13272.570502916118 242.24417145305779 60.945392950670794 56.43721259420272 350.56098065560218 571.01140803378075 144.12349315115716 165.96690815035254 752.51309485989623 687.87328642525245 1682.7886124725919 416.52623832970858
leaf_count=96816 4647 759 5056 4532 4108 3441 1194 3978 3686 10838 2269
internal_value=-0.000165229 -0.00430944 -0.0123962 -8.14609e-05 0.00102282 0.00403456 0.000412877 -0.00021944 0.000615026 0.00013302 -0.00021944
internal_weight=18403.6 359.627 117.383 18043.9 2914.45 660.651 310.09 15129.5 1856.91 2253.8 1169.04
internal_count=141324 10462 5815 130862 24113 9167 4635 106749 9933 14946 6247
is_linear=0
shrinkage=0.03


Tree=249
num_leaves=15
num_cat=0
split_feature=8 8 0 4 2 0 9 2 1 9 2 8 1 8
split_gain=4.17618 3.45349 10.6275 10.6994 3.50907 3.39412 15.3858 2.85434 4.19547 2.72454 8.25144 5.56446 4.6342 4.50171
threshold=31.500000000000004 6.5000000000000009 17.500000000000004 9.2750190985000014 48.500000000000007 79.500000000000014 1.0000000180025095e-35 173.50000000000003 117.50000000000001 1.0000000180025095e-35 136.50000000000003 15.500000000000002 91.500000000000014 15.500000000000002
decision_type=2 2 2 2 2 2 2 2 2 2 2 2 2 2
left_child=1 2 7 -4 5 6 -3 8 -1 13 12 -12 -11 -6
right_child=-2 4 3 -5 9 -7 -8 -9 -10 10 11 -13 -14 -15
leaf_value=-0.00039579160663380471 0.0034669355491840524 0.00089610905758244594 -0.0014117994459166188 -0.0092745109250962406 0.00089610905758244594 0.00089610905758244594 0.015051676790042053 -0.0014117994459166188 0.0032528897739593221 -0.0001899287941231975 -0.0041422143159626995 -0.0001899287941231975 0.00089610905758244594 -0.00041586793378052664
leaf_weight=805.71540441876277 297.83840469759889 64.64772177406121 419.90658192313276 244.71725361573044 3802.7869462724775 1863.613349214429 80.637221728335135 573.61312190070748 431.94787201145664 3636.2363298611017 835.87987142999191 518.97386933199596 607.2419796474278 4238.3815983907552
leaf_count=4290 2966 3742 2785 2926 23639 22682 2396 3249 2313 28920 6293 3477 3730 28159
internal_value=-2.69524e-05 -8.53081e-05 -0.00112521 -0.00435452 7.95326e-05 0.00124848 0.00558831 6.84672e-05 0.000885573 -9.30312e-05 -0.000600905 -0.00263456 5.07364e-05 0.000260709
internal_weight=18422.1 18124.3 2475.9 664.624 15648.4 2008.9 145.285 1811.28 1237.66 13639.5 5598.33 1354.85 4243.48 8041.17
internal_count=141567 138601 15563 5711 123038 28820 6138 9852 6603 94218 42420 9770 32650 51798
is_linear=0
shrinkage=0.03


Tree=250
num_leaves=14
num_cat=0
split_feature=0 8 4 4 4 2 6 8 8 2 1 8 8
split_gain=6.57304 9.86807 10.1967 4.80433 8.65515 13.2766 4.34992 1.53546 1.52483 1.36907 0.646746 0.355916 1.05884
threshold=11.500000000000002 6.5000000000000009 9.4248120305000018 14.871402327000002 17.256578947500003 26.500000000000004 0.98754317800000002 5.5000000000000009 24.500000000000004 105.50000000000001 116.50000000000001 13.500000000000002 9.5000000000000018
decision_type=2 2 2 2 2 2 2 2 2 2 2 2 2
left_child=6 2 -2 8 -5 -6 7 -1 9 11 -8 12 -3
right_child=1 3 -4 4 5 -7 10 -9 -10 -11 -12 -13 -14
leaf_value=0.0015591905560260113 -0.0013024814817527593 0.0002836588883666192 -0.008717383365407708 -0.00016160242858366867 -0.00092411083462417675 -0.020757079855903152 0.0002836588883666192 0.0039018704628860168 0.0002836588883666192 -0.00016160242858366867 0.0012825730300641955 0.0002836588883666192 -0.00016160242858366867
leaf_weight=525.55153314489871 511.75165905640461 863.96688731969334 244.31834170210641 158.48207539436407 66.3176050032489 51.82931732875295 1287.2900047563016 499.03500906808767 1544.3073485824279 5988.3127227369696 578.74045055732131 4179.5623665067833 1925.1815435383469
leaf_count=3311 3281 6696 2980 4200 1684 7187 6370 3208 12720 35563 2797 36408 15289
internal_value=-0.000164181 -0.000408677 -0.00374008 -0.000237028 -0.0041179 -0.0101141 0.00114816 0.00271362 -0.000161602 -0.000161602 0.000283659 0.000283659 -5.66041e-05
internal_weight=18424.6 15534 756.07 14778 276.629 118.147 2890.62 1024.59 14501.3 12957 1866.03 6968.71 2789.15
internal_count=141694 126008 6261 119747 13071 8871 15686 6519 106676 93956 9167 58393 21985
is_linear=0
shrinkage=0.03


Tree=251
num_leaves=13
num_cat=0
split_feature=2 3 6 6 3 6 2 1 3 6 2 2
split_gain=3.58705 7.7841 5.44555 4.58714 4.22511 19.7418 8.86644 1.25054 1.0347 7.25265 0.625804 0.316207
threshold=78.500000000000014 1.5000000000000002 0.84461581050000012 0.7851391885000002 3.5000000000000004 1.3473912365000003 95.500000000000014 109.50000000000001 2.5000000000000004 1.2123029215000003 101.50000000000001 55.500000000000007
decision_type=2 2 2 2 2 2 2 2 2 2 2 2
left_child=1 2 3 11 7 -6 -7 10 9 -3 -2 -1
right_child=4 8 -4 -5 5 6 -8 -9 -10 -11 -12 -13
leaf_value=0.020040997889982894 0.00018415454424410737 0.0025570912573381075 0.0025570912573381075 0.0025570912573381075 -0.00027048427863812064 -0.0028258336533290261 -0.01303439806519361 0.00018415454424410737 0.00018415454424410737 0.00018415454424410737 -0.00027048427863812064 0.01086057971925659
leaf_weight=21.220077406032942 2342.2149219494313 522.38254365161993 294.25328535586596 28.151886138133705 589.37082704715431 140.91523703059647 172.23935176804662 2522.5808173976839 3911.1584759670077 207.41791545785964 7611.4375335788354 38.949859388172626
leaf_count=3630 14803 8611 2482 643 3795 3325 6706 13480 38559 1025 42148 2292
internal_value=-0.000157732 0.000525455 0.00460993 0.0109457 -0.00041436 -0.0023908 -0.00855729 -0.000270484 0.000184155 0.00131001 -0.000270484 0.0153874
internal_weight=18402.3 5023.53 382.575 88.3218 13378.8 902.525 313.155 12476.2 4640.96 729.8 9953.65 60.1699
internal_count=141499 57242 9047 6565 84257 13826 10031 70431 48195 9636 56951 5922
is_linear=0
shrinkage=0.03


Tree=252
num_leaves=15
num_cat=0
split_feature=3 2 8 8 2 6 8 8 8 2 8 6 2 9
split_gain=5.07151 7.69527 6.32228 5.39662 4.43766 11.5177 4.17909 4.06714 7.58168 4.82484 4.10482 5.96563 5.15847 4.85246
threshold=3.5000000000000004 126.50000000000001 9.5000000000000018 6.5000000000000009 69.500000000000014 1.4555363305000002 13.500000000000002 15.500000000000002 13.500000000000002 108.50000000000001 9.5000000000000018 0.96479175500000014 109.50000000000001 1.0000000180025095e-35
decision_type=2 2 2 2 2 2 2 2 2 2 2 2 2 2
left_child=1 3 -2 -1 -4 -6 -7 8 10 -9 12 13 -5 -12
right_child=2 -3 4 7 5 6 -8 9 -10 -11 11 -13 -14 -15
leaf_value=-0.00044375671380670402 -0.0037135682742613575 -0.00044375671380670402 -0.00044375671380670402 0.0043925084585325087 -0.00075535381615839039 -0.0016884165131213665 -0.011470058969915854 0.00124121297262247 0.0040993246734355752 -0.00044375671380670402 0.0053138757849785275 -0.00044375671380670402 -0.00044375671380670402 -2.1957149797937106e-05
leaf_weight=447.54310376453213 612.87928629806265 6742.2524882042781 2132.6033417442814 577.23864866187796 736.76241709617898 56.1928438807372 142.79156097699888 2671.6942733244505 1009.2920449244557 1091.52334314771 317.21359159657732 1286.4838781794533 285.72113219927996 292.68305793008767
leaf_count=3636 7773 36337 21807 4468 4849 2657 5039 26215 7683 5904 4252 6273 1603 3045
internal_value=5.31606e-05 0.000302244 -0.000942009 0.000932466 -0.000443757 -0.00250736 -0.00881684 0.00118444 0.00188049 0.000485814 0.00106295 0.000280075 0.00277182 0.00277391
internal_weight=18402.9 14721.6 3681.23 7979.39 3068.35 935.747 198.984 7531.85 3768.63 3763.22 2759.34 1896.38 862.96 609.897
internal_count=141541 99416 42125 63079 34352 12545 7696 59443 27324 32119 19641 13570 6071 7297
is_linear=0
shrinkage=0.03


Tree=253
num_leaves=13
num_cat=0
split_feature=3 6 5 2 2 9 6 4 2 6 9 2
split_gain=2.96901 4.32096 14.5113 5.48459 3.48667 5.17827 8.60593 7.9802 1.83315 1.23657 2.27506 1.18398
threshold=2.5000000000000004 1.8675886035000002 1.0680737845000003 25.500000000000004 53.500000000000007 1.0000000180025095e-35 0.96804425100000013 6.0250000000000012 35.500000000000007 1.2291923000000002 1.0000000180025095e-35 27.500000000000004
decision_type=2 2 2 2 2 2 2 2 2 2 2 2
left_child=4 8 11 -4 5 6 7 -1 -2 -6 -11 -3
right_child=1 2 3 -5 9 -7 -8 -9 -10 10 -12 -13
leaf_value=0.020612285706434367 0.0002901947484401102 -0.00027005825509664199 -0.0046542144875420877 -0.023339237273710262 0.0002901947484401102 0.00927048906485025 0.0002901947484401102 0.0026558948241257648 -0.00027005825509664199 0.0002901947484401102 -0.00027005825509664199 -0.0037459746902026273
leaf_weight=30.519280937616713 1033.9175987555645 77.530078788753599 26.481992253335193 35.259745366172865 9463.7038295422681 91.241646513692103 146.57106362842023 64.573144493624568 5236.4024426154792 1442.4401951432228 627.27969841565937 88.185310155735351
leaf_count=5099 12824 620 1216 6786 54773 2287 1025 1307 37770 8927 4977 3774
internal_value=9.61094e-05 -0.000419178 -0.00443575 -0.016274 0.000378329 0.00338225 0.00101625 0.00916066 -0.000270058 0.000290195 -0.000270058 -0.000270058
internal_weight=18364.1 6497.78 227.457 61.7417 11866.3 332.905 241.663 95.0924 6270.32 11533.4 2069.72 165.715
internal_count=141385 62990 12396 8002 78395 9718 7431 6406 50594 68677 13904 4394
is_linear=0
shrinkage=0.03


Tree=254
num_leaves=15
num_cat=0
split_feature=8 0 4 0 2 3 2 8 3 6 8 2 8 2
split_gain=4.4425 11.2333 9.01181 4.60946 4.45144 8.03379 28.2044 5.45569 4.79681 5.71448 4.6348 2.92679 1.14054 0.578953
threshold=6.5000000000000009 16.500000000000004 9.3666002990000035 9.5000000000000018 68.500000000000014 4.5000000000000009 97.500000000000014 14.500000000000002 5.5000000000000009 1.4555363305000002 13.500000000000002 169.50000000000003 1.5000000000000002 158.50000000000003
decision_type=2 2 2 2 2 2 2 2 2 2 2 2 2 2
left_child=1 11 -3 13 7 -6 10 -5 9 -9 -7 12 -1 -2
right_child=3 2 -4 4 5 6 -8 8 -10 -11 -12 -13 -14 -15
leaf_value=-1.7788440956229674e-05 0.0036653369147816657 -0.0017959087350707214 -0.0090269580293184278 2.749861577498617e-05 2.749861577498617e-05 2.749861577498617e-05 -0.017718055743712154 0.0025230674430222044 2.749861577498617e-05 2.749861577498617e-05 -0.0053244797567786615 -0.0013975253681320621 0.0019158673652678135 0.0025230674430222044
leaf_weight=469.88174065109342 418.73959393845871 448.73575200885534 234.81517538370099 1344.6482086307369 10986.569713080302 127.72687233029865 99.355755735887215 1538.4751306464896 497.19124192744493 421.21653930889443 144.43010080407839 659.44081284850836 655.03530291607603 369.73714308440685
leaf_count=2525 2433 2947 2895 16047 66189 2290 3852 20521 6618 3323 2722 3605 3565 1853
internal_value=0.000110702 -0.00107248 -0.00432745 0.000294074 0.000177346 -0.000120159 -0.00442914 0.00106521 0.00194047 0.00252307 2.74986e-05 0.000183038 0.00111167 0.00252307
internal_weight=18416 2467.91 683.551 15948.1 15159.6 11358.1 371.513 3801.53 2456.88 1959.69 272.157 1784.36 1124.92 788.477
internal_count=141385 15537 5842 125848 121562 75053 8864 46509 30462 23844 5012 9695 6090 4286
is_linear=0
shrinkage=0.03


Tree=255
num_leaves=15
num_cat=0
split_feature=0 8 2 8 6 9 2 8 8 8 8 9 2 6
split_gain=5.42356 12.1361 7.58517 6.87923 7.72745 8.49152 5.0021 4.9708 4.80418 2.83488 2.90626 3.62189 1.88011 1.43681
threshold=9.5000000000000018 4.5000000000000009 115.50000000000001 24.500000000000004 1.2081330280000002 1.0000000180025095e-35 169.50000000000003 7.5000000000000009 9.5000000000000018 8.5000000000000018 16.500000000000004 1.0000000180025095e-35 140.50000000000003 1.3304645035000002
decision_type=2 2 2 2 2 2 2 2 2 2 2 2 2 2
left_child=6 -2 -3 4 9 13 7 -1 -7 -4 -11 -12 -10 -6
right_child=1 2 3 -5 5 8 -8 -9 12 10 11 -13 -14 -15
leaf_value=0.001356477291715924 -0.0067306263306164708 0.00039722541489575671 0.00039722541489575671 0.00039722541489575671 -0.0012498112477297575 -0.010218921732187278 0.00039722541489575671 0.0051229359672551912 -0.0017050049149357296 -0.0012498112477297575 -0.0012498112477297575 0.00039722541489575671 -0.0056015950165246818 -0.003073550942599253
leaf_weight=1107.8872278619092 248.98616505134851 9713.0985478010261 482.8884731316939 598.98555682168808 495.66344786435366 160.98511071805842 873.84685647860169 439.13353208627086 179.85005565814208 1960.9640791714191 896.0678666383028 490.65721305459738 315.58192352054175 386.13894410978537
leaf_count=5999 2017 89547 2343 3224 2853 2425 4704 2398 2452 9056 4116 2201 3791 4126
internal_value=-2.41552e-05 -0.000225325 -0.00011992 -0.000961247 -0.00139259 -0.0031852 0.00129733 0.00243867 -0.00575602 -0.000669523 -0.00103912 0.00016156 -0.00421824 -0.00124981
internal_weight=18350.7 15929.9 15680.9 5967.78 5368.8 1538.22 2420.87 1547.02 656.417 3830.58 3347.69 1386.73 495.432 881.802
internal_count=141252 128151 126134 36587 33363 15647 13101 8397 8668 17716 15373 6317 6243 6979
is_linear=0
shrinkage=0.03


Tree=256
num_leaves=10
num_cat=0
split_feature=3 4 2 2 4 3 9 2 2
split_gain=4.79563 11.9604 23.278 1.7374 4.93428 7.77821 5.41831 3.49476 0.739174
threshold=6.5000000000000009 9.3038593065000033 40.500000000000007 40.500000000000007 11.457002457000002 5.5000000000000009 1.0000000180025095e-35 34.500000000000007 23.500000000000004
decision_type=2 2 2 2 2 2 2 2 2
left_child=3 -2 -3 4 5 6 7 8 -1
right_child=1 2 -4 -5 -6 -7 -8 -9 -10
leaf_value=0.010749851760393125 -1.7868134617480424e-05 -0.002793448349937176 -0.024656424969699258 -1.7868134617480424e-05 -1.7868134617480424e-05 -1.7868134617480424e-05 0.001579773892709272 0.0023786796679625796 0.0067292733461057491
leaf_weight=111.28959418262821 109.76736227888614 197.70872647245415 51.924524138914421 16701.413435640046 369.56730791041628 164.91000387072563 378.61348946706858 120.95330959814601 137.92076186579652
leaf_count=5255 929 3081 6550 109874 2911 1395 6703 1798 2930
internal_value=-8.69091e-05 -0.00349412 -0.00773588 -1.78681e-05 0.00108385 0.00253869 0.0041358 0.00669428 0.00870086
internal_weight=18344.1 359.401 249.633 17984.7 1283.25 913.687 748.777 370.164 249.21
internal_count=141426 10560 9631 130866 20992 18081 16686 9983 8185
is_linear=0
shrinkage=0.03


Tree=257
num_leaves=8
num_cat=0
split_feature=0 9 2 4 5 2 6
split_gain=2.4846 4.04896 4.13673 2.25984 20.0797 2.0373 0.592695
threshold=10.500000000000002 1.0000000180025095e-35 166.50000000000003 14.871402327000002 1.0680737845000003 38.500000000000007 0.98423805000000009
decision_type=2 2 2 2 2 2 2
left_child=1 2 6 -2 -5 -6 -1
right_child=3 -3 -4 4 5 -7 -8
leaf_value=0.0021915091801399836 -0.00015253090236265338 0.003446368147454686 -0.00015253090236265338 -0.00015253090236265338 -0.010614493120482533 -0.024271618190619262 0.00088231213033799095
leaf_weight=748.32200287550222 15408.825607435196 441.43174080131575 902.15765730664134 212.4629556981381 37.169955566059798 24.779985772911459 548.4934600815177
leaf_count=4887 113156 2516 4591 5488 2421 5744 2353
internal_value=-9.12187e-06 0.000841364 0.000311792 -0.000152531 -0.00285058 -0.017482 0.00164329
internal_weight=18323.6 2640.4 2198.97 15683.2 274.413 61.9499 1296.82
internal_count=141156 14347 11831 126809 13653 8165 7240
is_linear=0
shrinkage=0.03


Tree=258
num_leaves=15
num_cat=0
split_feature=8 6 1 2 3 6 2 8 8 8 8 3 8 2
split_gain=7.49963 7.46739 3.62738 3.17578 5.12797 4.15032 4.54798 5.03821 6.79478 9.93582 8.02507 3.29027 6.94349 2.19887
threshold=4.5000000000000009 1.1575559005 114.50000000000001 115.50000000000001 3.5000000000000004 1.5004760195000002 53.500000000000007 22.500000000000004 12.500000000000002 15.500000000000002 19.500000000000004 2.5000000000000004 10.500000000000002 91.500000000000014
decision_type=2 2 2 2 2 2 2 2 2 2 2 2 2 2
left_child=1 -1 3 4 5 6 -2 8 13 -10 -11 -5 -13 -8
right_child=2 -3 -4 11 -6 -7 7 -9 9 10 -12 12 -14 -15
leaf_value=-0.0010120019047395348 0.0030310914766759041 -0.0060175439784572104 0.0030310914766759041 -0.00052947090078385667 -0.00052947090078385667 -0.00052947090078385667 0.0010998839821789875 -0.00052947090078385667 0.0030310914766759041 -0.00052947090078385667 0.0030310914766759041 -0.0071460881057997484 -0.00054986676093402812 -0.00052947090078385667
leaf_weight=1175.8399322764017 690.17898209067062 343.62383878428955 351.54705258831382 6052.9045771462843 3452.8781857062131 286.33222186844796 785.85260837269016 700.07819542987272 1040.7728703694884 1196.6775192983914 609.38738480815664 205.4402978195576 455.33222095749807 1005.3148916307837
leaf_count=6250 15501 2614 1878 31538 36825 2240 5729 5472 6789 7973 4289 2901 5950 5409
internal_value=-0.000145103 -0.00216002 3.73677e-05 -2.73891e-05 0.000317811 0.000827232 0.00106657 0.000765581 0.00117551 0.00208506 0.000506767 -0.000529471 -0.00263896 -0.000271894
internal_weight=18352.2 1519.46 16832.7 16481.1 9767.47 6314.59 6028.26 5338.08 4638.01 2846.84 1806.06 6713.68 660.773 1791.17
internal_count=141358 8864 132494 130616 90227 53402 51162 35661 30189 19051 12262 40389 8851 11138
is_linear=0
shrinkage=0.03


Tree=259
num_leaves=15
num_cat=0
split_feature=3 8 2 8 8 2 9 2 5 8 9 8 0 8
split_gain=5.59784 5.9126 5.75411 4.38611 3.42765 6.42603 4.28965 6.41182 4.1097 3.41382 2.53161 4.9968 3.23654 2.43534
threshold=2.5000000000000004 28.500000000000004 117.50000000000001 10.500000000000002 13.500000000000002 104.50000000000001 1.0000000180025095e-35 138.50000000000003 0.25607608850000002 14.500000000000002 1.0000000180025095e-35 4.5000000000000009 9.5000000000000018 25.500000000000004
decision_type=2 2 2 2 2 2 2 2 2 2 2 2 2 2
left_child=1 4 13 -4 10 9 8 -8 -7 -6 11 -1 -12 -2
right_child=2 -3 3 -5 5 6 7 -9 -10 -11 12 -13 -14 -15
leaf_value=-0.00038740357374573352 -0.00038740357374573352 0.0041896272246314545 -0.0068314835964104958 -0.0015562421295378262 0.0063423111290665576 0.0023230496737634649 0.0023230496737634649 -0.00038740357374573352 -0.00038740357374573352 0.0023230496737634649 0.0034502028072055332 0.0012407642394845749 -0.00038740357374573352 -0.0015562421295378262
leaf_weight=1177.8629787242971 5293.7143941451795 357.04920057207346 214.6830649987096 412.27844200306572 186.86161801987328 418.22351985052228 718.41944961156696 570.65898704342544 2240.8719157222658 1573.0108616597718 332.21995737589896 2616.4590684347786 1704.7314060095232 512.85938764887396
leaf_count=6330 48718 3204 3118 5575 1933 2701 3461 3310 11121 17501 1899 16350 10773 5267
internal_value=2.89657e-05 0.000414461 -0.000683629 -0.00340234 0.000295886 0.000818161 0.000145277 0.00157492 -0.000387404 0.00232305 -0.000215615 0.000415858 -0.000387404 -0.000387404
internal_weight=18329.9 11896.4 6433.54 626.962 11539.3 5708.05 3948.17 1289.08 2659.1 1759.87 5831.27 3794.32 2036.95 5806.57
internal_count=141261 78583 62678 8693 75379 40027 20593 6771 13822 19434 35352 22680 12672 53985
is_linear=0
shrinkage=0.03


Tree=260
num_leaves=15
num_cat=0
split_feature=8 0 4 3 2 8 2 9 2 8 8 8 2 2
split_gain=4.10796 7.6954 9.43355 4.69091 6.67836 4.08379 5.20388 3.90372 8.64071 4.33962 2.99936 4.78239 3.69336 2.64933
threshold=6.5000000000000009 17.500000000000004 9.2750190985000014 2.5000000000000004 125.50000000000001 9.5000000000000018 93.500000000000014 1.0000000180025095e-35 108.50000000000001 10.500000000000002 12.500000000000002 15.500000000000002 91.500000000000014 70.500000000000014
decision_type=2 2 2 2 2 2 2 2 2 2 2 2 2 2
left_child=1 -1 -3 4 7 6 -5 8 9 -2 -11 12 -12 -7
right_child=3 2 -4 5 -6 13 -8 -9 -10 10 11 -13 -14 -15
leaf_value=-0.00037400098168316291 0.0053446271112440992 -0.0014616579576718425 -0.0089012713749912434 -0.00092146552004372 -0.00048432797984857446 -0.00048432797984857446 -0.0059971118054422245 0.0023037318482864106 -0.00048432797984857446 -0.00048432797984857446 0.0068529544065751118 0.00082530558862207082 0.0013948956334566729 -0.0014910813916526053
leaf_weight=1796.0930293891579 259.63053248892538 430.16735347965732 235.59468728431966 509.63477974641137 4748.1426237393171 2956.098430489772 279.58732786739711 1601.5126683480339 1165.7933451868594 260.32381185237318 244.77954731101636 1313.8933536026161 207.38056044466794 2361.4820138396462
leaf_count=9799 2387 2807 2921 4637 24744 30246 3072 11740 6314 2375 3147 14803 1248 21205
internal_value=-0.000259961 -0.00139906 -0.00414106 -8.32973e-05 0.000323296 -0.000735613 -0.00274598 0.00108188 0.000512467 0.00172794 0.00125254 0.00174838 0.00439228 -0.000484328
internal_weight=18370.1 2461.86 665.762 15908.3 9801.46 6106.8 789.222 5053.31 3451.8 2286.01 2026.38 1766.05 452.16 5317.58
internal_count=141445 15527 5728 125918 66758 59160 7709 42014 30274 23960 21573 19198 4395 51451
is_linear=0
shrinkage=0.03


Tree=261
num_leaves=15
num_cat=0
split_feature=6 4 8 8 2 1 8 2 9 2 1 1 8 8
split_gain=3.90494 6.43052 5.42335 4.74372 3.05114 2.53333 2.21275 1.17445 11.7497 0.665348 0.257621 0.155903 0.0932872 0.889954
threshold=1.8387693905000002 21.083397683500007 29.500000000000004 22.500000000000004 24.500000000000004 114.50000000000001 3.5000000000000004 27.500000000000004 1.0000000180025095e-35 40.500000000000007 118.50000000000001 59.500000000000007 16.500000000000004 20.500000000000004
decision_type=2 2 2 2 2 2 2 2 2 2 2 2 2 2
left_child=2 3 5 7 -3 9 10 -2 -9 12 -7 -4 -1 -14
right_child=1 4 11 -5 -6 6 -8 8 -10 -11 -12 -13 13 -15
leaf_value=0.00030546362161048494 -0.00011473260630039745 -0.0079880455576091074 0.0024734939724643215 -0.0079880455576091074 -0.021474584022123832 0.00030546362161048494 0.0028399929444907998 -0.00011473260630039745 -0.0079880455576091074 -0.00011473260630039745 0.0010343971975211755 0.0037279216353862657 -0.00011473260630039745 0.00030546362161048494
leaf_weight=603.70400141179562 50.893549492349848 31.043102042283863 235.07991756603587 69.084372681099921 18.896838581538759 479.92663734545931 465.73047387693077 39.027714074240066 61.94685814937111 14898.589200846385 432.24059811863117 235.07248061790597 314.46733216382563 398.88596399722155
leaf_count=8982 462 1179 2415 1252 4759 2584 2496 1454 4235 97106 2300 1865 4476 5780
internal_value=-8.34587e-05 -0.00362561 -2.93502e-05 -0.00131037 -0.0128176 -0.000114733 0.00116931 -0.000114733 -0.00410153 -0.000114733 0.000305464 0.00313333 0.000305464 -0.000114733
internal_weight=18334.6 270.892 18063.7 220.952 49.9399 17593.5 1377.9 151.868 100.975 16215.6 912.167 470.152 1317.06 713.353
internal_count=141345 13341 128004 7403 5938 123724 7380 6151 5689 116344 4884 4280 19238 10256
is_linear=0
shrinkage=0.03


Tree=262
num_leaves=15
num_cat=0
split_feature=8 2 0 3 0 2 1 3 1 6 8 0 1 2
split_gain=4.36052 7.39368 21.5232 9.08846 8.76162 5.60293 4.67523 3.82888 11.1794 6.46238 3.07299 6.95079 4.84433 3.94802
threshold=13.500000000000002 71.500000000000014 63.500000000000007 1.5000000000000002 46.500000000000007 157.50000000000003 116.50000000000001 3.5000000000000004 62.500000000000007 1.4321136125000002 6.5000000000000009 16.500000000000004 62.500000000000007 123.50000000000001
decision_type=2 2 2 2 2 2 2 2 2 2 2 2 2 2
left_child=6 2 4 5 -2 -3 10 -5 9 -9 11 -1 -13 -12
right_child=1 3 -4 7 -6 -7 -8 8 -10 -11 13 12 -14 -15
leaf_value=-3.5857615125697285e-05 0.019638843194711802 0.0011854762797499213 0.0011854762797499213 -0.0011490372487257389 0.0057630364981736647 -0.0011490372487257389 0.0016391004236029111 -0.0040996082944531366 -0.0011490372487257389 -0.012261637666686122 0.0002963486462816734 -0.0075450226225919547 -0.0021840095807189601 -0.0012987075914458492
leaf_weight=881.75607326463796 72.397903035860509 3159.9306259299628 2687.5980181201594 2601.8714585136622 100.12300225126091 697.28356167860329 935.53973662829958 262.0224324488081 148.24643146398012 132.81513011816423 3765.5199616663158 232.01793617371004 439.3661728950683 2213.6499415225117
leaf_count=4914 2255 18867 29631 15071 2847 3866 4968 1558 1421 4544 31717 2764 3032 13819
internal_value=0.000143644 0.000572262 0.00185606 4.6928e-05 0.0119751 0.00102228 -0.000355601 -0.00114904 -0.0036589 -0.00696414 -0.000604273 -0.00179098 -0.00407876 -0.000294776
internal_weight=18330.1 9862.29 2860.12 7002.17 172.521 3857.21 8467.85 3144.96 543.084 394.838 7532.31 1553.14 671.384 5979.17
internal_count=141274 80060 34733 45327 5102 22733 61214 22594 7523 6102 56246 10710 5796 45536
is_linear=0
shrinkage=0.03


Tree=263
num_leaves=13
num_cat=0
split_feature=8 6 3 2 6 8 1 1 2 1 6 6
split_gain=4.63661 8.44178 4.9954 18.5736 14.1435 4.6975 3.86796 2.18192 2.13347 1.76098 1.73456 0.272018
threshold=6.5000000000000009 1.1686872315000001 6.5000000000000009 39.500000000000007 1.1686872315000001 31.500000000000004 108.50000000000001 109.50000000000001 158.50000000000003 112.50000000000001 0.99081415700000008 1.0004706050000001
decision_type=2 2 2 2 2 2 2 2 2 2 2 2
left_child=1 9 5 -4 -5 7 -3 -2 -9 11 -11 -1
right_child=2 6 3 4 -6 -7 -8 8 -10 10 -12 -13
leaf_value=-0.0010024167754194462 3.2613072486292367e-05 -0.0071396012567276849 3.2613072486292367e-05 3.2613072486292367e-05 -0.025668367857209599 0.0038156353871960291 -0.0020994705826486468 0.0028780596625831247 3.2613072486292367e-05 0.0014958166344927403 -0.00080428030518154669 -0.0020994705826486468
leaf_weight=321.77697800053284 14278.465382082155 280.11653070664033 263.31838726159185 22.738067146390676 46.532292393618263 290.41442026302684 275.19069796800613 484.83069429080933 450.66694003716111 525.76829229411669 659.74702739715576 377.19448894355446
leaf_count=2545 108286 3179 3574 170 5919 2829 1815 2803 2263 3242 2816 1812
internal_value=-0.000233714 -0.0014497 -4.59848e-05 -0.00365622 -0.0169062 3.26131e-05 -0.00468291 3.26131e-05 0.00150749 -0.000487087 0.000217796 -0.00167568
internal_weight=18276.8 2439.79 15837 332.589 69.2704 15504.4 555.307 15214 935.498 1884.49 1185.52 698.971
internal_count=141253 15409 125844 9663 6089 116181 4994 113352 5066 10415 6058 4357
is_linear=0
shrinkage=0.03


Tree=264
num_leaves=15
num_cat=0
split_feature=3 2 6 8 8 8 8 6 2 9 2 8 8 0
split_gain=4.60175 4.65544 5.55429 4.54194 7.94642 4.56237 6.57843 3.05678 13.6765 12.4906 2.07369 4.88497 2.08079 1.97056
threshold=3.5000000000000004 101.50000000000001 1.4102525230000003 13.500000000000002 15.500000000000002 9.5000000000000018 7.5000000000000009 1.8990273175000001 22.500000000000004 1.0000000180025095e-35 50.500000000000007 22.500000000000004 22.500000000000004 94.500000000000014
decision_type=2 2 2 2 2 2 2 2 2 2 2 2 2 2
left_child=1 2 3 5 -5 6 -1 -2 -9 -10 11 13 -12 -6
right_child=7 -3 -4 4 10 -7 -8 8 9 -11 12 -13 -14 -15
leaf_value=-0.00021280794787371129 -0.00083539660248994386 -0.00021280794787371129 -0.00021280794787371129 0.0054812803970949115 0.0046528812528990968 -0.00021280794787371129 0.0056268232577177625 -0.00083539660248994386 -0.00083539660248994386 -0.020509101470553074 0.00092473670208309089 0.0085533507075266149 -0.00021280794787371129 0.00092473670208309089
leaf_weight=305.68260640883818 3484.0778348858003 10065.635695721954 446.50172249693424 525.9531922506867 123.24436495429836 993.706927733263 295.99950123298913 80.128509053960443 43.043308775057085 63.375903320324142 1206.7557370925788 108.90573620214127 480.90667243278585 81.198197414982133
leaf_count=2736 30606 55010 2728 5073 3774 8702 2580 1419 2697 7472 9311 3500 4281 1418
internal_value=-9.0578e-05 0.000147724 0.000941376 0.00142654 0.00221652 0.000172254 0.00246295 -0.00103958 -0.00473164 -0.0125231 0.00134688 0.00357027 0.000924737 0.000924737
internal_weight=18305.1 14634.5 4568.85 4122.35 2526.96 1595.39 601.682 3670.63 186.548 106.419 2001.01 313.348 1687.66 204.443
internal_count=141307 99113 44103 41375 27357 14018 5316 42194 11588 10169 22284 8692 13592 5192
is_linear=0
shrinkage=0.03


Tree=265
num_leaves=15
num_cat=0
split_feature=8 3 3 5 8 8 8 9 1 9 8 8 3 8
split_gain=4.12041 2.76765 17.4909 4.717 1.93726 2.00883 2.2717 0.990461 0.731076 0.726392 4.25577 3.56152 0.568103 0.435613
threshold=30.500000000000004 6.5000000000000009 7.5000000000000009 0.46820111200000009 19.500000000000004 25.500000000000004 24.500000000000004 1.5000000000000002 103.50000000000001 1.0000000180025095e-35 21.500000000000004 21.500000000000004 1.5000000000000002 22.500000000000004
decision_type=2 2 2 2 2 2 2 2 2 2 2 2 2 2
left_child=1 4 -3 -4 8 6 9 -5 -1 11 -11 12 -6 -13
right_child=-2 2 3 7 5 -7 -8 -9 -10 10 -12 13 -14 -15
leaf_value=-0.00018668211513419864 0.0028562646700459162 -0.00018668211513419864 -0.0037096027149230077 -0.021894252990439761 0.00096403577901476635 -0.00018668211513419864 0.0033078086675780451 -0.011284836106802467 0.00038080562458283647 0.0027345739922682902 -0.00018668211513419864 0.0031141386447547958 -0.00018668211513419864 0.0017310587794968002
leaf_weight=10292.065846096259 390.7400279667927 225.26832006021868 38.812525303568691 31.908018926158547 428.26265821151901 871.71637145685963 313.13759646948893 39.514490678557195 3529.5587620649021 444.91739442409016 429.45729743305128 349.34731062105857 403.90077508625109 564.21874006290454
leaf_count=77962 3832 4488 337 2596 3118 7392 2521 2775 19243 3448 3464 2663 3323 4412
internal_value=-0.000171839 -0.000238487 -0.00291751 -0.012782 -0.000186682 0.000489832 0.000912785 -0.0171469 -0.000186682 0.000620792 -8.48875e-05 0.000973476 -0.000186682 0.00227402
internal_weight=18352.8 17962.1 335.503 110.235 17626.6 3804.96 2933.24 71.4225 13821.6 2620.1 874.375 1745.73 832.163 913.566
internal_count=141574 137742 10196 5708 127546 30341 22949 5371 97205 20428 6912 13516 6441 7075
is_linear=0
shrinkage=0.03


Tree=266
num_leaves=15
num_cat=0
split_feature=8 2 8 0 2 8 0 3 8 2 9 2 8 9
split_gain=4.38711 4.25541 3.9013 14.8797 5.36275 5.25507 3.4097 3.34439 10.7065 3.79483 3.2921 3.12479 6.94427 2.56369
threshold=27.500000000000004 109.50000000000001 25.500000000000004 55.500000000000007 17.500000000000004 24.500000000000004 93.500000000000014 5.5000000000000009 14.500000000000002 34.500000000000007 1.5000000000000002 30.500000000000004 18.500000000000004 1.0000000180025095e-35
decision_type=2 2 2 2 2 2 2 2 2 2 2 2 2 2
left_child=2 6 4 -4 -1 7 -2 9 10 13 -9 -10 -13 -6
right_child=1 -3 3 -5 5 -7 -8 8 11 -11 -12 12 -14 -15
leaf_value=0.0036574986209944528 0.0056398291398171447 -0.00057906555382454842 0.002287269164800273 -0.0081386114576041235 0.0036574986209944528 0.0036536343006090218 0.00044249539492074839 -0.00018911435481724307 -0.0026109666713639585 -0.00018911435481724307 -0.0055869394160617241 -0.014519171754955406 -0.0026109666713639585 0.00019772023695161558
leaf_weight=325.96011937700678 314.92681707569864 334.46128136583138 247.64882546279114 236.85581236251164 194.80859290342778 307.71340379700996 177.56685214757454 173.80364790128078 107.51549723860808 15383.716814473388 131.59555384801934 95.622933074831963 82.325720147928223 231.89124943490606
leaf_count=7321 3608 1833 1683 2449 3719 2387 2339 3889 1154 99513 3931 2628 2143 2890
internal_value=-9.90023e-05 0.00202961 -0.000200028 -0.00284062 -0.000124113 -0.000198957 0.00378923 -0.000272329 -0.00247874 -0.000189114 -0.000189114 -0.00681701 -0.00921746 0.00262368
internal_weight=18346.4 826.955 17519.5 484.505 17035 16709 492.494 16401.3 590.863 15810.4 305.399 285.464 177.949 426.7
internal_count=141487 7780 133707 4132 129575 122254 5947 119867 13745 106122 7820 5925 4771 6609
is_linear=0
shrinkage=0.03


end of trees

feature_importances:
runs_needed=733
chase_dp=636
runs_last_12=543
wickets=509
required_rate_rel=442
chase_ratio=273
wickets_last_12=174
required_rate=131
legal_balls=125
balls_remaining=59

parameters:
[boosting: gbdt]
[objective: cross_entropy]
[metric: cross_entropy]
[tree_learner: serial]
[device_type: cpu]
[data_sample_strategy: bagging]
[data: ]
[valid: ]
[num_iterations: 267]
[learning_rate: 0.03]
[num_leaves: 15]
[num_threads: 12]
[seed: 7]
[deterministic: 1]
[force_col_wise: 0]
[force_row_wise: 1]
[histogram_pool_size: -1]
[max_depth: -1]
[min_data_in_leaf: 2000]
[min_sum_hessian_in_leaf: 0.001]
[bagging_fraction: 0.8]
[pos_bagging_fraction: 1]
[neg_bagging_fraction: 1]
[bagging_freq: 1]
[bagging_seed: 17422]
[bagging_by_query: 0]
[feature_fraction: 0.8]
[feature_fraction_bynode: 1]
[feature_fraction_seed: 7040]
[extra_trees: 0]
[extra_seed: 6516]
[early_stopping_round: 0]
[early_stopping_min_delta: 0]
[first_metric_only: 0]
[max_delta_step: 0]
[lambda_l1: 0]
[lambda_l2: 5]
[linear_lambda: 0]
[min_gain_to_split: 0]
[drop_rate: 0.1]
[max_drop: 50]
[skip_drop: 0.5]
[xgboost_dart_mode: 0]
[uniform_drop: 0]
[drop_seed: 15215]
[top_rate: 0.2]
[other_rate: 0.1]
[min_data_per_group: 100]
[max_cat_threshold: 32]
[cat_l2: 10]
[cat_smooth: 10]
[max_cat_to_onehot: 4]
[top_k: 20]
[monotone_constraints: -1,1,-1,-1,-1,-1,-1,1,0,0]
[monotone_constraints_method: intermediate]
[monotone_penalty: 0]
[feature_contri: ]
[forcedsplits_filename: ]
[refit_decay_rate: 0.9]
[cegb_tradeoff: 1]
[cegb_penalty_split: 0]
[cegb_penalty_feature_lazy: ]
[cegb_penalty_feature_coupled: ]
[path_smooth: 0]
[interaction_constraints: ]
[verbosity: -1]
[saved_feature_importance_type: 0]
[use_quantized_grad: 0]
[num_grad_quant_bins: 4]
[quant_train_renew_leaf: 0]
[stochastic_rounding: 1]
[linear_tree: 0]
[max_bin: 255]
[max_bin_by_feature: ]
[min_data_in_bin: 3]
[bin_construct_sample_cnt: 200000]
[data_random_seed: 61]
[is_enable_sparse: 1]
[enable_bundle: 1]
[use_missing: 1]
[zero_as_missing: 0]
[feature_pre_filter: 1]
[pre_partition: 0]
[two_round: 0]
[header: 0]
[label_column: ]
[weight_column: ]
[group_column: ]
[ignore_column: ]
[categorical_feature: ]
[forcedbins_filename: ]
[precise_float_parser: 0]
[parser_config_file: ]
[objective_seed: 15521]
[num_class: 1]
[is_unbalance: 0]
[scale_pos_weight: 1]
[sigmoid: 1]
[boost_from_average: 1]
[reg_sqrt: 0]
[alpha: 0.9]
[fair_c: 1]
[poisson_max_delta_step: 0.7]
[tweedie_variance_power: 1.5]
[lambdarank_truncation_level: 30]
[lambdarank_norm: 1]
[label_gain: ]
[lambdarank_position_bias_regularization: 0]
[eval_at: ]
[multi_error_top_k: 1]
[auc_mu_weights: ]
[num_machines: 1]
[local_listen_port: 12400]
[time_out: 120]
[machine_list_filename: ]
[machines: ]
[gpu_platform_id: -1]
[gpu_device_id: -1]
[gpu_device_id_list: ]
[gpu_use_dp: 0]
[num_gpu: 1]

end of parameters

pandas_categorical:null
