tree
version=v4
num_class=1
num_tree_per_iteration=1
label_index=0
max_feature_idx=6
objective=quantile
feature_names=legal_balls balls_remaining wickets runs_vs_par run_rate_rel runs_last_12 wickets_last_12
feature_infos=[0:119] [1:120] [0:9] [-93.522574517825831:112.63936535162949] [0:8.2525389670341607] [0:64] [0:5]
tree_sizes=765 824 813 827 807 815 819 809 806 821 815 808 814 824 816 811 819 808 810 819 809 819 810 811 811 808 817 813 818 813 815 812 815 821 808 812 818 819 821 812 806 814 810 811 817 808 822 816 802 817 813 815 817 817 817 813 815 818 821 818 819 820 824 814 819 816 819 824 815 818 818 807 814 824 820 813 824 821 813 816 811 821 817 819 821 822 817 813 827 817 821 824 817 825 817 817 817 819 807 822 819 813 821 817 817 798 828 812 825 818 813 824 821 819 817 815 819 815 822 819 816 822 815 816 811 807 822 812 825 820 821 819 822 813 817 821 813 818 815 816 814 811 819 822 822 808 818 823 803 820 821 813 824 813 809 809

Tree=0
num_leaves=7
num_cat=0
split_feature=0 4 4 2 0 2
split_gain=1156.45 525.791 239.083 164.865 114.427 113.719
threshold=59.500000000000007 0.84471343734084958 0.89890978639313146 4.5000000000000009 80.500000000000014 2.5000000000000004
decision_type=2 10 10 2 2 2
left_child=2 -2 5 4 -3 -1
right_child=1 3 -4 -5 -6 -7
leaf_value=1.0924256861209869 1.0934977412223816 1.1000404566526414 1.0948033452033996 1.0988887101411819 1.1075673878192902 1.0865711495280266
leaf_weight=27261 17260 13322 27668 10026 19588 5606
leaf_count=27261 17260 13322 27668 10026 19588 5606
internal_value=1.09556 1.10047 1.09068 1.10343 1.10514 1.0878
internal_weight=120731 60196 60535 42936 32910 32867
internal_count=120731 60196 60535 42936 32910 32867
is_linear=0
shrinkage=1


Tree=1
num_leaves=7
num_cat=0
split_feature=0 4 6 3 4 6
split_gain=1081.47 476.343 225.143 129.831 122.071 72.5821
threshold=60.500000000000007 0.84007495286471601 1.0000000180025095e-35 8.7755246049829214 0.77531334823929465 1.0000000180025095e-35
decision_type=2 10 2 2 10 2
left_child=2 -2 4 5 -1 -3
right_child=1 3 -4 -5 -6 -7
leaf_value=-0.0029657759889960278 -0.0019624108076095603 0.0075624991953372918 -0.004956241548061369 0.010784397050738331 -0.00019970100373029598 0.0031989163160324077
leaf_weight=13844 16519 14035 21220 14344 26560 14679
leaf_count=13844 16519 14035 21220 14344 26560 14679
internal_value=5.25964e-05 0.00485591 -0.00459118 0.00762488 -0.00240046 0.00568265
internal_weight=121201 59577 61624 43058 40404 28714
internal_count=121201 59577 61624 43058 40404 28714
is_linear=0
shrinkage=0.05


Tree=2
num_leaves=7
num_cat=0
split_feature=1 4 4 2 2 2
split_gain=982.534 431.559 209.427 136.728 131.549 111.331
threshold=60.500000000000007 0.84471343734084958 0.97984203337615627 2.5000000000000004 3.5000000000000004 4.5000000000000009
decision_type=2 10 10 2 2 2
left_child=1 5 3 -2 -3 -1
right_child=2 4 -4 -5 -6 -7
leaf_value=0.0012185841500759076 -0.0025982715878635656 0.007752740286290638 -0.00020695261098444551 -0.0085673911571502726 0.0050392524637281836 -0.0067846030294895221
leaf_weight=9178 33889 24511 20445 6304 18376 8183
leaf_count=9178 33889 24511 20445 6304 18376 8183
internal_value=-2.93653e-05 0.00449272 -0.00452237 -0.00661787 0.00718491 -0.00215795
internal_weight=120886 60248 60638 40193 42887 17361
internal_count=120886 60248 60638 40193 42887 17361
is_linear=0
shrinkage=0.05


Tree=3
num_leaves=7
num_cat=0
split_feature=0 4 4 6 0 6
split_gain=914.987 355.002 242.657 137.244 95.4075 94.8238
threshold=67.500000000000014 0.85431568711396466 0.9344943552889674 1.0000000180025095e-35 43.500000000000007 1.0000000180025095e-35
decision_type=2 10 10 2 2 2
left_child=2 -2 3 -1 -4 -3
right_child=1 5 4 -5 -6 -7
leaf_value=-0.0019618733828421719 -0.0012505992040038106 0.0097817855153232713 -0.0013546591292135425 -0.0055942018245812523 0.0019286865700967604 0.0052631866682320786
leaf_weight=24852 15500 17818 17020 15616 11031 19125
leaf_count=24852 15500 17818 17020 15616 11031 19125
internal_value=-4.50536e-05 0.00492535 -0.00384938 -0.00632644 -0.000275342 0.00758972
internal_weight=120962 52443 68519 40468 28051 36943
internal_count=120962 52443 68519 40468 28051 36943
is_linear=0
shrinkage=0.05


Tree=4
num_leaves=7
num_cat=0
split_feature=0 2 4 0 2 2
split_gain=816.47 354.842 213.496 183.113 160.378 126.741
threshold=67.500000000000014 3.5000000000000004 0.94271707912575009 90.500000000000014 6.5000000000000009 3.5000000000000004
decision_type=2 2 10 2 2 2
left_child=2 -2 5 -3 -5 -1
right_child=1 3 -4 4 -6 -7
leaf_value=-0.0024787476116069577 0.0078956925035826853 -0.0039898628362175113 -5.1952229891905066e-05 0.00659802434848622 -0.0092402880054526012 -0.011063524349641529
leaf_weight=37772 23233 8402 27257 16631 4120 3609
leaf_count=37772 23233 8402 27257 16631 4120 3609
internal_value=4.25518e-05 0.00474318 -0.00354515 0.00106917 0.00359053 -0.00580812
internal_weight=121024 52386 68638 29153 20751 41381
internal_count=121024 52386 68638 29153 20751 41381
is_linear=0
shrinkage=0.05


Tree=5
num_leaves=7
num_cat=0
split_feature=0 3 2 0 3 2
split_gain=746.319 368.659 187.756 119.538 113.723 98.1812
threshold=50.500000000000007 -12.747454942949622 1.5000000000000002 28.500000000000004 8.4925217460303113 5.5000000000000009
decision_type=2 2 2 2 2 2
left_child=2 5 3 -1 -3 -2
right_child=1 4 -4 -5 -6 -7
leaf_value=-0.0022094196509442887 0.00037522266449685482 0.0035893172759250136 -0.0055992609346132375 0.00061329779961746269 0.0083751831043225207 -0.0091615250520566526
leaf_weight=26446 19563 27314 12688 12222 15984 6662
leaf_count=26446 19563 27314 12688 12222 15984 6662
internal_value=-2.79193e-05 0.00334865 -0.00459882 -0.00286634 0.00618202 -0.00132958
internal_weight=120879 69523 51356 38668 43298 26225
internal_count=120879 69523 51356 38668 43298 26225
is_linear=0
shrinkage=0.05


Tree=6
num_leaves=7
num_cat=0
split_feature=0 2 4 6 0 2
split_gain=697.237 337.297 225.634 122.74 102.629 97.4841
threshold=72.500000000000014 4.5000000000000009 0.88817273012015552 1.0000000180025095e-35 45.500000000000007 7.5000000000000009
decision_type=2 2 10 2 2 2
left_child=2 -2 3 -1 -4 -3
right_child=1 5 4 -5 -6 -7
leaf_value=-0.0016850166202170059 0.0073993191978656949 0.00078250649260779297 -0.0012177350864574056 -0.0051830075814121301 0.0018897258969703514 -0.018540821951829045
leaf_weight=22796 30205 15193 20721 14704 15122 2113
leaf_count=22796 30205 15193 20721 14704 15122 2113
internal_value=9.63933e-05 0.00481469 -0.0029602 -0.00567124 -0.000123438 -0.000750968
internal_weight=120854 47511 73343 37500 35843 17306
internal_count=120854 47511 73343 37500 35843 17306
is_linear=0
shrinkage=0.05


Tree=7
num_leaves=7
num_cat=0
split_feature=0 2 2 0 2 2
split_gain=646.635 277.588 244.879 268.558 150.376 109.421
threshold=75.500000000000014 5.5000000000000009 3.5000000000000004 43.500000000000007 1.5000000000000002 1.5000000000000002
decision_type=2 2 2 2 2 2
left_child=2 -2 3 5 -5 -1
right_child=1 -3 -4 4 -6 -7
leaf_value=-0.0014541463451807847 0.0066697206954472905 -0.0041899999126500335 -0.0092404027279578971 0.0039320147344910298 -0.0005562261291150117 -0.0050158667949776253
leaf_weight=35487 34756 9435 6443 10303 16105 8186
leaf_count=35487 34756 9435 6443 10303 16105 8186
internal_value=5.90209e-05 0.00487431 -0.00272184 -0.00186378 0.00211638 -0.00427046
internal_weight=120715 44191 76524 70081 26408 43673
internal_count=120715 44191 76524 70081 26408 43673
is_linear=0
shrinkage=0.05


Tree=8
num_leaves=7
num_cat=0
split_feature=1 2 1 3 2 2
split_gain=575.72 292.821 185.195 172.287 124.963 123.109
threshold=53.500000000000007 3.5000000000000004 31.500000000000004 1.0925253119980527 7.5000000000000009 3.5000000000000004
decision_type=2 2 2 2 2 2
left_child=1 -1 4 5 -3 -2
right_child=3 2 -4 -5 -6 -7
leaf_value=0.0066371402103694082 -0.0019714356042309536 0.0047612054468961999 -0.0046288331175168345 0.00051404319522380668 -0.015780484932034201 -0.010015073106449203
leaf_weight=23987 45603 19673 7608 18212 1976 3635
leaf_count=23987 45603 19673 7608 18212 1976 3635
internal_value=-2.73407e-05 0.00385923 0.000501504 -0.0030954 0.00285975 -0.00463213
internal_weight=120694 53244 29257 67450 21649 49238
internal_count=120694 53244 29257 67450 21649 49238
is_linear=0
shrinkage=0.05


Tree=9
num_leaves=7
num_cat=0
split_feature=4 0 2 6 6 0
split_gain=519.779 335.171 114.587 91.6484 85.3994 62.954
threshold=0.8282556533663995 74.500000000000014 3.5000000000000004 1.0000000180025095e-35 1.0000000180025095e-35 41.500000000000007
decision_type=10 2 2 2 2 2
left_child=3 4 -3 -1 5 -2
right_child=1 2 -4 -5 -6 -7
leaf_value=-0.0013086261315205629 -0.00058150164288314212 0.0080454779605044335 0.004222967949397971 -0.004623693408877411 -0.0021966789336255346 0.0019534111247672126
leaf_weight=23935 15587 16272 18295 18152 14338 14268
leaf_count=23935 15587 16272 18295 18152 14338 14268
internal_value=1.86178e-06 0.00239891 0.00608657 -0.00448363 -0.000485882 0.00103734
internal_weight=120847 78760 34567 42087 44193 29855
internal_count=120847 78760 34567 42087 44193 29855
is_linear=0
shrinkage=0.05


Tree=10
num_leaves=7
num_cat=0
split_feature=0 4 2 0 2 6
split_gain=495.728 275.87 166.93 115.329 97.0938 92.6884
threshold=53.500000000000007 0.85431568711396466 1.5000000000000002 29.500000000000004 3.5000000000000004 1.0000000180025095e-35
decision_type=2 8 2 2 2 2
left_child=2 4 3 -1 -2 -3
right_child=1 5 -4 -5 -6 -7
leaf_value=-0.0017716663607611927 0.0020695483569643683 0.0061343123169517629 -0.0044538168005699378 0.00097513567404526331 -0.0037330048852228792 0.0027825877204830543
leaf_weight=27297 7022 23402 14556 12666 13656 22363
leaf_count=27297 7022 23402 14556 12666 13656 22363
internal_value=1.98401e-05 0.0029192 -0.00351359 -0.00184335 -0.00187352 0.00508466
internal_weight=120962 66443 54519 39963 20678 45765
internal_count=120962 66443 54519 39963 20678 45765
is_linear=0
shrinkage=0.05


Tree=11
num_leaves=7
num_cat=0
split_feature=0 2 2 0 2 0
split_gain=481.643 234.237 187.158 193.92 136.168 99.3119
threshold=73.500000000000014 5.5000000000000009 3.5000000000000004 40.500000000000007 1.5000000000000002 94.500000000000014
decision_type=2 2 2 2 2 2
left_child=2 -2 3 -1 -5 -3
right_child=1 5 -4 4 -6 -7
leaf_value=-0.0019175679568244341 0.0053109213738936623 -0.013518666305331961 -0.0083561181605318283 0.0030699547471723988 -0.00091267022296412934 -0.00092340552980801904
leaf_weight=41058 36923 1720 5786 11372 16292 7820
leaf_count=41058 36923 1720 5786 11372 16292 7820
internal_value=-6.59222e-05 0.00392905 -0.00255727 -0.0018297 0.00140591 -0.00305395
internal_weight=120971 46463 74508 68722 27664 9540
internal_count=120971 46463 74508 68722 27664 9540
is_linear=0
shrinkage=0.05


Tree=12
num_leaves=7
num_cat=0
split_feature=0 2 2 0 2 2
split_gain=430.599 214.689 202.11 159.586 172.413 112.765
threshold=78.500000000000014 4.5000000000000009 4.5000000000000009 44.500000000000007 1.5000000000000002 1.5000000000000002
decision_type=2 2 2 2 2 2
left_child=2 -2 3 5 -5 -1
right_child=1 -3 -4 4 -6 -7
leaf_value=-0.0011108881375179959 0.0067110780907485351 -0.00037579505253974025 -0.012710243828589275 0.0035889204402889899 -0.00098582987606412611 -0.0045923144830167578
leaf_weight=35961 24819 16552 2391 10130 21607 9215
leaf_count=35961 24819 16552 2391 10130 21607 9215
internal_value=-1.71942e-05 0.00411773 -0.00217441 -0.00172879 0.000988438 -0.00363759
internal_weight=120675 41371 79304 76913 31737 45176
internal_count=120675 41371 79304 76913 31737 45176
is_linear=0
shrinkage=0.05


Tree=13
num_leaves=7
num_cat=0
split_feature=4 1 2 6 6 5
split_gain=411.769 259.816 97.3018 85.0163 82.1373 53.4867
threshold=0.8282556533663995 42.500000000000007 4.5000000000000009 1.0000000180025095e-35 1.0000000180025095e-35 7.5000000000000009
decision_type=10 2 2 2 2 2
left_child=4 2 -2 -3 5 -1
right_child=1 3 -4 -5 -6 -7
leaf_value=-0.002501701883477181 0.0069750917116140456 0.00066174091558287575 0.0021022949026698657 -0.0020113266258370956 -0.0041424517074151014 -0.00027198231907438197
leaf_weight=7564 22220 30983 10353 15296 18218 16345
leaf_count=7564 22220 30983 10353 15296 18218 16345
internal_value=8.47219e-06 0.00214058 0.00556127 -0.000267371 -0.00398213 -0.00205424
internal_weight=120979 78852 32573 46279 42127 23909
internal_count=120979 78852 32573 46279 42127 23909
is_linear=0
shrinkage=0.05


Tree=14
num_leaves=7
num_cat=0
split_feature=5 1 2 6 4 1
split_gain=385.587 230.954 103.036 93.89 61.0415 45.0025
threshold=12.500000000000002 50.500000000000007 3.5000000000000004 1.0000000180025095e-35 0.73598187302942786 29.500000000000004
decision_type=2 2 2 2 10 2
left_child=4 2 -2 -3 -1 -4
right_child=1 3 5 -5 -6 -7
leaf_value=-0.0031733367049817107 0.006387254974986923 0.00049189408624438218 0.004453261207967951 -0.0023678151429179731 -0.001251978896646644 -0.0020738243276940405
leaf_weight=20083 18337 28503 16131 11990 21798 4175
leaf_count=20083 18337 28503 16131 11990 21798 4175
internal_value=-1.75588e-05 0.00203561 0.00480038 -0.000603116 -0.00389689 0.00234602
internal_weight=121017 79136 38643 40493 41881 20306
internal_count=121017 79136 38643 40493 41881 20306
is_linear=0
shrinkage=0.05


Tree=15
num_leaves=7
num_cat=0
split_feature=3 0 2 0 2 0
split_gain=369.296 180.177 137.431 142.287 113.28 77.3591
threshold=7.6571328055050012 51.500000000000007 4.5000000000000009 80.500000000000014 1.5000000000000002 88.500000000000014
decision_type=2 2 2 2 2 2
left_child=1 4 5 -4 -1 -3
right_child=-2 2 3 -5 -6 -7
leaf_value=-0.0010468255027053397 0.0040144677024080925 0.00068022475915110461 -0.011184667384366936 -0.0013515344238811955 -0.0041256440789758765 0.0067211098586757168
leaf_weight=34717 21952 26039 2402 13575 12454 9760
leaf_count=34717 21952 26039 2402 13575 12454 9760
internal_value=-5.02465e-05 -0.00135192 0.000684614 -0.00317075 -0.0035871 0.00240546
internal_weight=120899 98947 51776 15977 47171 35799
internal_count=120899 98947 51776 15977 47171 35799
is_linear=0
shrinkage=0.05


Tree=16
num_leaves=7
num_cat=0
split_feature=4 0 5 2 2 6
split_gain=319.23 210.65 94.3851 69.9485 66.1424 65.4045
threshold=0.82584229306864632 47.500000000000007 18.500000000000004 1.5000000000000002 1.0000000180025095e-35 1.0000000180025095e-35
decision_type=10 2 2 2 2 2
left_child=5 4 3 -3 -2 -1
right_child=1 2 -4 -5 -6 -7
leaf_value=-0.001021753928818281 0.00038549865961645668 0.004370927782907469 0.0049814025749866713 0.00034298748480293684 -0.0021457668482163074 -0.0038161025461278088
leaf_weight=23565 12399 4612 25858 22735 13444 17921
leaf_count=23565 12399 4612 25858 22735 13444 17921
internal_value=-6.71982e-05 0.0017969 0.00359566 0.00154742 -0.00190634 -0.00361886
internal_weight=120534 79048 53205 27347 25843 41486
internal_count=120534 79048 53205 27347 25843 41486
is_linear=0
shrinkage=0.05


Tree=17
num_leaves=7
num_cat=0
split_feature=0 2 0 2 2 2
split_gain=292.017 185.118 165.018 159.043 90.1962 82.0966
threshold=81.500000000000014 3.5000000000000004 47.500000000000007 6.5000000000000009 1.5000000000000002 3.5000000000000004
decision_type=2 2 2 2 2 2
left_child=1 2 -1 5 -4 -2
right_child=3 -3 4 -5 -6 -7
leaf_value=-0.001308622510305968 0.0070310063428635113 -0.0066203146202691359 0.0035798129990687322 -0.0091203981279106127 0.00011650702001482771 0.0028996558623397232
leaf_weight=47579 13431 8452 9141 4523 17432 20263
leaf_count=47579 13431 8452 9141 4523 17432 20263
internal_value=1.44836e-06 -0.00167052 -0.000871125 0.00361506 0.00228478 0.00479688
internal_weight=120821 82604 74152 38217 26573 33694
internal_count=120821 82604 74152 38217 26573 33694
is_linear=0
shrinkage=0.05


Tree=18
num_leaves=7
num_cat=0
split_feature=3 5 0 2 2 0
split_gain=302.496 148.509 91.6934 56.7061 45.2745 42.1374
threshold=8.7755246049829214 12.500000000000002 57.500000000000007 1.5000000000000002 7.5000000000000009 78.500000000000014
decision_type=2 2 2 2 2 2
left_child=1 4 3 -3 -1 -2
right_child=5 2 -4 -5 -6 -7
leaf_value=-0.0017882004331712721 0.0013934704900092076 -9.6614629577718159e-05 0.0021057426265686241 -0.0029448927199827615 -0.021254171929816046 0.0075492811743801576
leaf_weight=39630 8851 19099 33092 8153 1033 11232
leaf_count=39630 8851 19099 33092 8153 1033 11232
internal_value=7.84508e-06 -0.00110655 0.000467282 -0.0016803 -0.0034419 0.00561156
internal_weight=121090 101007 60344 27252 40663 20083
internal_count=121090 101007 60344 27252 40663 20083
is_linear=0
shrinkage=0.05


Tree=19
num_leaves=7
num_cat=0
split_feature=3 4 0 6 6 0
split_gain=272.965 129.277 94.7935 66.6911 55.4505 52.1368
threshold=6.4108440107688915 0.76415324950844365 45.500000000000007 1.5000000000000002 1.0000000180025095e-35 79.500000000000014
decision_type=2 10 2 2 2 2
left_child=1 3 -3 -1 -4 -2
right_child=5 2 4 -5 -6 -7
leaf_value=-0.0018581303084071134 0.0011270758182123531 -0.0013301437728262756 0.0024008425836072101 -0.0083003292689850516 -0.00039310824469459551 0.0069179733616535517
leaf_weight=27652 12017 22795 22393 2733 21028 12312
leaf_count=27652 12017 22795 22393 2733 21028 12312
internal_value=-4.92e-05 -0.00124138 -2.26514e-06 -0.00394126 0.00136842 0.00468378
internal_weight=120930 96601 66216 30385 43421 24329
internal_count=120930 96601 66216 30385 43421 24329
is_linear=0
shrinkage=0.05


Tree=20
num_leaves=7
num_cat=0
split_feature=5 0 2 3 2 0
split_gain=253.002 171.529 77.6171 63.3409 50.0238 58.3195
threshold=12.500000000000002 70.500000000000014 2.5000000000000004 9.3799257652452486 4.5000000000000009 52.500000000000007
decision_type=2 2 2 2 2 2
left_child=4 2 -2 -3 5 -1
right_child=1 3 -4 -5 -6 -7
leaf_value=-0.0017946562257717736 0.00016389345252729726 0.0027469954777823938 -0.003556215028851051 0.00667565845204059 -0.0072159821342269283 0.0004459697835540122
leaf_weight=24235 35231 26544 5842 11535 6601 10943
leaf_count=24235 35231 26544 5842 11535 6601 10943
internal_value=1.42637e-05 0.00167578 -0.000565388 0.00409293 -0.00313338 -0.00238325
internal_weight=120931 79152 41073 38079 41779 35178
internal_count=120931 79152 41073 38079 41779 35178
is_linear=0
shrinkage=0.05


Tree=21
num_leaves=7
num_cat=0
split_feature=3 5 0 6 0 6
split_gain=232.874 119.744 77.1044 79.8763 38.4638 28.3033
threshold=8.7755246049829214 11.500000000000002 86.500000000000014 1.0000000180025095e-35 75.500000000000014 1.5000000000000002
decision_type=2 2 2 2 2 2
left_child=1 5 3 -3 -2 -1
right_child=4 2 -4 -5 -6 -7
leaf_value=-0.0015652102425184112 0.0010840949708034509 0.00035849580544020657 0.003339140238293248 -0.0021179459390494927 0.0064287314178052557 -0.0055364483163741875
leaf_weight=30217 8312 31888 19097 15341 11795 4433
leaf_count=30217 8312 31888 19097 15341 11795 4433
internal_value=2.04397e-05 -0.000958101 0.000286442 -0.000797625 0.00493362 -0.00334007
internal_weight=121083 100976 66326 47229 20107 34650
internal_count=121083 100976 66326 47229 20107 34650
is_linear=0
shrinkage=0.05


Tree=22
num_leaves=7
num_cat=0
split_feature=0 2 2 0 2 2
split_gain=205.372 176.031 134.448 91.272 122.208 76.0433
threshold=82.500000000000014 4.5000000000000009 5.5000000000000009 41.500000000000007 1.5000000000000002 1.5000000000000002
decision_type=2 2 2 2 2 2
left_child=1 3 -2 5 -5 -1
right_child=2 -3 -4 4 -6 -7
leaf_value=-0.00071540478282707822 0.0045821841598333362 -0.010372701542229638 -0.0031368753530591101 0.0028281573361887305 -0.00069299844424574046 -0.003703392740782008
leaf_weight=34577 28311 3068 9011 12163 25775 7789
leaf_count=34577 28311 3068 9011 12163 25775 7789
internal_value=4.26681e-05 -0.0013373 0.00312508 -0.000887821 0.000893445 -0.00248283
internal_weight=120694 83372 37322 80304 37938 42366
internal_count=120694 83372 37322 80304 37938 42366
is_linear=0
shrinkage=0.05


Tree=23
num_leaves=7
num_cat=0
split_feature=3 0 2 0 2 2
split_gain=202.258 96.9887 131.701 73.9007 82.7607 76.722
threshold=4.6498888319104932 95.500000000000014 5.5000000000000009 49.500000000000007 1.5000000000000002 1.5000000000000002
decision_type=2 2 2 2 2 2
left_child=1 2 3 4 -1 -5
right_child=-2 -3 -4 5 -6 -7
leaf_value=-0.00074922297559582018 0.0024193504600567685 0.0029833965985575808 -0.012981601559741117 0.0038102846463668794 -0.0033200859408586414 -0.00052276672625163341
leaf_weight=31715 28054 15256 2372 5035 10845 27632
leaf_count=31715 28054 15256 2372 5035 10845 27632
internal_value=2.9153e-05 -0.00109493 -0.00181144 -0.0014452 -0.00281804 0.000343566
internal_weight=120909 92855 77599 75227 42560 32667
internal_count=120909 92855 77599 75227 42560 32667
is_linear=0
shrinkage=0.05


Tree=24
num_leaves=7
num_cat=0
split_feature=3 5 0 2 2 2
split_gain=183.015 96.6294 67.194 46.8047 41.3568 37.9867
threshold=8.7755246049829214 11.500000000000002 56.500000000000007 2.5000000000000004 1.5000000000000002 4.5000000000000009
decision_type=2 2 2 2 2 2
left_child=1 5 3 -3 -4 -1
right_child=-2 2 4 -5 -6 -7
leaf_value=-0.0012415219491152209 0.0028916421085726563 -0.00043704776607880194 0.0040063442235620311 -0.004326441703337641 0.0010234048969459785 -0.0067834767165983164
leaf_weight=29355 20012 26805 3665 3006 32423 5322
leaf_count=29355 20012 26805 3665 3006 32423 5322
internal_value=-2.73648e-05 -0.000896293 0.000227983 -0.00152854 0.001679 -0.00303255
internal_weight=120588 100576 65899 29811 36088 34677
internal_count=120588 100576 65899 29811 36088 34677
is_linear=0
shrinkage=0.05


Tree=25
num_leaves=7
num_cat=0
split_feature=1 2 2 1 2 2
split_gain=177.398 149.746 108.13 103.899 68.1811 49.1785
threshold=35.500000000000007 3.5000000000000004 6.5000000000000009 73.500000000000014 1.5000000000000002 1.5000000000000002
decision_type=2 2 2 2 2 2
left_child=2 3 -1 4 -2 -5
right_child=1 -3 -4 5 -6 -7
leaf_value=0.0041255078785183141 0.0028687121519106185 -0.0054751852974821436 -0.0078212228836318735 -0.00051648172826003209 0.00013260841682694036 -0.0024859666364001778
leaf_weight=30782 9950 9716 4404 37007 19411 9550
leaf_count=30782 9950 9716 4404 37007 19411 9550
internal_value=6.0418e-05 -0.00116769 0.00304908 -0.000419504 0.00190952 -0.00188834
internal_weight=120820 85634 35186 75918 29361 46557
internal_count=120820 85634 35186 75918 29361 46557
is_linear=0
shrinkage=0.05


Tree=26
num_leaves=7
num_cat=0
split_feature=0 6 5 3 3 6
split_gain=160.704 112.851 58.7018 55.9737 34.5158 34.229
threshold=90.500000000000014 1.0000000180025095e-35 7.5000000000000009 -26.116140525725665 -22.800827976421811 1.0000000180025095e-35
decision_type=2 2 2 2 2 2
left_child=1 2 -1 -2 -3 -5
right_child=3 4 -4 5 -6 -7
leaf_value=-0.0015423871003294566 -0.0015037831058724027 -0.0043594081062280693 0.00053169847704495621 0.0077972406883811581 -0.0015742939190411143 0.0029980617121770914
leaf_weight=8934 5507 4507 48734 9977 29532 13628
leaf_count=8934 5507 4507 48734 9977 29532 13628
internal_value=9.31106e-06 -0.00101813 0.000329444 0.00324553 -0.00330088 0.00430432
internal_weight=120819 91707 57668 29112 34039 23605
internal_count=120819 91707 57668 29112 34039 23605
is_linear=0
shrinkage=0.05


Tree=27
num_leaves=7
num_cat=0
split_feature=0 2 2 0 2 2
split_gain=152.587 147.49 101.937 70.0827 83.5064 57.4689
threshold=83.500000000000014 4.5000000000000009 6.5000000000000009 41.500000000000007 1.5000000000000002 1.5000000000000002
decision_type=2 2 2 2 2 2
left_child=1 3 -2 5 -5 -1
right_child=2 -3 -4 4 -6 -7
leaf_value=-0.00059802697102704922 0.0036979635869505978 -0.0086289953894387317 -0.0076318320543300126 0.0024210041733074175 -0.00052057818148306127 -0.0031329598521922077
leaf_weight=34548 31832 3281 4411 12281 26700 7871
leaf_count=34548 31832 3281 4411 12281 26700 7871
internal_value=5.16832e-05 -0.00111028 0.00276636 -0.000690989 0.000839404 -0.00209728
internal_weight=120924 84681 36243 81400 38981 42419
internal_count=120924 84681 36243 81400 38981 42419
is_linear=0
shrinkage=0.05


Tree=28
num_leaves=7
num_cat=0
split_feature=3 6 0 0 2 2
split_gain=136.531 71.7132 54.3058 50.4716 80.6565 41.7866
threshold=8.7755246049829214 1.0000000180025095e-35 74.500000000000014 94.500000000000014 5.5000000000000009 7.5000000000000009
decision_type=2 2 2 2 2 2
left_child=1 2 -1 4 -3 -5
right_child=-2 3 -4 5 -6 -7
leaf_value=-0.00028072259959469606 0.0025160861071737541 -0.0016043536684899442 0.0028279921190264238 0.0019946851533269028 -0.013402650034099468 -0.011947643761273281
leaf_weight=43004 20127 29953 15111 9205 1759 1533
leaf_count=43004 20127 29953 15111 9205 1759 1533
internal_value=-2.44414e-05 -0.000776822 0.000364332 -0.00233895 -0.00334206 0.000623662
internal_weight=120692 100565 58115 42450 31712 10738
internal_count=120692 100565 58115 42450 31712 10738
is_linear=0
shrinkage=0.05


Tree=29
num_leaves=7
num_cat=0
split_feature=0 2 0 2 2 2
split_gain=132.256 129.311 101.546 82.0769 55.2711 48.2098
threshold=89.500000000000014 3.5000000000000004 52.500000000000007 6.5000000000000009 5.5000000000000009 1.5000000000000002
decision_type=2 2 2 2 2 2
left_child=1 2 -1 -2 -3 -4
right_child=3 4 5 -5 -6 -7
leaf_value=-0.00075260874442202314 0.0041985255610180626 -0.0032974270768943992 0.0030678581803440966 -0.0064126779438783204 -0.014603871225880586 0.00058964253431330609
leaf_weight=51989 26034 10391 7842 4262 1704 18855
leaf_count=51989 26034 10391 7842 4262 1704 18855
internal_value=-2.86996e-05 -0.000983356 -0.000243357 0.00283159 -0.00579545 0.00226294
internal_weight=121077 90781 78686 30296 12095 26697
internal_count=121077 90781 78686 30296 12095 26697
is_linear=0
shrinkage=0.05


Tree=30
num_leaves=7
num_cat=0
split_feature=3 6 0 0 2 2
split_gain=116.869 69.8066 49.283 45.8997 71.1955 34.1777
threshold=9.0787862630256217 1.0000000180025095e-35 55.500000000000007 95.500000000000014 5.5000000000000009 7.5000000000000009
decision_type=2 2 2 2 2 2
left_child=1 2 -1 4 -3 -5
right_child=-2 3 -4 5 -6 -7
leaf_value=-0.00038506995471108144 0.0023562020409524324 -0.0014883265678602377 0.0018172582824773076 0.002085084446997898 -0.011295408544996922 -0.011429834226863356
leaf_weight=33696 19592 30580 24771 8928 1859 1499
leaf_count=33696 19592 30580 24771 8928 1859 1499
internal_value=3.74183e-05 -0.000646105 0.000477579 -0.00217863 -0.00310612 0.000706959
internal_weight=120925 101333 58467 42866 32439 10427
internal_count=120925 101333 58467 42866 32439 10427
is_linear=0
shrinkage=0.05


Tree=31
num_leaves=7
num_cat=0
split_feature=0 2 0 2 2 0
split_gain=116.203 123.021 94.7641 68.3888 52.3089 46.2821
threshold=92.500000000000014 3.5000000000000004 48.500000000000007 4.5000000000000009 5.5000000000000009 65.500000000000014
decision_type=2 2 2 2 2 2
left_child=1 2 -1 -2 5 -3
right_child=3 4 -4 -5 -6 -7
leaf_value=-0.00070242738695465163 0.0059730144464223535 -0.0057981386286963983 0.0013247470250760673 0.00050925163935986448 -0.011836820267271998 -0.0012603166553076363
leaf_weight=48331 13785 3460 31491 13454 1981 8066
leaf_count=48331 13785 3460 31491 13454 1981 8066
internal_value=4.60302e-05 -0.000792584 -4.57239e-05 0.00291899 -0.00520463 -0.0039112
internal_weight=120568 93329 79822 27239 13507 11526
internal_count=120568 93329 79822 27239 13507 11526
is_linear=0
shrinkage=0.05


Tree=32
num_leaves=7
num_cat=0
split_feature=0 2 2 0 2 2
split_gain=111.956 114.165 86.0201 53.4841 49.9578 46.2452
threshold=69.500000000000014 2.5000000000000004 6.5000000000000009 36.500000000000007 4.5000000000000009 3.5000000000000004
decision_type=2 2 2 2 2 2
left_child=1 3 5 -1 -3 -2
right_child=2 4 -4 -5 -6 -7
leaf_value=-0.00079085654460395735 0.0033367229786468722 -0.0028835257032653328 -0.0083158174936708417 0.00079513104492503486 -0.0097131235208576926 0.00090255718886550484
leaf_weight=36053 21634 10593 4713 22591 1338 23866
leaf_count=36053 21634 10593 4713 22591 1338 23866
internal_value=-2.48359e-05 -0.0013088 0.00177974 -0.000401541 -0.00576617 0.00244589
internal_weight=120788 70575 50213 58644 11931 45500
internal_count=120788 70575 50213 58644 11931 45500
is_linear=0
shrinkage=0.05


Tree=33
num_leaves=7
num_cat=0
split_feature=3 5 0 2 0 2
split_gain=107.005 59.4092 43.7374 76.9936 34.8288 42.5742
threshold=10.705341087301589 7.5000000000000009 94.500000000000014 3.5000000000000004 52.500000000000007 1.5000000000000002
decision_type=2 2 2 2 2 2
left_child=1 -1 3 4 5 -3
right_child=-2 2 -4 -5 -6 -7
leaf_value=-0.0018023474884978907 0.002497508375309604 6.0826745392689178e-05 0.0024646123381045883 -0.0034414631701090771 0.001085412994555085 -0.0017848380723972435
leaf_weight=15659 17208 26850 17316 11519 22040 10110
leaf_count=15659 17208 26850 17316 11519 22040 10110
internal_value=-6.5862e-05 -0.000672953 -0.000167065 -0.000719968 1.01686e-05 -0.000927905
internal_weight=120702 103494 87835 70519 59000 36960
internal_count=120702 103494 87835 70519 59000 36960
is_linear=0
shrinkage=0.05


Tree=34
num_leaves=7
num_cat=0
split_feature=0 2 2 2 0 2
split_gain=96.9144 95.9419 77.3895 49.6535 58.1088 43.7178
threshold=64.500000000000014 2.5000000000000004 7.5000000000000009 1.5000000000000002 97.500000000000014 5.5000000000000009
decision_type=2 2 2 2 2 2
left_child=1 -1 3 -2 5 -5
right_child=2 -3 -4 4 -6 -7
leaf_value=-0.00025220341587639528 0.0039749320554750339 -0.0034701239254820108 -0.013840611052542785 0.00037589210805833443 0.0044118814356455928 -0.0058618126264016251
leaf_weight=56064 4969 9604 2150 26396 19882 2095
leaf_count=56064 4969 9604 2150 26396 19882 2095
internal_value=-2.10457e-05 -0.00132094 0.0015172 0.00189233 0.00140301 -4.47431e-05
internal_weight=121160 65668 55492 53342 48373 28491
internal_count=121160 65668 55492 53342 48373 28491
is_linear=0
shrinkage=0.05


Tree=35
num_leaves=7
num_cat=0
split_feature=3 6 5 0 2 3
split_gain=89.4497 52.2823 33.6124 31.3983 56.7416 30.8743
threshold=3.8651451782960398 1.0000000180025095e-35 7.5000000000000009 94.500000000000014 5.5000000000000009 46.007241752206347
decision_type=2 2 2 2 2 2
left_child=1 2 -1 4 -3 -2
right_child=5 3 -4 -5 -6 -7
leaf_value=-0.0010822696245134545 0.0012829248514890812 -0.0014064740770460965 0.00055492883439862701 0.00037301872788670921 -0.010480161357944601 0.0088858174481634255
leaf_weight=9063 28330 27510 42988 9596 1703 1386
leaf_count=9063 28330 27510 42988 9596 1703 1386
internal_value=1.45131e-05 -0.000764321 0.000271342 -0.00215322 -0.0029682 0.00239561
internal_weight=120576 90860 52051 38809 29213 29716
internal_count=120576 90860 52051 38809 29213 29716
is_linear=0
shrinkage=0.05


Tree=36
num_leaves=7
num_cat=0
split_feature=0 6 5 0 6 6
split_gain=95.7578 62.8829 38.0483 31.0686 25.4651 15.1028
threshold=91.500000000000014 1.0000000180025095e-35 17.500000000000004 7.5000000000000009 1.5000000000000002 1.0000000180025095e-35
decision_type=2 2 2 2 2 2
left_child=1 3 -2 -1 -3 -4
right_child=2 4 5 -5 -6 -7
leaf_value=-0.0011426483025110624 0.00046019379900631431 -0.0011097876233587712 0.0071413819977885597 0.00037998964209541298 -0.0036163455364293775 0.0031955082000363344
leaf_weight=7489 11835 28670 8412 50402 5902 8115
leaf_count=7489 11835 28670 8412 50402 5902 8115
internal_value=-3.10353e-06 -0.000782703 0.00253816 0.000224972 -0.00246985 0.00408753
internal_weight=120825 92463 28362 57891 34572 16527
internal_count=120825 92463 28362 57891 34572 16527
is_linear=0
shrinkage=0.05


Tree=37
num_leaves=7
num_cat=0
split_feature=0 5 6 6 0 3
split_gain=81.9091 56.5263 41.4194 22.8662 18.5855 17.7668
threshold=63.500000000000007 17.500000000000004 1.0000000180025095e-35 1.5000000000000002 7.5000000000000009 -20.677634383313414
decision_type=2 2 2 2 2 2
left_child=2 3 4 -2 -1 -4
right_child=1 -3 5 -5 -6 -7
leaf_value=-0.0010667964713873324 0.0003556348955754407 0.0027832256139056935 -0.0039241562788159129 -0.0032439821871081964 8.0999375009149779e-05 -0.0013386614591514023
leaf_weight=7415 23823 27313 2336 5204 34705 19967
leaf_count=7415 23823 27313 2336 5204 34705 19967
internal_value=-5.15451e-05 0.00134085 -0.00126925 -0.000195474 -0.000346588 -0.00301125
internal_weight=120763 56340 64423 29027 42120 22303
internal_count=120763 56340 64423 29027 42120 22303
is_linear=0
shrinkage=0.05


Tree=38
num_leaves=7
num_cat=0
split_feature=0 6 3 5 6 6
split_gain=82.0484 48.5124 30.6733 29.5269 25.4556 23.4933
threshold=94.500000000000014 1.0000000180025095e-35 -25.67164213848508 9.5000000000000018 1.0000000180025095e-35 1.5000000000000002
decision_type=2 2 2 2 2 2
left_child=1 3 -2 -1 -4 -3
right_child=2 5 4 -5 -6 -7
leaf_value=-0.00088171693937968423 -0.0012877914228895115 -0.00090239689582057307 0.0068589080761953976 0.00042218250621758326 0.0022085762204983816 -0.003311554187573357
leaf_weight=12472 4866 29854 8380 46923 12002 6226
leaf_count=12472 4866 29854 8380 46923 12002 6226
internal_value=-2.58846e-05 -0.000696219 0.00250861 0.000182239 0.00335998 -0.00214216
internal_weight=120723 95475 25248 59395 20382 36080
internal_count=120723 95475 25248 59395 20382 36080
is_linear=0
shrinkage=0.05


Tree=39
num_leaves=7
num_cat=0
split_feature=0 2 2 0 2 2
split_gain=68.495 91.9603 56.021 38.9207 59.8976 37.4119
threshold=87.500000000000014 4.5000000000000009 7.5000000000000009 37.500000000000007 1.5000000000000002 2.5000000000000004
decision_type=2 2 2 2 2 2
left_child=1 3 -2 5 -5 -1
right_child=2 -3 -4 4 -6 -7
leaf_value=-0.00059659689148793276 0.0025591741138061954 -0.0058155086029257732 -0.010043205422293422 0.0017675391031687694 -0.00043672967062563517 -0.0055776300671069789
leaf_weight=36879 30211 4198 2007 14929 31073 1636
leaf_count=36879 30211 4198 2007 14929 31073 1636
internal_value=-7.04907e-05 -0.00078759 0.00190392 -0.000428587 0.000553177 -0.00160112
internal_weight=120933 88715 32218 84517 46002 38515
internal_count=120933 88715 32218 84517 46002 38515
is_linear=0
shrinkage=0.05


Tree=40
num_leaves=7
num_cat=0
split_feature=3 2 1 2 3 2
split_gain=69.3215 37.81 45.3108 80.1555 30.3047 26.0304
threshold=1.0925253119980527 7.5000000000000009 48.500000000000007 4.5000000000000009 35.82104535556882 2.5000000000000004
decision_type=2 2 2 2 2 2
left_child=1 2 -1 5 -2 -4
right_child=4 -3 3 -5 -6 -7
leaf_value=0.00085607908028003667 0.00083854727500950468 -0.012888084372267579 -0.00032059671513519073 -0.0086414722484499558 0.006204019998811594 -0.0020913687799930859
leaf_weight=28357 35025 1960 41403 1439 2827 9893
leaf_count=28357 35025 1960 41403 1439 2827 9893
internal_value=-4.83835e-05 -0.000856641 -0.000690531 -0.00155717 0.00172491 -0.00123
internal_weight=120904 83052 81092 52735 37852 51296
internal_count=120904 83052 81092 52735 37852 51296
is_linear=0
shrinkage=0.05


Tree=41
num_leaves=7
num_cat=0
split_feature=4 0 2 2 0 2
split_gain=61.4158 47.0978 41.7295 40.4441 33.3501 29.1029
threshold=0.78043911053919834 63.500000000000007 3.5000000000000004 3.5000000000000004 97.500000000000014 7.5000000000000009
decision_type=10 2 2 2 2 2
left_child=5 3 -3 -2 -4 -1
right_child=1 2 4 -5 -6 -7
leaf_value=-0.00091017208628378925 -0.00012578028191062574 0.0024739445361970148 -0.0020006919431269365 -0.0055931596947137235 0.0023408138559526922 -0.017605115844706049
leaf_weight=32217 39263 24307 8258 1201 14244 1031
leaf_count=32217 39263 24307 8258 1201 14244 1031
internal_value=1.5142e-05 0.000711806 0.00179166 -0.000537448 0.000239925 -0.00181337
internal_weight=120521 87273 46809 40464 22502 33248
internal_count=120521 87273 46809 40464 22502 33248
is_linear=0
shrinkage=0.05


Tree=42
num_leaves=7
num_cat=0
split_feature=1 2 1 2 2 2
split_gain=62.293 81.7799 49.2827 44.5692 39.322 38.378
threshold=19.500000000000004 4.5000000000000009 64.500000000000014 2.5000000000000004 1.5000000000000002 4.5000000000000009
decision_type=2 2 2 2 2 2
left_child=5 2 4 -4 -2 -1
right_child=1 -3 3 -5 -6 -7
leaf_value=0.0063595471292484445 0.0026082260625992951 -0.0039928451042587632 -0.00029498973716193257 -0.0030140311314854453 0.00035804438801241849 0.00079904537338084671
leaf_weight=8345 7337 8066 50447 5573 30312 10833
leaf_count=8345 7337 8066 50447 5573 30312 10833
internal_value=-8.00129e-05 -0.000572784 -0.00015666 -0.00109683 0.00124223 0.00253349
internal_weight=120913 101735 93669 56020 37649 19178
internal_count=120913 101735 93669 56020 37649 19178
is_linear=0
shrinkage=0.05


Tree=43
num_leaves=7
num_cat=0
split_feature=3 2 3 0 2 0
split_gain=54.743 34.3507 33.5163 32.6621 40.7635 44.6068
threshold=0.96963469525743318 7.5000000000000009 35.82104535556882 99.500000000000014 3.5000000000000004 63.500000000000007
decision_type=2 2 2 2 2 2
left_child=1 3 -2 4 -1 -6
right_child=2 -3 -4 -5 5 -7
leaf_value=-0.00015219197091972947 0.00072112380189213738 -0.011696304767200467 0.0061362671479546606 0.0027957297372030567 -0.0050711991723428277 -0.0014078005045617043
leaf_weight=56050 35548 1937 2812 9660 3065 11888
leaf_count=56050 35548 1937 2812 9660 3065 11888
internal_value=2.27338e-05 -0.000702137 0.00158347 -0.000543896 -0.000915038 -0.00323406
internal_weight=120960 82600 38360 80663 71003 14953
internal_count=120960 82600 38360 80663 71003 14953
is_linear=0
shrinkage=0.05


Tree=44
num_leaves=7
num_cat=0
split_feature=0 2 0 2 2 2
split_gain=53.3184 71.2483 47.3447 40.1098 32.9893 30.8425
threshold=95.500000000000014 3.5000000000000004 39.500000000000007 4.5000000000000009 1.5000000000000002 5.5000000000000009
decision_type=2 2 2 2 2 2
left_child=1 2 -1 -2 -4 -3
right_child=3 5 4 -5 -6 -7
leaf_value=-0.00061559168443113825 0.0047824714385849678 -0.0020511580868834423 0.0017188423085855776 2.5113069191923243e-05 6.7592119513870682e-05 -0.0078284410920270893
leaf_weight=39843 11587 12947 14271 12542 27014 2386
leaf_count=39843 11587 12947 14271 12542 27014 2386
internal_value=-0.00012231 -0.000648156 -5.73133e-05 0.00197957 0.00112921 -0.00377331
internal_weight=120590 96461 81128 24129 41285 15333
internal_count=120590 96461 81128 24129 41285 15333
is_linear=0
shrinkage=0.05


Tree=45
num_leaves=7
num_cat=0
split_feature=3 2 0 2 3 0
split_gain=52.8561 32.4409 35.0181 56.1441 20.6245 18.8417
threshold=6.6496829738444854 7.5000000000000009 63.500000000000007 3.5000000000000004 46.007241752206347 94.500000000000014
decision_type=2 2 2 2 2 2
left_child=1 2 3 -1 5 -2
right_child=4 -3 -4 -5 -6 -7
leaf_value=-0.00040717679992648972 0.00033996680193099652 -0.011008949620919087 0.0006626631735863975 -0.0046105866140713214 0.0074035702521077947 0.0045187330049145658
leaf_weight=52863 14916 2036 38938 3185 1379 7579
leaf_count=52863 14916 2036 38938 3185 1379 7579
internal_value=-3.019e-05 -0.000548816 -0.000414776 -0.00121492 0.00207714 0.00171222
internal_weight=120896 97022 94986 56048 23874 22495
internal_count=120896 97022 94986 56048 23874 22495
is_linear=0
shrinkage=0.05


Tree=46
num_leaves=7
num_cat=0
split_feature=0 2 2 6 0 2
split_gain=42.3374 61.9842 32.1899 30.2452 19.5889 25.891
threshold=100.50000000000001 6.5000000000000009 4.5000000000000009 1.0000000180025095e-35 38.500000000000007 2.5000000000000004
decision_type=2 2 2 2 2 2
left_child=1 3 -2 -1 -5 -6
right_child=2 -3 -4 4 5 -7
leaf_value=0.00015983916056675485 0.0053837041562066817 -0.015998413311998205 0.00034456122986057384 -0.0014931084517889937 0.00093209223481837691 -0.0013115617603490005
leaf_weight=62392 8355 1195 10849 12715 8468 17029
leaf_count=62392 8355 1195 10849 12715 8468 17029
internal_value=-0.000109703 -0.000515942 0.00204331 -0.000381179 -0.00148887 -0.000689162
internal_weight=121003 101799 19204 100604 38212 25497
internal_count=121003 101799 19204 100604 38212 25497
is_linear=0
shrinkage=0.05


Tree=47
num_leaves=7
num_cat=0
split_feature=3 6 1 2 1 6
split_gain=44.0476 34.3669 25.3376 18.207 22.9812 15.6693
threshold=11.067414946723497 1.0000000180025095e-35 17.500000000000004 3.5000000000000004 111.50000000000001 1.5000000000000002
decision_type=2 2 2 2 2 2
left_child=1 2 -1 4 -4 -3
right_child=-2 5 3 -5 -6 -7
leaf_value=0.0068875046074393098 0.0015379242032691255 -0.00065337777197474467 0.0005297523792787862 -0.001917249084173034 -0.00087347416196281724 -0.0024061587552175025
leaf_weight=4131 16824 34338 41254 6843 8232 9425
leaf_count=4131 16824 34338 41254 6843 8232 9425
internal_value=-5.0185e-05 -0.000433425 0.000339039 6.16857e-05 0.000396032 -0.00150053
internal_weight=121047 104223 60460 56329 49486 43763
internal_count=121047 104223 60460 56329 49486 43763
is_linear=0
shrinkage=0.05


Tree=48
num_leaves=7
num_cat=0
split_feature=0 2 2 0 4 2
split_gain=47.1815 48.8122 47.9483 37.6269 36.9357 29.6103
threshold=56.500000000000007 6.5000000000000009 2.5000000000000004 98.500000000000014 1.3675688197750497 1.5000000000000002
decision_type=2 2 2 2 10 2
left_child=2 4 -1 -3 5 -2
right_child=1 3 -4 -5 -6 -7
leaf_value=-0.00028305529625272108 0.0023139319931644643 -0.01711323255970008 -0.0027509580876632026 -0.0026008936077467184 0.0084559850354450801 0.00056229803970745957
leaf_weight=51017 7084 1050 6359 3715 1059 50332
leaf_count=51017 7084 1050 6359 3715 1059 50332
internal_value=-6.6738e-05 0.000875168 -0.0011049 -0.00398847 0.0012718 0.00110064
internal_weight=120616 63240 57376 4765 58475 57416
internal_count=120616 63240 57376 4765 58475 57416
is_linear=0
shrinkage=0.05


Tree=49
num_leaves=7
num_cat=0
split_feature=0 2 2 2 0 0
split_gain=36.2466 61.7448 36.9001 21.5471 33.6392 25.2005
threshold=83.500000000000014 4.5000000000000009 7.5000000000000009 2.5000000000000004 38.500000000000007 51.500000000000007
decision_type=2 2 2 2 2 2
left_child=1 3 -2 4 -1 -5
right_child=2 -3 -4 5 -6 -7
leaf_value=-0.00040267270620036324 0.0017539042736840205 -0.0049040716780894668 -0.0088576103462446494 -0.0026658570663095184 0.00083396852974054747 -0.00044704305777372167
leaf_weight=37630 34150 3306 2072 4483 26720 12452
leaf_count=37630 34150 3306 2072 4483 26720 12452
internal_value=-3.93153e-06 -0.000570653 0.00131946 -0.000298007 0.000119649 -0.00188459
internal_weight=120813 84591 36222 81285 64350 16935
internal_count=120813 84591 36222 81285 64350 16935
is_linear=0
shrinkage=0.05


Tree=50
num_leaves=7
num_cat=0
split_feature=0 2 2 0 2 2
split_gain=34.5256 57.6782 30.8338 26.4076 28.5941 25.2618
threshold=85.500000000000014 3.5000000000000004 7.5000000000000009 32.500000000000007 1.5000000000000002 5.5000000000000009
decision_type=2 2 2 2 2 2
left_child=1 3 -2 -1 -5 -3
right_child=2 5 -4 4 -6 -7
leaf_value=-0.00050972593940926678 0.0018281463622039974 -0.0019935180901997306 -0.0076835582011234973 0.0011932320672195186 -0.00021113466265819671 -0.01001217135303864
leaf_weight=33250 32339 8902 2065 17793 25461 1279
leaf_count=33250 32339 8902 2065 17793 25461 1279
internal_value=-2.49806e-05 -0.000556869 0.00131506 -8.62644e-05 0.000728172 -0.0040914
internal_weight=121089 86685 34404 76504 43254 10181
internal_count=121089 86685 34404 76504 43254 10181
is_linear=0
shrinkage=0.05


Tree=51
num_leaves=7
num_cat=0
split_feature=0 6 5 0 5 6
split_gain=32.7702 29.0831 21.8987 15.4421 14.7833 14.3435
threshold=95.500000000000014 1.0000000180025095e-35 16.500000000000004 12.500000000000002 7.5000000000000009 1.0000000180025095e-35
decision_type=2 2 2 2 2 2
left_child=1 4 -2 -3 -1 -4
right_child=2 3 5 -5 -6 -7
leaf_value=-0.00070972409190470662 -0.0004063288094658224 -0.0027906041484673017 0.0059184175401120753 -0.00074394760744999071 0.00033145917924043422 0.001729874405830556
leaf_weight=8979 8428 2096 7523 34347 51006 8304
leaf_count=8979 8428 2096 7523 34347 51006 8304
internal_value=1.03573e-06 -0.000412203 0.00164365 -0.00152615 0.000264627 0.0027397
internal_weight=120683 96428 24255 36443 59985 15827
internal_count=120683 96428 24255 36443 59985 15827
is_linear=0
shrinkage=0.05


Tree=52
num_leaves=7
num_cat=0
split_feature=0 2 0 2 0 2
split_gain=33.0792 53.4856 38.5957 31.7485 30.4092 28.2087
threshold=100.50000000000001 3.5000000000000004 49.500000000000007 6.5000000000000009 63.500000000000007 4.5000000000000009
decision_type=2 2 2 2 2 2
left_child=1 2 -1 4 -3 -2
right_child=5 3 -4 -5 -6 -7
leaf_value=-0.00032989589397756095 0.0050517681368330517 -0.0039007673981930504 0.00096899255670789279 -0.014187961923537185 -0.00099124271652909499 0.00031089365249749036
leaf_weight=49311 8314 3223 33901 1187 14005 10769
leaf_count=49311 8314 3223 33901 1187 14005 10769
internal_value=-2.77513e-05 -0.000386443 0.000153214 -0.00282438 -0.00227761 0.00188207
internal_weight=120710 101627 83212 18415 17228 19083
internal_count=120710 101627 83212 18415 17228 19083
is_linear=0
shrinkage=0.05


Tree=53
num_leaves=7
num_cat=0
split_feature=3 4 6 0 0 6
split_gain=29.8589 30.0846 28.8987 28.679 18.7711 15.7419
threshold=35.82104535556882 1.3894886017720951 1.0000000180025095e-35 75.500000000000014 14.500000000000002 1.5000000000000002
decision_type=2 10 2 2 2 2
left_child=2 -2 3 -1 -4 -6
right_child=1 -3 4 -5 5 -7
leaf_value=-8.6453008794573638e-05 0.0012480671189887939 0.0083785745021572322 -0.0025273056269988939 0.0020094638953190693 -0.00022519772149468543 -0.0019922254675710238
leaf_weight=49065 1743 1068 2832 19330 36648 10441
leaf_count=49065 1743 1068 2832 19330 36648 10441
internal_value=-7.24416e-05 0.00501598 -0.000193541 0.00047405 -0.00110814 -0.000870068
internal_weight=121127 2811 118316 68395 49921 47089
internal_count=121127 2811 118316 68395 49921 47089
is_linear=0
shrinkage=0.05


Tree=54
num_leaves=7
num_cat=0
split_feature=0 2 2 2 0 0
split_gain=29.0595 50.7547 24.392 21.0781 25.9751 24.5604
threshold=91.500000000000014 5.5000000000000009 4.5000000000000009 3.5000000000000004 57.500000000000007 54.500000000000007
decision_type=2 2 2 2 2 2
left_child=1 3 -2 5 -5 -1
right_child=2 -3 -4 4 -6 -7
leaf_value=-0.00028105032575856951 0.0032230139420335925 -0.0079282758275257877 -0.00012990251250522556 -0.0043928712109516767 -0.00084197627759888824 0.00086495614524724766
leaf_weight=53681 14442 1881 13770 2089 9081 25708
leaf_count=53681 14442 1881 13770 2089 9081 25708
internal_value=-2.94222e-05 -0.00045811 0.00137506 -0.000289022 -0.00232215 -2.83397e-06
internal_weight=120652 92440 28212 90559 11170 79389
internal_count=120652 92440 28212 90559 11170 79389
is_linear=0
shrinkage=0.05


Tree=55
num_leaves=7
num_cat=0
split_feature=3 6 0 2 0 0
split_gain=29.1428 25.2861 26.9669 18.7765 22.7305 16.1897
threshold=35.82104535556882 1.0000000180025095e-35 101.50000000000001 3.5000000000000004 73.500000000000014 11.500000000000002
decision_type=2 2 2 2 2 2
left_child=1 2 3 4 -1 -3
right_child=-2 5 -4 -5 -6 -7
leaf_value=2.6642090780329421e-05 0.0045203411383714981 -0.0024643588019022779 0.0054821493031231355 -0.0017876283522427095 0.0019744214152478956 -0.0005286189269166242
leaf_weight=46170 2762 1802 6138 6979 9166 47969
leaf_count=46170 2762 1802 6138 6979 9166 47969
internal_value=5.3723e-06 -0.000113339 0.000510167 0.000198572 0.000506857 -0.000970849
internal_weight=120986 118224 68453 62315 55336 49771
internal_count=120986 118224 68453 62315 55336 49771
is_linear=0
shrinkage=0.05


Tree=56
num_leaves=7
num_cat=0
split_feature=2 0 2 2 2 0
split_gain=26.5797 29.2951 42.2744 24.3105 15.4811 18.207
threshold=7.5000000000000009 70.500000000000014 4.5000000000000009 1.5000000000000002 2.5000000000000004 16.500000000000004
decision_type=2 2 2 2 2 2
left_child=1 2 4 -3 5 -1
right_child=-2 3 -4 -5 -6 -7
leaf_value=-0.00068766441126348892 -0.009403989209413325 0.0030495194759042835 -0.005963053690273834 0.00064167319224055501 -0.0012843873704798893 0.00023135834648611021
leaf_weight=17336 2170 3530 1435 43667 11035 41897
leaf_count=17336 2170 3530 1435 43667 11035 41897
internal_value=-6.2771e-05 3.74248e-05 -0.000599306 0.00100472 -0.000425483 -0.000105085
internal_weight=121070 118900 71703 47197 70268 59233
internal_count=121070 118900 71703 47197 70268 59233
is_linear=0
shrinkage=0.05


Tree=57
num_leaves=7
num_cat=0
split_feature=6 0 4 2 0 2
split_gain=25.9265 30.4519 17.3028 16.4349 21.8831 11.7691
threshold=1.0000000180025095e-35 105.50000000000001 0.47536510033985285 3.5000000000000004 74.500000000000014 6.5000000000000009
decision_type=2 2 10 2 2 2
left_child=1 3 -2 4 -1 -4
right_child=2 -3 5 -5 -6 -7
leaf_value=9.2205935046185691e-05 -0.0030549114980536252 0.0071504156145971061 -0.00028281274219393859 -0.0015209913717585456 0.0019943390784887215 -0.0058301058150391528
leaf_weight=46839 1940 4938 44987 8036 9986 4066
leaf_count=46839 1940 4938 44987 8036 9986 4066
internal_value=-1.90402e-05 0.000607057 -0.000876015 0.000318734 0.000618071 -0.000692548
internal_weight=120792 69799 50993 64861 56825 49053
internal_count=120792 69799 50993 64861 56825 49053
is_linear=0
shrinkage=0.05


Tree=58
num_leaves=7
num_cat=0
split_feature=6 0 2 2 2 0
split_gain=24.5935 28.4405 25.8875 18.1848 13.719 24.2821
threshold=1.5000000000000002 71.500000000000014 4.5000000000000009 3.5000000000000004 1.0000000180025095e-35 8.5000000000000018
decision_type=2 2 2 2 2 2
left_child=1 2 4 -3 5 -1
right_child=-2 3 -4 -5 -6 -7
leaf_value=-0.00062268114256079925 -0.001722266957405616 0.0018800363219988682 -0.0060704744475223952 0.00028606019280928431 -0.00043261544398833787 0.00085361643405119101
leaf_weight=8266 11183 19601 1126 21816 42795 16036
leaf_count=8266 11183 19601 1126 21816 42795 16036
internal_value=3.20704e-05 0.00025993 -0.000367518 0.00129339 -0.000241051 0.000707615
internal_weight=120823 109640 68223 41417 67097 24302
internal_count=120823 109640 68223 41417 67097 24302
is_linear=0
shrinkage=0.05


Tree=59
num_leaves=7
num_cat=0
split_feature=0 2 3 2 2 0
split_gain=23.3627 44.0698 22.8176 16.9333 15.9701 28.8187
threshold=102.50000000000001 6.5000000000000009 38.410272475673622 4.5000000000000009 2.5000000000000004 37.500000000000007
decision_type=2 2 2 2 2 2
left_child=1 2 4 -2 5 -1
right_child=3 -3 -4 -5 -6 -7
leaf_value=-0.00034941307373593801 0.0048540714556600147 -0.012843157487335229 0.0045703868514901822 0.00059154403587944335 -0.0008182688700378943 0.00076813626394803833
leaf_weight=36667 7238 1378 1147 9941 33428 31096
leaf_count=36667 7238 1378 1147 9941 33428 31096
internal_value=1.86104e-06 -0.000281042 -0.000161223 0.00170944 -0.000240869 0.000200316
internal_weight=120895 103716 102338 17179 101191 67763
internal_count=120895 103716 102338 17179 101191 67763
is_linear=0
shrinkage=0.05


Tree=60
num_leaves=7
num_cat=0
split_feature=0 2 2 4 0 0
split_gain=24.03 35.5091 17.7442 33.0272 31.1509 25.3173
threshold=101.50000000000001 6.5000000000000009 1.5000000000000002 1.3048221306540264 22.500000000000004 52.500000000000007
decision_type=2 2 2 8 2 2
left_child=1 2 4 5 -1 -4
right_child=-2 -3 3 -5 -6 -7
leaf_value=-0.00043777004692635568 0.0022250967877930241 -0.012191759833965267 -0.0014960183394845618 0.0050211609496075178 0.00082144987386231218 -0.00029067685761057226
leaf_weight=21929 18130 1265 13649 1073 26046 38770
leaf_count=21929 18130 1265 13649 1073 26046 38770
internal_value=-7.61167e-05 -0.00037231 -0.000268301 -0.000894443 0.000429867 -0.0010725
internal_weight=120862 102732 101467 53492 47975 52419
internal_count=120862 102732 101467 53492 47975 52419
is_linear=0
shrinkage=0.05


Tree=61
num_leaves=7
num_cat=0
split_feature=3 0 2 2 0 0
split_gain=18.5382 18.5499 31.863 16.813 29.8355 24.4816
threshold=46.007241752206347 103.50000000000001 6.5000000000000009 1.5000000000000002 17.500000000000004 46.500000000000007
decision_type=2 2 2 2 2 2
left_child=1 2 3 4 -1 -5
right_child=-2 -3 -4 5 -6 -7
leaf_value=-0.00050051998299890379 0.0053486685773638633 0.0023814016051425858 -0.0112907423114542 -0.0015093061502653327 0.0007491545729045924 -0.00016967380647224807
leaf_weight=17526 1394 15359 1459 10437 30392 44175
leaf_count=17526 1394 15359 1459 10437 30392 44175
internal_value=3.18849e-05 -3.51897e-05 -0.000274775 -0.000170186 0.000513323 -0.000769907
internal_weight=120742 119348 103989 102530 47918 54612
internal_count=120742 119348 103989 102530 47918 54612
is_linear=0
shrinkage=0.05


Tree=62
num_leaves=7
num_cat=0
split_feature=2 0 2 0 0 2
split_gain=19.5074 22.9251 20.161 22.0029 17.0974 19.7682
threshold=7.5000000000000009 101.50000000000001 3.5000000000000004 57.500000000000007 52.500000000000007 1.0000000180025095e-35
decision_type=2 2 2 2 2 2
left_child=1 2 4 -4 5 -1
right_child=-2 -3 3 -5 -6 -7
leaf_value=0.00030343449584994134 -0.0084255489469466597 0.0025652685522186969 -0.0037806421738432409 -0.0008366984826058744 0.0007295221463160473 -0.00062149884867044322
leaf_weight=22981 2165 16518 2159 16476 31702 28918
leaf_count=22981 2165 16518 2159 16476 31702 28918
internal_value=3.20449e-05 0.000117886 -0.000161383 -0.00164834 0.000170143 -0.000388698
internal_weight=120919 118754 102236 18635 83601 51899
internal_count=120919 118754 102236 18635 83601 51899
is_linear=0
shrinkage=0.05


Tree=63
num_leaves=7
num_cat=0
split_feature=0 2 5 3 2 0
split_gain=18.291 37.4881 15.6262 15.1002 15.0984 27.6302
threshold=95.500000000000014 5.5000000000000009 26.500000000000004 35.82104535556882 1.5000000000000002 29.500000000000004
decision_type=2 2 2 2 2 2
left_child=1 3 -2 4 5 -1
right_child=2 -3 -4 -5 -6 -7
leaf_value=-0.00028956123019465709 0.00067661637649169557 -0.0058321547344212634 0.0052278111151590652 0.0038484021517349643 -0.00053989497040783934 0.0009326806596536175
leaf_weight=27244 19422 2388 4766 1057 45821 20121
leaf_count=27244 19422 2388 4766 1057 45821 20121
internal_value=-1.01387e-05 -0.000317946 0.00121936 -0.000161011 -0.000228563 0.000397403
internal_weight=120819 96631 24188 94243 93186 47365
internal_count=120819 96631 24188 94243 93186 47365
is_linear=0
shrinkage=0.05


Tree=64
num_leaves=7
num_cat=0
split_feature=0 2 2 3 2 0
split_gain=17.7574 32.7233 17.7212 10.4691 10.9965 20.4184
threshold=85.500000000000014 4.5000000000000009 4.5000000000000009 32.160903436116136 1.5000000000000002 22.500000000000004
decision_type=2 2 2 2 2 2
left_child=1 3 -2 4 5 -1
right_child=2 -3 -4 -5 -6 -7
leaf_value=-0.00042695089039219704 0.0017753930633916727 -0.0035856130208268113 -0.00042573891937417455 0.0030393346338004504 -0.00055971267383897461 0.00060564683145694078
leaf_weight=21893 19077 3671 15177 1027 35572 24661
leaf_count=21893 19077 3671 15177 1027 35572 24661
internal_value=-5.61598e-05 -0.00043649 0.000907791 -0.000232389 -0.00029526 0.000210486
internal_weight=121078 86824 34254 83153 82126 46554
internal_count=121078 86824 34254 83153 82126 46554
is_linear=0
shrinkage=0.05


Tree=65
num_leaves=7
num_cat=0
split_feature=2 1 2 1 1 4
split_gain=16.7286 19.2696 16.7429 17.9597 16.2866 24.1913
threshold=7.5000000000000009 14.500000000000002 4.5000000000000009 42.500000000000007 74.500000000000014 1.3675688197750497
decision_type=2 2 2 2 2 10
left_child=1 -1 4 -4 5 -3
right_child=-2 2 3 -5 -6 -7
leaf_value=0.003057450906663828 -0.0081317600975317293 0.00032212293405640139 -0.00076372993431367275 -0.0042602333733409688 -0.00028357262349714698 0.0049812745190056518
leaf_weight=12717 2182 49265 7421 2228 46288 1106
leaf_count=12717 2182 49265 7421 2228 46288 1106
internal_value=-1.05188e-05 6.91002e-05 -0.000150969 -0.00213642 4.73289e-05 0.000669466
internal_weight=121207 119025 106308 9649 96659 50371
internal_count=121207 119025 106308 9649 96659 50371
is_linear=0
shrinkage=0.05


Tree=66
num_leaves=7
num_cat=0
split_feature=0 2 2 2 0 4
split_gain=17.9026 26.8831 21.8746 16.4841 18.1551 14.5929
threshold=62.500000000000007 3.5000000000000004 6.5000000000000009 1.0000000180025095e-35 8.5000000000000018 1.3500983242561084
decision_type=2 2 2 2 2 10
left_child=1 3 5 4 -1 -2
right_child=2 -3 -4 -5 -6 -7
leaf_value=-0.00050929498203815542 0.00064663413727056871 -0.0029975094142632775 -0.0047773409710184407 -0.00049847071123811928 0.00076345860170179978 0.0055000801355887148
leaf_weight=8175 51440 3057 4771 36513 15730 1175
leaf_count=8175 51440 3057 4771 36513 15730 1175
internal_value=2.99919e-05 -0.000548598 0.000669966 -0.000316932 0.00070368 0.000963987
internal_weight=120861 63475 57386 60418 23905 52615
internal_count=120861 63475 57386 60418 23905 52615
is_linear=0
shrinkage=0.05


Tree=67
num_leaves=7
num_cat=0
split_feature=6 0 2 0 2 0
split_gain=14.4244 14.2635 22.1999 10.2373 17.0734 16.4817
threshold=1.5000000000000002 82.500000000000014 4.5000000000000009 6.5000000000000009 1.0000000180025095e-35 32.500000000000007
decision_type=2 2 2 2 2 2
left_child=1 2 3 -1 -5 -6
right_child=-2 -3 -4 4 5 -7
leaf_value=-0.00083858903587780143 -0.0013386518972168361 0.0010475363100600267 -0.00370892826747527 0.00066062085005998974 -0.0010894294387085114 8.9937593842703842e-05
leaf_weight=7119 11110 31155 2326 18061 11569 39661
leaf_count=7119 11110 31155 2326 18061 11569 39661
internal_value=-6.40464e-06 0.000167204 -0.000191133 -4.44939e-05 0.000141062 -0.000324973
internal_weight=121001 109891 78736 76410 69291 51230
internal_count=121001 109891 78736 76410 69291 51230
is_linear=0
shrinkage=0.05


Tree=68
num_leaves=7
num_cat=0
split_feature=0 4 2 2 0 0
split_gain=15.243 26.0651 23.6978 16.0788 25.059 14.8622
threshold=44.500000000000007 1.3894886017720951 1.0000000180025095e-35 5.5000000000000009 89.500000000000014 107.50000000000001
decision_type=2 10 2 2 2 2
left_child=2 3 -1 5 -5 -2
right_child=1 -3 -4 4 -6 -7
leaf_value=0.00017676175113642281 0.00024568864608349729 0.0057491876293300831 -0.00088900259185407124 -0.0066657349403319915 -0.00069961828611602166 0.0046177590172749366
leaf_weight=22047 57561 1162 23395 1643 8401 6839
leaf_count=22047 57561 1162 23395 1643 8401 6839
internal_value=3.38695e-05 0.000468847 -0.000689815 0.00035259 -0.00150761 0.000642807
internal_weight=121048 75606 45442 74444 10044 64400
internal_count=121048 75606 45442 74444 10044 64400
is_linear=0
shrinkage=0.05


Tree=69
num_leaves=7
num_cat=0
split_feature=2 0 0 2 0 0
split_gain=13.4634 16.1418 11.7022 11.3975 17.9857 12.6189
threshold=7.5000000000000009 103.50000000000001 110.50000000000001 3.5000000000000004 48.500000000000007 29.500000000000004
decision_type=2 2 2 2 2 2
left_child=1 3 -2 5 -5 -1
right_child=2 -3 -4 4 -6 -7
leaf_value=-0.00040458243095335971 -0.01205038428986035 0.0022578862611155716 -0.0010209200105871592 -0.0055590437464542071 -0.00078113457648948392 0.00029609612940855183
leaf_weight=30319 1023 14429 1132 1078 18723 53811
leaf_count=30319 1023 14429 1132 1078 18723 53811
internal_value=-8.11069e-05 -9.71571e-06 -0.00399306 -0.000227303 -0.00130642 2.67427e-05
internal_weight=120515 118360 2155 103931 19801 84130
internal_count=120515 118360 2155 103931 19801 84130
is_linear=0
shrinkage=0.05


Tree=70
num_leaves=7
num_cat=0
split_feature=6 0 4 5 0 4
split_gain=12.8231 13.2777 8.70461 5.85463 7.65082 5.66045
threshold=1.5000000000000002 66.500000000000014 1.3340994559451305 20.500000000000004 99.500000000000014 0.43659252474636734
decision_type=2 2 10 2 2 10
left_child=1 5 3 -3 -5 -1
right_child=-2 2 -4 4 -6 -7
leaf_value=-0.00082818807508825982 -0.0012870736743305551 0.00020943727749482278 0.0042787031775578964 0.00026589734495753304 0.0037202222508761484 -9.0257337624338751e-05
leaf_weight=5603 11164 28880 1184 8292 7743 57938
leaf_count=5603 11164 28880 1184 8292 7743 57938
internal_value=-2.89714e-05 0.000135437 0.000781386 0.000669524 0.00143547 -0.000333223
internal_weight=120804 109640 46099 44915 16035 63541
internal_count=120804 109640 46099 44915 16035 63541
is_linear=0
shrinkage=0.05


Tree=71
num_leaves=7
num_cat=0
split_feature=2 0 0 2 2 4
split_gain=11.9276 15.7389 14.734 20.4369 12.11 10.672
threshold=6.5000000000000009 98.500000000000014 65.500000000000014 3.5000000000000004 1.5000000000000002 1.3340994559451305
decision_type=2 2 2 2 2 10
left_child=2 -2 3 -1 -4 -6
right_child=1 -3 4 -5 5 -7
leaf_value=-8.7403391104889932e-05 -0.010919985351498466 -0.0017787549337349884 0.0018804143900788884 -0.0023937626604085605 0.00031618944597505694 0.0049572377946297767
leaf_weight=62739 1022 3759 4710 3670 43821 1019
leaf_count=62739 1022 3759 4710 3670 43821 1019
internal_value=-3.72686e-06 -0.00244985 9.72285e-05 -0.000389602 0.000749672 0.000496153
internal_weight=120740 4781 115959 66409 49550 44840
internal_count=120740 4781 115959 66409 49550 44840
is_linear=0
shrinkage=0.05


Tree=72
num_leaves=7
num_cat=0
split_feature=2 0 2 0 0 0
split_gain=12.6657 11.875 17.4222 13.7216 11.7895 9.74643
threshold=7.5000000000000009 96.500000000000014 3.5000000000000004 63.500000000000007 111.50000000000001 32.500000000000007
decision_type=2 2 2 2 2 2
left_child=1 2 5 -4 -2 -1
right_child=4 -3 3 -5 -6 -7
leaf_value=-0.00026984364318435319 -0.011330690558299109 0.0014174989833707853 -0.0025213290245481692 -0.0007433071504080569 -0.00016326251360951338 0.00032974167045670137
leaf_weight=33252 1114 21354 3265 12232 1052 48540
leaf_count=33252 1114 21354 3265 12232 1052 48540
internal_value=-1.55197e-05 5.37304e-05 -0.000180638 -0.00171752 -0.00380009 0.00011064
internal_weight=120809 118643 97289 15497 2166 81792
internal_count=120809 118643 97289 15497 2166 81792
is_linear=0
shrinkage=0.05


Tree=73
num_leaves=7
num_cat=0
split_feature=2 0 2 2 0 0
split_gain=13.6458 13.4127 15.8315 12.5367 14.3942 12.7937
threshold=7.5000000000000009 68.500000000000014 4.5000000000000009 1.0000000180025095e-35 12.500000000000002 12.500000000000002
decision_type=2 2 2 2 2 2
left_child=1 2 3 5 -5 -1
right_child=-2 -3 -4 4 -6 -7
leaf_value=-0.0003007284716405434 -0.0068755137485113308 0.00064536173836734492 -0.0042220122740117385 -0.0021118207689388214 -0.00026784584151830492 0.00077752583459315136
leaf_weight=11135 2133 49111 1241 2115 42051 12992
leaf_count=11135 2133 49111 1241 2115 42051 12992
internal_value=4.18105e-05 0.000113148 -0.000333626 -0.000231705 -0.000732381 0.000684775
internal_weight=120778 118645 69534 68293 44166 24127
internal_count=120778 118645 69534 68293 44166 24127
is_linear=0
shrinkage=0.05


Tree=74
num_leaves=7
num_cat=0
split_feature=6 0 2 3 2 4
split_gain=9.15137 9.58581 9.6306 9.8311 9.51089 12.8978
threshold=1.5000000000000002 91.500000000000014 3.5000000000000004 -7.1429149287132629 1.5000000000000002 0.59306812737275505
decision_type=2 2 2 2 2 10
left_child=1 2 3 4 5 -1
right_child=-2 -3 -4 -5 -6 -7
leaf_value=-0.00035833533630066363 -0.0011453386461241499 0.0013137681853634842 -0.0010569496799775202 -0.00015860716244595063 6.7009837948162065e-05 0.0018510008952975499
leaf_weight=3159 11219 22965 10532 51224 14891 6880
leaf_count=3159 11219 22965 10532 51224 14891 6880
internal_value=-1.44778e-05 0.000124708 -0.000115929 8.00956e-05 0.000894325 0.00208333
internal_weight=120870 109651 86686 76154 24930 10039
internal_count=120870 109651 86686 76154 24930 10039
is_linear=0
shrinkage=0.05


Tree=75
num_leaves=7
num_cat=0
split_feature=2 1 1 4 1 2
split_gain=10.5015 16.5835 11.2449 9.40888 21.772 11.2081
threshold=5.5000000000000009 27.500000000000004 14.500000000000002 1.3894886017720951 77.500000000000014 1.5000000000000002
decision_type=2 2 2 10 2 2
left_child=2 -2 -1 5 -5 -4
right_child=1 -3 3 4 -6 -7
leaf_value=0.0030530793223440436 -0.00084322859771418512 -0.0054751742082097543 0.00021409984300634345 0.0052887874863353224 3.9880397375069435e-06 -0.00037934379031758783
leaf_weight=8413 8072 2023 45200 1011 2528 53696
leaf_count=8413 8072 2023 45200 1011 2528 53696
internal_value=-2.33571e-05 -0.00156683 0.000117272 -2.7089e-05 0.00250423 -0.000117795
internal_weight=120943 10095 110848 102435 3539 98896
internal_count=120943 10095 110848 102435 3539 98896
is_linear=0
shrinkage=0.05


Tree=76
num_leaves=7
num_cat=0
split_feature=2 0 0 2 2 3
split_gain=10.2418 17.5113 12.3878 18.748 10.9427 10.9117
threshold=6.5000000000000009 102.50000000000001 62.500000000000007 3.5000000000000004 1.0000000180025095e-35 -7.9769098112313515
decision_type=2 2 2 2 2 2
left_child=2 -2 3 4 -1 -6
right_child=1 -3 -4 -5 5 -7
leaf_value=0.00023348537702189143 -0.0090178188854198368 -0.00080106716782847316 0.00050941596088330818 -0.0024135835837270528 0.00014078829865107333 -0.00070370727474122763
leaf_weight=23879 1367 3421 52676 3058 14822 21665
leaf_count=23879 1367 3421 52676 3058 14822 21665
internal_value=-5.08714e-05 -0.00231588 4.26338e-05 -0.000428038 -0.000234384 -0.000778938
internal_weight=120888 4788 116100 63424 60366 36487
internal_count=120888 4788 116100 63424 60366 36487
is_linear=0
shrinkage=0.05


Tree=77
num_leaves=7
num_cat=0
split_feature=2 3 0 0 4 2
split_gain=9.98927 11.6094 10.6109 9.05895 23.8207 17.8242
threshold=7.5000000000000009 -46.365838480682321 110.50000000000001 38.500000000000007 1.411614417114295 1.0000000180025095e-35
decision_type=2 2 2 2 10 2
left_child=1 -1 -2 5 -5 -3
right_child=2 3 -4 4 -6 -7
leaf_value=0.0032550732453632937 -0.0096836650596054188 0.00012147638880586898 -0.00030596824734034915 0.00011488983258900743 0.0048848035007534657 -0.0009608039336452157
leaf_weight=1379 1026 21054 1159 76718 1091 18375
leaf_count=1379 1026 21054 1159 76718 1091 18375
internal_value=-4.42855e-05 1.74925e-05 -0.00339041 -3.62495e-05 0.000276621 -0.000653624
internal_weight=120802 118617 2185 117238 77809 39429
internal_count=120802 118617 2185 117238 77809 39429
is_linear=0
shrinkage=0.05


Tree=78
num_leaves=7
num_cat=0
split_feature=2 0 0 2 2 2
split_gain=9.09503 10.6383 8.34224 19.8854 10.0634 8.75903
threshold=7.5000000000000009 110.50000000000001 77.500000000000014 4.5000000000000009 2.5000000000000004 1.5000000000000002
decision_type=2 2 2 2 2 2
left_child=2 -2 3 5 -4 -1
right_child=1 -3 4 -5 -6 -7
leaf_value=0.0001432587234401539 -0.0093286201769688434 0.00062181101126872478 0.0017848774601026296 -0.0032633842077139765 0.00029108620691774002 -0.00041421948542693933
leaf_weight=46287 1002 1150 7623 2225 32644 30112
leaf_count=46287 1002 1150 7623 2225 32644 30112
internal_value=1.87942e-05 -0.00319889 7.71683e-05 -0.000222564 0.000662371 -8.67101e-05
internal_weight=121043 2152 118891 78624 40267 76399
internal_count=121043 2152 118891 78624 40267 76399
is_linear=0
shrinkage=0.05


Tree=79
num_leaves=7
num_cat=0
split_feature=4 2 3 4 1 2
split_gain=9.32326 9.45915 19.7716 13.6945 12.6329 16.9389
threshold=0.45855388613007736 1.5000000000000002 -9.302114781927612 1.3500983242561084 15.500000000000002 6.5000000000000009
decision_type=10 2 2 10 2 2
left_child=-1 2 -2 4 -3 -6
right_child=1 3 -4 -5 5 -7
leaf_value=-0.00087740618457650139 0.0020204281142254311 0.0016693800775120005 0.0001223073186028434 0.0037949251328725066 -0.0003407166052666111 -0.0076693445117910018
leaf_weight=6413 5516 14486 37433 1175 54391 1554
leaf_count=6413 5516 14486 37433 1175 54391 1554
internal_value=1.19861e-05 0.000115878 0.000702496 -0.000235997 -0.000325473 -0.00066622
internal_weight=120968 114555 42949 71606 70431 55945
internal_count=120968 114555 42949 71606 70431 55945
is_linear=0
shrinkage=0.05


Tree=80
num_leaves=7
num_cat=0
split_feature=2 1 1 2 4 2
split_gain=9.57893 14.8761 10.126 19.605 12.4069 10.2858
threshold=6.5000000000000009 17.500000000000004 63.500000000000007 2.5000000000000004 1.3675688197750497 1.5000000000000002
decision_type=2 2 2 2 10 2
left_child=2 -2 4 -4 5 -1
right_child=1 -3 3 -5 -6 -7
leaf_value=0.0012148557684747764 -0.00090896324763551923 -0.0081131619917371063 -6.9218003656917881e-05 -0.0015752571352296936 0.0045841140483754653 0.00010816640565930458
leaf_weight=7069 3365 1354 50956 6416 1019 50708
leaf_count=7069 3365 1354 50956 6416 1019 50708
internal_value=-7.38262e-05 -0.00228091 1.59245e-05 -0.000456629 0.000477033 0.000380309
internal_weight=120887 4719 116168 57372 58796 57777
internal_count=120887 4719 116168 57372 58796 57777
is_linear=0
shrinkage=0.05


Tree=81
num_leaves=7
num_cat=0
split_feature=6 0 2 3 3 0
split_gain=8.82171 8.70103 8.28677 9.67615 8.42549 7.66304
threshold=1.5000000000000002 99.500000000000014 3.5000000000000004 -8.1098487932338816 35.82104535556882 52.500000000000007
decision_type=2 2 2 2 2 2
left_child=1 2 3 -1 -5 -4
right_child=-2 -3 5 4 -6 -7
leaf_value=0.00058646665107903173 -0.0011701130446684694 0.0016190540211711403 -0.0046832721170677995 -0.00015028297821567118 0.0030142418518104733 -0.00064620869849507656
leaf_weight=23001 11174 15865 1007 55300 1067 13461
leaf_count=23001 11174 15865 1007 55300 1067 13461
internal_value=-1.71658e-05 0.000119182 -6.39379e-05 0.000136696 -0.000215976 -0.00116424
internal_weight=120875 109701 93836 79368 56367 14468
internal_count=120875 109701 93836 79368 56367 14468
is_linear=0
shrinkage=0.05


Tree=82
num_leaves=7
num_cat=0
split_feature=1 4 2 2 1 5
split_gain=6.91986 19.5846 16.7805 10.4888 11.1806 9.53042
threshold=81.500000000000014 1.411614417114295 1.0000000180025095e-35 4.5000000000000009 43.500000000000007 25.500000000000004
decision_type=2 10 2 2 2 2
left_child=1 3 -2 -1 -5 -4
right_child=2 -3 5 4 -6 -7
leaf_value=0.00033467535550886219 0.00015584995973980665 0.004441551836059549 -0.0006965684087424346 -0.00044773211329026676 -0.0028981247305696622 -0.0030503851001556729
leaf_weight=61571 21051 1096 17334 16650 2085 1134
leaf_count=61571 21051 1096 17334 16650 2085 1134
internal_value=1.59188e-05 0.00027946 -0.000526895 0.000188642 -0.000847118 -0.0016267
internal_weight=120921 81402 39519 80306 18735 18468
internal_count=120921 81402 39519 80306 18735 18468
is_linear=0
shrinkage=0.05


Tree=83
num_leaves=7
num_cat=0
split_feature=2 0 0 2 5 0
split_gain=7.68288 16.5087 9.18622 10.582 14.6386 14.2797
threshold=5.5000000000000009 85.500000000000014 12.500000000000002 1.5000000000000002 15.500000000000002 58.500000000000007
decision_type=2 2 2 2 2 2
left_child=2 -2 -1 4 -4 -5
right_child=1 -3 3 5 -6 -7
leaf_value=-0.00049798830468510136 -0.0061007836735582355 -0.00070834672150870141 0.0012244144554124398 -0.00065350638956205307 9.1464527277634888e-05 0.00034261649551142195
leaf_weight=13254 1254 8750 13990 17337 21400 44814
leaf_count=13254 1254 8750 13990 17337 21400 44814
internal_value=4.78047e-05 -0.00127885 0.000167644 0.000335483 0.00102557 -5.75166e-05
internal_weight=120799 10004 110795 97541 35390 62151
internal_count=120799 10004 110795 97541 35390 62151
is_linear=0
shrinkage=0.05


Tree=84
num_leaves=7
num_cat=0
split_feature=1 4 2 5 1 2
split_gain=6.74873 11.5652 9.67004 19.7581 10.5059 11.7436
threshold=105.50000000000001 1.411614417114295 1.5000000000000002 15.500000000000002 29.500000000000004 5.5000000000000009
decision_type=2 10 2 2 2 2
left_child=1 2 3 -1 -4 -6
right_child=-2 -3 4 -5 5 -7
leaf_value=0.0012350991067023533 -0.0004679897850594861 0.0019444549503920717 0.00056122240449562601 -0.00012931755660235966 -0.00033565450474071782 -0.0051066191359005865
leaf_weight=12781 15221 1975 28151 19289 41677 1796
leaf_count=12781 15221 1975 28151 19289 41677 1796
internal_value=-2.56421e-05 0.000116159 4.3877e-05 0.000765394 -0.000279217 -0.00076648
internal_weight=120890 105669 103694 32070 71624 43473
internal_count=120890 105669 103694 32070 71624 43473
is_linear=0
shrinkage=0.05


Tree=85
num_leaves=7
num_cat=0
split_feature=1 2 6 2 3 1
split_gain=6.90871 16.3421 9.09035 7.30713 12.2079 11.2507
threshold=13.500000000000002 6.5000000000000009 1.0000000180025095e-35 2.5000000000000004 -7.6903621408887579 83.500000000000014
decision_type=2 2 2 2 2 2
left_child=2 3 -1 4 -2 -5
right_child=1 -3 -4 5 -6 -7
leaf_value=0.0049191323459374658 0.00079364097868855898 -0.0067439843244101912 0.00035854366965564215 -0.00026873246642256099 -4.1921907144204522e-05 -0.0027907221245884739
leaf_weight=4524 17656 1827 8528 35419 51382 1519
leaf_count=4524 17656 1827 8528 35419 51382 1519
internal_value=5.10922e-05 -8.04671e-05 0.00113732 4.71783e-07 0.000304158 -0.00056709
internal_weight=120855 107803 13052 105976 69038 36938
internal_count=120855 107803 13052 105976 69038 36938
is_linear=0
shrinkage=0.05


Tree=86
num_leaves=7
num_cat=0
split_feature=2 0 0 4 2 2
split_gain=8.30944 13.2468 9.12487 16.4479 15.049 7.8143
threshold=6.5000000000000009 97.500000000000014 36.500000000000007 1.411614417114295 1.0000000180025095e-35 1.5000000000000002
decision_type=2 2 2 10 2 2
left_child=2 -2 4 5 -1 -4
right_child=1 -3 3 -5 -6 -7
leaf_value=0.00012605548376148356 -0.0078457589508551338 -0.0012966403560377038 0.00064560599617484731 0.0045496544307548348 -0.00089296026683812759 4.037033542936275e-06
leaf_weight=20594 1008 3787 16051 1159 16819 61455
leaf_count=20594 1008 3787 16051 1159 16819 61455
internal_value=-3.95026e-05 -0.00207813 4.47955e-05 0.000350515 -0.000597974 0.000261898
internal_weight=120873 4795 116078 78665 37413 77506
internal_count=120873 4795 116078 78665 37413 77506
is_linear=0
shrinkage=0.05


Tree=87
num_leaves=7
num_cat=0
split_feature=0 6 6 0 4 0
split_gain=7.55262 9.68348 6.01451 5.33439 8.12834 13.0349
threshold=107.50000000000001 1.0000000180025095e-35 1.5000000000000002 8.5000000000000018 1.411614417114295 34.500000000000007
decision_type=2 2 2 2 10 2
left_child=2 -2 3 -1 -5 -6
right_child=1 -3 -4 4 5 -7
leaf_value=-0.00053431768357775633 0.0050799625103642998 0.00030554154655172417 -0.0010626461551508481 7.4265532299777621e-06 -0.00026635718823342369 0.004835266460202459
leaf_weight=9152 4139 7931 8026 89412 1131 1003
leaf_count=9152 4139 7931 8026 89412 1131 1003
internal_value=-2.06955e-06 0.00118427 -0.000133819 -2.87976e-05 8.62907e-05 0.0031323
internal_weight=120794 12070 108724 100698 91546 2134
internal_count=120794 12070 108724 100698 91546 2134
is_linear=0
shrinkage=0.05


Tree=88
num_leaves=7
num_cat=0
split_feature=0 2 6 0 2 4
split_gain=6.68606 10.3207 7.25397 5.29121 14.6498 11.0442
threshold=107.50000000000001 6.5000000000000009 1.0000000180025095e-35 45.500000000000007 1.0000000180025095e-35 1.3675688197750497
decision_type=2 2 2 2 2 10
left_child=1 3 -2 4 -1 -5
right_child=2 -3 -4 5 -6 -7
leaf_value=0.00017710059699395099 0.0047083528413732478 -0.0051237552195184501 0.00041065596695927242 0.00011063787962264372 -0.00066695529885076878 0.0030697863291275053
leaf_weight=22391 4142 1960 8023 59526 24390 1138
leaf_count=22391 4142 1960 8023 59526 24390 1138
internal_value=-4.11269e-07 -0.000124075 0.00111134 -5.83993e-05 -0.000457936 0.000249716
internal_weight=121570 109405 12165 107445 46781 60664
internal_count=121570 109405 12165 107445 46781 60664
is_linear=0
shrinkage=0.05


Tree=89
num_leaves=7
num_cat=0
split_feature=2 3 0 2 0 0
split_gain=6.46778 8.71474 8.40301 6.28023 12.0866 8.69627
threshold=7.5000000000000009 -46.365838480682321 110.50000000000001 3.5000000000000004 60.500000000000007 49.500000000000007
decision_type=2 2 2 2 2 2
left_child=1 -1 -2 5 -5 -3
right_child=2 3 -4 4 -6 -7
leaf_value=0.0028250129344521702 -0.0072003659869537273 -0.0001191126095516526 0.00061942990656485011 -0.0022069341441210977 -0.00031216594291824109 0.00054129133603529893
leaf_weight=1370 1011 49191 1165 2651 27159 38313
leaf_count=1370 1011 49191 1165 2651 27159 38313
internal_value=-7.03264e-06 4.25482e-05 -0.00270518 -3.8357e-06 -0.000630555 0.000209693
internal_weight=120860 118684 2176 117314 29810 87504
internal_count=120860 118684 2176 117314 29810 87504
is_linear=0
shrinkage=0.05


Tree=90
num_leaves=7
num_cat=0
split_feature=2 3 2 0 3 4
split_gain=7.11284 8.82197 5.89846 12.4997 9.48608 5.63603
threshold=7.5000000000000009 -46.365838480682321 2.5000000000000004 60.500000000000007 -7.6903621408887579 0.60043260103280927
decision_type=2 2 2 2 2 10
left_child=1 -1 4 -4 5 -3
right_child=-2 2 3 -5 -6 -7
leaf_value=0.0029422026946692493 -0.0043911076673750771 -0.00012534180171739351 -0.0012333375972439888 -2.3886632610559123e-05 -3.9261072869112295e-06 0.0011266524629082509
leaf_weight=1376 2172 4273 7817 39729 52269 13380
leaf_count=1376 2172 4273 7817 39729 52269 13380
internal_value=3.01601e-05 8.20369e-05 3.53273e-05 -0.000394313 0.000327484 0.00132943
internal_weight=121016 118844 117468 47546 69922 17653
internal_count=121016 118844 117468 47546 69922 17653
is_linear=0
shrinkage=0.05


Tree=91
num_leaves=7
num_cat=0
split_feature=2 3 0 0 2 0
split_gain=5.48628 7.02986 6.8613 5.48505 9.16069 11.517
threshold=7.5000000000000009 -46.365838480682321 110.50000000000001 9.5000000000000018 1.0000000180025095e-35 61.500000000000007
decision_type=2 2 2 2 2 2
left_child=1 -1 -2 -3 -5 -6
right_child=2 3 -4 4 5 -7
leaf_value=0.002736586315637396 -0.0066860658824301426 -0.00050968916429310345 0.00021548013767468956 0.00056232465682823363 -0.00039075462837866452 0.00033370454311314472
leaf_weight=1358 1003 10252 1161 15664 37505 53947
leaf_count=1358 1003 10252 1161 15664 37505 53947
internal_value=-2.06791e-05 2.48461e-05 -0.00251268 -1.66137e-05 8.91515e-05 -0.000102234
internal_weight=120890 118726 2164 117368 107116 91452
internal_count=120890 118726 2164 117368 107116 91452
is_linear=0
shrinkage=0.05


Tree=92
num_leaves=7
num_cat=0
split_feature=2 0 0 4 2 2
split_gain=5.89352 6.7679 5.9447 16.036 9.80092 9.33601
threshold=7.5000000000000009 110.50000000000001 35.500000000000007 1.411614417114295 1.0000000180025095e-35 1.5000000000000002
decision_type=2 2 2 10 2 2
left_child=2 -2 4 5 -1 -4
right_child=1 -3 3 -5 -6 -7
leaf_value=0.00012336731274235069 -0.0065161134643625723 6.5174283395619265e-05 0.00065012693036783367 0.0040003648734447733 -0.00076180173159767772 -3.5669588518649768e-05
leaf_weight=20335 1011 1149 16641 1187 15981 64481
leaf_count=20335 1011 1149 16641 1187 15981 64481
internal_value=2.17319e-05 -0.00256351 6.89117e-05 0.000304019 -0.000463919 0.000219409
internal_weight=120785 2160 118625 82309 36316 81122
internal_count=120785 2160 118625 82309 36316 81122
is_linear=0
shrinkage=0.05


Tree=93
num_leaves=7
num_cat=0
split_feature=2 0 2 3 0 6
split_gain=6.24464 5.88925 8.34595 12.0981 7.87528 6.85917
threshold=7.5000000000000009 100.50000000000001 2.5000000000000004 -8.5501574873896171 50.500000000000007 1.0000000180025095e-35
decision_type=2 2 2 2 2 2
left_child=1 2 3 -1 -4 -3
right_child=-2 5 4 -5 -6 -7
leaf_value=0.00083540011515507171 -0.0037598685205812027 0.0029552832192773605 -0.0014076673167745719 -4.561323747029889e-05 -0.00028725833829830184 0.00020269983334186836
leaf_weight=15553 2168 6975 4448 52597 28579 10513
leaf_count=15553 2168 6975 4448 52597 28579 10513
internal_value=5.60668e-05 0.000104702 -4.17564e-05 0.000274375 -0.000694024 0.000951809
internal_weight=120833 118665 101177 68150 33027 17488
internal_count=120833 118665 101177 68150 33027 17488
is_linear=0
shrinkage=0.05


Tree=94
num_leaves=7
num_cat=0
split_feature=3 2 0 0 4 2
split_gain=6.48086 7.17102 9.91389 8.95 17.5008 7.44761
threshold=-49.263968381596136 3.5000000000000004 48.500000000000007 32.500000000000007 1.411614417114295 1.0000000180025095e-35
decision_type=2 2 2 2 10 2
left_child=-1 3 -3 5 -5 -2
right_child=1 2 -4 4 -6 -7
leaf_value=0.0040939569817860181 8.6248219416729121e-05 -0.003348339428902575 -0.00045802922283539883 0.00030643025482933743 0.004553365157387107 -0.00072061665009263151
leaf_weight=1414 19563 1063 30707 53397 1142 13586
leaf_count=1414 19563 1063 30707 53397 1142 13586
internal_value=5.87374e-05 1.88343e-05 -0.000624705 0.000252016 0.000645809 -0.00039588
internal_weight=120872 119458 31770 87688 54539 33149
internal_count=120872 119458 31770 87688 54539 33149
is_linear=0
shrinkage=0.05


Tree=95
num_leaves=7
num_cat=0
split_feature=3 6 0 4 0 6
split_gain=5.49818 5.22489 5.24063 6.16141 6.91936 5.01312
threshold=-49.263968381596136 1.5000000000000002 11.500000000000002 1.411614417114295 37.500000000000007 1.0000000180025095e-35
decision_type=2 2 2 10 2 2
left_child=-1 2 5 -4 -5 -2
right_child=1 -3 3 4 -6 -7
leaf_value=0.0037059833667744016 -0.00023834282695202048 -0.00091676492758925316 9.2192216867514887e-05 -2.3929522301968654e-05 0.0036282069299722222 -0.001362761383370681
leaf_weight=1421 10471 11010 94345 1024 1030 1592
leaf_count=1421 10471 11010 94345 1024 1030 1592
internal_value=1.67497e-05 -2.00875e-05 8.52794e-05 0.000208238 0.00291404 -0.000897
internal_weight=120893 119472 108462 96399 2054 12063
internal_count=120893 119472 108462 96399 2054 12063
is_linear=0
shrinkage=0.05


Tree=96
num_leaves=7
num_cat=0
split_feature=4 5 3 3 4 3
split_gain=5.07705 6.05371 4.18046 4.4205 6.16963 4.31501
threshold=0.45855388613007736 2.5000000000000004 -49.263968381596136 -33.986737112212502 0.61409184137834694 -7.1429149287132629
decision_type=10 2 2 2 10 2
left_child=1 -1 -2 4 -4 -5
right_child=2 -3 3 5 -6 -7
leaf_value=-9.4966638330418185e-05 0.0034788908573101466 -0.0016975288262340627 0.0010471611376702272 0.00037452618941160036 -0.0021102387556144438 -5.5998748703067759e-05
leaf_weight=3999 1317 2448 1038 40982 3542 67669
leaf_count=3999 1317 2448 1038 40982 3542 67669
internal_value=5.88843e-05 -0.0013058 0.000135745 0.000103103 -0.00141767 0.000167271
internal_weight=120995 6447 114548 113231 4580 108651
internal_count=120995 6447 114548 113231 4580 108651
is_linear=0
shrinkage=0.05


Tree=97
num_leaves=7
num_cat=0
split_feature=2 1 1 3 2 4
split_gain=6.16363 9.54085 8.76976 6.21167 8.76209 7.64041
threshold=4.5000000000000009 24.500000000000004 42.500000000000007 -6.7389646657581492 1.5000000000000002 0.59306812737275505
decision_type=2 2 2 2 2 10
left_child=1 -1 -2 4 5 -3
right_child=2 3 -4 -5 -6 -7
leaf_value=0.0016748277893314735 -0.0004835762907790864 -0.000182534032308887 -0.0026910166785433925 -0.00018562217480724841 -1.5090002004353177e-05 0.0014706014391143553
leaf_weight=11682 16607 3340 2264 55566 23694 7440
leaf_count=11682 16607 3340 2264 55566 23694 7440
internal_value=-6.21901e-07 0.000153352 -0.00083042 -2.11006e-05 0.000506105 0.00168753
internal_weight=120593 101722 18871 90040 34474 10780
internal_count=120593 101722 18871 90040 34474 10780
is_linear=0
shrinkage=0.05


Tree=98
num_leaves=7
num_cat=0
split_feature=2 3 0 0 5 2
split_gain=5.69715 11.1294 8.23711 7.69047 6.49981 6.19328
threshold=1.5000000000000002 -8.5501574873896171 36.500000000000007 94.500000000000014 14.500000000000002 5.5000000000000009
decision_type=2 2 2 2 2 2
left_child=1 2 -1 5 -4 -2
right_child=3 -3 4 -5 -6 -7
leaf_value=0.00050973120455207745 -0.00029806037381543418 4.8018352401821286e-05 0.0031574331861619455 0.00058569728107196186 0.0007332265079798006 -0.0031615297154757613
leaf_weight=4583 45685 40652 1814 24640 1260 2258
leaf_count=4583 45685 40652 1814 24640 1260 2258
internal_value=2.06788e-05 0.000441383 0.00218938 -0.00025934 0.00418967 -0.000628285
internal_weight=120892 48309 7657 72583 3074 47943
internal_count=120892 48309 7657 72583 3074 47943
is_linear=0
shrinkage=0.05


Tree=99
num_leaves=7
num_cat=0
split_feature=2 1 1 4 2 4
split_gain=4.34115 5.72535 4.99941 14.0082 10.5716 8.56484
threshold=7.5000000000000009 9.5000000000000018 74.500000000000014 1.3894886017720951 1.0000000180025095e-35 0.81142665397795055
decision_type=2 2 2 10 2 10
left_child=2 -2 3 -1 -4 -6
right_child=1 -3 4 -5 5 -7
leaf_value=0.00016390618728886477 0.00055858643843755278 -0.0056579081476423295 0.00019118184434366859 0.003743476140623292 -2.7448195974416612e-05 -0.00094429957479094944
leaf_weight=71063 1151 1028 22166 1131 11314 12854
leaf_count=71063 1151 1028 22166 1131 11314 12854
internal_value=2.25744e-05 -0.00218636 6.32735e-05 0.000323412 -0.000342044 -0.00106524
internal_weight=120707 2179 118528 72194 46334 24168
internal_count=120707 2179 118528 72194 46334 24168
is_linear=0
shrinkage=0.05


Tree=100
num_leaves=7
num_cat=0
split_feature=0 2 0 3 2 4
split_gain=5.6082 7.76203 10.8942 6.56425 6.99847 8.26334
threshold=106.50000000000001 3.5000000000000004 47.500000000000007 -8.5501574873896171 1.5000000000000002 0.59306812737275505
decision_type=2 2 2 2 2 10
left_child=1 3 -3 4 5 -1
right_child=-2 2 -4 -5 -6 -7
leaf_value=-0.00029145556450098923 0.0016148927549780756 -0.004083104523009507 -0.00060119152551950665 -9.8351829434417681e-05 0.00013064616447193701 0.0017381296296411055
leaf_weight=2474 13036 1017 21740 61254 16091 5217
leaf_count=2474 13036 1017 21740 61254 16091 5217
internal_value=-9.31029e-06 -0.000127785 -0.000947852 9.17205e-05 0.000796654 0.00203677
internal_weight=120829 107793 22757 85036 23782 7691
internal_count=120829 107793 22757 85036 23782 7691
is_linear=0
shrinkage=0.05


Tree=101
num_leaves=7
num_cat=0
split_feature=0 2 0 2 5 0
split_gain=4.64323 6.86751 7.00505 8.89066 6.318 12.0497
threshold=7.5000000000000009 1.5000000000000002 104.50000000000001 6.5000000000000009 14.500000000000002 26.500000000000004
decision_type=2 2 2 2 2 2
left_child=-1 4 3 -3 5 -2
right_child=1 2 -4 -5 -6 -7
leaf_value=-0.00045956689249782023 0.00010843431999630338 -0.00020885774593265571 0.001257019091387579 -0.0048535117220877277 7.9974916835334761e-05 0.0015967712744548281
leaf_weight=8237 8785 55961 14869 1561 24771 6704
leaf_count=8237 8785 55961 14869 1561 24771 6704
internal_value=3.84638e-05 0.000122275 -0.000168863 -0.000418934 0.000645722 0.00143765
internal_weight=120888 112651 72391 57522 40260 15489
internal_count=120888 112651 72391 57522 40260 15489
is_linear=0
shrinkage=0.05


Tree=102
num_leaves=7
num_cat=0
split_feature=4 0 3 2 3 2
split_gain=4.73261 7.76671 4.25462 4.88856 4.53943 7.15684
threshold=1.3894886017720951 25.500000000000004 -49.263968381596136 7.5000000000000009 -7.4179851703766593 1.5000000000000002
decision_type=10 2 2 2 2 2
left_child=2 -2 -1 4 5 -4
right_child=1 -3 3 -5 -6 -7
leaf_value=0.0031957276647361812 -0.00023931210610163569 0.0022089838498602354 0.00076529259919767563 -0.0036798507694936924 -0.00019463361375829936 -4.604700722987687e-06
leaf_weight=1431 1902 1864 9548 1705 68186 35921
leaf_count=1431 1902 1864 9548 1705 68186 35921
internal_value=-1.96994e-05 0.00172368 -7.59872e-05 -0.000109652 -6.97255e-05 0.000317214
internal_weight=120557 3766 116791 115360 113655 45469
internal_count=120557 3766 116791 115360 113655 45469
is_linear=0
shrinkage=0.05


Tree=103
num_leaves=7
num_cat=0
split_feature=0 2 0 2 3 0
split_gain=4.69081 5.23289 7.52511 7.81689 8.13376 12.2093
threshold=4.5000000000000009 1.0000000180025095e-35 49.500000000000007 1.5000000000000002 2.2995391568962238 74.500000000000014
decision_type=2 2 2 2 2 2
left_child=-1 -2 -3 4 -4 -6
right_child=1 2 3 -5 5 -7
leaf_value=-0.00070675431858576723 0.00033914879580547734 -0.00040624754175744575 0.0019781237928852224 -1.7330981391616707e-05 -0.0009709675268310459 0.0016567298726381408
leaf_weight=5089 19967 27412 3811 60329 2370 1857
leaf_count=5089 19967 27412 3811 60329 2370 1857
internal_value=-2.17229e-05 4.36281e-05 -0.000109883 0.000170757 0.00163496 0.000124055
internal_weight=120835 115746 95779 68367 8038 4227
internal_count=120835 115746 95779 68367 8038 4227
is_linear=0
shrinkage=0.05


Tree=104
num_leaves=7
num_cat=0
split_feature=2 0 0 3 2 4
split_gain=3.73106 11.6502 5.87426 5.91982 5.13704 6.15059
threshold=5.5000000000000009 87.500000000000014 107.50000000000001 -7.4179851703766593 1.5000000000000002 0.59306812737275505
decision_type=2 2 2 2 2 10
left_child=2 -2 3 4 5 -1
right_child=1 -3 -4 -5 -6 -7
leaf_value=-0.0002195620946993493 -0.0046247569456566162 -0.00035203230604776705 0.0023015343908358078 -0.00016391197563687677 9.0000231281961443e-05 0.0012329505389708896
leaf_weight=3036 1457 8666 7034 64717 29623 6557
leaf_count=3036 1457 8666 7034 64717 29623 6557
internal_value=2.89029e-06 -0.000915778 8.67336e-05 -7.93742e-06 0.000476785 0.00148208
internal_weight=121090 10123 110967 103933 39216 9593
internal_count=121090 10123 110967 103933 39216 9593
is_linear=0
shrinkage=0.05


Tree=105
num_leaves=7
num_cat=0
split_feature=2 1 3 4 3 4
split_gain=4.88586 8.88747 5.5447 4.20877 10.6367 5.25363
threshold=6.5000000000000009 16.500000000000004 -44.005899234259822 1.3894886017720951 33.857504482594521 1.5553510002626942
decision_type=2 2 2 10 2 10
left_child=2 -2 -1 -4 5 -5
right_child=1 -3 3 4 -6 -7
leaf_value=0.0017763527665100145 -0.00010837608636379836 -0.0048680119401248835 9.2680695921276708e-06 0.00091099497584734568 0.0040252562828936187 -0.0013866462092131826
leaf_weight=1303 3312 1488 111199 1471 1091 1161
leaf_count=1303 3312 1488 111199 1471 1091 1161
internal_value=4.31711e-05 -0.00151925 0.00010776 7.09146e-05 0.00172344 0
internal_weight=121025 4800 116225 114922 3723 2632
internal_count=121025 4800 116225 114922 3723 2632
is_linear=0
shrinkage=0.05


Tree=106
num_leaves=7
num_cat=0
split_feature=2 1 3 4 2 1
split_gain=4.20595 6.86765 6.10985 5.00758 6.63653 9.21804
threshold=4.5000000000000009 51.500000000000007 -6.7389646657581492 0.97984203337615627 1.0000000180025095e-35 93.500000000000014
decision_type=2 2 2 10 2 2
left_child=2 -2 -1 -4 -5 -6
right_child=1 -3 3 4 5 -7
leaf_value=0.00034432358549905674 -0.0004517704462185107 -0.0036021020942505091 -0.00032668225481738422 0.00060758288148703989 2.1899693602422945e-05 -0.0018940604481240686
leaf_weight=37742 17726 1249 23190 10442 28756 1906
leaf_count=37742 17726 1249 23190 10442 28756 1906
internal_value=1.30148e-05 -0.000670443 0.00014014 -0.000156301 0.000175144 -0.00019565
internal_weight=121011 18975 102036 64294 41104 30662
internal_count=121011 18975 102036 64294 41104 30662
is_linear=0
shrinkage=0.05


Tree=107
num_leaves=7
num_cat=0
split_feature=4 3 4 3 2 0
split_gain=5.04421 9.22811 4.45649 4.15187 4.17178 12.7827
threshold=1.3894886017720951 33.857504482594521 1.5553510002626942 33.857504482594521 1.5000000000000002 72.500000000000014
decision_type=10 2 10 2 2 2
left_child=3 2 -2 4 5 -1
right_child=1 -3 -4 -5 -6 -7
leaf_value=5.9105367342471299e-05 0.00083506608298062896 0.0040722253530655955 -0.0010524332768136358 -0.0020222965099878031 -0.00021050839563966362 0.0021357186713087009
leaf_weight=42435 1461 1100 1158 2124 69980 2730
leaf_count=42435 1461 1100 1158 2124 69980 2730
internal_value=-3.26465e-05 0.001779 0.000161966 -9.01734e-05 -4.97178e-05 0.000324884
internal_weight=120988 3719 2619 117269 115145 45165
internal_count=120988 3719 2619 117269 115145 45165
is_linear=0
shrinkage=0.05


Tree=108
num_leaves=7
num_cat=0
split_feature=4 2 3 2 4 0
split_gain=5.34985 5.4962 4.8342 4.3384 6.5025 6.99093
threshold=0.45855388613007736 1.0000000180025095e-35 -49.263968381596136 1.0000000180025095e-35 0.5628037958765828 38.500000000000007
decision_type=10 2 2 2 10 2
left_child=1 -1 -2 -4 -5 -6
right_child=2 -3 3 4 5 -7
leaf_value=-0.00020036798096451092 0.0035540248424052348 -0.0019623084922224506 0.00031965924101757804 0.0011690354606099212 -0.00062577501744348618 2.6376200667266315e-05
leaf_weight=4379 1343 2020 20311 2366 15170 75487
leaf_count=4379 1343 2020 20311 2366 15170 75487
internal_value=4.95536e-06 -0.00140147 8.34917e-05 4.80858e-05 -9.64763e-05 -0.000164071
internal_weight=121076 6399 114677 113334 93023 90657
internal_count=121076 6399 114677 113334 93023 90657
is_linear=0
shrinkage=0.05


Tree=109
num_leaves=7
num_cat=0
split_feature=0 2 3 2 4 0
split_gain=4.19868 7.84877 5.78061 5.5371 9.08182 4.50977
threshold=107.50000000000001 4.5000000000000009 -8.1098487932338816 1.5000000000000002 0.58597139245746999 56.500000000000007
decision_type=2 2 2 2 10 2
left_child=1 2 3 4 -1 -5
right_child=-2 -3 -4 5 -6 -7
leaf_value=-0.00041480332948248269 0.0015869623153961178 -0.0010585967453116657 -0.00010124449074404019 -0.00035729679060860777 0.0015604860086311902 0.00052863214128111573
leaf_weight=2659 12054 11324 64936 8743 5775 15427
leaf_count=2659 12054 11324 64936 8743 5775 15427
internal_value=2.06743e-06 -9.59869e-05 4.86955e-05 0.000591861 0.00169451 0.000206825
internal_weight=120918 108864 97540 32604 8434 24170
internal_count=120918 108864 97540 32604 8434 24170
is_linear=0
shrinkage=0.05


Tree=110
num_leaves=7
num_cat=0
split_feature=4 3 3 4 0 2
split_gain=3.65378 7.58059 3.87934 3.69203 3.41409 7.90111
threshold=1.3894886017720951 33.857504482594521 41.818112034573922 1.5553510002626942 90.500000000000014 5.5000000000000009
decision_type=10 2 2 10 2 2
left_child=2 3 4 -2 5 -1
right_child=1 -3 -4 -5 -6 -7
leaf_value=-3.0437226324259159e-05 0.00074664120360933841 0.0036389803703998583 -0.0034830522054100591 -0.0012508186443134118 0.00062889119713113175 -0.0036001820120297903
leaf_weight=86586 1508 1115 1022 1163 27678 1772
leaf_count=86586 1508 1115 1022 1163 27678 1772
internal_value=4.17877e-05 0.00156951 -7.68817e-06 0.00012145 1.93897e-05 -0.000132408
internal_weight=120844 3786 117058 2671 116036 88358
internal_count=120844 3786 117058 2671 116036 88358
is_linear=0
shrinkage=0.05


Tree=111
num_leaves=7
num_cat=0
split_feature=2 0 0 2 2 5
split_gain=4.52916 4.7632 3.98082 4.54913 4.15628 10.4328
threshold=7.5000000000000009 110.50000000000001 13.500000000000002 1.0000000180025095e-35 1.5000000000000002 15.500000000000002
decision_type=2 2 2 2 2 2
left_child=2 -2 3 -1 5 -4
right_child=1 -3 4 -5 -6 -7
leaf_value=-0.00014522810270222177 -0.0051943473171766012 -0.00010438969041467739 0.00097279037780043098 -0.0012403710559934389 -3.4422621466911885e-05 -3.4087365162416283e-05
leaf_weight=11767 1035 1176 13382 2458 70023 21054
leaf_count=11767 1035 1176 13382 2458 70023 21054
internal_value=1.71629e-05 -0.00222247 5.89777e-05 -0.00072558 0.000165847 0.000615545
internal_weight=120895 2211 118684 14225 104459 34436
internal_count=120895 2211 118684 14225 104459 34436
is_linear=0
shrinkage=0.05


Tree=112
num_leaves=7
num_cat=0
split_feature=3 2 0 2 4 0
split_gain=4.45808 5.24944 3.29196 5.23042 8.95915 5.8059
threshold=-49.263968381596136 7.5000000000000009 83.500000000000014 2.5000000000000004 0.58597139245746999 54.500000000000007
decision_type=2 2 2 2 10 2
left_child=-1 2 3 -2 -5 -6
right_child=1 -3 -4 4 5 -7
leaf_value=0.003347223666209498 2.0815444680494233e-05 -0.0036427860155432258 0.00044466260814939322 0.0011901876822246972 -0.0015587516678248427 -0.00043506676692824933
leaf_weight=1417 64016 1653 33439 1827 4422 13714
leaf_count=1417 64016 1653 33439 1827 4422 13714
internal_value=-2.28229e-05 -5.60566e-05 -1.66066e-05 -0.000183666 -0.000890174 -0.0012265
internal_weight=120488 119071 117418 83979 19963 18136
internal_count=120488 119071 117418 83979 19963 18136
is_linear=0
shrinkage=0.05


Tree=113
num_leaves=7
num_cat=0
split_feature=3 4 4 0 3 6
split_gain=3.719 2.93481 4.93453 4.66739 3.97108 3.21125
threshold=-49.263968381596136 1.6548990560572412 1.3894886017720951 25.500000000000004 41.818112034573922 2.5000000000000004
decision_type=2 8 10 2 2 2
left_child=-1 2 4 -4 5 -2
right_child=1 -3 3 -5 -6 -7
leaf_value=0.0028129319002840993 6.0737989488801606e-06 -0.00079945078605150324 -0.00013958783597999293 0.0020977785938676718 -0.0035853091772841462 -0.0025782792279019809
leaf_weight=1425 112452 1986 1095 1712 1004 1449
leaf_count=1425 112452 1986 1095 1712 1004 1449
internal_value=2.06393e-07 -3.00744e-05 2.12374e-06 0.00207148 -4.85162e-05 -2.08505e-05
internal_weight=121123 119698 117712 2807 114905 113901
internal_count=121123 119698 117712 2807 114905 113901
is_linear=0
shrinkage=0.05


Tree=114
num_leaves=7
num_cat=0
split_feature=2 0 0 2 4 5
split_gain=3.8239 4.98828 3.37548 4.84661 6.84257 8.90672
threshold=7.5000000000000009 111.50000000000001 5.5000000000000009 1.0000000180025095e-35 1.0837810681100568 20.500000000000004
decision_type=2 2 2 2 10 2
left_child=2 -2 -1 4 5 -4
right_child=1 -3 3 -5 -6 -7
leaf_value=-0.00048169369126151444 -0.0045665354274704644 0.00077651103581528056 0.00028385390480931697 -2.2859774319372583e-05 0.0010651818309286298 -0.0018605650934838238
leaf_weight=6108 1060 1041 11282 93513 6301 1461
leaf_count=6108 1060 1041 11282 93513 6301 1461
internal_value=1.07642e-05 -0.00210114 4.8243e-05 0.000110384 0.000837314 0.000170615
internal_weight=120766 2101 118665 112557 19044 12743
internal_count=120766 2101 118665 112557 19044 12743
is_linear=0
shrinkage=0.05


Tree=115
num_leaves=7
num_cat=0
split_feature=0 5 0 3 3 3
split_gain=3.32132 5.76031 4.65504 3.79057 4.75268 3.62157
threshold=106.50000000000001 25.500000000000004 117.50000000000001 -5.9651225885483532 0.96963469525743318 19.469908604945044
decision_type=2 2 2 2 2 2
left_child=3 2 5 -1 -5 -2
right_child=1 -3 -4 4 -6 -7
leaf_value=0.00010148934287309009 0.0014052228670414113 0.0040664325419873752 -0.0076998173739478487 -0.00043208832221833807 -2.0802268570085938e-05 -0.0026904022045667777
leaf_weight=47982 6997 3609 1298 27454 32246 1194
leaf_count=47982 6997 3609 1298 27454 32246 1194
internal_value=-9.14849e-05 0.000660154 1.31662e-05 -0.000182938 -0.000448874 0.00045449
internal_weight=120780 13098 9489 107682 59700 8191
internal_count=120780 13098 9489 107682 59700 8191
is_linear=0
shrinkage=0.05


Tree=116
num_leaves=7
num_cat=0
split_feature=2 0 3 5 4 2
split_gain=3.39679 8.47826 5.29977 4.86439 6.10721 7.79834
threshold=3.5000000000000004 48.500000000000007 -49.263968381596136 19.500000000000004 0.95911515461790675 7.5000000000000009
decision_type=2 2 2 2 10 2
left_child=-1 -2 -3 4 5 -4
right_child=1 2 3 -5 -6 -7
leaf_value=7.6916394204540328e-05 -0.0030941715539798409 0.0029725141299136617 -6.9868214986332219e-05 0.00054924801526183293 -0.0026197980407039858 -0.0044088760559184694
leaf_weight=87539 1085 1414 15060 9627 5112 1116
leaf_count=87539 1085 1414 15060 9627 5112 1116
internal_value=-2.74889e-05 -0.000456327 -0.000310045 -0.000447122 -0.00086883 -0.000392436
internal_weight=120953 33414 32329 30915 21288 16176
internal_count=120953 33414 32329 30915 21288 16176
is_linear=0
shrinkage=0.05


Tree=117
num_leaves=7
num_cat=0
split_feature=2 3 0 0 4 3
split_gain=3.56175 6.91977 6.07514 4.99049 6.79527 5.66414
threshold=3.5000000000000004 -44.005899234259822 48.500000000000007 28.500000000000004 1.411614417114295 33.857504482594521
decision_type=2 2 2 2 10 2
left_child=3 -2 -3 -1 5 -5
right_child=1 2 -4 4 -6 -7
leaf_value=-0.00016619154995425325 0.001728884009112891 -0.0027684719597899591 -0.00051293250189228534 0.00024890340716394733 0.0028030239193853057 -0.0020161332179974788
leaf_weight=29209 2322 1049 29962 55563 1267 1542
leaf_count=29209 2322 1049 29962 55563 1267 1542
internal_value=-1.9848e-05 -0.000459686 -0.000656919 0.000147569 0.000414547 0.000334005
internal_weight=120914 33333 31011 87581 58372 57105
internal_count=120914 33333 31011 87581 58372 57105
is_linear=0
shrinkage=0.05


Tree=118
num_leaves=7
num_cat=0
split_feature=3 2 3 2 1 3
split_gain=3.62815 6.37406 4.99487 7.09174 8.96829 7.66241
threshold=-5.9651225885483532 7.5000000000000009 0.27750857090414632 1.0000000180025095e-35 36.500000000000007 19.469908604945044
decision_type=2 2 2 2 2 2
left_child=1 -1 -2 5 -5 -4
right_child=2 -3 3 4 -6 -7
leaf_value=0.00026224780509022106 -0.00035740989471568787 -0.0032454928328271519 0.00088733143490214998 0.00078283027095878979 -0.00052482567845708037 -0.0020146953352764064
leaf_weight=52061 26620 1818 8473 14828 16308 1052
leaf_count=52061 26620 1818 8473 14828 16308 1052
internal_value=2.22837e-05 0.000328019 -0.000222557 0.000126027 -0.000239234 0.00131952
internal_weight=121160 53879 67281 40661 31136 9525
internal_count=121160 53879 67281 40661 31136 9525
is_linear=0
shrinkage=0.05


Tree=119
num_leaves=7
num_cat=0
split_feature=0 2 5 4 0 0
split_gain=4.15717 5.36218 14.0845 6.23131 6.05835 4.80129
threshold=30.500000000000004 1.5000000000000002 15.500000000000002 1.3500983242561084 72.500000000000014 103.50000000000001
decision_type=2 2 2 10 2 2
left_child=-1 2 -2 5 -4 -3
right_child=1 3 4 -5 -6 -7
leaf_value=-0.00021455629447260095 0.0013664358419769097 -0.00022001835463769106 -0.00023632867531273583 0.0027714690543904799 0.0011558738443982809 0.0010316615419480701
leaf_weight=31502 7115 52300 10750 1124 2623 15547
leaf_count=31502 7115 52300 10750 1124 2623 15547
internal_value=-1.55002e-05 0.000158444 0.000868589 -5.25545e-05 -8.78308e-05 -0.000113851
internal_weight=120961 89459 20488 68971 13373 67847
internal_count=120961 89459 20488 68971 13373 67847
is_linear=0
shrinkage=0.05


Tree=120
num_leaves=7
num_cat=0
split_feature=3 2 0 3 6 0
split_gain=3.21581 5.51355 5.31811 4.1151 3.04217 3.40661
threshold=-5.9651225885483532 4.5000000000000009 77.500000000000014 -46.365838480682321 1.0000000180025095e-35 105.50000000000001
decision_type=2 2 2 2 2 2
left_child=1 -1 -3 -4 5 -5
right_child=-2 2 3 4 -6 -7
leaf_value=0.00030935082874374855 -0.00014299946679280918 -0.0025063078330900268 0.0022808466232064339 -0.0028488005212970015 -8.2401218452615724e-05 0.00095408745608624446
leaf_weight=40222 67038 2005 1496 1646 7264 1001
leaf_count=40222 67038 2005 1496 1646 7264 1001
internal_value=-3.68753e-05 0.000251683 -0.000626071 -0.000208114 -0.00057735 -0.00202677
internal_weight=120672 53634 13412 11407 9911 2647
internal_count=120672 53634 13412 11407 9911 2647
is_linear=0
shrinkage=0.05


Tree=121
num_leaves=7
num_cat=0
split_feature=0 0 2 0 4 0
split_gain=3.02777 5.55101 5.39899 5.35034 4.93887 3.79757
threshold=107.50000000000001 117.50000000000001 3.5000000000000004 48.500000000000007 0.61409184137834694 54.500000000000007
decision_type=2 2 2 2 10 2
left_child=2 -2 5 -4 -5 -1
right_child=1 -3 3 4 -6 -7
leaf_value=-9.379515583674003e-05 0.0018061753739746613 -0.0057676449915799099 -0.0029879495605217021 0.0010361894843004594 -0.00075039748658854992 0.00032809018760379118
leaf_weight=53747 10089 1948 1051 1815 20655 31648
leaf_count=53747 10089 1948 1051 1815 20655 31648
internal_value=-5.27042e-05 0.000699635 -0.000135878 -0.000806554 -0.000642937 4.88876e-05
internal_weight=120953 12037 108916 23521 22470 85395
internal_count=120953 12037 108916 23521 22470 85395
is_linear=0
shrinkage=0.05


Tree=122
num_leaves=7
num_cat=0
split_feature=1 2 3 5 1 2
split_gain=3.16544 5.37877 4.3356 4.08018 4.11918 3.5118
threshold=13.500000000000002 6.5000000000000009 -44.005899234259822 26.500000000000004 2.5000000000000004 3.5000000000000004
decision_type=2 2 2 2 2 2
left_child=3 2 -2 4 -1 -4
right_child=1 -3 5 -5 -6 -7
leaf_value=-0.0068573611768844578 0.0013217633449492672 -0.0034972458618872993 2.6797334663086761e-05 0.0041776753663434257 0.0009398391755513825 -0.00057798141234508547
leaf_weight=1367 1161 1809 85187 3126 8607 19734
leaf_count=1367 1161 1809 85187 3126 8607 19734
internal_value=-8.88459e-06 -9.8011e-05 -5.18442e-05 0.000724914 0.000230484 -8.55365e-05
internal_weight=120991 107891 106082 13100 9974 104921
internal_count=120991 107891 106082 13100 9974 104921
is_linear=0
shrinkage=0.05


Tree=123
num_leaves=7
num_cat=0
split_feature=1 2 3 6 1 2
split_gain=3.3552 6.31197 6.02409 3.46911 3.42827 4.06454
threshold=83.500000000000014 1.0000000180025095e-35 -5.9651225885483532 1.0000000180025095e-35 107.50000000000001 1.5000000000000002
decision_type=2 2 2 2 2 2
left_child=-1 -2 -3 -4 5 -5
right_child=1 2 3 4 -6 -7
leaf_value=0.00010450137582503905 7.2482270064622156e-05 -0.00010663998759944949 -0.0016092334951386734 0.00017289322109431682 -0.0011833332377423234 -0.001862990168118356
leaf_weight=83478 20608 8249 2651 2979 1395 1554
leaf_count=83478 20608 8249 2651 2979 1395 1554
internal_value=-2.60505e-05 -0.000419326 -0.00113765 -0.00206489 -0.00139053 -0.000721684
internal_weight=120914 37436 16828 8579 5928 4533
internal_count=120914 37436 16828 8579 5928 4533
is_linear=0
shrinkage=0.05


Tree=124
num_leaves=7
num_cat=0
split_feature=0 2 5 3 2 2
split_gain=2.60624 5.33053 3.69566 4.21916 5.02979 3.34161
threshold=107.50000000000001 6.5000000000000009 23.500000000000004 25.616698805166369 4.5000000000000009 2.5000000000000004
decision_type=2 2 2 2 2 2
left_child=1 5 -2 4 -4 -1
right_child=2 -3 3 -5 -6 -7
leaf_value=9.9633230414686313e-05 0.00012557842382620034 -0.0033304461993232284 0.0083827123355673886 -0.00077813430746729315 0.0027131939166590846 -0.00030124847364261802
leaf_weight=69080 7627 1939 1394 1320 1767 37818
leaf_count=69080 7627 1939 1394 1320 1767 37818
internal_value=1.01282e-05 -6.72994e-05 0.000705853 0.00184463 0.00283481 -2.01117e-05
internal_weight=120945 108837 12108 4481 3161 106898
internal_count=120945 108837 12108 4481 3161 106898
is_linear=0
shrinkage=0.05


Tree=125
num_leaves=7
num_cat=0
split_feature=2 0 3 3 5 0
split_gain=3.55013 4.6285 4.3027 3.11334 4.01758 3.93356
threshold=6.5000000000000009 98.500000000000014 -15.931453474997012 -7.4179851703766593 3.5000000000000004 104.50000000000001
decision_type=2 2 2 2 2 2
left_child=3 -2 -3 4 -1 -5
right_child=1 2 -4 5 -6 -7
leaf_value=0.0014982142472556527 -0.0042437521035646802 0.00080836927795352453 -0.0056028881641354 -0.00014147909502395528 0.0001778349475069996 0.0015043593533260514
leaf_weight=1065 1033 2439 1318 63565 43456 8036
leaf_count=1065 1033 2439 1318 63565 43456 8036
internal_value=-2.23294e-05 -0.00135558 -0.000538278 3.27228e-05 0.000361025 -0.000171424
internal_weight=120912 4790 3757 116122 44521 71601
internal_count=120912 4790 3757 116122 44521 71601
is_linear=0
shrinkage=0.05


Tree=126
num_leaves=7
num_cat=0
split_feature=0 2 3 4 2 5
split_gain=3.56701 7.73064 6.19299 5.42994 4.20833 17.0697
threshold=30.500000000000004 1.0000000180025095e-35 2.7830489357896373 1.411614417114295 1.5000000000000002 14.500000000000002
decision_type=2 2 2 10 2 2
left_child=1 2 -1 4 5 -2
right_child=3 -3 -4 -5 -6 -7
leaf_value=-8.6614924735373136e-05 0.0015001433978873381 -0.00074870357254085422 0.00090685891264007394 0.0021928298167015526 -4.1237173513641868e-05 -8.2689984407968709e-05
leaf_weight=15759 5828 12278 3493 1358 68296 13873
leaf_count=15759 5828 12278 3493 1358 68296 13873
internal_value=8.47878e-06 -0.000448708 0.000176559 0.000169819 0.000121304 0.000764995
internal_weight=120885 31530 19252 89355 87997 19701
internal_count=120885 31530 19252 89355 87997 19701
is_linear=0
shrinkage=0.05


Tree=127
num_leaves=7
num_cat=0
split_feature=2 0 3 3 3 0
split_gain=2.77336 6.05552 4.52857 4.04048 8.45615 5.70618
threshold=2.5000000000000004 69.500000000000014 -28.093309972945594 -21.36245064272639 -11.008887392341022 54.500000000000007
decision_type=2 2 2 2 2 2
left_child=3 2 -2 -1 5 -5
right_child=1 -3 -4 4 -6 -7
leaf_value=-0.0010968930249874111 0.00076881168708746179 2.7516032720986686e-05 -0.00093554944309167396 0.00039093876559307132 3.1388404871593444e-05 0.0024502104694433149
leaf_weight=2239 1914 39057 10072 6120 58604 2727
leaf_count=2239 1914 39057 10072 6120 58604 2727
internal_value=-6.2118e-07 -0.000280618 -0.00126345 0.000204462 0.000273882 0.0017143
internal_weight=120733 51043 11986 69690 67451 8847
internal_count=120733 51043 11986 69690 67451 8847
is_linear=0
shrinkage=0.05


Tree=128
num_leaves=7
num_cat=0
split_feature=0 2 0 6 0 2
split_gain=3.40246 2.59506 6.05389 6.56866 7.56338 5.63462
threshold=5.5000000000000009 1.0000000180025095e-35 49.500000000000007 1.0000000180025095e-35 23.500000000000004 2.5000000000000004
decision_type=2 2 2 2 2 2
left_child=-1 -2 3 4 -3 -5
right_child=1 2 -4 5 -6 -7
leaf_value=-0.00043762794838298483 0.00028109586163432843 -0.002729488761620691 0.00017559400418218352 0.00020691679489555083 -0.00053360917711999802 -0.001009241908469677
leaf_weight=6074 19056 1101 68520 13273 9769 3121
leaf_count=6074 19056 1101 68520 13273 9769 3121
internal_value=9.5105e-06 7.05298e-05 -3.54947e-05 -0.000665591 -0.00161839 -3.35386e-05
internal_weight=120914 114840 95784 27264 10870 16394
internal_count=120914 114840 95784 27264 10870 16394
is_linear=0
shrinkage=0.05


Tree=129
num_leaves=7
num_cat=0
split_feature=0 2 4 5 0 2
split_gain=3.23491 5.51772 7.53214 6.82634 4.89216 4.80969
threshold=25.500000000000004 1.5000000000000002 1.3500983242561084 15.500000000000002 75.500000000000014 1.0000000180025095e-35
decision_type=2 2 10 2 2 2
left_child=5 3 -3 -2 -5 -1
right_child=1 2 -4 4 -6 -7
leaf_value=-5.4650486147389547e-06 0.0010184361698280075 -9.6896427010728658e-05 0.0026812366870755167 -7.8658175848195236e-05 0.0012242658082591285 -0.00075203530118835016
leaf_weight=17587 8362 69404 1134 13380 2219 8834
leaf_count=17587 8362 69404 1134 13380 2219 8834
internal_value=3.72131e-06 0.00014047 -8.22194e-05 0.000795919 0.000177839 -0.000485317
internal_weight=120920 94499 70538 23961 15599 26421
internal_count=120920 94499 70538 23961 15599 26421
is_linear=0
shrinkage=0.05


Tree=130
num_leaves=7
num_cat=0
split_feature=0 2 3 2 3 3
split_gain=2.58897 7.13459 3.08888 5.4641 6.61491 11.4282
threshold=104.50000000000001 6.5000000000000009 -5.9651225885483532 1.0000000180025095e-35 2.6262606392670325 19.469908604945044
decision_type=2 2 2 2 2 2
left_child=1 2 -1 4 -4 -6
right_child=-2 -3 3 -5 5 -7
leaf_value=0.00016808725371958433 0.00096292094846474612 -0.0037381637169853765 -0.00010904925192427584 -0.00034630435243617754 0.0011333699869637392 -0.00216324268476894
leaf_weight=45651 15104 1554 13860 37873 5709 1035
leaf_count=45651 15104 1554 13860 37873 5709 1035
internal_value=1.3246e-05 -7.42759e-05 -2.40078e-05 -0.000264611 0.000390606 0.00167432
internal_weight=120786 105682 104128 58477 20604 6744
internal_count=120786 105682 104128 58477 20604 6744
is_linear=0
shrinkage=0.05


Tree=131
num_leaves=7
num_cat=0
split_feature=2 0 4 3 5 4
split_gain=2.15324 4.00295 3.81614 5.08829 3.4389 5.13679
threshold=4.5000000000000009 87.500000000000014 0.79381544038477669 15.073060259242775 20.500000000000004 1.0552382079371254
decision_type=2 2 10 2 2 10
left_child=1 -1 -3 -4 -2 -6
right_child=4 2 3 -5 5 -7
leaf_value=-4.8790085590866289e-05 -0.00088331392582778341 -0.0028307292736835855 0.0014880628480001545 -0.00032435382624795286 -0.00079771328265670351 0.0044462093849651722
leaf_weight=84487 14150 1044 11066 5372 3330 1461
leaf_count=84487 14150 1044 11066 5372 3330 1461
internal_value=-4.75541e-05 4.33934e-05 0.000731972 0.000918324 -0.000537053 0.000620309
internal_weight=120910 101969 17482 16438 18941 4791
internal_count=120910 101969 17482 16438 18941 4791
is_linear=0
shrinkage=0.05


Tree=132
num_leaves=7
num_cat=0
split_feature=3 2 0 4 0 4
split_gain=3.68005 4.40147 5.23754 5.80741 3.85221 3.70912
threshold=-49.263968381596136 3.5000000000000004 48.500000000000007 0.61409184137834694 78.500000000000014 0.90522965174229786
decision_type=2 2 2 10 2 10
left_child=-1 4 -3 -4 -2 -6
right_child=1 2 3 -5 5 -7
leaf_value=0.0026519275192202207 -3.121748267952418e-05 -0.0026293096810360186 0.0014916393079554724 -0.00063634462986625069 0.0018148419590479194 0.00041019859532505089
leaf_weight=1385 72283 1060 1012 29874 2923 12397
leaf_count=1385 72283 1060 1012 29874 2923 12397
internal_value=-5.78804e-05 -8.76173e-05 -0.000589966 -0.000471011 9.55963e-05 0.000815661
internal_weight=120934 119549 31946 30886 87603 15320
internal_count=120934 119549 31946 30886 87603 15320
is_linear=0
shrinkage=0.05


Tree=133
num_leaves=7
num_cat=0
split_feature=4 5 3 0 0 5
split_gain=3.29818 4.48086 3.84401 2.6917 3.48577 4.25557
threshold=0.45855388613007736 3.5000000000000004 -49.263968381596136 117.50000000000001 109.50000000000001 25.500000000000004
decision_type=10 2 2 2 2 2
left_child=1 -1 -2 4 -4 -6
right_child=2 -3 3 -5 5 -7
leaf_value=-0.0001059412802528803 0.003031193230133478 -0.0016061216508019506 -2.1157686906214669e-05 -0.0054692462448290569 0.00052276915364823928 0.0045630547890376577
leaf_weight=4478 1339 1933 103291 1943 5523 2206
leaf_count=4478 1339 1933 103291 1943 5523 2206
internal_value=-2.29875e-05 -0.00112609 3.89302e-05 7.30295e-06 3.96307e-05 0.00106349
internal_weight=120713 6411 114302 112963 111020 7729
internal_count=120713 6411 114302 112963 111020 7729
is_linear=0
shrinkage=0.05


Tree=134
num_leaves=7
num_cat=0
split_feature=2 4 3 2 3 4
split_gain=2.88779 8.34176 4.4762 5.52613 6.93801 6.10374
threshold=1.0000000180025095e-35 0.43659252474636734 -4.2633913653546065 1.5000000000000002 -13.166626082414565 0.58597139245746999
decision_type=2 10 2 2 2 10
left_child=-1 -2 3 4 -3 -5
right_child=1 2 -4 5 -6 -7
leaf_value=0.0002532945089599059 -0.0021356487572644356 0.0019150348853590794 -0.00024345432817379775 0.0010877936086675034 0.00042760323971032801 -6.6967956628605227e-05
leaf_weight=24694 1722 2254 41774 3019 6981 40367
leaf_count=24694 1722 2254 41774 3019 6981 40367
internal_value=6.43541e-05 -5.95597e-05 3.4428e-06 0.000310208 0.00142045 7.3748e-05
internal_weight=120811 96117 94395 52621 9235 43386
internal_count=120811 96117 94395 52621 9235 43386
is_linear=0
shrinkage=0.05


Tree=135
num_leaves=7
num_cat=0
split_feature=0 4 2 3 3 4
split_gain=3.1497 5.31287 3.49375 5.18096 2.76998 2.75433
threshold=19.500000000000004 1.4349970030474963 1.0000000180025095e-35 -2.4728177603848152 2.9531443181520296 0.47536510033985285
decision_type=2 10 2 2 2 10
left_child=2 5 4 -4 -1 -2
right_child=1 -3 3 -5 -6 -7
leaf_value=-0.00019528201934438939 -0.0020344432883656785 0.0017714692434313451 -0.00036594008000222781 -0.0020840779346465222 0.00066840891604627031 2.2063301345320864e-05
leaf_weight=13232 1028 1413 3764 1487 1907 98242
leaf_count=13232 1028 1413 3764 1487 1907 98242
internal_value=-6.83444e-05 4.64306e-05 -0.00063496 -0.00174562 -0.000249274 3.02191e-06
internal_weight=121073 100683 20390 5251 15139 99270
internal_count=121073 100683 20390 5251 15139 99270
is_linear=0
shrinkage=0.05


Tree=136
num_leaves=7
num_cat=0
split_feature=0 2 5 0 3 2
split_gain=2.07773 4.68607 3.28368 3.81525 2.3005 4.88119
threshold=106.50000000000001 6.5000000000000009 25.500000000000004 117.50000000000001 -4.2633913653546065 3.5000000000000004
decision_type=2 2 2 2 2 2
left_child=1 4 3 -2 -1 -6
right_child=2 -3 -4 -5 5 -7
leaf_value=0.0001182268298844269 0.00075464065360166812 -0.0029057041165823864 0.003616462414873406 -0.0068513846996500656 -4.5109689691136272e-05 -0.0014365839595904873
leaf_weight=52874 8219 1805 3582 1305 48161 5182
leaf_count=52874 8219 1805 3582 1305 48161 5182
internal_value=1.19703e-05 -6.01701e-05 0.000606361 0.000120684 -1.7181e-05 -0.000248838
internal_weight=121128 108022 13106 9524 106217 53343
internal_count=121128 108022 13106 9524 106217 53343
is_linear=0
shrinkage=0.05


Tree=137
num_leaves=7
num_cat=0
split_feature=0 5 4 5 3 6
split_gain=2.99554 2.85297 3.19863 2.26138 2.57403 4.09015
threshold=90.500000000000014 28.500000000000004 1.1407148768616233 17.500000000000004 -29.198007007878022 1.0000000180025095e-35
decision_type=2 2 10 2 2 2
left_child=1 -1 -3 -2 -5 -6
right_child=3 2 -4 4 5 -7
leaf_value=-5.7350534899416886e-05 -0.00013412843936607967 -0.0018531334372892229 -0.00017906564492792265 -0.0015184025068793517 0.0023964551408715675 0.00017490092177682162
leaf_weight=87994 12360 1259 2293 1246 8025 7646
leaf_count=87994 12360 1259 2293 1246 8025 7646
internal_value=-3.12428e-05 -0.000172035 -0.0015603 0.000408954 0.000784482 0.000958472
internal_weight=120823 91546 3552 29277 16917 15671
internal_count=120823 91546 3552 29277 16917 15671
is_linear=0
shrinkage=0.05


Tree=138
num_leaves=7
num_cat=0
split_feature=0 6 2 0 0 4
split_gain=2.46799 5.30508 3.9196 4.72977 2.386 1.97667
threshold=107.50000000000001 1.0000000180025095e-35 5.5000000000000009 91.500000000000014 117.50000000000001 1.6548990560572412
decision_type=2 2 2 2 2 8
left_child=2 -2 5 -4 -3 -1
right_child=1 4 3 -5 -6 -7
leaf_value=6.6369229961504855e-06 0.0034160675902897512 0.00054479725323793862 -0.0029322670682779359 -0.00017610068223933851 -0.0050331274987713203 -0.00063628323812580105
leaf_weight=101863 4145 6551 1870 3127 1394 1924
leaf_count=101863 4145 6551 1870 3127 1394 1924
internal_value=-1.19955e-05 0.000665564 -8.7325e-05 -0.00145442 -9.1195e-05 -2.14371e-05
internal_weight=120874 12090 108784 4997 7945 103787
internal_count=120874 12090 108784 4997 7945 103787
is_linear=0
shrinkage=0.05


Tree=139
num_leaves=7
num_cat=0
split_feature=0 2 5 0 5 0
split_gain=2.71187 4.02163 5.50053 5.82942 4.70264 4.9273
threshold=4.5000000000000009 1.5000000000000002 15.500000000000002 36.500000000000007 19.500000000000004 38.500000000000007
decision_type=2 2 2 2 2 2
left_child=-1 2 3 -2 -3 -6
right_child=1 4 -4 -5 5 -7
leaf_value=-0.00046086757453467353 0.00024909730543287158 -0.00031000790832096396 -3.09241832838425e-05 0.0011930619937904397 -0.0011673868994975217 0.00062378276076741068
leaf_weight=5103 15004 50601 22543 5784 1034 20693
leaf_count=5103 15004 50601 22543 5784 1034 20693
internal_value=3.60198e-05 8.58089e-05 0.000466702 0.00105324 -0.000142397 0.000472805
internal_weight=120762 115659 43331 20788 72328 21727
internal_count=120762 115659 43331 20788 72328 21727
is_linear=0
shrinkage=0.05


Tree=140
num_leaves=7
num_cat=0
split_feature=2 4 5 0 3 0
split_gain=2.73293 3.47203 5.60811 4.03757 3.10809 2.71382
threshold=5.5000000000000009 0.91996581771906316 16.500000000000004 90.500000000000014 -42.213268418439334 78.500000000000014
decision_type=2 10 2 2 2 2
left_child=4 3 -3 -2 -1 -6
right_child=1 2 -4 -5 5 -7
leaf_value=0.0015005340709148387 -0.0021127276221316825 -0.0044942548179328799 -0.00096113607753223196 0.00075307691175022229 -3.7052842069118519e-05 0.00043126769529623355
leaf_weight=1016 1666 1216 1976 5239 78373 31303
leaf_count=1016 1666 1216 1976 5239 78373 31303
internal_value=2.25591e-05 -0.0007647 -0.00212699 -0.000133864 9.44018e-05 6.8836e-05
internal_weight=120789 10097 3192 6905 110692 109676
internal_count=120789 10097 3192 6905 110692 109676
is_linear=0
shrinkage=0.05


Tree=141
num_leaves=7
num_cat=0
split_feature=3 5 4 3 0 0
split_gain=2.07478 2.94247 6.73217 3.16056 1.9465 1.61996
threshold=-7.6903621408887579 3.5000000000000004 0.43659252474636734 -44.005899234259822 98.500000000000014 117.50000000000001
decision_type=2 2 10 2 2 2
left_child=1 -1 -3 4 -4 -2
right_child=5 2 3 -5 -6 -7
leaf_value=0.0012336211509159424 -7.7989118674759447e-05 -0.0018587210061802974 0.00054934520962293123 0.00013427641225967346 0.0054132120304366677 -0.0066927828260609171
leaf_weight=1123 72062 1331 1163 42917 1008 1267
leaf_count=1123 72062 1331 1163 42917 1008 1267
internal_value=-1.01344e-05 0.000247124 0.000185788 0.000289402 0.00214844 -0.00017693
internal_weight=120871 47542 46419 45088 2171 73329
internal_count=120871 47542 46419 45088 2171 73329
is_linear=0
shrinkage=0.05


Tree=142
num_leaves=7
num_cat=0
split_feature=6 0 2 4 3 5
split_gain=2.24424 2.28535 2.2313 5.36462 9.66408 5.45104
threshold=2.5000000000000004 4.5000000000000009 1.0000000180025095e-35 1.0837810681100568 19.469908604945044 20.500000000000004
decision_type=2 2 2 10 2 2
left_child=1 -1 3 5 -5 -3
right_child=-2 2 -4 4 -6 -7
leaf_value=-0.00037617203502090526 -0.0020536871263365842 0.00014646533785002137 -1.9823335661761644e-05 0.0011633831044542519 -0.0016747490942734201 -0.0015195193641260208
leaf_weight=5125 1512 11959 94401 5462 1040 1462
leaf_count=5125 1512 11959 94401 5462 1040 1462
internal_value=-6.20009e-07 2.36493e-05 6.99735e-05 0.000550733 0.00172891 -2.04826e-05
internal_weight=120961 119449 114324 19923 6502 13421
internal_count=120961 119449 114324 19923 6502 13421
is_linear=0
shrinkage=0.05


Tree=143
num_leaves=7
num_cat=0
split_feature=0 2 4 2 2 0
split_gain=1.90583 4.91043 2.87103 6.32722 3.9903 6.21031
threshold=91.500000000000014 5.5000000000000009 0.81605795063983078 3.5000000000000004 1.0000000180025095e-35 25.500000000000004
decision_type=2 2 8 2 2 2
left_child=1 2 -1 4 -4 -6
right_child=-2 -3 3 -5 5 -7
leaf_value=0.0001867440588765479 0.00044103537569070152 -0.0024881202819555196 0.00024603816401522763 -0.0013832630975793626 -0.0011687366653590936 -8.6577102794854763e-05
leaf_weight=32195 28178 1851 15709 5439 3327 34170
leaf_count=32195 28178 1851 15709 5439 3327 34170
internal_value=1.86144e-06 -0.00010761 -5.55892e-05 -0.000263853 -9.77242e-05 -0.00037798
internal_weight=120869 92691 90840 58645 53206 37497
internal_count=120869 92691 90840 58645 53206 37497
is_linear=0
shrinkage=0.05


Tree=144
num_leaves=7
num_cat=0
split_feature=3 3 5 4 0 2
split_gain=2.00707 2.26486 6.83109 2.47926 1.88649 4.23191
threshold=-49.263968381596136 -33.986737112212502 11.500000000000002 0.62589024839231455 72.500000000000014 1.0000000180025095e-35
decision_type=2 2 2 10 2 2
left_child=-1 2 3 -2 5 -3
right_child=1 4 -4 -5 -6 -7
leaf_value=0.0022412417843168833 0.0011821027375176181 0.0001912411018162974 -0.0022623063812621026 -0.00061822793168952452 0.00024645261904231999 -0.00021371240003450478
leaf_weight=1426 1026 24253 2438 1312 42332 47737
leaf_count=1426 1026 24253 2438 1312 42332 47737
internal_value=-9.54127e-06 -3.19052e-05 -0.0010981 0.000832266 1.26829e-05 -0.000143065
internal_weight=120524 119098 4776 2338 114322 71990
internal_count=120524 119098 4776 2338 114322 71990
is_linear=0
shrinkage=0.05


Tree=145
num_leaves=7
num_cat=0
split_feature=6 2 0 4 5 0
split_gain=2.57919 2.28311 3.22204 3.01836 2.4244 2.15988
threshold=2.5000000000000004 5.5000000000000009 88.500000000000014 0.93653792960758875 19.500000000000004 112.50000000000001
decision_type=2 2 2 10 2 2
left_child=1 5 -3 -4 -5 -1
right_child=-2 2 3 4 -6 -7
leaf_value=2.2258527436413991e-05 -0.0020178439497324312 -0.00276195064356016 0.00048858018848665365 -0.0040623096600870103 -0.0010002374834205297 0.0025706136337863951
leaf_weight=106601 1567 1468 5279 1022 1236 3626
leaf_count=106601 1567 1468 5279 1022 1236 3626
internal_value=-7.65703e-06 1.887e-05 -0.000746393 -0.000328162 -0.00185594 8.14192e-05
internal_weight=120799 119232 9005 7537 2258 110227
internal_count=120799 119232 9005 7537 2258 110227
is_linear=0
shrinkage=0.05


Tree=146
num_leaves=7
num_cat=0
split_feature=2 0 5 2 0 4
split_gain=2.98612 4.74628 4.32185 8.66907 8.41331 7.44214
threshold=1.5000000000000002 71.500000000000014 15.500000000000002 1.0000000180025095e-35 24.500000000000004 1.0448654466366984
decision_type=2 2 2 2 2 10
left_child=1 2 4 5 -1 -4
right_child=-2 -3 3 -5 -6 -7
leaf_value=-2.8155709296762144e-06 -0.00013566260243722539 0.0012541962598094148 -0.00047373642571906243 -0.00066146416833254285 0.0010125138630624586 0.00086231698771591656
leaf_weight=17222 72486 3273 3644 10130 8091 5836
leaf_count=17222 72486 3273 3644 10130 8091 5836
internal_value=1.65718e-05 0.00032157 0.000187522 -0.000369615 0.000619125 0.000716921
internal_weight=120682 48196 44923 19610 25313 9480
internal_count=120682 48196 44923 19610 25313 9480
is_linear=0
shrinkage=0.05


Tree=147
num_leaves=7
num_cat=0
split_feature=4 4 0 0 2 4
split_gain=3.13065 2.33206 4.45757 2.47413 3.47164 3.73836
threshold=1.6548990560572412 1.3894886017720951 25.500000000000004 104.50000000000001 1.5000000000000002 1.2802070932125558
decision_type=8 10 2 2 2 10
left_child=1 3 -3 4 5 -1
right_child=-2 2 -4 -5 -6 -7
leaf_value=0.00015029296545053807 -0.0010067843272326682 -0.00054563329395680433 0.0015783389767113909 0.00092461693027532938 -0.00024558671811818477 -0.00078616676110924717
leaf_weight=42165 1967 1091 1748 14818 57067 1972
leaf_count=42165 1967 1091 1748 14818 57067 1972
internal_value=-1.44828e-05 1.82979e-05 0.00143284 -1.63755e-05 -0.000104734 0.000228241
internal_weight=120828 118861 2839 116022 101204 44137
internal_count=120828 118861 2839 116022 101204 44137
is_linear=0
shrinkage=0.05


Tree=148
num_leaves=7
num_cat=0
split_feature=2 5 4 1 3 6
split_gain=2.7401 3.75569 3.52032 3.21834 5.34413 4.07799
threshold=4.5000000000000009 25.500000000000004 1.0329128573908 16.500000000000004 24.736024392395915 1.0000000180025095e-35
decision_type=2 2 10 2 2 2
left_child=3 -2 -3 4 5 -1
right_child=1 2 -4 -5 -6 -7
leaf_value=0.0046348298937340824 -0.00088902211537699176 -0.0012288783449389995 0.0053816744562967091 8.1481571078012581e-06 -0.0013939902299830666 0.00054697952609704674
leaf_weight=2711 16893 1066 1008 95266 1896 1983
leaf_count=2711 16893 1066 1008 95266 1896 1983
internal_value=-1.0966e-05 -0.000562671 0.001443 9.17918e-05 0.00115997 0.00206427
internal_weight=120823 18967 2074 101856 6590 4694
internal_count=120823 18967 2074 101856 6590 4694
is_linear=0
shrinkage=0.05


Tree=149
num_leaves=7
num_cat=0
split_feature=3 2 0 0 6 2
split_gain=2.40159 2.26064 4.01536 3.39337 7.35429 4.47909
threshold=-46.365838480682321 3.5000000000000004 48.500000000000007 78.500000000000014 1.0000000180025095e-35 2.5000000000000004
decision_type=2 2 2 2 2 2
left_child=-1 3 -3 -2 -5 -6
right_child=1 2 -4 4 5 -7
leaf_value=0.0016022155718892928 -5.3308218336767249e-06 -0.0022540623450148707 -0.00025588017502301555 0.0013682386509813794 0.00095750568714462201 -0.0015754503560897028
leaf_weight=1888 72002 1060 30380 10004 1862 3581
leaf_count=1888 72002 1060 30380 10004 1862 3581
internal_value=2.91848e-05 1.05136e-06 -0.000362538 0.000131784 0.000804103 -0.000674559
internal_weight=120777 118889 31440 87449 15447 5443
internal_count=120777 118889 31440 87449 15447 5443
is_linear=0
shrinkage=0.05


Tree=150
num_leaves=7
num_cat=0
split_feature=3 4 2 3 0 4
split_gain=1.99611 2.65203 3.70862 6.04513 4.2874 6.36617
threshold=-7.1429149287132629 0.9757534177144408 1.0000000180025095e-35 19.469908604945044 26.500000000000004 1.3894886017720951
decision_type=2 10 2 2 2 10
left_child=-1 -2 3 -3 -4 -6
right_child=1 2 4 -5 5 -7
leaf_value=0.00016902743663848032 -0.00026237737273228091 0.00063759998581985335 -0.0010524323785360279 -0.0018265673581111697 -0.00013200410011584009 0.002178342113011622
leaf_weight=49341 24515 9564 1992 1042 33148 1309
leaf_count=49341 24515 9564 1992 1042 33148 1309
internal_value=1.21986e-05 -0.000156479 6.32172e-05 0.000885873 -0.00017625 -4.57025e-05
internal_weight=120911 71570 47055 10606 36449 34457
internal_count=120911 71570 47055 10606 36449 34457
is_linear=0
shrinkage=0.05


Tree=151
num_leaves=7
num_cat=0
split_feature=3 2 5 4 3 2
split_gain=2.13399 2.64339 3.3473 5.03028 3.82662 2.25417
threshold=-5.9651225885483532 7.5000000000000009 3.5000000000000004 0.43659252474636734 -44.005899234259822 1.5000000000000002
decision_type=2 2 2 10 2 2
left_child=1 2 -1 -4 -5 -6
right_child=-2 -3 3 4 5 -7
leaf_value=0.0011506069702909294 -9.8905695156670253e-05 -0.0017933883172302296 -0.0013317921675144451 0.0016555327416787004 0.00045678365873940145 4.7305081587073477e-05
leaf_weight=1395 67327 1822 1519 1649 10580 36906
leaf_count=1395 67327 1822 1519 1649 10580 36906
internal_value=2.0214e-05 0.000254752 0.00032034 0.000253657 0.000341372 0.000258996
internal_weight=121198 53871 52049 50654 49135 47486
internal_count=121198 53871 52049 50654 49135 47486
is_linear=0
shrinkage=0.05


Tree=152
num_leaves=7
num_cat=0
split_feature=0 0 2 3 4 5
split_gain=2.55764 3.57361 3.54497 3.57669 3.55629 4.24746
threshold=117.50000000000001 106.50000000000001 6.5000000000000009 -6.3389204613546744 0.43659252474636734 5.5000000000000009
decision_type=2 2 2 2 10 2
left_child=1 2 3 4 -1 -6
right_child=-2 -3 -4 -5 5 -7
leaf_value=-0.00096378677030557476 -0.0048364838297089959 0.001239253279334085 -0.0026810473463221105 -0.00017777360442094992 0.0014353382451439134 0.00015064111564920825
leaf_weight=2405 1942 11161 1832 60974 1581 41010
leaf_count=2405 1942 11161 1832 60974 1581 41010
internal_value=-7.71235e-05 -4.77019e-05 -0.000135891 -9.81364e-05 0.000239995 0.00034569
internal_weight=120905 118963 107802 105970 44996 42591
internal_count=120905 118963 107802 105970 44996 42591
is_linear=0
shrinkage=0.05


Tree=153
num_leaves=7
num_cat=0
split_feature=2 0 0 4 3 5
split_gain=2.26177 4.24359 1.98168 3.24708 3.63773 3.17245
threshold=5.5000000000000009 86.500000000000014 22.500000000000004 1.4349970030474963 23.716182252436997 31.500000000000004
decision_type=2 2 2 10 2 2
left_child=2 -2 -1 4 -4 -6
right_child=1 -3 3 -5 5 -7
leaf_value=-0.00014648567498332655 -0.0028155776982725592 -0.00048987585653547381 0.00012710995554608419 0.0015564743291963667 -0.0016552232751914642 0.0015298576532617792
leaf_weight=23328 1355 8668 80644 1287 4458 1087
leaf_count=23328 1355 8668 80644 1287 4458 1087
internal_value=-1.13794e-05 -0.000730455 5.3696e-05 0.000162893 0.000125589 -0.00111261
internal_weight=120827 10023 110804 87476 86189 5545
internal_count=120827 10023 110804 87476 86189 5545
is_linear=0
shrinkage=0.05


Tree=154
num_leaves=7
num_cat=0
split_feature=3 4 3 0 2 2
split_gain=1.87719 4.5803 3.04991 2.90254 4.31089 3.20943
threshold=24.736024392395915 1.411614417114295 41.818112034573922 107.50000000000001 4.5000000000000009 6.5000000000000009
decision_type=2 10 2 2 2 2
left_child=3 2 -2 5 -5 -1
right_child=1 -3 -4 4 -6 -7
leaf_value=2.431360445315223e-06 -0.0008011856560123376 0.00075701350155965574 -0.0038500667498026831 0.0035723263107123706 0.00028758131720891259 -0.0020435259486251385
leaf_weight=102412 4072 1299 1110 3061 6827 1989
leaf_count=102412 4072 1299 1110 3061 6827 1989
internal_value=-1.24198e-06 -0.000828708 -0.00149412 4.57154e-05 0.000864247 -3.18468e-05
internal_weight=120770 6481 5182 114289 9888 104401
internal_count=120770 6481 5182 114289 9888 104401
is_linear=0
shrinkage=0.05


Tree=155
num_leaves=7
num_cat=0
split_feature=2 3 5 0 2 0
split_gain=1.76055 3.25118 5.90797 3.08043 2.16661 5.31434
threshold=7.5000000000000009 -42.213268418439334 11.500000000000002 111.50000000000001 2.5000000000000004 33.500000000000007
decision_type=2 2 2 2 2 2
left_child=1 2 -1 -2 -3 -6
right_child=3 4 -4 -5 5 -7
leaf_value=0.0028892771311227472 -0.0026587306346485501 8.7386066385630737e-05 -0.00047940978991032891 0.0015950935738003715 -0.0020580229124771087 -0.00014674904819022563
leaf_weight=1126 1072 69567 1100 1073 1099 45500
leaf_count=1126 1072 69567 1100 1073 1099 45500
internal_value=1.0992e-05 3.67408e-05 0.00192739 -0.00140698 4.304e-07 -0.000263389
internal_weight=120537 118392 2226 2145 116166 46599
internal_count=120537 118392 2226 2145 116166 46599
is_linear=0
shrinkage=0.05


end of trees

feature_importances:
wickets=302
legal_balls=265
runs_vs_par=118
run_rate_rel=98
wickets_last_12=60
runs_last_12=52
balls_remaining=41

parameters:
[boosting: gbdt]
[objective: quantile]
[metric: quantile]
[tree_learner: serial]
[device_type: cpu]
[data_sample_strategy: bagging]
[data: ]
[valid: ]
[num_iterations: 156]
[learning_rate: 0.05]
[num_leaves: 7]
[num_threads: 4]
[seed: 7]
[deterministic: 1]
[force_col_wise: 0]
[force_row_wise: 1]
[histogram_pool_size: -1]
[max_depth: -1]
[min_data_in_leaf: 1000]
[min_sum_hessian_in_leaf: 0.001]
[bagging_fraction: 0.8]
[pos_bagging_fraction: 1]
[neg_bagging_fraction: 1]
[bagging_freq: 1]
[bagging_seed: 17422]
[bagging_by_query: 0]
[feature_fraction: 0.8]
[feature_fraction_bynode: 1]
[feature_fraction_seed: 7040]
[extra_trees: 0]
[extra_seed: 6516]
[early_stopping_round: 0]
[early_stopping_min_delta: 0]
[first_metric_only: 0]
[max_delta_step: 0]
[lambda_l1: 0]
[lambda_l2: 5]
[linear_lambda: 0]
[min_gain_to_split: 0]
[drop_rate: 0.1]
[max_drop: 50]
[skip_drop: 0.5]
[xgboost_dart_mode: 0]
[uniform_drop: 0]
[drop_seed: 15215]
[top_rate: 0.2]
[other_rate: 0.1]
[min_data_per_group: 100]
[max_cat_threshold: 32]
[cat_l2: 10]
[cat_smooth: 10]
[max_cat_to_onehot: 4]
[top_k: 20]
[monotone_constraints: ]
[monotone_constraints_method: basic]
[monotone_penalty: 0]
[feature_contri: ]
[forcedsplits_filename: ]
[refit_decay_rate: 0.9]
[cegb_tradeoff: 1]
[cegb_penalty_split: 0]
[cegb_penalty_feature_lazy: ]
[cegb_penalty_feature_coupled: ]
[path_smooth: 0]
[interaction_constraints: ]
[verbosity: -1]
[saved_feature_importance_type: 0]
[use_quantized_grad: 0]
[num_grad_quant_bins: 4]
[quant_train_renew_leaf: 0]
[stochastic_rounding: 1]
[linear_tree: 0]
[max_bin: 255]
[max_bin_by_feature: ]
[min_data_in_bin: 3]
[bin_construct_sample_cnt: 200000]
[data_random_seed: 61]
[is_enable_sparse: 1]
[enable_bundle: 1]
[use_missing: 1]
[zero_as_missing: 0]
[feature_pre_filter: 1]
[pre_partition: 0]
[two_round: 0]
[header: 0]
[label_column: ]
[weight_column: ]
[group_column: ]
[ignore_column: ]
[categorical_feature: ]
[forcedbins_filename: ]
[precise_float_parser: 0]
[parser_config_file: ]
[objective_seed: 15521]
[num_class: 1]
[is_unbalance: 0]
[scale_pos_weight: 1]
[sigmoid: 1]
[boost_from_average: 1]
[reg_sqrt: 0]
[alpha: 0.5]
[fair_c: 1]
[poisson_max_delta_step: 0.7]
[tweedie_variance_power: 1.5]
[lambdarank_truncation_level: 30]
[lambdarank_norm: 1]
[label_gain: ]
[lambdarank_position_bias_regularization: 0]
[eval_at: ]
[multi_error_top_k: 1]
[auc_mu_weights: ]
[num_machines: 1]
[local_listen_port: 12400]
[time_out: 120]
[machine_list_filename: ]
[machines: ]
[gpu_platform_id: -1]
[gpu_device_id: -1]
[gpu_device_id_list: ]
[gpu_use_dp: 0]
[num_gpu: 1]

end of parameters

pandas_categorical:null
