tree
version=v4
num_class=1
num_tree_per_iteration=1
label_index=0
max_feature_idx=6
objective=quantile
feature_names=legal_balls balls_remaining wickets runs_vs_par run_rate_rel runs_last_12 wickets_last_12
feature_infos=[0:119] [1:120] [0:9] [-93.522574517825831:112.63936535162949] [0:8.2525389670341607] [0:64] [0:5]
tree_sizes=758 812 805 805 809 806 812 818 816 812 804 809 803 805 812 801 822 813 820 815 817 816 809 813 807 809 823 815 820 810 813 817 804 812 820 814 806 820 810 804 811 824 817 820 816 815 812 816 811 819 821 824 811 818 810 820 819 823 814 820 822 825 820 820 807 816 818 817 817 814 818 823 814 815 811 817 817 810 814 823 816 819 810 814 825 826 814 807 813 821 810 823 824 807 826 814 818 813 814 829 823 811 818 815 817 818 811 819 825 822 813 826 830 818 815 828 816 812 818 815 818 819 818 819 805 810 822 813 822 828 817 812 825 821 809 813 815 815 818 823 817 819 817 819 818 811 816 822 820 819 814 821 821 810 822 806 815 813 811 819 822 812 818 811 815 819 811 811 818 812 821 811 817 818 818 812 817 813 815 809 830 813 819 820 816 817 820 807 815 819 815 815 822 818 818 819 817 823 816 832 820 816 820 817 810 815 822 816 812 819

Tree=0
num_leaves=7
num_cat=0
split_feature=0 4 0 2 3 0
split_gain=2383.08 399.485 213.787 143.484 101.354 50.096
threshold=71.500000000000014 0.8495119388296507 44.500000000000007 2.5000000000000004 9.3799257652452486 87.500000000000014
decision_type=2 10 2 2 2 2
left_child=2 -2 -1 -4 5 -3
right_child=1 4 3 -5 -6 -7
leaf_value=1.2909894227981566 1.2993380948901176 1.302573275566101 1.297983781993389 1.2912835866212844 1.3145098209381103 1.3132510304450988
leaf_weight=45517 13548 7629 17052 9987 12136 14862
leaf_count=45517 13548 7629 17052 9987 12136 14862
internal_value=1.29755 1.30617 1.29183 1.29535 1.30902 1.30703
internal_weight=120731 48175 72556 27039 34627 22491
internal_count=120731 48175 72556 27039 34627 22491
is_linear=0
shrinkage=1


Tree=1
num_leaves=7
num_cat=0
split_feature=0 4 0 6 4 0
split_gain=2173.01 350.061 235.003 103.89 75.284 52.8064
threshold=73.500000000000014 0.84007495286471601 47.500000000000007 1.0000000180025095e-35 0.9283193009260543 93.500000000000014
decision_type=2 10 2 2 10 2
left_child=2 -2 -1 -3 -4 -5
right_child=1 3 4 5 -6 -7
leaf_value=-0.0061522015184164005 0.0014843646436929704 0.015202935934066776 -0.0034918495267629579 0.0039735917001962667 0.0010118923336267516 0.015584748387336735
leaf_weight=48601 12166 16023 13786 6277 12303 12045
leaf_count=48601 12166 16023 13786 6277 12303 12045
internal_value=-7.10567e-05 0.00841243 -0.00535411 0.0109938 -0.00152573 0.00841791
internal_weight=121201 46511 74690 34345 26089 18322
internal_count=121201 46511 74690 34345 26089 18322
is_linear=0
shrinkage=0.05


Tree=2
num_leaves=7
num_cat=0
split_feature=1 4 1 2 1 2
split_gain=1977.57 321.613 175.742 127.776 108.45 94.9207
threshold=49.500000000000007 0.83773958677644178 77.500000000000014 2.5000000000000004 33.500000000000007 4.5000000000000009
decision_type=2 10 2 2 2 2
left_child=1 -1 3 -2 5 -3
right_child=2 4 -4 -5 -6 -7
leaf_value=0.0010168496333062605 7.3543157428512809e-05 0.017455266371369359 -0.0060953142829239361 -0.006386269588023419 0.0044876903109252525 0.012669708162546157
leaf_weight=12874 18169 16027 43668 9783 10990 9375
leaf_count=12874 18169 16027 43668 9783 10990 9375
internal_value=-0.000158614 0.0075516 -0.00546248 -0.00236613 0.00995412 0.0117497
internal_weight=120886 49266 71620 27952 36392 25402
internal_count=120886 49266 71620 27952 36392 25402
is_linear=0
shrinkage=0.05


Tree=3
num_leaves=7
num_cat=0
split_feature=0 4 0 0 6 5
split_gain=1801.05 327.1 133.196 118.065 75.7908 53.4027
threshold=66.500000000000014 0.85431568711396466 91.500000000000014 41.500000000000007 1.0000000180025095e-35 12.500000000000002
decision_type=2 10 2 2 2 2
left_child=3 5 -3 -1 -4 -2
right_child=1 2 4 -5 -6 -7
leaf_value=-0.0058953141627833272 -0.003152213356457656 0.0047227607801090983 0.020897257583588361 -0.0022588530538603549 0.013822411535680292 0.0039864144111052104
leaf_weight=42514 7016 16524 8845 24999 12211 8853
leaf_count=42514 7016 16524 8845 24999 12211 8853
internal_value=-0.000236221 0.00662041 0.0091619 -0.0056646 0.0117991 0.000600825
internal_weight=120962 53449 37580 67513 21056 15869
internal_count=120962 53449 37580 67513 21056 15869
is_linear=0
shrinkage=0.05


Tree=4
num_leaves=7
num_cat=0
split_feature=0 4 0 2 0 2
split_gain=1629.83 264.016 169.364 129.003 90.2554 77.5329
threshold=71.500000000000014 0.84471343734084958 47.500000000000007 2.5000000000000004 95.500000000000014 3.5000000000000004
decision_type=2 10 2 2 2 2
left_child=2 -2 -1 -4 5 -3
right_child=1 4 3 -5 -6 -7
leaf_value=-0.0052638802944589454 0.0011677305465098403 0.0066888651235797519 0.0010462333085510228 -0.0052345370034320386 0.018123930391790343 0.0010384153968939825
leaf_weight=48631 13158 11719 14708 9318 18790 4700
leaf_count=48631 13158 11719 14708 9318 18790 4700
internal_value=-0.000199952 0.00691128 -0.00493398 -0.00149911 0.00916929 0.00645778
internal_weight=121024 48367 72657 24026 35209 16419
internal_count=121024 48367 72657 24026 35209 16419
is_linear=0
shrinkage=0.05


Tree=5
num_leaves=7
num_cat=0
split_feature=0 0 5 2 2 0
split_gain=1495.44 197.041 196.068 133.923 92.303 67.4185
threshold=75.500000000000014 52.500000000000007 17.500000000000004 2.5000000000000004 4.5000000000000009 96.500000000000014
decision_type=2 2 2 2 2 2
left_child=1 -1 4 -3 -2 -6
right_child=2 3 -4 -5 5 -7
leaf_value=-0.0048947377983997627 0.0065437068248479615 0.0021648215806645776 0.01302624386556772 -0.0040719055826003575 -0.0060272063975913949 0.0057878781790691369
leaf_weight=53350 11473 12904 22944 10250 3848 6110
leaf_count=53350 11473 12904 22944 10250 3848 6110
internal_value=-0.000336583 -0.00457201 0.00696513 -0.000720022 0.00352503 2.50928e-06
internal_weight=120879 76504 44375 23154 21431 9958
internal_count=120879 76504 44375 23154 21431 9958
is_linear=0
shrinkage=0.05


Tree=6
num_leaves=7
num_cat=0
split_feature=0 4 0 2 0 0
split_gain=1363.58 247.464 97.5277 102.842 96.4598 61.9756
threshold=65.500000000000014 0.87309906748857868 39.500000000000007 2.5000000000000004 94.500000000000014 93.500000000000014
decision_type=2 10 2 2 2 2
left_child=2 5 -1 -4 -3 -2
right_child=1 4 3 -5 -6 -7
leaf_value=-0.005049553194151013 -0.0015532813969870052 0.0044916317675441518 -0.00048041164784145554 -0.0065014944209820348 0.016473175166543116 0.0072953425442345513
leaf_weight=40406 10797 18087 17983 7944 18263 7374
leaf_count=40406 10797 18087 17983 7944 18263 7374
internal_value=-0.000278217 0.00557968 -0.00509305 -0.00269889 0.00796108 0.000814948
internal_weight=120854 54521 66333 25927 36350 18171
internal_count=120854 54521 66333 25927 36350 18171
is_linear=0
shrinkage=0.05


Tree=7
num_leaves=7
num_cat=0
split_feature=0 4 0 2 6 4
split_gain=1218.72 171.024 150.483 106.113 77.2557 47.3872
threshold=74.500000000000014 0.85431568711396466 53.500000000000007 2.5000000000000004 1.0000000180025095e-35 0.95095589915669998
decision_type=2 10 2 2 2 10
left_child=2 -2 5 -4 -3 -1
right_child=1 4 3 -5 -6 -7
leaf_value=-0.0054308696037336235 0.0016359242625314241 0.011950219277965485 0.0020056201525153251 -0.0036514123769094634 0.0076223209814667127 -0.0026819967401630314
leaf_weight=34017 12888 15052 11848 9243 17255 20412
leaf_count=34017 12888 15052 11848 9243 17255 20412
internal_value=-0.000355264 0.00613855 -0.00424164 -0.00065593 0.00808098 -0.0056309
internal_weight=120715 45195 75520 21091 32307 54429
internal_count=120715 45195 75520 21091 32307 54429
is_linear=0
shrinkage=0.05


Tree=8
num_leaves=7
num_cat=0
split_feature=1 4 1 6 4 2
split_gain=1122.15 208.372 114.868 67.139 65.5414 53.9995
threshold=57.500000000000007 0.84230152735850417 35.500000000000007 1.0000000180025095e-35 0.95095589915669998 3.5000000000000004
decision_type=2 10 2 2 10 2
left_child=1 -1 3 -3 -2 -4
right_child=4 2 5 -5 -6 -7
leaf_value=-0.00025358977191288211 -0.0049226569407695431 0.01444061926466084 0.0032886619629440509 0.0085234710343385818 -0.0021167764260753064 -0.0030401164511786316
leaf_weight=16036 39344 11674 12102 14878 24073 2587
leaf_count=16036 39344 11674 12102 14878 24073 2587
internal_value=-0.000454643 0.00461816 0.00649851 0.00846105 -0.0050363 0.00294933
internal_weight=120694 57277 41241 26552 63417 14689
internal_count=120694 57277 41241 26552 63417 14689
is_linear=0
shrinkage=0.05


Tree=9
num_leaves=7
num_cat=0
split_feature=0 5 0 4 0 2
split_gain=1013.31 189.328 76.269 71.3253 71.2061 92.6439
threshold=63.500000000000007 17.500000000000004 100.50000000000001 0.82584229306864632 36.500000000000007 2.5000000000000004
decision_type=2 2 2 10 2 2
left_child=4 3 -3 -2 -1 -6
right_child=1 2 -4 -5 5 -7
leaf_value=-0.0044931742459374925 -0.0018618313515800901 0.0046139698555245582 0.01864038054299123 0.0035742632254612164 -0.00066182071058038536 -0.0063682904685043928
leaf_weight=37412 10953 15412 11936 18069 19465 7600
leaf_count=37412 10953 15412 11936 18069 19465 7600
internal_value=-0.000488924 0.00440754 0.00739224 0.00159421 -0.00476974 -0.00281539
internal_weight=120847 56370 27348 29022 64477 27065
internal_count=120847 56370 27348 29022 64477 27065
is_linear=0
shrinkage=0.05


Tree=10
num_leaves=7
num_cat=0
split_feature=0 0 2 2 0 0
split_gain=932.005 163.153 129.759 120.945 120.017 63.0894
threshold=78.500000000000014 49.500000000000007 4.5000000000000009 3.5000000000000004 102.50000000000001 101.50000000000001
decision_type=2 2 2 2 2 2
left_child=1 -1 5 -3 -4 -2
right_child=2 3 4 -5 -6 -7
leaf_value=-0.0039249275390651154 0.0059328242231001639 0.00082468737852889893 -0.0033268604187247533 -0.0072334039251277906 0.01117755923846649 0.019550208452387252
leaf_weight=50489 17142 22823 6503 6257 9995 7753
leaf_count=50489 17142 22823 6503 6257 9995 7753
internal_value=-0.00050737 -0.00367284 0.00557726 -0.000689359 0.00213749 0.00785592
internal_weight=120962 79569 41393 29080 16498 24895
internal_count=120962 79569 41393 29080 16498 24895
is_linear=0
shrinkage=0.05


Tree=11
num_leaves=7
num_cat=0
split_feature=0 5 0 2 2 0
split_gain=854.691 143.969 83.8932 91.528 60.5066 75.5487
threshold=67.500000000000014 17.500000000000004 38.500000000000007 2.5000000000000004 4.5000000000000009 94.500000000000014
decision_type=2 2 2 2 2 2
left_child=2 4 -1 -4 -2 -6
right_child=1 -3 3 -5 5 -7
leaf_value=-0.0040902444274354965 0.0034244758094832909 0.0087800281337367617 -0.0001706857370167514 -0.0053763832987779314 -0.0079212138621720229 0.0038874099171441303
leaf_weight=39574 15796 25963 19869 9047 4111 6611
leaf_count=39574 15796 25963 19869 9047 4111 6611
internal_value=-0.000524794 0.00427614 -0.00420359 -0.00215587 0.00168439 -0.00121423
internal_weight=120971 52481 68490 28916 26518 10722
internal_count=120971 52481 68490 28916 26518 10722
is_linear=0
shrinkage=0.05


Tree=12
num_leaves=7
num_cat=0
split_feature=0 0 2 2 0 0
split_gain=770.353 132.741 105.66 105.595 95.0961 58.416
threshold=79.500000000000014 52.500000000000007 3.5000000000000004 4.5000000000000009 106.50000000000001 102.50000000000001
decision_type=2 2 2 2 2 2
left_child=1 -1 -3 5 -5 -2
right_child=3 2 -4 4 -6 -7
leaf_value=-0.0034970950209669786 0.0055400043020672673 0.0010342999099232336 -0.0064786444943573662 -0.0020129178256414804 0.013157102381874257 0.018706335754358837
leaf_weight=53310 16842 20748 6255 8270 8116 7134
leaf_count=53310 16842 20748 6255 8270 8116 7134
internal_value=-0.000534782 -0.00336677 -0.000510497 0.00510008 0.00200567 0.00721404
internal_weight=120675 80313 27003 40362 16386 23976
internal_count=120675 80313 27003 40362 16386 23976
is_linear=0
shrinkage=0.05


Tree=13
num_leaves=7
num_cat=0
split_feature=1 1 2 2 1 1
split_gain=681.76 132.778 107.347 99.5057 87.9768 57.7027
threshold=39.500000000000007 74.500000000000014 2.5000000000000004 4.5000000000000009 12.500000000000002 18.500000000000004
decision_type=2 2 2 2 2 2
left_child=3 2 -2 5 -5 -1
right_child=1 -3 -4 4 -6 -7
leaf_value=0.017970387393551321 0.001215909078620614 -0.0034503857858373625 -0.0033119903689927013 0.013808438965271425 -0.0017155588868080773 0.0051743059517127214
leaf_weight=7724 20037 46449 15087 7547 8666 15469
leaf_count=7724 20037 46449 15087 7547 8666 15469
internal_value=-0.000511121 -0.00311987 -0.000799909 0.00488886 0.00188294 0.00698929
internal_weight=120979 81573 35124 39406 16213 23193
internal_count=120979 81573 35124 39406 16213 23193
is_linear=0
shrinkage=0.05


Tree=14
num_leaves=7
num_cat=0
split_feature=1 1 2 2 6 1
split_gain=620.528 136.476 134.638 80.9382 66.5664 48.248
threshold=59.500000000000007 29.500000000000004 3.5000000000000004 5.5000000000000009 1.0000000180025095e-35 104.50000000000001
decision_type=2 2 2 2 2 2
left_child=1 3 -3 -1 5 -2
right_child=4 2 -4 -5 -6 -7
leaf_value=0.010533918967234355 -0.0010298618171783736 0.0024966859326487041 -0.0043360058109650377 0.002712819811237499 -0.0049011632342163885 -0.003673671140176471
leaf_weight=20994 27328 20288 9854 8277 21185 13091
leaf_count=20994 27328 20288 9854 8277 21185 13091
internal_value=-0.000550003 0.00309565 0.000733904 0.00552714 -0.00406596 -0.00287546
internal_weight=121017 59413 30142 29271 61604 40419
internal_count=121017 59413 30142 29271 61604 40419
is_linear=0
shrinkage=0.05


Tree=15
num_leaves=7
num_cat=0
split_feature=0 0 2 2 0 0
split_gain=578.488 114.176 107.784 87.6983 69.7535 58.3787
threshold=81.500000000000014 37.500000000000007 1.5000000000000002 5.5000000000000009 107.50000000000001 100.50000000000001
decision_type=2 2 2 2 2 2
left_child=1 -1 -3 4 -2 -5
right_child=3 2 -4 5 -6 -7
leaf_value=-0.00340763079830817 0.0049895177392755624 0.0016487470679703853 -0.0024337007008050945 -0.0075469699573617079 0.02043758427232787 0.005256334788943634
leaf_weight=38475 22334 14244 29728 2302 6946 6870
leaf_count=38475 22334 14244 29728 2302 6946 6870
internal_value=-0.000557777 -0.00291973 -0.00117903 0.00450633 0.00584258 0.00023973
internal_weight=120899 82447 43972 38452 29280 9172
internal_count=120899 82447 43972 38452 29280 9172
is_linear=0
shrinkage=0.05


Tree=16
num_leaves=7
num_cat=0
split_feature=0 5 6 4 0 0
split_gain=516.137 131.048 63.1262 52.5324 47.2067 37.6637
threshold=61.500000000000007 18.500000000000004 1.0000000180025095e-35 0.84007495286471601 12.500000000000002 97.500000000000014
decision_type=2 2 2 10 2 2
left_child=2 3 4 -2 -1 -3
right_child=1 5 -4 -5 -6 -7
leaf_value=-0.0036275266183941504 -0.0021029998062210178 0.0032505938909979551 -0.0045564583522368805 0.0023763737041258559 -0.00098158483717593337 0.013584383606244491
leaf_weight=11120 13259 12560 21428 19985 29850 12332
leaf_count=11120 13259 12560 21428 19985 29850 12332
internal_value=-0.000605821 0.00278375 -0.00376384 0.000729345 -0.00261318 0.00552677
internal_weight=120534 58136 62398 33244 40970 24892
internal_count=120534 58136 62398 33244 40970 24892
is_linear=0
shrinkage=0.05


Tree=17
num_leaves=7
num_cat=0
split_feature=0 0 2 2 0 2
split_gain=483.997 120.011 143.026 58.7026 63.0833 53.6821
threshold=58.500000000000007 95.500000000000014 3.5000000000000004 2.5000000000000004 31.500000000000004 4.5000000000000009
decision_type=2 2 2 2 2 2
left_child=3 2 -2 4 -1 -3
right_child=1 5 -4 -5 -6 -7
leaf_value=-0.0030704715015818619 0.0024434420168843369 0.012061134682018276 -0.0036068181690076893 -0.0069090326803595732 -0.00068473981649468389 0.0056032538484812964
leaf_weight=31654 24116 11575 12970 7109 20845 12552
leaf_count=31654 24116 11575 12970 7109 20845 12552
internal_value=-0.000558344 0.0025644 0.000778491 -0.00376512 -0.00318714 0.00530882
internal_weight=120821 61213 37086 59608 52499 24127
internal_count=120821 61213 37086 59608 52499 24127
is_linear=0
shrinkage=0.05


Tree=18
num_leaves=7
num_cat=0
split_feature=0 4 2 0 0 6
split_gain=428.426 93.3861 64.612 81.2412 54.8053 43.5591
threshold=79.500000000000014 0.87531743577972843 3.5000000000000004 105.50000000000001 55.500000000000007 1.0000000180025095e-35
decision_type=2 10 2 2 2 2
left_child=1 5 -2 -4 -3 -1
right_child=2 4 3 -5 -6 -7
leaf_value=-0.0022060146542461022 0.0069713206341854963 -0.001471504786324468 -0.00042969121858266179 0.012017508320038478 0.0012822878885811408 -0.0053320362559892203
leaf_weight=23499 14802 27540 14187 11334 14366 15362
leaf_count=23499 14802 27540 14187 11334 14366 15362
internal_value=-0.000510137 -0.00261152 0.00369873 0.00217376 -0.000974088 -0.0043769
internal_weight=121090 80767 40323 25521 41906 38861
internal_count=121090 80767 40323 25521 41906 38861
is_linear=0
shrinkage=0.05


Tree=19
num_leaves=7
num_cat=0
split_feature=0 4 2 0 6 0
split_gain=389.577 94.402 60.9523 57.499 43.0054 42.0144
threshold=83.500000000000014 0.87309906748857868 5.5000000000000009 56.500000000000007 1.0000000180025095e-35 105.50000000000001
decision_type=2 10 2 2 2 2
left_child=1 4 -2 -3 -1 -4
right_child=2 3 5 -5 -6 -7
leaf_value=-0.0020628479327889694 0.0066799978953791528 -0.0014220580191393274 -0.0054667979876143365 0.001306710690218882 -0.0050916909028274285 0.0060818378670044193
leaf_weight=24098 27353 28228 3271 16299 15955 5726
leaf_count=24098 27353 28228 3271 16299 15955 5726
internal_value=-0.000526523 -0.00238695 0.00380209 -0.000802513 -0.00414805 0.000231893
internal_weight=120930 84580 36350 44527 40053 8997
internal_count=120930 84580 36350 44527 40053 8997
is_linear=0
shrinkage=0.05


Tree=20
num_leaves=7
num_cat=0
split_feature=0 5 6 2 0 0
split_gain=356.819 95.6252 57.3242 45.5887 70.6177 44.8608
threshold=62.500000000000007 20.500000000000004 1.0000000180025095e-35 4.5000000000000009 93.500000000000014 13.500000000000002
decision_type=2 2 2 2 2 2
left_child=2 3 5 -2 -5 -1
right_child=1 -3 -4 4 -6 -7
leaf_value=-0.0030424112415791769 0.0019852889679579074 0.0067124072795253986 -0.003799072718422536 -0.0071627743885935014 0.0018678390960471193 -0.00061866709616076603
leaf_weight=11830 24738 19346 21976 4560 8739 29742
leaf_count=11830 24738 19346 21976 4560 8739 29742
internal_value=-0.000540265 0.00231778 -0.00312102 0.000861876 -0.00149861 -0.00202877
internal_weight=120931 57383 63548 38037 13299 41572
internal_count=120931 57383 63548 38037 13299 41572
is_linear=0
shrinkage=0.05


Tree=21
num_leaves=7
num_cat=0
split_feature=0 4 0 6 0 4
split_gain=322.277 86.2101 49.5724 48.3284 27.7136 27.4156
threshold=84.500000000000014 0.83071599839352117 56.500000000000007 1.0000000180025095e-35 105.50000000000001 1.0525628520112842
decision_type=2 10 2 2 2 10
left_child=1 -1 -3 4 -2 -5
right_child=3 2 -4 5 -6 -7
leaf_value=-0.0031834762423238907 0.0047964942354457533 -0.0013533965858183617 0.00090635207059523162 0.0010711511378094618 0.016709907265121039 0.0075327265788972982
leaf_weight=34671 10342 31691 19382 14355 4953 5689
leaf_count=34671 10342 31691 19382 14355 4953 5689
internal_value=-0.000518941 -0.00217495 -0.000868525 0.00349883 0.0056152 0.00188289
internal_weight=121083 85744 51073 35339 15295 20044
internal_count=121083 85744 51073 35339 15295 20044
is_linear=0
shrinkage=0.05


Tree=22
num_leaves=7
num_cat=0
split_feature=0 4 2 0 0 2
split_gain=299.73 80.6135 53.529 51.3392 40.9713 40.5321
threshold=82.500000000000014 0.87309906748857868 5.5000000000000009 105.50000000000001 53.500000000000007 4.5000000000000009
decision_type=2 10 2 2 2 2
left_child=1 5 3 -2 -3 -1
right_child=2 4 -4 -5 -6 -7
leaf_value=-0.0024460863038642255 0.003315568162294555 -0.001211452838137539 -0.00023613291351107235 0.015117466614695541 0.00097573813360998243 -0.012256100409801518
leaf_weight=37132 19918 26341 9011 8393 17445 2454
leaf_count=37132 19918 26341 9011 8393 17445 2454
internal_value=-0.000493583 -0.00216067 0.00323024 0.00429836 -0.000682218 -0.00379569
internal_weight=120694 83372 37322 28311 43786 39586
internal_count=120694 83372 37322 28311 43786 39586
is_linear=0
shrinkage=0.05


Tree=23
num_leaves=7
num_cat=0
split_feature=0 0 2 2 2 2
split_gain=267.455 75.5346 102.948 47.1676 44.903 40.3137
threshold=87.500000000000014 42.500000000000007 3.5000000000000004 7.5000000000000009 2.5000000000000004 1.5000000000000002
decision_type=2 2 2 2 2 2
left_child=1 4 5 -2 -1 -3
right_child=3 2 -4 -5 -6 -7
leaf_value=-0.0019373543288997736 0.0059091515377453028 0.0022221018565790509 -0.0049346054792091705 -0.010689754035961598 -0.0081944560875305082 -0.00038134787567070119
leaf_weight=40800 30374 12201 10404 1995 2570 22565
leaf_count=40800 30374 12201 10404 1995 2570 22565
internal_value=-0.000517827 -0.00193969 -0.000508578 0.00337115 -0.00342997 0.00079736
internal_weight=120909 88540 45170 32369 43370 34766
internal_count=120909 88540 45170 32369 43370 34766
is_linear=0
shrinkage=0.05


Tree=24
num_leaves=7
num_cat=0
split_feature=0 0 2 2 0 2
split_gain=252.037 79.1389 103.434 55.6365 51.8764 39.412
threshold=57.500000000000007 97.500000000000014 4.5000000000000009 2.5000000000000004 21.500000000000004 7.5000000000000009
decision_type=2 2 2 2 2 2
left_child=3 2 -2 4 -1 -3
right_child=1 5 -4 -5 -6 -7
leaf_value=-0.0026306682925526154 0.0012912570063188301 0.0084480599633036668 -0.0057799073086831632 -0.005727659483003889 -0.00060609691718291618 -0.008010844149738159
leaf_weight=22170 33583 20251 6426 6692 29724 1742
leaf_count=22170 33583 20251 6426 6692 29724 1742
internal_value=-0.000526565 0.00169537 0.000370808 -0.002878 -0.00232423 0.00410435
internal_weight=120588 62002 40009 58586 51894 21993
internal_count=120588 62002 40009 58586 51894 21993
is_linear=0
shrinkage=0.05


Tree=25
num_leaves=7
num_cat=0
split_feature=1 5 2 1 1 4
split_gain=228.637 70.4739 55.0697 52.7365 51.2226 46.4529
threshold=60.500000000000007 11.500000000000002 2.5000000000000004 8.5000000000000018 96.500000000000014 1.3500983242561084
decision_type=2 2 2 2 2 10
left_child=1 -1 4 -3 -2 -5
right_child=2 3 -4 5 -6 -7
leaf_value=-0.0017465858735327023 -0.00040533787338138119 0.017826639004657932 -0.0051361175765350766 0.0016863754484818362 -0.0024205380364188765 0.0094351746459067527
leaf_weight=11988 28926 7304 7483 40012 24086 1021
leaf_count=11988 28926 7304 7483 40012 24086 1021
internal_value=-0.000422926 0.00175514 -0.00259483 0.00260617 -0.00202765 0.0019089
internal_weight=120820 60325 60495 48337 53012 41033
internal_count=120820 60325 60495 48337 53012 41033
is_linear=0
shrinkage=0.05


Tree=26
num_leaves=7
num_cat=0
split_feature=0 0 6 3 4 6
split_gain=195.957 67.0248 48.1496 44.8711 40.2245 35.6654
threshold=55.500000000000007 99.500000000000014 1.0000000180025095e-35 -34.784567880947343 1.3340994559451305 1.0000000180025095e-35
decision_type=2 2 2 2 10 2
left_child=2 3 -1 -2 5 -5
right_child=1 -3 -4 4 -6 -7
leaf_value=-0.00098966036535326767 -0.0053961910864361758 0.0074374477222537427 -0.003259096454142968 0.0015804794053879856 0.0077596181425860118 -0.0010717003438570627
leaf_weight=37370 3383 20069 19222 22479 1013 17283
leaf_count=37370 3383 20069 19222 22479 1013 17283
internal_value=-0.000477864 0.00141226 -0.00262293 0.000323234 0.000782553 0.000531219
internal_weight=120819 64227 56592 44158 40775 39762
internal_count=120819 64227 56592 44158 40775 39762
is_linear=0
shrinkage=0.05


Tree=27
num_leaves=7
num_cat=0
split_feature=0 4 2 0 0 2
split_gain=187.101 53.1661 51.8448 73.5586 44.0441 38.4809
threshold=64.500000000000014 0.9757534177144408 4.5000000000000009 101.50000000000001 97.500000000000014 2.5000000000000004
decision_type=2 10 2 2 2 2
left_child=1 5 4 -4 -2 -1
right_child=2 -3 3 -5 -6 -7
leaf_value=-0.0016994644604368171 0.0015176461595926894 -0.00019156874265089941 -0.0045847558579373837 0.0048548387622960433 0.0091934873769963458 -0.0050886106437842363
leaf_weight=34913 27294 22576 7579 10381 10189 7992
leaf_count=34913 27294 22576 7579 10381 10189 7992
internal_value=-0.000449024 -0.00225869 0.00168829 -0.000520456 0.00274655 -0.00329206
internal_weight=120924 65481 55443 17960 37483 42905
internal_count=120924 65481 55443 17960 37483 42905
is_linear=0
shrinkage=0.05


Tree=28
num_leaves=7
num_cat=0
split_feature=0 6 2 0 0 4
split_gain=169.994 56.8728 46.3269 50.3467 44.1811 22.095
threshold=77.500000000000014 1.0000000180025095e-35 4.5000000000000009 109.50000000000001 13.500000000000002 0.91996581771906316
decision_type=2 2 2 2 2 10
left_child=1 4 -2 -4 -1 -3
right_child=2 5 3 -5 -6 -7
leaf_value=-0.0021888029868535192 0.0040499663629608327 -0.0035765897990981815 -0.0028532017779824836 0.0096357955941708262 -3.5766384702273783e-05 -0.001344582907374034
leaf_weight=11804 25673 17216 10175 6469 38621 10734
leaf_count=11804 25673 17216 10175 6469 38621 10734
internal_value=-0.00049587 -0.00187468 0.00205774 3.00318e-06 -0.000871753 -0.0036836
internal_weight=120692 78375 42317 16644 50425 27950
internal_count=120692 78375 42317 16644 50425 27950
is_linear=0
shrinkage=0.05


Tree=29
num_leaves=7
num_cat=0
split_feature=0 2 0 2 2 2
split_gain=156.626 58.4012 67.0371 71.6701 36.1759 32.6733
threshold=89.500000000000014 5.5000000000000009 36.500000000000007 1.5000000000000002 7.5000000000000009 1.5000000000000002
decision_type=2 2 2 2 2 2
left_child=1 2 5 -4 -2 -1
right_child=4 -3 3 -5 -6 -7
leaf_value=-0.0014237751253986825 0.0049274148120606823 -0.014742982158366696 0.0017228619730716268 -0.0011186423869866014 -0.010790259631566624 -0.0049316854459176447
leaf_weight=31756 28317 1704 15674 35953 1979 5694
leaf_count=31756 28317 1704 15674 35953 1979 5694
internal_value=-0.000484073 -0.00152295 -0.00134721 -0.00017891 0.00262863 -0.00295755
internal_weight=121077 90781 89077 51627 30296 37450
internal_count=121077 90781 89077 51627 30296 37450
is_linear=0
shrinkage=0.05


Tree=30
num_leaves=7
num_cat=0
split_feature=0 0 2 2 0 2
split_gain=139.671 48.5342 77.939 47.4447 40.5047 32.4617
threshold=60.500000000000007 105.50000000000001 4.5000000000000009 2.5000000000000004 21.500000000000004 1.5000000000000002
decision_type=2 2 2 2 2 2
left_child=3 2 -2 4 -1 -6
right_child=1 -3 -4 -5 5 -7
leaf_value=-0.0019770322949536844 0.0015098540518653225 0.0087225265378013065 -0.0038455371027676377 -0.0043420616078866268 0.00038105869466227853 -0.0023599427361239963
leaf_weight=22070 35649 14139 9624 7925 21202 10316
leaf_count=22070 35649 14139 9624 7925 21202 10316
internal_value=-0.000428037 0.00130097 0.000502175 -0.00209796 -0.00156364 -0.00041319
internal_weight=120925 59412 45273 61513 53588 31518
internal_count=120925 59412 45273 61513 53588 31518
is_linear=0
shrinkage=0.05


Tree=31
num_leaves=7
num_cat=0
split_feature=0 2 0 2 2 2
split_gain=128.374 56.2853 56.3308 60.4305 31.6665 29.0899
threshold=89.500000000000014 5.5000000000000009 34.500000000000007 1.5000000000000002 7.5000000000000009 1.0000000180025095e-35
decision_type=2 2 2 2 2 2
left_child=1 2 5 -4 -2 -1
right_child=4 -3 3 -5 -6 -7
leaf_value=-0.00096290268638520862 0.0046858736438807449 -0.013851147170557132 0.0015106294439583225 -0.0010246022900186169 -0.010085617180799806 -0.002842684152323183
leaf_weight=20202 28323 1633 16780 36471 1962 15197
leaf_count=20202 28323 1633 16780 36471 1962 15197
internal_value=-0.000379023 -0.00132396 -0.00115419 -0.000126512 0.00243769 -0.00269991
internal_weight=120568 90283 88650 53251 30285 35399
internal_count=120568 90283 88650 53251 30285 35399
is_linear=0
shrinkage=0.05


Tree=32
num_leaves=7
num_cat=0
split_feature=0 4 2 2 0 0
split_gain=125.935 52.1298 43.7838 35.1455 36.2222 29.6245
threshold=80.500000000000014 0.97151901601153756 4.5000000000000009 5.5000000000000009 111.50000000000001 105.50000000000001
decision_type=2 10 2 2 2 2
left_child=1 2 -1 4 -2 -5
right_child=3 -3 -4 5 -6 -7
leaf_value=-0.0014401041537353083 0.002340724930357363 0.00012785283865641983 -0.009778801042588936 -0.0052894540460539765 0.01762463355674963 0.0030883368794124124
leaf_weight=49870 25827 29172 2541 3466 4255 5657
leaf_count=49870 25827 29172 2541 3466 4255 5657
internal_value=-0.000403583 -0.00152274 -0.00246561 0.00192521 0.00274953 -0.00079289
internal_weight=120788 81583 52411 39205 30082 9123
internal_count=120788 81583 52411 39205 30082 9123
is_linear=0
shrinkage=0.05


Tree=33
num_leaves=7
num_cat=0
split_feature=0 5 2 2 0 0
split_gain=116.989 55.7316 45.1608 30.4547 38.0543 29.8771
threshold=54.500000000000007 20.500000000000004 2.5000000000000004 4.5000000000000009 95.500000000000014 21.500000000000004
decision_type=2 2 2 2 2 2
left_child=2 3 5 -2 -5 -1
right_child=1 -3 -4 4 -6 -7
leaf_value=-0.001851977234946739 0.00080601594795254034 0.0039843192966925178 -0.0047982952008741976 -0.005214192195842177 0.00031852875260701685 -0.00035394400233058622
leaf_weight=22204 30958 20601 5703 5443 8292 27501
leaf_count=22204 30958 20601 5703 5443 8292 27501
internal_value=-0.000428931 0.00100499 -0.00211864 1.31438e-05 -0.00194596 -0.00163473
internal_weight=120702 65294 55408 44693 13735 49705
internal_count=120702 65294 55408 44693 13735 49705
is_linear=0
shrinkage=0.05


Tree=34
num_leaves=7
num_cat=0
split_feature=0 2 0 2 2 6
split_gain=110.211 47.5956 42.4795 39.5452 34.8664 34.7962
threshold=79.500000000000014 4.5000000000000009 38.500000000000007 1.5000000000000002 1.5000000000000002 1.0000000180025095e-35
decision_type=2 2 2 2 2 2
left_child=1 2 4 -4 -1 -2
right_child=5 -3 3 -5 -6 -7
leaf_value=-0.0010631921695051173 0.0043369591692996954 -0.0093335916498394119 0.0014545732297973929 -0.00094174713200758655 -0.0042218588679942661 0.00063803593415964754
leaf_weight=32983 18134 2582 13518 25220 6477 22246
leaf_count=32983 18134 2582 13518 25220 6477 22246
internal_value=-0.000388313 -0.00145448 -0.00123365 -5.74297e-05 -0.00238819 0.00174446
internal_weight=121160 80780 78198 38738 39460 40380
internal_count=121160 80780 78198 38738 39460 40380
is_linear=0
shrinkage=0.05


Tree=35
num_leaves=7
num_cat=0
split_feature=0 2 0 2 2 6
split_gain=102.625 54.5707 55.3486 41.5787 35.7572 27.0594
threshold=97.500000000000014 5.5000000000000009 52.500000000000007 2.5000000000000004 3.5000000000000004 1.0000000180025095e-35
decision_type=2 2 2 2 2 2
left_child=1 2 3 -1 -4 -2
right_child=5 -3 4 -5 -6 -7
leaf_value=-0.00093232312620585294 0.0082362812017398365 -0.0090029909333909676 0.0012012151056360332 -0.004511978822701582 -0.0017900246991690294 0.002588381027770498
leaf_weight=48396 8571 2712 30081 5020 12310 13486
leaf_count=48396 8571 2712 30081 5020 12310 13486
internal_value=-0.000327166 -0.00101739 -0.000819182 -0.00188971 0.000529826 0.0027553
internal_weight=120576 98519 95807 53416 42391 22057
internal_count=120576 98519 95807 53416 42391 22057
is_linear=0
shrinkage=0.05


Tree=36
num_leaves=7
num_cat=0
split_feature=0 6 0 6 0 4
split_gain=96.3916 48.7952 35.8155 25.3598 26.3422 19.7366
threshold=92.500000000000014 1.0000000180025095e-35 8.5000000000000018 1.5000000000000002 113.50000000000001 1.411614417114295
decision_type=2 2 2 2 2 10
left_child=1 2 -1 4 -2 -4
right_child=3 -3 5 -5 -6 -7
leaf_value=-0.0020046857800776197 0.003002077606505435 -0.0019675141006000431 4.9126939754828849e-05 -0.0017562186901718653 0.020826942639008625 0.004944694917467421
leaf_weight=8285 17994 35069 48605 5168 4204 1500
leaf_count=8285 17994 35069 48605 5168 4204 1500
internal_value=-0.0003837 -0.0011479 -0.000262437 0.0022259 0.00296019 0.000241219
internal_weight=120825 93459 58390 27366 22198 50105
internal_count=120825 93459 58390 27366 22198 50105
is_linear=0
shrinkage=0.05


Tree=37
num_leaves=7
num_cat=0
split_feature=0 4 0 6 4 4
split_gain=79.807 45.3641 36.7721 33.5285 31.9205 19.7453
threshold=60.500000000000007 1.3675688197750497 113.50000000000001 1.0000000180025095e-35 0.9757534177144408 0.71481222402488409
decision_type=2 10 2 2 10 10
left_child=4 2 3 -2 -1 -5
right_child=1 -3 -4 5 -6 -7
leaf_value=-0.0016322900939352543 0.0015538302525955174 0.0091364888021996278 0.015079787886247432 -0.0050832750228128228 -4.5113569419361069e-05 -0.00052968073027130364
leaf_weight=40346 27044 1026 5811 2599 21094 22843
leaf_count=40346 27044 1026 5811 2599 21094 22843
internal_value=-0.000380792 0.00092726 0.000743328 0.000325294 -0.00164375 -0.000977522
internal_weight=120763 59323 58297 52486 61440 25442
internal_count=120763 59323 58297 52486 61440 25442
is_linear=0
shrinkage=0.05


Tree=38
num_leaves=7
num_cat=0
split_feature=0 4 6 3 0 6
split_gain=79.4269 35.9932 26.0266 23.0157 20.9858 17.9613
threshold=83.500000000000014 0.94271707912575009 1.5000000000000002 30.590907051935378 110.50000000000001 1.5000000000000002
decision_type=2 10 2 2 2 2
left_child=1 5 4 -3 -2 -1
right_child=2 3 -4 -5 -6 -7
leaf_value=-0.0011751335088376058 0.0017741090271353817 -0.00012055737257639089 -0.0025845953933419266 0.0057306300827018597 0.012900456948289608 -0.0045484212873358803
leaf_weight=46424 23776 33225 6002 1140 6459 3697
leaf_count=46424 23776 33225 6002 1140 6459 3697
internal_value=-0.000345715 -0.00118563 0.00161242 6.07361e-05 0.00220941 -0.00204011
internal_weight=120723 84486 36237 34365 30235 50121
internal_count=120723 84486 36237 34365 30235 50121
is_linear=0
shrinkage=0.05


Tree=39
num_leaves=7
num_cat=0
split_feature=0 2 4 2 0 0
split_gain=71.0115 39.8066 39.386 30.8078 49.335 31.7565
threshold=54.500000000000007 2.5000000000000004 1.3675688197750497 5.5000000000000009 96.500000000000014 107.50000000000001
decision_type=2 2 10 2 2 2
left_child=1 -1 3 5 -5 -2
right_child=2 -3 -4 4 -6 -7
leaf_value=-0.00077579928345477005 0.00055988121017428447 -0.0041337837553475669 0.007808990045952713 -0.0089697768801147108 0.00017137710041322809 0.010008348425845793
leaf_weight=49823 47564 5726 1121 2473 7473 6753
leaf_count=49823 47564 5726 1121 2473 7473 6753
internal_value=-0.000318448 -0.00163287 0.000798299 0.000635814 -0.00192192 0.00110429
internal_weight=120933 55549 65384 64263 9946 54317
internal_count=120933 55549 65384 64263 9946 54317
is_linear=0
shrinkage=0.05


Tree=40
num_leaves=7
num_cat=0
split_feature=1 2 6 2 1 1
split_gain=67.8517 40.8924 31.3573 29.6599 29.6268 22.1143
threshold=38.500000000000007 4.5000000000000009 1.0000000180025095e-35 7.5000000000000009 109.50000000000001 7.5000000000000009
decision_type=2 2 2 2 2 2
left_child=3 2 4 5 -2 -1
right_child=1 -3 -4 -5 -6 -7
leaf_value=0.013515641860737461 0.00026641336761585314 -0.007669866374987633 -0.0015225496882058098 -0.01173522584413406 -0.0015862223270224852 0.0014259325101210918
leaf_weight=6009 42319 2895 27645 2086 9711 30239
leaf_count=6009 42319 2895 27645 2086 9711 30239
internal_value=-0.000287406 -0.00109446 -0.000882122 0.00145087 -0.000159028 0.00178468
internal_weight=120904 82570 79675 38334 52030 36248
internal_count=120904 82570 79675 38334 52030 36248
is_linear=0
shrinkage=0.05


Tree=41
num_leaves=7
num_cat=0
split_feature=4 0 6 4 6 0
split_gain=64.9283 36.4204 23.1133 16.4578 14.826 13.5457
threshold=0.83071599839352117 98.500000000000014 1.0000000180025095e-35 0.5628037958765828 1.0000000180025095e-35 18.500000000000004
decision_type=10 2 2 10 2 2
left_child=3 2 -2 -1 -3 -4
right_child=1 4 5 -5 -6 -7
leaf_value=-0.0024006660790484805 0.00053454862062048971 0.0077050160366795356 -0.0036425312735257399 -0.0010691084934696226 0.0028132246428574925 -0.00072520494352209532
leaf_weight=10204 38793 6685 1247 32320 10389 20883
leaf_count=10204 38793 6685 1247 32320 10389 20883
internal_value=-0.00024362 0.000613286 4.12372e-05 -0.00181523 0.00265384 -0.00124802
internal_weight=120521 77997 60923 42524 17074 22130
internal_count=120521 77997 60923 42524 17074 22130
is_linear=0
shrinkage=0.05


Tree=42
num_leaves=7
num_cat=0
split_feature=5 1 6 2 3 4
split_gain=57.7505 45.389 29.1418 16.123 13.8816 13.3278
threshold=10.500000000000002 15.500000000000002 1.0000000180025095e-35 5.5000000000000009 32.160903436116136 0.78043911053919834
decision_type=2 2 2 2 2 10
left_child=3 -2 4 5 -3 -1
right_child=1 2 -4 -5 -6 -7
leaf_value=-0.0018314893441080727 0.0066207259857098914 0.00035590285599857721 -0.0010856762436399936 -0.0096123254290543195 0.005012485578626164 -0.0002348925002044755
leaf_weight=17114 14036 48146 27863 2627 1210 9917
leaf_count=17114 14036 48146 27863 2627 1210 9917
internal_value=-0.000250273 0.000372699 -0.000102785 -0.00216684 0.000627013 -0.00180269
internal_weight=120913 91255 77219 29658 49356 27031
internal_count=120913 91255 77219 29658 49356 27031
is_linear=0
shrinkage=0.05


Tree=43
num_leaves=7
num_cat=0
split_feature=5 0 6 0 2 0
split_gain=53.6678 37.1714 27.5496 15.4117 14.311 14.8648
threshold=11.500000000000002 112.50000000000001 1.0000000180025095e-35 59.500000000000007 5.5000000000000009 39.500000000000007
decision_type=2 2 2 2 2 2
left_child=4 2 3 -2 5 -1
right_child=1 -3 -4 -5 -6 -7
leaf_value=-0.0015527462179426633 -1.0559617948852074e-05 0.012003256785468902 -0.00093340214497281138 0.0017739832805981738 -0.0078849948138312916 -0.00035911636255926417
leaf_weight=17518 25619 6406 29304 24108 3192 14813
leaf_count=17518 25619 6406 29304 24108 3192 14813
internal_value=-0.000257926 0.000421192 0.000124152 0.000840756 -0.00189111 -0.00157526
internal_weight=120960 85437 79031 49727 35523 32331
internal_count=120960 85437 79031 49727 35523 32331
is_linear=0
shrinkage=0.05


Tree=44
num_leaves=7
num_cat=0
split_feature=0 2 0 2 2 0
split_gain=51.2784 39.832 31.681 37.013 32.4192 26.5633
threshold=95.500000000000014 5.5000000000000009 49.500000000000007 1.5000000000000002 1.5000000000000002 19.500000000000004
decision_type=2 2 2 2 2 2
left_child=1 2 3 5 -4 -1
right_child=-2 -3 4 -5 -6 -7
leaf_value=-0.0012042134133457838 0.0031282625592430669 -0.0079097804641854435 0.0022561123571492093 -0.0031312398572602485 -0.00033000090087052515 0.00032866245965653686
leaf_weight=19258 24129 2386 9413 12073 34378 18953
leaf_count=19258 24129 2386 9413 12073 34378 18953
internal_value=-0.000315312 -0.000830992 -0.000668979 -0.00152518 0.000314241 -0.000762442
internal_weight=120590 96461 94075 50284 43791 38211
internal_count=120590 96461 94075 50284 43791 38211
is_linear=0
shrinkage=0.05


Tree=45
num_leaves=7
num_cat=0
split_feature=0 2 0 4 2 2
split_gain=50.3977 35.8496 28.7383 52.8256 37.9465 23.4
threshold=93.500000000000014 5.5000000000000009 32.500000000000007 1.3894886017720951 1.5000000000000002 1.5000000000000002
decision_type=2 2 2 10 2 2
left_child=1 2 5 4 -4 -1
right_child=-2 -3 3 -5 -6 -7
leaf_value=-0.00081597475342529981 0.0028331700708705055 -0.0084829334678089043 0.0011230666940678425 0.0081980333904243374 -0.00083149925416378667 -0.0036509011573643588
leaf_weight=29246 26265 2142 17553 1163 40379 4148
leaf_count=29246 26265 2142 17553 1163 40379 4148
internal_value=-0.000259303 -0.000797133 -0.000648826 1.37479e-05 -0.000198491 -0.00182116
internal_weight=120896 94631 92489 59095 57932 33394
internal_count=120896 94631 92489 59095 57932 33394
is_linear=0
shrinkage=0.05


Tree=46
num_leaves=7
num_cat=0
split_feature=0 4 2 0 2 2
split_gain=41.0884 43.9757 31.1618 27.2824 39.8107 18.6234
threshold=50.500000000000007 1.3894886017720951 2.5000000000000004 112.50000000000001 4.5000000000000009 7.5000000000000009
decision_type=2 10 2 2 2 2
left_child=2 3 -1 4 -2 -6
right_child=1 -3 -4 -5 5 -7
leaf_value=-0.00063731292142459321 0.00061783795500769401 0.0077981350703741244 -0.0039195908778144667 0.0098484139138008808 -0.0021838762327887119 -0.018433594806188065
leaf_weight=47013 47697 1029 4440 6841 12832 1151
leaf_count=47013 47697 1029 4440 6841 12832 1151
internal_value=-0.000304009 0.000488462 -0.00137515 0.000333997 1.62114e-06 -0.00234397
internal_weight=121003 69550 51453 68521 61680 13983
internal_count=121003 69550 51453 68521 61680 13983
is_linear=0
shrinkage=0.05


Tree=47
num_leaves=7
num_cat=0
split_feature=1 2 1 4 2 2
split_gain=40.9806 32.0098 36.7068 38.349 22.8299 22.668
threshold=29.500000000000004 3.5000000000000004 87.500000000000014 1.3894886017720951 7.5000000000000009 1.5000000000000002
decision_type=2 2 2 10 2 2
left_child=4 2 3 5 -1 -2
right_child=1 -3 -4 -5 -6 -7
leaf_value=0.0027115927883349295 0.0010577255965449894 -0.0031310629489168574 -0.00099853428950010263 0.0073686818701356573 -0.0096053060507756815 -0.00047379548799917351
leaf_weight=27290 17417 12522 33463 1095 1923 27337
leaf_count=27290 17417 12522 33463 1095 1923 27337
internal_value=-0.000255572 -0.000774453 -0.000403444 0.000515495 0.00137544 0.000288769
internal_weight=121047 91834 79312 45849 29213 44754
internal_count=121047 91834 79312 45849 29213 44754
is_linear=0
shrinkage=0.05


Tree=48
num_leaves=7
num_cat=0
split_feature=0 2 4 0 2 0
split_gain=40.1922 29.0381 25.9851 22.961 22.194 28.9999
threshold=54.500000000000007 1.5000000000000002 1.3675688197750497 17.500000000000004 5.5000000000000009 92.500000000000014
decision_type=2 2 10 2 2 2
left_child=1 3 4 -1 -2 -6
right_child=2 -3 -4 -5 5 -7
leaf_value=-0.0010812417552800047 0.00089735986880339633 -0.0024592474709589866 0.0057959702540026472 0.0003147691821135945 -0.0081213952671293117 -0.00059849932201295759
leaf_weight=17609 54214 15127 1129 22641 1927 7969
leaf_count=17609 54214 15127 1129 22641 1927 7969
internal_value=-0.000197727 -0.00118834 0.000643163 -0.000486275 0.000510411 -0.0016665
internal_weight=120616 55377 65239 40250 64110 9896
internal_count=120616 55377 65239 40250 64110 9896
is_linear=0
shrinkage=0.05


Tree=49
num_leaves=7
num_cat=0
split_feature=0 6 0 4 2 0
split_gain=38.1742 33.5483 21.0183 37.8821 25.5621 23.4906
threshold=106.50000000000001 1.5000000000000002 18.500000000000004 1.411614417114295 1.5000000000000002 78.500000000000014
decision_type=2 2 2 10 2 2
left_child=1 2 -1 4 -4 -6
right_child=-2 -3 3 -5 5 -7
leaf_value=-0.0010217978770279523 0.0052010858073729405 -0.0032764443604715726 0.00069786037909684855 0.0055890463543614849 -0.0013412279292370488 0.00048875545500940418
leaf_weight=18661 13113 7856 28577 1600 28186 22820
leaf_count=18661 13113 7856 28577 1600 28186 22820
internal_value=-0.000195852 -0.000506012 -0.00025839 8.94529e-05 -6.3923e-05 -0.000734645
internal_weight=120813 107700 99844 81183 79583 51006
internal_count=120813 107700 99844 81183 79583 51006
is_linear=0
shrinkage=0.05


Tree=50
num_leaves=7
num_cat=0
split_feature=0 4 2 6 0 0
split_gain=33.498 33.8031 26.0011 22.5345 16.5501 15.7654
threshold=49.500000000000007 1.3894886017720951 1.5000000000000002 1.0000000180025095e-35 17.500000000000004 99.500000000000014
decision_type=2 10 2 2 2 2
left_child=2 3 4 5 -1 -2
right_child=1 -3 -4 -5 -6 -7
leaf_value=-0.00098092087729432782 0.00062424717362750688 0.0059237805368107304 -0.0025050015738012302 -0.00056678715006018294 0.00024493682882399393 0.0057401565533350858
leaf_weight=17584 28128 1027 12139 33927 20785 7499
leaf_count=17584 28128 1027 12139 33927 20785 7499
internal_value=-0.000178064 0.000525423 -0.00116109 0.000392113 -0.000522815 0.00127028
internal_weight=121089 70581 50508 69554 38369 35627
internal_count=121089 70581 50508 69554 38369 35627
is_linear=0
shrinkage=0.05


Tree=51
num_leaves=7
num_cat=0
split_feature=0 0 3 6 6 0
split_gain=33.3684 21.1064 18.5388 15.7438 15.2245 9.31563
threshold=58.500000000000007 114.50000000000001 -34.784567880947343 1.0000000180025095e-35 1.0000000180025095e-35 8.5000000000000018
decision_type=2 2 2 2 2 2
left_child=3 2 -2 5 -4 -1
right_child=1 -3 4 -5 -6 -7
leaf_value=-0.0011090265125934084 -0.0026816181707071981 0.013501578808946335 0.0015249364056986736 -0.0014279708270713788 -0.00027744653953341305 -4.6526008230529663e-05
leaf_weight=8179 4940 4994 26799 20261 24668 30842
leaf_count=8179 4940 4994 26799 20261 24668 30842
internal_value=-0.000195028 0.000621885 0.000345893 -0.00104112 0.000626797 -0.000453864
internal_weight=120683 61401 56407 59282 51467 39021
internal_count=120683 61401 56407 59282 51467 39021
is_linear=0
shrinkage=0.05


Tree=52
num_leaves=7
num_cat=0
split_feature=4 0 2 2 2 0
split_gain=32.4092 19.6986 27.846 22.7144 14.4199 14.3133
threshold=0.9757534177144408 66.500000000000014 3.5000000000000004 2.5000000000000004 7.5000000000000009 114.50000000000001
decision_type=10 2 2 2 2 2
left_child=1 3 -3 -1 -4 -2
right_child=5 2 4 -5 -6 -7
leaf_value=-0.00059617191618116516 0.00048481362430590483 0.0021503338640360193 -0.00060702714902197705 -0.0028582849993112392 -0.012973197559274507 0.015094146655008939
leaf_weight=35511 43916 9747 18097 8755 1849 2835
leaf_count=35511 43916 9747 18097 8755 1849 2835
internal_value=-0.00020565 -0.000857005 0.000139319 -0.00152526 -0.000931031 0.00082476
internal_weight=120710 73959 29693 44266 19946 46751
internal_count=120710 73959 29693 44266 19946 46751
is_linear=0
shrinkage=0.05


Tree=53
num_leaves=7
num_cat=0
split_feature=4 0 6 6 5 3
split_gain=27.8076 18.5544 14.4571 13.3523 9.74635 9.73416
threshold=0.83071599839352117 105.50000000000001 1.5000000000000002 1.5000000000000002 10.500000000000002 33.857504482594521
decision_type=10 2 2 2 2 2
left_child=2 3 4 5 -1 -2
right_child=1 -3 -4 -5 -6 -7
leaf_value=-0.0012367082144052024 6.1288401882805829e-05 0.0046203663319204146 -0.0039300142133655517 -0.0025063083846011305 -0.00015566112369468088 0.0030530988085263142
leaf_weight=18711 60648 11748 4069 4333 19898 1720
leaf_count=18711 60648 11748 4069 4333 19898 1720
internal_value=-0.000242194 0.000316587 -0.00126924 -6.18385e-06 -0.000970179 0.000180367
internal_weight=121127 78449 42678 66701 38609 62368
internal_count=121127 78449 42678 66701 38609 62368
is_linear=0
shrinkage=0.05


Tree=54
num_leaves=7
num_cat=0
split_feature=0 2 2 0 0 0
split_gain=27.5868 23.3966 22.8359 21.1875 19.6343 17.5258
threshold=55.500000000000007 1.5000000000000002 5.5000000000000009 94.500000000000014 114.50000000000001 13.500000000000002
decision_type=2 2 2 2 2 2
left_child=1 5 4 -4 -2 -1
right_child=2 -3 3 -5 -6 -7
leaf_value=-0.0010109952776684 0.00072177456777627327 -0.002029704860850873 -0.0066723965057067626 -0.00096369731221567227 0.016635907580948656 0.00023542070929756244
leaf_weight=13922 51731 15819 2171 7793 2519 26697
leaf_count=13922 51731 15819 2171 7793 2519 26697
internal_value=-0.000184407 -0.000990823 0.000524378 -0.00167519 0.000928486 -0.000355393
internal_weight=120652 56438 64214 9964 54250 40619
internal_count=120652 56438 64214 9964 54250 40619
is_linear=0
shrinkage=0.05


Tree=55
num_leaves=7
num_cat=0
split_feature=0 2 0 2 0 0
split_gain=27.8407 27.5427 25.9836 19.9833 15.2707 15.1441
threshold=106.50000000000001 4.5000000000000009 48.500000000000007 1.5000000000000002 17.500000000000004 74.500000000000014
decision_type=2 2 2 2 2 2
left_child=1 2 3 4 -1 -3
right_child=-2 5 -4 -5 -6 -7
leaf_value=-0.00091873249733629434 0.0045559476380359343 -0.0086839592097936822 0.00051554111003605525 -0.0021667401043084732 0.00025855564108540622 -0.0021024786043877474
leaf_weight=17629 13046 1872 47776 11333 20407 8923
leaf_count=17629 13046 1872 47776 11333 20407 8923
internal_value=-0.00021014 -0.000473852 -0.00020754 -0.00101192 -0.000462659 -0.00286921
internal_weight=120986 107940 97145 49369 38036 10795
internal_count=120986 107940 97145 49369 38036 10795
is_linear=0
shrinkage=0.05


Tree=56
num_leaves=7
num_cat=0
split_feature=6 0 2 0 0 2
split_gain=22.1438 29.1199 19.4157 23.949 13.9768 12.8883
threshold=1.5000000000000002 108.50000000000001 4.5000000000000009 48.500000000000007 80.500000000000014 1.0000000180025095e-35
decision_type=2 2 2 2 2 2
left_child=1 2 3 5 -4 -1
right_child=-2 -3 4 -5 -6 -7
leaf_value=2.9157176834049281e-05 -0.0025684294675106193 0.0068895494535100021 -0.0070478878487487467 0.00072283766224386374 -0.001533407455506708 -0.001067424541446646
leaf_weight=22665 11238 8082 2051 45923 6997 24114
leaf_count=22665 11238 8082 2051 45923 6997 24114
internal_value=-0.000201321 1.50223e-05 -0.000214486 1.34833e-06 -0.00242461 -0.000794876
internal_weight=121070 109832 101750 92702 9048 46779
internal_count=121070 109832 101750 92702 9048 46779
is_linear=0
shrinkage=0.05


Tree=57
num_leaves=7
num_cat=0
split_feature=5 4 6 0 2 0
split_gain=24.4148 16.1897 13.2916 12.3604 11.9982 7.63682
threshold=23.500000000000004 0.60043260103280927 1.0000000180025095e-35 113.50000000000001 4.5000000000000009 34.500000000000007
decision_type=2 10 2 2 2 2
left_child=1 4 -3 -2 -1 -4
right_child=3 2 5 -5 -6 -7
leaf_value=-0.0010540128092327184 0.00096959421161059434 0.00024339651183030719 -0.001449029177665795 0.015663659334585103 -0.0064032421689544346 -0.00051179707544911639
leaf_weight=11289 16494 48567 7229 2449 1299 33465
leaf_count=11289 16494 48567 7229 2449 1299 33465
internal_value=-0.000135351 -0.000441932 -0.000205145 0.00151269 -0.00212023 -0.000871643
internal_weight=120792 101849 89261 18943 12588 40694
internal_count=120792 101849 89261 18943 12588 40694
is_linear=0
shrinkage=0.05


Tree=58
num_leaves=7
num_cat=0
split_feature=4 6 0 2 2 0
split_gain=23.3533 17.5647 18.1648 16.1792 15.795 11.3383
threshold=0.97984203337615627 1.5000000000000002 72.500000000000014 4.5000000000000009 3.5000000000000004 112.50000000000001
decision_type=10 2 2 2 2 2
left_child=1 2 3 -1 -4 -6
right_child=-2 -3 4 -5 5 -7
leaf_value=-0.00055226140152504495 0.00064158590924583982 -0.0032937184001253506 0.0025427833577475415 -0.0084698180995951954 -0.00080020000352551413 0.0098886665220546469
leaf_weight=43895 45872 7426 7428 1137 13099 1966
leaf_count=43895 45872 7426 7428 1137 13099 1966
internal_value=-0.000139765 -0.000683568 -0.000429624 -0.00100917 0.00073062 -0.0001999
internal_weight=120823 74951 67525 45032 22493 15065
internal_count=120823 74951 67525 45032 22493 15065
is_linear=0
shrinkage=0.05


Tree=59
num_leaves=7
num_cat=0
split_feature=0 2 2 0 4 2
split_gain=19.8302 23.7839 19.0065 17.3139 28.7175 14.9765
threshold=88.500000000000014 3.5000000000000004 7.5000000000000009 30.500000000000004 1.3894886017720951 1.5000000000000002
decision_type=2 2 2 2 10 2
left_child=1 3 -2 -1 5 -5
right_child=2 -3 -4 4 -6 -7
leaf_value=-0.00067404576377402272 0.0019881436824859518 -0.0027254321438472868 -0.0087100953553524759 0.00086031886788759393 0.0061818802128355893 -0.00038422802561909335
leaf_weight=31221 29286 11506 1961 18539 1145 27237
leaf_count=31221 29286 11506 1961 18539 1145 27237
internal_value=-9.54301e-05 -0.000473492 0.000989137 -0.000160915 0.000446181 0.000250104
internal_weight=120895 89648 31247 78142 46921 45776
internal_count=120895 89648 31247 78142 46921 45776
is_linear=0
shrinkage=0.05


Tree=60
num_leaves=7
num_cat=0
split_feature=0 2 6 0 4 2
split_gain=21.7198 24.6661 15.0214 12.4567 12.9263 12.9163
threshold=113.50000000000001 7.5000000000000009 1.0000000180025095e-35 21.500000000000004 1.3340994559451305 1.5000000000000002
decision_type=2 2 2 2 10 2
left_child=1 2 -1 -4 5 -5
right_child=-2 -3 3 4 -6 -7
leaf_value=0.00016872847583880303 0.0093174182418971612 -0.015069576925000085 -0.0019079868237631083 0.00090328841604678809 0.0047598358938828805 -0.0010569092706736395
leaf_weight=67687 5950 1261 5536 5293 1085 34050
leaf_count=67687 5950 1261 5536 5293 1085 34050
internal_value=-0.000144167 -0.000296736 -0.000219412 -0.000916922 -0.000612124 -0.000760839
internal_weight=120862 114912 113651 45964 40428 39343
internal_count=120862 114912 113651 45964 40428 39343
is_linear=0
shrinkage=0.05


Tree=61
num_leaves=7
num_cat=0
split_feature=4 0 2 0 2 2
split_gain=17.8348 13.4313 18.6776 10.4228 18.0967 14.7327
threshold=0.5628037958765828 114.50000000000001 7.5000000000000009 56.500000000000007 1.0000000180025095e-35 3.5000000000000004
decision_type=10 2 2 2 2 2
left_child=-1 2 3 4 -2 -5
right_child=1 -3 -4 5 -6 -7
leaf_value=-0.0013698349094823483 0.00045956719069310538 0.010275098638954559 -0.011452833311692291 0.0010934626479122244 -0.00085175690369678489 -0.00052307962302311495
leaf_weight=10125 18015 4898 1226 31278 30010 25190
leaf_count=10125 18015 4898 1226 31278 30010 25190
internal_value=-9.58616e-05 8.8025e-05 -3.06222e-05 4.1508e-05 -0.000499948 0.00050201
internal_weight=120742 110617 105719 104493 48025 56468
internal_count=120742 110617 105719 104493 48025 56468
is_linear=0
shrinkage=0.05


Tree=62
num_leaves=7
num_cat=0
split_feature=0 2 6 5 0 2
split_gain=17.1414 27.9607 11.7135 10.9703 10.4179 11.839
threshold=111.50000000000001 7.5000000000000009 1.0000000180025095e-35 7.5000000000000009 21.500000000000004 1.5000000000000002
decision_type=2 2 2 2 2 2
left_child=1 2 3 -1 -4 -6
right_child=-2 -3 4 -5 5 -7
leaf_value=-0.00090904228969247713 0.0063221311841271726 -0.014686790654971594 -0.0018222848130015513 0.00034726415192246063 0.0010799696554749383 -0.00082326250039312663
leaf_weight=9030 7960 1096 5595 57908 5686 33644
leaf_count=9030 7960 1096 5595 57908 5686 33644
internal_value=-0.000132625 -0.00029069 -0.000212639 0.000206519 -0.000837136 -0.000549765
internal_weight=120919 112959 111863 66938 44925 39330
internal_count=120919 112959 111863 66938 44925 39330
is_linear=0
shrinkage=0.05


Tree=63
num_leaves=7
num_cat=0
split_feature=0 2 2 0 4 2
split_gain=18.3188 20.9871 16.333 14.5471 23.7892 13.1523
threshold=86.500000000000014 3.5000000000000004 7.5000000000000009 31.500000000000004 1.3894886017720951 1.0000000180025095e-35
decision_type=2 2 2 2 10 2
left_child=1 3 -2 5 -5 -1
right_child=2 -3 -4 4 -6 -7
leaf_value=-0.00011195393305443724 0.001708103975979214 -0.0026031212799160989 -0.0079216215186412014 0.00014024851343435175 0.005937842344491873 -0.0014003405987539797
leaf_weight=19474 31189 10584 2008 43676 1065 12823
leaf_count=19474 31189 10584 2008 43676 1065 12823
internal_value=-0.000112043 -0.000491002 0.000888124 -0.000204107 0.000379643 -0.00101271
internal_weight=120819 87622 33197 77038 44741 32297
internal_count=120819 87622 33197 77038 44741 32297
is_linear=0
shrinkage=0.05


Tree=64
num_leaves=7
num_cat=0
split_feature=0 2 2 3 6 0
split_gain=16.893 17.3305 14.0698 13.0258 10.073 8.5423
threshold=88.500000000000014 3.5000000000000004 7.5000000000000009 32.160903436116136 1.5000000000000002 114.50000000000001
decision_type=2 2 2 2 2 2
left_child=1 3 4 -1 5 -2
right_child=2 -3 -4 -5 -6 -7
leaf_value=-0.00021653109490196999 0.0016005222149212185 -0.0024184928923181473 -0.0071692470622793051 0.0034461583354978204 -0.0017456966915361917 0.014224754493357795
leaf_weight=77216 21609 11572 1983 1088 4449 3161
leaf_count=77216 21609 11572 1983 1088 4449 3161
internal_value=-0.000169925 -0.000517907 0.000832345 -0.000250929 0.00110911 0.00150252
internal_weight=121078 89876 31202 78304 29219 24770
internal_count=121078 89876 31202 78304 29219 24770
is_linear=0
shrinkage=0.05


Tree=65
num_leaves=7
num_cat=0
split_feature=4 6 1 2 2 5
split_gain=14.8278 14.1494 14.1058 17.3912 10.1628 8.21212
threshold=0.99053941715310623 1.5000000000000002 42.500000000000007 4.5000000000000009 3.5000000000000004 33.500000000000007
decision_type=10 2 2 2 2 2
left_child=1 2 4 -4 -1 -2
right_child=5 -3 3 -5 -6 -7
leaf_value=0.0026546796893372054 0.00035728947855589169 -0.0028483333783988042 -0.00040084077547501988 -0.0069701237110569719 4.0204653676925722e-05 0.0047767394731892988
leaf_weight=6084 41472 7653 47750 1584 14450 2214
leaf_count=6084 41472 7653 47750 1584 14450 2214
internal_value=-0.000151285 -0.000566423 -0.000342765 -0.00080109 0.000758313 0.000585361
internal_weight=121207 77521 69868 49334 20534 43686
internal_count=121207 77521 69868 49334 20534 43686
is_linear=0
shrinkage=0.05


Tree=66
num_leaves=7
num_cat=0
split_feature=4 6 0 2 2 0
split_gain=14.6421 11.2724 12.8211 13.3586 12.006 7.71841
threshold=0.97984203337615627 1.5000000000000002 69.500000000000014 2.5000000000000004 3.5000000000000004 111.50000000000001
decision_type=10 2 2 2 2 2
left_child=1 2 3 -1 -4 -6
right_child=-2 -3 4 -5 5 -7
leaf_value=-0.00026966555062878653 0.00050497131502580677 -0.0025662010668895704 0.0019610189906979327 -0.0020383977483841745 -0.00077485756737079032 0.0076611821408182016
leaf_weight=35298 45856 7434 8490 8127 13387 2269
leaf_count=35298 45856 7434 8490 8127 13387 2269
internal_value=-0.000111797 -0.000542094 -0.000338693 -0.000852233 0.000584862 -0.000236256
internal_weight=120861 75005 67571 43425 24146 15656
internal_count=120861 75005 67571 43425 24146 15656
is_linear=0
shrinkage=0.05


Tree=67
num_leaves=7
num_cat=0
split_feature=6 0 0 4 3 2
split_gain=12.9358 15.781 9.70055 13.0625 15.6749 8.88097
threshold=1.5000000000000002 115.50000000000001 6.5000000000000009 1.3894886017720951 32.160903436116136 1.0000000180025095e-35
decision_type=2 2 2 10 2 2
left_child=1 2 -1 5 -5 -4
right_child=-2 -3 3 4 -6 -7
leaf_value=-0.0010099595174330068 -0.0018393013011231557 0.016780727306878542 0.00062426747746732183 0.00039197646201942775 0.0049586209872663108 -0.00017630911949388097
leaf_weight=7119 11110 2725 16834 1657 1040 80516
leaf_count=7119 11110 2725 16834 1657 1040 80516
internal_value=-9.51399e-05 6.927e-05 -2.63597e-05 0.000100573 0.00352979 5.39264e-06
internal_weight=121001 109891 107166 100047 2697 97350
internal_count=121001 109891 107166 100047 2697 97350
is_linear=0
shrinkage=0.05


Tree=68
num_leaves=7
num_cat=0
split_feature=0 2 0 4 2 5
split_gain=13.2425 20.5469 9.99093 19.0403 13.9975 12.9091
threshold=113.50000000000001 7.5000000000000009 31.500000000000004 1.3894886017720951 1.5000000000000002 12.500000000000002
decision_type=2 2 2 10 2 2
left_child=1 2 -1 4 5 -4
right_child=-2 -3 3 -5 -6 -7
leaf_value=-0.00055895889945451469 0.0072770825379549044 -0.012393160027872222 0.0024541657746193382 0.0044644444538828763 -0.00029408537901537971 0.00041937147020644218
leaf_weight=32315 5997 1254 3412 1503 61020 15547
leaf_count=32315 5997 1254 3412 1503 61020 15547
internal_value=-0.000100782 -0.000220219 -0.000149931 0.000145115 4.01643e-05 0.00122667
internal_weight=121048 115051 113797 81482 79979 18959
internal_count=121048 115051 113797 81482 79979 18959
is_linear=0
shrinkage=0.05


Tree=69
num_leaves=7
num_cat=0
split_feature=5 2 0 0 2 0
split_gain=11.7171 10.4945 12.5675 9.8777 19.0856 8.52207
threshold=25.500000000000004 7.5000000000000009 110.50000000000001 76.500000000000014 4.5000000000000009 115.50000000000001
decision_type=2 2 2 2 2 2
left_child=1 3 -3 4 -1 -2
right_child=5 2 -4 -5 -6 -7
leaf_value=-0.0002856384916991778 0.00090937888366918749 -0.013457764702627523 -0.00010347815208922029 0.00055572118238073065 -0.0059984570979414176 0.022121567147041221
leaf_weight=70142 11714 1006 1041 33305 2049 1258
leaf_count=70142 11714 1006 1041 33305 2049 1258
internal_value=-0.000155472 -0.000326715 -0.00386818 -0.000257817 -0.000586424 0.00126377
internal_weight=120515 107543 2047 105496 72191 12972
internal_count=120515 107543 2047 105496 72191 12972
is_linear=0
shrinkage=0.05


Tree=70
num_leaves=7
num_cat=0
split_feature=6 0 0 4 3 0
split_gain=11.6964 15.0655 10.4551 12.0195 8.57504 7.22402
threshold=1.0000000180025095e-35 102.50000000000001 21.500000000000004 1.3500983242561084 -36.798861614776875 7.5000000000000009
decision_type=2 2 2 10 2 2
left_child=1 4 -2 -4 -1 -6
right_child=2 -3 3 -5 5 -7
leaf_value=-0.0028999024715978179 -0.0017157484153229154 0.004733945762913333 -0.00056945854085224126 0.0045778447092289318 -0.00074949325558194564 0.00025426363944740514
leaf_weight=1552 5532 6215 44530 1058 7446 54471
leaf_count=1552 5532 6215 44530 1058 7446 54471
internal_value=-0.000155204 0.000266183 -0.000729584 -0.000480337 3.60384e-05 0.000128185
internal_weight=120804 69684 51120 45588 63469 61917
internal_count=120804 69684 51120 45588 63469 61917
is_linear=0
shrinkage=0.05


Tree=71
num_leaves=7
num_cat=0
split_feature=0 4 2 0 2 2
split_gain=10.2854 18.2555 14.3407 13.9952 12.6182 10.8064
threshold=30.500000000000004 1.3894886017720951 1.5000000000000002 97.500000000000014 5.5000000000000009 1.0000000180025095e-35
decision_type=2 10 2 2 2 2
left_child=5 2 -2 4 -4 -1
right_child=1 -3 3 -5 -6 -7
leaf_value=-7.4444206162294085e-05 0.00084235064596379641 0.0044073133577314906 -0.00040358292208558799 0.0015489058363206494 -0.0045537590199861864 -0.0013007100377288722
leaf_weight=19133 19566 1688 44041 21420 2678 12214
leaf_count=19133 19566 1688 44041 21420 2678 12214
internal_value=-7.03963e-05 0.000202885 0.000103608 -0.000239016 -0.0007242 -0.000849627
internal_weight=120740 89393 87705 68139 46719 31347
internal_count=120740 89393 87705 68139 46719 31347
is_linear=0
shrinkage=0.05


Tree=72
num_leaves=7
num_cat=0
split_feature=6 0 2 0 2 0
split_gain=10.661 14.1344 13.6646 7.87704 7.66151 6.8053
threshold=1.5000000000000002 82.500000000000014 3.5000000000000004 116.50000000000001 4.5000000000000009 8.5000000000000018
decision_type=2 2 2 2 2 2
left_child=1 2 5 4 -3 -1
right_child=-2 3 -4 -5 -6 -7
leaf_value=-0.00078208097226218915 -0.0016043685678755139 0.0017202312856564484 -0.0024114636122567479 0.019267071029809166 -0.00053157959824204901 3.7341848636807122e-05
leaf_weight=9106 11137 19137 7035 2038 9919 62437
leaf_count=9106 11137 19137 7035 2038 9919 62437
internal_value=-0.000125089 2.46177e-05 -0.000332451 0.000926879 0.000715736 -0.000125615
internal_weight=120809 109672 78578 31094 29056 71543
internal_count=120809 109672 78578 31094 29056 71543
is_linear=0
shrinkage=0.05


Tree=73
num_leaves=7
num_cat=0
split_feature=2 0 0 2 0 0
split_gain=11.5748 12.4622 10.8138 8.11855 13.4576 9.76245
threshold=7.5000000000000009 108.50000000000001 110.50000000000001 4.5000000000000009 73.500000000000014 40.500000000000007
decision_type=2 2 2 2 2 2
left_child=1 3 -2 5 -5 -1
right_child=2 -3 -4 4 -6 -7
leaf_value=-0.00038672582987485941 -0.012645448334405635 0.0040751496295066301 -0.0016408644461463617 -0.0060919237899424473 -0.00063921094152437634 0.00036202596195479276
leaf_weight=41372 1016 9791 1117 1736 9319 56427
leaf_count=41372 1016 9791 1117 1736 9319 56427
internal_value=-7.80325e-05 -1.23262e-05 -0.00372428 -0.00016604 -0.00145005 -2.08325e-05
internal_weight=120778 118645 2133 108854 11055 97799
internal_count=120778 118645 2133 108854 11055 97799
is_linear=0
shrinkage=0.05


Tree=74
num_leaves=7
num_cat=0
split_feature=2 0 0 2 2 0
split_gain=9.48557 11.8656 11.8086 15.1791 7.42495 8.18817
threshold=6.5000000000000009 100.50000000000001 69.500000000000014 4.5000000000000009 1.5000000000000002 116.50000000000001
decision_type=2 2 2 2 2 2
left_child=2 -2 3 -1 -4 -6
right_child=1 -3 4 -5 5 -7
leaf_value=-0.00023383543616866398 -0.0093316183642326595 -0.0018986478695559251 0.0025501721487053183 -0.0064310363393136616 0.00024856737160729446 0.017968256557545813
leaf_weight=69160 1168 3572 3690 1259 40051 1970
leaf_count=69160 1168 3572 3690 1259 40051 1970
internal_value=-0.000137539 -0.00232877 -4.80045e-05 -0.000454213 0.000577752 0.000388747
internal_weight=120870 4740 116130 70419 45711 42021
internal_count=120870 4740 116130 70419 45711 42021
is_linear=0
shrinkage=0.05


Tree=75
num_leaves=7
num_cat=0
split_feature=6 1 2 1 1 2
split_gain=10.4459 9.20005 7.68233 8.7442 7.97338 7.70952
threshold=1.5000000000000002 8.5000000000000018 4.5000000000000009 50.500000000000007 49.500000000000007 1.5000000000000002
decision_type=2 2 2 2 2 2
left_child=1 -1 3 5 -4 -3
right_child=-2 2 4 -5 -6 -7
leaf_value=0.0055461943179404482 -0.0015868655133833066 0.0027025894547326682 -0.00085657046377102817 -0.00015411148755328785 -0.0061369127999685667 0.00053011763292330489
leaf_weight=5748 11189 3640 9204 65534 1006 24622
leaf_count=5748 11189 3640 9204 65534 1006 24622
internal_value=-8.71242e-05 6.12706e-05 -4.63893e-05 9.54148e-05 -0.00134851 0.000830474
internal_weight=120943 109754 104006 93796 10210 28262
internal_count=120943 109754 104006 93796 10210 28262
is_linear=0
shrinkage=0.05


Tree=76
num_leaves=7
num_cat=0
split_feature=0 2 2 0 0 4
split_gain=9.17026 15.748 8.80188 10.408 9.43365 9.57477
threshold=85.500000000000014 5.5000000000000009 2.5000000000000004 35.500000000000007 22.500000000000004 1.411614417114295
decision_type=2 2 2 2 2 10
left_child=1 2 4 -4 -1 -6
right_child=-2 -3 3 -5 5 -7
leaf_value=-0.00047207216992517509 0.00092323796327193903 -0.0068098292829626324 -0.0033650392854455008 -0.00075457193759603802 0.00020818517352987344 0.0038533627586164968
leaf_weight=23067 34341 1287 1346 18997 40713 1137
leaf_count=23067 34341 1287 1346 18997 40713 1137
internal_value=-0.000119527 -0.000393838 -0.000310796 -0.00121818 -2.63778e-05 0.000421097
internal_weight=120888 86547 85260 20343 64917 41850
internal_count=120888 86547 85260 20343 64917 41850
is_linear=0
shrinkage=0.05


Tree=77
num_leaves=7
num_cat=0
split_feature=2 0 0 2 0 2
split_gain=8.79541 14.2214 10.5939 12.7971 8.24912 6.32783
threshold=6.5000000000000009 101.50000000000001 63.500000000000007 3.5000000000000004 117.50000000000001 1.5000000000000002
decision_type=2 2 2 2 2 2
left_child=2 -2 3 -1 5 -4
right_child=1 -3 4 -5 -6 -7
leaf_value=-0.00019259735191102801 -0.0092955994633850854 -0.0015538843732177483 0.0017110710527037055 -0.0039627456787515369 0.025315843717158074 0.00021359352515856744
leaf_weight=61118 1275 3510 5213 3224 1320 45142
leaf_count=61118 1275 3510 5213 3224 1320 45142
internal_value=-0.000136788 -0.00223643 -5.00983e-05 -0.000478266 0.000483021 0.00038051
internal_weight=120802 4785 116017 64342 51675 50355
internal_count=120802 4785 116017 64342 51675 50355
is_linear=0
shrinkage=0.05


Tree=78
num_leaves=7
num_cat=0
split_feature=2 0 0 2 0 0
split_gain=7.82148 10.1653 7.48709 13.7128 5.80557 5.72796
threshold=7.5000000000000009 110.50000000000001 81.500000000000014 3.5000000000000004 52.500000000000007 24.500000000000004
decision_type=2 2 2 2 2 2
left_child=2 -2 3 5 -5 -1
right_child=1 -3 -4 4 -6 -7
leaf_value=-0.00042141326695648853 -0.011193345085047329 0.00041184754233840608 0.00083477044424182809 -0.0052396134451199068 -0.0015065221984479683 0.00017554685881416012
leaf_weight=25460 1002 1150 36305 1483 6933 48710
leaf_count=25460 1002 1150 36305 1483 6933 48710
internal_value=-7.58996e-05 -0.00305981 -2.17627e-05 -0.000284837 -0.00219689 -6.77452e-05
internal_weight=121043 2152 118891 82586 8416 74170
internal_count=121043 2152 118891 82586 8416 74170
is_linear=0
shrinkage=0.05


Tree=79
num_leaves=7
num_cat=0
split_feature=1 2 6 1 2 1
split_gain=7.78481 10.5129 5.98918 6.79718 8.2737 9.47442
threshold=3.5000000000000004 7.5000000000000009 1.5000000000000002 112.50000000000001 1.0000000180025095e-35 50.500000000000007
decision_type=2 2 2 2 2 2
left_child=-1 2 3 4 -2 -6
right_child=1 -3 -4 -5 5 -7
leaf_value=0.012211116968961617 0.00070487552041225148 -0.007670534549438713 -0.0011227734524201451 -0.0006951184122549692 0.00059366042739116833 -0.00039856000274940406
leaf_weight=2915 17329 1619 9347 8156 40027 41575
leaf_count=2915 17329 1619 9347 8156 40027 41575
internal_value=-2.89321e-05 -9.20099e-05 -3.62851e-05 6.96831e-05 0.000184084 -2.66521e-05
internal_weight=120968 118053 116434 107087 98931 81602
internal_count=120968 118053 116434 107087 98931 81602
is_linear=0
shrinkage=0.05


Tree=80
num_leaves=7
num_cat=0
split_feature=2 1 1 1 2 2
split_gain=9.47757 9.65932 9.24298 6.29432 12.4354 9.48193
threshold=6.5000000000000009 17.500000000000004 2.5000000000000004 72.500000000000014 2.5000000000000004 1.5000000000000002
decision_type=2 2 2 2 2 2
left_child=2 -2 -1 5 -5 -4
right_child=1 -3 3 4 -6 -7
leaf_value=0.021731163935866223 -0.001659215296346972 -0.0087776196771315734 0.0012827654518218603 -0.00019264371602605859 -0.0022807288684791398 -6.7218279524933208e-05
leaf_weight=1298 3365 1354 10806 44667 3726 55671
leaf_count=1298 3365 1354 10806 44667 3726 55671
internal_value=-0.000151685 -0.00234706 -6.24069e-05 -0.000109902 -0.000543669 0.000205883
internal_weight=120887 4719 116168 114870 48393 66477
internal_count=120887 4719 116168 114870 48393 66477
is_linear=0
shrinkage=0.05


Tree=81
num_leaves=7
num_cat=0
split_feature=6 0 2 0 0 3
split_gain=7.99512 9.82179 4.93851 10.4087 7.02985 6.03098
threshold=1.5000000000000002 115.50000000000001 4.5000000000000009 71.500000000000014 89.500000000000014 32.160903436116136
decision_type=2 2 2 2 2 2
left_child=1 2 4 -4 5 -1
right_child=-2 -3 3 -5 -6 -7
leaf_value=-8.7373590412331836e-05 -0.0013953364053412326 0.011871722916908113 -0.0055893604281212709 -0.0005878719663118398 0.0016854878813293785 0.0024008868039939683
leaf_weight=80289 11174 2760 1099 10658 13779 1116
leaf_count=80289 11174 2760 1099 10658 13779 1116
internal_value=-7.02143e-05 5.95911e-05 -1.64803e-05 -0.000983039 0.000102953 -7.38546e-05
internal_weight=120875 109701 106941 11757 95184 81405
internal_count=120875 109701 106941 11757 95184 81405
is_linear=0
shrinkage=0.05


Tree=82
num_leaves=7
num_cat=0
split_feature=2 1 1 1 4 3
split_gain=7.21926 9.3668 7.98304 5.91182 13.0391 8.72329
threshold=5.5000000000000009 4.5000000000000009 33.500000000000007 93.500000000000014 1.3894886017720951 24.736024392395915
decision_type=2 2 2 2 10 2
left_child=1 -1 -2 4 5 -3
right_child=2 3 -4 -5 -6 -7
leaf_value=0.01354819730354604 -0.0012532784720306639 0.00019987189294858322 -0.0053531728754332543 -0.0003847233301764591 0.0037328810488892333 -0.0019672030664281805
leaf_weight=1961 8652 75743 1374 27374 1718 4099
leaf_count=1961 8652 75743 1374 27374 1718 4099
internal_value=-5.8817e-05 5.73715e-05 -0.00134334 -4.36024e-06 0.000209036 0.00011616
internal_weight=120921 110895 10026 108934 81560 79842
internal_count=120921 110895 10026 108934 81560 79842
is_linear=0
shrinkage=0.05


Tree=83
num_leaves=7
num_cat=0
split_feature=2 0 0 4 2 5
split_gain=6.41095 7.64932 6.35269 9.20591 8.41359 11.9522
threshold=7.5000000000000009 111.50000000000001 24.500000000000004 1.3894886017720951 1.5000000000000002 12.500000000000002
decision_type=2 2 2 10 2 2
left_child=2 -2 -1 4 5 -4
right_child=1 -3 3 -5 -6 -7
leaf_value=-0.00041106845618296695 -0.0088387766662939068 0.00087521048362181335 0.0018481429249035258 0.0034491678195696877 -0.00016882825304986859 0.00024664352696578405
leaf_weight=25291 1070 1055 4452 1893 67673 19365
leaf_count=25291 1070 1055 4452 1893 67673 19365
internal_value=-5.70138e-05 -0.00277582 -8.21544e-06 0.00018217 0.000110662 0.000918794
internal_weight=120799 2125 118674 93383 91490 23817
internal_count=120799 2125 118674 93383 91490 23817
is_linear=0
shrinkage=0.05


Tree=84
num_leaves=7
num_cat=0
split_feature=6 1 4 3 1 2
split_gain=5.6081 7.96009 5.51924 5.49365 5.10888 4.22172
threshold=1.0000000180025095e-35 19.500000000000004 0.50746611657112972 -36.798861614776875 115.50000000000001 1.0000000180025095e-35
decision_type=2 2 10 2 2 2
left_child=1 -1 -2 -3 5 -5
right_child=2 3 -4 4 -6 -7
leaf_value=0.0033145835280140204 -0.0017935343778635621 -0.0020129180352503663 -0.00031331777714280196 0.0005000723896368825 -0.00075439696456965912 -5.3518747497366405e-05
leaf_weight=7215 2404 1480 48812 19748 4835 36396
leaf_count=7215 2404 1480 48812 19748 4835 36396
internal_value=-6.84478e-05 0.000223525 -0.000465629 4.18241e-05 0.000114989 0.000249337
internal_weight=120890 69674 51216 62459 60979 56144
internal_count=120890 69674 51216 62459 60979 56144
is_linear=0
shrinkage=0.05


Tree=85
num_leaves=7
num_cat=0
split_feature=1 2 3 3 1 2
split_gain=6.38125 7.8157 4.46225 6.03667 4.20436 10.39
threshold=2.5000000000000004 7.5000000000000009 -46.365838480682321 -36.798861614776875 74.500000000000014 1.0000000180025095e-35
decision_type=2 2 2 2 2 2
left_child=-1 2 -2 -4 -5 -6
right_child=1 -3 3 4 5 -7
leaf_value=0.018192941819279419 0.0020819291586536173 -0.0061489863250364573 -0.0022997521600105794 0.00023243101598947603 0.0002383474579035927 -0.00071211726247012448
leaf_weight=1952 1373 1778 2480 66717 22328 24227
leaf_count=1952 1373 1778 2480 66717 22328 24227
internal_value=-4.70586e-05 -9.36649e-05 -4.36481e-05 -7.73171e-05 -2.38354e-05 -0.000388477
internal_weight=120855 118903 117125 115752 113272 46555
internal_count=120855 118903 117125 115752 113272 46555
is_linear=0
shrinkage=0.05


Tree=86
num_leaves=7
num_cat=0
split_feature=2 0 0 0 4 2
split_gain=7.43957 10.5379 6.93087 5.17635 11.8379 8.51228
threshold=6.5000000000000009 102.50000000000001 117.50000000000001 24.500000000000004 1.3894886017720951 1.5000000000000002
decision_type=2 2 2 2 10 2
left_child=2 -2 3 -1 5 -5
right_child=1 -3 -4 4 -6 -7
leaf_value=-0.00037387621227634172 -0.0080564779477190433 -0.0010359951412806129 0.022377703889729886 0.00055606615157240136 0.0034756935294227467 -0.00021491513356601267
leaf_weight=25347 1385 3410 1317 23788 1843 63783
leaf_count=25347 1385 3410 1317 23788 1843 63783
internal_value=-5.8013e-05 -0.00198698 2.17517e-05 -1.9714e-05 0.000159083 7.55058e-05
internal_weight=120873 4795 116078 114761 89414 87571
internal_count=120873 4795 116078 114761 89414 87571
is_linear=0
shrinkage=0.05


Tree=87
num_leaves=7
num_cat=0
split_feature=6 0 0 5 3 4
split_gain=5.82439 7.18267 3.82731 4.60443 3.73275 6.08232
threshold=1.5000000000000002 69.500000000000014 113.50000000000001 24.500000000000004 25.616698805166369 1.3200148312803399
decision_type=2 2 2 2 2 10
left_child=1 -1 4 -4 -3 -6
right_child=-2 2 3 -5 5 -7
leaf_value=-0.0001849792081202284 -0.0011157824380510495 0.00055589706841645552 0.0018921450901153852 0.013352801489071848 -0.0028578122092176028 0.0017783457713837075
leaf_weight=66494 11114 35554 2420 1811 2311 1090
leaf_count=66494 11114 35554 2420 1811 2311 1090
internal_value=-5.40153e-05 5.65255e-05 0.000558565 0.00198595 0.000403298 -0.00117807
internal_weight=120794 109680 43186 4231 38955 3401
internal_count=120794 109680 43186 4231 38955 3401
is_linear=0
shrinkage=0.05


Tree=88
num_leaves=7
num_cat=0
split_feature=2 0 0 2 0 6
split_gain=6.44166 7.82981 5.88736 8.12528 6.99252 4.30057
threshold=7.5000000000000009 110.50000000000001 89.500000000000014 3.5000000000000004 56.500000000000007 1.5000000000000002
decision_type=2 2 2 2 2 2
left_child=2 -2 3 -1 -5 -4
right_child=1 -3 5 4 -6 -7
leaf_value=-1.3912207903521435e-05 -0.008686900343598359 0.00031107479629235437 0.0014337502792894142 -0.0042900071965101651 -0.00083793399885047088 -0.0012290988926741244
leaf_weight=79037 1018 1158 24004 2040 9889 4424
leaf_count=79037 1018 1158 24004 2040 9889 4424
internal_value=-5.81945e-05 -0.00275103 -9.00343e-06 -0.000205285 -0.00142136 0.000618999
internal_weight=121570 2176 119394 90966 11929 28428
internal_count=121570 2176 119394 90966 11929 28428
is_linear=0
shrinkage=0.05


Tree=89
num_leaves=7
num_cat=0
split_feature=6 0 2 0 0 2
split_gain=5.17766 6.52131 6.81044 9.05811 5.48751 6.02914
threshold=1.5000000000000002 113.50000000000001 4.5000000000000009 71.500000000000014 63.500000000000007 1.0000000180025095e-35
decision_type=2 2 2 2 2 2
left_child=1 2 4 -4 5 -1
right_child=-2 -3 3 -5 -6 -7
leaf_value=0.00027283727171323883 -0.0010251365303492216 0.0065765275566265768 -0.0051122628540121902 -0.00071470284574215177 0.00067315904232689296 -0.00037261631920173512
leaf_weight=23924 11178 4240 1067 9976 34163 36312
leaf_count=23924 11178 4240 1067 9976 34163 36312
internal_value=-2.358e-05 8.0912e-05 3.55629e-06 -0.00117103 0.000141016 -0.00014608
internal_weight=120860 109682 105442 11043 94399 60236
internal_count=120860 109682 105442 11043 94399 60236
is_linear=0
shrinkage=0.05


Tree=90
num_leaves=7
num_cat=0
split_feature=2 0 0 2 3 4
split_gain=5.82322 10.0887 4.79076 3.92279 13.0505 8.34653
threshold=6.5000000000000009 98.500000000000014 117.50000000000001 1.5000000000000002 -14.028758869820292 1.3500983242561084
decision_type=2 2 2 2 2 10
left_child=2 -2 3 4 -1 -5
right_child=1 -3 -4 5 -6 -7
leaf_value=0.0017410406280235714 -0.0073449507185040968 -0.0010826621151677443 0.018585565418876283 -0.00028790627024287977 0.00012123545011538118 0.002713338269138027
leaf_weight=2503 1066 3784 1300 65262 45991 1110
leaf_count=2503 1066 3784 1300 65262 45991 1110
internal_value=-1.81787e-05 -0.00171473 5.2724e-05 1.8499e-05 0.000360317 -0.000231255
internal_weight=121016 4850 116166 114866 48494 66372
internal_count=121016 4850 116166 114866 48494 66372
is_linear=0
shrinkage=0.05


Tree=91
num_leaves=7
num_cat=0
split_feature=2 0 0 4 2 2
split_gain=4.74314 5.78792 5.64177 9.62973 9.53759 7.64948
threshold=7.5000000000000009 110.50000000000001 35.500000000000007 1.3894886017720951 1.0000000180025095e-35 1.5000000000000002
decision_type=2 2 2 10 2 2
left_child=2 -2 4 5 -1 -4
right_child=1 -3 3 -5 -6 -7
leaf_value=0.00013042674100702256 -0.0081777485617479835 0.00019854930075771107 0.00072089987132138993 0.0035548784410873949 -0.00088960272291518927 -9.5156020110198644e-05
leaf_weight=20427 1003 1161 16501 1460 16047 64291
leaf_count=20427 1003 1161 16501 1460 16047 64291
internal_value=-5.72811e-05 -0.00237437 -1.49498e-05 0.000214571 -0.000532498 0.000141713
internal_weight=120890 2164 118726 82252 36474 80792
internal_count=120890 2164 118726 82252 36474 80792
is_linear=0
shrinkage=0.05


Tree=92
num_leaves=7
num_cat=0
split_feature=2 0 2 3 4 0
split_gain=5.50978 5.33958 7.75317 10.1902 8.66806 8.95147
threshold=7.5000000000000009 14.500000000000002 1.5000000000000002 -13.591774023957916 1.3500983242561084 90.500000000000014
decision_type=2 2 2 2 10 2
left_child=1 -1 3 -3 5 -4
right_child=-2 2 4 -5 -6 -7
leaf_value=-0.00050250933082442715 -0.0051833028548754047 0.0017460831874103967 -0.00058268650152981107 0.00031945420727755026 0.0027101693095015426 0.00074815429885802818
leaf_weight=15252 2160 2669 42886 30756 1173 25889
leaf_count=15252 2160 2669 42886 30756 1173 25889
internal_value=-6.38505e-05 -1.82289e-05 0.000110638 0.000736988 -0.000188698 -0.000261522
internal_weight=120785 118625 103373 33425 69948 68775
internal_count=120785 118625 103373 33425 69948 68775
is_linear=0
shrinkage=0.05


Tree=93
num_leaves=7
num_cat=0
split_feature=2 0 0 3 5 0
split_gain=4.39383 12.9181 7.20061 4.83235 4.82081 4.79677
threshold=4.5000000000000009 69.500000000000014 96.500000000000014 18.134302513861829 20.500000000000004 114.50000000000001
decision_type=2 2 2 2 2 2
left_child=2 -2 -1 4 -4 -3
right_child=1 5 3 -5 -6 -7
leaf_value=-3.61866860290494e-05 -0.0052498827362715723 -0.00091759844859493902 0.0012722474891739667 -0.0006506909415222806 0.0058075285785397727 0.0046104312200992868
leaf_weight=90981 1329 14196 3886 3541 3508 3392
leaf_count=90981 1329 14196 3886 3541 3508 3392
internal_value=-3.81709e-05 -0.000737898 9.17377e-05 0.0013037 0.00203068 -0.000377991
internal_weight=120833 18917 101916 10935 7394 17588
internal_count=120833 18917 101916 10935 7394 17588
is_linear=0
shrinkage=0.05


Tree=94
num_leaves=7
num_cat=0
split_feature=3 3 0 4 2 2
split_gain=6.13086 9.28016 4.20345 9.26654 6.79416 6.0484
threshold=-49.263968381596136 -36.798861614776875 34.500000000000007 1.3894886017720951 1.0000000180025095e-35 1.5000000000000002
decision_type=2 2 2 10 2 2
left_child=-1 -2 4 5 -3 -4
right_child=1 2 3 -5 -6 -7
leaf_value=0.0023781029427436097 -0.0025342629067924005 0.00012068570923489119 0.00063279142424644283 0.0032993298523969401 -0.0007718069268271261 -8.3777878955501597e-05
leaf_weight=1414 3299 20066 17139 1528 15294 62132
leaf_count=1414 3299 20066 17139 1528 15294 62132
internal_value=-7.85923e-06 -4.66672e-05 2.76549e-05 0.000226629 -0.000426976 0.000152158
internal_weight=120872 119458 116159 80799 35360 79271
internal_count=120872 119458 116159 80799 35360 79271
is_linear=0
shrinkage=0.05


Tree=95
num_leaves=7
num_cat=0
split_feature=6 0 3 0 0 4
split_gain=4.15028 4.73032 3.06219 2.82569 2.76054 4.41437
threshold=1.5000000000000002 96.500000000000014 -36.798861614776875 117.50000000000001 9.5000000000000018 1.3894886017720951
decision_type=2 2 2 2 2 10
left_child=1 2 -1 -3 -4 -6
right_child=-2 3 4 -5 5 -7
leaf_value=-0.0013105631718729944 -0.0010186700351946798 0.0010726120601559142 -0.00046317056597044992 0.016536894906166496 -2.0889888988651074e-05 0.002025601058607396
leaf_weight=2388 11184 17182 10104 1288 76498 2249
leaf_count=2388 11184 17182 10104 1288 76498 2249
internal_value=-6.1312e-05 3.22429e-05 -0.000115487 0.00076184 -6.7947e-05 3.1904e-05
internal_weight=120893 109709 91239 18470 88851 78747
internal_count=120893 109709 91239 18470 88851 78747
is_linear=0
shrinkage=0.05


Tree=96
num_leaves=7
num_cat=0
split_feature=6 0 4 0 4 3
split_gain=4.37652 5.54001 4.12176 3.44971 2.21054 1.99933
threshold=1.0000000180025095e-35 113.50000000000001 0.50746611657112972 3.5000000000000004 1.3675688197750497 -34.784567880947343
decision_type=2 2 10 2 10 2
left_child=1 3 -2 -1 -4 -5
right_child=2 -3 4 5 -6 -7
leaf_value=-0.00070911394225102735 -0.0014921303820139371 0.008387017341492076 -0.000335700183735721 -0.0012165563692262404 0.0020532438520922017 0.00018842666697880818
leaf_weight=3982 2440 1896 47757 2324 1030 61566
leaf_count=3982 2440 1896 47757 2324 1030 61566
internal_value=-7.92355e-05 0.000178436 -0.000430151 0.000103864 -0.000329716 0.000192895
internal_weight=120995 69768 51227 67872 48787 63890
internal_count=120995 69768 51227 67872 48787 63890
is_linear=0
shrinkage=0.05


Tree=97
num_leaves=7
num_cat=0
split_feature=2 1 2 1 4 4
split_gain=3.81488 4.25043 8.01812 5.53631 4.71796 4.50081
threshold=7.5000000000000009 36.500000000000007 3.5000000000000004 71.500000000000014 0.68785623518765504 0.86159249749068245
decision_type=2 2 2 2 10 10
left_child=1 4 -3 5 -1 -4
right_child=-2 2 3 -5 -6 -7
leaf_value=0.002900752619855207 -0.0041987091907385631 -9.5968788121791892e-06 -0.0017002560197975998 -0.0048713948761562875 0.00056503709549324266 0.00040257844832319867
leaf_weight=1261 2198 74957 5406 1065 32975 2731
leaf_count=1261 2198 74957 5406 1065 32975 2731
internal_value=-3.78323e-05 5.27872e-07 -0.000190551 -0.00158303 0.000470197 -0.00113762
internal_weight=120593 118395 84159 9202 34236 8137
internal_count=120593 118395 84159 9202 34236 8137
is_linear=0
shrinkage=0.05


Tree=98
num_leaves=7
num_cat=0
split_feature=2 0 0 2 3 0
split_gain=4.66731 9.51393 4.23639 3.78241 10.8326 5.5917
threshold=6.5000000000000009 98.500000000000014 117.50000000000001 1.5000000000000002 -14.028758869820292 19.500000000000004
decision_type=2 2 2 2 2 2
left_child=2 -2 3 4 -1 -6
right_child=1 -3 -4 -5 5 -7
leaf_value=0.0015954772840363618 -0.0067807342669217816 -0.00081151810397097355 0.017727478417885741 -0.00021961168361144814 -0.00026721796928907417 0.00039819517405237929
leaf_weight=2465 1032 3692 1328 66546 19018 26811
leaf_count=2465 1032 3692 1328 66546 19018 26811
internal_value=-1.44751e-05 -0.00155424 4.8204e-05 1.56733e-05 0.000352492 0.000178634
internal_weight=120892 4724 116168 114840 48294 45829
internal_count=120892 4724 116168 114840 48294 45829
is_linear=0
shrinkage=0.05


Tree=99
num_leaves=7
num_cat=0
split_feature=3 2 1 1 2 4
split_gain=6.38984 5.75358 8.69572 6.65872 6.85865 6.39284
threshold=-49.263968381596136 3.5000000000000004 57.500000000000007 68.500000000000014 1.0000000180025095e-35 0.81378670696999944
decision_type=2 2 2 2 2 10
left_child=-1 3 -3 -2 -5 -6
right_child=1 2 -4 4 5 -7
leaf_value=0.0024481702473990578 0.00063320972973890952 -0.00044009582217903465 -0.0033852506505372641 0.00026918478763470757 0.0001018224136910384 -0.00083506737545151763
leaf_weight=1416 36404 28872 3052 22902 12179 15882
leaf_count=1416 36404 28872 3052 22902 12179 15882
internal_value=9.63036e-06 -3.00723e-05 -0.000604466 0.000179835 -0.000189089 -0.000713051
internal_weight=120707 119291 31924 87367 50963 28061
internal_count=120707 119291 31924 87367 50963 28061
is_linear=0
shrinkage=0.05


Tree=100
num_leaves=7
num_cat=0
split_feature=3 3 0 2 3 2
split_gain=5.7509 5.5774 3.40457 7.9439 9.64219 7.82056
threshold=-49.263968381596136 -36.798861614776875 25.500000000000004 1.5000000000000002 -9.6186619856737128 1.0000000180025095e-35
decision_type=2 2 2 2 2 2
left_child=-1 -2 -3 4 -4 -6
right_child=1 2 3 -5 5 -7
leaf_value=0.0023651117542536405 -0.0020455875081665797 -0.00032864589388634794 0.0018172255925790167 -0.00018604942292340667 0.0012169154081988821 -0.00019843846654923338
leaf_weight=1423 3364 26317 3962 65605 6593 13565
leaf_count=1423 3364 26317 3962 65605 6593 13565
internal_value=-6.4241e-05 -0.000101959 -4.37323e-05 0.000102948 0.000878756 0.000435203
internal_weight=120829 119406 116042 89725 24120 20158
internal_count=120829 119406 116042 89725 24120 20158
is_linear=0
shrinkage=0.05


Tree=101
num_leaves=7
num_cat=0
split_feature=2 0 2 0 3 0
split_gain=4.5265 5.49809 5.11105 4.83254 4.3729 3.62007
threshold=5.5000000000000009 78.500000000000014 4.5000000000000009 90.500000000000014 -44.005899234259822 116.50000000000001
decision_type=2 2 2 2 2 2
left_child=1 2 -1 -2 -5 -3
right_child=3 5 -4 4 -6 -7
leaf_value=-7.7365285939823281e-05 -0.0036306799547955655 0.00058552800381225518 -0.0022863972565315082 0.0032658522698083836 -0.0016477168782079027 0.013981715498636938
leaf_weight=77067 1788 30676 1632 1150 7178 1397
leaf_count=77067 1788 30676 1632 1150 7178 1397
internal_value=-3.51551e-05 5.73224e-05 -0.000167558 -0.00104733 -0.000540022 0.000609062
internal_weight=120888 110772 78699 10116 8328 32073
internal_count=120888 110772 78699 10116 8328 32073
is_linear=0
shrinkage=0.05


Tree=102
num_leaves=7
num_cat=0
split_feature=3 2 4 0 2 0
split_gain=4.26606 5.17307 4.2601 3.23943 3.43232 8.6823
threshold=-49.263968381596136 6.5000000000000009 0.77816409977621703 117.50000000000001 3.5000000000000004 56.500000000000007
decision_type=2 2 10 2 2 2
left_child=-1 3 -3 4 -2 -6
right_child=1 2 -4 -5 5 -7
leaf_value=0.0020280371281082288 4.0867977470290811e-05 -0.0074314554634158847 -0.0015259787583550512 0.014471619212479581 -0.0035453395466342411 -0.00034339845878130772
leaf_weight=1431 87098 1192 2809 1318 2035 24674
leaf_count=1431 87098 1192 2809 1318 2035 24674
internal_value=-8.88547e-05 -0.000121505 -0.00188779 -6.00408e-05 -8.8633e-05 -0.000584431
internal_weight=120557 119126 4001 115125 113807 26709
internal_count=120557 119126 4001 115125 113807 26709
is_linear=0
shrinkage=0.05


Tree=103
num_leaves=7
num_cat=0
split_feature=2 0 0 3 5 3
split_gain=3.78065 10.4731 5.07079 4.20857 4.19929 3.21651
threshold=4.5000000000000009 68.500000000000014 85.500000000000014 8.7755246049829214 24.500000000000004 -49.263968381596136
decision_type=2 2 2 2 2 2
left_child=2 -2 -1 5 -5 -3
right_child=1 3 -4 4 -6 -7
leaf_value=-2.7727545395550558e-05 -0.0046723998748926451 0.0013062945205458921 0.0012093108709300582 -5.5456374339862838e-05 0.0087303753926476386 -0.0011371527130829811
leaf_weight=82927 1256 1256 19039 1511 1000 13846
leaf_count=82927 1256 1256 19039 1511 1000 13846
internal_value=1.62405e-05 -0.000633808 0.000136558 -0.000318566 0.00157492 -0.000633812
internal_weight=120835 18869 101966 17613 2511 15102
internal_count=120835 18869 101966 17613 2511 15102
is_linear=0
shrinkage=0.05


Tree=104
num_leaves=7
num_cat=0
split_feature=2 0 0 2 4 3
split_gain=3.35662 7.10451 5.02493 8.3401 4.73463 7.82722
threshold=5.5000000000000009 88.500000000000014 46.500000000000007 2.5000000000000004 1.3894886017720951 24.736024392395915
decision_type=2 2 2 2 10 2
left_child=2 -2 3 -1 5 -4
right_child=1 -3 4 -5 -6 -7
leaf_value=-0.00010081687330324997 -0.0042563980263899464 -0.00043315095669602956 0.00042017108799769778 -0.0017715762107133077 0.0022758259205107214 -0.0017589266665745673
leaf_weight=44171 1555 8568 57558 3428 1063 4747
leaf_count=44171 1555 8568 57558 3428 1063 4747
internal_value=-5.55349e-05 -0.000926886 2.39925e-05 -0.000364203 0.000315592 0.000258987
internal_weight=121090 10123 110967 47599 63368 62305
internal_count=121090 10123 110967 47599 63368 62305
is_linear=0
shrinkage=0.05


Tree=105
num_leaves=7
num_cat=0
split_feature=5 3 2 1 1 3
split_gain=3.86726 3.65044 4.91912 6.04168 5.16185 8.21344
threshold=34.500000000000007 -49.263968381596136 3.5000000000000004 71.500000000000014 27.500000000000004 -0.70836193592451646
decision_type=2 2 2 2 2 2
left_child=1 -1 4 -4 5 -3
right_child=-2 2 3 -5 -6 -7
leaf_value=0.0017724155144023812 0.0035804050177755983 0.0053852273287519851 -0.00063538753245245003 -0.0041656333827253091 -2.6193883472697135e-05 0.00046989224566500458
leaf_weight=1445 1940 1981 30242 1069 79283 5065
leaf_count=1445 1940 1981 30242 1069 79283 5065
internal_value=-5.21565e-05 -8.82736e-05 -0.000119002 -0.000655815 7.57234e-05 0.00137215
internal_weight=121025 119085 117640 31311 86329 7046
internal_count=121025 119085 117640 31311 86329 7046
is_linear=0
shrinkage=0.05


Tree=106
num_leaves=7
num_cat=0
split_feature=6 1 2 5 1 3
split_gain=3.52791 4.19687 7.98665 6.2711 3.79857 3.25566
threshold=1.0000000180025095e-35 99.500000000000014 1.5000000000000002 11.500000000000002 17.500000000000004 21.991478200652669
decision_type=2 2 2 2 2 2
left_child=4 2 3 -2 5 -1
right_child=1 -3 -4 -5 -6 -7
leaf_value=0.0037778661135609102 0.0019317783133552813 -0.00097881538156715533 -0.00042166794482101366 0.00036135692911577478 6.1757892762370756e-05 -0.0018392678368285009
leaf_weight=4912 1663 5169 40092 4340 63512 1323
leaf_count=4912 1663 5169 40092 4340 63512 1323
internal_value=-2.84053e-05 -0.000343287 -0.000191703 0.00150841 0.000203041 0.00138021
internal_weight=121011 51264 46095 6003 69747 6235
internal_count=121011 51264 46095 6003 69747 6235
is_linear=0
shrinkage=0.05


Tree=107
num_leaves=7
num_cat=0
split_feature=2 0 0 2 3 0
split_gain=4.23907 5.21805 4.30704 3.6639 9.12268 5.00693
threshold=5.5000000000000009 96.500000000000014 83.500000000000014 1.5000000000000002 -8.5501574873896171 35.500000000000007
decision_type=2 2 2 2 2 2
left_child=1 3 -2 4 -1 -5
right_child=2 -3 -4 5 -6 -7
leaf_value=0.00099373266195640917 -0.003817720300442608 0.0015192483256116164 -0.00089690562664754845 -0.0011543834910103801 -5.5366432437686799e-05 -0.00019005872366456846
leaf_weight=7719 1094 15575 8990 5307 40151 42152
leaf_count=7719 1094 15575 8990 5307 40151 42152
internal_value=-4.46307e-05 4.46312e-05 -0.00102587 -9.40116e-05 0.000214621 -0.000405307
internal_weight=120988 110904 10084 95329 47870 47459
internal_count=120988 110904 10084 95329 47870 47459
is_linear=0
shrinkage=0.05


Tree=108
num_leaves=7
num_cat=0
split_feature=4 3 2 0 4 4
split_gain=3.086 4.65151 4.45205 6.17015 8.04486 5.72443
threshold=0.50746611657112972 -49.263968381596136 1.0000000180025095e-35 35.500000000000007 1.3675688197750497 0.80891046347145579
decision_type=10 2 2 2 10 10
left_child=-1 -2 -3 5 -5 -4
right_child=1 2 3 4 -6 -7
leaf_value=-0.00059943590171961385 0.0025678787475980295 0.00039092782796534831 3.2868430980187439e-06 -5.5147326894341991e-05 0.0029915934699151023 -0.0012711680937256054
leaf_weight=7821 1197 19861 6080 77010 1398 7709
leaf_count=7821 1197 19861 6080 77010 1398 7709
internal_value=-5.07924e-05 1.55615e-05 -1.7624e-05 -0.000163906 7.65179e-06 -0.00113908
internal_weight=121076 113255 112058 92197 78408 13789
internal_count=121076 113255 112058 92197 78408 13789
is_linear=0
shrinkage=0.05


Tree=109
num_leaves=7
num_cat=0
split_feature=2 0 0 2 0 2
split_gain=3.79869 7.42037 3.47491 3.7825 7.28897 6.07483
threshold=6.5000000000000009 98.500000000000014 3.5000000000000004 1.0000000180025095e-35 36.500000000000007 2.5000000000000004
decision_type=2 2 2 2 2 2
left_child=2 -2 -1 -4 5 -5
right_child=1 -3 3 4 -6 -7
leaf_value=-0.00075541872784306023 -0.0055569993017844351 -0.00080809136646572413 0.00041217503863105742 -0.00041142440956046245 0.00016952929941300987 -0.0022708891187783048
leaf_weight=4115 1018 3741 20835 15143 74534 1532
leaf_count=4115 1018 3741 20835 15143 74534 1532
internal_value=1.03372e-06 -0.00138277 5.77847e-05 0.00011022 -2.86414e-05 -0.000973471
internal_weight=120918 4759 116159 112044 91209 16675
internal_count=120918 4759 116159 112044 91209 16675
is_linear=0
shrinkage=0.05


Tree=110
num_leaves=7
num_cat=0
split_feature=2 0 0 2 3 4
split_gain=3.24483 8.36862 4.76643 2.20125 10.1284 4.49314
threshold=6.5000000000000009 98.500000000000014 117.50000000000001 1.5000000000000002 -12.951944811740121 1.3500983242561084
decision_type=2 2 2 2 2 10
left_child=2 -2 3 4 -1 -5
right_child=1 -3 -4 5 -6 -7
leaf_value=0.0013382231654291172 -0.0053599673856933655 -0.00036165781992776315 0.017473264031122461 -0.0002083318257519784 4.9650168887616092e-05 0.0018879500701185104
leaf_weight=3132 1036 3725 1293 65070 45489 1099
leaf_count=3132 1036 3725 1293 65070 45489 1099
internal_value=6.61983e-06 -0.00127203 5.91146e-05 2.50446e-05 0.000280457 -0.000162639
internal_weight=120844 4761 116083 114790 48621 66169
internal_count=120844 4761 116083 114790 48621 66169
is_linear=0
shrinkage=0.05


Tree=111
num_leaves=7
num_cat=0
split_feature=5 0 2 0 4 4
split_gain=4.03377 3.41075 4.07141 6.89846 7.69236 6.14682
threshold=36.500000000000007 4.5000000000000009 1.0000000180025095e-35 31.500000000000004 1.3894886017720951 0.99053941715310623
decision_type=2 2 2 2 10 10
left_child=1 -1 5 -4 -5 -3
right_child=-2 2 3 4 -6 -7
leaf_value=-0.00064659003873224208 0.0044700270992268478 -8.0761764855463722e-05 -0.00066586232163060597 7.9874824337966551e-06 0.0036550365372627902 0.0010089072251763809
leaf_weight=5090 1227 10757 12675 81070 1083 8993
leaf_count=5090 1227 10757 12675 81070 1083 8993
internal_value=4.65261e-06 -2.46505e-05 3.16365e-05 -0.000104394 6.31405e-05 0.000684637
internal_weight=120895 119668 114578 94828 82153 19750
internal_count=120895 119668 114578 94828 82153 19750
is_linear=0
shrinkage=0.05


Tree=112
num_leaves=7
num_cat=0
split_feature=3 3 4 0 2 0
split_gain=3.62298 4.62028 3.80412 2.83227 5.19991 5.83896
threshold=-49.263968381596136 -36.798861614776875 0.68317980188672911 12.500000000000002 1.0000000180025095e-35 46.500000000000007
decision_type=2 2 10 2 2 2
left_child=-1 2 -2 -3 -5 -6
right_child=1 3 -4 4 5 -7
leaf_value=0.0018647272947756256 -0.00024467888532335723 -0.00036590300790804444 -0.0052460173446167964 0.0006320543141587865 -0.00047887493425425589 0.0001899406305451823
leaf_weight=1417 1833 13252 1442 13495 22832 66217
leaf_count=1417 1833 13252 1442 13495 22832 66217
internal_value=-2.11631e-05 -5.11228e-05 -0.00190168 1.29533e-06 9.02008e-05 -4.84257e-05
internal_weight=120488 119071 3275 115796 102544 89049
internal_count=120488 119071 3275 115796 102544 89049
is_linear=0
shrinkage=0.05


Tree=113
num_leaves=7
num_cat=0
split_feature=3 4 3 4 3 4
split_gain=3.36865 2.43251 2.37367 3.51303 2.18516 5.33061
threshold=-49.263968381596136 1.6548990560572412 -36.798861614776875 0.67848743297299696 23.716182252436997 1.3894886017720951
decision_type=2 8 2 10 2 10
left_child=-1 2 3 -2 -4 -6
right_child=1 -3 4 -5 5 -7
leaf_value=0.0017095032293089508 0.00017271504503327403 -0.00090910989853703337 5.762115846726923e-05 -0.0042287005889841498 -0.0016881715691301038 0.001480934803639944
leaf_weight=1425 1788 1986 107512 1562 5445 1405
leaf_count=1425 1788 1986 107512 1562 5445 1405
internal_value=-8.56532e-06 -3.73842e-05 -8.0702e-06 -0.00131893 3.03846e-05 -0.000835157
internal_weight=121123 119698 117712 3350 114362 6850
internal_count=121123 119698 117712 3350 114362 6850
is_linear=0
shrinkage=0.05


Tree=114
num_leaves=7
num_cat=0
split_feature=5 2 0 0 4 0
split_gain=3.18481 2.61234 7.76807 3.14634 9.71319 2.34929
threshold=34.500000000000007 3.5000000000000004 47.500000000000007 96.500000000000014 1.0012534656092971 16.500000000000004
decision_type=2 2 2 2 10 2
left_child=1 3 -3 5 -5 -1
right_child=-2 2 -4 4 -6 -7
leaf_value=-0.00025598482765504249 0.0031489095872017482 -0.0040930005542226299 -0.00031915107380437461 0.0067745001185270052 5.6791241008263828e-05 0.00011778651787376361
leaf_weight=17321 1939 1006 31629 1388 3910 63573
leaf_count=17321 1939 1006 31629 1388 3910 63573
internal_value=5.17508e-06 -2.76651e-05 -0.000408624 0.000116593 0.00129644 3.92465e-05
internal_weight=120766 118827 32635 86192 5298 80894
internal_count=120766 118827 32635 86192 5298 80894
is_linear=0
shrinkage=0.05


Tree=115
num_leaves=7
num_cat=0
split_feature=0 6 0 5 3 4
split_gain=2.59301 2.32003 2.44247 2.39992 5.51232 3.42267
threshold=4.5000000000000009 2.5000000000000004 107.50000000000001 14.500000000000002 -35.735027699323972 0.75478948724811679
decision_type=2 2 2 2 2 10
left_child=-1 2 3 -2 -5 -6
right_child=1 -3 -4 4 5 -7
leaf_value=-0.00060525783039111491 0.00012859758630877073 -0.0029149489315635508 0.0016651654939109973 -0.0038131840866999001 0.00099700220901589582 -0.00024953834339759562
leaf_weight=5095 46862 1548 11320 1031 3266 51658
leaf_count=5095 46862 1548 11320 1031 3266 51658
internal_value=-6.08519e-05 -1.22094e-05 1.39081e-05 -6.28513e-05 -0.000283908 -0.000215733
internal_weight=120780 115685 114137 102817 55955 54924
internal_count=120780 115685 114137 102817 55955 54924
is_linear=0
shrinkage=0.05


Tree=116
num_leaves=7
num_cat=0
split_feature=3 2 0 0 2 0
split_gain=3.46988 3.71786 5.21565 2.7094 2.22722 6.78093
threshold=-49.263968381596136 6.5000000000000009 103.50000000000001 117.50000000000001 3.5000000000000004 48.500000000000007
decision_type=2 2 2 2 2 2
left_child=-1 3 -3 4 -2 -6
right_child=1 2 -4 -5 5 -7
leaf_value=0.0017708444110028825 6.4583048700295195e-05 -0.0058059568387562478 -0.0011942764479252633 0.013490570888214532 -0.0035268720341820273 -0.00029095705007347596
leaf_weight=1440 87253 1098 2942 1328 1085 25807
leaf_count=1440 87253 1098 2942 1328 1085 25807
internal_value=-1.33311e-05 -4.2776e-05 -0.00153276 9.41738e-06 -1.67543e-05 -0.000414544
internal_weight=120953 119513 4040 115473 114145 26892
internal_count=120953 119513 4040 115473 114145 26892
is_linear=0
shrinkage=0.05


Tree=117
num_leaves=7
num_cat=0
split_feature=2 0 3 3 4 2
split_gain=2.8447 5.54357 4.25736 4.22251 4.09274 5.31918
threshold=3.5000000000000004 48.500000000000007 -49.263968381596136 -16.724250568159707 0.60043260103280927 2.5000000000000004
decision_type=2 2 2 2 10 2
left_child=3 -2 -3 4 -1 -6
right_child=1 2 -4 -5 5 -7
leaf_value=-0.00068234634336089561 -0.0033892203521529857 0.0016063552187767839 -0.00055262532698120985 -1.1593295886624944e-07 0.0025278750095498849 0.00035264746862648802
leaf_weight=2150 1058 1396 30879 78093 3327 4011
leaf_count=2150 1058 1396 30879 78093 3327 4011
internal_value=-2.87382e-05 -0.000421816 -0.000304755 0.000120881 0.00111661 0.00167847
internal_weight=120914 33333 32275 87581 9488 7338
internal_count=120914 33333 32275 87581 9488 7338
is_linear=0
shrinkage=0.05


Tree=118
num_leaves=7
num_cat=0
split_feature=1 2 1 3 2 1
split_gain=2.54606 5.15415 7.57296 3.73243 5.71996 5.29806
threshold=7.5000000000000009 4.5000000000000009 50.500000000000007 -8.1098487932338816 1.5000000000000002 46.500000000000007
decision_type=2 2 2 2 2 2
left_child=-1 3 -3 4 -2 -6
right_child=1 2 -4 -5 5 -7
leaf_value=0.0029050004644743557 0.00094312562196672558 -0.00054312962677393055 -0.0037343526892743453 -7.520409776743398e-05 0.0010825630299345025 -0.00037037786362377202
leaf_weight=6991 8470 12923 1346 66775 9630 15025
leaf_count=6991 8470 12923 1346 66775 9630 15025
internal_value=4.78686e-05 -8.86804e-06 -0.000897611 0.000118112 0.000551992 0.000166768
internal_weight=121160 114169 14269 99900 33125 24655
internal_count=121160 114169 14269 99900 33125 24655
is_linear=0
shrinkage=0.05


Tree=119
num_leaves=7
num_cat=0
split_feature=0 5 2 0 2 5
split_gain=2.72213 4.44736 4.15711 2.42739 3.19796 5.93661
threshold=116.50000000000001 24.500000000000004 7.5000000000000009 8.5000000000000018 1.5000000000000002 12.500000000000002
decision_type=2 2 2 2 2 2
left_child=2 -2 3 -1 5 -5
right_child=1 -3 -4 4 -6 -7
leaf_value=-0.0003801600716198839 8.0312006675531411e-05 0.016559041635644256 -0.0047689635677218983 0.0008172707084888154 -0.00012759240678773543 5.1514720992357216e-05
leaf_weight=9208 1843 1117 1634 10134 67767 29258
leaf_count=9208 1843 1117 1634 10134 67767 29258
internal_value=2.13903e-05 0.00151771 -1.62068e-05 1.90123e-05 8.59664e-05 0.000444196
internal_weight=120961 2960 118001 116367 107159 39392
internal_count=120961 2960 118001 116367 107159 39392
is_linear=0
shrinkage=0.05


Tree=120
num_leaves=7
num_cat=0
split_feature=0 2 3 4 5 0
split_gain=2.66149 4.16731 4.93267 8.51613 4.69166 4.13577
threshold=12.500000000000002 1.0000000180025095e-35 19.469908604945044 1.1120381667573314 15.500000000000002 33.500000000000007
decision_type=2 2 2 10 2 2
left_child=-1 2 3 4 -2 -3
right_child=1 5 -4 -5 -6 -7
leaf_value=-0.000369056625384967 0.0008421830645421347 -0.00053303438169371997 -0.0016368346518420562 0.0019410805532564025 -0.00052392952778881896 4.1105319578549354e-05
leaf_weight=13250 4214 12281 1066 3469 4776 81616
leaf_count=13250 4214 12281 1066 3469 4776 81616
internal_value=-5.01338e-05 3.23475e-05 0.000852735 0.00113226 0.000319622 -8.58608e-05
internal_weight=120672 107422 13525 12459 8990 93897
internal_count=120672 107422 13525 12459 8990 93897
is_linear=0
shrinkage=0.05


Tree=121
num_leaves=7
num_cat=0
split_feature=4 3 3 2 3 0
split_gain=2.49001 4.95257 2.85016 2.89458 4.56425 3.11292
threshold=0.50746611657112972 -22.445164894376614 -49.263968381596136 3.5000000000000004 -16.724250568159707 86.500000000000014
decision_type=10 2 2 2 2 2
left_child=1 -1 -2 4 5 -4
right_child=2 -3 3 -5 -6 -7
leaf_value=-0.0025509882639099188 0.002123726958797202 -0.00024271715229581272 0.00065339101925001035 -0.00062782882763160472 -9.2877619162767822e-06 0.0057225941375308401
leaf_weight=1004 1208 6797 7507 31581 71808 1048
leaf_count=1004 1208 6797 7507 31581 71808 1048
internal_value=-7.94697e-05 -0.000943185 -1.98839e-05 -4.60031e-05 0.000113385 0.00120473
internal_weight=120953 7801 113152 111944 80363 8555
internal_count=120953 7801 113152 111944 80363 8555
is_linear=0
shrinkage=0.05


Tree=122
num_leaves=7
num_cat=0
split_feature=1 4 2 3 4 2
split_gain=2.54814 5.64073 5.50449 2.85306 2.80286 2.60514
threshold=25.500000000000004 0.68785623518765504 5.5000000000000009 -34.784567880947343 0.74846994670245504 1.5000000000000002
decision_type=2 10 2 2 10 2
left_child=1 -1 5 -3 -4 -2
right_child=2 3 4 -5 -6 -7
leaf_value=0.0047012139024052105 7.228466209219242e-05 -0.0030413968549174888 -0.0024914265666603377 0.00061784188601327061 -0.00093435323620605641 -0.00034753377103070583
leaf_weight=1024 47933 1595 1257 22601 1006 45575
leaf_count=1024 47933 1595 1257 22601 1006 45575
internal_value=-8.83294e-05 0.000358771 -0.00020608 0.000204537 -0.00263999 -0.000147038
internal_weight=120991 25220 95771 24196 2263 93508
internal_count=120991 25220 95771 24196 2263 93508
is_linear=0
shrinkage=0.05


Tree=123
num_leaves=7
num_cat=0
split_feature=1 2 5 2 1 5
split_gain=2.90022 5.37022 4.29543 3.8502 8.21469 3.96203
threshold=83.500000000000014 1.0000000180025095e-35 19.500000000000004 4.5000000000000009 52.500000000000007 7.5000000000000009
decision_type=2 2 2 2 2 2
left_child=3 -2 -3 5 -5 -1
right_child=1 2 -4 4 -6 -7
leaf_value=0.001760181161485061 0.00011093072917378323 -0.00037087027970449663 -0.0015287149328119033 -0.00022418487696468093 -0.0037232897520834089 0.00021876296007229958
leaf_weight=3264 20608 13338 3490 17694 1093 61427
leaf_count=3264 20608 13338 3490 17694 1093 61427
internal_value=6.40925e-06 -0.000359232 -0.0010218 0.000170394 -0.000459637 0.000353384
internal_weight=120914 37436 16828 83478 18787 64691
internal_count=120914 37436 16828 83478 18787 64691
is_linear=0
shrinkage=0.05


Tree=124
num_leaves=7
num_cat=0
split_feature=0 2 3 2 4 0
split_gain=2.98394 5.06808 5.25867 4.60775 2.64065 2.4839
threshold=63.500000000000007 1.5000000000000002 24.736024392395915 3.5000000000000004 1.1222382450034492 111.50000000000001
decision_type=2 2 2 2 10 2
left_child=3 2 4 -1 -2 -3
right_child=1 5 -4 -5 -6 -7
leaf_value=-9.122543031331865e-05 0.0014031225934207109 -7.9050315899703582e-05 -0.0015180983211084964 -0.0020362895186634535 0.0052708005244514163 0.0024453748421933846
leaf_weight=61124 3136 43475 1053 3263 1014 7880
leaf_count=61124 3136 43475 1053 3263 1014 7880
internal_value=-3.02811e-05 0.000234694 0.00172091 -0.000263037 0.00252106 8.39661e-05
internal_weight=120945 56558 5203 64387 4150 51355
internal_count=120945 56558 5203 64387 4150 51355
is_linear=0
shrinkage=0.05


Tree=125
num_leaves=7
num_cat=0
split_feature=2 0 0 2 5 5
split_gain=2.70065 5.14367 2.90877 4.9953 3.25554 2.62831
threshold=6.5000000000000009 98.500000000000014 38.500000000000007 2.5000000000000004 6.5000000000000009 35.500000000000007
decision_type=2 2 2 2 2 2
left_child=2 -2 3 -1 -4 -6
right_child=1 -3 4 -5 5 -7
leaf_value=-9.011774901472869e-05 -0.004667033599465931 -0.00080958512820574759 0.0018808264232249407 -0.0018915628513059336 9.0650355572580177e-05 0.0040081624379042285
leaf_weight=37625 1033 3757 2562 1870 72888 1177
leaf_count=37625 1033 3757 2562 1870 72888 1177
internal_value=-2.06753e-05 -0.00118352 2.73408e-05 -0.000321203 0.000206996 0.000146314
internal_weight=120912 4790 116122 39495 76627 74065
internal_count=120912 4790 116122 39495 76627 74065
is_linear=0
shrinkage=0.05


Tree=126
num_leaves=7
num_cat=0
split_feature=0 2 4 3 2 3
split_gain=2.29239 4.80886 2.97508 5.16897 2.46642 6.89501
threshold=85.500000000000014 5.5000000000000009 0.68785623518765504 -34.784567880947343 2.5000000000000004 -9.9533196138795983
decision_type=2 2 10 2 2 2
left_child=1 4 -2 -4 5 -1
right_child=2 -3 3 -5 -6 -7
leaf_value=0.00066824339899652094 0.0027047222311862964 -0.0027018805077679928 -0.003190537378576397 0.00055929589654679375 -0.00043101369841647976 -0.00012348747459397513
leaf_weight=12334 1672 1275 1929 30776 20252 52647
leaf_count=12334 1672 1275 1929 30776 20252 52647
internal_value=-1.41658e-05 -0.000151422 0.000331205 0.000225848 -0.000105733 4.44326e-05
internal_weight=120885 86508 34377 32705 85233 64981
internal_count=120885 86508 34377 32705 85233 64981
is_linear=0
shrinkage=0.05


Tree=127
num_leaves=7
num_cat=0
split_feature=2 0 0 0 2 3
split_gain=2.6238 4.71821 2.66546 1.68319 3.91657 5.71595
threshold=6.5000000000000009 98.500000000000014 117.50000000000001 19.500000000000004 1.0000000180025095e-35 -3.4643956570610253
decision_type=2 2 2 2 2 2
left_child=2 -2 3 -1 5 -5
right_child=1 -3 -4 4 -6 -7
leaf_value=-0.00019997219444658489 -0.004049330650069044 -0.00051671034046274771 0.015362055736333997 -0.00075584681067125681 9.5298889434380925e-06 0.0012484617637481294
leaf_weight=20400 1053 3740 1328 2607 84587 7018
leaf_count=20400 1053 3740 1328 2607 84587 7018
internal_value=1.77036e-05 -0.00112807 6.51171e-05 3.92612e-05 0.000128427 0.00108385
internal_weight=120733 4793 115940 114612 94212 9625
internal_count=120733 4793 115940 114612 94212 9625
is_linear=0
shrinkage=0.05


Tree=128
num_leaves=7
num_cat=0
split_feature=0 2 0 5 0 4
split_gain=2.22567 2.98489 4.4978 4.03804 5.59522 3.94775
threshold=5.5000000000000009 1.5000000000000002 44.500000000000007 15.500000000000002 20.500000000000004 1.0779042162612125
decision_type=2 2 2 2 2 10
left_child=-1 3 -3 4 -2 -5
right_child=1 2 -4 5 -6 -7
leaf_value=-0.00046251684873629408 5.5305653289849937e-05 -0.00077679657200895318 4.4884622926717749e-05 -0.00039414059803100088 0.00090341681688849151 0.00047350269981542018
leaf_weight=6074 9695 9338 63182 11565 10097 10963
leaf_count=6074 9695 9338 63182 11565 10097 10963
internal_value=4.81727e-05 9.75227e-05 -9.72079e-05 0.000431187 0.000952164 -2.66276e-05
internal_weight=120914 114840 72520 42320 19792 22528
internal_count=120914 114840 72520 42320 19792 22528
is_linear=0
shrinkage=0.05


Tree=129
num_leaves=7
num_cat=0
split_feature=6 5 4 0 2 4
split_gain=2.52194 2.33188 2.18385 3.09044 2.59471 5.21235
threshold=2.5000000000000004 34.500000000000007 0.70089377962016219 7.5000000000000009 1.0000000180025095e-35 1.3894886017720951
decision_type=2 2 8 2 2 10
left_child=1 2 -1 -4 -5 -6
right_child=-2 -3 3 4 5 -7
leaf_value=0.00029997480261587941 -0.0024397344762692843 0.0028232962308800125 -0.00064477043614508123 0.00033059766755926814 -0.00019699943628117558 0.0024394383644037038
leaf_weight=20202 1547 1936 4262 14106 77597 1270
leaf_count=20202 1547 1936 4262 14106 77597 1270
internal_value=-1.90201e-05 7.01553e-06 -2.13935e-05 -0.000119678 -5.92882e-05 -0.000171005
internal_weight=120920 119373 117437 97235 92973 78867
internal_count=120920 119373 117437 97235 92973 78867
is_linear=0
shrinkage=0.05


Tree=130
num_leaves=7
num_cat=0
split_feature=2 0 0 2 4 2
split_gain=2.03382 8.76105 2.23578 3.91541 3.18495 4.3418
threshold=6.5000000000000009 103.50000000000001 69.500000000000014 4.5000000000000009 0.94891310306743404 3.5000000000000004
decision_type=2 2 2 2 10 2
left_child=2 -2 3 -1 5 -4
right_child=1 -3 4 -5 -6 -7
leaf_value=-6.0077419728674086e-05 -0.0048606135127005762 0.00066299209768605483 0.0016436282753833687 -0.0023734512131961595 -0.00010820197345426663 0.00021729477616491688
leaf_weight=69000 1448 3325 7036 1290 24652 14035
leaf_count=69000 1448 3325 7036 1290 24652 14035
internal_value=-1.71784e-05 -0.00102815 2.44574e-05 -0.000152571 0.000296591 0.000747889
internal_weight=120786 4773 116013 70290 45723 21071
internal_count=120786 4773 116013 70290 45723 21071
is_linear=0
shrinkage=0.05


Tree=131
num_leaves=7
num_cat=0
split_feature=0 4 3 2 3 0
split_gain=2.42432 4.58636 3.31662 3.83854 5.72217 3.78741
threshold=21.500000000000004 1.3894886017720951 23.716182252436997 1.0000000180025095e-35 -1.8726352613274588 79.500000000000014
decision_type=2 10 2 2 2 2
left_child=-1 2 3 4 -2 -4
right_child=1 -3 5 -5 -6 -7
leaf_value=-0.00024344286907491687 -0.00063965635496940907 0.0020353966226456968 -0.0021693939145400716 -5.27668594905717e-06 0.0014480274794830717 -0.00093577327279503741
leaf_weight=22355 2779 2012 1002 83363 4968 4431
leaf_count=22355 2779 2012 1002 83363 4968 4431
internal_value=-3.70095e-05 6.96276e-05 2.03267e-05 9.19168e-05 0.00115615 -0.0011792
internal_weight=120910 98555 96543 91110 7747 5433
internal_count=120910 98555 96543 91110 7747 5433
is_linear=0
shrinkage=0.05


Tree=132
num_leaves=7
num_cat=0
split_feature=2 3 0 0 2 2
split_gain=3.48453 3.94773 3.07853 1.84416 4.92617 3.31006
threshold=7.5000000000000009 -46.365838480682321 111.50000000000001 50.500000000000007 3.5000000000000004 1.0000000180025095e-35
decision_type=2 2 2 2 2 2
left_child=1 -1 -2 4 5 -3
right_child=2 3 -4 -5 -6 -7
leaf_value=0.0016390036456893965 -0.0053744123658049647 0.00015027958949029863 -0.0002969439621923864 0.00012450111579429546 -0.0026235233441784995 -0.00034757681822500386
leaf_weight=1337 1086 22899 1055 65881 1246 27430
leaf_count=1337 1086 22899 1055 65881 1246 27430
internal_value=-5.93274e-05 -2.32538e-05 -0.00205615 -5.40605e-05 -0.000277966 -0.000200908
internal_weight=120934 118793 2141 117456 51575 50329
internal_count=120934 118793 2141 117456 51575 50329
is_linear=0
shrinkage=0.05


Tree=133
num_leaves=7
num_cat=0
split_feature=0 2 5 4 4 0
split_gain=2.33528 2.791 7.10287 3.49415 4.69237 3.01143
threshold=17.500000000000004 1.5000000000000002 14.500000000000002 0.75804553475369607 0.95507199710319046 31.500000000000004
decision_type=2 2 2 10 10 2
left_child=-1 2 -2 -4 -5 -3
right_child=1 5 3 4 -6 -7
leaf_value=-0.00027580823799232544 0.0008025220350533907 -0.0008163671689457308 0.0013206131045217784 -0.0008339462634539774 0.00023105080400830647 -3.3606749327819151e-05
leaf_weight=18215 9444 3081 1003 5234 15036 68700
leaf_count=18215 9444 3081 1003 5234 15036 68700
internal_value=-1.83278e-05 7.43881e-05 0.000473195 -3.34853e-05 -0.000176326 -9.62931e-05
internal_weight=120713 102498 30717 21273 20270 71781
internal_count=120713 102498 30717 21273 20270 71781
is_linear=0
shrinkage=0.05


Tree=134
num_leaves=7
num_cat=0
split_feature=3 2 0 3 2 5
split_gain=2.1354 2.72769 5.45434 4.12441 3.11891 2.763
threshold=-49.263968381596136 3.5000000000000004 75.500000000000014 -16.724250568159707 4.5000000000000009 10.500000000000002
decision_type=2 2 2 2 2 2
left_child=-1 3 4 5 -3 -2
right_child=1 2 -4 -5 -6 -7
leaf_value=0.0012296632844817357 2.7361273969953028e-05 -0.0010527977675342194 -0.00011833957903553682 -3.778313917879306e-06 -0.0028578157171965991 0.0014531907106579034
leaf_weight=1466 3786 4386 25580 77934 1909 5750
leaf_count=1466 3786 4386 25580 77934 1909 5750
internal_value=-6.93203e-06 -3.02681e-05 -0.000426208 0.000114033 -0.00174405 0.00109527
internal_weight=120811 119345 31875 87470 6295 9536
internal_count=120811 119345 31875 87470 6295 9536
is_linear=0
shrinkage=0.05


Tree=135
num_leaves=7
num_cat=0
split_feature=0 2 6 3 4 2
split_gain=1.80306 4.40924 2.47893 2.33489 7.1113 3.38375
threshold=92.500000000000014 5.5000000000000009 1.0000000180025095e-35 20.284146302412633 1.0604599867347297 4.5000000000000009
decision_type=2 2 2 2 10 2
left_child=1 -1 3 4 5 -2
right_child=2 -3 -4 -5 -6 -7
leaf_value=-5.2126404246877206e-05 0.0024179552232469594 -0.0019309817385676498 -0.00013805677242409998 -0.00094349721526842403 0.0064289093733609698 -0.00092294112449162473
leaf_weight=91899 4598 2001 16067 2135 1459 2914
leaf_count=91899 4598 2001 16067 2135 1459 2914
internal_value=-2.61195e-05 -0.000129919 0.00033253 0.000906759 0.00126031 0.000638553
internal_weight=121073 93900 27173 11106 8971 7512
internal_count=121073 93900 27173 11106 8971 7512
is_linear=0
shrinkage=0.05


Tree=136
num_leaves=7
num_cat=0
split_feature=0 2 5 3 4 5
split_gain=2.01982 4.18827 2.50979 2.47097 4.77122 4.09876
threshold=40.500000000000007 1.0000000180025095e-35 19.500000000000004 23.716182252436997 1.3894886017720951 30.500000000000004
decision_type=2 2 2 2 10 2
left_child=1 -1 -3 -2 5 -5
right_child=3 2 -4 4 -6 -7
leaf_value=0.00012103362146366204 0.00021601823609511685 -0.00029225978413491006 -0.0011802155883384403 -0.0021224471578152825 0.0014557192940284709 0.0017701896153310304
leaf_weight=21413 72877 15716 4437 4135 1266 1284
leaf_count=21413 72877 15716 4437 4135 1266 1284
internal_value=4.12769e-07 -0.000282048 -0.00079931 0.000147988 -0.000771674 -0.00141731
internal_weight=121128 41566 20153 79562 6685 5419
internal_count=121128 41566 20153 79562 6685 5419
is_linear=0
shrinkage=0.05


Tree=137
num_leaves=7
num_cat=0
split_feature=5 3 4 0 4 4
split_gain=2.34237 3.29452 5.30696 3.332 2.01025 1.47828
threshold=36.500000000000007 23.716182252436997 1.3894886017720951 94.500000000000014 1.5553510002626942 1.0604599867347297
decision_type=2 2 10 2 8 10
left_child=1 4 3 -3 5 -1
right_child=-2 2 -4 -5 -6 -7
leaf_value=-4.6253887902314443e-05 0.0033382591349720662 -0.0022783810177909761 0.0013132909611702659 -0.0016281973308874488 -0.00076432997814038792 0.00034694829426332174
leaf_weight=90037 1185 1825 1349 3173 2024 21230
leaf_count=90037 1185 1825 1349 3173 2024 21230
internal_value=-3.30015e-05 -5.49552e-05 -0.00116302 -0.00191385 7.17148e-06 3.56109e-05
internal_weight=120823 119638 6347 4998 113291 111267
internal_count=120823 119638 6347 4998 113291 111267
is_linear=0
shrinkage=0.05


Tree=138
num_leaves=7
num_cat=0
split_feature=2 0 5 6 4 4
split_gain=2.62081 2.95607 2.09637 1.89395 1.69077 1.53428
threshold=7.5000000000000009 110.50000000000001 36.500000000000007 2.5000000000000004 1.6548990560572412 1.3894886017720951
decision_type=2 2 2 2 8 10
left_child=2 -2 3 4 5 -1
right_child=1 -3 -4 -5 -6 -7
leaf_value=2.3937013149546994e-05 -0.0056149922096133363 0.00038555521858772148 0.0035134247503199379 -0.0019529936411608467 -0.00072385297308026348 0.00093309096218454073
leaf_weight=112038 1006 1150 1196 1087 1835 2562
leaf_count=112038 1006 1150 1196 1087 1835 2562
internal_value=1.34432e-05 -0.00171217 4.48523e-05 2.36116e-05 4.30479e-05 6.71873e-05
internal_weight=120874 2156 118718 117522 116435 114600
internal_count=120874 2156 118718 117522 116435 114600
is_linear=0
shrinkage=0.05


Tree=139
num_leaves=7
num_cat=0
split_feature=2 3 0 0 2 6
split_gain=1.67572 4.2634 2.94664 2.84034 3.57845 5.18161
threshold=1.5000000000000002 -8.1098487932338816 97.500000000000014 68.500000000000014 1.0000000180025095e-35 1.0000000180025095e-35
decision_type=2 2 2 2 2 2
left_child=1 -1 -2 4 -3 -6
right_child=2 3 -4 -5 5 -7
leaf_value=0.00069833367655279814 -0.00030005858476110094 0.00015533045162191561 0.00063873192752710592 0.001274783422202508 -0.0010356934638180216 0.00013170630766057569
leaf_weight=8309 50818 22061 21522 3523 7469 7060
leaf_count=8309 50818 22061 21522 3523 7469 7060
internal_value=9.31546e-06 0.000236955 -0.000143064 2.33686e-05 -0.000107255 -0.000716424
internal_weight=120762 48422 72340 40113 36590 14529
internal_count=120762 48422 72340 40113 36590 14529
is_linear=0
shrinkage=0.05


Tree=140
num_leaves=7
num_cat=0
split_feature=3 2 0 3 3 5
split_gain=2.78761 3.34922 2.3407 1.55323 2.44906 3.2681
threshold=-49.263968381596136 5.5000000000000009 111.50000000000001 -36.798861614776875 -27.047836800613386 10.500000000000002
decision_type=2 2 2 2 2 2
left_child=-1 2 3 -2 5 -5
right_child=1 -3 -4 4 -6 -7
leaf_value=0.0015883218885455854 -0.001515210249463661 -0.0013972463339509439 0.0034994829046644475 -0.00031676304272533766 -4.8131100429871237e-05 0.0023170006698227329
leaf_weight=1418 1684 9078 4226 1822 99525 3036
leaf_count=1418 1684 9078 4226 1822 99525 3036
internal_value=-3.90127e-05 -6.52351e-05 1.07663e-05 -3.52355e-05 -1.08968e-05 0.00108472
internal_weight=120789 119371 110293 106067 104383 4858
internal_count=120789 119371 110293 106067 104383 4858
is_linear=0
shrinkage=0.05


Tree=141
num_leaves=7
num_cat=0
split_feature=3 4 0 4 4 6
split_gain=2.15321 3.13974 3.66819 2.78675 2.18977 2.47151
threshold=24.736024392395915 1.3894886017720951 98.500000000000014 1.5553510002626942 1.1899887648642757 1.0000000180025095e-35
decision_type=2 10 2 10 10 2
left_child=3 2 -2 4 -1 -6
right_child=1 -3 -4 -5 5 -7
leaf_value=-7.9819470935049708e-06 -0.0021257171696084545 0.00084996770899486984 -0.00082452749445325051 -0.0014623266739390295 0.00024618497700013009 0.0013913266676885251
leaf_weight=107381 2099 1517 2892 1059 4477 1446
leaf_count=107381 2099 1517 2892 1059 4477 1446
internal_value=-2.92655e-05 -0.000913558 -0.00151871 2.10942e-05 4.50097e-05 0.000980516
internal_weight=120871 6508 4991 114363 113304 5923
internal_count=120871 6508 4991 114363 113304 5923
is_linear=0
shrinkage=0.05


Tree=142
num_leaves=7
num_cat=0
split_feature=3 2 0 4 5 0
split_gain=1.80324 1.74308 6.98713 3.42878 3.45252 2.4131
threshold=-49.263968381596136 4.5000000000000009 69.500000000000014 1.0525628520112842 24.500000000000004 98.500000000000014
decision_type=2 2 2 10 2 2
left_child=-1 5 -3 -4 -5 -2
right_child=1 2 3 4 -6 -7
leaf_value=0.0014935490111429501 -4.4822341577721585e-05 -0.0028269946948511204 -0.00074247914354102498 -0.00021572452925314178 0.0069342541913841706 0.0012388953762541679
leaf_weight=1426 92360 1292 13655 1606 1004 9618
leaf_count=1426 92360 1292 13655 1606 1004 9618
internal_value=-3.48238e-05 -5.59436e-05 -0.000516029 -0.000234327 0.00142447 2.32882e-05
internal_weight=120961 119535 17557 16265 2610 101978
internal_count=120961 119535 17557 16265 2610 101978
is_linear=0
shrinkage=0.05


Tree=143
num_leaves=7
num_cat=0
split_feature=5 6 0 2 4 2
split_gain=2.30268 1.90278 1.61633 5.39145 3.01231 2.69945
threshold=36.500000000000007 2.5000000000000004 90.500000000000014 5.5000000000000009 0.68785623518765504 3.5000000000000004
decision_type=2 2 2 2 10 2
left_child=1 2 3 -1 -4 -6
right_child=-2 -3 4 -5 5 -7
leaf_value=-4.9383642966024936e-05 0.0035772144729282365 -0.0018247396490206555 0.0034218294841589086 -0.0022470771500323395 0.0012619023260514201 -0.00020501745312151711
leaf_weight=89038 1230 1554 1234 1669 8110 18034
leaf_count=89038 1230 1554 1234 1669 8110 18034
internal_value=-2.24407e-05 -4.46115e-05 -2.16996e-05 -0.00012333 0.000314976 0.000200772
internal_weight=120869 119639 118085 90707 27378 26144
internal_count=120869 119639 118085 90707 27378 26144
is_linear=0
shrinkage=0.05


Tree=144
num_leaves=7
num_cat=0
split_feature=2 0 3 3 4 3
split_gain=1.95443 2.49418 2.01957 1.77343 3.1373 1.7623
threshold=7.5000000000000009 110.50000000000001 -46.365838480682321 -34.784567880947343 0.68785623518765504 -27.047836800613386
decision_type=2 2 2 2 10 2
left_child=2 -2 -1 4 -4 -5
right_child=1 -3 3 5 -6 -7
leaf_value=0.0014472286205069547 -0.004904264200632738 0.00063974541189242007 0.00012087374808200381 0.00099875323677451884 -0.0038502529055110869 -3.639148049861818e-05
leaf_weight=1372 1011 1082 1924 5393 1506 108236
leaf_count=1372 1011 1082 1924 5393 1506 108236
internal_value=-4.23135e-05 -0.00155505 -1.55147e-05 -3.79066e-05 -0.00115721 -4.07008e-06
internal_weight=120524 2093 118431 117059 3430 113629
internal_count=120524 2093 118431 117059 3430 113629
is_linear=0
shrinkage=0.05


Tree=145
num_leaves=7
num_cat=0
split_feature=6 0 5 2 4 4
split_gain=1.69001 2.21598 2.74926 2.57769 1.59722 1.40911
threshold=2.5000000000000004 114.50000000000001 18.500000000000004 7.5000000000000009 1.016931868261375 0.67848743297299696
decision_type=2 2 2 2 10 8
left_child=1 3 -3 5 -4 -1
right_child=-2 2 4 -5 -6 -7
leaf_value=0.0002564685095103214 -0.0018863779620137133 -0.0022593131136352806 0.01121221496068339 -0.0043495619997161285 0.0041187527063889506 -6.6081724405925307e-05
leaf_weight=17337 1567 1430 1248 1122 1809 96286
leaf_count=17337 1567 1430 1248 1122 1809 96286
internal_value=-1.72801e-05 4.19333e-06 0.00109361 -3.84532e-05 0.00193909 -1.48511e-05
internal_weight=120799 119232 4487 114745 3057 113623
internal_count=120799 119232 4487 114745 3057 113623
is_linear=0
shrinkage=0.05


Tree=146
num_leaves=7
num_cat=0
split_feature=2 0 3 2 0 5
split_gain=1.42855 4.3685 3.07258 3.44369 4.08401 4.74323
threshold=1.5000000000000002 68.500000000000014 -7.6903621408887579 1.0000000180025095e-35 23.500000000000004 15.500000000000002
decision_type=2 2 2 2 2 2
left_child=1 2 -1 4 -4 -6
right_child=-2 -3 3 -5 5 -7
leaf_value=0.00049857023919483434 -0.00015461926704100627 0.001484671123777337 -9.4611765734847755e-05 -0.00053434243509301591 0.0020166007686904103 0.00044287993301565798
leaf_weight=8611 72486 3889 15299 14021 1408 4968
leaf_count=8611 72486 3889 15299 14021 1408 4968
internal_value=-2.21648e-05 0.000188793 4.76733e-05 -0.000156858 0.000238123 0.00130074
internal_weight=120682 48196 44307 35696 21675 6376
internal_count=120682 48196 44307 35696 21675 6376
is_linear=0
shrinkage=0.05


Tree=147
num_leaves=7
num_cat=0
split_feature=0 2 4 2 0 5
split_gain=2.67889 5.19536 2.11126 3.04524 6.81372 3.98554
threshold=106.50000000000001 6.5000000000000009 1.2694699937735119 1.5000000000000002 72.500000000000014 15.500000000000002
decision_type=2 2 8 2 2 2
left_child=1 2 3 4 5 -1
right_child=-2 -3 -4 -5 -6 -7
leaf_value=0.00037710867935485397 0.0015023868507417994 -0.0026927294255239252 -0.00051346962113996424 -0.00017709165768375337 0.0026557201092199446 -0.00026079436294704775
leaf_weight=23039 13047 1822 7758 56264 2556 16342
leaf_count=23039 13047 1822 7758 56264 2556 16342
internal_value=2.48277e-06 -7.94398e-05 -3.38558e-05 2.88933e-05 0.000351378 0.000188836
internal_weight=120828 107781 105959 98201 41937 39381
internal_count=120828 107781 105959 98201 41937 39381
is_linear=0
shrinkage=0.05


Tree=148
num_leaves=7
num_cat=0
split_feature=6 1 3 4 4 2
split_gain=1.8151 1.4774 1.86192 3.77317 2.05583 2.16163
threshold=2.5000000000000004 2.5000000000000004 24.736024392395915 1.3894886017720951 1.5553510002626942 4.5000000000000009
decision_type=2 2 2 10 10 2
left_child=1 -1 4 -4 5 -3
right_child=-2 2 3 -5 -6 -7
leaf_value=0.0086876707877140968 -0.0019615783312419452 0.00010155477154188409 -0.0016171658260134615 0.00094909197040947977 -0.0013152713405955863 -0.00054626856426469306
leaf_weight=1787 1532 94584 4527 1444 1051 15898
leaf_count=1787 1532 94584 4527 1444 1051 15898
internal_value=-1.68628e-05 5.13429e-06 -1.65945e-05 -0.000876422 2.94743e-05 5.04584e-05
internal_weight=120823 119291 117504 5971 111533 110482
internal_count=120823 119291 117504 5971 111533 110482
is_linear=0
shrinkage=0.05


Tree=149
num_leaves=7
num_cat=0
split_feature=0 2 0 3 0 2
split_gain=2.10487 1.78649 4.07102 2.36702 4.82734 3.77821
threshold=117.50000000000001 3.5000000000000004 50.500000000000007 -8.8326130845862565 92.500000000000014 1.5000000000000002
decision_type=2 2 2 2 2 2
left_child=1 3 -3 4 5 -1
right_child=-2 2 -4 -5 -6 -7
leaf_value=0.00066316608417598679 0.0093336196104271182 -0.0023495097586678938 -0.00030376035216511389 -6.6203785882931745e-05 0.0061865094151626228 -9.1988384519109412e-05
leaf_weight=7188 1947 1260 30336 64092 1055 14899
leaf_count=7188 1947 1260 30336 64092 1055 14899
internal_value=-3.40489e-05 -6.07986e-05 -0.000382899 5.5881e-05 0.000489264 0.000331002
internal_weight=120777 118830 31596 87234 23142 22087
internal_count=120777 118830 31596 87234 23142 22087
is_linear=0
shrinkage=0.05


Tree=150
num_leaves=7
num_cat=0
split_feature=2 0 0 2 3 2
split_gain=1.70318 3.9256 1.93385 3.41478 2.36135 2.83303
threshold=6.5000000000000009 98.500000000000014 57.500000000000007 3.5000000000000004 21.991478200652669 1.5000000000000002
decision_type=2 2 2 2 2 2
left_child=2 -2 3 -1 5 -4
right_child=1 -3 4 -5 -6 -7
leaf_value=-5.3117118380263674e-05 -0.0029204197140300495 -0.00045886446784836337 0.0012577587250984124 -0.0019000257333972551 -0.00066585157047375501 0.00023198639978598556
leaf_weight=56369 1044 3757 5601 2192 6704 45244
leaf_count=56369 1044 3757 5601 2192 6704 45244
internal_value=4.23848e-06 -0.000918123 4.24148e-05 -0.000159862 0.000248245 0.000364553
internal_weight=120911 4801 116110 58561 57549 50845
internal_count=120911 4801 116110 58561 57549 50845
is_linear=0
shrinkage=0.05


Tree=151
num_leaves=7
num_cat=0
split_feature=1 4 3 3 4 3
split_gain=1.70405 1.99697 3.35596 2.85469 1.84087 3.97381
threshold=112.50000000000001 0.50746611657112972 -49.263968381596136 -22.800827976421811 0.67848743297299696 -36.798861614776875
decision_type=2 10 2 2 10 2
left_child=1 3 -3 -1 -4 -6
right_child=-2 2 4 -5 5 -7
leaf_value=-0.0021742272212806764 -0.00033379156960970939 0.0025277770391588048 0.00044217478938454182 -0.00013745861518788677 -0.0032043073094912586 3.4469858435998147e-06
leaf_weight=1020 8250 1194 9500 2672 1548 97014
leaf_count=1020 8250 1194 9500 2672 1548 97014
internal_value=-3.0321e-05 2.03625e-05 5.9033e-05 -0.00112253 2.98426e-05 -3.42407e-05
internal_weight=121198 112948 109256 3692 108062 98562
internal_count=121198 112948 109256 3692 108062 98562
is_linear=0
shrinkage=0.05


Tree=152
num_leaves=7
num_cat=0
split_feature=2 3 0 5 2 4
split_gain=1.8542 1.9867 1.75837 1.34502 1.36548 4.01352
threshold=7.5000000000000009 -46.365838480682321 111.50000000000001 34.500000000000007 1.0000000180025095e-35 0.99053941715310623
decision_type=2 2 2 2 2 10
left_child=1 -1 -2 4 5 -3
right_child=2 3 -4 -5 -6 -7
leaf_value=0.0013901118897908155 -0.0043952900826581464 -0.00013685115631481004 -0.00077882980927302119 0.001897590872895183 -0.00014263914441887683 0.00066167614862592823
leaf_weight=1372 1074 14645 1054 1923 90986 9851
leaf_count=1372 1074 14645 1054 1923 90986 9851
internal_value=-6.25465e-05 -3.6306e-05 -0.00152368 -5.8449e-05 -8.03121e-05 0.00025101
internal_weight=120905 118777 2128 117405 115482 24496
internal_count=120905 118777 2128 117405 115482 24496
is_linear=0
shrinkage=0.05


Tree=153
num_leaves=7
num_cat=0
split_feature=4 4 0 3 2 3
split_gain=1.67736 2.75577 2.73617 2.50378 1.87902 1.85763
threshold=0.67848743297299696 0.5628037958765828 73.500000000000014 -36.798861614776875 1.5000000000000002 -7.1429149287132629
decision_type=8 10 2 2 2 2
left_child=1 -1 4 -2 5 -3
right_child=3 2 -4 -5 -6 -7
leaf_value=-0.00010310752223368081 -0.0027265312472584181 0.0011801232758939268 0.0022427087013512149 -5.9832538713844312e-05 -0.00015492993620027374 -3.2350056741525805e-05
leaf_weight=9071 1679 1918 1957 101103 3800 1299
leaf_count=9071 1679 1918 1957 101103 3800 1299
internal_value=-2.1414e-05 0.00042313 0.0010441 -9.94776e-05 0.000582099 0.00147036
internal_weight=120827 18045 8974 102782 7017 3217
internal_count=120827 18045 8974 102782 7017 3217
is_linear=0
shrinkage=0.05


Tree=154
num_leaves=7
num_cat=0
split_feature=3 4 4 2 3 0
split_gain=1.37805 3.25596 2.19749 2.0721 10.1715 3.71696
threshold=24.736024392395915 1.3894886017720951 1.5553510002626942 1.0000000180025095e-35 1.8226213254458765 48.500000000000007
decision_type=2 10 10 2 2 2
left_child=2 -2 3 4 -1 -5
right_child=1 -3 -4 5 -6 -7
leaf_value=-7.9372015915635263e-05 -0.0014965678134303718 0.00087902112743548644 -0.001291349644399864 -0.00033292604649969308 0.0012815170423747303 0.00015913683868938879
leaf_weight=17091 4959 1522 1041 26565 6031 63561
leaf_count=17091 4959 1522 1041 26565 6031 63561
internal_value=-1.75947e-05 -0.000726565 2.2639e-05 4.37075e-05 0.000465906 -6.46282e-05
internal_weight=120770 6481 114289 113248 23122 90126
internal_count=120770 6481 114289 113248 23122 90126
is_linear=0
shrinkage=0.05


Tree=155
num_leaves=7
num_cat=0
split_feature=2 0 0 6 3 2
split_gain=1.94162 2.25505 2.21589 3.22337 2.67214 2.80186
threshold=7.5000000000000009 111.50000000000001 84.500000000000014 1.5000000000000002 33.857504482594521 1.5000000000000002
decision_type=2 2 2 2 2 2
left_child=2 -2 -1 4 5 -4
right_child=1 -3 3 -5 -6 -7
leaf_value=-6.859567295472713e-05 -0.0042248878050165804 0.00026849397859323164 0.0042277626277048312 -0.001163227228139141 -0.001489325959306842 0.00076692685286184063
leaf_weight=85262 1072 1073 1110 4847 2035 25138
leaf_count=85262 1072 1073 1110 4847 2035 25138
internal_value=-5.08122e-06 -0.00149419 2.196e-05 0.000368945 0.000573123 0.00070849
internal_weight=120537 2145 118392 33130 28283 26248
internal_count=120537 2145 118392 33130 28283 26248
is_linear=0
shrinkage=0.05


Tree=156
num_leaves=7
num_cat=0
split_feature=0 5 2 5 3 3
split_gain=1.46992 3.19505 2.08728 2.16424 2.52312 3.69672
threshold=115.50000000000001 22.500000000000004 7.5000000000000009 14.500000000000002 -15.931453474997012 -34.784567880947343
decision_type=2 2 2 2 2 2
left_child=2 -2 3 -1 5 -5
right_child=1 -3 -4 4 -6 -7
leaf_value=0.00015113695262197193 -0.001342794034802708 0.0093838951667506894 -0.0039461618141775233 -0.0018497131599049367 -0.00027106678900959137 0.0010113582442030145
leaf_weight=53432 2159 1815 1491 1428 53318 7195
leaf_count=53432 2159 1815 1491 1428 53318 7195
internal_value=-8.89584e-06 0.000936165 -4.10716e-05 -1.70093e-05 -0.000218134 0.000575162
internal_weight=120838 3974 116864 115373 61941 8623
internal_count=120838 3974 116864 115373 61941 8623
is_linear=0
shrinkage=0.05


Tree=157
num_leaves=7
num_cat=0
split_feature=0 4 3 4 3 6
split_gain=1.9474 3.08558 2.33494 2.57439 2.69668 2.29764
threshold=92.500000000000014 0.68785623518765504 -34.784567880947343 0.86159249749068245 -25.218499044394019 1.0000000180025095e-35
decision_type=2 10 2 10 2 2
left_child=-1 -2 -3 4 -4 -5
right_child=1 2 3 5 -6 -7
leaf_value=-8.0484948221890015e-05 0.0038626672260247854 -0.0020557479252058864 0.0005615187702454616 0.0010814647975822711 0.00361408587802462 -0.00065608941269849896
leaf_weight=93764 1185 1661 2597 8442 1774 11638
leaf_count=93764 1185 1661 2597 8442 1774 11638
internal_value=-1.49712e-05 0.000356659 0.000243137 0.000366474 0.00146538 0.00012696
internal_weight=121061 27297 26112 24451 4371 20080
internal_count=121061 27297 26112 24451 4371 20080
is_linear=0
shrinkage=0.05


Tree=158
num_leaves=7
num_cat=0
split_feature=0 2 0 0 4 4
split_gain=1.57663 1.6408 2.76863 2.64935 8.75339 2.33187
threshold=117.50000000000001 3.5000000000000004 57.500000000000007 94.500000000000014 0.95095589915669998 1.1294157858724134
decision_type=2 2 2 2 10 10
left_child=1 3 -3 -1 -5 -4
right_child=-2 2 5 4 -6 -7
leaf_value=4.9068850940778289e-05 0.0079991248282909374 -0.0016662890983223822 -9.965360435304494e-06 0.0074482352068129011 0.00045150412576970556 -0.0019993579941413766
leaf_weight=80850 1977 2215 27081 1004 5338 2296
leaf_count=80850 1977 2215 27081 1004 5338 2296
internal_value=5.82739e-05 3.49359e-05 -0.00027376 0.000146794 0.00113046 -0.000145072
internal_weight=120761 118784 31592 87192 6342 29377
internal_count=120761 118784 31592 87192 6342 29377
is_linear=0
shrinkage=0.05


Tree=159
num_leaves=7
num_cat=0
split_feature=0 2 4 4 2 5
split_gain=1.33424 3.00304 2.25602 2.47945 2.21514 7.09293
threshold=50.500000000000007 1.0000000180025095e-35 0.9757534177144408 1.5553510002626942 1.5000000000000002 14.500000000000002
decision_type=2 2 10 10 2 2
left_child=1 2 -1 -4 5 -2
right_child=4 -3 3 -5 -6 -7
leaf_value=-0.00010680259430236039 0.0020105000192749858 -0.00036598996007654598 0.00063398961276921466 -0.00057580558510365312 -9.296783565804213e-06 4.7423674524194051e-05
leaf_weight=13740 2213 28579 8111 1094 59861 7349
leaf_count=13740 2213 28579 8111 1094 59861 7349
internal_value=-4.20621e-05 -0.000234819 0.000191176 0.000796688 0.000101004 0.000807463
internal_weight=120947 51524 22945 9205 69423 9562
internal_count=120947 51524 22945 9205 69423 9562
is_linear=0
shrinkage=0.05


Tree=160
num_leaves=7
num_cat=0
split_feature=6 0 3 0 3 3
split_gain=1.50004 1.38021 1.49836 1.37951 2.18194 2.85143
threshold=2.5000000000000004 117.50000000000001 27.778252142692299 19.500000000000004 6.1707291380428737 2.6262606392670325
decision_type=2 2 2 2 2 2
left_child=1 2 3 4 5 -1
right_child=-2 -3 -4 -5 -6 -7
leaf_value=-0.00021133196852975991 -0.0015956556541746603 0.0073855538287640361 -0.00087981516305640219 8.6405380340268134e-05 -0.0015410679306715415 0.00084982753123733499
leaf_weight=17745 1498 1755 4747 92596 1012 1500
leaf_count=17745 1498 1755 4747 92596 1012 1500
internal_value=-1.04461e-05 9.32054e-06 -1.14791e-05 2.51422e-05 -0.000348559 -0.000229221
internal_weight=120853 119355 117600 112853 20257 19245
internal_count=120853 119355 117600 112853 20257 19245
is_linear=0
shrinkage=0.05


Tree=161
num_leaves=7
num_cat=0
split_feature=4 4 3 0 0 0
split_gain=1.4069 1.5949 2.98482 3.50855 2.02183 1.36863
threshold=1.6548990560572412 1.3894886017720951 27.778252142692299 96.500000000000014 25.500000000000004 55.500000000000007
decision_type=8 10 2 2 2 2
left_child=1 2 5 -4 -3 -1
right_child=-2 4 3 -5 -6 -7
leaf_value=-5.8966925491277247e-05 -0.00068925376505871725 -0.00021140757504332919 -0.0026589659424459348 -0.00040236332374522234 0.0017915810322644639 0.0002591431610079853
leaf_weight=52425 1953 1114 1313 2482 1732 59715
leaf_count=52425 1953 1114 1313 2482 1732 59715
internal_value=4.6174e-05 6.80846e-05 3.93523e-05 -0.00133882 0.00123641 8.60493e-05
internal_weight=120734 118781 115935 3795 2846 112140
internal_count=120734 118781 115935 3795 2846 112140
is_linear=0
shrinkage=0.05


Tree=162
num_leaves=7
num_cat=0
split_feature=4 0 3 0 5 3
split_gain=1.31878 2.59208 1.8984 1.64884 1.69893 4.40752
threshold=0.67848743297299696 90.500000000000014 -36.798861614776875 7.5000000000000009 8.5000000000000018 -14.94688285291639
decision_type=8 2 2 2 2 2
left_child=1 -1 -2 -4 5 -5
right_child=2 -3 3 4 -6 -7
leaf_value=0.00013957961037815991 -0.0021604331846668905 0.0033725510363322498 -0.00041528830845443678 -0.00055846705168007829 -7.9701001074694588e-05 0.0013646812160923673
leaf_weight=16992 1696 1101 4322 2535 90857 3331
leaf_count=16992 1696 1101 4322 2535 90857 3331
internal_value=-3.78603e-05 0.000355702 -0.000107182 -7.92924e-05 -3.65716e-05 0.00078777
internal_weight=120834 18093 102741 101045 96723 5866
internal_count=120834 18093 102741 101045 96723 5866
is_linear=0
shrinkage=0.05


Tree=163
num_leaves=7
num_cat=0
split_feature=2 0 0 2 4 2
split_gain=1.74495 4.0367 2.22568 3.19619 2.7887 3.08046
threshold=6.5000000000000009 98.500000000000014 51.500000000000007 3.5000000000000004 0.64211133711046309 4.5000000000000009
decision_type=2 2 2 2 10 2
left_child=2 -2 3 -1 5 -4
right_child=1 -3 4 -5 -6 -7
leaf_value=-7.9218083843196626e-05 -0.0034778869637123663 -0.00036826398110599291 0.0025601576345956473 -0.0020595536100072309 0.0001622782861400607 -2.7923312317555685e-05
leaf_weight=51098 1046 3767 1376 1365 61193 1120
leaf_count=51098 1046 3767 1376 1365 61193 1120
internal_value=-1.45697e-05 -0.00094697 2.41053e-05 -0.000217037 0.000222745 0.00185926
internal_weight=120965 4813 116152 52463 63689 2496
internal_count=120965 4813 116152 52463 63689 2496
is_linear=0
shrinkage=0.05


Tree=164
num_leaves=7
num_cat=0
split_feature=2 0 0 5 0 2
split_gain=1.15849 3.81534 1.93607 1.74434 2.49656 7.1352
threshold=6.5000000000000009 98.500000000000014 117.50000000000001 14.500000000000002 21.500000000000004 1.5000000000000002
decision_type=2 2 2 2 2 2
left_child=2 -2 3 4 -1 -6
right_child=1 -3 -4 -5 5 -7
leaf_value=-0.00014693771232203169 -0.0031324875282239041 -0.00011359066455805534 0.011221627295852521 -0.0001670592145837424 0.00087187226081805182 4.7504480205273763e-05
leaf_weight=16384 1029 3751 1316 62343 8113 28080
leaf_count=16384 1029 3751 1316 62343 8113 28080
internal_value=-4.21414e-05 -0.000804598 -1.07535e-05 -3.263e-05 0.000179482 0.00041128
internal_weight=121016 4780 116236 114920 52577 36193
internal_count=121016 4780 116236 114920 52577 36193
is_linear=0
shrinkage=0.05


Tree=165
num_leaves=7
num_cat=0
split_feature=2 3 3 1 6 3
split_gain=1.30373 3.48477 5.12043 2.46148 2.32323 4.11577
threshold=1.0000000180025095e-35 19.469908604945044 2.6262606392670325 76.500000000000014 1.0000000180025095e-35 1.9816269796984616
decision_type=2 2 2 2 2 2
left_child=1 2 -1 -2 5 -5
right_child=3 -3 -4 4 -6 -7
leaf_value=1.5384962704967364e-05 6.0529184912544447e-05 -0.0016539779279224455 0.0010962336408038564 -0.00033589502772577719 -0.0001137577153376701 -0.0022972171874809377
leaf_weight=17954 73699 1066 5663 6034 14739 1808
leaf_count=17954 73699 1066 5663 6034 14739 1808
internal_value=1.457e-05 0.000338727 0.000465138 -6.85465e-05 -0.000525215 -0.00122021
internal_weight=120963 24683 23617 96280 22581 7842
internal_count=120963 24683 23617 96280 22581 7842
is_linear=0
shrinkage=0.05


Tree=166
num_leaves=7
num_cat=0
split_feature=1 4 5 2 4 3
split_gain=1.56338 2.93079 2.4433 2.4251 2.97825 1.9677
threshold=25.500000000000004 0.68785623518765504 20.500000000000004 5.5000000000000009 0.74550029152039232 21.991478200652669
decision_type=2 10 2 2 10 2
left_child=1 -1 -3 -2 -5 -4
right_child=3 2 5 4 -6 -7
leaf_value=0.0038406287764966296 -3.1915510919178217e-05 -0.00032731293472952898 0.0022134801996710864 -0.0017531434636330889 0.00035134759699842477 -0.00032973881174113155
leaf_weight=1027 93493 13125 7842 1241 1015 3165
leaf_count=1027 93493 13125 7842 1241 1015 3165
internal_value=7.44337e-06 0.000358151 0.00024651 -8.47223e-05 -0.00170279 0.000795723
internal_weight=120908 25159 24132 95749 2256 11007
internal_count=120908 25159 24132 95749 2256 11007
is_linear=0
shrinkage=0.05


Tree=167
num_leaves=7
num_cat=0
split_feature=3 4 0 4 3 4
split_gain=1.17748 2.80774 1.48654 5.34759 6.13605 3.07417
threshold=24.736024392395915 1.3894886017720951 90.500000000000014 1.0604599867347297 15.073060259242775 0.68785623518765504
decision_type=2 10 2 10 2 10
left_child=2 -2 -1 5 -5 -4
right_child=1 -3 3 4 -6 -7
leaf_value=-5.0707973496838535e-05 -0.0012531744340172598 0.00084274664685106697 0.0031926753377591877 0.005086436017075824 0.00035128860311424708 -0.00021224188428821124
leaf_weight=89144 4946 1509 1301 2087 2531 19296
leaf_count=89144 4946 1509 1301 2087 2531 19296
internal_value=-1.46914e-05 -0.00067144 2.24065e-05 0.00036132 0.00189812 1.63819e-05
internal_weight=120814 6455 114359 25215 4618 20597
internal_count=120814 6455 114359 25215 4618 20597
is_linear=0
shrinkage=0.05


Tree=168
num_leaves=7
num_cat=0
split_feature=6 0 4 4 3 6
split_gain=1.40216 1.05082 2.81443 3.29603 6.37109 2.80024
threshold=2.5000000000000004 85.500000000000014 0.86863401502320758 1.0552382079371254 15.073060259242775 1.0000000180025095e-35
decision_type=2 2 10 10 2 2
left_child=1 -1 -3 -4 5 -5
right_child=-2 2 3 4 -6 -7
leaf_value=-8.3242472853151125e-05 -0.0017968250547510613 0.0013611096697413007 -0.00096184351739504465 0.0053922441419111235 -0.00020064786745226383 0.0012217204134243155
leaf_weight=86385 1521 9584 13743 1332 7067 1432
leaf_count=86385 1521 9584 13743 1332 7067 1432
internal_value=-4.21247e-05 -2.28988e-05 0.000216356 -7.73994e-05 0.000621442 0.00265439
internal_weight=121064 119543 33158 23574 9831 2764
internal_count=121064 119543 33158 23574 9831 2764
is_linear=0
shrinkage=0.05


Tree=169
num_leaves=7
num_cat=0
split_feature=2 0 4 3 3 0
split_gain=1.46149 4.69158 2.45027 2.5567 2.38227 3.9085
threshold=4.5000000000000009 67.500000000000014 1.0423114654759515 16.853886633872026 27.778252142692299 89.500000000000014
decision_type=2 2 10 2 2 2
left_child=4 -2 -3 -4 5 -1
right_child=1 2 3 -5 -6 -7
leaf_value=-3.4383326000786417e-05 -0.0024316619735845813 -0.0006270018162039759 0.0037770678222243505 -0.0001567187910819362 -0.0011928589186500334 0.0010884642790125354
leaf_weight=84345 1161 14925 1311 1548 4388 13378
leaf_count=84345 1161 14925 1311 1548 4388 13378
internal_value=-5.12139e-05 -0.000454485 -0.000252965 0.00108677 2.36251e-05 7.4825e-05
internal_weight=121056 18945 17784 2859 102111 97723
internal_count=121056 18945 17784 2859 102111 97723
is_linear=0
shrinkage=0.05


Tree=170
num_leaves=7
num_cat=0
split_feature=0 2 5 2 3 3
split_gain=1.6413 4.66339 2.33442 2.73944 3.24623 2.33806
threshold=103.50000000000001 6.5000000000000009 15.500000000000002 3.5000000000000004 -16.724250568159707 12.265584022071581
decision_type=2 2 2 2 2 2
left_child=1 2 5 4 -4 -1
right_child=-2 -3 3 -5 -6 -7
leaf_value=0.0001748223966775625 0.00084542399403882422 -0.0027046912069869119 0.0014573735005878219 -0.0011411863990442694 -0.00016608569871652825 -0.0010655886443952018
leaf_weight=54838 16151 1475 2282 7179 37559 1560
leaf_count=54838 16151 1475 2282 7179 37559 1560
internal_value=-4.13056e-06 -7.63837e-05 -3.65006e-05 -0.000296651 -0.000134581 0.000180398
internal_weight=121044 104893 103418 47020 39841 56398
internal_count=121044 104893 103418 47020 39841 56398
is_linear=0
shrinkage=0.05


Tree=171
num_leaves=7
num_cat=0
split_feature=2 0 0 2 4 3
split_gain=1.67082 3.69016 1.12031 2.9741 2.4881 2.07317
threshold=6.5000000000000009 98.500000000000014 55.500000000000007 3.5000000000000004 0.64211133711046309 29.06489002002888
decision_type=2 2 2 2 10 2
left_child=2 -2 3 -1 -4 -6
right_child=1 -3 4 -5 5 -7
leaf_value=-2.3075185955728773e-05 -0.0028834687248584252 -0.00043310199515601556 0.001073697538045862 -0.0016882829852788439 0.00020807706879867052 -0.0010710585436228494
leaf_weight=54527 1016 3743 2158 1871 53232 4211
leaf_count=54527 1016 3743 2158 1871 53232 4211
internal_value=7.2456e-06 -0.000910474 4.49338e-05 -0.000114799 0.000196079 0.000133381
internal_weight=120758 4759 115999 56398 59601 57443
internal_count=120758 4759 115999 56398 59601 57443
is_linear=0
shrinkage=0.05


Tree=172
num_leaves=7
num_cat=0
split_feature=2 1 4 1 4 1
split_gain=1.14742 3.52373 1.70017 2.08779 5.45809 1.68842
threshold=3.5000000000000004 71.500000000000014 0.61409184137834694 43.500000000000007 0.89031653529735588 27.500000000000004
decision_type=2 2 10 2 10 2
left_child=5 2 -2 -4 -5 -1
right_child=1 -3 3 4 -6 -7
leaf_value=0.0010519745022270627 0.00067594976389038781 -0.0019622366840537061 -0.00013335807637812613 -0.0018357684958824616 0.0011894988135050966 -9.0134463596791562e-06
leaf_weight=7504 1874 1062 25666 3289 1428 80103
leaf_count=7504 1874 1062 25666 3289 1428 80103
internal_value=-3.94853e-05 -0.000289206 -0.000195664 -0.000285886 -0.00125212 5.55004e-05
internal_weight=120926 33319 32257 30383 4717 87607
internal_count=120926 33319 32257 30383 4717 87607
is_linear=0
shrinkage=0.05


Tree=173
num_leaves=7
num_cat=0
split_feature=2 3 4 5 3 4
split_gain=1.03488 1.90292 1.68605 0.974906 1.36074 4.03271
threshold=7.5000000000000009 -46.365838480682321 0.785976188484659 36.500000000000007 19.469908604945044 1.3894886017720951
decision_type=2 2 10 2 2 10
left_child=1 -1 -2 4 -3 -6
right_child=2 3 -4 -5 5 -7
leaf_value=0.001311143507061896 -0.0056336448466358102 -2.4239645689411172e-05 0.00030998892789377568 0.0025821094475619645 -0.0011134950899908847 0.0012685018601425791
leaf_weight=1369 1058 107562 1104 1171 6926 1547
leaf_count=1369 1058 107562 1104 1171 6926 1547
internal_value=-5.93207e-05 -3.95303e-05 -0.00114213 -6.12144e-05 -7.57282e-05 -0.000685598
internal_weight=120737 118575 2162 117206 116035 8473
internal_count=120737 118575 2162 117206 116035 8473
is_linear=0
shrinkage=0.05


Tree=174
num_leaves=7
num_cat=0
split_feature=4 4 0 2 4 4
split_gain=0.945999 3.01673 3.23451 2.52786 1.78897 1.48295
threshold=0.67848743297299696 0.52027257928231185 90.500000000000014 4.5000000000000009 0.32255385396712993 0.70783858384826315
decision_type=8 10 2 2 10 8
left_child=1 4 3 -3 -1 -2
right_child=5 2 -4 -5 -6 -7
leaf_value=0.00028584254183678938 -0.00063087420611353251 0.00057403228113274147 0.0043707237947035382 -0.00061127629477825693 -0.0005884578230252014 -1.1172983313145758e-05
leaf_weight=3071 3296 8457 1014 1271 4202 99723
leaf_count=3071 3296 8457 1014 1271 4202 99723
internal_value=1.05338e-05 0.000344756 0.000876989 0.000595911 -0.000441399 -4.79257e-05
internal_weight=121034 18015 10742 9728 7273 103019
internal_count=121034 18015 10742 9728 7273 103019
is_linear=0
shrinkage=0.05


Tree=175
num_leaves=7
num_cat=0
split_feature=0 4 4 4 0 2
split_gain=1.30038 1.72355 1.55818 1.76598 1.90075 2.5659
threshold=12.500000000000002 0.27858542319272966 0.67848743297299696 0.50746611657112972 90.500000000000014 4.5000000000000009
decision_type=2 10 10 10 2 2
left_child=1 -1 3 -2 5 -5
right_child=2 -3 -4 4 -6 -7
leaf_value=0.00033194184083137348 -0.00025460212251855188 -0.00036323921268708871 1.6409481032653163e-06 0.000659234084947552 0.0034239903004791685 -0.00057611077856970232
leaf_weight=3447 2444 9908 95521 7232 1015 1352
leaf_count=3447 2444 9908 95521 7232 1015 1352
internal_value=1.33348e-05 -0.000451909 7.11171e-05 0.000606947 0.00091238 0.000669461
internal_weight=120919 13355 107564 12043 9599 8584
internal_count=120919 13355 107564 12043 9599 8584
is_linear=0
shrinkage=0.05


Tree=176
num_leaves=7
num_cat=0
split_feature=3 3 4 2 0 0
split_gain=0.968936 2.01616 2.08966 1.09365 4.20053 2.90182
threshold=-46.365838480682321 -36.798861614776875 0.67848743297299696 3.5000000000000004 62.500000000000007 97.500000000000014
decision_type=2 2 10 2 2 2
left_child=-1 2 -2 5 -5 -3
right_child=1 3 -4 4 -6 -7
leaf_value=0.00089634247726728402 6.4526278150629779e-05 4.8048752223722735e-05 -0.0031688191004950518 -0.0016631113950615396 -3.6877170203480913e-06 0.001983554842687535
leaf_weight=1864 1418 82150 1452 2855 26010 5379
leaf_count=1864 1418 82150 1452 2855 26010 5379
internal_value=4.74685e-05 2.97646e-05 -0.00127826 6.2071e-05 -0.000204797 0.000150085
internal_weight=121128 119264 2870 116394 28865 87529
internal_count=121128 119264 2870 116394 28865 87529
is_linear=0
shrinkage=0.05


Tree=177
num_leaves=7
num_cat=0
split_feature=2 0 3 3 4 5
split_gain=1.4687 3.22416 1.38083 1.14874 1.38522 1.53071
threshold=6.5000000000000009 103.50000000000001 -46.365838480682321 24.736024392395915 1.3894886017720951 30.500000000000004
decision_type=2 2 2 2 10 2
left_child=2 -2 -1 -4 5 -5
right_child=1 -3 3 4 -6 -7
leaf_value=0.0011125785307709996 -0.0024373214901987936 -0.00013087355160357474 3.4723652764301342e-06 -0.0015507934679387604 0.0003910194546974527 0.00044170098264167127
leaf_weight=1012 1464 3316 108430 3759 1518 1178
leaf_count=1012 1464 3316 108430 3759 1518 1178
internal_value=-5.06496e-05 -0.000909091 -1.52068e-05 -3.14431e-05 -0.00067918 -0.00108509
internal_weight=120677 4780 115897 114885 6455 4937
internal_count=120677 4780 115897 114885 6455 4937
is_linear=0
shrinkage=0.05


Tree=178
num_leaves=7
num_cat=0
split_feature=0 4 4 2 0 2
split_gain=1.31314 3.06182 2.42969 2.82587 3.10184 2.278
threshold=21.500000000000004 1.3894886017720951 0.67848743297299696 4.5000000000000009 90.500000000000014 1.0000000180025095e-35
decision_type=2 10 10 2 2 2
left_child=5 2 3 -2 -5 -1
right_child=1 -3 -4 4 -6 -7
leaf_value=-2.2149153876349638e-05 0.00092778054457158261 0.0018032387613439061 -5.1159871786765623e-05 -0.00074937964566828554 0.0020154162601985714 -0.0006267488548073769
leaf_weight=16085 6635 2033 87372 1601 1040 6334
leaf_count=16085 6635 2033 87372 1601 1040 6334
internal_value=-1.5276e-05 6.32055e-05 2.27618e-05 0.000791941 -0.000590514 -0.000360663
internal_weight=121100 98681 96648 9276 2641 22419
internal_count=121100 98681 96648 9276 2641 22419
is_linear=0
shrinkage=0.05


Tree=179
num_leaves=7
num_cat=0
split_feature=2 0 0 3 4 0
split_gain=1.44117 3.68375 1.59894 1.30571 2.93523 2.02909
threshold=6.5000000000000009 98.500000000000014 117.50000000000001 27.778252142692299 1.3675688197750497 93.500000000000014
decision_type=2 2 2 2 10 2
left_child=2 -2 3 -1 5 -5
right_child=1 -3 -4 4 -6 -7
leaf_value=3.2694431564614383e-05 -0.0026453769677603268 -0.00033512246832995141 0.0095190147371139403 -0.0022915879410597586 0.00083939081456297368 -0.0012197218136731304
leaf_weight=109924 1038 3780 1306 1017 1488 2212
leaf_count=109924 1038 3780 1306 1017 1488 2212
internal_value=1.96655e-06 -0.00084491 3.71921e-05 1.7336e-05 -0.000796802 -0.0016427
internal_weight=120765 4818 115947 114641 4717 3229
internal_count=120765 4818 115947 114641 4717 3229
is_linear=0
shrinkage=0.05


Tree=180
num_leaves=7
num_cat=0
split_feature=2 4 4 4 0 6
split_gain=1.3189 2.50967 4.51302 2.74262 2.37697 2.57291
threshold=1.0000000180025095e-35 0.9757534177144408 1.2694699937735119 0.86159249749068245 41.500000000000007 1.0000000180025095e-35
decision_type=2 10 10 10 2 2
left_child=1 3 -3 -1 5 -2
right_child=4 2 -4 -5 -6 -7
leaf_value=0.00015518708864020736 -0.00084202920837592741 0.0010247134675470311 -0.00027119312855616862 -0.00077406203318454165 5.4469412235311211e-05 -9.9833131683094162e-05
leaf_weight=10907 6984 7078 3501 3261 75264 13974
leaf_count=10907 6984 7078 3501 3261 75264 13974
internal_value=1.43626e-05 0.000339872 0.000922383 -9.52515e-05 -6.93672e-05 -0.000540238
internal_weight=120969 24747 10579 14168 96222 20958
internal_count=120969 24747 10579 14168 96222 20958
is_linear=0
shrinkage=0.05


Tree=181
num_leaves=7
num_cat=0
split_feature=5 3 4 4 4 4
split_gain=1.39037 1.09845 3.16316 1.96216 2.75095 1.314
threshold=36.500000000000007 19.469908604945044 1.3894886017720951 1.1656899926146835 1.2600770221130058 1.4634074698165092
decision_type=2 2 10 10 10 10
left_child=1 5 3 -3 -5 -1
right_child=-2 2 -4 4 -6 -7
leaf_value=2.5716474787385035e-05 0.0028478619242024773 -0.0043784891860037872 0.0011072744525731815 0.00020547922315425628 -0.0013796727817161015 -0.00070435240332648039
leaf_weight=109865 1213 1321 1577 3308 2308 1269
leaf_count=109865 1213 1321 1577 3308 2308 1269
internal_value=-7.96336e-06 -2.50725e-05 -0.00057225 -0.00103176 -0.000622665 1.68708e-05
internal_weight=120861 119648 8514 6937 5616 111134
internal_count=120861 119648 8514 6937 5616 111134
is_linear=0
shrinkage=0.05


Tree=182
num_leaves=7
num_cat=0
split_feature=0 4 4 3 0 6
split_gain=1.37169 1.29285 1.17082 1.95131 1.83668 1.07583
threshold=15.500000000000002 0.60043260103280927 1.3894886017720951 33.857504482594521 106.50000000000001 1.0000000180025095e-35
decision_type=2 10 10 2 2 2
left_child=1 -1 3 -2 -5 -3
right_child=2 5 -4 4 -6 -7
leaf_value=3.420360084579188e-05 4.3780965722023391e-05 -0.00028841590467535149 0.0011293149573641276 -0.0023889213501188337 -0.00011696270769938067 -0.0011274593957451035
leaf_weight=6990 99976 7540 2374 1063 1094 1696
leaf_count=6990 99976 7540 2374 1063 1094 1696
internal_value=-1.74966e-05 -0.000445136 4.89178e-05 2.33752e-05 -0.00146277 -0.000833243
internal_weight=120733 16226 104507 102133 2157 9236
internal_count=120733 16226 104507 102133 2157 9236
is_linear=0
shrinkage=0.05


Tree=183
num_leaves=7
num_cat=0
split_feature=0 4 3 4 5 5
split_gain=1.41607 1.27738 2.36556 2.52427 2.08778 2.54653
threshold=5.5000000000000009 0.98835758774313287 2.1361033651451575 1.0499947093143989 34.500000000000007 22.500000000000004
decision_type=2 10 2 10 2 2
left_child=-1 -2 -3 -4 5 -5
right_child=1 2 3 4 -6 -7
leaf_value=-0.00034942049198846139 -5.9808756920187722e-05 0.00073953908418174512 -0.0011058558953258248 0.00035764670089884491 0.0027225142635479596 -0.00037906010641374226
leaf_weight=6109 72066 8799 4756 15982 1607 11700
leaf_count=6109 72066 8799 4756 15982 1607 11700
internal_value=3.40841e-06 4.28578e-05 0.000259049 7.01175e-05 0.000243651 0.000141763
internal_weight=121019 114910 42844 34045 29289 27682
internal_count=121019 114910 42844 34045 29289 27682
is_linear=0
shrinkage=0.05


Tree=184
num_leaves=7
num_cat=0
split_feature=0 2 5 4 4 0
split_gain=1.15181 3.00394 5.74562 2.93353 3.05631 2.70359
threshold=26.500000000000004 1.5000000000000002 12.500000000000002 0.7668862800871683 1.3894886017720951 59.500000000000007
decision_type=2 2 2 10 10 2
left_child=-1 2 -2 -4 5 -5
right_child=1 -3 3 4 -6 -7
leaf_value=-0.0001573876448270506 0.0012419358286259868 -0.0001070080890120978 0.00087804117446702587 -0.00036358796518798923 0.0027761814828499822 0.00068610924966284743
leaf_weight=27315 4090 70010 1012 11704 1001 5433
leaf_count=27315 4090 70010 1012 11704 1001 5433
internal_value=-2.33267e-05 6.03185e-05 0.000552807 0.000189246 4.27162e-05 -0.000114485
internal_weight=120565 93250 23240 19150 18138 17137
internal_count=120565 93250 23240 19150 18138 17137
is_linear=0
shrinkage=0.05


Tree=185
num_leaves=7
num_cat=0
split_feature=4 3 4 0 3 2
split_gain=0.968185 1.81098 1.41862 1.78943 1.76102 1.61151
threshold=0.67343122295892333 -36.798861614776875 0.50746611657112972 88.500000000000014 -22.445164894376614 4.5000000000000009
decision_type=10 2 8 2 2 2
left_child=2 -2 4 5 -1 -4
right_child=1 -3 3 -5 -6 -7
leaf_value=-0.001292143175865368 -0.0022502880640506082 -4.9026547446798242e-05 0.00041209682046191578 0.0024423923947901939 2.5415112914584095e-05 -0.00044426451141801881
leaf_weight=1019 1804 100496 9505 1056 5766 1249
leaf_count=1019 1804 100496 9505 1056 5766 1249
internal_value=-3.00868e-05 -9.04159e-05 0.000301747 0.00063267 -0.0002743 0.000439167
internal_weight=120895 102300 18595 11810 6785 10754
internal_count=120895 102300 18595 11810 6785 10754
is_linear=0
shrinkage=0.05


Tree=186
num_leaves=7
num_cat=0
split_feature=2 4 0 2 5 4
split_gain=0.941863 1.37067 1.0884 2.36391 5.07402 6.11487
threshold=7.5000000000000009 0.78326904957307064 85.500000000000014 2.5000000000000004 6.5000000000000009 0.89890978639313146
decision_type=2 10 2 2 2 10
left_child=2 -2 3 -1 -5 -6
right_child=1 -3 -4 4 5 -7
leaf_value=3.6645040185956382e-05 -0.0044789759070070099 0.00018243393476915506 0.00030904654997365721 0.0011596356835089556 -0.00094979583918242128 0.00026779943653129081
leaf_weight=64763 1045 1125 32135 1964 12549 7107
leaf_count=64763 1045 1125 32135 1964 12549 7107
internal_value=-1.49139e-05 -0.00104598 4.00766e-06 -8.84093e-05 -0.00054104 -0.000783277
internal_weight=120688 2170 118518 86383 21620 19656
internal_count=120688 2170 118518 86383 21620 19656
is_linear=0
shrinkage=0.05


Tree=187
num_leaves=7
num_cat=0
split_feature=3 4 4 0 3 4
split_gain=1.18038 2.18839 1.36574 1.6378 1.91271 2.38214
threshold=18.134302513861829 1.3894886017720951 1.157032631074872 69.500000000000014 33.857504482594521 1.1899887648642757
decision_type=2 10 10 2 2 10
left_child=-1 2 -2 -4 5 -5
right_child=1 -3 3 4 -6 -7
leaf_value=4.5772021736456563e-05 -0.0036715926735155558 0.00087543407970155365 -0.0011071680498710491 -0.0013436488074478282 -0.0018123721189933718 0.0015086529647837606
leaf_weight=110883 1481 1947 1243 1499 2146 1944
leaf_count=110883 1481 1947 1243 1499 2146 1944
internal_value=1.12466e-05 -0.000501705 -0.000855073 -0.000555799 -0.000189936 0.000540168
internal_weight=121143 10260 8313 6832 5589 3443
internal_count=121143 10260 8313 6832 5589 3443
is_linear=0
shrinkage=0.05


Tree=188
num_leaves=7
num_cat=0
split_feature=5 3 4 0 0 0
split_gain=1.11883 2.06695 2.72059 2.94709 2.93141 2.41662
threshold=13.500000000000002 -13.381520166479516 0.70089377962016219 75.500000000000014 41.500000000000007 11.500000000000002
decision_type=2 2 10 2 2 2
left_child=1 2 4 -4 -1 -3
right_child=-2 5 3 -5 -6 -7
leaf_value=-0.00034060000792984768 -0.00013275848889119369 -9.3865934534478893e-05 -0.00124689894316245 -9.3073901681681179e-05 0.00068444209223717531 0.00048668096270689524
leaf_weight=3175 72437 11052 4036 5526 5354 19290
leaf_count=3175 72437 11052 4036 5526 5354 19290
internal_value=-3.86763e-05 0.000147353 -0.000275613 -0.0008545 0.000373506 0.000399545
internal_weight=120870 48433 18091 9562 8529 30342
internal_count=120870 48433 18091 9562 8529 30342
is_linear=0
shrinkage=0.05


Tree=189
num_leaves=7
num_cat=0
split_feature=4 3 0 3 2 0
split_gain=1.12074 2.0578 1.66725 3.25919 7.32162 3.49325
threshold=0.70089377962016219 -34.784567880947343 83.500000000000014 -12.747454942949622 2.5000000000000004 60.500000000000007
decision_type=8 2 2 2 2 2
left_child=-1 -2 3 4 5 -3
right_child=1 2 -4 -5 -6 -7
leaf_value=0.00023071683748295826 -0.0026572585097010717 -0.00038407946883164956 0.0003056938999256853 -2.5499984885735129e-05 -0.0012971146491263686 0.0015427586057973786
leaf_weight=20375 1667 2196 32577 56071 6395 1788
leaf_count=20375 1667 2196 32577 56071 6395 1788
internal_value=-8.77562e-06 -7.72103e-05 -4.78381e-05 -0.000191483 -0.00100515 0.000676861
internal_weight=121069 100694 99027 66450 10379 3984
internal_count=121069 100694 99027 66450 10379 3984
is_linear=0
shrinkage=0.05


Tree=190
num_leaves=7
num_cat=0
split_feature=5 2 4 2 0 4
split_gain=1.68233 2.07735 2.21438 2.39492 7.05589 2.90005
threshold=14.500000000000002 7.5000000000000009 1.2802070932125558 1.5000000000000002 51.500000000000007 0.94478051643015026
decision_type=2 2 10 2 2 10
left_child=1 2 3 4 -1 -6
right_child=-2 -3 -4 -5 5 -7
leaf_value=0.00018623864513921953 -0.00019355304899769667 -0.0038270018667155153 -0.00078578594533164077 -3.9898164617979685e-05 0.0032537964052968497 0.0010864743319131177
leaf_weight=20346 65653 1282 1241 30265 1001 1000
leaf_count=20346 65653 1282 1241 30265 1001 1000
internal_value=-6.37454e-05 0.000139871 0.000187298 0.000236616 0.000629138 0.00345837
internal_weight=120788 55135 53853 52612 22347 2001
internal_count=120788 55135 53853 52612 22347 2001
is_linear=0
shrinkage=0.05


Tree=191
num_leaves=7
num_cat=0
split_feature=0 2 4 3 3 3
split_gain=1.21134 1.9997 0.965569 2.29664 2.45836 2.74073
threshold=106.50000000000001 6.5000000000000009 0.76976279310959261 -27.047836800613386 -11.960198830183433 -3.7052785686002969
decision_type=2 2 10 2 2 2
left_child=1 -1 -2 -4 -5 -6
right_child=2 -3 3 4 5 -7
leaf_value=-1.3756695801081521e-05 0.0027476006032158109 -0.0017559827445633724 -0.0049045149015027219 0.0040581953966409706 -0.0043834225578745058 0.0010787273964082856
leaf_weight=105929 1091 1810 1048 2322 1528 7069
leaf_count=105929 1091 1810 1048 2322 1528 7069
internal_value=6.51893e-06 -4.86106e-05 0.000461226 0.000330981 0.000545817 0.000155487
internal_weight=120797 107739 13058 11967 10919 8597
internal_count=120797 107739 13058 11967 10919 8597
is_linear=0
shrinkage=0.05


Tree=192
num_leaves=7
num_cat=0
split_feature=2 0 3 3 0 6
split_gain=1.03921 2.62696 2.59794 5.20878 2.31662 2.1136
threshold=1.0000000180025095e-35 40.500000000000007 19.469908604945044 9.0787862630256217 50.500000000000007 1.0000000180025095e-35
decision_type=2 2 2 2 2 2
left_child=2 5 3 4 -1 -2
right_child=1 -3 -4 -5 -6 -7
leaf_value=0.00011964902123972888 -0.00082083854949187025 1.695317022074039e-06 -0.0015729295733679872 0.0022247056683606355 -0.0016223207563995257 -0.00016096953015415361
leaf_weight=20838 6531 76440 1049 1880 1007 13581
leaf_count=20838 6531 76440 1049 1880 1007 13581
internal_value=-5.37785e-05 -0.000127904 0.000235078 0.00034292 0.000125286 -0.000636278
internal_weight=121326 96552 24774 23725 21845 20112
internal_count=121326 96552 24774 23725 21845 20112
is_linear=0
shrinkage=0.05


Tree=193
num_leaves=7
num_cat=0
split_feature=2 0 4 3 0 2
split_gain=1.39458 1.70867 1.37305 2.04366 3.03743 3.15548
threshold=6.5000000000000009 98.500000000000014 0.76976279310959261 -12.747454942949622 72.500000000000014 2.5000000000000004
decision_type=2 2 8 2 2 2
left_child=2 -2 -1 4 5 -4
right_child=1 -3 3 -5 -6 -7
leaf_value=0.00023307691860064984 -0.0022331479757644462 -0.00061651084459612981 -0.00025187172881875332 2.1177394248345085e-05 -0.00019181404802701696 -0.0020622192111418914
leaf_weight=28429 1058 3733 1694 74422 9827 1834
leaf_count=28429 1058 3733 1694 74422 9827 1834
internal_value=-6.30155e-06 -0.000841847 2.81815e-05 -6.96327e-05 -0.000639034 -0.00189641
internal_weight=120997 4791 116206 87777 13355 3528
internal_count=120997 4791 116206 87777 13355 3528
is_linear=0
shrinkage=0.05


Tree=194
num_leaves=7
num_cat=0
split_feature=5 3 2 0 0 2
split_gain=0.813309 1.61365 1.7886 4.11251 1.75003 5.57398
threshold=14.500000000000002 -42.213268418439334 4.5000000000000009 72.500000000000014 19.500000000000004 1.5000000000000002
decision_type=2 2 2 2 2 2
left_child=1 -1 4 -4 -3 -6
right_child=-2 2 3 -5 5 -7
leaf_value=0.00078568793815944344 -0.00017045323034694528 -0.00017608512079744787 -0.0019056991351253105 -0.00031466966211922691 0.00066721467765405999 -8.2169387311073491e-05
leaf_weight=2031 65872 15594 1083 5941 8770 21916
leaf_count=2031 65872 15594 1083 5941 8770 21916
internal_value=-9.2297e-05 4.90152e-05 -3.75171e-06 -0.000746906 0.000109107 0.000328272
internal_weight=121207 55335 53304 7024 46280 30686
internal_count=121207 55335 53304 7024 46280 30686
is_linear=0
shrinkage=0.05


Tree=195
num_leaves=7
num_cat=0
split_feature=4 0 0 2 0 3
split_gain=0.915852 2.16094 1.62701 2.39311 2.51432 2.0438
threshold=0.67848743297299696 3.5000000000000004 92.500000000000014 4.5000000000000009 35.500000000000007 -17.832828545432488
decision_type=10 2 2 2 2 2
left_child=2 -2 3 4 5 -1
right_child=1 -3 -4 -5 -6 -7
leaf_value=-0.0018623723377834578 -0.00076101714304281371 -4.223135203755557e-05 0.0028439493247574667 -0.00063696564475752566 0.0011183830416456265 0.00012162617264790677
leaf_weight=1013 1290 100664 1013 1743 4122 11274
leaf_count=1013 1290 100664 1013 1743 4122 11274
internal_value=-1.51704e-05 -7.4785e-05 0.000301904 0.000192763 0.000380011 2.13554e-05
internal_weight=121119 101954 19165 18152 16409 12287
internal_count=121119 101954 19165 18152 16409 12287
is_linear=0
shrinkage=0.05


Tree=196
num_leaves=7
num_cat=0
split_feature=2 4 3 2 0 5
split_gain=1.12114 1.66058 1.04286 3.75406 3.09749 4.65664
threshold=7.5000000000000009 0.785976188484659 -7.6903621408887579 1.5000000000000002 76.500000000000014 6.5000000000000009
decision_type=2 10 2 2 2 2
left_child=2 -2 3 -1 5 -5
right_child=1 -3 -4 4 -6 -7
leaf_value=0.00053827562831209046 -0.0052744944292915322 0.00042165970379844933 -8.2233609906345883e-05 0.0011991491920166936 0.00046290324069126756 -0.00050211510386530408
leaf_weight=9136 1047 1092 72894 2279 18254 15862
leaf_count=9136 1047 1092 72894 2279 18254 15862
internal_value=-3.7323e-06 -0.00113689 1.67821e-05 0.000204509 -2.30082e-05 -0.000485644
internal_weight=120564 2139 118425 45531 36395 18141
internal_count=120564 2139 118425 45531 36395 18141
is_linear=0
shrinkage=0.05


Tree=197
num_leaves=7
num_cat=0
split_feature=6 0 5 4 3 3
split_gain=0.803851 0.802914 1.20301 2.06419 3.07617 1.40566
threshold=2.5000000000000004 4.5000000000000009 14.500000000000002 0.9947692467815592 10.705341087301589 -36.798861614776875
decision_type=2 2 2 10 2 2
left_child=1 -1 3 -3 -5 -4
right_child=-2 2 5 4 -6 -7
leaf_value=-0.00026110439987889477 -0.0012278794530357741 2.3477329886484322e-05 -0.0019060162711139973 0.0010098712587187225 -0.00061787463189402205 -9.5795822903385624e-05
leaf_weight=5080 1538 42203 1435 5420 1701 63732
leaf_count=5080 1538 42203 1435 5420 1701 63732
internal_value=-4.88176e-05 -3.41833e-05 -6.87797e-06 0.000179408 0.000966531 -0.000147878
internal_weight=121109 119571 114491 49324 7121 65167
internal_count=121109 119571 114491 49324 7121 65167
is_linear=0
shrinkage=0.05


Tree=198
num_leaves=7
num_cat=0
split_feature=5 2 4 0 2 4
split_gain=1.06723 0.947038 2.12849 0.86034 2.29517 3.06618
threshold=36.500000000000007 7.5000000000000009 0.78326904957307064 62.500000000000007 3.5000000000000004 0.64211133711046309
decision_type=2 2 10 2 2 10
left_child=1 3 -3 4 -1 -6
right_child=-2 2 -4 -5 5 -7
leaf_value=-3.787791416440256e-05 0.0022972249354509425 -0.0053341018904048167 0.00087738182979860135 0.00013584644006487957 0.00051549266827765478 -0.002045317894832832
leaf_weight=60010 1179 1031 1107 54386 1114 1991
leaf_count=60010 1179 1031 1107 54386 1114 1991
internal_value=-5.17286e-06 -1.9955e-05 -0.0010616 -9.57398e-07 -0.000126545 -0.00145096
internal_weight=120818 119639 2138 117501 63115 3105
internal_count=120818 119639 2138 117501 63115 3105
is_linear=0
shrinkage=0.05


Tree=199
num_leaves=7
num_cat=0
split_feature=0 2 3 4 6 2
split_gain=0.752572 1.33962 3.10593 2.96861 1.88231 4.58741
threshold=12.500000000000002 1.5000000000000002 -8.5501574873896171 1.3500983242561084 1.0000000180025095e-35 1.0000000180025095e-35
decision_type=2 2 2 10 2 2
left_child=-1 2 -2 -3 5 -4
right_child=1 3 4 -5 -6 -7
leaf_value=-0.00017970875047604862 0.00057005738218863795 -0.00012914217094394111 0.0003094288623273045 0.0015394341540567848 0.00051822936643884383 -0.00065549835164569479
leaf_weight=13299 7083 71065 11939 1197 6176 10172
leaf_count=13299 7083 71065 11939 1197 6176 10172
internal_value=-2.38763e-05 1.99745e-05 0.000272085 -0.000103436 3.75548e-05 -0.000178039
internal_weight=120931 107632 35370 72262 28287 22111
internal_count=120931 107632 35370 72262 28287 22111
is_linear=0
shrinkage=0.05


Tree=200
num_leaves=7
num_cat=0
split_feature=3 4 4 0 2 3
split_gain=0.782488 1.95784 0.899631 3.51113 4.59513 4.57397
threshold=38.410272475673622 1.3675688197750497 1.0552382079371254 88.500000000000014 1.0000000180025095e-35 15.073060259242775
decision_type=2 10 10 2 2 2
left_child=2 -2 -1 4 -4 -5
right_child=1 -3 3 5 -6 -7
leaf_value=-6.1576395713949802e-05 -0.0033665787081365362 0.00028863066311126675 0.00050195478853982684 0.0042267640201596735 -0.00051687365679591588 0.00026225989328473311
leaf_weight=90408 1206 1113 7984 2592 12522 5139
leaf_count=90408 1206 1113 7984 2592 12522 5139
internal_value=-3.2653e-05 -0.000941265 -1.48546e-05 0.000231481 -0.000110916 0.00113915
internal_weight=120964 2319 118645 28237 20506 7731
internal_count=120964 2319 118645 28237 20506 7731
is_linear=0
shrinkage=0.05


Tree=201
num_leaves=7
num_cat=0
split_feature=4 2 4 3 3 0
split_gain=1.03055 2.04155 5.20075 3.15029 2.76106 2.96774
threshold=0.98835758774313287 1.0000000180025095e-35 1.2694699937735119 18.134302513861829 2.1361033651451575 39.500000000000007
decision_type=10 2 10 2 2 2
left_child=-1 2 -2 -4 5 -3
right_child=1 4 3 -5 -6 -7
leaf_value=-5.2953586074613868e-05 0.00098514144355119353 -0.00062370126777916424 0.00013533395394971782 -0.0017909277605813901 -0.00017116346378222571 0.0014430039347462455
leaf_weight=76764 6658 1470 2476 1035 27251 4973
leaf_count=76764 6658 1470 2476 1035 27251 4973
internal_value=3.49203e-05 0.000228242 0.000848978 -0.00070748 4.08024e-05 0.000971231
internal_weight=120627 43863 10169 3511 33694 6443
internal_count=120627 43863 10169 3511 33694 6443
is_linear=0
shrinkage=0.05


Tree=202
num_leaves=7
num_cat=0
split_feature=2 4 3 3 4 4
split_gain=1.23057 1.18108 1.04065 0.849752 4.72612 1.66625
threshold=7.5000000000000009 0.785976188484659 -46.365838480682321 33.857504482594521 1.3675688197750497 1.5553510002626942
decision_type=2 10 2 2 10 10
left_child=2 -2 -1 5 -5 -4
right_child=1 -3 3 4 -6 -7
leaf_value=0.00094143093575328469 -0.005775783143049368 -0.00049794760201731241 2.1600568871538163e-05 -0.0028430829320191479 0.0011218929472432638 -0.0011671327687016175
leaf_weight=1347 1042 1085 113073 1941 1278 1189
leaf_count=1347 1042 1085 113073 1941 1278 1189
internal_value=-2.30448e-05 -0.00121365 -1.68303e-06 -1.75553e-05 -0.000818083 5.03207e-06
internal_weight=120955 2127 118828 117481 3219 114262
internal_count=120955 2127 118828 117481 3219 114262
is_linear=0
shrinkage=0.05


Tree=203
num_leaves=7
num_cat=0
split_feature=3 4 2 3 2 4
split_gain=0.939517 0.973233 2.41876 2.60229 2.10736 4.13442
threshold=41.818112034573922 1.0552382079371254 4.5000000000000009 16.853886633872026 1.0000000180025095e-35 1.2694699937735119
decision_type=2 10 2 2 2 10
left_child=1 -1 4 -4 5 -3
right_child=-2 2 3 -5 -6 -7
leaf_value=-9.2841334069759812e-05 -0.0010652833008369612 0.001035090166649616 0.0038392369317852395 0.00014822837379476763 -0.00020748447589330477 -0.00022874123986307284
leaf_weight=90423 1893 4627 1063 1277 18224 3397
leaf_count=90423 1893 4627 1063 1277 18224 3397
internal_value=-6.20301e-05 -4.44268e-05 0.000209842 0.0017484 7.23727e-05 0.000747291
internal_weight=120904 119011 28588 2340 26248 8024
internal_count=120904 119011 28588 2340 26248 8024
is_linear=0
shrinkage=0.05


Tree=204
num_leaves=7
num_cat=0
split_feature=3 4 5 4 0 5
split_gain=1.41419 1.80544 1.61245 0.944701 4.69281 1.38745
threshold=27.778252142692299 1.3675688197750497 29.500000000000004 1.1899887648642757 64.500000000000014 14.500000000000002
decision_type=2 10 2 10 2 2
left_child=3 2 -2 5 -5 -1
right_child=1 -3 -4 4 -6 -7
leaf_value=0.00013956419985868828 -0.002222811991223303 0.00047147193671327194 0.00027736252365735404 9.3594563251553361e-05 0.0022758169763738541 -0.00011253761565667431
leaf_weight=53149 2504 1544 1077 6789 1010 54536
leaf_count=53149 2504 1544 1077 6789 1010 54536
internal_value=3.01582e-05 -0.000782164 -0.0013978 6.62401e-05 0.00059745 2.77417e-05
internal_weight=120609 5125 3581 115484 7799 107685
internal_count=120609 5125 3581 115484 7799 107685
is_linear=0
shrinkage=0.05


Tree=205
num_leaves=7
num_cat=0
split_feature=2 1 1 3 4 3
split_gain=1.6352 2.32912 1.00818 2.57666 2.24965 1.65886
threshold=6.5000000000000009 17.500000000000004 94.500000000000014 8.4925217460303113 1.3894886017720951 18.134302513861829
decision_type=2 2 2 2 10 2
left_child=2 -2 4 -4 5 -1
right_child=1 -3 3 -5 -6 -7
leaf_value=0.00014114613362511407 -0.00049415853209100469 -0.0025483628592887862 -6.3417266842336062e-05 -0.0016584062171511483 0.0013439738885116877 -0.00059386438520480094
leaf_weight=79597 3449 1364 25389 1100 1878 8110
leaf_count=79597 3449 1364 25389 1100 1878 8110
internal_value=1.78879e-05 -0.000884703 5.53502e-05 -0.000215615 0.000135478 9.87607e-05
internal_weight=120887 4813 116074 26489 89585 87707
internal_count=120887 4813 116074 26489 89585 87707
is_linear=0
shrinkage=0.05


Tree=206
num_leaves=7
num_cat=0
split_feature=0 4 4 3 5 4
split_gain=0.854703 1.65196 1.31267 1.53401 1.34242 2.56766
threshold=15.500000000000002 0.27858542319272966 1.3894886017720951 38.410272475673622 8.5000000000000018 0.86159249749068245
decision_type=2 8 10 2 2 10
left_child=1 -1 3 4 5 -2
right_child=2 -3 -4 -5 -6 -7
leaf_value=0.00058405180569545136 9.5033283226653173e-05 -0.00023338918927370001 0.0011864396062105126 -0.0021366115190606882 2.8184073145082202e-05 0.0016808441360805617
leaf_weight=2450 7758 13872 2338 1379 90663 2413
leaf_count=2450 7758 13872 2338 1379 90663 2413
internal_value=4.70516e-05 -0.000289398 9.95878e-05 7.27612e-05 9.54492e-05 0.000639986
internal_weight=120873 16322 104551 102213 100834 10171
internal_count=120873 16322 104551 102213 100834 10171
is_linear=0
shrinkage=0.05


Tree=207
num_leaves=7
num_cat=0
split_feature=4 0 2 0 3 4
split_gain=0.968707 2.39634 3.42682 2.2408 2.21623 1.82784
threshold=0.70089377962016219 97.500000000000014 4.5000000000000009 62.500000000000007 -36.798861614776875 0.62071061262197957
decision_type=8 2 2 2 2 10
left_child=1 2 3 -1 -2 -4
right_child=4 -3 5 -5 -6 -7
leaf_value=0.00016214244060523409 -0.003166233521397205 0.0037709635803948038 -0.0014441402405344862 0.0022447454139337686 -3.9638239601214048e-05 -7.1225907305949579e-05
leaf_weight=15658 1192 1029 1285 1463 99265 1054
leaf_count=15658 1192 1029 1285 1463 99265 1054
internal_value=-1.13682e-05 0.000301918 0.000177241 0.000422603 -7.52772e-05 -0.00161583
internal_weight=120946 20489 19460 17121 100457 2339
internal_count=120946 20489 19460 17121 100457 2339
is_linear=0
shrinkage=0.05


Tree=208
num_leaves=7
num_cat=0
split_feature=3 0 6 4 3 3
split_gain=0.946033 0.961415 2.16096 2.6721 3.05922 2.07802
threshold=41.818112034573922 103.50000000000001 1.0000000180025095e-35 0.89466680833113266 -2.4728177603848152 20.284146302412633
decision_type=2 2 2 10 2 2
left_child=1 -1 3 -3 -5 -6
right_child=-2 2 -4 4 5 -7
leaf_value=-2.6661418304890774e-05 -0.0011309066302916616 0.0039793945794238117 -0.00011990157521024614 -0.0038915917077188139 0.0042059211887116475 -0.0010580021905459592
leaf_weight=103808 1875 1536 9687 1016 1877 1009
leaf_count=103808 1875 1536 9687 1016 1877 1009
internal_value=2.48318e-06 2.00735e-05 0.000392432 0.0011896 0.000492705 0.00132307
internal_weight=120808 118933 15125 5438 3902 2886
internal_count=120808 118933 15125 5438 3902 2886
is_linear=0
shrinkage=0.05


Tree=209
num_leaves=7
num_cat=0
split_feature=2 0 3 4 0 3
split_gain=0.779009 2.08759 3.4937 1.89442 3.57196 3.00908
threshold=1.0000000180025095e-35 19.500000000000004 -1.8726352613274588 0.9757534177144408 37.500000000000007 19.469908604945044
decision_type=2 2 2 10 2 2
left_child=3 2 -2 4 -1 -5
right_child=1 -3 -4 5 -6 -7
leaf_value=5.7852662138624394e-05 -0.00024184923509516234 2.2043976082430917e-05 -0.0015831070654980129 0.00064183832482791201 -0.0024817704576147073 -0.0011172875892789037
leaf_weight=13077 3958 91029 1303 9502 1003 1043
leaf_count=13077 3958 91029 1303 9502 1003 1043
internal_value=3.27696e-05 -3.14139e-05 -0.000999335 0.000283699 -9.58466e-05 0.000790284
internal_weight=120915 96290 5261 24625 14080 10545
internal_count=120915 96290 5261 24625 14080 10545
is_linear=0
shrinkage=0.05


end of trees

feature_importances:
legal_balls=381
wickets=312
run_rate_rel=207
runs_vs_par=156
wickets_last_12=73
runs_last_12=70
balls_remaining=61

parameters:
[boosting: gbdt]
[objective: quantile]
[metric: quantile]
[tree_learner: serial]
[device_type: cpu]
[data_sample_strategy: bagging]
[data: ]
[valid: ]
[num_iterations: 210]
[learning_rate: 0.05]
[num_leaves: 7]
[num_threads: 4]
[seed: 7]
[deterministic: 1]
[force_col_wise: 0]
[force_row_wise: 1]
[histogram_pool_size: -1]
[max_depth: -1]
[min_data_in_leaf: 1000]
[min_sum_hessian_in_leaf: 0.001]
[bagging_fraction: 0.8]
[pos_bagging_fraction: 1]
[neg_bagging_fraction: 1]
[bagging_freq: 1]
[bagging_seed: 17422]
[bagging_by_query: 0]
[feature_fraction: 0.8]
[feature_fraction_bynode: 1]
[feature_fraction_seed: 7040]
[extra_trees: 0]
[extra_seed: 6516]
[early_stopping_round: 0]
[early_stopping_min_delta: 0]
[first_metric_only: 0]
[max_delta_step: 0]
[lambda_l1: 0]
[lambda_l2: 5]
[linear_lambda: 0]
[min_gain_to_split: 0]
[drop_rate: 0.1]
[max_drop: 50]
[skip_drop: 0.5]
[xgboost_dart_mode: 0]
[uniform_drop: 0]
[drop_seed: 15215]
[top_rate: 0.2]
[other_rate: 0.1]
[min_data_per_group: 100]
[max_cat_threshold: 32]
[cat_l2: 10]
[cat_smooth: 10]
[max_cat_to_onehot: 4]
[top_k: 20]
[monotone_constraints: ]
[monotone_constraints_method: basic]
[monotone_penalty: 0]
[feature_contri: ]
[forcedsplits_filename: ]
[refit_decay_rate: 0.9]
[cegb_tradeoff: 1]
[cegb_penalty_split: 0]
[cegb_penalty_feature_lazy: ]
[cegb_penalty_feature_coupled: ]
[path_smooth: 0]
[interaction_constraints: ]
[verbosity: -1]
[saved_feature_importance_type: 0]
[use_quantized_grad: 0]
[num_grad_quant_bins: 4]
[quant_train_renew_leaf: 0]
[stochastic_rounding: 1]
[linear_tree: 0]
[max_bin: 255]
[max_bin_by_feature: ]
[min_data_in_bin: 3]
[bin_construct_sample_cnt: 200000]
[data_random_seed: 61]
[is_enable_sparse: 1]
[enable_bundle: 1]
[use_missing: 1]
[zero_as_missing: 0]
[feature_pre_filter: 1]
[pre_partition: 0]
[two_round: 0]
[header: 0]
[label_column: ]
[weight_column: ]
[group_column: ]
[ignore_column: ]
[categorical_feature: ]
[forcedbins_filename: ]
[precise_float_parser: 0]
[parser_config_file: ]
[objective_seed: 15521]
[num_class: 1]
[is_unbalance: 0]
[scale_pos_weight: 1]
[sigmoid: 1]
[boost_from_average: 1]
[reg_sqrt: 0]
[alpha: 0.75]
[fair_c: 1]
[poisson_max_delta_step: 0.7]
[tweedie_variance_power: 1.5]
[lambdarank_truncation_level: 30]
[lambdarank_norm: 1]
[label_gain: ]
[lambdarank_position_bias_regularization: 0]
[eval_at: ]
[multi_error_top_k: 1]
[auc_mu_weights: ]
[num_machines: 1]
[local_listen_port: 12400]
[time_out: 120]
[machine_list_filename: ]
[machines: ]
[gpu_platform_id: -1]
[gpu_device_id: -1]
[gpu_device_id_list: ]
[gpu_use_dp: 0]
[num_gpu: 1]

end of parameters

pandas_categorical:null
