tree
version=v4
num_class=1
num_tree_per_iteration=1
label_index=0
max_feature_idx=6
objective=quantile
feature_names=legal_balls balls_remaining wickets runs_vs_par run_rate_rel runs_last_12 wickets_last_12
feature_infos=[0:119] [1:120] [0:9] [-93.522574517825831:112.63936535162949] [0:8.2525389670341607] [0:64] [0:5]
tree_sizes=757 805 799 799 806 804 806 797 802 802 811 801 807 808 814 812 810 811 812 814 809 807 813 809 811 808 813 818 808 809 812 810 817 815 822 819 812 826 817 812 815 816 817 818 819 818 819 820 815 816 821 827 821 816 815 821 823 823 821 827 818 821 816 811 811 821 825 823 811 816 826 819 810 818 826 827 819 810 815 820 819 822 817 814 820 815 813 814 826 825 817 819 810 824 821 819 817 810 816 825 828 826 822 810 824 824 826 823 816 823 825 825 819 827 809 822 825 814 820 825 823 825 816 818 819 823 824 825 820 816 818 821 818 827 818 830 816 820 812 818 817 827 817 819 819 819 821 817 816 818 820 816 815 818 826 813 821 826 819 817 819 813 814 822 822 821 815 819 813 814 818 811 824 822 816 817 817 821 823 827 828 821 822 817 824 828 816 817 817 821 813 825 824 808 820 817 810 818 817 830 824 834 818 818 825 813 813 823 824 819 824 828 819 822 817 813 806 824 816 817 807 817 821 822 814 814 821 814 825 821 814 812 823 812 820 814 816 825 816

Tree=0
num_leaves=7
num_cat=0
split_feature=0 0 5 0 4 2
split_gain=1349.16 129.216 113.087 55.5076 41.0963 36.0588
threshold=89.500000000000014 68.500000000000014 17.500000000000004 99.500000000000014 0.83555532401761334 3.5000000000000004
decision_type=2 2 2 2 10 2
left_child=1 -1 4 -4 -2 -3
right_child=2 5 3 -5 -6 -7
leaf_value=1.5420194032637453 1.5582032591175987 1.5555913568464284 1.565574870158251 1.5891787876882433 1.5709392618549713 1.5466552779019054
leaf_weight=69540 4771 13484 4815 12459 8049 7613
leaf_count=69540 4771 13484 4815 12459 8049 7613
internal_value=1.55295 1.54991 1.56213 1.56477 1.55857 1.55334
internal_weight=120731 90637 30094 17274 12820 21097
internal_count=120731 90637 30094 17274 12820 21097
is_linear=0
shrinkage=1


Tree=1
num_leaves=7
num_cat=0
split_feature=0 0 0 4 6 6
split_gain=1206.99 138.882 84.9014 57.4131 46.1502 41.8636
threshold=85.500000000000014 105.50000000000001 63.500000000000007 0.83555532401761334 1.0000000180025095e-35 1.0000000180025095e-35
decision_type=2 2 2 10 2 2
left_child=2 3 -1 -2 -3 -5
right_child=1 4 -4 5 -6 -7
leaf_value=-0.011002936102717764 0.0017242275418991742 0.040289830001918686 -0.0010690928417616467 0.015263705668179153 0.033986253800293152 0.0082671426191351736
leaf_weight=64619 5446 4969 22159 7362 9163 7483
leaf_count=64619 5446 4969 22159 7362 9163 7483
internal_value=-0.000130399 0.00779119 -0.00327299 0.0051387 0.0115965 0.00674916
internal_weight=121201 34423 86778 20291 14132 14845
internal_count=121201 34423 86778 20291 14132 14845
is_linear=0
shrinkage=0.05


Tree=2
num_leaves=7
num_cat=0
split_feature=1 1 5 4 2 1
split_gain=1092.6 124.035 86.3033 37.6591 35.2044 31.6327
threshold=29.500000000000004 52.500000000000007 20.500000000000004 0.83555532401761334 3.5000000000000004 13.500000000000002
decision_type=2 2 2 10 2 2
left_child=2 4 3 -1 -2 -4
right_child=1 -3 5 -5 -6 -7
leaf_value=0.0063666547081293046 0.0024200341625903454 -0.010012476387024995 0.044159246270595337 0.017677268719081405 -0.0059699942847285421 0.015995926687329493
leaf_weight=5512 14703 68639 6507 11299 8350 5876
leaf_count=5512 14703 68639 6507 11299 8350 5876
internal_value=-0.000250888 -0.00293314 0.00817254 0.0058364 0.000240046 0.0113404
internal_weight=120886 91692 29194 16811 23053 12383
internal_count=120886 91692 29194 16811 23053 12383
is_linear=0
shrinkage=0.05


Tree=3
num_leaves=7
num_cat=0
split_feature=0 0 0 5 3 4
split_gain=968.433 123.813 62.5991 47.8789 29.9337 22.4835
threshold=83.500000000000014 99.500000000000014 58.500000000000007 20.500000000000004 -13.166626082414565 0.85431568711396466
decision_type=2 2 2 2 2 10
left_child=2 4 -1 5 -2 -3
right_child=1 3 -4 -5 -6 -7
leaf_value=-0.010505164078761309 0.0013812009049315281 0.011688726239249067 -0.0020753892162134083 0.032686534209179913 0.008965274321060623 0.022761498729804271
leaf_weight=59518 6495 3735 25148 9350 9697 7019
leaf_count=59518 6495 3735 25148 9350 9697 7019
internal_value=-0.000360926 0.00647145 -0.00329015 0.00909195 0.00321603 0.00681104
internal_weight=120962 36296 84666 20104 16192 10754
internal_count=120962 36296 84666 20104 16192 10754
is_linear=0
shrinkage=0.05


Tree=4
num_leaves=7
num_cat=0
split_feature=0 0 2 0 2 2
split_gain=865.767 123.889 68.2833 59.1936 48.1753 29.1665
threshold=82.500000000000014 101.50000000000001 4.5000000000000009 56.500000000000007 5.5000000000000009 2.5000000000000004
decision_type=2 2 2 2 2 2
left_child=3 2 -2 -1 -3 -5
right_child=1 4 -4 5 -6 -7
leaf_value=-0.010071466071200819 0.0089762955318959496 0.028493329955245068 -0.0042310865432974316 0.00080000406266322877 0.022296162523087717 -0.0061916968441065087
leaf_weight=57597 13744 11587 5433 12884 6552 13227
leaf_count=57597 13744 11587 5433 12884 6552 13227
internal_value=-0.000388503 0.00594491 0.00314175 -0.00321205 0.0089068 -0.00123698
internal_weight=121024 37316 19177 83708 18139 26111
internal_count=121024 37316 19177 83708 18139 26111
is_linear=0
shrinkage=0.05


Tree=5
num_leaves=7
num_cat=0
split_feature=0 0 0 2 2 2
split_gain=781.852 82.8008 81.8506 78.4785 33.9748 27.5773
threshold=87.500000000000014 63.500000000000007 106.50000000000001 4.5000000000000009 5.5000000000000009 2.5000000000000004
decision_type=2 2 2 2 2 2
left_child=1 -1 3 -2 -4 -3
right_child=2 5 4 -5 -6 -7
leaf_value=-0.0090264850495406553 0.011715785970889944 0.0023988285901609353 0.035498311553186966 -0.0007302407674935243 0.026664728807995454 -0.0039940612841696923
leaf_weight=64453 12512 10154 7680 6658 5359 14063
leaf_count=64453 12512 10154 7680 6658 5359 14063
internal_value=-0.000481413 -0.00290499 0.00619001 0.00410952 0.00924601 -0.00041223
internal_weight=120879 88670 32209 19170 13039 24217
internal_count=120879 88670 32209 19170 13039 24217
is_linear=0
shrinkage=0.05


Tree=6
num_leaves=7
num_cat=0
split_feature=0 0 2 0 2 2
split_gain=706.039 102.504 64.1171 54.3458 37.2346 25.6412
threshold=81.500000000000014 104.50000000000001 4.5000000000000009 51.500000000000007 5.5000000000000009 2.5000000000000004
decision_type=2 2 2 2 2 2
left_child=3 2 -2 -1 -3 -5
right_child=1 4 -4 5 -6 -7
leaf_value=-0.0095855344891376607 0.008380674464065296 0.029790195500643313 -0.0026362850102641835 -8.4763108323172929e-05 0.022509121750944185 -0.0065139887571786688
leaf_weight=52404 16326 9193 6972 15938 5925 14096
leaf_count=52404 16326 9193 6972 15938 5925 14096
internal_value=-0.000507783 0.00509018 0.00300862 -0.00311658 0.00829597 -0.00142049
internal_weight=120854 38416 23298 82438 15118 30034
internal_count=120854 38416 23298 82438 15118 30034
is_linear=0
shrinkage=0.05


Tree=7
num_leaves=7
num_cat=0
split_feature=0 0 0 2 2 2
split_gain=648.682 98.5935 63.8618 61.3679 31.0547 23.4313
threshold=91.500000000000014 65.500000000000014 112.50000000000001 4.5000000000000009 4.5000000000000009 5.5000000000000009
decision_type=2 2 2 2 2 2
left_child=1 -1 3 -2 -3 -4
right_child=2 4 5 -5 -6 -7
leaf_value=-0.0079941396158686225 0.013187886938516098 0.0012487188442433681 0.052447358075147991 0.0042616263784602043 -0.010387377132693576 0.037751045395856157
leaf_weight=66451 12132 22031 3610 9073 4134 3284
leaf_count=66451 12132 22031 3610 9073 4134 3284
internal_value=-0.000574264 -0.00259315 0.00607938 0.00471829 6.68585e-06 0.0102595
internal_weight=120715 92616 28099 21205 26165 6894
internal_count=120715 92616 28099 21205 26165 6894
is_linear=0
shrinkage=0.05


Tree=8
num_leaves=7
num_cat=0
split_feature=1 1 1 2 2 1
split_gain=571.053 73.5172 62.6564 58.7305 25.1297 24.7404
threshold=35.500000000000007 10.500000000000002 68.500000000000014 4.5000000000000009 2.5000000000000004 24.500000000000004
decision_type=2 2 2 2 2 2
left_child=1 -1 4 5 -2 -3
right_child=2 3 -4 -5 -6 -7
leaf_value=0.033775751507588152 0.00033299099948119488 0.013032910538127947 -0.0087479976042048498 3.2640130054747854e-05 -0.0055175700523302324 0.0052232363222456885
leaf_weight=9965 16845 8073 52436 8997 16102 8276
leaf_count=9965 16845 8073 52436 8997 16102 8276
internal_value=-0.000653031 0.00469461 -0.00286475 0.00326299 -0.00115577 0.005048
internal_weight=120694 35311 85383 25346 32947 16349
internal_count=120694 35311 85383 25346 32947 16349
is_linear=0
shrinkage=0.05


Tree=9
num_leaves=7
num_cat=0
split_feature=0 0 2 0 2 0
split_gain=517.674 82.7845 41.4343 41.0517 36.2257 27.9193
threshold=78.500000000000014 97.500000000000014 4.5000000000000009 43.500000000000007 5.5000000000000009 113.50000000000001
decision_type=2 2 2 2 2 2
left_child=3 2 -2 -1 5 -3
right_child=1 4 -4 -5 -6 -7
leaf_value=-0.0089289305060198838 0.0047026249996498602 0.013307809151135698 -0.0060736124329574528 -0.003166937668069632 0.013259562140945178 0.053338666703062455
leaf_weight=44448 14565 11755 4575 35127 7306 3071
leaf_count=44448 14565 11755 4575 35127 7306 3071
internal_value=-0.000688322 0.00385541 0.00144685 -0.00304505 0.00593757 0.00735756
internal_weight=120847 41272 19140 79575 22132 14826
internal_count=120847 41272 19140 79575 22132 14826
is_linear=0
shrinkage=0.05


Tree=10
num_leaves=7
num_cat=0
split_feature=0 0 2 0 0 2
split_gain=472.559 67.048 52.6746 45.6756 28.9584 23.3649
threshold=80.500000000000014 111.50000000000001 4.5000000000000009 42.500000000000007 93.500000000000014 2.5000000000000004
decision_type=2 2 2 2 2 2
left_child=3 2 4 -1 -2 -5
right_child=1 -3 -4 5 -6 -7
leaf_value=-0.0085273564313445242 0.0040886916627357571 0.037138931523441165 -0.00021214217141438176 -0.00082591800028121952 0.011680717169952151 -0.0068178460084563856
leaf_weight=43437 10141 7983 10933 22465 10342 15661
leaf_count=43437 10141 7983 10933 22465 10342 15661
internal_value=-0.000695728 0.0038005 0.00275994 -0.00286773 0.00425542 -0.00160447
internal_weight=120962 39399 31416 81563 20483 38126
internal_count=120962 39399 31416 81563 20483 38126
is_linear=0
shrinkage=0.05


Tree=11
num_leaves=7
num_cat=0
split_feature=0 0 2 0 2 0
split_gain=439.166 74.7863 35.8568 32.0979 38.9 30.0672
threshold=74.500000000000014 94.500000000000014 4.5000000000000009 114.50000000000001 4.5000000000000009 40.500000000000007
decision_type=2 2 2 2 2 2
left_child=5 2 -2 4 -3 -1
right_child=1 3 -4 -5 -6 -7
leaf_value=-0.0081963270833837251 0.0031327763690026894 0.01221748377184587 -0.0073158015415340054 0.048127548558664732 0.005023700516088578 -0.0034300203823167037
leaf_weight=41575 16059 10757 4163 4960 9523 33934
leaf_count=41575 16059 10757 4163 4960 9523 33934
internal_value=-0.000702248 0.00318011 0.000914123 0.00499505 0.00411141 -0.00303977
internal_weight=120971 45462 20222 25240 20280 75509
internal_count=120971 45462 20222 25240 20280 75509
is_linear=0
shrinkage=0.05


Tree=12
num_leaves=7
num_cat=0
split_feature=0 0 0 2 2 2
split_gain=383.468 54.6986 40.4574 31.479 27.8197 26.3474
threshold=78.500000000000014 96.500000000000014 41.500000000000007 4.5000000000000009 1.5000000000000002 5.5000000000000009
decision_type=2 2 2 2 2 2
left_child=2 3 -1 -2 -4 -3
right_child=1 5 4 -5 -6 -7
leaf_value=-0.0076910440003705623 0.003788964080253374 0.015141490557787194 0.00061881710570527767 -0.0055122498377303568 -0.0047912144759209392 0.010250120340067915
leaf_weight=42322 13893 15684 11624 4223 25358 7571
leaf_count=42322 13893 15684 11624 4223 25358 7571
internal_value=-0.000739768 0.00316234 -0.00277547 0.00110204 -0.00156704 0.00476677
internal_weight=120675 41371 79304 18116 36982 23255
internal_count=120675 41371 79304 18116 36982 23255
is_linear=0
shrinkage=0.05


Tree=13
num_leaves=7
num_cat=0
split_feature=1 1 2 1 2 2
split_gain=364.178 65.6366 34.0196 31.7726 24.8801 22.5238
threshold=44.500000000000007 19.500000000000004 4.5000000000000009 77.500000000000014 1.5000000000000002 5.5000000000000009
decision_type=2 2 2 2 2 2
left_child=1 5 -3 4 -2 -1
right_child=3 2 -4 -5 -6 -7
leaf_value=0.017809112123887954 0.00042795279766546515 0.0037359338873631876 -0.0046464910875535859 -0.0072464195490109075 -0.0050027671055971092 0.012371349270857777
leaf_weight=12334 10637 19165 6099 43489 22407 6848
leaf_count=12334 10637 19165 6099 43489 22407 6848
internal_value=-0.000720716 0.0028789 0.00120424 -0.00281122 -0.00164211 0.00508365
internal_weight=120979 44446 25264 76533 33044 19182
internal_count=120979 44446 25264 76533 33044 19182
is_linear=0
shrinkage=0.05


Tree=14
num_leaves=7
num_cat=0
split_feature=1 1 4 1 2 1
split_gain=321.139 53.6725 37.6871 30.6453 22.6255 17.0757
threshold=45.500000000000007 6.5000000000000009 0.83314409628987696 80.500000000000014 1.5000000000000002 27.500000000000004
decision_type=2 2 10 2 2 2
left_child=1 -1 -3 4 -2 -4
right_child=3 2 5 -5 -6 -7
leaf_value=0.039829625525012916 3.9943697926364644e-05 -0.0018916850315996638 0.0085949911111017456 -0.0071616487152340817 -0.0050168777387804842 0.0023600500656662912
leaf_weight=5908 12234 10346 16425 40506 22932 12666
leaf_count=5908 12234 10346 16425 40506 22932 12666
internal_value=-0.000791882 0.00253528 0.00186895 -0.00278566 -0.00170538 0.00279059
internal_weight=121017 45345 39437 75672 35166 29091
internal_count=121017 45345 39437 75672 35166 29091
is_linear=0
shrinkage=0.05


Tree=15
num_leaves=7
num_cat=0
split_feature=0 0 3 0 2 2
split_gain=291.86 51.8187 31.8706 31.2604 22.4118 16.3216
threshold=75.500000000000014 114.50000000000001 -13.591774023957916 37.500000000000007 2.5000000000000004 3.5000000000000004
decision_type=2 2 2 2 2 2
left_child=3 2 5 -1 -5 -2
right_child=1 -3 -4 4 -6 -7
leaf_value=-0.0069021731728912909 0.0058987558112701165 0.043521323452220997 0.0063389856432115622 -0.0011773529183009984 -0.0073151331448916349 -0.0021700156801514234
leaf_weight=38475 3006 4967 24603 24400 13574 11874
leaf_count=38475 3006 4967 24603 24400 13574 11874
internal_value=-0.000798941 0.00242267 0.00181663 -0.00267213 -0.00165407 -1.00785e-05
internal_weight=120899 44450 39483 76449 37974 14880
internal_count=120899 44450 39483 76449 37974 14880
is_linear=0
shrinkage=0.05


Tree=16
num_leaves=7
num_cat=0
split_feature=0 5 0 0 4 4
split_gain=262.798 49.8249 28.0389 25.9981 21.5634 19.5795
threshold=74.500000000000014 19.500000000000004 36.500000000000007 116.50000000000001 1.3500983242561084 0.85186481258249891
decision_type=2 2 2 2 10 10
left_child=2 5 -1 -3 -4 -2
right_child=1 3 4 -5 -6 -7
leaf_value=-0.0066031586972779112 -0.002152111572404311 0.0081016696773047233 -0.003366589663978012 0.06524751963711356 0.0043553006668101187 0.0040064056347660307
leaf_weight=37241 10674 16721 37058 1793 1071 15976
leaf_count=37241 10674 16721 37058 1793 1071 15976
internal_value=-0.000832263 0.00218358 -0.00263947 0.00417571 -0.00168603 0.000799098
internal_weight=120534 45164 75370 18514 38129 26650
internal_count=120534 45164 75370 18514 38129 26650
is_linear=0
shrinkage=0.05


Tree=17
num_leaves=7
num_cat=0
split_feature=0 0 2 5 0 4
split_gain=247.769 60.9114 26.4794 25.7665 15.4531 14.3378
threshold=92.500000000000014 48.500000000000007 3.5000000000000004 20.500000000000004 117.50000000000001 1.3340994559451305
decision_type=2 2 2 2 2 10
left_child=1 -1 5 -2 -5 -3
right_child=3 2 -4 4 -6 -7
leaf_value=-0.0059050799536266131 0.0054767637421811663 -0.00015668835600878483 -0.0061745661417845774 0.011151891214129375 0.075560059810082694 0.005465503130938465
leaf_weight=49570 15377 30557 12530 10631 1140 1016
leaf_count=49570 15377 30557 12530 10631 1140 1016
internal_value=-0.000837197 -0.00205614 -0.000704295 0.00336832 0.00512865 6.76092e-05
internal_weight=120821 93673 44103 27148 11771 31573
internal_count=120821 93673 44103 27148 11771 31573
is_linear=0
shrinkage=0.05


Tree=18
num_leaves=7
num_cat=0
split_feature=0 0 2 0 2 4
split_gain=231.63 37.8689 33.6725 33.1167 23.9687 13.2995
threshold=79.500000000000014 107.50000000000001 4.5000000000000009 37.500000000000007 2.5000000000000004 1.3340994559451305
decision_type=2 2 2 2 2 10
left_child=3 2 -2 -1 5 -5
right_child=1 -3 -4 4 -6 -7
leaf_value=-0.0059082134769814281 0.0047391371766122188 0.019348131653484545 -0.0030746727044993752 -0.0010640692881163649 -0.0061270926093432813 0.0044460692185040764
leaf_weight=38585 19432 12096 8795 25127 15941 1114
leaf_count=38585 19432 12096 8795 25127 15941 1114
internal_value=-0.000789051 0.00230572 0.00130224 -0.00233416 -0.00136559 -0.000436449
internal_weight=121090 40323 28227 80767 42182 26241
internal_count=121090 40323 28227 80767 42182 26241
is_linear=0
shrinkage=0.05


Tree=19
num_leaves=7
num_cat=0
split_feature=0 5 0 2 0 0
split_gain=205.561 45.2269 19.8659 22.4837 19.2169 16.3476
threshold=71.500000000000014 19.500000000000004 36.500000000000007 1.5000000000000002 117.50000000000001 97.500000000000014
decision_type=2 2 2 2 2 2
left_child=2 5 -1 -4 -3 -2
right_child=1 4 3 -5 -6 -7
leaf_value=-0.0056268877014474033 -0.00076522994410700045 0.0075891308689451861 -2.8476092606768912e-05 -0.0046496746881711792 0.072843248212421025 0.0059997995680144342
leaf_weight=37474 17953 18210 13271 21755 1236 11031
leaf_count=37474 17953 18210 13271 21755 1236 11031
internal_value=-0.000805393 0.00171673 -0.00249017 -0.0016337 0.00358182 0.000465003
internal_weight=120930 48430 72500 35026 19446 28984
internal_count=120930 48430 72500 35026 19446 28984
is_linear=0
shrinkage=0.05


Tree=20
num_leaves=7
num_cat=0
split_feature=0 0 2 0 2 0
split_gain=190.991 35.4681 23.4203 22.0069 21.3581 19.465
threshold=73.500000000000014 95.500000000000014 4.5000000000000009 37.500000000000007 2.5000000000000004 116.50000000000001
decision_type=2 2 2 2 2 2
left_child=3 2 -2 -1 -5 -3
right_child=1 5 -4 4 -6 -7
leaf_value=-0.0053902037156194132 0.0019291146548541976 0.0067013246755075282 -0.0058587505096263683 -0.0010449573464322588 -0.0065184702306501155 0.045204670530569396
leaf_weight=38463 17589 21250 4612 23723 12403 2891
leaf_count=38463 17589 21250 4612 23723 12403 2891
internal_value=-0.000824032 0.00169676 0.000254209 -0.00239021 -0.0015037 0.00302307
internal_weight=120931 46342 22201 74589 36126 24141
internal_count=120931 46342 22201 74589 36126 24141
is_linear=0
shrinkage=0.05


Tree=21
num_leaves=7
num_cat=0
split_feature=0 0 0 4 5 3
split_gain=170.084 36.6248 19.0662 27.35 17.078 14.2478
threshold=71.500000000000014 95.500000000000014 29.500000000000004 1.3894886017720951 20.500000000000004 -13.166626082414565
decision_type=2 2 2 10 2 2
left_child=2 5 -1 -4 -3 -2
right_child=1 4 3 -5 -6 -7
leaf_value=-0.0054076488607587743 -0.0026788265131853111 0.0053935827761438931 -0.0032096274967825566 0.0046319623556511447 0.012847965142824776 0.0021162559308156225
leaf_weight=30418 9708 13418 41197 1038 10816 14488
leaf_count=30418 9708 13418 41197 1038 10816 14488
internal_value=-0.0007694 0.00152575 -0.00229934 -0.00161163 0.00289946 0.000149579
internal_weight=121083 48430 72653 42235 24234 24196
internal_count=121083 48430 72653 42235 24234 24196
is_linear=0
shrinkage=0.05


Tree=22
num_leaves=7
num_cat=0
split_feature=0 0 0 2 2 6
split_gain=161.218 35.5207 24.9747 24.3881 21.9567 11.4355
threshold=85.500000000000014 48.500000000000007 114.50000000000001 3.5000000000000004 5.5000000000000009 1.0000000180025095e-35
decision_type=2 2 2 2 2 2
left_child=1 -1 4 -3 5 -2
right_child=2 3 -4 -5 -6 -7
leaf_value=-0.0046748462330863617 0.0065606173051453581 -5.0518198801932808e-05 0.032243794938384779 -0.0068252898757036502 -0.0036424548851777907 0.002698596884368657
leaf_weight=49374 11920 28026 4925 9006 6338 11105
leaf_count=49374 11920 28026 4925 9006 6338 11105
internal_value=-0.000773164 -0.00192429 0.00212755 -0.000753572 0.00157433 0.00229158
internal_weight=120694 86406 34288 37032 29363 23025
internal_count=120694 86406 34288 37032 29363 23025
is_linear=0
shrinkage=0.05


Tree=23
num_leaves=7
num_cat=0
split_feature=0 0 2 0 0 2
split_gain=140.486 32.6941 22.4202 15.7448 15.2063 21.285
threshold=69.500000000000014 112.50000000000001 4.5000000000000009 95.500000000000014 34.500000000000007 1.5000000000000002
decision_type=2 2 2 2 2 2
left_child=4 2 3 -2 -1 -6
right_child=1 -3 -4 -5 5 -7
leaf_value=-0.0046642739284752472 0.0012868218665860924 0.024548672638745592 -0.0026309355882846788 0.0066977425176139643 2.7238422368676935e-05 -0.0044273828405427497
leaf_weight=35372 21208 6900 12952 9368 14081 21028
leaf_count=35372 21208 6900 12952 9368 14081 21028
internal_value=-0.00077241 0.00124244 0.000735303 0.00147379 -0.00221399 -0.00147648
internal_weight=120909 50428 43528 30576 70481 35109
internal_count=120909 50428 43528 30576 70481 35109
is_linear=0
shrinkage=0.05


Tree=24
num_leaves=7
num_cat=0
split_feature=0 5 0 0 2 0
split_gain=130.993 29.4671 15.9688 15.1362 20.7918 11.4137
threshold=70.500000000000014 19.500000000000004 117.50000000000001 30.500000000000004 1.5000000000000002 101.50000000000001
decision_type=2 2 2 2 2 2
left_child=3 5 -3 -1 -5 -2
right_child=1 2 -4 4 -6 -7
leaf_value=-0.0045750560521310322 -0.00077365915834737113 0.005729184325027243 0.066761668792211279 -0.00037480349835626006 -0.0044048574303033102 0.0065338039494498377
leaf_weight=31499 20838 18477 1194 16921 23086 8573
leaf_count=31499 20838 18477 1194 16921 23086 8573
internal_value=-0.000798472 0.00119054 0.0026883 -0.00216372 -0.00151792 0.000188502
internal_weight=120588 49082 19671 71506 40007 29411
internal_count=120588 49082 19671 71506 40007 29411
is_linear=0
shrinkage=0.05


Tree=25
num_leaves=7
num_cat=0
split_feature=1 1 1 2 2 3
split_gain=124.979 22.8989 21.5421 20.2723 19.7365 10.1245
threshold=40.500000000000007 72.500000000000014 9.5000000000000018 4.5000000000000009 2.5000000000000004 17.45314502043723
decision_type=2 2 2 2 2 2
left_child=2 4 -1 -4 -2 -3
right_child=1 5 3 -5 -6 -7
leaf_value=0.019453508712928003 0.00037532115909227871 -0.0042105725262243003 0.003738971512367688 -0.0021757627141276675 -0.0041773868815204391 0.0021735149321292242
leaf_weight=8944 18167 47237 20814 10458 13977 1223
leaf_count=8944 18167 47237 20814 10458 13977 1223
internal_value=-0.000720878 -0.00185674 0.00155565 0.00093647 -0.0008218 -0.00254307
internal_weight=120820 80604 40216 31272 32144 48460
internal_count=120820 80604 40216 31272 32144 48460
is_linear=0
shrinkage=0.05


Tree=26
num_leaves=7
num_cat=0
split_feature=0 5 4 3 0 4
split_gain=113.475 34.6288 15.2099 13.7266 13.0024 7.42871
threshold=61.500000000000007 19.500000000000004 0.87091782403463591 3.3179207665407984 117.50000000000001 1.3894886017720951
decision_type=2 2 10 2 2 10
left_child=3 2 -2 -1 -3 -5
right_child=1 4 -4 5 -6 -7
leaf_value=-0.004235325492558604 -0.0028304137357975812 0.0049168244090234256 0.0015770324664886916 -0.0019624288725256377 0.057031950471567096 0.0017614354653144031
leaf_weight=50230 16451 20750 19828 9901 1215 2444
leaf_count=50230 16451 20750 19828 9901 1215 2444
internal_value=-0.000734499 0.000853747 -9.49466e-05 -0.00221277 0.00242034 -0.000718625
internal_weight=120819 58244 36279 62575 21965 12345
internal_count=120819 58244 36279 62575 21965 12345
is_linear=0
shrinkage=0.05


Tree=27
num_leaves=7
num_cat=0
split_feature=0 4 0 2 3 6
split_gain=103.919 26.3405 15.1497 13.391 12.2109 11.5727
threshold=64.500000000000014 0.87091782403463591 103.50000000000001 3.5000000000000004 5.9394724735514499 1.0000000180025095e-35
decision_type=2 10 2 2 2 2
left_child=4 3 5 -2 -1 -3
right_child=1 2 -4 -5 -6 -7
leaf_value=-0.0037661496586662412 0.0028963228097767329 0.0034037635354001398 0.01236544018568848 -0.003433855553039683 -0.00057602341364949492 -0.00047185576350446812
leaf_weight=56110 4899 13804 12094 13364 9371 11282
leaf_count=56110 4899 13804 12094 13364 9371 11282
internal_value=-0.000712155 0.000880734 0.00164448 -0.000674131 -0.00206082 0.000943365
internal_weight=120924 55443 37180 18263 65481 25086
internal_count=120924 55443 37180 18263 65481 25086
is_linear=0
shrinkage=0.05


Tree=28
num_leaves=7
num_cat=0
split_feature=0 0 2 0 2 3
split_gain=94.6049 22.6236 20.0993 14.0474 15.0672 10.8043
threshold=86.500000000000014 51.500000000000007 2.5000000000000004 115.50000000000001 5.5000000000000009 17.45314502043723
decision_type=2 2 2 2 2 2
left_child=1 5 -3 4 -2 -1
right_child=3 2 -4 -5 -6 -7
leaf_value=-0.0036414403520559136 0.003950420647627355 0.00096124777236346814 -0.0032161346358497824 0.029919688565111548 -0.0031468259098894379 0.0015499560350146044
leaf_weight=50999 22581 17509 17418 3959 6760 1466
leaf_count=50999 22581 17509 17418 3959 6760 1466
internal_value=-0.000721312 -0.00158541 -0.000599308 0.00154631 0.00116864 -0.00224176
internal_weight=120692 87392 34927 33300 29341 52465
internal_count=120692 87392 34927 33300 29341 52465
is_linear=0
shrinkage=0.05


Tree=29
num_leaves=7
num_cat=0
split_feature=0 0 2 5 0 2
split_gain=85.1502 22.1252 22.8918 14.8676 11.4616 8.67876
threshold=86.500000000000014 46.500000000000007 3.5000000000000004 11.500000000000002 117.50000000000001 1.5000000000000002
decision_type=2 2 2 2 2 2
left_child=1 5 -3 -2 -5 -1
right_child=3 2 -4 4 -6 -7
leaf_value=-0.0027738424397400932 -0.0024320453226712377 4.2346002541269865e-05 -0.0057199085182086454 0.004370876035788224 0.048946561070497607 -0.0059035712953994348
leaf_weight=37044 4996 30490 9733 26443 1862 10509
leaf_count=37044 4996 30490 9733 26443 1862 10509
internal_value=-0.000684537 -0.00150124 -0.00063799 0.00146805 0.00191187 -0.00223128
internal_weight=121077 87776 40223 33301 28305 47553
internal_count=121077 87776 40223 33301 28305 47553
is_linear=0
shrinkage=0.05


Tree=30
num_leaves=7
num_cat=0
split_feature=0 4 2 0 4 0
split_gain=77.7318 20.2139 11.0057 18.1203 14.8452 10.8451
threshold=63.500000000000007 0.87309906748857868 2.5000000000000004 24.500000000000004 1.3894886017720951 117.50000000000001
decision_type=2 10 2 2 10 2
left_child=2 -2 3 -1 -5 -3
right_child=1 5 -4 4 -6 -7
leaf_value=-0.003649161304505555 -0.0016433542152749132 0.0026436785891298703 -0.0071288434609557017 -0.0015580020896163007 0.0035264620894443748 0.048210856766833059
leaf_weight=24941 18930 35899 9148 29347 1068 1592
leaf_count=24941 18930 35899 9148 29347 1068 1592
internal_value=-0.00068118 0.000674245 -0.00186672 -0.00160095 -0.000781559 0.00134668
internal_weight=120925 56421 64504 55356 30415 37491
internal_count=120925 56421 64504 55356 30415 37491
is_linear=0
shrinkage=0.05


Tree=31
num_leaves=7
num_cat=0
split_feature=0 0 2 0 2 2
split_gain=73.2892 16.3404 14.4958 14.2799 17.9264 9.03345
threshold=76.500000000000014 115.50000000000001 7.5000000000000009 33.500000000000007 1.5000000000000002 3.5000000000000004
decision_type=2 2 2 2 2 2
left_child=3 2 -2 -1 -5 -6
right_child=1 -3 -4 4 5 -7
leaf_value=-0.0031950274028104244 0.0020601490880898438 0.026343500605238747 -0.018512297020241611 0.00059161421253176862 -0.0018748848515349253 -0.0068481357850981644
leaf_weight=34409 37815 3956 1482 15939 20479 6488
leaf_count=34409 37815 3956 1482 15939 20479 6488
internal_value=-0.000639365 0.00100871 0.00070009 -0.00156137 -0.000952671 -0.00173829
internal_weight=120568 43253 39297 77315 42906 26967
internal_count=120568 43253 39297 77315 42906 26967
is_linear=0
shrinkage=0.05


Tree=32
num_leaves=7
num_cat=0
split_feature=0 4 0 6 2 0
split_gain=68.6558 21.8847 13.6508 11.2856 10.3518 8.51036
threshold=92.500000000000014 0.83071599839352117 49.500000000000007 1.0000000180025095e-35 7.5000000000000009 117.50000000000001
decision_type=2 10 2 2 2 2
left_child=1 -1 -3 -4 5 -2
right_child=4 2 3 -5 -6 -7
leaf_value=-0.0037046513562224853 0.0042584415062791375 -0.0019521312375749573 0.0014091195856682794 -0.0016377032733697517 -0.012945194880675137 0.041579190676981959
leaf_weight=36906 23617 27002 17557 12205 1922 1579
leaf_count=36906 23617 27002 17557 12205 1922 1579
internal_value=-0.000633233 -0.00127462 -0.000658283 8.02891e-05 0.00158205 0.00185191
internal_weight=120788 93670 56764 29762 27118 25196
internal_count=120788 93670 56764 29762 27118 25196
is_linear=0
shrinkage=0.05


Tree=33
num_leaves=7
num_cat=0
split_feature=0 4 0 5 4 2
split_gain=59.6953 21.7341 12.6265 9.73168 8.62555 7.71864
threshold=94.500000000000014 0.83071599839352117 50.500000000000007 10.500000000000002 1.3048221306540264 1.5000000000000002
decision_type=2 10 2 2 10 2
left_child=1 -1 -3 -2 5 -4
right_child=3 2 4 -5 -6 -7
leaf_value=-0.0034597441373086131 -0.0035308918407943191 -0.0018502985747373647 0.0018861590955859646 0.0057615059365394156 0.0058330948479460298 -0.00097658167064456833
leaf_weight=37446 2443 27496 7537 22761 1338 21681
leaf_count=37446 2443 27496 7537 22761 1338 21681
internal_value=-0.000623909 -0.00119515 -0.00058925 0.00154032 0.00011027 -6.98092e-05
internal_weight=120702 95498 58052 25204 30556 29218
internal_count=120702 95498 58052 25204 30556 29218
is_linear=0
shrinkage=0.05


Tree=34
num_leaves=7
num_cat=0
split_feature=0 4 0 2 6 0
split_gain=57.3304 15.9723 10.8532 14.4965 10.0951 9.16413
threshold=80.500000000000014 0.93859627540808444 103.50000000000001 4.5000000000000009 1.0000000180025095e-35 49.500000000000007
decision_type=2 10 2 2 2 2
left_child=1 4 3 -2 -1 -3
right_child=2 5 -4 -5 -6 -7
leaf_value=-0.0021524761193615649 0.0021708342875295448 -0.0015271563975601133 0.0078162858587408172 -0.0037501648302911816 -0.0051082009262203229 0.00054965433652463575
leaf_weight=29113 16683 19622 16089 6593 18921 14139
leaf_count=29113 16683 19622 16089 6593 18921 14139
internal_value=-0.000592994 -0.0013475 0.000974726 0.000284351 -0.00193322 -0.00051398
internal_weight=121160 81795 39365 23276 48034 33761
internal_count=121160 81795 39365 23276 48034 33761
is_linear=0
shrinkage=0.05


Tree=35
num_leaves=7
num_cat=0
split_feature=0 0 2 0 2 5
split_gain=53.079 19.056 17.2161 12.1281 14.0643 8.32246
threshold=94.500000000000014 22.500000000000004 3.5000000000000004 58.500000000000007 1.5000000000000002 16.500000000000004
decision_type=2 2 2 2 2 2
left_child=1 -1 3 4 -3 -2
right_child=5 2 -4 -5 -6 -7
leaf_value=-0.0031972034725910566 0.00096803581663077766 -0.00012148675146812644 -0.0045026364292254329 0.00079940764381559038 -0.0032787399994404207 0.0069083624839548349
leaf_weight=23336 8916 19792 14610 23697 14042 16183
leaf_count=23336 8916 19792 14610 23697 14042 16183
internal_value=-0.000575797 -0.00111367 -0.000711822 -0.000322495 -0.000929993 0.00147008
internal_weight=120576 95477 72141 57531 33834 25099
internal_count=120576 95477 72141 57531 33834 25099
is_linear=0
shrinkage=0.05


Tree=36
num_leaves=7
num_cat=0
split_feature=0 5 4 0 6 3
split_gain=48.5433 18.2847 10.6 11.7597 11.2793 9.31264
threshold=62.500000000000007 18.500000000000004 1.3894886017720951 25.500000000000004 1.0000000180025095e-35 -36.798861614776875
decision_type=2 2 10 2 2 2
left_child=2 5 4 -4 -1 -2
right_child=1 -3 3 -5 -6 -7
leaf_value=-0.0016390878723605542 -0.0069104862589856701 0.0038538406259082131 -0.0011404969851023154 0.0033722364553584018 -0.004414155957995115 2.2260517386237396e-05
leaf_weight=39062 3789 24779 1886 1085 21425 28799
leaf_count=39062 3789 24779 1886 1085 21425 28799
internal_value=-0.000568362 0.000485689 -0.0015212 0.00139281 -0.00166444 -0.000292702
internal_weight=120825 57367 63458 2971 60487 32588
internal_count=120825 57367 63458 2971 60487 32588
is_linear=0
shrinkage=0.05


Tree=37
num_leaves=7
num_cat=0
split_feature=0 0 6 3 4 3
split_gain=43.5695 17.0424 15.1154 10.4455 7.14537 6.66357
threshold=59.500000000000007 107.50000000000001 1.0000000180025095e-35 3.3179207665407984 0.91148050793139757 -36.798861614776875
decision_type=2 2 2 2 10 2
left_child=3 2 5 -1 -4 -2
right_child=1 -3 4 -5 -6 -7
leaf_value=-0.002660227689837767 -0.0057994830843031871 0.0093701580626523711 -0.0040959406869236622 -0.00021771020998312808 -0.00018247428553781021 0.0018225178416696138
leaf_weight=48512 1608 12010 10488 11925 11948 24272
leaf_count=48512 1608 12010 10488 11925 11948 24272
internal_value=-0.000530067 0.000420512 1.44745e-06 -0.00147886 -0.000948266 0.000824801
internal_weight=120763 60326 48316 60437 22436 25880
internal_count=120763 60326 48316 60437 22436 25880
is_linear=0
shrinkage=0.05


Tree=38
num_leaves=7
num_cat=0
split_feature=0 4 6 4 0 0
split_gain=44.2319 17.8889 11.7715 8.78639 8.64036 7.60915
threshold=94.500000000000014 0.64211133711046309 1.0000000180025095e-35 1.3340994559451305 53.500000000000007 115.50000000000001
decision_type=2 10 2 10 2 2
left_child=1 -1 4 -4 -3 -2
right_child=5 2 3 -5 -6 -7
leaf_value=-0.0039069527882504415 0.00265747369444851 -0.0011048935674557541 -0.0027893490835954838 0.0031491941074014936 0.00085076945531375201 0.022493501025966332
leaf_weight=15249 21356 28035 29100 1008 22083 3892
leaf_count=15249 21356 28035 29100 1008 22083 3892
internal_value=-0.00053397 -0.00102613 -0.00072765 -0.00150898 -0.000258166 0.00132697
internal_weight=120723 95475 80226 30108 50118 25248
internal_count=120723 95475 80226 30108 50118 25248
is_linear=0
shrinkage=0.05


Tree=39
num_leaves=7
num_cat=0
split_feature=0 0 2 2 0 4
split_gain=37.9958 12.9453 12.5563 11.0321 11.1394 10.9529
threshold=54.500000000000007 114.50000000000001 4.5000000000000009 2.5000000000000004 18.500000000000004 1.3894886017720951
decision_type=2 2 2 2 2 10
left_child=3 2 -2 4 -1 -6
right_child=1 -3 -4 -5 5 -7
leaf_value=-0.0029196797307812941 0.00083835085574192531 0.017619215584030345 -0.003130709529938552 -0.0071203060720404464 -0.0012309630450236669 0.002949283072980406
leaf_weight=19330 45289 4915 15180 5726 29237 1256
leaf_count=19330 45289 4915 15180 5726 29237 1256
internal_value=-0.000534283 0.000282615 8.19348e-05 -0.00149575 -0.00125662 -0.000661192
internal_weight=120933 65384 60469 55549 49823 30493
internal_count=120933 65384 60469 55549 49823 30493
is_linear=0
shrinkage=0.05


Tree=40
num_leaves=7
num_cat=0
split_feature=1 3 4 6 2 1
split_gain=36.6227 13.9416 12.4547 8.40893 8.23634 7.74839
threshold=36.500000000000007 30.590907051935378 0.64211133711046309 1.0000000180025095e-35 7.5000000000000009 4.5000000000000009
decision_type=2 2 10 2 2 2
left_child=4 2 -2 -4 5 -1
right_child=1 -3 3 -5 -6 -7
leaf_value=0.022695287441428846 -0.003441978142468697 0.0044573205072088781 -0.00062485878038525549 -0.0025794072904524196 -0.013987430042429772 0.0018957193943129867
leaf_weight=3307 14738 1135 44124 24577 2063 30960
leaf_count=3307 14738 1135 44124 24577 2063 30960
internal_value=-0.000470355 -0.00104069 -0.00111566 -0.000832607 0.000857299 0.0010421
internal_weight=120904 84574 83439 68701 36330 34267
internal_count=120904 84574 83439 68701 36330 34267
is_linear=0
shrinkage=0.05


Tree=41
num_leaves=7
num_cat=0
split_feature=0 4 3 2 3 0
split_gain=34.2728 13.4169 9.55755 9.52249 9.13805 8.51105
threshold=79.500000000000014 0.93859627540808444 -36.798861614776875 3.5000000000000004 29.06489002002888 44.500000000000007
decision_type=2 10 2 2 2 2
left_child=1 3 -2 5 -3 -1
right_child=2 4 -4 -5 -6 -7
leaf_value=-0.0025357926163084629 -0.0052072316674253213 -0.0006045246956330136 0.0023927991024531043 -0.0058951647644749717 0.0035099964112874889 -0.00055328270671487162
leaf_weight=27562 3540 31937 36629 6419 1079 13355
leaf_count=27562 3540 31937 36629 6419 1079 13355
internal_value=-0.000490393 -0.00108653 0.00070207 -0.00162608 -0.000312832 -0.00134488
internal_weight=120521 80352 40169 47336 33016 40917
internal_count=120521 80352 40169 47336 33016 40917
is_linear=0
shrinkage=0.05


Tree=42
num_leaves=7
num_cat=0
split_feature=1 4 6 1 2 1
split_gain=32.9122 16.148 9.46828 7.89421 7.20024 7.994
threshold=22.500000000000004 0.7219315503092244 1.0000000180025095e-35 66.500000000000014 3.5000000000000004 70.500000000000014
decision_type=2 10 2 2 2 2
left_child=-1 4 3 -3 5 -2
right_child=1 2 -4 -5 -6 -7
leaf_value=0.0043062486277676377 0.0016629555147685392 0.0011727836973115732 -0.0019127091289821289 -0.00079702550366761947 -0.0065932360814485143 -0.0026472004965123349
leaf_weight=22229 2195 22098 28207 25377 4808 15999
leaf_count=22229 2195 22098 28207 25377 4808 15999
internal_value=-0.00042438 -0.000815898 -0.000463225 -3.212e-05 -0.00197592 -0.00152041
internal_weight=120913 98684 75682 47475 23002 18194
internal_count=120913 98684 75682 47475 23002 18194
is_linear=0
shrinkage=0.05


Tree=43
num_leaves=7
num_cat=0
split_feature=0 6 0 0 2 2
split_gain=28.1384 15.7966 12.3734 9.18992 13.7394 6.36641
threshold=99.500000000000014 1.0000000180025095e-35 9.5000000000000018 21.500000000000004 1.5000000000000002 7.5000000000000009
decision_type=2 2 2 2 2 2
left_child=1 2 -1 -3 -5 -2
right_child=5 3 -4 4 -6 -7
leaf_value=-0.0025497956454900053 0.0052966223652820121 -0.0047843607521493858 3.1728924922731563e-06 0.0014489063162881665 -0.0029526150644786746 -0.0099424291657413278
leaf_weight=9000 18472 5584 53163 5716 27330 1695
leaf_count=9000 18472 5584 53163 5716 27330 1695
internal_value=-0.000437318 -0.000778439 -0.000284955 -0.00157241 -0.00125503 0.00126735
internal_weight=120960 100793 62163 38630 33046 20167
internal_count=120960 100793 62163 38630 33046 20167
is_linear=0
shrinkage=0.05


Tree=44
num_leaves=7
num_cat=0
split_feature=0 3 2 0 2 2
split_gain=27.5942 12.6356 11.6395 8.2034 8.20719 7.79342
threshold=54.500000000000007 -13.166626082414565 2.5000000000000004 19.500000000000004 1.0000000180025095e-35 3.5000000000000004
decision_type=2 2 2 2 2 2
left_child=2 5 3 -1 -5 -2
right_child=1 -3 -4 4 -6 -7
leaf_value=-0.0022786536187343414 0.0013054575944574025 0.0015585406039592428 -0.0063651558042297557 0.00079454986946198936 -0.0014820873003739896 -0.0028846226507662828
leaf_weight=20106 7638 40963 5756 8127 21374 16626
leaf_count=20106 7638 40963 5756 8127 21374 16626
internal_value=-0.000458975 0.000237842 -0.00127989 -0.00103272 -0.000501764 -0.000666283
internal_weight=120590 65227 55363 49607 29501 24264
internal_count=120590 65227 55363 49607 29501 24264
is_linear=0
shrinkage=0.05


Tree=45
num_leaves=7
num_cat=0
split_feature=0 4 4 0 6 0
split_gain=27.0448 13.3693 8.49654 11.9025 9.06043 7.11137
threshold=93.500000000000014 0.64211133711046309 1.3894886017720951 25.500000000000004 1.0000000180025095e-35 115.50000000000001
decision_type=2 10 10 2 2 2
left_child=1 -1 4 -4 -3 -2
right_child=5 2 3 -5 -6 -7
leaf_value=-0.0029948034955577102 0.0018490601865675913 -0.00034958356367610697 -0.00070811736831024002 0.0047787899140726842 -0.0021983396104042186 0.01991560867089627
leaf_weight=15271 22309 47023 1913 1429 28995 3956
leaf_count=15271 22309 47023 1913 1429 28995 3956
internal_value=-0.000438211 -0.00083219 -0.000571412 0.00189423 -0.000679927 0.000981156
internal_weight=120896 94631 79360 3342 76018 26265
internal_count=120896 94631 79360 3342 76018 26265
is_linear=0
shrinkage=0.05


Tree=46
num_leaves=7
num_cat=0
split_feature=0 0 2 2 0 2
split_gain=21.5214 11.17 15.0485 10.4393 7.59975 10.6392
threshold=53.500000000000007 110.50000000000001 4.5000000000000009 2.5000000000000004 13.500000000000002 1.0000000180025095e-35
decision_type=2 2 2 2 2 2
left_child=3 2 -2 4 -1 -6
right_child=1 -3 -4 -5 5 -7
leaf_value=-0.0023670142402741358 0.00052961934129901916 0.0092180813346263608 -0.0038879690268136696 -0.0059020599722642043 0.00073425018773324528 -0.0015950492346943079
leaf_weight=14345 44804 8993 12731 5341 11290 23499
leaf_count=14345 44804 8993 12731 5341 11290 23499
internal_value=-0.000448443 0.00015496 -0.000101235 -0.0011853 -0.000956879 -0.000557425
internal_weight=121003 66528 57535 54475 49134 34789
internal_count=121003 66528 57535 54475 49134 34789
is_linear=0
shrinkage=0.05


Tree=47
num_leaves=7
num_cat=0
split_feature=1 4 2 2 1 4
split_gain=21.2498 10.9716 7.56486 7.45529 11.0067 12.1484
threshold=31.500000000000004 0.63710067057834352 7.5000000000000009 2.5000000000000004 96.500000000000014 1.3894886017720951
decision_type=2 10 2 2 2 10
left_child=2 -2 -1 4 5 -3
right_child=1 3 -4 -5 -6 -7
leaf_value=0.0025488431334323523 -0.0027123245852551437 3.2827869503255755e-05 -0.013252225395432497 -0.0023702652626475511 -0.0015969687112460267 0.0048543692878579153
leaf_weight=29219 14625 38514 1959 20278 15109 1343
leaf_count=29219 14625 38514 1959 20278 15109 1343
internal_value=-0.000409206 -0.000799398 0.000715453 -0.000555756 -0.000253408 0.000182253
internal_weight=121047 89869 31178 75244 54966 39857
internal_count=121047 89869 31178 75244 54966 39857
is_linear=0
shrinkage=0.05


Tree=48
num_leaves=7
num_cat=0
split_feature=0 2 0 2 0 2
split_gain=21.5596 9.68686 10.777 7.81595 8.62899 7.7339
threshold=81.500000000000014 3.5000000000000004 40.500000000000007 6.5000000000000009 116.50000000000001 1.0000000180025095e-35
decision_type=2 2 2 2 2 2
left_child=1 2 5 4 -2 -1
right_child=3 -3 -4 -5 -6 -7
leaf_value=-0.00058409404945405452 0.0016293174143952789 -0.0042611628204461726 1.457322933325809e-05 -0.0055955542223803988 0.032871075012091397 -0.0026903916718812593
leaf_weight=21352 31797 8402 32989 4509 1974 19593
leaf_count=21352 31797 8402 32989 4509 1974 19593
internal_value=-0.000387413 -0.000843202 -0.000660275 0.00059292 0.000854008 -0.00120208
internal_weight=120616 82336 73934 38280 33771 40945
internal_count=120616 82336 73934 38280 33771 40945
is_linear=0
shrinkage=0.05


Tree=49
num_leaves=7
num_cat=0
split_feature=0 6 4 0 4 0
split_gain=20.4791 11.5216 9.79694 9.77048 6.76684 4.68898
threshold=101.50000000000001 1.0000000180025095e-35 1.3340994559451305 9.5000000000000018 0.69238436584673313 117.50000000000001
decision_type=2 2 10 2 10 2
left_child=1 3 4 -1 -3 -2
right_child=5 2 -4 -5 -6 -7
leaf_value=-0.0020812796551491286 0.003413666739474859 -0.0039561208687162539 0.0043325977354111795 2.2340225094068784e-05 -0.0017647114370109578 0.03055548201039672
leaf_weight=9005 16194 8043 1089 54082 30443 1957
leaf_count=9005 16194 8043 1089 54082 30443 1957
internal_value=-0.000383346 -0.000657077 -0.0013258 -0.000237511 -0.00145826 0.00116463
internal_weight=120813 102662 39575 63087 38486 18151
internal_count=120813 102662 39575 63087 38486 18151
is_linear=0
shrinkage=0.05


Tree=50
num_leaves=7
num_cat=0
split_feature=0 3 2 6 0 0
split_gain=17.6686 9.64511 8.87873 6.75671 7.61054 6.62081
threshold=52.500000000000007 -36.798861614776875 2.5000000000000004 1.0000000180025095e-35 106.50000000000001 10.500000000000002
decision_type=2 2 2 2 2 2
left_child=2 -2 5 -3 -5 -1
right_child=1 3 -4 4 -6 -7
leaf_value=-0.0021896401214382293 -0.0052352601023980885 0.0016176519449272301 -0.0052744413806023703 -0.0011992054048598386 0.0052875567867955321 -0.00064887192042117881
leaf_weight=11227 4640 32404 5100 22657 7874 37187
leaf_count=11227 4640 32404 5100 22657 7874 37187
internal_value=-0.000383959 0.000153521 -0.00106261 0.000315776 -0.000217941 -0.000853385
internal_weight=121089 67575 53514 62935 30531 48414
internal_count=121089 67575 53514 62935 30531 48414
is_linear=0
shrinkage=0.05


Tree=51
num_leaves=7
num_cat=0
split_feature=4 0 0 6 6 4
split_gain=16.0652 11.543 5.86141 5.61365 4.47321 4.41094
threshold=0.83071599839352117 61.500000000000007 115.50000000000001 1.0000000180025095e-35 1.0000000180025095e-35 1.3894886017720951
decision_type=10 2 2 2 2 10
left_child=3 5 4 -1 -3 -2
right_child=1 2 -4 -5 -6 -7
leaf_value=-0.00087779096550954941 -0.00094845327601659189 0.0021379868835859528 0.018310587436036415 -0.0030888141511438401 -0.00026340550059116057 0.0013586380949074659
leaf_weight=24066 31946 20401 3428 18379 19563 2900
leaf_count=24066 31946 20401 3428 18379 19563 2900
internal_value=-0.000356416 6.85033e-05 0.000612714 -0.00113958 0.000442342 -0.000609166
internal_weight=120683 78238 43392 42445 39964 34846
internal_count=120683 78238 43392 42445 39964 34846
is_linear=0
shrinkage=0.05


Tree=52
num_leaves=7
num_cat=0
split_feature=0 2 0 2 4 2
split_gain=15.3723 11.3712 8.85276 8.37345 7.40429 6.64682
threshold=78.500000000000014 3.5000000000000004 14.500000000000002 5.5000000000000009 1.3894886017720951 1.0000000180025095e-35
decision_type=2 2 2 2 10 2
left_child=1 2 -1 -2 5 -4
right_child=3 -3 4 -5 -6 -7
leaf_value=-0.0019470184270069077 0.001837004135998261 -0.0042046501278457443 0.00065518608675420385 -0.003543091091454142 0.0032477997924959985 -0.00096019691622435677
leaf_weight=15308 31883 7413 11133 9254 1771 43948
leaf_count=15308 31883 7413 11133 9254 1771 43948
internal_value=-0.000354141 -0.000759822 -0.000568144 0.000430581 -0.000280705 -0.000383129
internal_weight=120710 79573 72160 41137 56852 55081
internal_count=120710 79573 72160 41137 56852 55081
is_linear=0
shrinkage=0.05


Tree=53
num_leaves=7
num_cat=0
split_feature=0 3 6 5 0 0
split_gain=14.9614 7.38219 7.05106 6.6108 6.08085 4.78978
threshold=77.500000000000014 -36.798861614776875 1.0000000180025095e-35 21.500000000000004 8.5000000000000018 116.50000000000001
decision_type=2 2 2 2 2 2
left_child=2 -2 4 -4 -1 -3
right_child=1 5 3 -5 -6 -7
leaf_value=-0.0018437348997767445 -0.0048288605332451745 0.0010420235319829568 -0.0025013562635221478 0.0012290520254239368 -0.00021337698197029898 0.022740772097902665
leaf_weight=8273 3687 36050 25751 2389 42247 2730
leaf_count=8273 3687 36050 25751 2389 42247 2730
internal_value=-0.000362705 0.000393552 -0.000770992 -0.00140522 -0.000417616 0.000596879
internal_weight=121127 42467 78660 28140 50520 38780
internal_count=121127 42467 78660 28140 50520 38780
is_linear=0
shrinkage=0.05


Tree=54
num_leaves=7
num_cat=0
split_feature=0 2 3 2 0 0
split_gain=15.7051 9.25782 8.66895 8.68812 6.52877 5.93428
threshold=55.500000000000007 2.5000000000000004 -13.166626082414565 3.5000000000000004 108.50000000000001 14.500000000000002
decision_type=2 2 2 2 2 2
left_child=1 5 3 -2 -5 -1
right_child=2 -3 -4 4 -6 -7
leaf_value=-0.0017164044326231087 0.0017521535365370854 -0.0046185455409615767 0.0013298081331935751 -0.0029750807039766892 0.0038882014048333422 -0.00042260019773415335
leaf_weight=15249 7322 6037 40285 13175 3432 35152
leaf_count=15249 7322 6037 40285 13175 3432 35152
internal_value=-0.000336575 -0.000945025 0.000198227 -0.000555487 -0.001188 -0.000723229
internal_weight=120652 56438 64214 23929 16607 50401
internal_count=120652 56438 64214 23929 16607 50401
is_linear=0
shrinkage=0.05


Tree=55
num_leaves=7
num_cat=0
split_feature=0 2 0 2 2 2
split_gain=14.136 11.4891 7.51162 8.77229 6.77822 4.76432
threshold=101.50000000000001 5.5000000000000009 48.500000000000007 2.5000000000000004 1.5000000000000002 1.0000000180025095e-35
decision_type=2 2 2 2 2 2
left_child=1 2 3 5 -4 -1
right_child=-2 -3 4 -5 -6 -7
leaf_value=-0.00018947869740994 0.003665411065986958 -0.0096970648985644503 0.0017978002352471403 -0.0049555461865861527 -0.0005616575173617754 -0.0015859056813682844
leaf_weight=22651 18090 3425 10117 3848 39848 23007
leaf_count=22651 18090 3425 10117 3848 39848 23007
internal_value=-0.000346556 -0.000573173 -0.00047504 -0.000911516 -4.25267e-05 -0.000718088
internal_weight=120986 102896 99471 49506 49965 45658
internal_count=120986 102896 99471 49506 49965 45658
is_linear=0
shrinkage=0.05


Tree=56
num_leaves=7
num_cat=0
split_feature=0 2 0 6 2 2
split_gain=11.9793 9.76532 6.67362 6.94346 6.57369 5.75708
threshold=77.500000000000014 3.5000000000000004 21.500000000000004 1.0000000180025095e-35 6.5000000000000009 1.5000000000000002
decision_type=2 2 2 2 2 2
left_child=1 2 3 -1 -2 -4
right_child=4 -3 5 -5 -6 -7
leaf_value=-0.00075645447259531807 0.0014461285038293861 -0.0037260268973446937 0.00045396769353527619 -0.0034954635152025016 -0.0059237220401794875 -0.00097239349439325832
leaf_weight=16841 37676 7044 25014 5567 4632 24296
leaf_count=16841 37676 7044 25014 5567 4632 24296
internal_value=-0.000316747 -0.000681251 -0.000506673 -0.00122206 0.000361826 -0.000181488
internal_weight=121070 78762 71718 22408 42308 49310
internal_count=121070 78762 71718 22408 42308 49310
is_linear=0
shrinkage=0.05


Tree=57
num_leaves=7
num_cat=0
split_feature=5 4 0 6 0 2
split_gain=12.0865 6.11873 4.388 5.97049 4.23802 4.65957
threshold=22.500000000000004 0.62589024839231455 101.50000000000001 1.5000000000000002 9.5000000000000018 1.0000000180025095e-35
decision_type=2 10 2 2 2 2
left_child=1 -1 3 4 -3 -6
right_child=-2 2 -4 -5 5 -7
leaf_value=-0.0019221571906135855 0.0013363636780275171 -0.0018827379325928838 0.002271514354398263 -0.0034052216175739949 0.00065673854783242214 -0.00076857696919868472
leaf_weight=14444 22321 4619 11021 5671 10602 52114
leaf_count=14444 22321 4619 11021 5671 10602 52114
internal_value=-0.000325009 -0.000563133 -0.00039967 -0.000540057 -0.000408748 -0.000301017
internal_weight=120792 98471 84027 73006 67335 62716
internal_count=120792 98471 84027 73006 67335 62716
is_linear=0
shrinkage=0.05


Tree=58
num_leaves=7
num_cat=0
split_feature=0 2 0 2 2 0
split_gain=10.6157 9.41217 8.0363 8.1866 4.89609 4.57741
threshold=107.50000000000001 5.5000000000000009 53.500000000000007 2.5000000000000004 1.5000000000000002 21.500000000000004
decision_type=2 2 2 2 2 2
left_child=1 2 3 5 -4 -1
right_child=-2 -3 4 -5 -6 -7
leaf_value=-0.0011755254012213445 0.0051958834616896059 -0.0077094779627874012 0.0021060014654746893 -0.0043597663831593846 -0.00014760163167003618 -0.00013575750674623102
leaf_weight=22171 12028 4998 8258 5332 41237 26799
leaf_count=22171 12028 4998 8258 5332 41237 26799
internal_value=-0.000282345 -0.000438191 -0.000336074 -0.000756073 0.000124746 -0.000553345
internal_weight=120823 108795 103797 54302 49495 48970
internal_count=120823 108795 103797 54302 49495 48970
is_linear=0
shrinkage=0.05


Tree=59
num_leaves=7
num_cat=0
split_feature=0 2 0 2 0 2
split_gain=10.4867 10.1764 7.0529 6.71457 4.91513 7.62317
threshold=102.50000000000001 5.5000000000000009 60.500000000000007 2.5000000000000004 11.500000000000002 1.0000000180025095e-35
decision_type=2 2 2 2 2 2
left_child=1 2 3 4 -1 -6
right_child=-2 -3 -4 -5 5 -7
leaf_value=-0.0015393983510046773 0.0038118600017086782 -0.0085456470774378703 0.00036279405537673412 -0.0033177948437342641 0.00077914511329303573 -0.00086639412297881554
leaf_weight=12235 17179 3643 38836 7729 13284 27989
leaf_count=12235 17179 3643 38836 7729 13284 27989
internal_value=-0.00023594 -0.00042547 -0.000330893 -0.000665149 -0.000466056 -0.000205074
internal_weight=120895 103716 100073 61237 53508 41273
internal_count=120895 103716 100073 61237 53508 41273
is_linear=0
shrinkage=0.05


Tree=60
num_leaves=7
num_cat=0
split_feature=0 6 4 0 0 2
split_gain=9.47569 8.59535 9.69458 5.87116 4.76165 7.34008
threshold=110.50000000000001 1.0000000180025095e-35 1.3500983242561084 8.5000000000000018 21.500000000000004 1.5000000000000002
decision_type=2 2 10 2 2 2
left_child=1 3 4 -1 -3 -6
right_child=-2 2 -4 -5 5 -7
leaf_value=-0.0014222376978784998 0.0073278012662600749 -0.0029977328702668151 0.0041593517478296337 0.00013177680861937635 0.0012968943142216229 -0.002024488881128697
leaf_weight=8314 8944 5374 1046 58489 5330 33365
leaf_count=8314 8944 5374 1046 58489 5330 33365
internal_value=-0.000310756 -0.000435926 -0.000969084 -7.58155e-05 -0.00108216 -0.000888244
internal_weight=120862 111918 45115 66803 44069 38695
internal_count=120862 111918 45115 66803 44069 38695
is_linear=0
shrinkage=0.05


Tree=61
num_leaves=7
num_cat=0
split_feature=0 2 0 2 0 4
split_gain=8.16516 11.0887 6.81726 6.48036 7.743 5.36233
threshold=94.500000000000014 4.5000000000000009 52.500000000000007 1.0000000180025095e-35 11.500000000000002 1.3048221306540264
decision_type=2 2 2 2 2 10
left_child=1 2 3 4 -1 -5
right_child=-2 -3 -4 5 -6 -7
leaf_value=-0.0011603302646610587 0.0017754004984113819 -0.0051455699059041659 0.0002889155171194467 -0.0017147857928086431 0.00076658578257030399 0.0020852683705722404
leaf_weight=10394 25183 6026 36444 29096 12560 1039
leaf_count=10394 25183 6026 36444 29096 12560 1039
internal_value=-0.000255577 -0.000466652 -0.000326846 -0.000688309 -5.53172e-05 -0.00117037
internal_weight=120742 95559 89533 53089 22954 30135
internal_count=120742 95559 89533 53089 22954 30135
is_linear=0
shrinkage=0.05


Tree=62
num_leaves=7
num_cat=0
split_feature=0 2 0 2 2 0
split_gain=8.5329 8.5732 6.01934 6.24867 5.03672 3.57138
threshold=107.50000000000001 5.5000000000000009 49.500000000000007 2.5000000000000004 1.5000000000000002 95.500000000000014
decision_type=2 2 2 2 2 2
left_child=1 2 3 -1 -4 -3
right_child=-2 5 4 -5 -6 -7
leaf_value=-0.00061529573022047227 0.0049834192492522501 -0.0094337911401084357 0.0017492807509696725 -0.0038207030889877425 -0.00030807282676526481 -0.0037084387668409658
leaf_weight=46190 12078 2420 9892 4126 43635 2578
leaf_count=46190 12078 2420 9892 4126 43635 2578
internal_value=-0.000274926 -0.000414853 -0.000317436 -0.000710043 5.16502e-05 -0.00243654
internal_weight=120919 108841 103843 50316 53527 4998
internal_count=120919 108841 103843 50316 53527 4998
is_linear=0
shrinkage=0.05


Tree=63
num_leaves=7
num_cat=0
split_feature=0 2 2 4 0 0
split_gain=7.85814 9.86984 5.63647 5.31475 4.88717 4.10099
threshold=83.500000000000014 4.5000000000000009 7.5000000000000009 1.3894886017720951 29.500000000000004 36.500000000000007
decision_type=2 2 2 10 2 2
left_child=1 3 -2 5 -5 -1
right_child=2 -3 -4 4 -6 -7
leaf_value=-0.0010422340520633312 0.0014809543885394576 -0.0065000413597581207 -0.012413305347669525 0.00018116193591809495 0.0039819291539755471 -0.0002271410206764428
leaf_weight=35119 34177 3307 2047 2041 1145 42983
leaf_count=35119 34177 3307 2047 2041 1145 42983
internal_value=-0.000256531 -0.000520391 0.000359655 -0.000411353 0.00158884 -0.000493043
internal_weight=120819 84595 36224 81288 3186 78102
internal_count=120819 84595 36224 81288 3186 78102
is_linear=0
shrinkage=0.05


Tree=64
num_leaves=7
num_cat=0
split_feature=0 2 2 0 4 6
split_gain=7.52196 8.96846 6.48631 7.03874 4.16569 3.87037
threshold=69.500000000000014 3.5000000000000004 5.5000000000000009 106.50000000000001 1.3894886017720951 1.5000000000000002
decision_type=2 2 2 2 10 2
left_child=1 4 5 -4 -1 -2
right_child=2 -3 3 -5 -6 -7
leaf_value=-0.00067823990256762629 0.0013264537267526284 -0.0036928822209324683 -0.0064007391328334386 0.0017180329114848366 0.0014489978878824061 -0.0022286928470144538
leaf_weight=62992 37254 4684 4322 5322 3025 3479
leaf_count=62992 37254 4684 4322 5322 3025 3479
internal_value=-0.000267091 -0.000599738 0.000199773 -0.000965904 -0.000449624 0.000475844
internal_weight=121078 70701 50377 9644 66017 40733
internal_count=121078 70701 50377 9644 66017 40733
is_linear=0
shrinkage=0.05


Tree=65
num_leaves=7
num_cat=0
split_feature=5 6 4 1 2 1
split_gain=7.22505 5.34313 4.40129 4.37053 3.72094 3.57773
threshold=22.500000000000004 1.0000000180025095e-35 0.87309906748857868 112.50000000000001 5.5000000000000009 39.500000000000007
decision_type=2 2 10 2 2 2
left_child=1 3 -3 4 5 -1
right_child=-2 2 -4 -5 -6 -7
leaf_value=0.0021554761829734224 0.00099721353589006956 -0.0021704335445265825 -0.00069447423648389902 -0.0012704675617448925 -0.006105764558914482 -0.00010615736939612844
leaf_weight=9229 22193 21899 22752 7435 1550 36149
leaf_count=9229 22193 21899 22752 7435 1550 36149
internal_value=-0.00027089 -0.000453652 -0.0008589 -0.000120752 5.77407e-05 0.000140139
internal_weight=121207 99014 44651 54363 46928 45378
internal_count=121207 99014 44651 54363 46928 45378
is_linear=0
shrinkage=0.05


Tree=66
num_leaves=7
num_cat=0
split_feature=0 2 6 0 2 0
split_gain=7.71645 9.55733 5.2412 6.02737 8.07418 4.10302
threshold=103.50000000000001 5.5000000000000009 1.0000000180025095e-35 21.500000000000004 1.5000000000000002 42.500000000000007
decision_type=2 2 2 2 2 2
left_child=1 2 -1 -4 -5 -6
right_child=-2 -3 3 4 5 -7
leaf_value=-9.8914797038633399e-06 0.0034118421292077985 -0.0071903645955169503 -0.0025672365747709748 0.0016845609573458192 -0.0026697266597018885 -0.00090150952982336714
leaf_weight=63148 16083 3858 5597 5670 5089 21416
leaf_count=63148 16083 3858 5597 5670 5089 21416
internal_value=-0.000221776 -0.000378307 -0.000284866 -0.000750723 -0.000487105 -0.000853453
internal_weight=120861 104778 100920 37772 32175 26505
internal_count=120861 104778 100920 37772 32175 26505
is_linear=0
shrinkage=0.05


Tree=67
num_leaves=7
num_cat=0
split_feature=0 2 0 2 0 6
split_gain=5.62878 6.48421 4.63649 5.56329 4.44656 3.38701
threshold=109.50000000000001 5.5000000000000009 55.500000000000007 2.5000000000000004 89.500000000000014 1.0000000180025095e-35
decision_type=2 2 2 2 2 2
left_child=1 2 3 -1 -3 -4
right_child=-2 4 5 -5 -6 -7
leaf_value=-0.00041613561771071812 0.0052972956409654661 -0.0091825306969731835 0.00080913510721592581 -0.0029690591807373661 -0.0027751942200387979 -0.00065280400078664689
leaf_weight=50650 9961 1660 27874 5908 3978 20970
leaf_count=50650 9961 1660 27874 5908 3978 20970
internal_value=-0.000220693 -0.000322843 -0.000234426 -0.000542582 -0.00197413 0.000122417
internal_weight=121001 111040 105402 56558 5638 48844
internal_count=121001 111040 105402 56558 5638 48844
is_linear=0
shrinkage=0.05


Tree=68
num_leaves=7
num_cat=0
split_feature=4 5 0 2 0 0
split_gain=6.21429 3.28818 2.9483 6.45416 5.78665 3.70847
threshold=0.93226647184621592 34.500000000000007 108.50000000000001 4.5000000000000009 84.500000000000014 76.500000000000014
decision_type=10 2 2 2 2 2
left_child=2 -2 3 5 -5 -1
right_child=1 -3 -4 4 -6 -7
leaf_value=-0.00083466949747925041 0.00011944777693051719 0.0040511110095718221 0.0039907194012777846 -0.0064555304499639317 -0.0018821064727828334 0.00087938618280422826
leaf_weight=43039 55005 1870 3910 3036 5956 8232
leaf_count=43039 55005 1870 3910 3036 5956 8232
internal_value=-0.000226266 0.000154271 -0.000563512 -0.000649849 -0.00188507 -0.00043305
internal_weight=121048 56875 64173 60263 8992 51271
internal_count=121048 56875 64173 60263 8992 51271
is_linear=0
shrinkage=0.05


Tree=69
num_leaves=7
num_cat=0
split_feature=5 3 0 2 2 4
split_gain=6.21841 3.78751 5.27482 6.20166 4.47694 3.40732
threshold=22.500000000000004 -36.798861614776875 76.500000000000014 3.5000000000000004 1.5000000000000002 0.92620088290147773
decision_type=2 2 2 2 2 10
left_child=1 -1 3 -3 -4 -5
right_child=-2 2 4 5 -6 -7
leaf_value=-0.0040310339040825812 0.00096587211797200575 -0.00055162417187304674 0.0058968452215041036 -0.0032254373106786528 0.00020365459300206268 0.0008777901272350461
leaf_weight=4461 22042 61041 1164 4556 26194 1057
leaf_count=4461 22042 61041 1164 4556 26194 1057
internal_value=-0.000233365 -0.000403289 -0.000335685 -0.000575617 0.000248875 -0.00216536
internal_weight=120515 98473 94012 66654 27358 5613
internal_count=120515 98473 94012 66654 27358 5613
is_linear=0
shrinkage=0.05


Tree=70
num_leaves=7
num_cat=0
split_feature=4 6 0 4 3 4
split_gain=5.48042 4.81179 3.39414 3.00672 2.59284 2.59169
threshold=0.87309906748857868 1.0000000180025095e-35 65.500000000000014 1.3500983242561084 -3.3431235977429981 1.3894886017720951
decision_type=10 2 2 10 2 10
left_child=1 4 5 -4 -1 -2
right_child=2 -3 3 -5 -6 -7
leaf_value=6.6134105861159818e-05 -0.00044812841008154479 -0.0017830749079575663 0.00084460417561150265 0.0051014097310815177 -0.0012659115143091263 0.0012121185537569794
leaf_weight=24238 30474 22362 35193 1113 4425 2999
leaf_count=24238 30474 22362 35193 1113 4425 2999
internal_value=-0.000192619 -0.000586421 9.53645e-05 0.000430171 -0.000157494 -0.000267789
internal_weight=120804 51025 69779 36306 28663 33473
internal_count=120804 51025 69779 36306 28663 33473
is_linear=0
shrinkage=0.05


Tree=71
num_leaves=7
num_cat=0
split_feature=0 2 0 0 2 0
split_gain=5.4901 6.21566 5.02621 4.44167 7.19325 5.8189
threshold=109.50000000000001 5.5000000000000009 92.500000000000014 47.500000000000007 1.0000000180025095e-35 8.5000000000000018
decision_type=2 2 2 2 2 2
left_child=1 3 -3 4 5 -1
right_child=-2 2 -4 -5 -6 -7
leaf_value=-0.00098101087097908122 0.005425209956407248 -0.0080402303738923344 -0.0018846706726956958 0.00018032957333217518 -0.0013934190394853843 0.00079191148368228472
leaf_weight=8205 9952 1981 3648 56760 25897 14297
leaf_count=8205 9952 1981 3648 56760 25897 14297
internal_value=-0.000161499 -0.000262563 -0.00188055 -0.000175869 -0.000527747 0.000126182
internal_weight=120740 110788 5629 105159 48399 22502
internal_count=120740 110788 5629 105159 48399 22502
is_linear=0
shrinkage=0.05


Tree=72
num_leaves=7
num_cat=0
split_feature=6 0 2 3 2 0
split_gain=5.7662 7.47651 8.51348 4.19717 2.94566 2.9
threshold=1.5000000000000002 84.500000000000014 4.5000000000000009 29.06489002002888 6.5000000000000009 5.5000000000000009
decision_type=2 2 2 2 2 2
left_child=1 2 3 5 -3 -1
right_child=-2 4 -4 -5 -6 -7
leaf_value=-0.0014821958821645328 -0.0025223277245126534 0.0018848118446817147 -0.0052560210222491778 0.0034841652018038406 -0.003064365138430742 -0.00021965623233352415
leaf_weight=6109 11137 26906 2632 1231 2360 70434
leaf_count=6109 11137 26906 2632 1231 2360 70434
internal_value=-0.000180402 -7.02985e-05 -0.00031936 -0.000224612 0.000613917 -0.000271269
internal_weight=120809 109672 80406 77774 29266 76543
internal_count=120809 109672 80406 77774 29266 76543
is_linear=0
shrinkage=0.05


Tree=73
num_leaves=7
num_cat=0
split_feature=0 2 4 6 0 0
split_gain=6.33365 6.7866 4.1463 3.83552 3.72004 3.3997
threshold=116.50000000000001 7.5000000000000009 1.3500983242561084 1.0000000180025095e-35 39.500000000000007 25.500000000000004
decision_type=2 2 10 2 2 2
left_child=1 2 3 -1 -5 -4
right_child=-2 -3 5 4 -6 -7
leaf_value=2.5464853794855595e-05 0.02011918162255073 -0.01521793081524612 -0.00028771683696207152 -0.0017378884228937915 -0.00055075098028155496 0.0036686595059905098
leaf_weight=65144 2942 1623 2094 12681 33815 2479
leaf_count=65144 2942 1623 2094 12681 33815 2479
internal_value=-0.000155155 -0.000212406 -0.000167488 -0.000227956 -0.000574828 0.00130734
internal_weight=120778 117836 116213 111640 46496 4573
internal_count=120778 117836 116213 111640 46496 4573
is_linear=0
shrinkage=0.05


Tree=74
num_leaves=7
num_cat=0
split_feature=6 0 2 0 4 2
split_gain=5.0161 5.19528 8.0128 3.62437 4.23066 3.64454
threshold=1.5000000000000002 82.500000000000014 4.5000000000000009 16.500000000000004 1.3894886017720951 1.0000000180025095e-35
decision_type=2 2 2 2 10 2
left_child=1 2 3 -1 5 -5
right_child=-2 -3 -4 4 -6 -7
leaf_value=-0.00090692558818341684 -0.0023475776109739008 0.0011871959155306216 -0.0056815471388632736 0.00074300785384246565 0.0028193586237585462 -0.00035924564410334705
leaf_weight=16805 11219 31085 2347 10149 1666 47599
leaf_count=16805 11219 31085 2347 10149 1666 47599
internal_value=-0.000173321 -7.02664e-05 -0.000286748 -0.000198036 -1.4643e-05 -8.64036e-05
internal_weight=120870 109651 78566 76219 59414 57748
internal_count=120870 109651 78566 76219 59414 57748
is_linear=0
shrinkage=0.05


Tree=75
num_leaves=7
num_cat=0
split_feature=6 1 2 1 2 2
split_gain=5.04879 4.85865 3.45221 3.45444 4.78197 4.31839
threshold=1.5000000000000002 10.500000000000002 5.5000000000000009 100.50000000000001 1.5000000000000002 1.0000000180025095e-35
decision_type=2 2 2 2 2 2
left_child=1 -1 3 4 -3 -5
right_child=-2 2 -4 5 -6 -7
leaf_value=0.005813530283338743 -0.0023305497054612102 0.00069338416339753423 -0.0040425187163290336 -0.00029280336067184423 -0.00037028259153775681 -0.0021474493532670502
leaf_weight=7309 11189 28903 3902 15064 50051 4525
leaf_count=7309 11189 28903 3902 15064 50051 4525
internal_value=-0.000171687 -6.85149e-05 -0.000157395 -9.95973e-05 4.78718e-05 -0.000693836
internal_weight=120943 109754 102445 98543 78954 19589
internal_count=120943 109754 102445 98543 78954 19589
is_linear=0
shrinkage=0.05


Tree=76
num_leaves=7
num_cat=0
split_feature=0 2 0 2 6 0
split_gain=4.93452 5.94388 4.75193 8.44498 2.41505 2.27925
threshold=116.50000000000001 7.5000000000000009 76.500000000000014 4.5000000000000009 1.5000000000000002 21.500000000000004
decision_type=2 2 2 2 2 2
left_child=1 2 3 5 -4 -1
right_child=-2 -3 4 -5 -6 -7
leaf_value=-0.00075514126310524861 0.01802333122910052 -0.013368791922712443 0.00089798107341425835 -0.0061979015847908638 -0.0020140871838437656 -0.00017081084956985595
leaf_weight=22247 2956 1631 33983 2108 4857 53106
leaf_count=22247 2956 1631 33983 2108 4857 53106
internal_value=-0.000168663 -0.000219271 -0.000177163 -0.000403469 0.000274165 -0.000316026
internal_weight=120888 117932 116301 77461 38840 75353
internal_count=120888 117932 116301 77461 38840 75353
is_linear=0
shrinkage=0.05


Tree=77
num_leaves=7
num_cat=0
split_feature=6 0 2 3 4 4
split_gain=4.19313 5.1816 6.99237 3.139 2.74161 2.57183
threshold=1.5000000000000002 88.500000000000014 4.5000000000000009 32.160903436116136 0.68317980188672911 0.87091782403463591
decision_type=2 2 2 2 10 10
left_child=1 2 3 -1 -4 -2
right_child=5 -3 4 -5 -6 -7
leaf_value=-0.0002708209337206871 -0.003389058703323098 0.00136008379345545 -0.0069576824689820231 0.003674030452475224 -0.0019343396553050151 -0.00094927601350349225
leaf_weight=79579 4844 25748 1297 1081 1969 6284
leaf_count=79579 4844 25748 1297 1081 1969 6284
internal_value=-0.000183848 -8.99911e-05 -0.000280351 -0.000188435 -0.00254662 -0.00110842
internal_weight=120802 109674 83926 80660 3266 11128
internal_count=120802 109674 83926 80660 3266 11128
is_linear=0
shrinkage=0.05


Tree=78
num_leaves=7
num_cat=0
split_feature=3 0 2 2 0 0
split_gain=4.04826 4.77678 6.84403 3.09613 2.67713 2.40754
threshold=-36.798861614776875 68.500000000000014 3.5000000000000004 1.5000000000000002 117.50000000000001 5.5000000000000009
decision_type=2 2 2 2 2 2
left_child=-1 2 5 -3 -5 -2
right_child=1 3 -4 4 -6 -7
leaf_value=-0.0036375768525262527 -0.0011915970054968918 0.0031995050166324446 -0.0026252480146888735 0.00014642636851570261 0.024743180922446262 -0.00018147802655996381
leaf_weight=4777 6182 4005 4001 41427 1809 58842
leaf_count=4777 6182 4005 4001 41427 1809 58842
internal_value=-0.000160392 -0.000101746 -0.000366871 0.000285631 0.000162345 -0.000243277
internal_weight=121043 116266 69025 47241 43236 65024
internal_count=121043 116266 69025 47241 43236 65024
is_linear=0
shrinkage=0.05


Tree=79
num_leaves=7
num_cat=0
split_feature=6 1 2 1 2 1
split_gain=4.423 4.19083 8.02802 2.3879 4.14246 3.47506
threshold=1.5000000000000002 35.500000000000007 4.5000000000000009 113.50000000000001 1.0000000180025095e-35 93.500000000000014
decision_type=2 2 2 2 2 2
left_child=1 -1 3 4 -3 -6
right_child=-2 2 -4 -5 5 -7
leaf_value=0.0011755608557235651 -0.0020054640495048882 0.00056514567926047303 -0.0043745464851562338 -0.0010382441141755976 -0.0001395182047092185 -0.0013185538862526488
leaf_weight=29339 11118 18052 2637 7152 45024 7646
leaf_count=29339 11118 18052 2637 7152 45024 7646
internal_value=-0.000145819 -4.9612e-05 -0.000236041 -0.000144071 -5.59911e-05 -0.00028002
internal_weight=120968 109850 80511 77874 70722 52670
internal_count=120968 109850 80511 77874 70722 52670
is_linear=0
shrinkage=0.05


Tree=80
num_leaves=7
num_cat=0
split_feature=6 4 2 1 4 1
split_gain=3.99293 4.12923 3.15436 3.01214 3.28078 2.3528
threshold=1.5000000000000002 0.52027257928231185 1.0000000180025095e-35 105.50000000000001 1.3894886017720951 9.5000000000000018
decision_type=2 10 2 2 10 2
left_child=1 2 -1 4 5 -3
right_child=-2 3 -4 -5 -6 -7
leaf_value=-0.00049415339188205079 -0.0020222304123655032 0.0053054535133533372 -0.0025415795952479672 -0.00081842048625644531 0.0026958662404563214 -3.0365514254988207e-05
leaf_weight=4888 11125 6453 2800 9239 2224 84158
leaf_count=4888 11125 6453 2800 9239 2224 84158
internal_value=-0.000169036 -7.7529e-05 -0.00119459 6.66032e-06 9.2362e-05 4.57413e-05
internal_weight=120887 109762 7688 102074 92835 90611
internal_count=120887 109762 7688 102074 92835 90611
is_linear=0
shrinkage=0.05


Tree=81
num_leaves=7
num_cat=0
split_feature=0 2 6 0 2 0
split_gain=4.98187 4.95319 3.14629 3.27885 6.46116 2.10876
threshold=117.50000000000001 7.5000000000000009 1.5000000000000002 81.500000000000014 4.5000000000000009 18.500000000000004
decision_type=2 2 2 2 2 2
left_child=1 2 3 4 5 -1
right_child=-2 -3 -4 -5 -6 -7
leaf_value=-0.00060674269763846237 0.024693422137018198 -0.012308911533987327 -0.0017710173013570298 0.00098064066556331482 -0.0046740905497441119 -1.0200482588336677e-05
leaf_weight=18673 1980 1778 9601 29992 2115 56736
leaf_count=18673 1980 1778 9601 29992 2115 56736
internal_value=-0.000141671 -0.000183138 -0.000143313 -6.58488e-05 -0.00023759 -0.000161046
internal_weight=120875 118895 117117 107516 77524 75409
internal_count=120875 118895 117117 107516 77524 75409
is_linear=0
shrinkage=0.05


Tree=82
num_leaves=7
num_cat=0
split_feature=1 2 1 2 2 3
split_gain=3.69327 5.65562 2.40411 6.61631 3.16049 3.53921
threshold=4.5000000000000009 7.5000000000000009 66.500000000000014 2.5000000000000004 3.5000000000000004 -30.399289415689527
decision_type=2 2 2 2 2 2
left_child=-1 2 4 -4 5 -2
right_child=1 -3 3 -5 -6 -7
leaf_value=0.011071633314872712 0.004019497918765799 -0.012466193080862288 -0.00019858010741422252 -0.002299565996769825 -0.00059912089163487213 0.00048233990798046266
leaf_weight=3957 1112 1498 49131 5361 26777 33085
leaf_count=3957 1112 1498 49131 5361 26777 33085
internal_value=-0.000122018 -0.000172868 -0.000133195 -0.000374517 8.24862e-05 0.000400999
internal_weight=120921 116964 115466 54492 60974 34197
internal_count=120921 116964 115466 54492 60974 34197
is_linear=0
shrinkage=0.05


Tree=83
num_leaves=7
num_cat=0
split_feature=0 2 6 0 2 0
split_gain=3.6527 6.1959 2.95488 4.0997 6.14216 2.7974
threshold=102.50000000000001 5.5000000000000009 1.0000000180025095e-35 20.500000000000004 1.5000000000000002 83.500000000000014
decision_type=2 2 2 2 2 2
left_child=1 2 -1 -4 -5 -3
right_child=-2 5 3 4 -6 -7
leaf_value=8.634070844416341e-06 0.0019987252481109127 -0.0075225609203474477 -0.0019893241310275501 0.001445981536030632 -0.00087049703024693118 -0.0029944886703017941
leaf_weight=62678 17138 1085 5140 5974 26245 2539
leaf_count=62678 17138 1085 5140 5974 26245 2539
internal_value=-0.000165103 -0.0002769 -0.000203266 -0.000555215 -0.000345861 -0.00230642
internal_weight=120799 103661 100037 37359 32219 3624
internal_count=120799 103661 100037 37359 32219 3624
is_linear=0
shrinkage=0.05


Tree=84
num_leaves=7
num_cat=0
split_feature=1 2 1 6 4 2
split_gain=3.54618 6.30297 2.94504 2.45375 3.41341 2.73007
threshold=16.500000000000004 5.5000000000000009 35.500000000000007 1.0000000180025095e-35 1.3340994559451305 3.5000000000000004
decision_type=2 2 2 2 10 2
left_child=-1 3 -3 -2 5 -5
right_child=1 2 -4 4 -6 -7
leaf_value=0.0021308827476536605 3.1016915395907373e-05 -0.002716092560114361 -0.0065912849929265493 -0.00040599472467467348 0.003004640398129651 -0.0018286213506810659
leaf_weight=16193 62998 2689 1217 26853 1058 9882
leaf_count=16193 62998 2689 1217 26853 1058 9882
internal_value=-0.000130693 -0.000237198 -0.0022066 -0.000160771 -0.000479259 -0.000560018
internal_weight=120890 104697 3906 100791 37793 36735
internal_count=120890 104697 3906 100791 37793 36735
is_linear=0
shrinkage=0.05


Tree=85
num_leaves=7
num_cat=0
split_feature=5 3 3 2 3 4
split_gain=3.16439 2.68514 4.17676 2.86713 2.86348 2.40796
threshold=22.500000000000004 -36.798861614776875 -30.399289415689527 4.5000000000000009 -20.677634383313414 0.70450324840898304
decision_type=2 2 2 2 2 10
left_child=1 -1 3 -3 5 -4
right_child=-2 2 4 -5 -6 -7
leaf_value=-0.0029774865267022197 0.00077645584385705347 0.0027695721253155467 -0.0015517689492472629 -0.00016245347564621741 -0.00017103144071984989 -0.00070631607621762229
leaf_weight=4508 22174 1900 3045 1671 80711 6846
leaf_count=4508 22174 1900 3045 1671 80711 6846
internal_value=-0.00010322 -0.000224501 -0.000167397 0.00150867 -0.000233537 -0.00103628
internal_weight=120855 98681 94173 3571 90602 9891
internal_count=120855 98681 94173 3571 90602 9891
is_linear=0
shrinkage=0.05


Tree=86
num_leaves=7
num_cat=0
split_feature=2 0 2 0 2 0
split_gain=3.75167 3.4532 7.3009 2.94407 2.59495 4.10377
threshold=7.5000000000000009 72.500000000000014 4.5000000000000009 111.50000000000001 2.5000000000000004 44.500000000000007
decision_type=2 2 2 2 2 2
left_child=1 2 4 -2 -1 -6
right_child=3 -3 -4 -5 5 -7
leaf_value=-0.00014613806645837814 -0.01439985147301007 0.00052798146716926233 -0.0053047348856622616 -0.0018193794701923758 -0.0027298301278056705 -0.00063490612927621991
leaf_weight=59930 1131 45257 1607 1052 2865 9031
leaf_count=59930 1131 45257 1607 1052 2865 9031
internal_value=-0.000149036 -0.000111211 -0.000322927 -0.00220064 -0.000248223 -0.000922613
internal_weight=120873 118690 73433 2183 71826 11896
internal_count=120873 118690 73433 2183 71826 11896
is_linear=0
shrinkage=0.05


Tree=87
num_leaves=7
num_cat=0
split_feature=3 0 3 0 3 4
split_gain=3.4825 4.05251 3.08268 2.11822 1.97552 1.90086
threshold=-36.798861614776875 50.500000000000007 -22.088985960972533 116.50000000000001 -31.718557997731839 1.3500983242561084
decision_type=2 2 2 2 2 10
left_child=-1 2 -2 4 -3 -6
right_child=1 3 -4 -5 5 -7
leaf_value=-0.0030592178686843427 -0.001824844363188958 0.0016793858101660326 -0.00036436201286651896 0.017681002636543562 2.4581523258063995e-05 0.0032084458334748541
leaf_weight=4736 1648 2568 49763 2708 57945 1426
leaf_count=4736 1648 2568 49763 2708 57945 1426
internal_value=-0.000133446 -7.91823e-05 -0.000410477 0.000184293 0.000124385 6.55977e-05
internal_weight=120794 116058 51411 64647 61939 59371
internal_count=120794 116058 51411 64647 61939 59371
is_linear=0
shrinkage=0.05


Tree=88
num_leaves=7
num_cat=0
split_feature=0 2 0 0 2 0
split_gain=3.0771 4.59262 4.03755 2.60081 3.41577 5.74578
threshold=109.50000000000001 5.5000000000000009 85.500000000000014 4.5000000000000009 1.0000000180025095e-35 44.500000000000007
decision_type=2 2 2 2 2 2
left_child=1 3 -3 -1 -5 -6
right_child=-2 2 -4 4 5 -7
leaf_value=-0.0012191425273243414 0.0035403012804179276 -0.0064689139297212485 -0.0019958404970857766 0.00053159257847303857 -0.00098994274787096953 0.00010777428452024784
leaf_weight=5207 10097 1286 4442 19976 23217 57345
leaf_count=5207 10097 1286 4442 19976 23217 57345
internal_value=-9.66494e-05 -0.000172367 -0.00155067 -9.76371e-05 -4.11776e-05 -0.000186306
internal_weight=121570 111473 5728 105745 100538 80562
internal_count=121570 111473 5728 105745 100538 80562
is_linear=0
shrinkage=0.05


Tree=89
num_leaves=7
num_cat=0
split_feature=0 2 2 0 0 2
split_gain=3.0201 5.85546 2.70566 3.90103 2.99023 3.29966
threshold=113.50000000000001 7.5000000000000009 3.5000000000000004 56.500000000000007 48.500000000000007 1.0000000180025095e-35
decision_type=2 2 2 2 2 2
left_child=1 2 4 -4 5 -1
right_child=-2 -3 3 -5 -6 -7
leaf_value=0.00024034319400061054 0.0073068331142262053 -0.013145477659066887 -0.0022200149084701309 -0.00066489187096598404 0.00058070869259436693 -0.0007058562707528348
leaf_weight=22557 5995 1277 2038 24911 38337 25745
leaf_count=22557 5995 1277 2038 24911 38337 25745
internal_value=-8.10834e-05 -0.000138201 -0.000100271 -0.000537769 3.58351e-05 -0.000225848
internal_weight=120860 114865 113588 26949 86639 48302
internal_count=120860 114865 113588 26949 86639 48302
is_linear=0
shrinkage=0.05


Tree=90
num_leaves=7
num_cat=0
split_feature=2 0 2 4 0 2
split_gain=2.99107 3.16399 4.76148 3.35505 2.66146 1.8219
threshold=6.5000000000000009 84.500000000000014 4.5000000000000009 0.69710244547102618 98.500000000000014 1.5000000000000002
decision_type=2 2 2 10 2 2
left_child=1 2 5 -4 -2 -1
right_child=4 -3 3 -5 -6 -7
leaf_value=7.9971142442721434e-05 -0.0091673346064338624 0.00093408303275622465 -0.0056235447624746401 -0.00096006981526249057 -0.0033539086831866922 -0.00052537923501402091
leaf_weight=47065 1066 30834 1244 1907 3784 35116
leaf_count=47065 1066 30834 1244 1907 3784 35116
internal_value=-0.000112626 -6.18066e-05 -0.000218664 -0.00212453 -0.00132853 -0.000145464
internal_weight=121016 116166 85332 3151 4850 82181
internal_count=121016 116166 85332 3151 4850 82181
is_linear=0
shrinkage=0.05


Tree=91
num_leaves=7
num_cat=0
split_feature=3 0 4 0 3 3
split_gain=2.72309 2.56026 2.46503 2.48821 1.90961 3.12213
threshold=-36.798861614776875 113.50000000000001 1.3894886017720951 32.500000000000007 -30.399289415689527 -22.088985960972533
decision_type=2 2 10 2 2 2
left_child=-1 2 4 -4 -2 -6
right_child=1 -3 3 -5 5 -7
leaf_value=-0.0026566166946982682 0.0011716980502798804 0.0079297249156270698 0.00016071952967486756 0.0037011645185823783 -0.001184117059259374 -0.00014694280064730364
leaf_weight=4737 3551 5480 2152 1461 8162 95347
leaf_count=4737 3551 5480 2152 1461 8162 95347
internal_value=-0.000108773 -6.08235e-05 -0.000113077 0.00117054 -0.000156448 -0.000195579
internal_weight=120890 116153 110673 3613 107060 103509
internal_count=120890 116153 110673 3613 107060 103509
is_linear=0
shrinkage=0.05


Tree=92
num_leaves=7
num_cat=0
split_feature=2 0 2 0 2 0
split_gain=2.739 2.56839 5.99999 2.49972 2.35112 2.3285
threshold=7.5000000000000009 49.500000000000007 2.5000000000000004 111.50000000000001 1.5000000000000002 116.50000000000001
decision_type=2 2 2 2 2 2
left_child=1 2 -1 -2 -3 -6
right_child=3 4 -4 -5 5 -7
leaf_value=-0.00018331408419340232 -0.012986017936904499 0.0015005889745439286 -0.0021709138643685641 -0.0005148254249042729 -0.00010038182467898966 0.015811405862480574
leaf_weight=46198 1086 10005 4177 1074 55857 2388
leaf_count=46198 1086 10005 4177 1074 55857 2388
internal_value=-0.000108247 -7.60781e-05 -0.000346865 -0.00187067 0.000123799 2.14473e-06
internal_weight=120785 118625 50375 2160 68250 58245
internal_count=120785 118625 50375 2160 68250 58245
is_linear=0
shrinkage=0.05


Tree=93
num_leaves=7
num_cat=0
split_feature=0 2 6 0 2 2
split_gain=2.50845 3.91422 2.0524 2.34475 2.56928 2.48369
threshold=117.50000000000001 7.5000000000000009 1.5000000000000002 15.500000000000002 1.0000000180025095e-35 1.5000000000000002
decision_type=2 2 2 2 2 2
left_child=1 2 3 4 -1 -5
right_child=-2 -3 -4 5 -6 -7
leaf_value=-0.00030942525242464087 0.020298471879299406 -0.0096619544931073054 -0.0013554681635605922 0.00050539414872433812 -0.0017755357910057444 -0.000229688993937806
leaf_weight=12983 1976 1781 9548 32619 2840 59086
leaf_count=12983 1976 1781 9548 32619 2840 59086
internal_value=-0.000113914 -0.000143319 -0.000107875 -4.54756e-05 -0.000607469 5.15199e-05
internal_weight=120833 118857 117076 107528 15823 91705
internal_count=120833 118857 117076 107528 15823 91705
is_linear=0
shrinkage=0.05


Tree=94
num_leaves=7
num_cat=0
split_feature=6 4 6 0 2 4
split_gain=2.3722 2.08781 3.52289 1.99926 2.12533 2.21719
threshold=2.5000000000000004 1.3500983242561084 1.0000000180025095e-35 117.50000000000001 7.5000000000000009 1.2072996463499424
decision_type=2 10 2 2 2 8
left_child=1 3 -3 4 5 -1
right_child=-2 2 -4 -5 -6 -7
leaf_value=-3.867877327132967e-05 -0.0049879847451242618 0.00021204142678537069 0.0038473549569550507 0.019377995771650031 -0.0082172833695455388 -0.0013062099191934091
leaf_weight=104155 1532 3463 1230 1692 1432 7368
leaf_count=104155 1532 3463 1230 1692 1432 7368
internal_value=-7.16443e-05 -4.6505e-05 0.000986589 -8.88352e-05 -0.000114422 -8.97993e-05
internal_weight=120872 119340 4693 114647 112955 111523
internal_count=120872 119340 4693 114647 112955 111523
is_linear=0
shrinkage=0.05


Tree=95
num_leaves=7
num_cat=0
split_feature=6 0 3 3 3 0
split_gain=2.62737 1.79051 2.36201 2.43355 2.30046 1.71468
threshold=2.5000000000000004 94.500000000000014 -36.798861614776875 -33.189303299291673 -22.088985960972533 47.500000000000007
decision_type=2 2 2 2 2 2
left_child=1 2 -1 -4 5 -5
right_child=-2 -3 3 4 -6 -7
leaf_value=-0.0028930031305383838 -0.0051073047804755176 0.00097006004665544049 0.0020209292432783002 -0.0014355079517868333 -9.4235731214144865e-05 -0.00061096359971564277
leaf_weight=2431 1557 24215 1236 1242 84059 6153
leaf_count=2431 1557 24215 1236 1242 84059 6153
internal_value=-9.77282e-05 -7.10581e-05 -0.000168777 -0.000128379 -0.000158214 -0.00100338
internal_weight=120893 119336 95121 92690 91454 7395
internal_count=120893 119336 95121 92690 91454 7395
is_linear=0
shrinkage=0.05


Tree=96
num_leaves=7
num_cat=0
split_feature=3 0 3 3 3 0
split_gain=2.68298 2.62256 3.19852 1.98393 1.82255 1.75937
threshold=-36.798861614776875 46.500000000000007 -20.677634383313414 -30.399289415689527 -20.677634383313414 107.50000000000001
decision_type=2 2 2 2 2 2
left_child=-1 2 -2 -3 5 -5
right_child=1 3 -4 4 -6 -7
leaf_value=-0.0026143956057079632 -0.0016058239527931553 0.001654745678413033 -0.00026787402795446484 -0.00096927479282053427 0.00033015829168822305 0.0045114530266959505
leaf_weight=4734 1601 3633 45952 7867 56095 1113
leaf_count=4734 1601 3633 45952 7867 56095 1113
internal_value=-9.35962e-05 -4.60594e-05 -0.000331491 0.000151499 8.79675e-05 -0.000573179
internal_weight=120995 116261 47553 68708 65075 8980
internal_count=120995 116261 47553 68708 65075 8980
is_linear=0
shrinkage=0.05


Tree=97
num_leaves=7
num_cat=0
split_feature=2 1 2 1 4 3
split_gain=2.6119 2.29401 6.1586 2.18217 1.63095 1.59393
threshold=7.5000000000000009 31.500000000000004 5.5000000000000009 8.5000000000000018 0.69238436584673313 -36.798861614776875
decision_type=2 2 2 2 10 2
left_child=1 4 -3 -2 -1 -6
right_child=3 2 -4 -5 5 -7
leaf_value=0.0042651444845365786 -0.00051958389730897018 -0.0001396470845396583 -0.0053817439126309652 -0.011458746999270943 -0.0053315590779426086 0.0009115869498025575
leaf_weight=1020 1095 87751 1404 1103 1012 27208
leaf_count=1020 1095 87751 1404 1103 1012 27208
internal_value=-8.26311e-05 -5.0888e-05 -0.00017693 -0.00178847 0.000333389 0.000262178
internal_weight=120593 118395 89155 2198 29240 28220
internal_count=120593 118395 89155 2198 29240 28220
is_linear=0
shrinkage=0.05


Tree=98
num_leaves=7
num_cat=0
split_feature=6 0 2 0 3 0
split_gain=2.7592 2.76341 2.19433 3.99769 2.97067 1.73049
threshold=1.5000000000000002 110.50000000000001 4.5000000000000009 79.500000000000014 -30.399289415689527 5.5000000000000009
decision_type=2 2 2 2 2 2
left_child=1 2 4 -4 -1 -6
right_child=-2 -3 3 -5 5 -7
leaf_value=0.0018971281662762071 -0.0014708659773937857 0.0055098549328057604 -0.0038004836584883449 -0.00057803206117420928 -0.00079743429362898015 1.4084042167707847e-05
leaf_weight=2956 11142 6566 1874 7935 6070 84349
leaf_count=2956 11142 6566 1874 7935 6070 84349
internal_value=-8.5694e-05 -9.56795e-06 -7.28772e-05 -0.000784085 1.87287e-06 -4.91585e-05
internal_weight=120892 109750 103184 9809 93375 90419
internal_count=120892 109750 103184 9809 93375 90419
is_linear=0
shrinkage=0.05


Tree=99
num_leaves=7
num_cat=0
split_feature=2 1 2 4 2 1
split_gain=2.14303 2.68957 3.23953 3.73379 1.65709 3.42021
threshold=6.5000000000000009 35.500000000000007 4.5000000000000009 0.67848743297299696 1.0000000180025095e-35 73.500000000000014
decision_type=2 2 2 10 2 2
left_child=1 -1 4 -4 -3 -6
right_child=-2 2 3 -5 5 -7
leaf_value=0.0009554837873763279 -0.0034991458204709346 0.00024140846817057756 -0.0044717383566599848 -0.00050151010198324622 0.00012414395125168279 -0.00077130713144522454
leaf_weight=30823 4831 24541 1142 1944 32563 24863
leaf_count=30823 4831 24541 1142 1944 32563 24863
internal_value=-6.57362e-05 -2.26969e-05 -0.00016771 -0.00175671 -0.000107782 -0.000254742
internal_weight=120707 115876 85053 3086 81967 57426
internal_count=120707 115876 85053 3086 81967 57426
is_linear=0
shrinkage=0.05


Tree=100
num_leaves=7
num_cat=0
split_feature=6 0 2 0 2 0
split_gain=2.04605 2.10525 4.68703 1.92287 4.18758 2.08798
threshold=2.5000000000000004 103.50000000000001 5.5000000000000009 15.500000000000002 1.5000000000000002 46.500000000000007
decision_type=2 2 2 2 2 2
left_child=1 2 3 -1 -5 -6
right_child=-2 -3 -4 4 5 -7
leaf_value=-0.00055206483514548543 -0.0045851439959159451 0.0016669821085891054 -0.0035890065476304189 0.00051529026395670042 -0.0009379681920607645 -0.00021417895157019385
leaf_weight=16257 1560 15214 3682 32234 9707 42175
leaf_count=16257 1560 15214 3682 32234 9707 42175
internal_value=-0.000120787 -9.72143e-05 -0.000177543 -0.000113223 -1.70005e-05 -0.000295065
internal_weight=120829 119269 104055 100373 84116 51882
internal_count=120829 119269 104055 100373 84116 51882
is_linear=0
shrinkage=0.05


Tree=101
num_leaves=7
num_cat=0
split_feature=2 0 2 3 0 2
split_gain=2.22848 2.34196 3.96957 3.09807 1.74596 2.52206
threshold=6.5000000000000009 78.500000000000014 4.5000000000000009 -23.176699815574668 5.5000000000000009 1.0000000180025095e-35
decision_type=2 2 2 2 2 2
left_child=1 2 4 -4 -1 -6
right_child=-2 -3 3 -5 5 -7
leaf_value=-0.00098369222928501631 -0.0040389244361165224 0.00063021870546763764 -0.0065572455579024844 -0.00020380039524482745 0.00044051098090467213 -0.00029505433564991021
leaf_weight=6173 4782 36823 1155 1061 18768 52126
leaf_count=6173 4782 36823 1155 1061 18768 52126
internal_value=-9.38031e-05 -5.02118e-05 -0.000203248 -0.00228726 -0.000143179 -7.29218e-05
internal_weight=120888 116106 79283 2216 77067 70894
internal_count=120888 116106 79283 2216 77067 70894
is_linear=0
shrinkage=0.05


Tree=102
num_leaves=7
num_cat=0
split_feature=2 0 2 3 2 0
split_gain=2.41913 1.79136 3.02313 1.95413 2.28034 3.23225
threshold=7.5000000000000009 97.500000000000014 5.5000000000000009 -30.399289415689527 2.5000000000000004 38.500000000000007
decision_type=2 2 2 2 2 2
left_child=1 2 3 -1 -5 -6
right_child=-2 -3 -4 4 5 -7
leaf_value=0.00093992627481971245 -0.0075479292276709091 0.0011448239950194665 -0.0032338974750169315 -1.552525815749899e-05 -0.0028303251585240145 -0.00056687368999388957
leaf_weight=4008 2150 20359 2337 67220 1777 22706
leaf_count=4008 2150 20359 2337 67220 1777 22706
internal_value=-0.000103143 -7.29245e-05 -0.000161546 -0.000118111 -0.000165363 -0.000578448
internal_weight=120557 118407 98048 95711 91703 24483
internal_count=120557 118407 98048 95711 91703 24483
is_linear=0
shrinkage=0.05


Tree=103
num_leaves=7
num_cat=0
split_feature=3 2 0 0 3 3
split_gain=1.89301 2.30186 3.24269 2.88933 2.20594 1.99573
threshold=-20.677634383313414 5.5000000000000009 88.500000000000014 45.500000000000007 -30.399289415689527 -36.798861614776875
decision_type=2 2 2 2 2 2
left_child=1 3 -3 -1 5 -5
right_child=-2 2 -4 4 -6 -7
leaf_value=-0.0015139369857674247 4.0118335583683886e-05 -0.0066491198815646904 -0.001890556949365184 -0.00032892974904537319 -0.0004992766133746835 0.001703583904748789
leaf_weight=1475 101890 1099 4268 2101 7360 2642
leaf_count=1475 101890 1099 4268 2101 7360 2642
internal_value=-4.9033e-05 -0.000507917 -0.00138403 -0.000161232 9.37385e-05 0.000934076
internal_weight=120835 18945 5367 13578 12103 4743
internal_count=120835 18945 5367 13578 12103 4743
is_linear=0
shrinkage=0.05


Tree=104
num_leaves=7
num_cat=0
split_feature=2 0 0 2 0 3
split_gain=1.8177 2.48028 1.6782 2.24699 2.8106 2.57886
threshold=7.5000000000000009 111.50000000000001 9.5000000000000018 1.0000000180025095e-35 55.500000000000007 15.073060259242775
decision_type=2 2 2 2 2 2
left_child=2 -2 -1 5 -5 -4
right_child=1 -3 3 4 -6 -7
leaf_value=-0.00063819021110280078 -0.0088716306977255684 0.00085837430659076337 0.00069645216422774064 -0.00054086973997432999 0.00019536850821405975 -0.0018189494287901558
leaf_weight=10245 1076 1061 14182 31999 60911 1616
leaf_count=10245 1076 1061 14182 31999 60911 1616
internal_value=-9.00132e-05 -0.00153361 -6.40154e-05 -6.34818e-06 -0.000100093 0.000544832
internal_weight=121090 2137 118953 108708 92910 15798
internal_count=121090 2137 118953 108708 92910 15798
is_linear=0
shrinkage=0.05


Tree=105
num_leaves=7
num_cat=0
split_feature=5 6 1 4 2 4
split_gain=1.52422 1.39948 1.29744 3.6091 3.08443 2.91575
threshold=34.500000000000007 2.5000000000000004 96.500000000000014 0.50746611657112972 1.5000000000000002 0.75168627272982513
decision_type=2 2 2 10 2 10
left_child=1 2 3 -1 5 -5
right_child=-2 -3 -4 4 -6 -7
leaf_value=-0.0029751835775269392 0.0032808725046411785 -0.0037828959551943295 -0.00037094971760799937 0.0023307989476683442 -0.00022323914651830072 0.00045762479097411954
leaf_weight=1228 1940 1541 24140 2239 67188 22749
leaf_count=1228 1940 1541 24140 2239 67188 22749
internal_value=-0.000103075 -0.000125746 -0.000106085 -2.16265e-05 1.43185e-05 0.000488536
internal_weight=121025 119085 117544 93404 92176 24988
internal_count=121025 119085 117544 93404 92176 24988
is_linear=0
shrinkage=0.05


Tree=106
num_leaves=7
num_cat=0
split_feature=1 2 1 4 3 2
split_gain=2.0496 2.08906 1.28054 1.63287 1.41219 1.91742
threshold=2.5000000000000004 7.5000000000000009 114.50000000000001 1.3894886017720951 16.271836309028384 1.0000000180025095e-35
decision_type=2 2 2 10 2 2
left_child=-1 2 3 4 5 -2
right_child=1 -3 -4 -5 -6 -7
leaf_value=0.017458855315376515 0.00048133577846582733 -0.006804117756110401 -0.00079375376801586674 0.001169282638578274 -0.0016411940044388001 -0.00015399794724391987
leaf_weight=1971 16821 1761 6145 2905 9080 82328
leaf_count=1971 16821 1761 6145 2905 9080 82328
internal_value=-8.14367e-05 -0.000107944 -8.22375e-05 -4.33703e-05 -7.47928e-05 -2.01214e-05
internal_weight=121011 119040 117279 111134 108229 99149
internal_count=121011 119040 117279 111134 108229 99149
is_linear=0
shrinkage=0.05


Tree=107
num_leaves=7
num_cat=0
split_feature=4 0 2 3 2 3
split_gain=1.55727 1.38377 3.47692 2.50213 2.06291 2.23691
threshold=1.3894886017720951 66.500000000000014 4.5000000000000009 13.572600148213743 2.5000000000000004 -8.8326130845862565
decision_type=10 2 2 2 2 2
left_child=1 2 3 4 5 -1
right_child=-2 -3 -4 -5 -6 -7
leaf_value=0.00060432312126522966 0.0011611499145376479 0.00016168013616272892 -0.0045117573769471089 -0.0025269327772867475 -0.00099326752111301097 -0.00023188566799803645
leaf_weight=12436 3719 52643 1090 2157 9214 39729
leaf_count=12436 3719 52643 1090 2157 9214 39729
internal_value=-7.88487e-05 -0.00011081 -0.000265818 -0.000217656 -0.000158756 -3.68998e-05
internal_weight=120988 117269 64626 63536 61379 52165
internal_count=120988 117269 64626 63536 61379 52165
is_linear=0
shrinkage=0.05


Tree=108
num_leaves=7
num_cat=0
split_feature=3 4 2 3 0 4
split_gain=1.75169 3.47626 1.86941 3.0495 2.96404 2.20382
threshold=-20.677634383313414 0.52027257928231185 5.5000000000000009 -30.399289415689527 89.500000000000014 0.60743474663531316
decision_type=2 10 2 2 2 10
left_child=1 -1 3 5 -4 -3
right_child=-2 2 4 -5 -6 -7
leaf_value=-0.0025830745662001925 -1.8059030324681788e-06 0.0036908091594873129 -0.0056479511065253597 -0.00061110527616195661 -0.0015081285759593003 0.00040998815099649999
leaf_weight=1370 101932 1004 1064 8136 4135 3435
leaf_count=1370 101932 1004 1064 8136 4135 3435
internal_value=-8.44901e-05 -0.000523266 -0.000335791 -5.96304e-06 -0.00113278 0.00104748
internal_weight=121076 19144 17774 12575 5199 4439
internal_count=121076 19144 17774 12575 5199 4439
is_linear=0
shrinkage=0.05


Tree=109
num_leaves=7
num_cat=0
split_feature=2 0 0 2 0 3
split_gain=1.42535 1.32348 1.25374 2.76908 3.03861 2.70807
threshold=7.5000000000000009 111.50000000000001 101.50000000000001 2.5000000000000004 36.500000000000007 -8.8326130845862565
decision_type=2 2 2 2 2 2
left_child=2 -2 3 5 -5 -1
right_child=1 -3 -4 4 -6 -7
leaf_value=0.00083464857873178754 -0.0078556370719330467 -0.0013344776215835933 0.0013070512806326318 -0.0034208465405218564 -0.00046668312269368449 -9.5116111729170799e-05
leaf_weight=14922 1088 1078 16487 1532 32250 53561
leaf_count=14922 1088 1078 16487 1532 32250 53561
internal_value=-5.69796e-05 -0.00132658 -3.37676e-05 -9.90038e-05 -0.000469413 8.37361e-05
internal_weight=120918 2166 118752 102265 33782 68483
internal_count=120918 2166 118752 102265 33782 68483
is_linear=0
shrinkage=0.05


Tree=110
num_leaves=7
num_cat=0
split_feature=0 2 4 4 2 0
split_gain=1.97117 2.79783 1.35128 1.49451 1.5242 2.84636
threshold=117.50000000000001 7.5000000000000009 1.3894886017720951 1.2072996463499424 1.0000000180025095e-35 35.500000000000007
decision_type=2 2 10 8 2 2
left_child=1 2 3 4 -1 -6
right_child=-2 -3 -4 -5 5 -7
leaf_value=0.00037844675686943578 0.018372674904581009 -0.0068707714864048933 0.0012666201319021142 -0.0010670103741584082 -0.0008250433692400318 2.2226907928113307e-05
leaf_weight=19310 1963 1754 3737 8392 14961 70727
leaf_count=19310 1963 1754 3737 8392 14961 70727
internal_value=-5.27116e-05 -7.869e-05 -4.8963e-05 -7.98107e-05 -2.84766e-05 -0.000118914
internal_weight=120844 118881 117127 113390 104998 85688
internal_count=120844 118881 117127 113390 104998 85688
is_linear=0
shrinkage=0.05


Tree=111
num_leaves=7
num_cat=0
split_feature=5 0 2 0 4 4
split_gain=1.56464 1.43693 2.05125 2.38378 3.01107 2.73409
threshold=36.500000000000007 6.5000000000000009 1.0000000180025095e-35 25.500000000000004 1.3675688197750497 0.50746611657112972
decision_type=2 2 2 2 10 10
left_child=1 -1 -3 -4 5 -5
right_child=-2 2 3 4 -6 -7
leaf_value=-0.00067340558585635894 0.004033730343249377 0.00043181850971651118 -0.0011092201119110811 -0.002471417436167593 0.0024774955553795385 -8.2437350542692784e-05
leaf_weight=7106 1227 18038 8211 1120 1423 83770
leaf_count=7106 1227 18038 8211 1120 1423 83770
internal_value=-5.60392e-05 -7.4287e-05 -3.07384e-05 -0.000123984 -4.65152e-05 -8.48118e-05
internal_weight=120895 119668 112562 94524 86313 84890
internal_count=120895 119668 112562 94524 86313 84890
is_linear=0
shrinkage=0.05


Tree=112
num_leaves=7
num_cat=0
split_feature=0 2 3 3 3 2
split_gain=1.42635 2.86173 4.21472 2.30563 2.45297 2.20438
threshold=65.500000000000014 2.5000000000000004 -0.70836193592451646 -8.8326130845862565 -22.445164894376614 1.5000000000000002
decision_type=2 2 2 2 2 2
left_child=1 3 -3 4 -1 -2
right_child=5 2 -4 -5 -6 -7
leaf_value=-0.00092734442400467347 0.0022039143317328356 -0.0018304133444224766 0.0013508713240418784 -0.00024579756549494971 0.00097116872270062863 6.2753533385023771e-05
leaf_weight=1231 4694 8512 1475 43995 11009 49572
leaf_count=1231 4694 8512 1475 43995 11009 49572
internal_value=-5.88428e-05 -0.000214566 -0.000994297 -7.60147e-05 0.000530828 0.000131192
internal_weight=120488 66222 9987 56235 12240 54266
internal_count=120488 66222 9987 56235 12240 54266
is_linear=0
shrinkage=0.05


Tree=113
num_leaves=7
num_cat=0
split_feature=0 6 0 4 6 3
split_gain=1.71087 1.73604 1.01405 1.33281 1.19685 1.14192
threshold=117.50000000000001 2.5000000000000004 12.500000000000002 1.3894886017720951 1.0000000180025095e-35 12.265584022071581
decision_type=2 2 2 10 2 2
left_child=1 2 4 5 -1 -4
right_child=-2 -3 3 -5 -6 -7
leaf_value=-0.0002289902616451544 0.015946044285276875 -0.0036571635103709692 4.887900481269813e-05 0.0015949227540833139 -0.0014207145882249503 -0.00097705856033265142
leaf_weight=11100 1972 1315 89891 2481 2107 12257
leaf_count=11100 1972 1315 89891 2481 2107 12257
internal_value=-4.75955e-05 -7.17978e-05 -5.15961e-05 5.2445e-07 -0.000464352 -2.73132e-05
internal_weight=121123 119151 117836 104629 13207 102148
internal_count=121123 119151 117836 104629 13207 102148
is_linear=0
shrinkage=0.05


Tree=114
num_leaves=7
num_cat=0
split_feature=2 0 2 2 0 5
split_gain=1.39904 1.53498 4.04759 2.22058 1.24784 1.17331
threshold=7.5000000000000009 71.500000000000014 4.5000000000000009 1.5000000000000002 111.50000000000001 21.500000000000004
decision_type=2 2 2 2 2 2
left_child=1 2 -1 5 -2 -3
right_child=4 3 -4 -5 -6 -7
leaf_value=-0.00011937216612498052 -0.0082019669735830299 0.0043028416647132861 -0.0037998824001463267 0.00018765228590817258 -0.0015245622634602238 0.001380392912354784
leaf_weight=71003 1060 1582 1549 42764 1041 1767
leaf_count=71003 1060 1582 1549 42764 1041 1767
internal_value=-5.44845e-05 -3.18121e-05 -0.000175174 0.000193741 -0.00133191 0.00143262
internal_weight=120766 118665 72552 46113 2101 3349
internal_count=120766 118665 72552 46113 2101 3349
is_linear=0
shrinkage=0.05


Tree=115
num_leaves=7
num_cat=0
split_feature=6 0 0 3 4 3
split_gain=1.17944 1.39688 1.10137 1.04217 0.884273 0.96654
threshold=1.5000000000000002 109.50000000000001 4.5000000000000009 -20.677634383313414 1.3894886017720951 12.265584022071581
decision_type=2 2 2 2 10 2
left_child=1 2 -1 -2 5 -4
right_child=3 -3 4 -5 -6 -7
leaf_value=-0.00073084058347064763 -0.0026272145852881046 0.0034555730382046057 -3.0387337456071966e-07 -0.00045495645440949014 0.001047453653340018 -0.0010249022413031251
leaf_weight=5085 2643 7298 85167 8550 2813 9224
leaf_count=5085 2643 7298 85167 8550 2813 9224
internal_value=-6.62346e-05 -1.62889e-05 -6.39834e-05 -0.000555011 -2.64391e-05 -5.24928e-05
internal_weight=120780 109587 102289 11193 97204 94391
internal_count=120780 109587 102289 11193 97204 94391
is_linear=0
shrinkage=0.05


Tree=116
num_leaves=7
num_cat=0
split_feature=4 3 3 3 3 2
split_gain=1.26558 2.36348 1.32542 2.77112 1.49792 1.11315
threshold=0.52027257928231185 -19.351314110641098 -49.263968381596136 -36.798861614776875 -32.450642913165737 1.5000000000000002
decision_type=10 2 2 2 2 2
left_child=1 -1 -2 -4 -5 -6
right_child=2 -3 3 4 5 -7
leaf_value=-0.0022502498654891844 0.0033623283717905818 -0.00019345536161586685 -0.0029659308318650103 0.0016656562856938223 0.00023181512763559105 -0.00020204445295991122
leaf_weight=1447 1150 6839 3104 2252 41783 64378
leaf_count=1447 1150 6839 3104 2252 41783 64378
internal_value=-4.06351e-05 -0.000636836 3.2383e-06 -1.42136e-05 2.79923e-05 8.93633e-07
internal_weight=120953 8286 112667 111517 108413 106161
internal_count=120953 8286 112667 111517 108413 106161
is_linear=0
shrinkage=0.05


Tree=117
num_leaves=7
num_cat=0
split_feature=2 0 3 4 2 4
split_gain=1.33758 3.95797 1.38583 2.09641 2.24758 1.76309
threshold=5.5000000000000009 88.500000000000014 -30.399289415689527 0.72915224344839691 3.5000000000000004 0.63177257981722901
decision_type=2 2 2 10 2 10
left_child=2 -2 3 4 -1 -6
right_child=1 -3 -4 -5 5 -7
leaf_value=0.0029634328442564588 -0.0045355242306545866 -0.00051459237331718849 -4.0690108060376611e-05 0.0035725099443458513 0.00061889795585604219 -0.0018195802465224972
leaf_weight=1235 1572 8499 105912 1079 1269 1348
leaf_count=1235 1572 8499 105912 1079 1269 1348
internal_value=-3.94491e-05 -0.00059101 1.06891e-05 0.000829618 0.000282602 -0.000547293
internal_weight=120914 10071 110843 4931 3852 2617
internal_count=120914 10071 110843 4931 3852 2617
is_linear=0
shrinkage=0.05


Tree=118
num_leaves=7
num_cat=0
split_feature=1 2 3 1 5 2
split_gain=1.33713 1.72659 2.69458 1.59859 1.95048 3.35716
threshold=106.50000000000001 1.0000000180025095e-35 15.073060259242775 80.500000000000014 7.5000000000000009 4.5000000000000009
decision_type=2 2 2 2 2 2
left_child=1 2 -1 4 5 -3
right_child=-2 3 -4 -5 -6 -7
leaf_value=0.00078060945368505039 -0.00039231956533449007 0.0022206600783390884 -0.0019969180681545635 -0.00052326721711138172 -4.2373816927758618e-07 -0.0009330032331359338
leaf_weight=11417 14318 3055 1556 16757 72140 1917
leaf_count=11417 14318 3055 1556 16757 72140 1917
internal_value=-1.69203e-05 4.38933e-05 0.000584449 -3.08404e-05 6.5354e-05 0.0010227
internal_weight=121160 106842 12973 93869 77112 4972
internal_count=121160 106842 12973 93869 77112 4972
is_linear=0
shrinkage=0.05


Tree=119
num_leaves=7
num_cat=0
split_feature=0 2 0 2 5 0
split_gain=1.51949 1.97889 1.261 1.85024 2.18115 1.77474
threshold=117.50000000000001 7.5000000000000009 12.500000000000002 1.0000000180025095e-35 13.500000000000002 50.500000000000007
decision_type=2 2 2 2 2 2
left_child=1 2 -1 4 -4 -5
right_child=-2 -3 3 5 -6 -7
leaf_value=-0.00037252172196444375 0.015793988481999695 -0.0060744909403577362 0.0018041456026128687 -0.0004080797164580706 0.00028280428411422515 0.00019010290477615465
leaf_weight=13252 1961 1793 3072 26608 10515 63760
leaf_count=13252 1961 1793 3072 26608 10515 63760
internal_value=-7.89597e-06 -3.06722e-05 -5.41873e-06 5.31442e-05 0.000597041 -2.86602e-05
internal_weight=120961 119000 117207 103955 13587 90368
internal_count=120961 119000 117207 103955 13587 90368
is_linear=0
shrinkage=0.05


Tree=120
num_leaves=7
num_cat=0
split_feature=6 0 2 4 4 3
split_gain=1.70425 1.86199 1.92547 1.41545 2.03182 1.64155
threshold=1.5000000000000002 12.500000000000002 1.0000000180025095e-35 0.50746611657112972 0.63710067057834352 -36.798861614776875
decision_type=2 2 2 10 10 2
left_child=1 2 -1 -3 -5 -6
right_child=-2 3 -4 4 5 -7
leaf_value=-0.00023614817697230366 -0.0010809326642385578 -0.0013437911580023749 -0.001631203427338376 0.00079629710696486704 -0.0037060129033981422 0.0001401403694841297
leaf_weight=11136 11111 2055 1843 5516 2001 87010
leaf_count=11136 11111 2055 1843 5516 2001 87010
internal_value=-4.0274e-05 1.9576e-05 -0.000542592 9.51462e-05 0.000123396 6.56612e-05
internal_weight=120672 109561 12979 96582 94527 89011
internal_count=120672 109561 12979 96582 94527 89011
is_linear=0
shrinkage=0.05


Tree=121
num_leaves=7
num_cat=0
split_feature=3 3 0 2 0 4
split_gain=1.62682 1.86038 1.84657 1.9857 1.65491 1.86091
threshold=-36.798861614776875 -46.365838480682321 53.500000000000007 1.0000000180025095e-35 18.500000000000004 0.70450324840898304
decision_type=2 2 2 2 2 10
left_child=1 -1 3 -2 -5 -6
right_child=2 -3 -4 4 5 -7
leaf_value=0.00031301641643648593 7.1357561035290126e-05 -0.0034180840985386929 0.00022581373978653566 -0.0011773672450210956 0.00035441224200681814 -0.0007049154611906708
leaf_weight=1928 23205 2859 61833 4729 5910 20489
leaf_count=1928 23205 2859 61833 4729 5910 20489
internal_value=-8.52787e-05 -0.000988106 -4.80338e-05 -0.000260684 -0.000521634 -0.00036718
internal_weight=120953 4787 116166 54333 31128 26399
internal_count=120953 4787 116166 54333 31128 26399
is_linear=0
shrinkage=0.05


Tree=122
num_leaves=7
num_cat=0
split_feature=3 3 1 2 6 4
split_gain=1.13395 1.87164 1.35493 2.13079 2.5739 2.00906
threshold=-36.798861614776875 -46.365838480682321 100.50000000000001 1.5000000000000002 1.0000000180025095e-35 0.75168627272982513
decision_type=2 2 2 2 2 10
left_child=1 -1 3 4 -2 -6
right_child=2 -3 -4 -5 5 -7
leaf_value=0.0005102467377056031 0.00019340167651825572 -0.0027292909519017155 -0.00035217564064097525 -0.00017315863271084929 0.003734722717326533 0.0011382882817027437
leaf_weight=1894 22841 2860 20515 66676 1105 5100
leaf_count=1894 22841 2860 20515 66676 1105 5100
internal_value=-7.7731e-05 -0.00083421 -4.67571e-05 3.22781e-05 0.000389658 0.00129227
internal_weight=120991 4754 116237 95722 29046 6205
internal_count=120991 4754 116237 95722 29046 6205
is_linear=0
shrinkage=0.05


Tree=123
num_leaves=7
num_cat=0
split_feature=1 6 3 3 3 1
split_gain=1.15841 1.25984 0.966516 1.92649 1.12953 1.33418
threshold=2.5000000000000004 2.5000000000000004 -36.798861614776875 -46.365838480682321 -32.450642913165737 37.500000000000007
decision_type=2 2 2 2 2 2
left_child=-1 2 3 -2 5 -4
right_child=1 -3 4 -5 -6 -7
leaf_value=0.013137497077091227 0.00058299277232452026 -0.0035338091031154786 0.0034125529984183598 -0.0026168590882285178 -1.8340521147901245e-05 -0.00010801073828082825
leaf_weight=1992 1791 1329 1207 2698 110837 1060
leaf_count=1992 1791 1329 1207 2698 110837 1060
internal_value=-2.24956e-05 -4.25483e-05 -2.52142e-05 -0.000744327 3.3584e-06 0.00110695
internal_weight=120914 118922 117593 4489 113104 2267
internal_count=120914 118922 117593 4489 113104 2267
is_linear=0
shrinkage=0.05


Tree=124
num_leaves=7
num_cat=0
split_feature=3 4 2 0 4 3
split_gain=1.39087 2.58804 2.17361 3.08937 1.90857 1.88786
threshold=-20.677634383313414 0.52027257928231185 3.5000000000000004 78.500000000000014 0.63710067057834352 -16.724250568159707
decision_type=2 10 2 2 10 2
left_child=1 -1 -3 -4 -5 -2
right_child=5 2 3 4 -6 -7
leaf_value=-0.0023036190425224866 0.0017587695971910287 0.00076068457523776776 -0.0015889271543211782 0.0020602256893170697 -0.00077652914206214035 -1.4482613504857842e-05
leaf_weight=1358 6246 5280 3069 1018 8290 95684
leaf_count=1358 6246 5280 3069 1018 8290 95684
internal_value=-3.20392e-05 -0.000424554 -0.000262429 -0.000624698 -0.00017073 4.12015e-05
internal_weight=120945 19015 17657 12377 9308 101930
internal_count=120945 19015 17657 12377 9308 101930
is_linear=0
shrinkage=0.05


Tree=125
num_leaves=7
num_cat=0
split_feature=0 2 3 5 0 2
split_gain=1.42112 1.72302 2.13624 1.55433 1.39268 1.75486
threshold=13.500000000000002 1.0000000180025095e-35 19.469908604945044 12.500000000000002 36.500000000000007 2.5000000000000004
decision_type=2 2 2 2 2 2
left_child=-1 2 3 -2 5 -3
right_child=1 4 -4 -5 -6 -7
leaf_value=-0.00044648020044525476 0.0019989280145081205 -0.00032971871426696871 -0.0027131900732600186 0.00046417403046944021 2.6925911620143872e-05 -0.0026078964568556078
leaf_weight=14280 2130 12841 1048 9749 79336 1528
leaf_count=14280 2130 12841 1048 9749 79336 1528
internal_value=-4.97047e-05 1.30337e-05 0.000554051 0.000745118 -6.16275e-05 -0.000514472
internal_weight=120912 106632 12927 11879 93705 14369
internal_count=120912 106632 12927 11879 93705 14369
is_linear=0
shrinkage=0.05


Tree=126
num_leaves=7
num_cat=0
split_feature=0 3 2 3 2 3
split_gain=1.00521 1.37807 1.31201 0.778686 0.670526 2.01901
threshold=113.50000000000001 46.007241752206347 7.5000000000000009 33.857504482594521 3.5000000000000004 -31.718557997731839
decision_type=2 2 2 2 2 2
left_child=1 2 3 4 5 -1
right_child=-2 -3 -4 -5 -6 -7
leaf_value=0.0031532602400735363 0.0042366038818630498 0.0025572576591196532 -0.0044409751072413831 -0.0015876514851237825 -0.00032189660030129962 4.1676843941941442e-05
leaf_weight=1049 5966 1055 1267 1497 26440 83611
leaf_count=1049 5966 1055 1267 1497 26440 83611
internal_value=7.23679e-06 -2.56268e-05 -4.23305e-05 -2.42903e-05 -9.00169e-06 5.96457e-05
internal_weight=120885 114919 113864 112597 111100 84660
internal_count=120885 114919 113864 112597 111100 84660
is_linear=0
shrinkage=0.05


Tree=127
num_leaves=7
num_cat=0
split_feature=0 2 0 2 0 3
split_gain=1.64485 1.73513 0.983238 1.42573 2.11785 1.46087
threshold=117.50000000000001 7.5000000000000009 2.5000000000000004 1.0000000180025095e-35 18.500000000000004 19.469908604945044
decision_type=2 2 2 2 2 2
left_child=1 2 -1 5 -5 -4
right_child=-2 -3 3 4 -6 -7
leaf_value=-0.00083558879706446929 0.014965396784505636 -0.0052201869276790941 0.0004566121949442179 -0.00096566885378893358 -2.3017545763762186e-05 -0.0026580318161332729
leaf_weight=3048 1987 1786 20742 4680 87458 1032
leaf_count=3048 1987 1786 20742 4680 87458 1032
internal_value=-1.17208e-05 -3.56219e-05 -1.19706e-05 1.17618e-05 -7.42336e-05 0.00037559
internal_weight=120733 118746 116960 113912 92138 21774
internal_count=120733 118746 116960 113912 92138 21774
is_linear=0
shrinkage=0.05


Tree=128
num_leaves=7
num_cat=0
split_feature=0 2 0 4 0 2
split_gain=1.02084 1.79658 2.3638 1.13732 3.06255 2.13894
threshold=108.50000000000001 5.5000000000000009 88.500000000000014 0.79633176963641017 80.500000000000014 2.5000000000000004
decision_type=2 2 2 8 2 2
left_child=1 3 -3 4 5 -1
right_child=-2 2 -4 -5 -6 -7
leaf_value=0.00033847583441273175 0.0021870914926509426 -0.0037574432068003152 -0.00064931155316651635 -0.00013458509488507072 0.0020775172617795369 -0.00050967605664235761
leaf_weight=19656 11130 1555 3816 73685 3175 7897
leaf_count=19656 11130 1555 3816 73685 3175 7897
internal_value=-2.64759e-06 -4.89132e-05 -0.000940291 -3.01791e-06 0.000252496 8.29148e-05
internal_weight=120914 109784 5371 104413 30728 27553
internal_count=120914 109784 5371 104413 30728 27553
is_linear=0
shrinkage=0.05


Tree=129
num_leaves=7
num_cat=0
split_feature=5 2 0 0 5 4
split_gain=1.19078 0.945338 2.8467 1.27953 3.82706 2.07548
threshold=34.500000000000007 5.5000000000000009 88.500000000000014 58.500000000000007 7.5000000000000009 1.3500983242561084
decision_type=2 2 2 2 2 10
left_child=1 3 -3 -1 -5 -6
right_child=-2 2 -4 4 5 -7
leaf_value=-0.00017296011772770622 0.0023643295857916236 -0.00344203162579035 -0.00056482758975078819 0.0024496115895783544 2.8350573480531548e-05 0.0034626586780427183
leaf_weight=58799 1940 1572 8460 2265 46848 1036
leaf_count=58799 1940 1572 8460 2265 46848 1036
internal_value=-4.4657e-05 -6.47152e-05 -0.000529044 -2.19373e-05 0.000163595 6.84905e-05
internal_weight=120920 118980 10032 108948 50149 47884
internal_count=120920 118980 10032 108948 50149 47884
is_linear=0
shrinkage=0.05


Tree=130
num_leaves=7
num_cat=0
split_feature=3 3 0 3 3 4
split_gain=1.02763 1.46362 1.05016 1.94568 1.64481 2.15985
threshold=-36.798861614776875 -46.365838480682321 67.500000000000014 -22.088985960972533 -14.94688285291639 0.75168627272982513
decision_type=2 2 2 2 2 10
left_child=1 -1 3 -2 5 -5
right_child=2 -3 -4 4 -6 -7
leaf_value=0.00046087620528533006 -0.00088016963477973841 -0.0026663017070281143 0.00035822570021649611 0.0020159485746538159 -0.00014362008549617268 -0.0009343277634623246
leaf_weight=1904 4106 2854 48161 3799 58018 1944
leaf_count=1904 4106 2854 48161 3799 58018 1944
internal_value=-2.34301e-05 -0.00074323 6.11776e-06 -0.000120596 -5.26154e-05 0.000754174
internal_weight=120786 4758 116028 67867 63761 5743
internal_count=120786 4758 116028 67867 63761 5743
is_linear=0
shrinkage=0.05


Tree=131
num_leaves=7
num_cat=0
split_feature=5 0 4 2 6 4
split_gain=0.944909 0.872165 2.7478 1.67281 3.05894 2.56153
threshold=36.500000000000007 21.500000000000004 0.50746611657112972 1.5000000000000002 1.0000000180025095e-35 1.2268249037350314
decision_type=2 2 10 2 2 10
left_child=1 -1 -3 4 5 -4
right_child=-2 2 3 -5 -6 -7
leaf_value=-0.00027888091702423705 0.0034661174851741239 -0.0018563681498056544 0.0004301199495225015 -0.00011276282819601498 0.0017166370231010795 -0.0015051607962665967
leaf_weight=22286 1221 1392 18444 69220 5601 2746
leaf_count=22286 1221 1392 18444 69220 5601 2746
internal_value=-3.9285e-05 -5.34291e-05 1.11375e-05 4.31687e-05 0.0003786 0.000103797
internal_weight=120910 119689 97403 96011 26791 21190
internal_count=120910 119689 97403 96011 26791 21190
is_linear=0
shrinkage=0.05


Tree=132
num_leaves=7
num_cat=0
split_feature=2 0 0 4 3 0
split_gain=1.04991 1.53027 1.26714 0.787646 1.4926 1.98309
threshold=6.5000000000000009 101.50000000000001 116.50000000000001 1.3894886017720951 12.265584022071581 59.500000000000007
decision_type=2 2 2 10 2 2
left_child=2 -2 3 4 -1 -6
right_child=1 -3 -4 -5 5 -7
leaf_value=6.5036510018839751e-06 -0.0047903409984480965 -0.0010361286227532328 0.012191901611072826 0.00094540867342048605 -0.0026363113234062299 -0.00068679473417309191
leaf_weight=98587 1288 3495 1986 3655 2064 9859
leaf_count=98587 1288 3495 1986 3655 2064 9859
internal_value=-3.9856e-05 -0.000765456 -9.94472e-06 -3.17521e-05 -5.56497e-05 -0.000583921
internal_weight=120934 4783 116151 114165 110510 11923
internal_count=120934 4783 116151 114165 110510 11923
is_linear=0
shrinkage=0.05


Tree=133
num_leaves=7
num_cat=0
split_feature=4 3 4 3 2 0
split_gain=1.10423 1.26993 1.34464 1.22605 1.57941 3.69851
threshold=1.3340994559451305 16.271836309028384 0.98835758774313287 -1.202834476551671 2.5000000000000004 67.500000000000014
decision_type=10 2 10 2 2 2
left_child=1 2 3 4 -1 -6
right_child=-2 -3 -4 -5 5 -7
leaf_value=0.00014234496558079184 0.0010214030426985582 -0.0016914650729276601 0.00034864073498866102 -0.00089326391322366644 -0.0015002959232075872 -2.4620968799750046e-05
leaf_weight=37626 5082 8654 30309 3525 9187 26330
leaf_count=37626 5082 8654 30309 3525 9187 26330
internal_value=-3.49173e-05 -6.66327e-05 -1.94905e-05 -0.000130947 -8.70166e-05 -0.000326137
internal_weight=120713 115631 106977 76668 73143 35517
internal_count=120713 115631 106977 76668 73143 35517
is_linear=0
shrinkage=0.05


Tree=134
num_leaves=7
num_cat=0
split_feature=6 0 2 0 3 4
split_gain=1.08028 0.704356 1.29387 2.15067 1.21128 1.79028
threshold=2.5000000000000004 109.50000000000001 5.5000000000000009 93.500000000000014 -30.399289415689527 0.71838438459044163
decision_type=2 2 2 2 2 10
left_child=1 2 4 -4 5 -1
right_child=-2 -3 3 -5 -6 -7
leaf_value=0.00015859276286600091 -0.0032207478916706292 0.0017699002361405811 -0.0033627887086426509 -1.0565953341529024e-05 -3.914854324479216e-05 0.0027797634469126468
leaf_weight=3574 1519 9345 2036 3262 99985 1090
leaf_count=3574 1519 9345 2036 3262 99985 1090
internal_value=-1.90798e-05 -2.18063e-06 -3.76085e-05 -0.000799549 1.00211e-06 0.000788176
internal_weight=120811 119292 109947 5298 104649 4664
internal_count=120811 119292 109947 5298 104649 4664
is_linear=0
shrinkage=0.05


Tree=135
num_leaves=7
num_cat=0
split_feature=6 0 3 2 3 0
split_gain=1.10147 1.03123 0.999118 0.867847 0.891136 0.900078
threshold=2.5000000000000004 113.50000000000001 46.007241752206347 7.5000000000000009 24.736024392395915 5.5000000000000009
decision_type=2 2 2 2 2 2
left_child=1 2 3 4 5 -1
right_child=-2 -3 -4 -5 -6 -7
leaf_value=-0.00054428314858446765 -0.0031765150879514512 0.0045732864475289689 0.0021681592494821604 -0.0050732814936691037 -0.0013380697725422161 2.1803561494699631e-05
leaf_weight=6156 1551 5490 1047 1090 4254 101485
leaf_count=6156 1551 5490 1047 1090 4254 101485
internal_value=-3.10968e-05 -1.38893e-05 -4.61266e-05 -6.04048e-05 -4.66947e-05 -1.86271e-05
internal_weight=121073 119522 114032 112985 111895 107641
internal_count=121073 119522 114032 112985 111895 107641
is_linear=0
shrinkage=0.05


Tree=136
num_leaves=7
num_cat=0
split_feature=0 4 5 4 2 3
split_gain=1.05314 1.96328 1.86 1.84074 1.58555 1.36293
threshold=32.500000000000007 0.52027257928231185 7.5000000000000009 0.85916684860517545 1.0000000180025095e-35 -46.365838480682321
decision_type=2 10 2 10 2 2
left_child=4 -2 3 -3 -1 -4
right_child=1 2 5 -5 -6 -7
leaf_value=4.1840003181411636e-05 -0.0017021138287399503 0.00047133881833689686 0.0029571557834426609 0.0029744660718835736 -0.00073200804288362517 3.0640140634186586e-05
leaf_weight=19699 1032 3712 1265 1313 13826 80281
leaf_count=19699 1032 3712 1265 1313 13826 80281
internal_value=-1.14762e-05 7.9729e-05 0.000105629 0.00103877 -0.000249778 4.80669e-05
internal_weight=121128 87603 86571 5025 33525 81546
internal_count=121128 87603 86571 5025 33525 81546
is_linear=0
shrinkage=0.05


Tree=137
num_leaves=7
num_cat=0
split_feature=0 3 4 5 0 3
split_gain=1.01062 0.830164 2.15236 1.88609 1.44443 1.25752
threshold=113.50000000000001 -20.677634383313414 0.52027257928231185 15.500000000000002 88.500000000000014 -16.724250568159707
decision_type=2 2 10 2 2 2
left_child=1 2 -1 -4 -5 -3
right_child=-2 5 3 4 -6 -7
leaf_value=-0.0018363834294979533 0.0043626780288646598 0.0013755346304049954 6.7534740435828164e-05 -0.001672998891746488 -0.00058293372192020059 -5.8246491766094722e-05
leaf_weight=1377 5955 5888 11571 2078 2784 91170
leaf_count=1377 5955 5888 11571 2078 2784 91170
internal_value=-2.66093e-05 -5.95452e-05 -0.000373282 -0.000213835 -0.00103966 -1.95868e-06
internal_weight=120823 114868 17810 16433 4862 97058
internal_count=120823 114868 17810 16433 4862 97058
is_linear=0
shrinkage=0.05


Tree=138
num_leaves=7
num_cat=0
split_feature=5 2 0 0 5 2
split_gain=0.978792 0.863973 1.44306 0.888744 3.00216 1.9289
threshold=34.500000000000007 6.5000000000000009 98.500000000000014 65.500000000000014 7.5000000000000009 4.5000000000000009
decision_type=2 2 2 2 2 2
left_child=1 3 -3 -1 5 -5
right_child=-2 2 -4 4 -6 -7
leaf_value=-0.00010967149778985677 0.0022888301976805923 -0.0059264572758604001 -0.00077802320300482061 0.0032399751818421997 0.00012738589675105917 0.0001972378814142339
leaf_weight=66051 1964 1046 3719 1126 45945 1023
leaf_count=66051 1964 1046 3719 1126 45945 1023
internal_value=1.4879e-06 -1.68199e-05 -0.000676102 1.07303e-05 0.000174223 0.00199861
internal_weight=120874 118910 4765 114145 48094 2149
internal_count=120874 118910 4765 114145 48094 2149
is_linear=0
shrinkage=0.05


Tree=139
num_leaves=7
num_cat=0
split_feature=5 3 5 3 0 3
split_gain=0.918379 1.06719 1.0884 0.894362 1.14401 0.839692
threshold=23.500000000000004 19.469908604945044 19.500000000000004 -14.028758869820292 40.500000000000007 32.160903436116136
decision_type=2 2 2 2 2 2
left_child=1 -1 -3 -2 -5 -6
right_child=3 2 -4 4 5 -7
leaf_value=-6.9164148978829873e-05 -0.0013997228285134323 -0.0032129140515326192 0.00029605694429010298 -0.0003380899762871076 0.0020976331372313754 -0.00073988281778808473
leaf_weight=97733 1494 2509 1725 4281 10738 2282
leaf_count=97733 1494 2509 1725 4281 10738 2282
internal_value=-2.98935e-05 -8.90943e-05 -0.000865771 0.000291222 0.000392637 0.000625719
internal_weight=120762 101967 4234 18795 17301 13020
internal_count=120762 101967 4234 18795 17301 13020
is_linear=0
shrinkage=0.05


Tree=140
num_leaves=7
num_cat=0
split_feature=0 2 2 0 4 2
split_gain=0.878668 1.37415 0.758034 1.55305 2.65009 1.73202
threshold=117.50000000000001 7.5000000000000009 3.5000000000000004 76.500000000000014 0.94478051643015026 4.5000000000000009
decision_type=2 2 2 2 10 2
left_child=1 2 -1 4 5 -4
right_child=-2 -3 3 -5 -6 -7
leaf_value=2.9111693568116533e-05 0.011169277786619844 -0.0046319677085366528 -0.0005506132069579816 -0.00010283771885188662 0.0015911364300312408 -0.0033050491541042424
leaf_weight=87277 1966 1809 3783 23038 1011 1905
leaf_count=87277 1966 1809 3783 23038 1011 1905
internal_value=-4.75615e-05 -6.4927e-05 -4.37548e-05 -0.000261752 -0.000931535 -0.00135078
internal_weight=120789 118823 117014 29737 6699 5688
internal_count=120789 118823 117014 29737 6699 5688
is_linear=0
shrinkage=0.05


Tree=141
num_leaves=7
num_cat=0
split_feature=0 4 3 6 5 6
split_gain=0.864536 0.829961 2.10438 1.79141 0.894537 0.760486
threshold=6.5000000000000009 1.3500983242561084 32.160903436116136 1.0000000180025095e-35 28.500000000000004 2.5000000000000004
decision_type=2 10 2 2 2 2
left_child=-1 2 5 4 -3 -2
right_child=1 3 -4 -5 -6 -7
leaf_value=-0.00053198278645432762 1.5768233231360744e-05 -0.00079102545021139778 -0.0057041065141128847 0.0030787690393739918 0.0016606618064271166 -0.0026793896559436352
leaf_weight=7141 106280 1562 2151 1186 1055 1496
leaf_count=7141 106280 1562 2151 1186 1055 1496
internal_value=-4.09936e-05 -7.47471e-06 -3.26123e-05 0.000718224 -1.33498e-05 -1.67125e-06
internal_weight=120871 113730 109927 3803 2617 107776
internal_count=120871 113730 109927 3803 2617 107776
is_linear=0
shrinkage=0.05


Tree=142
num_leaves=7
num_cat=0
split_feature=2 0 5 2 2 3
split_gain=0.812756 0.723597 3.39492 1.82383 1.7354 1.14758
threshold=7.5000000000000009 66.500000000000014 6.5000000000000009 4.5000000000000009 1.5000000000000002 15.073060259242775
decision_type=2 2 2 2 2 2
left_child=1 3 -3 5 -4 -1
right_child=-2 2 4 -5 -6 -7
leaf_value=-5.825080263049819e-05 -0.0043272483775366761 0.0027877745153322936 0.0017428839403968331 -0.0032865979722393741 -7.6712755085966511e-05 -0.0011356921148603185
leaf_weight=63385 2112 1335 4434 1069 45516 3110
leaf_count=63385 2112 1335 4434 1069 45516 3110
internal_value=-4.92299e-05 -3.19311e-05 0.000109669 -0.000139414 4.30375e-05 -0.000106392
internal_weight=120961 118849 51285 67564 49950 66495
internal_count=120961 118849 51285 67564 49950 66495
is_linear=0
shrinkage=0.05


Tree=143
num_leaves=7
num_cat=0
split_feature=0 2 0 5 4 4
split_gain=1.04755 1.22531 1.32282 1.12231 0.918228 1.39323
threshold=102.50000000000001 5.5000000000000009 89.500000000000014 10.500000000000002 1.1407148768616233 1.0865905251893204
decision_type=2 2 2 2 10 10
left_child=1 -1 -3 -2 5 -5
right_child=3 2 -4 4 -6 -7
leaf_value=-6.7204165467144519e-05 -0.0029883458177587413 -0.0035264558557910755 -0.00035544664315575233 0.0017122745921404226 -0.0010267730690808833 0.0084459253069550013
leaf_weight=100184 1301 1629 2002 11153 3206 1394
leaf_count=100184 1301 1629 2002 11153 3206 1394
internal_value=-3.01566e-05 -8.98201e-05 -0.000991475 0.000332961 0.000449612 0.000642526
internal_weight=120869 103815 3631 17054 15753 12547
internal_count=120869 103815 3631 17054 15753 12547
is_linear=0
shrinkage=0.05


Tree=144
num_leaves=7
num_cat=0
split_feature=4 0 3 0 2 2
split_gain=0.779984 1.11942 1.10363 0.772135 2.42338 2.40046
threshold=1.3500983242561084 33.500000000000007 33.857504482594521 72.500000000000014 4.5000000000000009 1.5000000000000002
decision_type=10 2 2 2 2 2
left_child=2 -2 3 4 -1 -5
right_child=1 -3 -4 5 -6 -7
leaf_value=-8.9725200638768606e-05 -0.00012067668579493939 0.0024900920961476274 -0.0054020668252596771 0.0030527633816049716 -0.0029221669441371113 4.9221249236715937e-05
leaf_weight=67852 2517 2158 1803 2683 1627 41884
leaf_count=67852 2517 2158 1803 2683 1627 41884
internal_value=-2.92058e-05 0.000603631 -5.47684e-05 -3.53363e-05 -0.00013953 0.000127097
internal_weight=120524 4675 115849 114046 69479 44567
internal_count=120524 4675 115849 114046 69479 44567
is_linear=0
shrinkage=0.05


Tree=145
num_leaves=7
num_cat=0
split_feature=6 0 2 4 4 2
split_gain=0.971889 0.97987 2.86121 2.06194 1.70939 0.98266
threshold=1.5000000000000002 81.500000000000014 4.5000000000000009 0.67848743297299696 0.70783858384826315 1.5000000000000002
decision_type=2 2 2 10 10 2
left_child=1 2 -1 -3 -4 -5
right_child=-2 3 4 5 -6 -7
leaf_value=6.6428551620262023e-06 -0.00071592741470796447 0.0032054511541343596 -0.0037731091959590513 0.0022609572767467493 -0.00055458946132633464 0.00027163364312789438
leaf_weight=75352 11163 1500 1020 1774 1133 28857
leaf_count=75352 11163 1500 1020 1774 1133 28857
internal_value=8.73196e-06 5.39932e-05 -4.22538e-05 0.000286127 -0.00183735 0.000197316
internal_weight=120799 109636 77505 32131 2153 30631
internal_count=120799 109636 77505 32131 2153 30631
is_linear=0
shrinkage=0.05


Tree=146
num_leaves=7
num_cat=0
split_feature=2 3 3 3 0 2
split_gain=0.941481 1.71215 1.79333 1.94898 1.67794 1.40154
threshold=1.0000000180025095e-35 13.572600148213743 2.6262606392670325 -3.8175591279102359 36.500000000000007 2.5000000000000004
decision_type=2 2 2 2 2 2
left_child=1 2 3 -1 5 -2
right_child=4 -3 -4 -5 -6 -7
leaf_value=0.00087100316128707308 -0.00041654714829517841 -0.0012879119764503122 0.0012801147124949508 -0.00016480784617446529 1.910377783932498e-05 -0.0022712070600138731
leaf_weight=6868 15254 1821 4832 11147 79261 1499
leaf_count=6868 15254 1821 4832 11147 79261 1499
internal_value=-9.61283e-06 0.000265876 0.000383554 0.000153994 -8.04019e-05 -0.00053497
internal_weight=120682 24668 22847 18015 96014 16753
internal_count=120682 24668 22847 18015 96014 16753
is_linear=0
shrinkage=0.05


Tree=147
num_leaves=7
num_cat=0
split_feature=0 2 4 2 0 0
split_gain=1.0044 1.4616 0.72322 1.93562 4.08577 1.25024
threshold=113.50000000000001 7.5000000000000009 0.67848743297299696 4.5000000000000009 78.500000000000014 14.500000000000002
decision_type=2 2 8 2 2 2
left_child=1 2 3 -1 -5 -4
right_child=-2 -3 5 4 -6 -7
leaf_value=0.00042727573711402907 0.0047042555709746643 -0.0052238253598909552 -0.00063160314747215602 -0.0037797186141538411 0.00080708118154195266 -3.1978803881976154e-05
leaf_weight=15348 6013 1270 8538 1021 1137 87501
leaf_count=15348 6013 1270 8538 1021 1137 87501
internal_value=-9.02191e-06 -4.20235e-05 -2.31188e-05 0.000272399 -0.00112806 -7.69972e-05
internal_weight=120828 114815 113545 17506 2158 96039
internal_count=120828 114815 113545 17506 2158 96039
is_linear=0
shrinkage=0.05


Tree=148
num_leaves=7
num_cat=0
split_feature=6 3 5 3 1 2
split_gain=0.681616 1.43669 1.17739 0.992407 0.771978 2.2354
threshold=1.5000000000000002 -31.718557997731839 15.500000000000002 3.4995598522687108 26.500000000000004 4.5000000000000009
decision_type=2 2 2 2 2 2
left_child=4 -2 3 -3 -1 -6
right_child=1 2 -4 -5 5 -7
leaf_value=0.00076413681058560591 -0.0048125965559409328 -5.3232209742822131e-05 -0.0022232568904035264 0.0018768828489349109 2.6989170163985663e-06 -0.0014990501586419755
leaf_weight=21307 1121 5510 3537 1001 83999 4348
leaf_count=21307 1121 5510 3537 1001 83999 4348
internal_value=-2.57816e-05 -0.0003978 -0.000207899 0.000191067 1.21273e-05 -5.30277e-05
internal_weight=120823 11169 10048 6511 109654 88347
internal_count=120823 11169 10048 6511 109654 88347
is_linear=0
shrinkage=0.05


Tree=149
num_leaves=7
num_cat=0
split_feature=0 2 0 4 3 3
split_gain=1.33939 0.874452 2.57178 1.57695 3.56284 1.28558
threshold=117.50000000000001 1.0000000180025095e-35 18.500000000000004 1.3048221306540264 35.82104535556882 16.271836309028384
decision_type=2 2 2 10 2 2
left_child=1 5 -3 -4 -5 -1
right_child=-2 2 3 4 -6 -7
leaf_value=0.00025713341751755074 0.014553706206084925 -0.0010175622980700442 -0.00013817334821371812 0.0036690217310132293 -0.00042005163091994374 -0.0014418286695260382
leaf_weight=23241 1947 4702 86750 1084 1637 1416
leaf_count=23241 1947 4702 86750 1084 1637 1416
internal_value=-3.63063e-05 -5.76441e-05 -0.000127048 -6.71142e-05 0.00111702 0.000207403
internal_weight=120777 118830 94173 89471 2721 24657
internal_count=120777 118830 94173 89471 2721 24657
is_linear=0
shrinkage=0.05


Tree=150
num_leaves=7
num_cat=0
split_feature=4 0 2 3 3 4
split_gain=0.748851 2.4672 5.47171 1.38669 1.81027 1.3539
threshold=0.67848743297299696 91.500000000000014 4.5000000000000009 -36.798861614776875 -33.189303299291673 0.50746611657112972
decision_type=8 2 2 2 2 10
left_child=1 2 5 -2 -5 -1
right_child=3 -3 -4 4 -6 -7
leaf_value=-0.00010283927016234529 -0.0044803010002825603 0.0043117529789917404 -0.0030461105195685838 0.0028288228725473373 -5.8518893063811309e-05 0.00071885276252791307
leaf_weight=6406 1687 1020 1678 1210 100074 8836
leaf_count=6406 1687 1020 1678 1210 100074 8836
internal_value=2.85203e-06 0.000300918 0.000156572 -4.90903e-05 -2.53741e-05 0.00045517
internal_weight=120911 17940 16920 102971 101284 15242
internal_count=120911 17940 16920 102971 101284 15242
is_linear=0
shrinkage=0.05


Tree=151
num_leaves=7
num_cat=0
split_feature=1 2 3 4 5 4
split_gain=0.603913 1.16986 1.70811 1.33173 1.885 1.50556
threshold=110.50000000000001 1.0000000180025095e-35 19.469908604945044 1.1055098765708002 15.500000000000002 1.1700750411214103
decision_type=2 2 2 10 2 10
left_child=1 2 3 4 -1 -5
right_child=-2 -3 -4 5 -6 -7
leaf_value=0.00085469804327595192 -0.00036727821660719265 -0.000104604008084949 -0.0026319029742861689 0.0016966059743846644 -0.00045173783242521319 0.00055229499701470142
leaf_weight=5757 10263 95153 1059 1380 4859 2727
leaf_count=5757 10263 95153 1059 1380 4859 2727
internal_value=-4.3647e-05 -9.69111e-06 0.000388926 0.000528584 0.000232557 0.00129256
internal_weight=121198 110935 15782 14723 10616 4107
internal_count=121198 110935 15782 14723 10616 4107
is_linear=0
shrinkage=0.05


Tree=152
num_leaves=7
num_cat=0
split_feature=2 4 5 0 2 0
split_gain=0.947964 0.786454 1.19857 1.25343 2.63985 2.09995
threshold=7.5000000000000009 0.75168627272982513 18.500000000000004 88.500000000000014 3.5000000000000004 24.500000000000004
decision_type=2 8 2 2 2 2
left_child=1 2 3 4 5 -1
right_child=-2 -3 -4 -5 -6 -7
leaf_value=2.2937546479472847e-05 -0.0044755117354684472 -0.00012396372223653674 -0.0011826535883205456 0.002482872724787883 -0.00085489920584244303 0.0011958695831643397
leaf_weight=11622 2128 92153 1280 1783 4400 7539
leaf_count=11622 2128 92153 1280 1783 4400 7539
internal_value=-5.23128e-05 -3.355e-05 0.000205789 0.000281272 0.000184375 0.000438014
internal_weight=120905 118777 26624 25344 23561 19161
internal_count=120905 118777 26624 25344 23561 19161
is_linear=0
shrinkage=0.05


Tree=153
num_leaves=7
num_cat=0
split_feature=2 4 4 4 2 0
split_gain=0.7076 1.29299 1.61407 1.28954 2.53618 1.24132
threshold=1.5000000000000002 1.1222382450034492 1.2600770221130058 0.97363140526803005 2.5000000000000004 72.500000000000014
decision_type=2 8 10 10 2 2
left_child=-1 3 -3 5 -5 -2
right_child=1 2 -4 4 -6 -7
leaf_value=0.00014403806485188111 -0.00060532798157771929 -0.001915580294183741 0.0007996307426983598 -0.00057301662231372776 0.0016724388988513393 9.4150185673490456e-05
leaf_weight=48438 21018 6280 2471 5772 11603 25245
leaf_count=48438 21018 6280 2471 5772 11603 25245
internal_value=-1.14634e-05 -0.000110439 -0.000680106 -3.2055e-05 0.000335154 -0.000169989
internal_weight=120827 72389 8751 63638 17375 46263
internal_count=120827 72389 8751 63638 17375 46263
is_linear=0
shrinkage=0.05


Tree=154
num_leaves=7
num_cat=0
split_feature=4 3 2 0 2 3
split_gain=0.964159 1.46998 1.42841 1.33797 1.45621 1.62949
threshold=0.67848743297299696 -36.798861614776875 5.5000000000000009 17.500000000000004 1.0000000180025095e-35 2.6262606392670325
decision_type=8 2 2 2 2 2
left_child=2 -2 -1 4 5 -3
right_child=1 3 -4 -5 -6 -7
leaf_value=0.00038683554967503778 -0.0043842478214984847 -0.00059854462278197834 -0.0021989687652573765 -2.6464126200833288e-05 -0.0017871976056817191 0.0012067506488153965
leaf_weight=16399 1727 6823 1604 90441 1939 1837
leaf_count=16399 1727 6823 1604 90441 1939 1837
internal_value=-4.67824e-05 -0.000105915 0.000290703 -8.11532e-05 -0.000612506 -0.000334681
internal_weight=120770 102767 18003 101040 10599 8660
internal_count=120770 102767 18003 101040 10599 8660
is_linear=0
shrinkage=0.05


Tree=155
num_leaves=7
num_cat=0
split_feature=2 0 3 3 5 3
split_gain=0.6486 1.80787 1.31023 1.40361 1.76576 1.68664
threshold=1.0000000180025095e-35 13.500000000000002 19.469908604945044 2.6262606392670325 17.500000000000004 -4.6070854008152677
decision_type=2 2 2 2 2 2
left_child=2 -2 3 5 -5 -1
right_child=1 -3 -4 4 -6 -7
leaf_value=0.00090933909444518171 -0.0010799513463610317 -7.0666821169676383e-05 -0.0025891606558033995 0.001792654318464695 0.00044532479846221972 -0.00019266500469951688
leaf_weight=5714 2417 93473 1041 1554 4117 12221
leaf_count=5714 2417 93473 1041 1554 4117 12221
internal_value=-3.1401e-05 -9.0204e-05 0.000197346 0.000274024 0.000959301 5.71337e-05
internal_weight=120537 95890 24647 23606 5671 17935
internal_count=120537 95890 24647 23606 5671 17935
is_linear=0
shrinkage=0.05


Tree=156
num_leaves=7
num_cat=0
split_feature=2 0 4 4 5 3
split_gain=0.978548 1.78615 1.423 1.26951 1.51282 1.10617
threshold=1.0000000180025095e-35 17.500000000000004 0.65835579415502388 0.52027257928231185 7.5000000000000009 13.572600148213743
decision_type=2 2 10 10 2 2
left_child=5 2 -2 -3 -5 -1
right_child=1 3 -4 4 -6 -7
leaf_value=0.00029233186735327227 -0.00017166092859281182 -0.0013467544774690803 -0.0016938178527959352 0.00087671549387286515 -0.0001085129965817374 -0.0010935229878061288
leaf_weight=23003 2120 1909 2015 5572 84398 1821
leaf_count=23003 2120 1909 2015 5572 84398 1821
internal_value=-2.88816e-05 -0.000101231 -0.00111715 -5.54515e-05 -2.83424e-05 0.000250915
internal_weight=120838 96014 4135 91879 89970 24824
internal_count=120838 96014 4135 91879 89970 24824
is_linear=0
shrinkage=0.05


Tree=157
num_leaves=7
num_cat=0
split_feature=0 5 3 4 3 4
split_gain=0.909808 1.09885 0.975329 1.394 0.98486 0.999965
threshold=102.50000000000001 10.500000000000002 9.3799257652452486 1.3500983242561084 1.669725564704277 0.79633176963641017
decision_type=2 2 2 10 2 8
left_child=2 -2 4 -4 5 -1
right_child=1 -3 3 -5 -6 -7
leaf_value=0.00011687047383681486 -0.0026524084582729645 0.0018860839621397685 -0.0010030251611958805 0.00075105348805671538 0.00043324138419609682 -0.00030534914106720426
leaf_weight=32927 1354 15734 10488 2992 14849 42717
leaf_count=32927 1354 15734 10488 2992 14849 42717
internal_value=-1.86274e-05 0.000319428 -7.41996e-05 -0.000470895 -1.50844e-05 -8.81716e-05
internal_weight=121061 17088 103973 13480 90493 75644
internal_count=121061 17088 103973 13480 90493 75644
is_linear=0
shrinkage=0.05


Tree=158
num_leaves=7
num_cat=0
split_feature=0 2 3 0 4 3
split_gain=0.756996 0.729609 2.10643 2.73549 1.36831 2.12759
threshold=117.50000000000001 3.5000000000000004 -8.5501574873896171 88.500000000000014 0.75168627272982513 -12.747454942949622
decision_type=2 2 2 2 10 2
left_child=1 2 3 4 -1 -6
right_child=-2 -3 -4 -5 5 -7
leaf_value=0.00070448493544035052 0.010446462507832936 -0.00030474925399953613 -9.05211498876984e-05 0.0043234845330541614 -0.0014075268344053862 0.00078428354743545784
leaf_weight=11862 1977 31592 63165 1636 5476 5053
leaf_count=11862 1977 31592 63165 1636 5476 5053
internal_value=2.23147e-05 6.14416e-06 8.07355e-05 0.000479152 0.000334657 -8.02176e-05
internal_weight=120761 118784 87192 24027 22391 10529
internal_count=120761 118784 87192 24027 22391 10529
is_linear=0
shrinkage=0.05


Tree=159
num_leaves=7
num_cat=0
split_feature=0 5 2 3 3 3
split_gain=0.908328 1.6257 1.2467 1.13421 1.56873 1.34085
threshold=32.500000000000007 6.5000000000000009 1.0000000180025095e-35 -36.798861614776875 -49.263968381596136 -32.450642913165737
decision_type=2 2 2 2 2 2
left_child=2 -2 -1 4 -3 -5
right_child=1 3 -4 5 -6 -7
leaf_value=3.1454626611206244e-06 0.0010629557233122007 0.0014222189665679783 -0.00064816422331850454 0.0016672156997561975 -0.0025842577393786993 3.4849881792077166e-05
leaf_weight=19762 3409 1143 13658 2119 2927 77929
leaf_count=19762 3409 1143 13658 2119 2927 77929
internal_value=-2.50938e-05 5.9577e-05 -0.000246822 1.61656e-05 -0.000797547 5.75857e-05
internal_weight=120947 87527 33420 84118 4070 80048
internal_count=120947 87527 33420 84118 4070 80048
is_linear=0
shrinkage=0.05


Tree=160
num_leaves=7
num_cat=0
split_feature=0 2 5 0 0 6
split_gain=0.897691 1.31123 1.66648 1.75013 1.36918 1.04298
threshold=12.500000000000002 1.5000000000000002 12.500000000000002 39.500000000000007 67.500000000000014 1.0000000180025095e-35
decision_type=2 2 2 2 2 2
left_child=-1 2 3 -2 5 -4
right_child=1 -3 4 -5 -6 -7
leaf_value=-0.00036628683504822036 0.0003945443451785622 -0.00011832572925045916 -0.00020360554860399867 0.0027271366445757797 0.0018098091427657421 0.00071921734750177602
leaf_weight=13226 5135 72220 19188 2612 3839 4633
leaf_count=13226 5135 72220 19188 2612 3839 4633
internal_value=-1.41914e-05 3.35855e-05 0.000282813 0.000930726 0.00010121 -4.00835e-05
internal_weight=120853 107627 35407 7747 27660 23821
internal_count=120853 107627 35407 7747 27660 23821
is_linear=0
shrinkage=0.05


Tree=161
num_leaves=7
num_cat=0
split_feature=2 3 0 4 3 4
split_gain=0.55622 2.28734 1.9333 1.69787 1.39212 1.70832
threshold=5.5000000000000009 -17.832828545432488 86.500000000000014 0.92214863355976917 -30.399289415689527 0.72915224344839691
decision_type=2 2 2 10 2 10
left_child=4 2 -2 -3 5 -1
right_child=1 3 -4 -5 -6 -7
leaf_value=0.00036239577145428056 -0.004018579622210818 0.0071360722308520244 -0.0014141223299337677 -0.00014959997284533431 -7.1849414709113324e-06 0.0028180413501985016
leaf_weight=3865 1047 1001 4827 3148 105747 1099
leaf_count=3865 1047 1001 4827 3148 105747 1099
internal_value=1.07551e-06 -0.000355506 -0.000989965 0.000542849 3.33725e-05 0.000851277
internal_weight=120734 10023 5874 4149 110711 4964
internal_count=120734 10023 5874 4149 110711 4964
is_linear=0
shrinkage=0.05


Tree=162
num_leaves=7
num_cat=0
split_feature=3 5 5 0 3 0
split_gain=0.527817 1.54363 0.80807 1.53307 0.944973 0.862573
threshold=9.7107687226399211 31.500000000000004 19.500000000000004 59.500000000000007 18.758403910116417 75.500000000000014
decision_type=2 2 2 2 2 2
left_child=-1 2 4 -4 -2 -5
right_child=1 -3 3 5 -6 -7
leaf_value=2.0286037037668294e-05 -0.00053722870940662323 0.0018020450328376616 -0.00085932602384377981 0.0020392268527970828 -0.0030986397205849349 -0.00015560331454274071
leaf_weight=102089 3284 2813 2756 1269 2627 5996
leaf_count=102089 3284 2813 2756 1269 2627 5996
internal_value=-2.41656e-05 -0.000268001 -0.000458682 -0.00018502 -0.000922077 0.00019601
internal_weight=120834 18745 15932 10021 5911 7265
internal_count=120834 18745 15932 10021 5911 7265
is_linear=0
shrinkage=0.05


Tree=163
num_leaves=7
num_cat=0
split_feature=3 4 2 0 3 4
split_gain=0.953344 1.70775 1.22801 2.03643 1.97227 1.18685
threshold=-20.677634383313414 0.50746611657112972 3.5000000000000004 74.500000000000014 -30.399289415689527 0.70450324840898304
decision_type=2 10 2 2 2 8
left_child=1 -1 4 -4 -3 -2
right_child=5 2 3 -5 -6 -7
leaf_value=-0.0018701914469330045 0.00044028134682479528 0.0025643995375062133 -0.0012698654108949951 -0.00033477664931193794 -0.0001043807823937086 -5.2939736867013766e-05
leaf_weight=1142 12518 1197 2532 9971 4163 89442
leaf_count=1142 12518 1197 2532 9971 4163 89442
internal_value=-3.65805e-05 -0.000361653 -0.000241494 -0.000512873 0.000391425 2.40267e-05
internal_weight=120965 19005 17863 12503 5360 101960
internal_count=120965 19005 17863 12503 5360 101960
is_linear=0
shrinkage=0.05


Tree=164
num_leaves=7
num_cat=0
split_feature=0 2 5 4 2 4
split_gain=0.733955 1.50937 1.41559 1.41885 1.05083 2.41156
threshold=25.500000000000004 1.0000000180025095e-35 7.5000000000000009 0.84707434324492292 2.5000000000000004 0.75168627272982513
decision_type=2 2 2 10 2 10
left_child=1 -1 3 -2 5 -4
right_child=2 -3 4 -5 -6 -7
leaf_value=2.2536543102908467e-05 0.00030684774246196394 -0.00075755371016418343 0.0016042133541598947 0.0023091022566388468 -0.00028493637565347264 6.3458580336020058e-05
leaf_weight=17504 4591 8789 4028 1510 46381 38213
leaf_count=17504 4591 8789 4028 1510 46381 38213
internal_value=-1.59488e-05 -0.00024964 4.89284e-05 0.000785292 -1.80651e-06 0.000178596
internal_weight=121016 26293 94723 6101 88622 42241
internal_count=121016 26293 94723 6101 88622 42241
is_linear=0
shrinkage=0.05


Tree=165
num_leaves=7
num_cat=0
split_feature=2 1 1 3 5 2
split_gain=0.710357 0.898818 0.713445 0.681179 1.50773 1.52361
threshold=6.5000000000000009 19.500000000000004 2.5000000000000004 15.073060259242775 19.500000000000004 1.0000000180025095e-35
decision_type=2 2 2 2 2 2
left_child=2 -2 -1 -4 -5 -6
right_child=1 -3 3 4 5 -7
leaf_value=0.012838431620913658 -0.0010117246555010858 -0.0045483201116595286 1.767789335218293e-05 -0.0023989579227625115 -0.0016371256618106832 0.00057106885270295587
leaf_weight=1336 3591 1197 102985 3374 1286 7194
leaf_count=1336 3591 1197 102985 3374 1286 7194
internal_value=-3.77384e-05 -0.000634259 -1.31274e-05 -2.65154e-05 -0.000385363 -2.9465e-05
internal_weight=120963 4788 116175 114839 11854 8480
internal_count=120963 4788 116175 114839 11854 8480
is_linear=0
shrinkage=0.05


Tree=166
num_leaves=7
num_cat=0
split_feature=1 5 2 2 4 1
split_gain=0.750383 1.45417 1.93345 1.31917 0.969673 1.33529
threshold=53.500000000000007 7.5000000000000009 4.5000000000000009 4.5000000000000009 0.67848743297299696 84.500000000000014
decision_type=2 2 2 2 8 2
left_child=1 2 -1 4 5 -2
right_child=3 -3 -4 -5 -6 -7
leaf_value=0.0029574387262533016 0.00098780571138211014 0.00013604175272860223 9.0794693658429549e-05 -0.0023130595807999551 -0.00020301869511138595 1.9547913330230538e-05
leaf_weight=1088 3221 50533 1738 1079 51951 11298
leaf_count=1088 3221 50533 1738 1079 51951 11298
internal_value=4.95033e-07 0.000140637 0.00124338 -0.000110209 -8.19869e-05 0.000279192
internal_weight=120908 53359 2826 67549 66470 14519
internal_count=120908 53359 2826 67549 66470 14519
is_linear=0
shrinkage=0.05


Tree=167
num_leaves=7
num_cat=0
split_feature=2 0 4 3 3 3
split_gain=0.772657 1.61857 2.07211 0.897005 1.5203 1.59609
threshold=1.0000000180025095e-35 26.500000000000004 0.50746611657112972 19.469908604945044 3.1405660828358504 -2.5879052429711638
decision_type=2 2 10 2 2 2
left_child=3 -2 -3 4 5 -1
right_child=1 2 -4 -5 -6 -7
leaf_value=0.00057628916544011529 -0.00069538503627353861 -0.00187509325449444 3.4144008551875385e-05 -0.0018353287637831409 0.0010017341622079803 -0.00027576823880276691
leaf_weight=9100 9459 1095 85374 1061 5250 9475
leaf_count=9100 9459 1095 85374 1061 5250 9475
internal_value=-6.37436e-06 -7.07798e-05 -2.83441e-06 0.000241853 0.000305286 9.28406e-05
internal_weight=120814 95928 86469 24886 23825 18575
internal_count=120814 95928 86469 24886 23825 18575
is_linear=0
shrinkage=0.05


Tree=168
num_leaves=7
num_cat=0
split_feature=0 3 4 0 5 5
split_gain=0.695492 2.07497 1.70284 4.28902 1.63169 1.10539
threshold=71.500000000000014 -22.088985960972533 0.70089377962016219 32.500000000000007 6.5000000000000009 7.5000000000000009
decision_type=2 2 8 2 2 2
left_child=1 4 3 -3 -1 -2
right_child=5 2 -4 -5 -6 -7
leaf_value=0.0005705951956487842 0.0015016996782568565 0.0001345879982610648 -0.00017938734844170624 0.0041451850305840752 -0.001178283643102816 0.00012649019635028357
leaf_weight=1018 2424 11315 54514 1380 4413 46000
leaf_count=1018 2424 11315 54514 1380 4413 46000
internal_value=-2.12288e-05 -0.000119073 -4.30726e-05 0.000478345 -0.00105868 0.000125543
internal_weight=121064 72640 67209 12695 5431 48424
internal_count=121064 72640 67209 12695 5431 48424
is_linear=0
shrinkage=0.05


Tree=169
num_leaves=7
num_cat=0
split_feature=0 2 0 3 4 4
split_gain=0.625799 1.45017 1.49482 1.23026 1.49126 1.00625
threshold=97.500000000000014 5.5000000000000009 82.500000000000014 9.7107687226399211 1.3500983242561084 0.70089377962016219
decision_type=2 2 2 2 10 10
left_child=1 3 -3 -1 -5 -2
right_child=5 2 -4 4 -6 -7
leaf_value=1.9039319679125185e-06 0.0043524384433199616 -0.0027754709734351835 -0.0008612784065339951 -0.0010875905275574596 0.00072964503981864243 0.0003121476783328347
leaf_weight=84155 1000 1052 1695 9124 2818 21212
leaf_count=84155 1000 1052 1695 9124 2818 21212
internal_value=-4.44416e-05 -9.8333e-05 -0.00123002 -6.59207e-05 -0.000540723 0.000195345
internal_weight=121056 98844 2747 96097 11942 22212
internal_count=121056 98844 2747 96097 11942 22212
is_linear=0
shrinkage=0.05


Tree=170
num_leaves=7
num_cat=0
split_feature=0 2 2 5 3 0
split_gain=0.889581 1.26279 1.02742 0.910828 1.65871 1.37784
threshold=29.500000000000004 1.0000000180025095e-35 7.5000000000000009 7.5000000000000009 -14.028758869820292 48.500000000000007
decision_type=2 2 2 2 2 2
left_child=1 -1 3 4 5 -2
right_child=2 -3 -4 -5 -6 -7
leaf_value=5.5280141363542689e-06 -0.0011485697472507592 -0.00063717459466360157 -0.0038809159672296752 6.4471894726103536e-05 0.0022926900318885452 0.00093402587063324345
leaf_weight=18829 1009 11545 2156 83181 1604 2720
leaf_count=18829 1009 11545 2156 83181 1604 2720
internal_value=-1.00798e-05 -0.000244249 6.83749e-05 9.46677e-05 0.000727799 0.000148633
internal_weight=121044 30374 90670 88514 5333 3729
internal_count=121044 30374 90670 88514 5333 3729
is_linear=0
shrinkage=0.05


Tree=171
num_leaves=7
num_cat=0
split_feature=3 4 6 0 2 0
split_gain=0.559636 1.193 1.06758 0.987782 1.36302 2.18462
threshold=16.271836309028384 1.3340994559451305 1.0000000180025095e-35 74.500000000000014 2.5000000000000004 103.50000000000001
decision_type=2 10 2 2 2 2
left_child=-1 3 -3 -2 -5 -6
right_child=1 2 -4 4 5 -7
leaf_value=4.8900626405163718e-05 -0.0019472537509619384 -0.00034919039009498483 0.0026478503588816958 0.0010295224368642518 -0.0058838680835883901 -0.0003936097936574276
leaf_weight=109173 1576 1936 1135 2572 1538 2828
leaf_count=109173 1576 1936 1135 2572 1538 2828
internal_value=4.63599e-06 -0.000325713 0.000518529 -0.000630357 -0.000373039 -0.000910548
internal_weight=120758 11585 3071 8514 6938 4366
internal_count=120758 11585 3071 8514 6938 4366
is_linear=0
shrinkage=0.05


Tree=172
num_leaves=7
num_cat=0
split_feature=1 2 3 1 4 5
split_gain=0.629695 0.88775 1.14193 1.05044 1.17575 1.54016
threshold=114.50000000000001 1.0000000180025095e-35 19.469908604945044 94.500000000000014 0.50746611657112972 6.5000000000000009
decision_type=2 2 2 2 10 2
left_child=1 2 -1 4 -3 -6
right_child=-2 3 -4 -5 5 -7
leaf_value=0.00035972444928728073 -0.00054061601577328367 -0.0015690684905078538 -0.0021161564766343905 -0.00060526801491610075 0.0011361037855334996 -5.1938090446501427e-05
leaf_weight=17991 6103 1102 1042 8422 3243 83023
leaf_count=17991 6103 1102 1042 8422 3243 83023
internal_value=-3.16721e-05 -5.35703e-06 0.000306491 -6.73325e-05 -1.591e-05 4.86719e-06
internal_weight=120926 114823 19033 95790 87368 86266
internal_count=120926 114823 19033 95790 87368 86266
is_linear=0
shrinkage=0.05


Tree=173
num_leaves=7
num_cat=0
split_feature=2 1 3 5 4 4
split_gain=0.532143 0.994602 0.887625 2.26081 0.825172 0.801449
threshold=1.5000000000000002 47.500000000000007 -5.9651225885483532 17.500000000000004 1.1258545645358287 1.0499947093143989
decision_type=2 2 2 2 10 10
left_child=1 4 3 -3 -1 -4
right_child=-2 2 5 -5 -6 -7
leaf_value=0.00043432438792624992 -0.00018448296125099512 0.00066786605871788204 -0.00032558488692019307 -0.0017595943434364856 0.0029782349086072278 0.000204576066105642
leaf_weight=1648 72438 10547 19499 1464 1442 13699
leaf_count=1648 72438 10547 19499 1464 1442 13699
internal_value=-4.25299e-05 8.60165e-05 2.66498e-05 0.000394889 0.000953149 -0.000106618
internal_weight=120737 48299 45209 12011 3090 33198
internal_count=120737 48299 45209 12011 3090 33198
is_linear=0
shrinkage=0.05


Tree=174
num_leaves=7
num_cat=0
split_feature=2 0 5 4 0 2
split_gain=0.499587 1.45391 1.64778 1.25222 2.74215 2.50095
threshold=2.5000000000000004 49.500000000000007 6.5000000000000009 0.9158138461437586 78.500000000000014 4.5000000000000009
decision_type=2 2 2 10 2 2
left_child=-1 -2 -3 4 5 -4
right_child=1 2 3 -5 -6 -7
leaf_value=8.5645913740887557e-05 -0.0010205649308163479 0.0011945895348707378 -0.00078538857269753624 0.00032433144297252912 6.3897591568087256e-05 -0.0026877311015380072
leaf_weight=69876 4254 2127 6466 22221 14641 1449
leaf_count=69876 4254 2127 6466 22221 14641 1449
internal_value=6.59752e-07 -0.000118055 -3.77338e-05 -0.000102386 -0.00036479 -0.00111427
internal_weight=121034 51158 46904 44777 22556 7915
internal_count=121034 51158 46904 44777 22556 7915
is_linear=0
shrinkage=0.05


Tree=175
num_leaves=7
num_cat=0
split_feature=0 4 4 2 0 3
split_gain=0.7274 0.896416 1.05345 2.22553 2.37972 0.978053
threshold=30.500000000000004 0.52027257928231185 0.75168627272982513 3.5000000000000004 84.500000000000014 -13.166626082414565
decision_type=2 10 10 2 2 2
left_child=-1 -2 3 -3 -5 -4
right_child=1 2 5 4 -6 -7
leaf_value=-0.0001959124268251841 -0.0011685789190290202 0.0016618612425893576 -0.00065865771640156469 -0.00087457396919049632 0.0014559699839372868 0.00015551169636730146
leaf_weight=31446 1085 6239 16474 3603 3202 58870
leaf_count=31446 1085 6239 16474 3603 3202 58870
internal_value=-7.86809e-07 7.19159e-05 8.94855e-05 0.000504252 -0.000121147 1.765e-05
internal_weight=120919 89473 88388 13044 6805 75344
internal_count=120919 89473 88388 13044 6805 75344
is_linear=0
shrinkage=0.05


Tree=176
num_leaves=7
num_cat=0
split_feature=2 0 3 4 3 3
split_gain=0.722796 1.4726 1.30214 1.07268 1.08641 1.26102
threshold=1.0000000180025095e-35 18.500000000000004 -7.0002157612234441 0.50746611657112972 -49.263968381596136 -39.303288043624462
decision_type=2 2 2 10 2 2
left_child=-1 2 -2 -3 -5 -6
right_child=1 3 -4 4 5 -7
leaf_value=0.0002557624511952373 0.00012264597790320324 -0.0014544853088142493 -0.0010945400495827287 0.003138887942858699 -0.0018645736106213278 4.8772578416355794e-05
leaf_weight=24855 1697 1529 3029 1185 2217 86616
leaf_count=24855 1697 1529 3029 1185 2217 86616
internal_value=2.81497e-05 -3.39134e-05 -0.000894104 1.05393e-05 3.28793e-05 1.27749e-05
internal_weight=121128 96273 4726 91547 90018 88833
internal_count=121128 96273 4726 91547 90018 88833
is_linear=0
shrinkage=0.05


Tree=177
num_leaves=7
num_cat=0
split_feature=2 0 0 2 2 3
split_gain=0.64341 0.872322 0.749121 1.23671 1.04495 1.95269
threshold=7.5000000000000009 110.50000000000001 102.50000000000001 2.5000000000000004 2.5000000000000004 9.0787862630256217
decision_type=2 2 2 2 2 2
left_child=2 -2 4 -4 -1 -6
right_child=1 -3 3 -5 5 -7
leaf_value=6.5010860348881645e-05 -0.0056860380870669205 0.00025527884653890604 -0.0034096886247686402 0.0019003768500643302 -0.00018795299948059577 -0.0025711648986040062
leaf_weight=68521 1027 1152 1268 14203 30880 3626
leaf_count=68521 1027 1152 1268 14203 30880 3626
internal_value=-1.7278e-05 -0.000867675 -1.60453e-06 0.000322757 -5.03254e-05 -0.000274696
internal_weight=120677 2179 118498 15471 103027 34506
internal_count=120677 2179 118498 15471 103027 34506
is_linear=0
shrinkage=0.05


Tree=178
num_leaves=7
num_cat=0
split_feature=0 4 3 2 0 4
split_gain=0.843303 0.986133 1.11246 1.00112 1.71179 1.17665
threshold=11.500000000000002 1.3894886017720951 16.271836309028384 5.5000000000000009 91.500000000000014 0.67848743297299696
decision_type=2 10 2 2 2 10
left_child=-1 2 3 5 -5 -2
right_child=1 -3 -4 4 -6 -7
leaf_value=-0.00036382614330876295 0.00047220853878544985 0.0013996426462957307 -0.0011302518394960663 -0.0024882003721647481 -0.00033148492961424257 6.1594624975023563e-05
leaf_weight=12311 10799 2534 9641 1851 7518 76446
leaf_count=12311 10799 2534 9641 1851 7518 76446
internal_value=-2.06552e-06 4.23265e-05 1.90558e-05 7.01713e-05 -0.000420846 0.000122921
internal_weight=121100 108789 106255 96614 9369 87245
internal_count=121100 108789 106255 96614 9369 87245
is_linear=0
shrinkage=0.05


Tree=179
num_leaves=7
num_cat=0
split_feature=0 6 3 3 3 4
split_gain=0.592887 0.583027 0.489405 1.30267 1.5893 0.976179
threshold=117.50000000000001 2.5000000000000004 -49.263968381596136 -36.798861614776875 -32.450642913165737 0.70450324840898304
decision_type=2 2 2 2 2 10
left_child=1 2 -1 -4 5 -5
right_child=-2 -3 3 4 -6 -7
leaf_value=0.0015381524051243734 0.0090743712148090138 -0.0021685141261044809 -0.0019709546370352054 6.8320267824735652e-05 -5.2372326692851624e-05 0.0030171391546728646
leaf_weight=1352 1953 1351 3137 1059 110719 1194
leaf_count=1352 1953 1351 3137 1059 110719 1194
internal_value=-2.79469e-05 -4.21669e-05 -3.02653e-05 -4.12968e-05 -1.33667e-05 0.00129982
internal_weight=120765 118812 117461 116109 112972 2253
internal_count=120765 118812 117461 116109 112972 2253
is_linear=0
shrinkage=0.05


Tree=180
num_leaves=7
num_cat=0
split_feature=0 2 2 5 4 4
split_gain=0.632025 0.993238 0.814372 1.1574 0.748719 1.36816
threshold=13.500000000000002 1.0000000180025095e-35 1.0000000180025095e-35 12.500000000000002 1.0499947093143989 1.1700750411214103
decision_type=2 2 2 2 10 10
left_child=1 -1 3 -2 -5 -6
right_child=2 -3 -4 4 5 -7
leaf_value=-0.00013037333343804124 0.0015225570604009671 -0.00069060328250210149 -6.7473558468247247e-06 -0.00013498683782545409 0.0014978858908662111 -2.2097435977522173e-05
leaf_weight=11848 2136 2462 93760 5222 2290 3251
leaf_count=11848 2136 2462 93760 5222 2290 3251
internal_value=4.58657e-06 -0.000307371 4.64531e-05 0.000418861 0.000207558 0.000612152
internal_weight=120969 14310 106659 12899 10763 5541
internal_count=120969 14310 106659 12899 10763 5541
is_linear=0
shrinkage=0.05


Tree=181
num_leaves=7
num_cat=0
split_feature=5 3 4 6 0 5
split_gain=0.837197 0.886462 0.879545 1.58102 1.01454 0.749939
threshold=36.500000000000007 10.357738103269829 1.3340994559451305 1.0000000180025095e-35 62.500000000000007 19.500000000000004
decision_type=2 2 10 2 2 2
left_child=1 -1 4 -4 5 -3
right_child=-2 2 3 -5 -6 -7
leaf_value=4.2064601154004366e-05 0.0034531484396229601 -0.00042222054570135596 -0.00053717079368257236 0.002519528977337906 -0.00074773621462735607 -0.00149120141085924
leaf_weight=102914 1213 1048 2015 1245 10839 1587
leaf_count=102914 1213 1048 2015 1245 10839 1587
internal_value=-2.93833e-06 -1.62147e-05 -0.000353666 0.000382847 -0.00053194 -0.00141099
internal_weight=120861 119648 16734 3260 13474 2635
internal_count=120861 119648 16734 3260 13474 2635
is_linear=0
shrinkage=0.05


Tree=182
num_leaves=7
num_cat=0
split_feature=6 4 0 3 0 3
split_gain=0.579048 0.652964 2.39875 1.91818 2.87944 1.06039
threshold=2.5000000000000004 0.67848743297299696 90.500000000000014 -22.445164894376614 31.500000000000004 -36.798861614776875
decision_type=2 8 2 2 2 2
left_child=1 2 3 -1 -5 -3
right_child=-2 5 -4 4 -6 -7
leaf_value=-0.00050620028356228243 -0.0018371588705821042 -0.0038986443751635618 0.0035120976954541127 0.00020459644964445595 0.0034928343871076547 -2.4534497830076868e-05
leaf_weight=5222 1527 1614 1051 10448 1102 99769
leaf_count=5222 1527 1614 1051 10448 1102 99769
internal_value=-3.43839e-06 8.97449e-06 0.000288029 0.000142456 0.000501946 -4.00947e-05
internal_weight=120733 119206 17823 16772 11550 101383
internal_count=120733 119206 17823 16772 11550 101383
is_linear=0
shrinkage=0.05


Tree=183
num_leaves=7
num_cat=0
split_feature=3 4 0 4 0 3
split_gain=0.601634 1.19728 1.79291 0.786943 2.9613 1.84187
threshold=-36.798861614776875 0.69238436584673313 87.500000000000014 0.79633176963641017 73.500000000000014 -22.088985960972533
decision_type=2 10 2 8 2 2
left_child=1 2 -1 4 5 -2
right_child=3 -3 -4 -5 -6 -7
leaf_value=-0.0011488697981635952 -0.00066251321900959734 -0.0059639961997566575 0.0019466601592619569 -3.5838201661424448e-05 0.0015024922871362237 0.00026764904968003603
leaf_weight=1812 5021 1342 1608 86006 4374 20856
leaf_count=1812 5021 1342 1608 86006 4374 20856
internal_value=2.40023e-05 -0.000526538 -2.91983e-05 4.65746e-05 0.000265896 6.23974e-05
internal_weight=121019 4762 3420 116257 30251 25877
internal_count=121019 4762 3420 116257 30251 25877
is_linear=0
shrinkage=0.05


Tree=184
num_leaves=7
num_cat=0
split_feature=0 2 5 2 4 0
split_gain=0.517673 1.67881 1.25115 1.20626 1.39418 2.21693
threshold=33.500000000000007 1.0000000180025095e-35 6.5000000000000009 1.5000000000000002 1.2013232865316248 81.500000000000014
decision_type=2 2 2 2 10 2
left_child=1 -1 -2 4 5 -4
right_child=2 -3 3 -5 -6 -7
leaf_value=8.1183014620712503e-05 0.0010326050147994505 -0.00060054233950228774 0.00048172003261741543 -0.00015331291337950317 -0.00074386628170110118 0.0055759907372758917
leaf_weight=19948 3351 14447 13807 64705 3107 1200
leaf_count=19948 3351 14447 13807 64705 3107 1200
internal_value=-3.00667e-05 -0.000194042 3.53919e-05 -2.95927e-06 0.000357634 0.00055722
internal_weight=120565 34395 86170 82819 18114 15007
internal_count=120565 34395 86170 82819 18114 15007
is_linear=0
shrinkage=0.05


Tree=185
num_leaves=7
num_cat=0
split_feature=3 4 0 3 3 4
split_gain=0.676266 1.10988 1.36423 0.734756 0.662734 0.793455
threshold=-36.798861614776875 0.69238436584673313 90.500000000000014 -33.189303299291673 -20.677634383313414 0.70450324840898304
decision_type=2 10 2 2 2 8
left_child=1 2 -1 -2 -5 -6
right_child=3 -3 -4 4 5 -7
leaf_value=-0.00092353555894280563 0.0010001862610288965 -0.0050359148303524368 0.0017394730699120458 -0.00032807825209973257 0.00038803795896571254 -1.6496909051613627e-05
leaf_weight=2007 1895 1362 1357 12356 12513 89405
leaf_count=2007 1895 1362 1357 12356 12513 89405
internal_value=-1.22014e-05 -0.000598183 -0.000109826 1.16623e-05 -4.55146e-06 3.738e-05
internal_weight=120895 4726 3364 116169 114274 101918
internal_count=120895 4726 3364 116169 114274 101918
is_linear=0
shrinkage=0.05


Tree=186
num_leaves=7
num_cat=0
split_feature=3 0 2 4 3 4
split_gain=0.696131 0.864856 3.02515 1.5086 1.56636 1.01012
threshold=-20.677634383313414 75.500000000000014 4.5000000000000009 0.79633176963641017 -36.798861614776875 0.68785623518765504
decision_type=2 2 2 10 2 10
left_child=1 2 -1 4 5 -3
right_child=-2 3 -4 -5 -6 -7
leaf_value=-0.00015868926384642764 4.7299978584897769e-05 0.00050492782862736492 -0.0030097319789372055 -0.0014282797134955057 0.0013293041819698653 -0.0046932816735939442
leaf_weight=6162 101710 2332 1205 3805 4021 1453
leaf_count=6162 101710 2332 1205 3805 4021 1453
internal_value=-8.6181e-06 -0.000286573 -0.000710121 -1.76493e-05 0.000380232 -0.000349605
internal_weight=120688 18978 7367 11611 7806 3785
internal_count=120688 18978 7367 11611 7806 3785
is_linear=0
shrinkage=0.05


Tree=187
num_leaves=7
num_cat=0
split_feature=3 3 4 0 3 0
split_gain=0.637511 1.29439 0.743458 1.26649 2.30092 1.66926
threshold=-36.798861614776875 -49.263968381596136 0.79633176963641017 75.500000000000014 -22.088985960972533 32.500000000000007
decision_type=2 2 8 2 2 2
left_child=1 -1 3 4 -2 -6
right_child=2 -3 -4 -5 5 -7
leaf_value=0.0010839172014880771 -0.0006400336405253472 -0.0018834640679714369 -9.4900236729646658e-05 0.0013221987808806109 6.9466190960595754e-05 0.0020807462026464886
leaf_weight=1424 5433 3321 86074 3984 15416 5491
leaf_count=1424 5433 3321 86074 3984 15416 5491
internal_value=-5.90306e-06 -0.000573685 1.72664e-05 0.000230142 0.000104383 0.000342625
internal_weight=121143 4745 116398 30324 26340 20907
internal_count=121143 4745 116398 30324 26340 20907
is_linear=0
shrinkage=0.05


Tree=188
num_leaves=7
num_cat=0
split_feature=3 0 4 3 3 0
split_gain=0.666567 1.20988 1.69394 0.594384 1.00188 1.08699
threshold=-39.303288043624462 89.500000000000014 0.6691711254848417 -30.399289415689527 -22.088985960972533 106.50000000000001
decision_type=2 2 10 2 2 2
left_child=1 -1 -3 -2 5 -5
right_child=3 2 -4 4 -6 -7
leaf_value=-0.0012592590268652919 0.00065214384727919385 0.0030093606662717309 -0.0029981196235230566 -0.00066974036855552838 3.5093032024353334e-05 0.0029471406070929141
leaf_weight=1500 4737 1017 1263 7516 103744 1093
leaf_count=1500 4737 1017 1263 7516 103744 1093
internal_value=-7.4469e-06 -0.000660503 6.56443e-05 1.36629e-05 -9.47982e-06 -0.000527631
internal_weight=120870 3780 2280 117090 112353 8609
internal_count=120870 3780 2280 117090 112353 8609
is_linear=0
shrinkage=0.05


Tree=189
num_leaves=7
num_cat=0
split_feature=3 3 0 2 2 4
split_gain=0.626569 0.702827 0.595115 1.8963 1.63898 2.69248
threshold=46.007241752206347 33.857504482594521 88.500000000000014 5.5000000000000009 3.5000000000000004 0.89677037028071738
decision_type=2 2 2 2 2 10
left_child=1 2 3 -1 5 -4
right_child=-2 -3 4 -5 -6 -7
leaf_value=-4.1799932842111158e-05 0.0022183462192046466 -0.0014336214740713372 0.0049734809573403604 -0.0018804266633931474 -9.5894940640894888e-05 0.00099559537131267977
leaf_weight=87251 1398 1835 1128 1575 20906 6976
leaf_count=87251 1398 1835 1128 1575 20906 6976
internal_value=-9.87119e-06 -2.21861e-05 -7.04458e-06 -7.12601e-05 0.000189556 0.000792945
internal_weight=121069 119671 117836 88826 29010 8104
internal_count=121069 119671 117836 88826 29010 8104
is_linear=0
shrinkage=0.05


Tree=190
num_leaves=7
num_cat=0
split_feature=4 5 2 0 2 6
split_gain=0.62713 1.13834 0.878418 1.76323 1.15279 0.733822
threshold=0.79633176963641017 20.500000000000004 6.5000000000000009 81.500000000000014 4.5000000000000009 1.0000000180025095e-35
decision_type=8 2 2 2 2 2
left_child=1 2 3 4 -1 -5
right_child=-2 -3 -4 5 -6 -7
leaf_value=0.0001664942426722829 -0.0001938703378121846 -0.0016235463823593981 -0.0026622879499121443 0.0012110367904150975 -0.0011109699576356362 0.0022836771045303965
leaf_weight=26208 85801 1298 2041 1945 1585 1910
leaf_count=26208 85801 1298 2041 1945 1585 1910
internal_value=-6.36638e-05 0.000114739 0.000170801 0.000235679 9.65885e-05 0.00123705
internal_weight=120788 34987 33689 31648 27793 3855
internal_count=120788 34987 33689 31648 27793 3855
is_linear=0
shrinkage=0.05


Tree=191
num_leaves=7
num_cat=0
split_feature=0 2 0 2 2 3
split_gain=0.654435 0.425778 0.453377 0.87909 1.14386 0.615886
threshold=117.50000000000001 7.5000000000000009 102.50000000000001 2.5000000000000004 3.5000000000000004 -36.798861614776875
decision_type=2 2 2 2 2 2
left_child=1 2 5 -4 -5 -1
right_child=-2 -3 3 4 -6 -7
leaf_value=-0.0007695568532068279 0.0098537146131639827 -0.0026244452581146525 -0.002794223758359349 0.0041894090644380155 0.00054645484080902867 -1.2445990007664815e-05
leaf_weight=2931 1954 1778 1218 2098 10611 100207
leaf_count=2931 1954 1778 1218 2098 10611 100207
internal_value=2.19248e-06 -1.27486e-05 -1.06893e-06 0.000266651 0.000389727 -3.72311e-05
internal_weight=120797 118843 117065 13927 12709 103138
internal_count=120797 118843 117065 13927 12709 103138
is_linear=0
shrinkage=0.05


Tree=192
num_leaves=7
num_cat=0
split_feature=2 0 0 0 5 2
split_gain=0.635873 0.715416 0.657624 0.468425 0.822873 0.966584
threshold=6.5000000000000009 100.50000000000001 115.50000000000001 4.5000000000000009 4.5000000000000009 1.5000000000000002
decision_type=2 2 2 2 2 2
left_child=2 -2 3 -1 5 -5
right_child=1 -3 -4 4 -6 -7
leaf_value=-0.00047034397604436124 -0.0038167250195679766 -0.0010199359213187054 0.0048598997941357754 9.2078205175821193e-05 -3.8266029569432808e-05 0.0017214619937482472
leaf_weight=5155 1199 3621 2692 1852 105755 1052
leaf_count=5155 1199 3621 2692 1852 105755 1052
internal_value=-3.85734e-05 -0.000601037 -1.52787e-05 -3.35633e-05 -1.14585e-05 0.000818149
internal_weight=121326 4820 116506 113814 108659 2904
internal_count=121326 4820 116506 113814 108659 2904
is_linear=0
shrinkage=0.05


Tree=193
num_leaves=7
num_cat=0
split_feature=3 4 3 0 2 0
split_gain=0.56623 1.51961 0.871599 0.954422 2.06045 2.25748
threshold=16.271836309028384 1.3500983242561084 35.82104535556882 75.500000000000014 2.5000000000000004 104.50000000000001
decision_type=2 10 2 2 2 2
left_child=-1 2 3 -2 -5 -6
right_child=1 -3 -4 4 5 -7
leaf_value=5.4640520347453892e-06 -0.0016219421209972284 0.0011226172376866117 -0.0068870803966621114 0.0023443431110435372 -0.0047877201624994268 0.0010863432240970073
leaf_weight=109358 1774 2743 1415 2059 1520 2128
leaf_count=109358 1774 2743 1415 2059 1520 2128
internal_value=-2.88024e-05 -0.000360273 -0.000677453 -0.000461529 -0.000146185 -0.000859569
internal_weight=120997 11639 8896 7481 5707 3648
internal_count=120997 11639 8896 7481 5707 3648
is_linear=0
shrinkage=0.05


Tree=194
num_leaves=7
num_cat=0
split_feature=2 0 3 3 3 4
split_gain=0.468312 1.29787 0.898831 2.26044 1.41884 0.96342
threshold=1.0000000180025095e-35 11.500000000000002 2.7830489357896373 13.572600148213743 -3.8175591279102359 0.78043911053919834
decision_type=2 2 2 2 2 10
left_child=2 -2 4 -4 5 -1
right_child=1 -3 3 -5 -6 -7
leaf_value=0.00024349610525129943 -0.00097010160664924821 -9.1710921481656131e-05 0.0010966262319078216 -0.00083012045154871894 -0.00027319384835249933 0.0014888560160056347
leaf_weight=5098 1783 94666 4757 1881 11324 1698
leaf_count=5098 1783 94666 4757 1881 11324 1698
internal_value=-5.02025e-05 -9.9997e-05 0.000143762 0.000641275 -3.86219e-05 0.000532273
internal_weight=121207 96449 24758 6638 18120 6796
internal_count=121207 96449 24758 6638 18120 6796
is_linear=0
shrinkage=0.05


Tree=195
num_leaves=7
num_cat=0
split_feature=5 3 4 0 2 4
split_gain=0.771475 0.679098 0.835808 1.09899 1.19787 2.07328
threshold=36.500000000000007 9.7107687226399211 1.3340994559451305 61.500000000000007 1.5000000000000002 1.1796293815303616
decision_type=2 2 10 2 2 10
left_child=1 -1 3 -3 5 -5
right_child=-2 2 -4 4 -6 -7
leaf_value=4.5412091275421593e-05 0.0033392334838828427 -0.0011367332893639271 0.00087058859538706511 0.0035925502825755367 -0.0012190665349637031 -0.0010074681912258807
leaf_weight=102286 1178 2902 3370 1095 9257 1031
leaf_count=102286 1178 2902 3370 1095 9257 1031
internal_value=5.81929e-06 -6.71255e-06 -0.000293036 -0.000460113 -0.00023841 0.000830595
internal_weight=121119 119941 17655 14285 11383 2126
internal_count=121119 119941 17655 14285 11383 2126
is_linear=0
shrinkage=0.05


Tree=196
num_leaves=7
num_cat=0
split_feature=3 2 5 4 0 2
split_gain=0.56048 0.954086 1.12296 0.981595 1.21298 1.36743
threshold=15.073060259242775 4.5000000000000009 34.500000000000007 1.1612810821115789 64.500000000000014 2.5000000000000004
decision_type=2 2 2 10 2 2
left_child=-1 2 3 -2 -5 -6
right_child=1 -3 -4 4 5 -7
leaf_value=4.2014691865092203e-06 -0.0039768774588302821 0.0036704164827740314 0.0019180673645882379 -0.0012876730275089166 0.0014037763645283602 -0.0028129421714168379
leaf_weight=107970 2069 1664 1217 2534 2859 2251
leaf_count=107970 2069 1664 1217 2534 2859 2251
internal_value=-3.12696e-05 -0.000346854 -0.000516691 -0.000696132 -0.000434045 9.77398e-06
internal_weight=120564 12594 10930 9713 7644 5110
internal_count=120564 12594 10930 9713 7644 5110
is_linear=0
shrinkage=0.05


Tree=197
num_leaves=7
num_cat=0
split_feature=3 5 0 4 0 5
split_gain=0.433851 1.31248 0.808928 0.794633 0.901103 0.7273
threshold=9.7107687226399211 34.500000000000007 95.500000000000014 1.2914736721174203 60.500000000000007 31.500000000000004
decision_type=2 2 2 10 2 2
left_child=5 2 3 -2 -5 -1
right_child=1 -3 -4 4 -6 -7
leaf_value=2.6453597422530163e-06 -0.0010911472921561448 0.0021294708361782686 5.3547568648224029e-05 -0.00072236459916303611 0.0022914801954904327 -0.002517890294521213
leaf_weight=101317 7344 1524 6441 2379 1022 1082
leaf_count=101317 7344 1524 6441 2379 1022 1082
internal_value=-5.11513e-05 -0.00027251 -0.000397302 -0.000662792 -3.08291e-05 -1.06941e-05
internal_weight=121109 18710 17186 10745 3401 102399
internal_count=121109 18710 17186 10745 3401 102399
is_linear=0
shrinkage=0.05


Tree=198
num_leaves=7
num_cat=0
split_feature=2 0 5 3 4 0
split_gain=0.525933 0.561019 0.492305 0.529352 1.40969 0.80209
threshold=7.5000000000000009 110.50000000000001 36.500000000000007 16.271836309028384 1.3675688197750497 66.500000000000014
decision_type=2 2 2 2 10 2
left_child=2 -2 3 -1 5 -5
right_child=1 -3 -4 4 -6 -7
leaf_value=9.4834848726697423e-06 -0.004562431299003961 -0.00053439131697185875 0.0029918861685991065 -0.0017092668689892563 0.0013575396711794998 -0.0010578432579691833
leaf_weight=106839 1017 1127 1173 1230 2112 7320
leaf_count=106839 1017 1127 1173 1230 2112 7320
internal_value=-2.5162e-05 -0.000800373 -1.11236e-05 -2.13193e-05 -0.000357178 -0.0006429
internal_weight=120818 2144 118674 117501 10662 8550
internal_count=120818 2144 118674 117501 10662 8550
is_linear=0
shrinkage=0.05


Tree=199
num_leaves=7
num_cat=0
split_feature=0 2 2 6 0 3
split_gain=0.575266 0.92378 0.866185 1.40877 1.15274 1.74235
threshold=13.500000000000002 1.0000000180025095e-35 1.5000000000000002 1.0000000180025095e-35 60.500000000000007 11.461569202415527
decision_type=2 2 2 2 2 2
left_child=1 -1 3 4 5 -2
right_child=2 -3 -4 -5 -6 -7
leaf_value=-0.00012661836355240156 6.9610419534115746e-05 -0.00077403265455300773 -9.0208421130487674e-05 0.00083839879333327111 0.0015030661352892956 -0.0012140125071627536
leaf_weight=11848 18651 2451 72191 8027 5196 2567
leaf_count=11848 18651 2451 72191 8027 5196 2567
internal_value=-2.52319e-06 -0.000300267 3.74155e-05 0.000243714 6.73746e-05 -9.61233e-05
internal_weight=120931 14299 106632 34441 26414 21218
internal_count=120931 14299 106632 34441 26414 21218
is_linear=0
shrinkage=0.05


Tree=200
num_leaves=7
num_cat=0
split_feature=0 2 0 3 2 2
split_gain=0.51901 0.447201 0.59622 0.453624 0.592285 1.02134
threshold=1.5000000000000002 7.5000000000000009 110.50000000000001 15.073060259242775 1.0000000180025095e-35 1.5000000000000002
decision_type=2 2 2 2 2 2
left_child=-1 3 -3 -2 -5 -6
right_child=1 2 -4 4 5 -7
leaf_value=-0.00064930713966540046 6.8062610915505453e-05 -0.0040077076034713234 0.00085997300113561633 -0.0012154634358988075 0.0011521909033608269 -0.00091583622268774732
leaf_weight=2074 104164 1022 1128 1599 2622 8355
leaf_count=2074 104164 1022 1128 1599 2622 8355
internal_value=3.96677e-06 1.76615e-05 -0.000696057 3.08352e-05 -0.000252763 -0.000121564
internal_weight=120964 118890 2150 116740 12576 10977
internal_count=120964 118890 2150 116740 12576 10977
is_linear=0
shrinkage=0.05


Tree=201
num_leaves=7
num_cat=0
split_feature=0 4 2 0 3 4
split_gain=0.532051 0.677772 0.595016 0.731435 0.713394 1.10424
threshold=13.500000000000002 1.0000000180025095e-35 6.5000000000000009 98.500000000000014 15.073060259242775 0.98179028625774001
decision_type=2 8 2 2 2 10
left_child=1 -1 4 -4 5 -2
right_child=2 -3 3 -5 -6 -7
leaf_value=0.00089586063418828441 -1.0569467634934973e-05 -0.00035426505465552065 -0.0041810189326260024 -0.00067563184439329823 -0.00047371767931927088 0.00043978975375201534
leaf_weight=1158 60403 13052 1065 3742 12334 28873
leaf_count=1158 60403 13052 1065 3742 12334 28873
internal_value=-1.1203e-06 -0.000288429 3.72561e-05 -0.000506028 6.29816e-05 0.000112229
internal_weight=120627 14210 106417 4807 101610 89276
internal_count=120627 14210 106417 4807 101610 89276
is_linear=0
shrinkage=0.05


Tree=202
num_leaves=7
num_cat=0
split_feature=2 0 4 0 3 0
split_gain=0.808785 1.15677 0.815374 1.52636 2.04987 1.83279
threshold=6.5000000000000009 98.500000000000014 0.79633176963641017 80.500000000000014 -22.088985960972533 56.500000000000007
decision_type=2 2 8 2 2 2
left_child=2 -2 3 4 -1 -6
right_child=1 -3 -4 -5 5 -7
leaf_value=-0.00051886006882487159 -0.0043359718411121921 -0.00074915255465245374 -0.00011184252051866568 0.0016766607868938682 0.00021523605081996854 0.0039795545350570392
leaf_weight=7254 1046 3699 83367 4610 19800 1179
leaf_count=7254 1046 3699 83367 4610 19800 1179
internal_value=-1.83957e-05 -0.000657896 7.74308e-06 0.000218734 8.09181e-05 0.000331442
internal_weight=120955 4745 116210 32843 28233 20979
internal_count=120955 4745 116210 32843 28233 20979
is_linear=0
shrinkage=0.05


Tree=203
num_leaves=7
num_cat=0
split_feature=6 0 2 4 2 4
split_gain=0.507192 0.559153 0.91683 1.6284 0.841947 0.795589
threshold=2.5000000000000004 102.50000000000001 5.5000000000000009 0.65835579415502388 2.5000000000000004 0.81378670696999944
decision_type=2 2 2 10 2 10
left_child=1 2 -1 -4 -3 -5
right_child=-2 4 3 5 -6 -7
leaf_value=-5.3828913615212319e-05 -0.0023453909130148679 -0.002531691507885952 -0.0027161614520374369 0.001562975321600459 0.0014804619778771599 -0.0019076357811860197
leaf_weight=99517 1553 1306 1023 1273 15061 1171
leaf_count=99517 1553 1306 1023 1273 15061 1171
internal_value=-4.40012e-05 -3.22995e-05 -7.54461e-05 -0.000874137 0.000239127 -0.0001715
internal_weight=120904 119351 102984 3467 16367 2444
internal_count=120904 119351 102984 3467 16367 2444
is_linear=0
shrinkage=0.05


Tree=204
num_leaves=7
num_cat=0
split_feature=4 4 0 6 0 0
split_gain=0.411963 0.791577 0.774512 1.13734 1.50051 1.00345
threshold=1.1407148768616233 0.97780013022264312 38.500000000000007 1.0000000180025095e-35 79.500000000000014 102.50000000000001
decision_type=8 10 2 2 2 2
left_child=1 -1 -3 5 -5 -4
right_child=-2 2 3 4 -6 -7
leaf_value=-6.6786585782466757e-05 -0.00026905276585459235 -0.00021471097986280722 0.00088580124662308206 0.00086053082612162464 -0.0012855384588056334 0.005617684644390432
leaf_weight=73349 18765 6015 10107 3713 6462 2198
leaf_count=73349 18765 6015 10107 3713 6462 2198
internal_value=-4.51974e-06 3.51489e-05 0.000258771 0.000393595 2.4546e-06 0.000716896
internal_weight=120609 101844 28495 22480 10175 12305
internal_count=120609 101844 28495 22480 10175 12305
is_linear=0
shrinkage=0.05


Tree=205
num_leaves=7
num_cat=0
split_feature=2 1 3 5 1 1
split_gain=0.594431 0.948107 0.750155 1.06455 0.799456 0.849997
threshold=6.5000000000000009 21.500000000000004 15.073060259242775 24.500000000000004 20.500000000000004 9.5000000000000018
decision_type=2 2 2 2 2 2
left_child=2 -2 -1 4 5 -4
right_child=1 -3 3 -5 -6 -7
leaf_value=5.2353909376543724e-05 -0.00077564623037802097 -0.003917544491508859 -0.0071110223824355882 0.00018771098480910994 -0.001376464978448835 0.0033496696449085098
leaf_weight=103691 3765 1048 1021 5907 4294 1161
leaf_count=103691 3765 1048 1021 5907 4294 1161
internal_value=-1.9316e-05 -0.000563513 3.27244e-06 -0.000364467 -0.000806975 -2.7436e-05
internal_weight=120887 4813 116074 12383 6476 2182
internal_count=120887 4813 116074 12383 6476 2182
is_linear=0
shrinkage=0.05


Tree=206
num_leaves=7
num_cat=0
split_feature=0 4 5 4 4 2
split_gain=0.632161 0.915872 1.31161 1.12647 1.5804 1.29366
threshold=15.500000000000002 0.50746611657112972 7.5000000000000009 0.84471343734084958 0.75168627272982513 3.5000000000000004
decision_type=2 10 2 10 10 2
left_child=-1 -2 3 4 5 -3
right_child=1 2 -4 -5 -6 -7
leaf_value=-0.00026511033522227061 -0.0011189015166266469 0.00209561580775088 2.472925814631254e-05 0.0019852330846305334 -0.0012189155269867113 -0.00011229111829518727
leaf_weight=16322 2030 1466 96741 1562 1261 1491
leaf_count=16322 2030 1466 96741 1562 1261 1491
internal_value=-2.19349e-06 4.29901e-05 6.38363e-05 0.000795159 0.000369404 0.00100101
internal_weight=120873 104551 102521 5780 4218 2957
internal_count=120873 104551 102521 5780 4218 2957
is_linear=0
shrinkage=0.05


Tree=207
num_leaves=7
num_cat=0
split_feature=4 4 3 4 0 2
split_gain=0.623994 0.700977 0.745904 0.744043 1.868 3.57001
threshold=0.23285992296873426 0.47536510033985285 -15.672861281061143 0.67848743297299696 91.500000000000014 4.5000000000000009
decision_type=8 10 2 10 2 2
left_child=-1 2 -2 4 5 -3
right_child=1 3 -4 -5 -6 -7
leaf_value=0.00079947847458836465 -0.0012503285970407079 0.0004290700974193279 -0.00024175398050805451 -5.8330848759821363e-05 0.0039028746290344662 -0.0017506337197822361
leaf_weight=2122 1084 9624 3780 101757 1024 1555
leaf_count=2122 1084 9624 3780 101757 1024 1555
internal_value=-7.27687e-06 -2.24705e-05 -0.000609983 2.6312e-06 0.000371477 0.000183743
internal_weight=120946 118824 4864 113960 12203 11179
internal_count=120946 118824 4864 113960 12203 11179
is_linear=0
shrinkage=0.05


Tree=208
num_leaves=7
num_cat=0
split_feature=3 3 4 6 0 5
split_gain=0.805527 1.08144 0.901938 0.926005 0.899492 0.755622
threshold=-19.672517534907588 -16.724250568159707 0.80637833352035437 1.0000000180025095e-35 39.500000000000007 8.5000000000000018
decision_type=2 2 10 2 2 2
left_child=4 2 -2 -4 -1 -6
right_child=1 -3 3 -5 5 -7
leaf_value=-0.0012484223628361534 0.0029048157892788175 2.3669414277923578e-05 0.0025609623905929577 -0.0023627799307498914 0.00047205956899245682 -0.00045168095187428598
leaf_weight=1076 2411 95360 1133 1251 4188 15389
leaf_count=1076 2411 95360 1133 1251 4188 15389
internal_value=-4.47091e-06 5.41621e-05 0.000786457 9.62734e-05 -0.000288751 -0.000211165
internal_weight=120808 100155 4795 2384 20653 19577
internal_count=120808 100155 4795 2384 20653 19577
is_linear=0
shrinkage=0.05


Tree=209
num_leaves=7
num_cat=0
split_feature=3 2 0 6 0 4
split_gain=0.432789 0.946575 2.43805 1.04096 0.983421 1.93051
threshold=-20.677634383313414 5.5000000000000009 87.500000000000014 1.5000000000000002 41.500000000000007 0.58597139245746999
decision_type=2 2 2 2 2 10
left_child=1 4 -3 -4 -1 -6
right_child=-2 2 3 -5 5 -7
leaf_value=-0.00094380890247267729 1.2166551262699549e-05 -0.0026221005744550547 0.0007384849930911619 -0.0031042585303646206 0.0014646678858722174 -7.7229269551169974e-05
leaf_weight=1078 101884 1072 3036 1371 1307 11167
leaf_count=1078 101884 1072 3036 1371 1307 11167
internal_value=-2.83257e-05 -0.000247164 -0.000801424 -0.00027992 -2.28676e-05 0.000102571
internal_weight=120915 19031 5479 4407 13552 12474
internal_count=120915 19031 5479 4407 13552 12474
is_linear=0
shrinkage=0.05


Tree=210
num_leaves=7
num_cat=0
split_feature=0 2 3 4 4 4
split_gain=0.61225 0.915707 1.32179 1.24712 3.35438 1.82478
threshold=109.50000000000001 2.5000000000000004 -9.9533196138795983 1.1368772334555246 1.2427135301769361 0.97363140526803005
decision_type=2 2 2 10 10 10
left_child=1 2 -1 5 -5 -3
right_child=-2 3 -4 4 -6 -7
leaf_value=0.00056706996349724359 0.0017884929075382674 -0.00049324005938577639 -7.6462745061916962e-05 -0.0041070165112697338 0.0028527547530156458 0.00084364780043437795
leaf_weight=12877 10013 29696 56505 1915 1054 8902
leaf_count=12877 10013 29696 56505 1915 1054 8902
internal_value=-3.64574e-05 -7.02555e-05 4.09287e-05 -0.000255822 -0.00124244 -0.00017978
internal_weight=120962 110949 69382 41567 2969 38598
internal_count=120962 110949 69382 41567 2969 38598
is_linear=0
shrinkage=0.05


Tree=211
num_leaves=7
num_cat=0
split_feature=2 1 3 3 6 1
split_gain=0.511495 0.463951 0.461108 1.08523 0.758534 0.473181
threshold=7.5000000000000009 9.5000000000000018 -46.365838480682321 -36.798861614776875 1.0000000180025095e-35 113.50000000000001
decision_type=2 2 2 2 2 2
left_child=2 -2 -1 4 -4 -5
right_child=1 -3 3 5 -6 -7
leaf_value=0.0014455593263835915 -0.00058877429342657625 -0.0032955213416322698 -0.003175025443345446 3.565023159063265e-05 -0.00045971468121145564 -0.00035850241428888566
leaf_weight=1371 1129 1018 1187 107214 1306 7154
leaf_count=1371 1129 1018 1187 107214 1306 7154
internal_value=-1.90652e-05 -0.000782994 -5.16032e-06 -1.58741e-05 -0.00104684 6.64373e-06
internal_weight=120379 2147 118232 116861 2493 114368
internal_count=120379 2147 118232 116861 2493 114368
is_linear=0
shrinkage=0.05


Tree=212
num_leaves=7
num_cat=0
split_feature=3 0 6 2 4 2
split_gain=0.749221 0.819015 0.871715 1.30253 0.750834 0.643774
threshold=23.716182252436997 110.50000000000001 1.5000000000000002 5.5000000000000009 0.93859627540808444 7.5000000000000009
decision_type=2 2 2 2 10 2
left_child=1 5 3 -3 -4 -1
right_child=-2 2 4 -5 -6 -7
leaf_value=7.2748463685330944e-07 -0.00089224242972209375 0.0076690925011695379 0.0065535408282219017 -0.00073870747227085395 -0.0098322424715546874 -0.0030719243619771811
leaf_weight=105603 6982 3072 1018 2018 1056 1029
leaf_count=105603 6982 3072 1018 2018 1056 1029
internal_value=-6.95581e-06 2.39002e-05 0.000541218 0.000893031 -0.000322272 -1.08792e-05
internal_weight=120778 113796 7164 5090 2074 106632
internal_count=120778 113796 7164 5090 2074 106632
is_linear=0
shrinkage=0.05


Tree=213
num_leaves=7
num_cat=0
split_feature=5 3 6 0 2 0
split_gain=0.68891 0.421985 0.621809 0.922211 0.482867 2.02412
threshold=36.500000000000007 24.736024392395915 1.0000000180025095e-35 96.500000000000014 4.5000000000000009 73.500000000000014
decision_type=2 2 2 2 2 2
left_child=1 4 -3 -4 -1 -6
right_child=-2 2 3 -5 5 -7
leaf_value=3.1230544825159289e-05 0.0030756310326078055 -0.0017246492581596961 -0.001385308141187244 0.0029206555423245423 -0.0017887813666146949 -0.00016774863426910862
leaf_weight=95994 1182 2906 1176 1853 1770 16077
leaf_count=95994 1182 2906 1176 1853 1770 16077
internal_value=-2.76129e-05 -3.94899e-05 -0.000450338 5.10865e-05 -1.80519e-05 -0.000256835
internal_weight=120958 119776 5935 3029 113841 17847
internal_count=120958 119776 5935 3029 113841 17847
is_linear=0
shrinkage=0.05


Tree=214
num_leaves=7
num_cat=0
split_feature=0 4 0 0 4 2
split_gain=0.594669 0.495494 0.697052 0.760327 0.910719 0.422563
threshold=2.5000000000000004 1.3048221306540264 89.500000000000014 54.500000000000007 1.5553510002626942 3.5000000000000004
decision_type=2 10 2 2 10 2
left_child=-1 5 3 4 -3 -2
right_child=1 2 -4 -5 -6 -7
leaf_value=-0.00053694511828095604 9.2843912568458089e-05 0.0013118395752543877 -0.0014015888538902609 0.0029334425006431538 -0.0010743816100495256 -0.00022299397314936176
leaf_weight=3122 79223 2502 1079 1009 1011 32749
leaf_count=3122 79223 2502 1079 1009 1011 32749
internal_value=2.17469e-05 3.98447e-05 0.000498572 0.000770929 0.000422114 1.68773e-05
internal_weight=120695 117573 5601 4522 3513 111972
internal_count=120695 117573 5601 4522 3513 111972
is_linear=0
shrinkage=0.05


Tree=215
num_leaves=7
num_cat=0
split_feature=3 5 3 3 0 3
split_gain=0.523123 0.595062 1.01906 0.863288 0.66781 0.854049
threshold=24.736024392395915 23.500000000000004 19.469908604945044 20.284146302412633 44.500000000000007 -14.028758869820292
decision_type=2 2 2 2 2 2
left_child=1 2 -1 4 -3 -6
right_child=-2 3 -4 -5 5 -7
leaf_value=-6.8911180729223929e-06 -0.00075717889808408849 -0.00031743573965457888 -0.0022111806507821899 0.0032486179614779186 -0.0012317382600153465 0.001727398282147
leaf_weight=97669 6550 4173 1508 1112 1521 8251
leaf_count=97669 6550 4173 1508 1112 1521 8251
internal_value=-8.03172e-06 1.68932e-05 -2.75768e-05 0.000309719 0.000202508 0.000428556
internal_weight=120784 114234 99177 15057 13945 9772
internal_count=120784 114234 99177 15057 13945 9772
is_linear=0
shrinkage=0.05


Tree=216
num_leaves=7
num_cat=0
split_feature=3 4 0 2 2 2
split_gain=0.585151 0.862187 1.22128 1.49341 1.24244 0.820815
threshold=16.271836309028384 1.2694699937735119 93.500000000000014 2.5000000000000004 4.5000000000000009 2.5000000000000004
decision_type=2 10 2 2 2 2
left_child=-1 2 -2 -4 -5 -3
right_child=1 5 3 4 -6 -7
leaf_value=2.9414143328334183e-05 -0.0016780402027423728 -0.0003311075134388126 0.0028321141362106792 -0.0046868037773748145 0.0024660028855757821 0.0038894423224083
leaf_weight=109117 2707 3308 1060 2105 1251 1258
leaf_count=109117 2707 3308 1060 2105 1251 1258
internal_value=-9.76851e-06 -0.000345905 -0.000689535 -0.000176432 -0.000693247 0.000190329
internal_weight=120806 11689 7123 4416 3356 4566
internal_count=120806 11689 7123 4416 3356 4566
is_linear=0
shrinkage=0.05


Tree=217
num_leaves=7
num_cat=0
split_feature=0 2 5 3 3 3
split_gain=0.564299 0.995678 0.942915 0.68796 0.829107 0.805632
threshold=30.500000000000004 1.0000000180025095e-35 7.5000000000000009 1.9816269796984616 6.1707291380428737 -3.8175591279102359
decision_type=2 2 2 2 2 2
left_child=1 3 -2 5 -5 -1
right_child=2 -3 -4 4 -6 -7
leaf_value=0.00034376580439258986 0.00087012750820836282 -0.00051167282876204696 -8.6843269492258972e-06 0.0012844730592434803 -0.00026026923377588958 -0.00035893754977064479
leaf_weight=5712 5702 12297 83729 2309 1847 9273
leaf_count=5712 5702 12297 83729 2309 1847 9273
internal_value=-3.05702e-05 -0.000212767 3.34864e-05 1.27952e-05 0.00058159 -0.000145098
internal_weight=120869 31438 89431 19141 4156 14985
internal_count=120869 31438 89431 19141 4156 14985
is_linear=0
shrinkage=0.05


Tree=218
num_leaves=7
num_cat=0
split_feature=3 0 2 3 3 0
split_gain=0.714861 0.543224 0.578622 1.65778 1.70171 1.67672
threshold=24.736024392395915 117.50000000000001 5.5000000000000009 -17.832828545432488 -0.70836193592451646 90.500000000000014
decision_type=2 2 2 2 2 2
left_child=1 2 -1 5 -5 -4
right_child=-2 -3 3 4 -6 -7
leaf_value=3.4990482899167263e-05 -0.00092844716511177689 0.010274407215518332 -0.0024160678807862677 0.0038321701629319203 -0.0031891927950959695 -0.00088176763408407972
leaf_weight=104165 6508 1530 1369 2083 1170 4136
leaf_count=104165 6508 1530 1369 2083 1170 4136
internal_value=-1.86428e-05 1.0352e-05 -2.34782e-06 -0.000392561 0.00050184 -0.000921054
internal_weight=120961 114453 112923 8758 3253 5505
internal_count=120961 114453 112923 8758 3253 5505
is_linear=0
shrinkage=0.05


Tree=219
num_leaves=7
num_cat=0
split_feature=0 2 0 5 2 4
split_gain=0.612985 0.542128 0.431729 1.41232 1.29 0.881398
threshold=117.50000000000001 7.5000000000000009 66.500000000000014 7.5000000000000009 4.5000000000000009 0.64211133711046309
decision_type=2 2 2 2 2 10
left_child=1 2 4 -4 -1 -5
right_child=-2 -3 3 5 -6 -7
leaf_value=-7.9852270647639981e-05 0.0094692305341292429 -0.002235636480029674 0.0016466934693781629 0.0013365255095487095 -0.0019068395618224512 -1.0280966351542016e-05
leaf_weight=66463 1954 1770 2398 1236 1072 46003
leaf_count=66463 1954 1770 2398 1236 1072 46003
internal_value=-1.96867e-05 -3.4134e-05 -2.09951e-05 9.095e-05 -0.000103273 3.07964e-05
internal_weight=120896 118942 117172 49637 67535 47239
internal_count=120896 118942 117172 49637 67535 47239
is_linear=0
shrinkage=0.05


Tree=220
num_leaves=7
num_cat=0
split_feature=4 2 0 0 2 4
split_gain=0.529186 0.942603 2.86357 1.9898 1.129 1.37371
threshold=0.7668862800871683 3.5000000000000004 66.500000000000014 89.500000000000014 5.5000000000000009 0.58597139245746999
decision_type=8 2 2 2 2 10
left_child=1 2 -1 4 5 -3
right_child=-2 3 -4 -5 -6 -7
leaf_value=0.0001929826714845548 -0.00013492903950668194 0.00066250558714448199 0.0029327627114411237 0.0015248726612913889 -0.0023029376782365174 -0.00094131590615682608
leaf_weight=19863 91079 1033 1390 3185 1034 3214
leaf_count=19863 91079 1033 1390 3185 1034 3214
internal_value=-4.1722e-05 0.000141467 0.000319173 -0.00030457 -0.000899547 -0.000537395
internal_weight=120798 29719 21253 8466 5281 4247
internal_count=120798 29719 21253 8466 5281 4247
is_linear=0
shrinkage=0.05


Tree=221
num_leaves=7
num_cat=0
split_feature=3 4 3 4 5 4
split_gain=0.490151 1.35985 0.838397 1.39048 1.50146 0.731714
threshold=-19.672517534907588 0.50746611657112972 -16.724250568159707 0.70450324840898304 14.500000000000002 0.79633176963641017
decision_type=2 10 2 10 2 10
left_child=1 -1 3 -2 -5 -3
right_child=2 5 -4 4 -6 -7
leaf_value=-0.0012390798632057327 0.0032752039011980701 4.5148943013439806e-05 5.586062000731274e-06 -0.00135121409590756 0.0033284495917706362 -0.0011507383866950526
leaf_weight=1223 1088 14641 95761 1983 1668 4551
leaf_count=1223 1088 14641 95761 1983 1668 4551
internal_value=-8.06437e-06 -0.000231392 3.73104e-05 0.000686129 0.00021745 -0.000128146
internal_weight=120915 20415 100500 4739 3651 19192
internal_count=120915 20415 100500 4739 3651 19192
is_linear=0
shrinkage=0.05


Tree=222
num_leaves=7
num_cat=0
split_feature=4 3 6 0 4 0
split_gain=0.502619 0.776797 0.730591 1.52675 1.28823 1.17626
threshold=0.9757534177144408 15.073060259242775 1.0000000180025095e-35 91.500000000000014 1.0552382079371254 82.500000000000014
decision_type=10 2 2 2 10 2
left_child=-1 2 3 -2 -5 -4
right_child=1 -3 5 4 -6 -7
leaf_value=-0.00013316957691327652 0.00020439408499281308 -0.00036914361929056555 0.00032715056961253277 0.0017171494501112866 0.0083324146617201646 -0.0020405975621674314
leaf_weight=74052 18315 12543 7255 2283 1038 5413
leaf_count=74052 18315 12543 7255 2283 1038 5413
internal_value=-3.18033e-05 9.63661e-05 0.000219475 0.000396006 0.00138154 -8.20654e-05
internal_weight=120899 46847 34304 21636 3321 12668
internal_count=120899 46847 34304 21636 3321 12668
is_linear=0
shrinkage=0.05


Tree=223
num_leaves=7
num_cat=0
split_feature=0 2 3 3 5 0
split_gain=0.391465 0.711589 1.34964 2.03109 1.61508 0.822227
threshold=11.500000000000002 1.0000000180025095e-35 13.572600148213743 3.3179207665407984 15.500000000000002 34.500000000000007
decision_type=2 2 2 2 2 2
left_child=-1 2 3 4 -2 -6
right_child=1 -3 -4 -5 5 -7
leaf_value=-0.00023901598347554322 0.00064635211300714075 -6.3839601536232538e-05 -0.00089493115881419689 0.0010734565770235053 -0.00015406978586467586 -0.0016876814121482679
leaf_weight=12313 4552 94328 1802 3443 3247 1120
leaf_count=12313 4552 94328 1802 3443 3247 1120
internal_value=-3.04209e-05 -9.33605e-08 0.000330297 0.000516696 0.000118219 -0.000568391
internal_weight=120805 108492 14164 12362 8919 4367
internal_count=120805 108492 14164 12362 8919 4367
is_linear=0
shrinkage=0.05


Tree=224
num_leaves=7
num_cat=0
split_feature=4 0 2 0 3 2
split_gain=0.488355 1.58799 3.68941 1.05013 1.39537 1.29716
threshold=0.67848743297299696 91.500000000000014 4.5000000000000009 34.500000000000007 -17.556698940396696 1.5000000000000002
decision_type=8 2 2 2 2 2
left_child=1 2 3 4 -1 -6
right_child=-2 -3 -4 -5 5 -7
leaf_value=-0.0013405974040292894 -5.5165293923301799e-05 0.0036481213865614476 -0.0016722203280251935 0.00075216243341452835 7.6712093196866369e-05 0.0016986747831590162
leaf_weight=1006 102729 1044 1677 4233 8754 1318
leaf_count=1006 102729 1044 1677 4233 8754 1318
internal_value=-2.11271e-06 0.000237843 0.000121225 0.000365303 0.000109175 0.000286791
internal_weight=120761 18032 16988 15311 11078 10072
internal_count=120761 18032 16988 15311 11078 10072
is_linear=0
shrinkage=0.05


Tree=225
num_leaves=7
num_cat=0
split_feature=3 4 0 0 2 0
split_gain=0.459112 0.725039 0.562455 1.78522 0.529627 0.7126
threshold=24.736024392395915 1.2600770221130058 88.500000000000014 64.500000000000014 6.5000000000000009 114.50000000000001
decision_type=2 10 2 2 2 2
left_child=4 -2 3 -3 5 -1
right_child=1 2 -4 -5 -6 -7
leaf_value=3.9829295466228147e-06 -0.0029413281702141223 -0.00086550502726823468 -0.0016063040091523232 0.0040539068849346624 -0.0015229375716662851 0.0061410092898047707
leaf_weight=107056 2836 1030 1688 1000 4688 2501
leaf_count=107056 2836 1030 1688 1000 4688 2501
internal_value=-2.31378e-05 -0.000429945 2.95449e-05 0.000589679 2.17626e-07 2.24975e-05
internal_weight=120799 6554 3718 2030 114245 109557
internal_count=120799 6554 3718 2030 114245 109557
is_linear=0
shrinkage=0.05


Tree=226
num_leaves=7
num_cat=0
split_feature=2 0 4 3 3 3
split_gain=0.791665 1.0685 1.41215 0.767497 1.44928 1.04764
threshold=1.0000000180025095e-35 17.500000000000004 0.85431568711396466 19.469908604945044 2.6262606392670325 -3.8175591279102359
decision_type=2 2 10 2 2 2
left_child=3 2 -2 4 5 -1
right_child=1 -3 -4 -5 -6 -7
leaf_value=0.00058097461103565908 -0.00017540723828693262 -1.8736197220927735e-05 -0.0021393264841828119 -0.0014777591695213095 0.00087044481662562243 -0.0001607991104064004
leaf_weight=6924 3138 91921 1103 1063 5660 11062
leaf_count=6924 3138 91921 1103 1063 5660 11062
internal_value=1.48487e-05 -5.00183e-05 -0.000825484 0.000267256 0.000326412 0.000106719
internal_weight=120871 96162 4241 24709 23646 17986
internal_count=120871 96162 4241 24709 23646 17986
is_linear=0
shrinkage=0.05


Tree=227
num_leaves=7
num_cat=0
split_feature=5 3 4 3 0 2
split_gain=0.607997 0.972593 1.09838 0.66748 1.49445 1.48732
threshold=15.500000000000002 18.134302513861829 1.0282934637291044 -20.34329493676238 99.500000000000014 3.5000000000000004
decision_type=2 2 10 2 2 2
left_child=1 2 -1 4 5 -2
right_child=3 -3 -4 -5 -6 -7
leaf_value=5.8735990601841602e-05 -4.1893121515090775e-05 -0.001791704055211344 0.00085935264650182242 -7.8156005180352731e-05 0.00079382035044464313 -0.0022924843069059035
leaf_weight=53862 1436 1227 6712 53383 2463 1837
leaf_count=53862 1436 1227 6712 53383 2463 1837
internal_value=-5.37642e-06 0.000104277 0.000132553 -0.000120003 -0.000632295 -0.00133161
internal_weight=120920 61801 60574 59119 5736 3273
internal_count=120920 61801 60574 59119 5736 3273
is_linear=0
shrinkage=0.05


Tree=228
num_leaves=7
num_cat=0
split_feature=0 2 4 3 5 2
split_gain=0.530665 1.12568 0.818061 1.25067 0.684504 0.862379
threshold=31.500000000000004 1.0000000180025095e-35 1.3340994559451305 35.82104535556882 5.5000000000000009 3.5000000000000004
decision_type=2 2 10 2 2 2
left_child=1 -1 3 4 -2 -6
right_child=2 -3 -4 -5 5 -7
leaf_value=5.5857212147182082e-05 0.0013033127815289889 -0.00050704554028530957 0.0018501082255504926 -0.0059657440693081671 0.00023020579831482303 -0.00030728004273466525
leaf_weight=19379 1885 12999 2597 1222 51410 31239
leaf_count=19379 1885 12999 2597 1222 51410 31239
internal_value=-8.73927e-06 -0.000181887 5.47194e-05 2.82168e-05 5.12178e-05 2.97009e-05
internal_weight=120731 32378 88353 85756 84534 82649
internal_count=120731 32378 88353 85756 84534 82649
is_linear=0
shrinkage=0.05


Tree=229
num_leaves=7
num_cat=0
split_feature=6 4 3 1 2 3
split_gain=0.404096 0.405216 1.13309 1.08537 2.07946 1.55857
threshold=2.5000000000000004 0.79633176963641017 -13.381520166479516 47.500000000000007 4.5000000000000009 -36.798861614776875
decision_type=2 8 2 2 2 2
left_child=1 3 -3 5 -5 -1
right_child=-2 2 -4 4 -6 -7
leaf_value=-0.00018403286440757437 -0.0016699730523097593 -0.0011273777515602621 8.3852337499690744e-06 7.1926436737264831e-05 -0.0024814101526274097 0.0013458815845934875
leaf_weight=3809 1521 10809 74171 25333 1053 4471
leaf_count=3809 1521 10809 74171 25333 1053 4471
internal_value=-1.3907e-05 -3.59498e-06 -6.23651e-05 0.000140462 -1.62946e-05 0.000639709
internal_weight=121167 119646 84980 34666 26386 8280
internal_count=121167 119646 84980 34666 26386 8280
is_linear=0
shrinkage=0.05


Tree=230
num_leaves=7
num_cat=0
split_feature=5 3 1 3 4 2
split_gain=0.449533 0.966881 1.89585 1.00338 1.18491 0.851491
threshold=15.500000000000002 -20.677634383313414 20.500000000000004 -16.457180913699155 0.84471343734084958 3.5000000000000004
decision_type=2 2 2 2 10 2
left_child=-1 2 -2 4 -3 -4
right_child=1 3 5 -5 -6 -7
leaf_value=0.00011431337433067235 0.00086993008117035916 0.0042087592382893625 -0.00032819616556912639 -8.5563515900652744e-05 -0.00094737800822847966 -0.0023643554948777385
leaf_weight=61890 2428 1017 1357 51462 1056 1796
leaf_count=61890 2428 1017 1357 51462 1056 1796
internal_value=7.60142e-06 -9.1001e-05 -0.000716972 -2.56829e-05 0.00105149 -0.0015247
internal_weight=121006 59116 5581 53535 2073 3153
internal_count=121006 59116 5581 53535 2073 3153
is_linear=0
shrinkage=0.05


Tree=231
num_leaves=7
num_cat=0
split_feature=3 5 0 6 3 5
split_gain=0.42562 0.880802 0.969035 0.889338 0.812058 0.708587
threshold=15.073060259242775 19.500000000000004 100.50000000000001 1.0000000180025095e-35 24.736024392395915 31.500000000000004
decision_type=2 2 2 2 2 2
left_child=-1 2 -2 5 -5 -3
right_child=1 3 -4 4 -6 -7
leaf_value=6.403731174406044e-05 -0.0015681515820468292 -0.00077423467842884603 0.00081774399292260265 0.0031066278313287236 3.8355641610476826e-05 0.001433339270918983
leaf_weight=108118 2396 3836 1104 1366 2074 1752
leaf_count=108118 2396 3836 1104 1366 2074 1752
internal_value=2.12999e-05 -0.000254529 -0.000927248 6.64112e-06 0.000638605 -0.000382622
internal_weight=120646 12528 3500 9028 3440 5588
internal_count=120646 12528 3500 9028 3440 5588
is_linear=0
shrinkage=0.05


Tree=232
num_leaves=7
num_cat=0
split_feature=0 4 2 4 3 5
split_gain=0.615983 1.15692 1.05267 0.947368 1.11434 0.676438
threshold=25.500000000000004 0.50746611657112972 1.0000000180025095e-35 1.3675688197750497 33.857504482594521 7.5000000000000009
decision_type=2 10 2 10 2 2
left_child=2 -2 -1 4 5 -3
right_child=1 3 -4 -5 -6 -7
leaf_value=-2.339698564033234e-05 -0.00093128631518865775 0.00076757737722763409 -0.00062848882443993165 0.0014851690733395043 -0.0043537176518416276 9.4245428663246097e-06
leaf_weight=17565 1136 5511 8808 2218 1967 83743
leaf_count=17565 1136 5511 8808 2218 1967 83743
internal_value=-3.7123e-05 2.24666e-05 -0.000250778 4.17885e-05 1.69348e-05 4.29076e-05
internal_weight=120948 94575 26373 93439 91221 89254
internal_count=120948 94575 26373 93439 91221 89254
is_linear=0
shrinkage=0.05


Tree=233
num_leaves=7
num_cat=0
split_feature=4 2 5 0 3 4
split_gain=0.422322 1.4543 1.05867 1.76349 2.14797 1.98313
threshold=0.67848743297299696 5.5000000000000009 10.500000000000002 43.500000000000007 -19.351314110641098 0.60743474663531316
decision_type=8 2 2 2 2 10
left_child=1 2 3 4 -1 -5
right_child=-2 -3 -4 5 -6 -7
leaf_value=-0.0015772408067822518 -6.4354122504545774e-05 -0.001362565985998939 0.00063745799225908167 0.0023143562976977237 7.5743783177981407e-05 -0.00025099660741003532
leaf_weight=1136 102886 1592 4566 1064 8643 1039
leaf_count=1136 102886 1592 4566 1064 8643 1039
internal_value=-9.75882e-06 0.000213354 0.000353126 0.000104314 -0.000178354 0.00141603
internal_weight=120926 18040 16448 11882 9779 2103
internal_count=120926 18040 16448 11882 9779 2103
is_linear=0
shrinkage=0.05


Tree=234
num_leaves=7
num_cat=0
split_feature=0 3 5 5 0 4
split_gain=0.479896 1.11739 0.98085 0.807582 1.31913 0.762523
threshold=70.500000000000014 -22.088985960972533 7.5000000000000009 7.5000000000000009 87.500000000000014 0.75478948724811679
decision_type=2 2 2 2 2 8
left_child=1 2 -1 4 -2 -3
right_child=3 5 -4 -5 -6 -7
leaf_value=0.00035614505803520521 0.0022245321170346975 0.00027162603121080918 -0.00084132138963130109 0.00012163059139691085 -0.00019809707086497215 -0.00014601852480482114
leaf_weight=1438 1254 16947 3804 46709 1251 49578
leaf_count=1438 1254 16947 3804 46709 1251 49578
internal_value=-7.89467e-06 -9.03568e-05 -0.000792835 0.000112354 0.000986055 -3.49478e-05
internal_weight=120981 71767 5242 49214 2505 66525
internal_count=120981 71767 5242 49214 2505 66525
is_linear=0
shrinkage=0.05


Tree=235
num_leaves=7
num_cat=0
split_feature=4 0 5 5 3 3
split_gain=0.410186 0.852905 1.13132 1.011 1.78234 0.712308
threshold=0.75804553475369607 88.500000000000014 17.500000000000004 14.500000000000002 -21.015878712855308 -40.710666908665935
decision_type=8 2 2 2 2 2
left_child=1 2 3 5 -5 -1
right_child=-2 -3 -4 4 -6 -7
leaf_value=-0.00073075558003178002 -0.00013836944354715886 0.0017300862416277278 -0.0009586655256608016 -0.00040316522781977415 0.0027824643522430513 4.530015333642324e-05
leaf_weight=1050 92350 3177 1300 1061 1264 20584
leaf_count=1050 92350 3177 1300 1061 1264 20584
internal_value=-5.28197e-05 0.000113216 1.60295e-05 9.40983e-05 0.00108369 -1.24787e-05
internal_weight=120786 28436 25259 23959 2325 21634
internal_count=120786 28436 25259 23959 2325 21634
is_linear=0
shrinkage=0.05


Tree=236
num_leaves=7
num_cat=0
split_feature=0 4 4 3 5 4
split_gain=0.870642 0.717352 0.665307 0.631706 1.24168 0.961276
threshold=20.500000000000004 1.411614417114295 0.50746611657112972 18.134302513861829 33.500000000000007 1.1656899926146835
decision_type=2 8 10 2 2 10
left_child=-1 2 -2 -4 5 -5
right_child=1 -3 3 4 -6 -7
leaf_value=-0.0002641722900473225 -0.00080891982492801518 0.0015443321809135574 0.00011634071025373534 -0.0047524811157641025 0.0075649935884934049 -0.0005241139411173004
leaf_weight=21263 1484 1770 87720 1694 1001 5923
leaf_count=21263 1484 1770 87720 1694 1001 5923
internal_value=-1.59287e-05 4.60845e-05 2.80074e-05 4.42158e-05 -0.000364144 -0.000581869
internal_weight=120855 99592 97822 96338 8618 7617
internal_count=120855 99592 97822 96338 8618 7617
is_linear=0
shrinkage=0.05


Tree=237
num_leaves=7
num_cat=0
split_feature=2 0 5 3 3 3
split_gain=0.797957 1.19906 0.996997 0.870227 1.68167 0.788656
threshold=1.0000000180025095e-35 38.500000000000007 6.5000000000000009 -12.951944811740121 -18.721559222234045 2.6262606392670325
decision_type=2 2 2 2 2 2
left_child=5 3 -3 4 -2 -1
right_child=1 2 -4 -5 -6 -7
leaf_value=6.9912892987039759e-05 -0.00080483742287589281 0.00097428767374737246 -3.2919372433723938e-05 -0.00055758932812547551 0.00087305829931418456 0.00076199119171963751
leaf_weight=18027 1107 3040 74877 15050 2224 6770
leaf_count=18027 1107 3040 74877 15050 2224 6770
internal_value=-4.33645e-06 -6.94694e-05 1.6233e-05 -0.000432667 0.00029826 0.000248567
internal_weight=121095 96298 77917 18381 3331 24797
internal_count=121095 96298 77917 18381 3331 24797
is_linear=0
shrinkage=0.05


Tree=238
num_leaves=7
num_cat=0
split_feature=0 4 5 4 0 0
split_gain=0.534831 0.781921 0.874554 0.695505 1.20757 1.01202
threshold=27.500000000000004 0.50746611657112972 7.5000000000000009 0.67848743297299696 43.500000000000007 86.500000000000014
decision_type=2 10 2 10 2 2
left_child=-1 -2 -3 4 -4 -6
right_child=1 2 3 -5 5 -7
leaf_value=-0.00016595133345758054 -0.00095917937131222153 0.00093689646329182254 0.0012977189091661892 4.8850453806543436e-07 -0.00020438504785402821 0.0027446576491577286
leaf_weight=28395 1019 5373 1251 80914 3006 1026
leaf_count=28395 1019 5373 1251 80914 3006 1026
internal_value=2.31307e-06 6.05319e-05 7.58929e-05 3.72949e-05 0.000592851 0.000170918
internal_weight=120984 92589 91570 86197 5283 4032
internal_count=120984 92589 91570 86197 5283 4032
is_linear=0
shrinkage=0.05


end of trees

feature_importances:
legal_balls=432
wickets=335
runs_vs_par=228
run_rate_rel=210
runs_last_12=90
wickets_last_12=74
balls_remaining=65

parameters:
[boosting: gbdt]
[objective: quantile]
[metric: quantile]
[tree_learner: serial]
[device_type: cpu]
[data_sample_strategy: bagging]
[data: ]
[valid: ]
[num_iterations: 239]
[learning_rate: 0.05]
[num_leaves: 7]
[num_threads: 4]
[seed: 7]
[deterministic: 1]
[force_col_wise: 0]
[force_row_wise: 1]
[histogram_pool_size: -1]
[max_depth: -1]
[min_data_in_leaf: 1000]
[min_sum_hessian_in_leaf: 0.001]
[bagging_fraction: 0.8]
[pos_bagging_fraction: 1]
[neg_bagging_fraction: 1]
[bagging_freq: 1]
[bagging_seed: 17422]
[bagging_by_query: 0]
[feature_fraction: 0.8]
[feature_fraction_bynode: 1]
[feature_fraction_seed: 7040]
[extra_trees: 0]
[extra_seed: 6516]
[early_stopping_round: 0]
[early_stopping_min_delta: 0]
[first_metric_only: 0]
[max_delta_step: 0]
[lambda_l1: 0]
[lambda_l2: 5]
[linear_lambda: 0]
[min_gain_to_split: 0]
[drop_rate: 0.1]
[max_drop: 50]
[skip_drop: 0.5]
[xgboost_dart_mode: 0]
[uniform_drop: 0]
[drop_seed: 15215]
[top_rate: 0.2]
[other_rate: 0.1]
[min_data_per_group: 100]
[max_cat_threshold: 32]
[cat_l2: 10]
[cat_smooth: 10]
[max_cat_to_onehot: 4]
[top_k: 20]
[monotone_constraints: ]
[monotone_constraints_method: basic]
[monotone_penalty: 0]
[feature_contri: ]
[forcedsplits_filename: ]
[refit_decay_rate: 0.9]
[cegb_tradeoff: 1]
[cegb_penalty_split: 0]
[cegb_penalty_feature_lazy: ]
[cegb_penalty_feature_coupled: ]
[path_smooth: 0]
[interaction_constraints: ]
[verbosity: -1]
[saved_feature_importance_type: 0]
[use_quantized_grad: 0]
[num_grad_quant_bins: 4]
[quant_train_renew_leaf: 0]
[stochastic_rounding: 1]
[linear_tree: 0]
[max_bin: 255]
[max_bin_by_feature: ]
[min_data_in_bin: 3]
[bin_construct_sample_cnt: 200000]
[data_random_seed: 61]
[is_enable_sparse: 1]
[enable_bundle: 1]
[use_missing: 1]
[zero_as_missing: 0]
[feature_pre_filter: 1]
[pre_partition: 0]
[two_round: 0]
[header: 0]
[label_column: ]
[weight_column: ]
[group_column: ]
[ignore_column: ]
[categorical_feature: ]
[forcedbins_filename: ]
[precise_float_parser: 0]
[parser_config_file: ]
[objective_seed: 15521]
[num_class: 1]
[is_unbalance: 0]
[scale_pos_weight: 1]
[sigmoid: 1]
[boost_from_average: 1]
[reg_sqrt: 0]
[alpha: 0.9]
[fair_c: 1]
[poisson_max_delta_step: 0.7]
[tweedie_variance_power: 1.5]
[lambdarank_truncation_level: 30]
[lambdarank_norm: 1]
[label_gain: ]
[lambdarank_position_bias_regularization: 0]
[eval_at: ]
[multi_error_top_k: 1]
[auc_mu_weights: ]
[num_machines: 1]
[local_listen_port: 12400]
[time_out: 120]
[machine_list_filename: ]
[machines: ]
[gpu_platform_id: -1]
[gpu_device_id: -1]
[gpu_device_id_list: ]
[gpu_use_dp: 0]
[num_gpu: 1]

end of parameters

pandas_categorical:null
