tree
version=v4
num_class=1
num_tree_per_iteration=1
label_index=0
max_feature_idx=10
objective=cross_entropy
feature_names=legal_balls runs wickets runs_vs_par runs_last_12 wickets_last_12 opp_bat_strength own_bowl_strength crease_sr_idx crease_avg_idx crease_balls
monotone_constraints=-1 1 -1 1 0 0 0 0 0 0 0
feature_infos=[0:121] [0:344] [0:10] [-111.106157443:204.543028072] [0:63] [0:6] [4.6474044939999999:12.083706926] [0.738474678:1.2694601409999999] [0.60952400299999998:1.5237078850000001] [0.47753050899999999:2.6097224190000001] [0:120]
tree_sizes=1776 1775 1772 1785 1777 1770 1786 1770 1775 1781 1779 1778 1778 1778 1778 1783 1785 1777 1773 1792 1785 1785 1781 1776 1772 1779 1779 1777 1780 1783 1775 1786 1775 1784 1779 1787 1781 1774 1784 1771 1790 1782 1776 1782 1776 1789 1795 1787 1790 1790 1784 1789 1787 1791 1788 1793 1785 1781 1780 1786 1779 1787 1774 1788 1785 1783 1791 1795 1791 1787 1784 1786 1786 1793 1796 1797 1786 1782 1789 1779 1786 1797 1787 1791 1794 1795 1795 1794 1801 1803 1796 1798 1785 1785 1789 1796 1790 1778 1794 1793 1789 1796 1797 1796 1801 1796 1798 1797 1789 1791 1778 1796 1792 1791 1801 1802 1787 1799 1783 1789 1803 1806 1790 1801 1806 1798 1790 1807 1803 1793 1787 1799 1795 1802 1809 1796 1807

Tree=0
num_leaves=15
num_cat=0
split_feature=3 3 6 6 3 3 6 9 6 6 3 7 7 3
split_gain=26641.5 5423.79 5185.96 4355.75 2944.26 882.23 839.657 750.688 702.669 602.456 562.312 538.846 489.865 464.362
threshold=-2.2535691714999997 -22.511954662999997 7.4021490555000016 7.1447426835000014 11.783730474500002 5.1764481595000005 7.0991958325000004 0.85954095650000018 7.6815988030000009 8.0885510055000012 37.150595635500004 0.97455276950000014 0.97286009550000008 -12.386574613499999
decision_type=2 2 2 2 2 2 2 2 2 2 2 2 2 2
left_child=1 6 5 11 9 -2 12 -5 -9 -4 -6 -3 -1 -10
right_child=2 3 4 7 10 -7 -8 8 13 -11 -12 -13 -14 -15
leaf_value=-0.019381051843539537 0.028232852482751543 0.012277236490330202 0.011331784356762206 -0.037282656399504059 0.021848817972020297 0.048273293348151051 -0.045601435677100226 -0.0050331871868530744 -0.029677577082031316 -0.0025479488942754072 0.040514460445733223 -0.0039764894363199963 -0.040451022965833805 -0.016235987080258283
leaf_weight=1109.6188225522637 3281.6450872067362 2693.2259302400053 4576.877350429073 1855.2965670675039 6039.7643160130829 5087.6369870435447 6486.7518402151763 3366.9447865486145 3518.7458261102438 7293.2213432844728 1924.5481432192028 1882.4683992601931 1104.0609496962279 6828.8514405526221
leaf_count=6313 20120 15600 29404 10680 35609 29444 38511 22508 21497 42034 10583 11933 6421 41774
internal_value=-9.20155e-05 -0.0203617 0.0206392 -0.0118076 0.0122772 0.040437 -0.0401504 -0.0193811 -0.0169467 0.00280638 0.026382 0.0122772 -0.0241108 -0.0208189
internal_weight=57049.7 28846 28203.7 20145.5 19834.4 8369.28 8700.43 15569.8 13714.5 11870.1 7964.31 4575.69 2213.68 10347.6
internal_count=342431 175237 167194 123992 117630 49564 51245 96459 85779 71438 46192 27533 12734 63271
is_linear=0
shrinkage=1


Tree=1
num_leaves=15
num_cat=0
split_feature=3 3 6 6 3 3 6 8 7 3 6 6 7 7
split_gain=24950.3 5141.85 4795.98 3959.58 2735.34 837.676 834.415 752.741 947.465 586.78 558.648 524.029 490.457 468.544
threshold=-2.2535691714999997 -21.700298582499997 7.4021490555000016 7.1447426835000014 11.440708443500002 5.1764481595000005 7.0991958325000004 1.0735097085000003 1.0432601405000004 29.904234094000007 8.4927381450000023 8.4442016290000019 0.97286009550000008 0.97455276950000014
decision_type=2 2 2 2 2 2 2 2 2 2 2 2 2 2
left_child=1 6 5 13 10 -2 12 8 11 -6 -4 -5 -1 -3
right_child=2 3 4 7 9 -7 -8 -9 -10 -11 -12 -13 -14 -15
leaf_value=-0.018223626449777441 0.027291292411171977 0.012120050423792342 0.0085197945537663633 -0.013412895024690905 0.019539155713853566 0.046849684108814509 -0.043455844751258153 -0.0061473912992583849 -0.03818205492188733 0.036486587976488363 -0.0046957850640179065 -0.028494228196191261 -0.03872884519578617 -0.0032729755729816587
leaf_weight=1146.4821347501129 3265.4080216474831 2628.6615042835474 6742.1166814398021 6752.1435828562826 5226.1839848458767 5083.9755394048989 6813.084125475958 3564.3660025503486 1907.7758061662316 2857.3477324787527 5016.8535181935877 3001.5546852629632 1146.4557749722153 1840.7719249166548
leaf_count=6521 20039 15205 42557 44014 31005 29449 40597 21661 11182 15962 28201 17643 6735 11690
internal_value=9.09898e-05 -0.0195456 0.020152 -0.0109216 0.0121201 0.0392214 -0.0381821 -0.0182236 -0.0219105 0.0255485 0.00288189 -0.0180662 -0.0224514 0.0121201
internal_weight=56993.2 28801.3 28191.9 19695.3 19842.5 8349.38 9106.02 15225.8 11661.5 8083.53 11759 9753.7 2292.94 4469.43
internal_count=342461 175248 167213 121395 117725 49488 53853 94500 72839 46967 70758 61657 13256 26895
is_linear=0
shrinkage=0.03


Tree=2
num_leaves=15
num_cat=0
split_feature=3 6 3 6 3 3 3 3 8 6 4 6 6 6
split_gain=23348.2 4879.48 4333.94 4060.46 2938.62 983.184 838.652 721.344 509.022 495.933 418.416 400.587 396.378 362.546
threshold=-3.4239885464999995 7.4021490555000016 -29.670302860999996 7.1447426835000014 7.4403174610000002 6.4798032340000011 -12.608022807999999 29.904234094000007 0.94185332100000008 8.305223177000002 7.5000000000000009 8.2202161590000014 6.8807465745000007 7.0991958325000004
decision_type=2 2 2 2 2 2 2 2 2 2 2 2 2 2
left_child=2 5 13 10 8 12 -5 11 -3 -10 -4 -6 -2 -1
right_child=1 4 3 6 7 -7 -8 -9 9 -11 -12 -13 -14 -15
leaf_value=-0.030618467303511785 0.036338331271413712 -0.014083171446620649 -0.007245987256535069 -0.028530036962564786 0.025010859883325333 0.04616826023498527 -0.014881977538484798 0.034680727265714514 0.0092617482656969213 -0.0043790922318248044 0.01032577538282059 0.010881869690553872 0.017811576200849753 -0.04823933188809891
leaf_weight=1455.4880216419697 1903.9262893758714 1301.0846596062183 1220.9845363926142 7649.4126350302249 3149.4607842974365 4719.0977804660797 8660.3515670523047 2850.0826132856309 4472.224604498595 5162.5585927236825 3702.7633198797703 4259.0960557740182 2325.1601443216205 4164.3447671346366
leaf_count=8125 10507 7284 7095 47439 19989 27373 53788 15934 29079 29564 22586 24144 15396 24117
internal_value=5.13294e-05 0.0181731 -0.0202898 -0.0140832 0.0103258 0.0367438 -0.0212898 0.0218552 -0.000494669 0.00195416 0.00978598 0.0169011 0.0261853 -0.043707
internal_weight=56996 30142.7 26853.3 21233.5 21194.5 8948.18 16309.8 10258.6 10935.9 9634.78 4923.75 7408.56 4229.09 5619.83
internal_count=342420 179270 163150 130908 125994 53276 101227 60067 65927 58643 29681 44133 25903 32242
is_linear=0
shrinkage=0.03


Tree=3
num_leaves=15
num_cat=0
split_feature=3 3 3 7 7 7 3 3 8 1 7 8 3 3
split_gain=21919.7 5136.41 2754.99 1247.44 1221.38 982.009 908.849 595.284 501.268 444.789 438.618 370.146 332.833 325.615
threshold=-1.1877476819999997 -20.544594178499995 14.003472414500001 1.0442845620000003 0.97373885250000014 0.98975807350000011 -32.407366224999997 -10.222850553999999 1.0886174285000003 40.500000000000007 1.0629504340000002 1.0405031505000002 47.368669263000008 2.7338615270000006
decision_type=2 2 2 2 2 2 2 2 2 2 2 2 2 2
left_child=1 6 4 7 13 -4 -1 9 -5 -3 11 -6 -7 -2
right_child=2 3 5 8 10 12 -8 -9 -10 -11 -12 -13 -14 -15
leaf_value=-0.044636471538469454 0.014213059907484244 -0.022446365653227607 0.042927156631469884 -0.026231331639525731 0.0024172609437912197 0.022123024942232936 -0.026231331639525731 -0.00058349559123176001 -0.0087340572210102916 -0.0064193302110154647 -0.00058349559123176001 0.016598647825134139 0.039630090530236368 0.027584991943990136
leaf_weight=4684.8862708546221 2794.473374241963 2392.9325939882547 4519.4484548065811 2454.8710109535605 3173.4670136328787 4553.8068622238934 5050.1809472367167 10151.166895873845 1558.2860261909664 4469.5501016322523 2543.7831457071006 3464.6799389962107 1050.814358625561 4028.9169706013054
leaf_count=26737 16270 14656 25437 14425 21260 27066 31073 63340 8843 28278 14051 21797 5732 23246
internal_value=6.48576e-05 -0.0170961 0.0202677 -0.00875107 0.0125139 0.0325137 -0.035107 -0.00519868 -0.0237861 -0.0120202 0.00536494 0.00982594 0.0240857 0.022123
internal_weight=56891.3 30761.9 26129.4 21026.8 16005.3 10124.1 9735.07 17013.6 4013.16 6862.48 9181.93 6638.15 5604.62 6823.39
internal_count=342211 187352 154859 129542 96624 58235 57810 106274 23268 42934 57108 43057 32798 39516
is_linear=0
shrinkage=0.03


Tree=4
num_leaves=15
num_cat=0
split_feature=3 6 3 6 3 3 3 6 6 3 8 8 9 9
split_gain=20720.4 4596.93 3885.99 3763.58 3087.22 739.384 663.611 658.937 636.071 510.628 421.085 372.466 356.38 341.657
threshold=-3.5723957689999994 7.1447426835000014 -29.670302860999996 7.1447426835000014 7.4403174610000002 -12.608022807999999 37.150595635500004 7.7224368620000012 7.7398744825000003 3.9739124415000004 1.0239010660000003 0.98840852400000012 1.3899082015000002 1.0140505730000002
decision_type=2 2 2 2 2 2 2 2 2 2 2 2 2 2
left_child=2 9 -1 13 8 -5 7 -6 11 -2 -7 -3 -10 -4
right_child=1 4 3 5 6 10 -8 -9 12 -11 -12 -13 -14 -15
leaf_value=-0.041604134577120387 0.028281014938637647 -0.0020555789553279497 0.00042783853446234167 -0.027211515047611046 0.032255595912005344 -0.02033316010318436 0.037309654147274419 0.013866784670762649 -0.0068593097021973359 0.045571119432843671 -0.0068593097021973359 0.013866784670762649 0.0074452425022498107 0.010713054587197086
leaf_weight=5596.8442393727601 2523.593462754041 1401.9798744674772 2955.824390552938 7643.1850909590721 2354.6934186313301 4679.7836516145617 2085.5182540118694 6903.0941804088652 7031.005463887006 4085.9017314705998 3778.7260741218925 1999.4120317026973 1974.2577164042741 1896.8367362748832
leaf_count=32297 14885 8769 17688 47506 15316 28982 11622 40379 42463 22812 23677 13386 11249 11584
internal_value=-5.13512e-05 0.0168759 -0.019406 -0.0134684 0.0107131 -0.0204467 0.0220212 0.0185588 0.000369436 0.0389959 -0.0143215 0.0114124 -0.00380566 0.00968362
internal_weight=56910.7 30359.5 26551.2 20954.4 23750 16101.7 11343.3 9257.79 12406.7 6609.5 8458.51 3401.39 9005.26 4852.66
internal_count=342615 180881 161734 129437 143184 100165 67317 55695 75867 37697 52659 22155 53712 29272
is_linear=0
shrinkage=0.03


Tree=5
num_leaves=15
num_cat=0
split_feature=3 3 3 7 7 7 3 3 8 10 1 8 3 7
split_gain=19677.3 3752.96 3491.45 1224.67 1177.96 1060.78 607.967 599.98 544.016 490.33 404.94 403.15 343.522 231.546
threshold=-4.1145006864999987 7.4403174610000002 -30.988200826999996 0.97770242650000017 1.0503263660000002 1.0442845620000003 -18.438433096499995 37.150595635500004 1.0886174285000003 17.500000000000004 48.500000000000007 1.0169892265000002 20.208611482500004 0.9652546525000002
decision_type=2 2 2 2 2 2 2 2 2 2 2 2 2 2
left_child=2 4 -1 12 9 6 10 -5 -7 11 -4 13 -3 -2
right_child=1 3 5 7 -6 8 -8 -9 -10 -11 -12 -13 -14 -15
leaf_value=-0.04165361362022385 0.0047420523174474547 0.030772629166512896 -0.032814762717720013 0.01570611124715832 -0.010275923807155855 -0.036800366918808114 -0.010275923807155855 0.034767762398878424 -0.011992231350290603 0.01570611124715832 -0.014730035371733024 0.012186409216349808 0.045376097025535564 -0.010169558331524976
leaf_weight=5101.5347938481718 2081.5195158310235 3202.0720937475562 1666.7717101145536 6817.8191110622138 3153.7106060627848 2427.6386658567935 11851.571722028777 1903.882683923468 1191.9195906892419 6037.2984354887158 3396.3947900310159 3479.7643163911998 2752.8157505150884 1696.6963213458657
leaf_count=29428 12105 18548 10100 41616 17779 14133 74220 10785 6760 37749 21553 20960 15024 11282
internal_value=9.96121e-06 0.0160392 -0.0194511 0.027065 0.00619616 -0.0139263 -0.0107662 0.0198847 -0.0286589 0.0101058 -0.0207099 0.00482662 0.0375559 -0.00195895
internal_weight=56761.4 31125.6 25635.8 14676.6 16449 20534.3 16914.7 8721.7 3619.56 13295.3 5063.17 7257.98 5954.89 3778.22
internal_count=342042 185848 156194 85973 99875 126766 105873 52401 20893 82096 31653 44347 33572 23387
is_linear=0
shrinkage=0.03


Tree=6
num_leaves=15
num_cat=0
split_feature=3 3 6 6 7 8 3 6 7 6 6 3 10 3
split_gain=18513.3 5022.67 4117.34 3174.34 931.129 913.428 816.033 806.231 678.205 593.035 544.096 424.01 333.985 329.553
threshold=0.14267513300000004 -20.914938172499998 7.1447426835000014 7.1447426835000014 0.97455276950000014 1.0169892265000002 29.904234094000007 7.0991958325000004 1.0432601405000004 7.8558887275000009 8.4442016290000019 -33.937520974499996 25.500000000000004 -12.386574613499999
decision_type=2 2 2 2 2 2 2 2 2 2 2 2 2 2
left_child=1 7 4 -2 -3 8 -5 -1 10 -7 12 -9 -4 -11
right_child=3 2 5 6 -6 9 -8 11 -10 13 -12 -13 -14 -15
leaf_value=-0.019815028108468122 0.041616843616272152 0.020580008752269747 -0.016492413098776477 0.016226722421401565 -8.3180839701326091e-05 0.0066178939084477004 0.032085926986978236 -0.04632100067314298 -0.032705300060744409 -0.024973557458058401 -0.028396882398318495 -0.032705300060744409 -0.0015160715339616305 -0.0077974179414891775
leaf_weight=2371.3863681573421 5115.2206987794489 3164.9428585916758 4046.9018028452992 15136.467688685283 2201.071206793189 2287.3199218213558 3096.3662328179926 3082.0553593393415 1448.0256997290999 1248.0847897864878 2411.9693886768073 4028.7713196799159 2004.1105326376855 5134.7409969419241
leaf_count=13837 29067 18248 26108 91995 13846 15234 17633 17907 8296 7832 13826 24965 12938 30853
internal_value=8.43843e-05 -0.0142313 -0.00691096 0.02058 0.0162267 -0.0135954 0.0162267 -0.0327053 -0.019815 -0.00647832 -0.0163564 -0.0378089 -0.0115376 -0.0111729
internal_weight=56777.4 33429.4 23947.2 23348.1 5366.01 18581.2 18232.8 9482.21 9911.01 8670.15 8462.98 7110.83 6051.01 6382.83
internal_count=342585 203890 147181 138695 32094 115087 109628 56709 61168 53919 52872 42872 39046 38685
is_linear=0
shrinkage=0.03


Tree=7
num_leaves=15
num_cat=0
split_feature=3 6 3 6 3 3 6 6 6 9 7 3 7 7
split_gain=17429.1 4102.23 3549.81 3173.64 2200.35 699.2 691.024 574.171 536.098 519.952 457.076 520.596 382.837 356.952
threshold=-2.8649681099999995 7.4021490555000016 -22.511954662999997 7.1447426835000014 11.783730474500002 5.1764481595000005 7.0991958325000004 7.6815988030000009 8.4927381450000023 1.0000014820000003 1.0756424630000001 29.904234094000007 0.96673862550000011 0.97286009550000008
decision_type=2 2 2 2 2 2 2 2 2 2 2 2 2 2
left_child=2 5 6 -4 8 12 13 -5 -3 -9 11 -6 -2 -1
right_child=1 4 3 7 10 -7 -8 9 -10 -11 -12 -13 -14 -15
leaf_value=-0.016584916399468599 0.032461607396248947 0.0065195022950526611 0.0089353552038219878 -0.0064807038207989626 0.01915612536665251 0.040896183479359909 -0.038096019274689578 -0.029465886610446971 -0.0059444736961330995 -0.015480430240355302 0.007979837145930568 0.037911066779811042 0.012655886924903489 -0.033959281460107925
leaf_weight=1089.8483973126858 1929.3916507288814 7288.5861429646611 4317.7970080021769 3768.7163976449519 4086.9132750872523 5001.3696617595851 6383.2474299892783 3570.5100506395102 5404.3079447131604 7320.9903305768967 1771.8809967432171 1989.996309094131 1627.5566492266953 1089.2986237388104
leaf_count=6227 11194 46065 25962 24924 24748 29572 38592 21587 30384 44713 9616 11588 10767 6418
internal_value=2.17024e-05 0.0162099 -0.017083 -0.00984389 0.00893536 0.0336548 -0.033113 -0.0165849 0.00121241 -0.0200766 0.021416 0.0253239 0.0234296 -0.0184628
internal_weight=56640.4 29100 27540.4 18978 20541.7 8558.32 8562.39 14660.2 12692.9 10891.5 7848.79 6076.91 3556.95 2179.15
internal_count=342357 173934 168423 117186 122401 51533 51237 91224 76449 66300 45952 36336 21961 12645
is_linear=0
shrinkage=0.03


Tree=8
num_leaves=15
num_cat=0
split_feature=4 6 9 6 6 4 7 2 8 8 6 8 6 9
split_gain=8573.8 3870.46 2823.42 2399.57 1540.11 1313.7 959.96 889.788 623.513 600.507 502.561 498.962 460.651 447.974
threshold=13.500000000000002 7.1447426835000014 1.0215626255000003 7.1447426835000014 7.1447426835000014 21.500000000000004 0.97286009550000008 4.5000000000000009 1.0669733795 0.92811756800000011 8.4927381450000023 1.0405031505000002 8.4012331315000015 1.0022925595000001
decision_type=2 2 2 2 2 2 2 2 2 2 2 2 2 2
left_child=2 13 4 -4 6 7 -1 11 -5 -6 -10 12 -3 -2
right_child=1 5 3 8 9 -7 -8 -9 10 -11 -12 -13 -14 -15
leaf_value=0.0083476879028893392 0.023167829470520235 0.0039526503588589793 0.02458753462127548 -0.014156518093400095 -0.037852825693796617 0.016248627886497734 -0.020827195042071752 -0.012986358529623513 0.0095094619174179267 -0.022232097611675765 -0.0089230978548565116 0.010766109737864002 -0.012986358529623513 0.039225976093977967
leaf_weight=2036.4755984004587 2831.2014411035925 4038.2124629784375 2435.3337002173066 6669.1582218632102 3641.006679944694 7170.046788059175 2014.6397111807019 3345.6478974707425 2469.7214861549437 5745.7553981281817 2876.1304876357317 5816.500424284488 1765.0607012119144 3580.4578066337854
leaf_count=11798 16973 26758 14231 41630 19557 43628 11925 20221 15535 37364 16159 34947 10388 20685
internal_value=8.67555e-05 0.0116432 -0.0117427 -0.00253584 -0.0216386 0.00569482 -0.00616891 0.000634676 -0.00804144 -0.0283081 -0.000406541 0.00456044 -0.00166329 0.0321587
internal_weight=56435.3 28547.1 27888.2 14450.3 13437.9 22135.5 4051.12 14965.4 12015 9386.76 5345.85 11619.8 5803.27 6411.66
internal_count=341799 173600 168199 87555 80644 135942 23723 92314 73324 56921 31694 72093 37146 37658
is_linear=0
shrinkage=0.03


Tree=9
num_leaves=15
num_cat=0
split_feature=3 3 3 7 7 7 3 3 1 7 8 8 3 1
split_gain=15913.2 3802.37 2072.64 1067.83 979.372 951.235 772.96 525.179 445.183 429.345 368.25 334.751 310.34 275.038
threshold=-1.1877476819999997 -20.544594178499995 11.783730474500002 1.0470977000000004 1.0629504340000002 0.98975807350000011 -33.145216774999987 -10.222850553999999 39.500000000000007 0.97373885250000014 1.0405031505000002 1.0886174285000003 37.150595635500004 49.500000000000007
decision_type=2 2 2 2 2 2 2 2 2 2 2 2 2 2
left_child=1 6 4 7 9 -4 -1 8 -3 -2 -11 -5 -7 -8
right_child=2 3 5 11 -6 12 13 -9 -10 10 -12 -13 -14 -15
leaf_value=-0.039584709700913025 0.018854003499152939 -0.021189134455645384 0.036745680348809102 -0.022432358840819462 -0.0042553425755584365 0.01507412698703714 -0.034452550566134839 5.2384318512304278e-05 -0.0051390609102566079 5.2384318512304278e-05 0.014829226073318592 -0.0081573285819090853 0.030128784089261437 -0.022432358840819462
leaf_weight=4362.6093066968024 6239.4947894793004 2364.9745791386813 5023.0668644569814 2313.8063752707094 2301.4925097543746 4554.4386861547828 1725.6284591127187 10253.417686069384 4538.5880294106901 2949.5905677415431 3108.8341777957976 1493.026727495715 1699.1115371156484 3499.7863314244896
leaf_count=25509 36490 14539 28990 13545 12682 27445 10380 64240 28813 19784 19570 8430 9732 22123
internal_value=5.20181e-05 -0.0146086 0.0173613 -0.00744778 0.00989397 0.0270202 -0.0302533 -0.00425534 -0.0106487 0.0133318 0.00763362 -0.0218113 0.0191853 -0.0224324
internal_weight=56427.9 30551.8 25876 20963.8 14599.4 11276.6 9588.02 17157 6903.56 12297.9 6058.42 3806.83 6253.55 5225.41
internal_count=342272 187579 154693 129567 88526 66167 58012 107592 43352 75844 39354 21975 37177 32503
is_linear=0
shrinkage=0.03


Tree=10
num_leaves=15
num_cat=0
split_feature=3 6 6 3 3 3 3 9 3 7 6 7 7 8
split_gain=15170.3 3958.83 2911.19 2185.52 1735.13 1493.64 767.287 570.873 541.664 497.5 492.189 454.225 423.673 425.794
threshold=-4.1145006864999987 7.4021490555000016 7.1447426835000014 7.4403174610000002 -27.355080739999995 -30.988200826999996 5.1764481595000005 0.89578127850000011 29.904234094000007 0.97455276950000014 8.0885510055000012 0.97133715500000017 1.0503263660000002 1.0169892265000002
decision_type=2 2 2 2 2 2 2 2 2 2 2 2 2 2
left_child=2 6 5 12 -4 -1 -2 -6 11 -7 -9 -5 13 -3
right_child=1 3 4 8 7 9 -8 10 -10 -11 -12 -13 -14 -15
leaf_value=-0.026743723769409995 0.021220405281849992 -0.0055871603160683285 -0.039157940069118699 0.024193690220656511 -0.0301254006902133 0.0071743932939552146 0.038781313439155446 -0.008353243870587921 0.028575648820441189 -0.0079392375961282007 -0.020639378555178649 0.0080764322081700729 -0.008353243870587921 0.0076295382140807036
leaf_weight=1389.8885423578322 4158.6206778604537 3956.357936790213 4545.5931253898889 2275.9549856167287 2796.4406011663377 2795.5729698762298 4912.282703500241 5402.5635392349213 2796.5031311418861 2002.6915839444846 6447.7837071102113 5104.9273483939469 2818.8446077872068 4912.0377558097243
leaf_count=7892 25758 24681 27567 13049 16538 16190 29461 35984 15993 12836 39216 31193 15755 30151
internal_value=-1.235e-05 0.0140901 -0.0172007 0.00717439 -0.0229687 0.00069258 0.0307465 -0.0179327 0.0173348 0.00717439 -0.015044 0.0130593 -0.00167702 0.00173349
internal_weight=56316.1 30935.5 25380.5 21864.6 19192.4 6188.15 9070.9 14646.8 10177.4 4798.26 11850.3 7380.88 11687.2 8868.4
internal_count=342264 186041 156223 130822 119305 36918 55219 91738 60235 29026 75200 44242 70587 54832
is_linear=0
shrinkage=0.03


Tree=11
num_leaves=15
num_cat=0
split_feature=3 6 3 6 3 3 8 6 7 6 8 7 7 8
split_gain=14285.3 3448.55 3216.44 3140.25 1656.05 873.596 802.75 670.604 480.63 475.773 395.425 432.508 384.988 363.172
threshold=-2.3758008559999992 7.7224368620000012 -29.670302860999996 7.1447426835000014 19.696712776000002 6.4798032340000011 0.86768323550000015 8.4442016290000019 1.0442845620000003 6.8807465745000007 1.0787554880000003 0.97133715500000017 1.0756424630000001 1.0219634165000002
decision_type=2 2 2 2 2 2 2 2 2 2 2 2 2 2
left_child=2 5 -1 -4 10 9 -5 8 -8 -2 11 -3 -6 -11
right_child=1 4 3 6 12 -7 7 -9 -10 13 -12 -13 -14 -15
leaf_value=-0.035851753270027334 0.031950387470123985 0.0052365576652415079 0.0063021769247423596 -0.035851753270027334 0.027853911818558692 0.035160164349895717 -0.0070523866651269473 -0.022400342106666554 -0.024533751605581088 0.0063021769247423596 0.0068599168024164221 -0.0070523866651269473 0.0078623568699361743 0.024312857154780518
leaf_weight=5419.5695060864091 1641.5275058466941 2977.3267110753804 5302.1934793349355 974.90444771200418 3100.9908888507634 6349.5243988428265 8515.5003534797579 6329.046782264486 1694.8066101260483 2177.3339872546494 5202.8776004407555 3933.0625476147979 1209.5866707265377 1422.9957090336829
leaf_count=32311 9212 17683 32049 5059 18324 38942 56987 37224 10479 14131 29417 24965 6459 9373
internal_value=-2.8333e-05 0.015148 -0.015086 -0.0101467 0.00630218 0.0276734 -0.0163646 -0.0147287 -0.0099647 0.0185798 0.000616753 -0.00408533 0.0222597 0.0124477
internal_weight=56251.2 28015.2 28236 22816.5 16423.8 11591.4 17514.3 16539.4 10210.3 5241.86 12113.3 6910.39 4310.58 3600.33
internal_count=342615 168506 174109 141798 96848 71658 109749 104690 67466 32716 72065 42648 24783 23504
is_linear=0
shrinkage=0.03


Tree=12
num_leaves=15
num_cat=0
split_feature=3 6 3 6 3 3 7 3 7 9 6 7 6 3
split_gain=13599.7 3855.14 2505.71 2343.65 1390.12 852.913 636.385 722.274 499.369 497.553 479.217 468.087 455.693 449.325
threshold=-5.6506071024999995 7.1447426835000014 5.8196353055000012 7.1447426835000014 -30.988200826999996 -34.741526003499992 1.0756424630000001 28.977048818000004 0.97455276950000014 0.85954095650000018 8.4442016290000019 1.0503263660000002 8.1007532160000029 6.2642514665000002
decision_type=2 2 2 2 2 2 2 2 2 2 2 2 2 2
left_child=3 8 11 5 -5 -1 7 12 -2 -6 -11 -3 -4 -10
right_child=1 2 6 4 9 -7 -8 -9 13 10 -12 -13 -14 -15
leaf_value=-0.028304684067709265 0.038237411984799338 0.0011002002382802642 0.023435731069650911 -0.039773633896520041 -0.032338142625562179 -0.0018776583558906168 0.003014977414374832 0.034859896480296498 0.01043413547950022 -0.011586042973574601 -0.024057699280730642 -0.011586042973574601 0.0087222804350166709 0.035158208768318593
leaf_weight=1102.6189971230924 4410.8469495754689 10530.415315736085 3605.1679304651916 3564.6223626341671 2065.0079768709838 4586.6654294300824 2419.3059778157622 2312.1187914405018 1457.2882314454764 7274.3785583674908 4496.4573087897152 2977.4863056130707 4006.5826624818146 1216.0197965633124
leaf_count=6242 25175 66172 24290 21725 12176 27739 13239 13893 9062 48154 26739 16798 23189 7484
internal_value=5.18076e-05 0.0124269 0.00705088 -0.0175989 -0.0230704 -0.00187766 0.0168187 0.0201807 0.032026 -0.0187542 -0.0163584 -0.00187766 0.0157018 0.0217251
internal_weight=56025 32935.2 25851.1 23089.8 17400.5 5689.28 12343.2 9923.87 7084.15 13835.8 11770.8 13507.9 7611.75 2673.31
internal_count=342077 199302 157581 142775 108794 33981 74611 61372 41721 87069 74893 82970 47479 16546
is_linear=0
shrinkage=0.03


Tree=13
num_leaves=15
num_cat=0
split_feature=4 6 6 9 9 1 7 8 6 8 8 6 6 7
split_gain=6677.35 3009.08 2560.47 2212.72 1528.55 972.664 879.331 867.633 681.966 609.781 547.992 477.584 439.267 399.565
threshold=14.500000000000002 7.1447426835000014 7.1447426835000014 1.0215626255000003 1.0706280435000002 143.50000000000003 0.97286009550000008 1.0190363215 7.8558887275000009 0.92504933000000011 1.0708467625000002 8.4927381450000023 8.0885510055000012 1.0432601405000004
decision_type=2 2 2 2 2 2 2 2 2 2 2 2 2 2
left_child=2 -2 4 9 6 7 -1 13 -9 -4 12 -12 -5 -3
right_child=1 5 3 10 -6 -7 -8 8 -10 -11 11 -13 -14 -15
leaf_value=0.0095327114840597672 0.030773608020104926 -0.0024113320852452553 -0.034571167450288098 -0.0040491869301213651 0.027121287526660817 0.020453795752787406 -0.015946928740883867 0.020453795752787406 0.0039385356356923815 -0.019186580226800257 0.010140760630742943 -0.0071063446248033294 -0.018475186063494197 -0.023384773680956188
leaf_weight=2480.2904060725123 5623.8065961562097 5832.286210289225 3663.085820408538 3687.5567602962255 2203.3156049363315 3410.4889828469604 2387.788019368425 2426.2806216422468 7074.7240689303726 6394.9355755895376 2645.2740494292229 3172.3169474396855 3920.9674929697067 946.08140207268298
leaf_count=14578 33740 37570 20099 24414 12766 20971 14494 16003 41594 42250 16606 17871 23572 5671
internal_value=3.61365e-05 0.0114297 -0.00940313 -0.0141679 0.00641941 0.00589825 -0.00296857 0.00284355 0.00869155 -0.024804 -0.00619369 0.000737934 -0.0114907 -0.00535375
internal_weight=55869.2 25313.7 30555.5 23484.1 7071.39 19689.9 4868.08 16279.4 9501 10058 13426.1 5817.59 7608.52 6778.37
internal_count=342199 155549 186650 144812 41838 121809 29072 100838 57597 62349 82463 34477 47986 43241
is_linear=0
shrinkage=0.03


Tree=14
num_leaves=15
num_cat=0
split_feature=3 3 6 6 3 6 9 3 9 1 6 1 6 6
split_gain=12380.8 3578.08 2648.22 2294.78 768.996 627.483 494.924 427.362 311.679 292.191 248.931 197.118 174.718 197.455
threshold=1.0000000180025095e-35 -18.438433096499995 7.1447426835000014 7.1447426835000014 -32.407366224999997 7.651832422500001 1.3965874115000003 37.150595635500004 1.0049779300000001 40.500000000000007 8.4927381450000023 53.500000000000007 7.6815988030000009 7.2770508370000009
decision_type=2 2 2 2 2 2 2 2 2 2 2 2 2 2
left_child=1 4 8 -2 -1 -6 12 -5 9 -3 -8 -7 13 -4
right_child=3 2 6 7 5 11 10 -9 -10 -11 -12 -13 -14 -15
leaf_value=-0.035628255242298262 0.035608343287120564 -0.0039968302783364579 -0.01049480018035882 0.014478237510472121 -0.01049480018035882 -0.035628255242298262 0.01408027582940468 0.030465878766412893 0.016859554067424818 0.016246160639514874 -0.0059359013587410303 -0.022054150806854453 -0.01049480018035882 0.0008123502969133821
leaf_weight=4435.9853693302721 4916.8241590484977 1314.0603096131235 904.11097338795662 16186.672439208254 2686.6633815765381 1325.1165158618242 1065.0034240186214 2019.5838095098734 2358.5300088785589 1246.3635929115117 1167.0573178883642 2225.0422123409808 10786.822872526944 3147.4642623607069
leaf_count=26907 29232 7765 6437 98876 16962 8199 6639 11735 14331 7525 6655 14135 66389 20534
internal_value=6.44428e-05 -0.0118263 -0.0049064 0.0168596 -0.0260747 -0.0192565 -0.0104948 0.0144782 0.0144782 0.00586951 0.00362472 -0.027635 -0.0104948 -0.00305079
internal_weight=55785.3 32662.2 21989.4 23123.1 10672.8 6236.82 17070.5 18206.3 4918.95 2560.42 2232.06 3550.16 14838.4 4051.58
internal_count=342321 202478 136275 139843 66203 39296 106654 110611 29621 15290 13294 22334 93360 26971
is_linear=0
shrinkage=0.03


Tree=15
num_leaves=15
num_cat=0
split_feature=3 3 3 4 3 3 9 9 2 3 10 1 10 3
split_gain=11687.3 2721.33 2132.16 561.634 550.37 378.853 314.911 266.175 223.887 220.582 212.931 189.703 133.731 130.119
threshold=-5.5010255939999988 11.440708443500002 -30.988200826999996 9.5000000000000018 2.7338615270000006 37.150595635500004 1.0140505730000002 1.3591108915000001 3.5000000000000004 -15.159322535999999 20.500000000000004 83.500000000000014 26.500000000000004 -14.106869094499997
decision_type=2 2 2 2 2 2 2 2 2 2 2 2 2 2
left_child=2 4 11 6 7 8 -4 12 -3 -5 -11 -1 -2 -8
right_child=1 5 3 9 -6 -7 13 -9 -10 10 -12 -13 -14 -15
leaf_value=-0.037639320245183315 -0.00045608272289410646 0.023683989374199455 -0.024590391361598865 -0.012348371923634622 0.01155605251961246 0.033194000437654025 -0.018523800720512181 0.01038742170968979 0.013111384826724384 -0.010443659988626062 -0.00045608272289410646 -0.024590391361598865 0.0063635322738328209 -0.006793560835743782
leaf_weight=3532.9913155902177 8219.7592700403184 5816.981081398204 3516.9490439817309 4746.4113363027573 7969.5969048403203 2781.0965174902231 1493.4527830593288 2505.8194632995874 2645.2694155275822 2666.1611002180725 3848.6165649909526 1286.533017097041 2582.9714198485017 1992.4158471822739
leaf_count=21460 50546 35612 21422 30391 48780 16081 9373 14725 15950 16650 24433 8090 16365 12150
internal_value=4.75975e-05 0.0116344 -0.0162755 -0.011586 0.00532377 0.0235695 -0.0182557 0.00158874 0.0203887 -0.00743209 -0.00384355 -0.0340166 -0.000456083 -0.0118385
internal_weight=55605 32521.5 23083.5 18264 21278.1 11243.3 7002.82 13308.6 8462.25 11261.2 6514.78 4819.52 10802.7 3485.87
internal_count=342028 198059 143969 114419 130416 67643 42945 81636 51562 71474 41083 29550 66911 21523
is_linear=0
shrinkage=0.03


Tree=16
num_leaves=15
num_cat=0
split_feature=3 3 6 6 6 9 6 7 3 7 9 3 7 9
split_gain=11213.2 3337.46 2723.56 2030.43 769.777 617.654 579.796 504.865 418.265 407.432 343.858 291.052 258.111 257.22
threshold=0.29168799000000006 -18.438433096499995 7.1447426835000014 7.0874746610000008 7.0991958325000004 0.85954095650000018 7.6815988030000009 0.97455276950000014 -32.407366224999997 0.97286009550000008 1.3537362350000002 37.150595635500004 1.0667395255000003 1.2129755410000003
decision_type=2 2 2 2 2 2 2 2 2 2 2 2 2 2
left_child=1 4 7 -2 9 -4 13 -3 -6 -1 12 -5 -8 -7
right_child=3 2 5 11 8 6 10 -9 -10 -11 -12 -13 -14 -15
leaf_value=-0.010245373631399117 0.035573614560427756 0.014887783629670274 -0.025131975924442964 0.014887783629670274 -0.03835111329440969 -0.0027408806070196618 -0.012112446087750606 -4.2247148417840264e-05 -0.025131975924442964 -0.027184679340289532 -0.0018086522594652503 0.029828934352372521 -0.025131975924442964 0.014887783629670274
leaf_weight=1365.6200259290636 4367.1389283556491 2952.7688567526639 1769.7931042443961 16198.613110616803 3166.7609719801694 2875.9592064078897 7764.8752903193235 2038.4025246296078 4691.3888419326395 1281.7062162887305 2521.6155719067901 2044.3721713516861 1468.2958725839853 975.0761273894459
leaf_count=7924 26128 17186 10411 99295 19917 19566 49206 12824 30056 7912 14847 11990 8308 6319
internal_value=-3.60065e-06 -0.0111882 -0.00463481 0.0162563 -0.025132 -0.0102454 -0.00832286 0.0148878 -0.0298449 -0.0111125 -0.0116314 0.0148878 -0.0143117 0.00177814
internal_weight=55482.4 32872.3 22366.8 22610.1 10505.5 17375.6 15605.8 4991.17 7858.15 2647.33 11754.8 18243 9233.17 3851.04
internal_count=341889 204476 138667 137413 65809 108657 98246 30010 49973 15836 72361 111285 57514 25885
is_linear=0
shrinkage=0.03


Tree=17
num_leaves=15
num_cat=0
split_feature=3 6 6 3 3 3 3 8 7 6 7 9 8 7
split_gain=10445.7 3421.76 2087.94 1718.42 1213.57 1111.31 919.793 542.251 464.194 452.136 418.018 410.269 361.991 297.933
threshold=-5.6506071024999995 7.7224368620000012 7.1447426835000014 14.855247574000002 -29.670302860999996 4.9791731435000015 -30.988200826999996 1.0787554880000003 1.0215094560000002 6.9999744515000009 1.0667395255000003 0.85954095650000018 1.0219634165000002 1.0756424630000001
decision_type=2 2 2 2 2 2 2 2 2 2 2 2 2 2
left_child=2 5 6 7 -4 9 -1 8 -3 -2 -9 -6 -11 -5
right_child=1 3 4 13 11 -7 -8 10 -10 12 -12 -13 -14 -15
leaf_value=-0.022543686973375457 0.023731150113086623 -0.00300140975179207 -0.036078001752690818 0.021481749418064848 -0.029611368603230076 0.031093824207629971 0.0027143120384346109 0.010077328102273277 -0.015619782762626822 0.0027143120384346109 -0.0075251373459043367 -0.015619782762626822 0.01937055448300436 0.010077328102273277
leaf_weight=1346.7526727002114 2577.1061639077961 5698.6094112303108 3685.7693564724177 4031.3267256934196 1957.7129664123058 6714.5230699386448 4276.6090006548911 3695.7296336796135 2461.6275943852961 2636.9574796333909 1802.7716170959175 11450.128366962075 1554.0616750530899 1434.146119274199
leaf_count=7893 15069 35375 23570 24340 11740 42736 26022 21422 15221 17306 9962 73387 10309 7830
internal_value=-4.13451e-06 0.0108759 -0.0156198 0.00271431 -0.020835 0.0224473 0.000237688 -0.0029751 -0.00787983 0.0138526 0.00430448 -0.0166329 0.00775708 0.0169224
internal_weight=55323.8 32606.9 22717 19124.2 17093.6 13482.6 5623.36 13658.7 8160.24 6768.13 5498.5 13407.8 4191.02 5465.47
internal_count=342182 199570 142612 114150 108697 85420 33915 81980 50596 42684 31384 85127 27615 32170
is_linear=0
shrinkage=0.03


Tree=18
num_leaves=15
num_cat=0
split_feature=3 6 3 6 3 3 8 6 6 7 7 3 7 7
split_gain=9750.81 3196.49 1992.43 2004.97 1648.99 656.539 487.189 489.281 475.499 461.992 389.448 408.599 352.551 322.872
threshold=-5.1806085569999984 7.4021490555000016 -30.988200826999996 7.1447426835000014 11.440708443500002 6.4798032340000011 0.94407135050000013 8.5788362070000019 8.4442016290000019 0.9652546525000002 1.0756424630000001 28.977048818000004 1.0375981275000001 0.97455276950000014
decision_type=2 2 2 2 2 2 2 2 2 2 2 2 2 2
left_child=2 5 -1 13 6 9 -3 -8 12 -2 11 -6 -5 -4
right_child=1 4 3 8 10 -7 7 -9 -10 -11 -12 -13 -14 -15
leaf_value=-0.032145932375541995 0.026703943915016553 -0.010319507277307375 0.0047115610428901484 -0.010319507277307375 0.01408544978052932 0.034193184216350599 0.0059913602790684327 -0.0058023845636530997 -0.0229949085583055 0.0082567833601115675 0.0059913602790684327 0.030752524267484174 -0.024507098666437549 -0.0085925403667083643
leaf_weight=4715.6152972970158 2627.7167113758624 1849.9761994965374 2587.311738030985 7278.6649215258658 4011.8221373092383 4317.4435476586223 7594.077060630545 5421.9147363547236 5280.855051830411 2291.8584551438689 1768.3036841358989 1984.9749513249844 1649.7732058726251 1830.5495068915188
leaf_count=29692 15598 10454 15064 48340 24801 27495 49390 30402 31603 15404 9787 12224 10565 11751
internal_value=-5.52962e-06 0.010784 -0.0147347 -0.0103195 0.00471156 0.025651 -0.00114198 0.00107824 -0.0158581 0.0181272 0.0159114 0.0196234 -0.0116264 0.00471156
internal_weight=55210.9 31868.1 23342.8 18627.2 22631.1 9237.02 14866 13016 14209.3 4919.58 7765.1 5996.8 8928.44 4417.86
internal_count=342570 195555 147015 117323 137058 58497 90246 79792 90508 31002 46812 37025 58905 26815
is_linear=0
shrinkage=0.03


Tree=19
num_leaves=15
num_cat=0
split_feature=3 3 6 6 6 9 6 3 7 7 9 7 9 10
split_gain=9059.1 2977.6 2349.04 1678.26 796.965 551.804 493.479 438.923 430.644 379.142 313.534 291.823 202.054 196.573
threshold=0.29168799000000006 -16.877343142999994 7.1447426835000014 7.0874746610000008 7.1447426835000014 0.85954095650000018 7.6815988030000009 -32.407366224999997 0.9952496930000001 0.97455276950000014 1.3965874115000003 1.0503263660000002 1.2129755410000003 28.500000000000004
decision_type=2 2 2 2 2 2 2 2 2 2 2 2 2 2
left_child=1 4 9 -2 8 -4 12 -6 -1 -3 11 13 -7 -8
right_child=3 2 5 -5 7 6 10 -9 -10 -11 -12 -13 -14 -15
leaf_value=-0.0087180602460443513 0.033692258180895461 0.014793696127677955 -0.022380860075456234 0.014793696127677955 -0.036365562516487329 -0.001439885888549704 -0.012390564858454328 -0.022380860075456234 -0.028076817999737939 0.0015109348744465057 0.0010426384083608198 -0.022353960950316637 0.014699559778139483 -0.0011669630317411614
leaf_weight=1988.9739878904074 4227.1279533654451 2812.7107907477766 1614.8346890863031 18140.745568977669 3002.2480983100832 2719.3005055431277 5371.6537816859782 5346.493031270802 1031.7676579505205 1940.0604217071086 1920.1373872347176 2019.1862044837326 933.91548732109368 1902.4962628502399
leaf_count=11849 25994 16452 9617 111511 19581 18576 34044 34633 6375 12215 11247 11746 6103 12234
internal_value=9.22189e-05 -0.00999447 -0.00335872 0.0147937 -0.0223809 -0.00871806 -0.00687267 -0.0271575 -0.00915622 0.0147937 -0.0099913 -0.0122704 0.00270049 -0.00945794
internal_weight=54971.7 32603.8 21234.3 22367.9 11369.5 16481.5 14866.7 8348.74 3020.74 4752.77 11213.5 9293.34 3653.22 7274.15
internal_count=342177 204672 132234 137505 72438 103567 93950 54214 18224 28667 69271 58024 24679 46278
is_linear=0
shrinkage=0.03


Tree=20
num_leaves=15
num_cat=0
split_feature=3 6 6 3 3 3 7 9 7 7 7 9 9 3
split_gain=8672.04 3077.33 1772.31 1674.76 1061.89 885.299 812.042 486.002 406.638 375.701 348.491 428.03 328.846 307.698
threshold=-6.1494813524999996 7.6742486565000005 7.1447426835000014 14.855247574000002 -29.054917451499996 4.9791731435000015 0.97286009550000008 0.90047317050000009 0.95507226550000002 1.0667395255000003 0.97770242650000017 1.2662957395000003 0.85954095650000018 -22.511954662999997
decision_type=2 2 2 2 2 2 2 2 2 2 2 2 2 2
left_child=2 5 6 7 -4 8 -1 -3 -2 -9 -5 -12 -6 -8
right_child=1 3 4 10 12 -7 13 9 -10 -11 11 -13 -14 -15
leaf_value=0.0023677418668986063 0.021985577356831657 -0.014673337138934832 -0.033726114781017551 0.028758917651434273 -0.027563332988902518 0.029345159903497613 -0.027366173426349165 0.0015044843103861334 0.0070191868086374749 -0.011105320085310136 0.0036333389461673756 0.023169223717832213 -0.014673337138934832 -0.005817401104474082
leaf_weight=3041.0755162164569 2900.0117519441992 1470.810930069536 3705.9262703061104 1475.5735333841294 1830.8643128331751 6178.8168151658028 1062.5922199022025 10346.281628280878 3750.427919274196 2671.3844885230064 2425.8762904368341 1726.4061471223831 10871.557814741507 1359.1643210519105
leaf_count=17769 17069 8553 24534 8727 11163 40433 6623 63852 25273 14780 14814 9845 70133 8665
internal_value=-3.02972e-05 0.00969135 -0.0146733 0.00236774 -0.0195996 0.0211694 0.000127666 -0.00302792 0.0135571 -0.00108647 0.0162488 0.0117739 -0.0154665 -0.0153092
internal_weight=54816.8 32945.6 21871.2 20116.3 16408.3 12829.3 5462.83 14488.5 6650.44 13017.7 5627.86 4152.28 12702.4 2421.76
internal_count=342233 203346 138887 120571 105830 82775 33057 87185 42342 78632 33386 24659 81296 15288
is_linear=0
shrinkage=0.03


Tree=21
num_leaves=15
num_cat=0
split_feature=4 9 2 1 1 7 2 2 7 8 1 2 1 1
split_gain=4759.18 1753.39 1179.15 1361.19 930.364 490.678 488.542 475.749 356.75 345.753 327.192 271.273 256.241 215.217
threshold=12.500000000000002 1.0215626255000003 4.5000000000000009 92.500000000000014 122.50000000000001 0.99360267200000008 1.5000000000000002 2.5000000000000004 1.0756424630000001 0.93298080500000014 89.500000000000014 4.5000000000000009 65.500000000000014 92.500000000000014
decision_type=2 2 2 2 2 2 2 2 2 2 2 2 2 2
left_child=1 5 3 6 -4 9 -2 -3 -5 -1 -9 -11 -8 -7
right_child=2 7 4 8 -6 13 12 10 -10 11 -12 -13 -14 -15
leaf_value=-0.019941081137833504 0.010351778359691697 0.0021563839420553755 -0.015345201368785441 0.023232706931162108 0.0056688387733642683 -0.028835905755206656 -0.0034397952101506563 -0.015303435766475514 0.010351778359691697 0.00091990781189117438 0.0021563839420553755 -0.016581865671281781 0.0063703269656932701 -0.012773323740267621
leaf_weight=3358.8347177691758 8796.5989636611193 7963.5062396917492 3131.1018572375178 7287.0341219194233 3461.4724546261132 3917.3375638499856 3796.2689947616309 3162.2619354519993 1057.9729015734047 1944.9824201595038 1351.6181702259928 1344.8907646145672 3090.9638491384685 943.13084346428514
leaf_count=18886 55263 48675 19445 47650 21615 25046 23188 19864 6088 13142 8552 8955 19581 6198
internal_value=-4.06328e-05 -0.0100461 0.00779729 0.0108804 -0.0034398 -0.0184888 0.00566884 -0.00225427 0.0206658 -0.0131759 -0.0100294 -0.00624907 -0.000315535 -0.0257354
internal_weight=54608 23986.6 30621.4 24028.8 6592.57 11509.2 15683.8 12477.4 8345.01 6648.71 4513.88 3289.87 6887.23 4860.47
internal_count=342148 149318 192830 151770 41060 72227 98032 77091 53738 40983 28416 22097 42769 31244
is_linear=0
shrinkage=0.03


Tree=22
num_leaves=15
num_cat=0
split_feature=3 6 6 3 3 3 7 9 6 9 7 6 7 7
split_gain=7926.58 2668.79 2143.09 1606.13 1372.28 852.3 785.179 479.077 463.63 390.532 358.384 284.678 263.777 262.774
threshold=0.14267513300000004 7.651832422500001 7.7224368620000012 -30.988200826999996 -14.106869094499997 24.698403072500003 0.94577038950000014 0.89335995600000018 7.0874746610000008 1.0140505730000002 1.0667395255000003 7.3007786510000008 1.0070947110000001 0.95083271550000015
decision_type=2 2 2 2 2 2 2 2 2 2 2 2 2 2
left_child=1 3 8 -1 -3 12 11 -6 -2 -8 -7 -5 -4 -10
right_child=2 4 5 6 7 10 9 -9 13 -11 -12 -13 -14 -15
leaf_value=-0.023897714520428482 0.032332363470328807 -0.026875837320969067 0.0058116062803061988 0.013688801555249814 -0.026875837320969067 0.027245482269109455 -0.0075546377219886558 -0.0079795013801230944 0.02778138072121868 0.0066047585501358749 0.0058116062803061988 -0.00072667403237950496 0.00057392806931181597 0.013688801555249814
leaf_weight=2044.2483693640679 4200.7821647338569 7464.6138376183808 4828.9641942046583 3155.0686215385795 1305.6273984257132 2038.2186469547451 3953.218215957284 9848.976802026853 1768.1322306264192 3142.0149413719773 1074.6136578321457 1263.2740693539381 5511.6426189467311 2976.0124577730894
leaf_count=13087 26404 48521 29118 17841 7682 12705 26498 61101 10507 21446 5869 7191 32688 21619
internal_value=-1.29468e-05 -0.00955135 0.0136888 0.000573928 -0.0169224 0.00611822 0.00492738 -0.0102525 0.0250654 -0.00128413 0.0198673 0.0136888 0.00197175 0.0186035
internal_weight=54575.4 32177 22398.4 13557.8 18619.2 13453.4 11513.6 11154.6 8944.93 7095.23 3112.83 4418.34 10340.6 4744.14
internal_count=342277 203367 138910 86063 117304 80380 72976 68783 58530 47944 18574 25032 61806 32126
is_linear=0
shrinkage=0.03


Tree=23
num_leaves=15
num_cat=0
split_feature=3 6 6 3 7 3 8 7 6 9 8 1 6 3
split_gain=7411.55 2258.04 2211.45 1548.91 1209.81 765.165 601.672 674.979 528.902 497.754 462.908 383.51 346.838 273.513
threshold=-1.1877476819999997 7.1447426835000014 7.7224368620000012 -21.700298582499997 0.97455276950000014 37.150595635500004 1.0735097085000003 1.0432601405000004 6.8807465745000007 1.0234630600000003 1.0219634165000002 45.500000000000007 8.839829206500001 -19.491981795999997
decision_type=2 2 2 2 2 2 2 2 2 2 2 2 2 2
left_child=1 4 8 -3 -1 -4 7 11 -2 13 -10 -5 -8 -6
right_child=2 3 5 6 9 -7 12 -9 10 -11 -12 -13 -14 -15
leaf_value=0.012049810134716923 0.032748577985780437 -0.028028675541937862 0.0045511297163258954 -0.016289249137070021 -0.030005553775196338 0.025548611320039761 0.0045511297163258954 -0.028028675541937862 0.012049810134716923 0.0077175561186951366 0.026771350455338801 -0.0047652865885188314 -0.011367114227264153 -0.0081271032247638049
leaf_weight=4083.2432445697486 3329.3280924428254 5903.1453283149749 13427.331250879914 5012.8916994445026 964.69604802317917 1558.6214146185666 2470.1729561053216 1976.4840312171727 3626.2637422755361 960.81333253160119 3037.6382056437433 5404.0318050645292 1564.6335019730031 1106.0288460571319
leaf_count=23888 19956 39885 80358 32375 6112 9324 15812 12177 24891 6377 20733 34948 8893 6818
internal_value=3.12171e-05 -0.0101645 0.0120498 -0.0148528 0.00455113 0.0047577 -0.0101113 -0.013386 0.0229773 -0.010101 0.0180746 -0.0103161 -4.86069e-05 -0.0183674
internal_weight=54425.3 29446.1 24979.2 22331.4 7114.78 14986 16428.2 12393.4 9993.23 3031.54 6663.9 10416.9 4034.81 2070.72
internal_count=342547 187285 155262 144090 43195 89682 104205 79500 65580 19307 45624 67323 24705 12930
is_linear=0
shrinkage=0.03


Tree=24
num_leaves=15
num_cat=0
split_feature=3 6 3 6 3 9 7 8 7 7 3 3 3 6
split_gain=7076.71 2772.39 1654.92 1496.07 941.955 637.852 544.909 517.11 463.699 365.061 369.948 323.344 209.789 207.604
threshold=-6.8411538959999989 7.1447426835000014 5.8196353055000012 7.651832422500001 -33.937520974499996 1.0000014820000003 0.97069110450000007 1.1458190540000002 0.97455276950000014 1.0667395255000003 29.904234094000007 9.2928249730000019 -14.106869094499997 8.2202161590000014
decision_type=2 2 2 2 2 2 2 2 2 2 2 2 2 2
left_child=3 8 -3 4 -1 -5 -4 9 -2 10 13 -10 -7 -8
right_child=1 2 6 5 -6 12 7 -9 11 -11 -12 -13 -14 -15
leaf_value=-0.025548451900532142 0.03158476765666339 -0.0026590335638508604 0.022149561010861372 -0.028429892674672084 -0.0026590335638508604 -0.019628406021626993 0.011381429862259835 0.020168746932699357 0.0077571384760140288 -0.0026590335638508604 0.025564424609330134 0.029631052553903473 -0.0087474409749285255 -0.0026590335638508604
leaf_weight=1670.6086912900209 4255.148825680837 14603.801373682916 3595.8875379469246 5373.584602272138 7213.4038326442242 3322.9362747836858 1791.8464051987976 2330.7208676412702 1713.3927046898752 1534.666698763147 906.89151234366 942.48485406860709 3089.4989432562143 1801.7798288837075
leaf_count=10817 26209 90435 21968 34936 46051 22115 13499 12945 10976 8815 6341 6421 19411 10960
internal_value=1.28941e-06 0.00852308 0.00411756 -0.0137991 -0.00449917 -0.0208043 0.0123886 0.0081823 0.0254424 0.0035404 0.00849689 0.0155606 -0.0143969 0.00416017
internal_weight=54146.7 33476.6 26565.6 20670 8884.01 11786 11961.8 8365.91 6911.03 6035.18 4500.52 2655.88 6412.44 3593.63
internal_count=341899 208569 164963 133330 56868 76462 74528 52560 43606 39615 30800 17397 41526 24459
is_linear=0
shrinkage=0.03


Tree=25
num_leaves=15
num_cat=0
split_feature=3 6 3 6 3 9 7 7 3 3 6 4 3 7
split_gain=6682.32 2661.64 1558.77 1478.57 941.416 620.826 500.446 426.927 402.721 317.886 311.71 241.377 220.052 178.999
threshold=-6.8411538959999989 7.1447426835000014 7.1942247335000014 7.651832422500001 -33.937520974499996 1.0022925595000001 0.97069110450000007 0.97455276950000014 38.817414758000005 7.9400453125000006 7.6815988030000009 6.5000000000000009 -14.106869094499997 1.0488633405000003
decision_type=2 2 2 2 2 2 2 2 2 2 2 2 2 2
left_child=3 7 10 4 -1 13 -4 -2 -8 -9 -3 -6 -7 -5
right_child=1 2 6 5 11 12 8 9 -10 -11 -12 -13 -14 -15
leaf_value=-0.025245433823678182 0.030835514752588642 0.005262092912257218 0.022600109195514067 -0.025414309503242322 -0.016605169871353798 -0.019487553133335857 0.005262092912257218 0.0071352007425480018 0.023037573449025024 0.02863087141767915 -0.0021166581412911689 -0.0021166581412911689 -0.0082684553293545428 -0.040076153501763322
leaf_weight=1653.8561324235052 4231.5035379100591 3845.2230142783374 3213.7939555924386 4443.1200332064182 1278.9000978562981 3266.4714916497469 6303.1688905712217 1621.4204018842429 1398.7742945309728 1001.4687680546194 11748.556480372325 5974.7715019453317 3055.779662007466 922.66651238501072
leaf_count=10779 26389 25760 19807 29332 7814 21812 39953 10373 8587 6891 70903 38555 19170 5881
internal_value=-1.36127e-05 0.00828068 0.00396996 -0.0134487 -0.0042376 -0.0204638 0.012662 0.0249374 0.00850321 0.0153815 -0.00211666 -0.00211666 -0.0140758 -0.0279704
internal_weight=53959.5 33363.9 26509.5 20595.6 8907.53 11688 10915.7 6854.39 7701.94 2622.89 15593.8 7253.67 6322.25 5365.79
internal_count=342006 208663 165010 133343 57148 76195 68347 43653 48540 17264 96663 46369 40982 35213
is_linear=0
shrinkage=0.03


Tree=26
num_leaves=15
num_cat=0
split_feature=3 3 6 6 7 3 9 3 6 9 7 9 6 6
split_gain=6280.69 2233.31 2042.22 1856.86 560.798 531.817 469.683 420.536 408.963 243.422 217.043 204.98 247.574 162.45
threshold=0.29168799000000006 -21.700298582499997 7.6815988030000009 7.7224368620000012 0.95507226550000002 37.150595635500004 1.0000014820000003 -41.661101118999994 7.0874746610000008 1.0140505730000002 0.95083271550000015 1.3965874115000003 9.3095184375000013 8.4354695335000009
decision_type=2 2 2 2 2 2 2 2 2 2 2 2 2 2
left_child=1 7 4 8 -3 -5 -4 -1 -2 -6 -10 12 -8 -9
right_child=3 2 6 5 9 -7 11 13 10 -11 -12 -13 -14 -15
leaf_value=-0.034323187849967518 0.030323859894737484 0.012378808160093758 -0.019924041496400861 0.0062897630793696275 -0.0056369604625560107 0.024167883727900193 -0.0076536316962271481 -0.019924041496400861 0.025607341686343259 0.00661163146589956 0.012378808160093758 0.0006503300535549688 -0.019924041496400861 -0.030250093305304648
leaf_weight=2032.2513043340296 3981.5718342419714 4321.66873126477 4104.9310918804258 11725.924856845289 3111.1418153401464 1533.3411519303918 6438.4613452274352 4379.873108074069 1722.1449888944626 2743.0069351941347 2902.0001659952104 2034.3700834289193 1218.1240869835019 1579.3674634601921
leaf_count=13521 26090 25129 25976 70345 20715 9385 40957 29806 10458 19026 21364 11990 6941 10437
internal_value=-9.57462e-06 -0.00848468 -0.00390408 0.0123788 0.00628976 0.00628976 -0.0114226 -0.0222138 0.0232684 0.000102957 0.0171671 -0.0078131 -0.0100608 -0.019924
internal_weight=53828.2 31963.2 23971.7 21865 10175.8 13259.3 13795.9 7991.49 8605.72 5854.15 4624.15 9690.96 7656.59 5959.24
internal_count=342140 204498 150734 137642 64870 79730 85864 53764 57912 39741 31822 59888 47898 40243
is_linear=0
shrinkage=0.03


Tree=27
num_leaves=15
num_cat=0
split_feature=3 3 7 3 7 3 7 8 10 1 8 8 3 8
split_gain=6019.7 2200.63 1149.2 936.929 655.925 492.856 481.985 335.3 279.231 257.206 192.402 149.298 144.3 134.451
threshold=1.4515386920000004 -20.178274725499996 1.0756424630000001 24.698403072500003 1.0667395255000003 -39.342950712999993 0.97069110450000007 1.1578567845000003 22.500000000000004 49.500000000000007 1.1080310885000002 1.1063130310000002 14.003472414500001 0.86768323550000015
decision_type=2 2 2 2 2 2 2 2 2 2 2 2 2 2
left_child=1 5 3 6 13 -1 12 -4 11 -7 -6 -8 -2 -3
right_child=2 4 7 -5 10 9 8 -9 -10 -11 -12 -13 -14 -15
leaf_value=-0.032368443532207532 0.015637177836561666 -0.014798646217026453 -0.0032432368518386153 0.028717149124415711 -0.017015068460178789 -0.027769929091861392 -0.0032432368518386153 0.012824315052683085 0.012498479625331616 -0.017015068460178789 -0.0054991580690844618 0.010546803684120445 0.026418336824745252 -0.0032432368518386153
leaf_weight=2395.238860514015 4325.7335870265961 1535.4488755092025 1953.9636516682804 4011.7799676191062 1796.1504504475743 2035.0161396879703 2393.4459811709821 1167.2714471444488 3692.167057460174 4333.0053281039 1311.6530345845968 953.80117509886622 1527.5822167117149 20190.072362244129
leaf_count=16225 26600 8021 11113 26165 10495 13397 16077 6405 25236 29658 7371 5414 9806 130121
internal_value=-4.59021e-05 -0.00780594 0.0129716 0.0160601 -0.00324324 -0.0207265 0.0121121 -0.00324324 0.0068153 -0.0170151 -0.0170151 0.000537204 0.018471 -0.00324324
internal_weight=53622.3 33596.6 20025.7 16904.5 24833.3 8763.26 12892.7 3121.24 7039.41 6368.02 3107.8 3347.25 5853.32 21725.5
internal_count=342104 215288 126816 109298 156008 59280 83133 17518 46727 43055 17866 21491 36406 138142
is_linear=0
shrinkage=0.03


Tree=28
num_leaves=15
num_cat=0
split_feature=3 6 3 6 3 8 6 7 7 7 10 3 6 6
split_gain=5598.34 2652.6 1486.34 1228.73 692.082 538.3 537.709 526.45 379.356 355.984 326.441 314.974 276.116 243.986
threshold=-9.4358070929999993 7.1447426835000014 7.4403174610000002 7.1447426835000014 -32.407366224999997 0.98357543550000004 7.8558887275000009 0.97455276950000014 0.97069110450000007 0.9952496930000001 31.500000000000004 6.4798032340000011 9.3095184375000013 8.4442016290000019
decision_type=2 2 2 2 2 2 2 2 2 2 2 2 2 2
left_child=3 7 5 9 -5 10 -7 -2 -4 -1 -3 -9 -8 -6
right_child=1 2 8 4 13 6 12 11 -10 -11 -12 -13 -14 -15
leaf_value=-0.0026298915781854454 0.029238788177852495 -0.013979894756408238 0.021158210592170677 -0.032182177296781633 -0.013979894756408238 0.010519000948983944 -0.00040967782708972337 0.0053611360230393212 0.010519000948983944 -0.017857037550077001 0.0040662938809205669 0.025910874845809246 -0.012995579526662294 -0.021975064045371827
leaf_weight=3057.1279610618949 4473.4324619434774 4176.365341771394 3107.0215974580497 2724.6235324610025 6461.5896721296012 3595.7345664352179 7187.863474579528 1858.167283764109 7544.1460569724441 1473.253857601434 1072.1476898603141 1049.1021506395191 2001.9116476252675 3657.6035673171282
leaf_count=18472 28389 25655 19421 19632 43935 24595 44284 11876 47841 9385 6656 7428 11185 23128
internal_value=7.60629e-06 0.00674688 0.00261834 -0.0139799 -0.0187641 -0.00262989 0.000691794 0.0227799 0.0115014 -0.00262989 -0.0107146 0.0128084 -0.00315698 -0.0151372
internal_weight=53440.1 36065.9 28685.2 17374.2 12843.8 18034 12785.5 7380.7 10651.2 4530.38 5248.51 2907.27 9189.78 10119.2
internal_count=341882 227330 179637 114552 86695 112375 80064 47693 67262 27857 32311 19304 55469 67063
is_linear=0
shrinkage=0.03


Tree=29
num_leaves=15
num_cat=0
split_feature=3 3 3 7 7 10 8 7 7 3 8 3 1 7
split_gain=5254.03 1940.66 1028.62 955.311 685.09 631.299 513.868 437.817 280.654 248.388 147.251 140.257 138.502 119.296
threshold=-10.222850553999999 11.783730474500002 -32.407366224999997 1.0629504340000002 0.97770242650000017 23.500000000000004 1.0169892265000002 1.0297178575000003 0.9652546525000002 47.368669263000008 1.1578567845000003 20.752134041500003 79.500000000000014 0.97373885250000014
decision_type=2 2 2 2 2 2 2 2 2 2 2 2 2 2
left_child=2 3 12 5 11 6 8 -4 -2 -6 -5 -3 -1 -7
right_child=1 4 7 10 9 13 -8 -9 -10 -11 -12 -13 -14 -15
leaf_value=-0.031718737088582742 0.00087279701344295836 0.020647773812241383 -0.0098609893540101603 -0.0098609893540101603 0.011228874938534283 0.011228874938534283 0.0067760845967338428 -0.022100362670080323 -0.0098609893540101603 0.025957626468615522 0.0010551233198261767 0.032331413062826275 -0.022100362670080323 0.0059714556943974827
leaf_weight=2628.6386910490692 4087.0102475620806 1653.1884354446083 9980.3531130999327 2860.6541021708399 5351.8971708863974 4210.6968650836498 6815.2579075358808 2628.6167868245393 3603.0401238203049 1029.262196470052 1188.5532459802926 2231.3106055501848 1200.844378054142 3902.2173654008657
leaf_count=18298 24698 10798 65454 16311 34682 26048 42400 16932 24537 6466 6628 14441 8530 26550
internal_value=0.000102531 0.00638211 -0.0140038 0.00211425 0.0174624 0.00452997 0.000780643 -0.00986099 -0.00453373 0.0114012 -0.00986099 0.027392 -0.0276136 0.0112289
internal_weight=53371.5 36933.1 16438.5 26667.4 10265.7 22618.2 14505.3 12609 7690.05 6381.16 4049.21 3884.5 3829.48 8112.91
internal_count=342773 233559 109214 167172 66387 144233 91635 82386 49235 41148 22939 25239 26828 52598
is_linear=0
shrinkage=0.03


Tree=30
num_leaves=15
num_cat=0
split_feature=3 6 6 3 3 7 9 6 3 9 6 9 6 4
split_gain=5034.27 2229.76 1486.46 1198.47 1192.65 701.557 463.647 451.638 448.042 359.301 354.225 261.739 331.781 256.152
threshold=2.7338615270000006 7.651832422500001 7.8826460775000013 -33.937520974499996 -15.159322535999999 0.95337446550000016 0.89335995600000018 7.4021490555000016 24.698403072500003 1.0140505730000002 6.5667403585000006 1.3965874115000003 9.3095184375000013 9.5000000000000018
decision_type=2 2 2 2 2 2 2 2 2 2 2 2 2 2
left_child=1 3 10 -1 -3 7 -6 -5 -4 13 -2 12 -8 -7
right_child=2 4 8 5 6 9 11 -9 -10 -11 -12 -13 -14 -15
leaf_value=-0.022106631166078309 0.035294554162833371 -0.023535423160927375 0.0023084531231957785 0.01284042702593487 -0.023382353945612742 -0.015568934248908333 -0.0059035259984463618 -0.0064350995018802688 0.015577616050548141 0.0065660489549508603 0.019361081480646906 0.0023084531231957785 -0.021421559715601345 -0.00038357258432889201
leaf_weight=1605.894073870033 1570.5715209636837 6581.9542817398906 7388.3904420994222 4395.664651401341 1562.7280592806637 1681.3024467900395 8468.2896490544081 1097.4390916321427 2775.5728832110763 3421.3638528995216 6430.9473144672811 2335.533139616251 1449.4772231206298 2456.1994458958507
leaf_count=10969 9655 45635 44076 25592 9381 11138 54202 6504 17010 23645 45819 13711 8221 17051
internal_value=2.49838e-05 -0.0066167 0.0128404 0.00230845 -0.0130292 0.00531976 -0.0080174 0.0128404 0.00522185 -0.000621416 0.0225087 -0.00604909 -0.00818113 -0.00656559
internal_weight=53221.3 35055.8 18165.5 14657.9 20398 13052 13816 5493.1 10164 7558.87 8001.52 12253.3 9917.77 4137.5
internal_count=342609 226049 116560 94899 131150 83930 85515 32096 61086 51834 55474 76134 62423 28189
is_linear=0
shrinkage=0.03


Tree=31
num_leaves=15
num_cat=0
split_feature=3 6 6 3 3 3 1 8 6 8 6 9 3 8
split_gain=4692.1 2117.95 1498.5 963.932 889.964 506.626 494.793 463.523 455.315 459.381 376.759 366.577 230.491 211.986
threshold=-5.1806085569999984 7.4021490555000016 7.1447426835000014 19.696712776000002 -31.688675280499996 -34.741526003499992 74.500000000000014 0.87471038300000015 8.4927381450000023 1.0787554880000003 8.4442016290000019 1.0000014820000003 2.2619367965000001 1.0747208070000003
decision_type=2 2 2 2 2 2 2 2 2 2 2 2 2 2
left_child=2 6 5 8 -4 -1 11 -6 9 12 -9 -2 -3 -10
right_child=1 3 4 -5 7 -7 -8 10 13 -11 -12 -13 -14 -15
leaf_value=-0.018754657559284609 0.0027780038772610323 -0.0054326708051587059 -0.030539299180024466 0.014965630827062671 -0.030539299180024466 0.0027780038772610323 0.028085668587021384 -0.0063750520420184772 -0.010356065143000163 0.013986367558752063 -0.016980188570898249 0.020249413786099704 0.0053248660431336105 -0.0011372582608147426
leaf_weight=978.90157552063465 1729.4645145796239 3731.6422148104757 2753.5197317767888 4618.8959394078702 955.02915238961577 4630.6899800356477 3983.3176679145545 8047.3182196300477 3614.5485047139227 2833.2896870151162 4826.5228948052973 2812.1108851861209 3440.3720112144947 3953.7857881691307
leaf_count=6212 11560 24237 20648 29152 5412 28422 28302 55506 21124 17510 30434 18330 22877 22038
internal_value=6.89974e-05 0.00766205 -0.0104404 0.002778 -0.0149737 0.002778 0.0203674 -0.0118645 -0.000428627 0.00377047 -0.0103561 0.0135745 -0.000272231 -0.00597864
internal_weight=52909.4 30717.4 22192 22192.5 16582.4 5609.59 8524.89 13828.9 17573.6 10005.3 12873.8 4541.58 7172.01 7568.33
internal_count=341764 195130 146634 136938 112000 34634 58192 91352 107786 64624 85940 29890 47114 43162
is_linear=0
shrinkage=0.03


Tree=32
num_leaves=15
num_cat=0
split_feature=4 6 9 6 8 6 6 8 1 6 2 8 9 6
split_gain=2972.28 2143.61 1378.92 1048.66 668.583 645.741 635.141 380.463 368.912 368.649 367.021 312.882 305.184 293.684
threshold=12.500000000000002 7.1447426835000014 1.0215626255000003 7.1447426835000014 1.0803828820000001 7.651832422500001 8.4012331315000015 0.90615372750000012 79.500000000000014 8.9296127890000019 3.5000000000000004 1.0669733795 1.0049779300000001 8.9008648645000026
decision_type=2 2 2 2 2 2 2 2 2 2 2 2 2 2
left_child=2 12 5 -4 6 8 -3 -7 10 -6 -1 -5 -2 -13
right_child=1 4 3 11 9 7 -8 -9 -10 -11 -12 13 -14 -15
leaf_value=-0.0070555338138282679 0.014787526270227037 0.0029295667155841104 0.018517386508173233 -0.009729918378078628 0.014511267935336606 -0.036085108922435487 -0.0098376454807963098 -0.018174256597751945 0.005263256871074283 0.0010721895649072649 -0.026175155932456014 0.0068203282006011829 0.028144139559650314 -0.0088925665620284717
leaf_weight=2992.6948019191623 2893.0552187226713 10335.137639436871 2044.5761891622096 5624.6473054047674 4791.210248619318 1481.1476346813142 5301.766719026491 3890.2403244953603 1321.6007927618921 2978.8180305175483 1293.1233186200261 2815.401292508468 3341.6682826671749 1720.5664653778076
leaf_count=18915 19231 71907 12579 36775 30116 8934 32682 26846 8883 16607 8691 17826 22593 9781
internal_value=4.59784e-05 0.00633894 -0.00799946 -0.0010591 0.00217344 -0.0157111 -0.00140098 -0.0231421 -0.0085786 0.00936309 -0.0128481 -0.00500557 0.0219632 0.000856942
internal_weight=52825.7 29641.7 23184 12205.2 23406.9 10978.8 15636.9 5371.39 5607.42 7770.03 4285.82 10160.6 6234.72 4535.97
internal_count=342366 193136 149230 76961 151312 72269 104589 35780 36489 46723 27606 64382 41824 27607
is_linear=0
shrinkage=0.03


Tree=33
num_leaves=15
num_cat=0
split_feature=3 3 7 3 7 7 8 8 8 9 3 10 3 7
split_gain=4404.15 1746.9 1027.76 896.063 626.65 425.955 345.467 331.407 278.725 258.405 142.168 130.756 121.54 111.368
threshold=0.72872602500000017 -29.670302860999996 1.0756424630000001 24.698403072500003 1.0667395255000003 0.97069110450000007 1.1080310885000002 1.1578567845000003 0.86380373900000007 1.0234630600000003 13.603783781000002 37.500000000000007 -48.352551206499996 0.95741212200000014
decision_type=2 2 2 2 2 2 2 2 2 2 2 2 2 2
left_child=1 12 3 5 8 10 -6 -4 -3 -7 -2 -11 -1 -5
right_child=2 4 7 13 6 9 -8 -9 -10 11 -12 -13 -14 -15
leaf_value=-0.034310004609866038 0.013300155270097294 -0.01764376977689892 -0.0040964074302139285 0.034071213752295028 -0.024346842451177367 -0.0035546170383466253 -0.0051008612597633904 0.011633637853383606 -0.0040964074302139285 0.0061414604541744165 0.023859759206758195 0.017111026922083668 -0.024346842451177367 0.023859759206758195
leaf_weight=1126.8198565132916 4604.8419683929533 1778.5412480644882 2039.5626670755446 1253.7412146106362 1988.7436742205173 2121.1749552227557 1297.9873424246907 1204.8016883172095 22543.116799693555 4021.9318703245372 1543.1070643514395 1292.3022938780487 3321.0200275853276 2567.0117433201522
leaf_count=8093 28794 9384 11648 8380 11961 15024 7374 6688 147998 25691 10322 9079 24159 17692
internal_value=5.02022e-05 -0.00690954 0.0108541 0.0137448 -0.00409641 0.0101278 -0.0171868 -0.00409641 -0.00409641 0.0052916 0.0159678 0.00882259 -0.0243468 0.0265736
internal_weight=52704.7 32056.2 20648.5 17404.1 27608.4 13583.4 3286.73 3244.36 24321.7 7435.41 6147.95 5314.23 4447.84 3820.75
internal_count=342287 208969 133318 114982 176717 88910 19335 18336 157382 49794 39116 34770 32252 26072
is_linear=0
shrinkage=0.03


Tree=34
num_leaves=15
num_cat=0
split_feature=3 3 7 3 7 10 8 7 3 8 7 3 8 7
split_gain=4154.03 1637.23 860.61 823.897 688.605 517.677 437.168 349.325 322.629 200.875 188.307 158.626 117.67 98.1234
threshold=-10.832762489999999 9.0137564335000011 1.0503263660000002 -33.145216774999987 0.97069110450000007 21.500000000000004 1.0131365975000002 1.0297178575000003 50.300575605500008 1.1029846575000002 0.9652546525000002 17.629922397500003 1.0091423570000002 0.97373885250000014
decision_type=2 2 2 2 2 2 2 2 2 2 2 2 2 2
left_child=3 2 5 -1 11 6 10 -5 -6 -4 -2 -3 -9 -7
right_child=1 4 9 7 8 13 -8 12 -10 -11 -12 -13 -14 -15
leaf_value=-0.026068906967071703 -0.0005995055853071457 0.017537123003318673 -0.010267196844145903 -0.010267196844145903 0.0093944511055382048 0.0093944511055382048 0.0060654069219525705 -0.026068906967071703 0.027164281400416535 -0.0010525837878092687 -0.010267196844145903 0.029597172968272505 -0.014752211526773943 0.0044148501684795321
leaf_weight=3438.1441591922194 3704.349874868989 1716.2016411162913 2667.9232505317777 9557.9714678209275 6831.9692927226424 4308.5175642855465 5818.8205661401153 1260.5021556075662 915.9564266949892 2130.3999998681247 3043.0657460168004 2394.8504010941833 1207.4914076812565 3638.0026198923588
leaf_count=25443 22416 11293 15937 63552 45036 26744 36680 8260 5871 11867 20687 16271 8032 24881
internal_value=3.83722e-05 0.00547447 0.00116391 -0.0130256 0.0146703 0.00383971 4.26632e-05 -0.0102672 0.00939445 -0.0102672 -0.00515186 0.02459 -0.021757 0.00939445
internal_weight=52634.2 37170.1 25311.1 15464.1 11859 20512.8 12566.2 12026 7747.93 4798.32 6747.42 4111.05 2467.99 7946.52
internal_count=342970 237683 159212 105287 78471 131408 79783 79844 50907 27804 43103 27564 16292 51625
is_linear=0
shrinkage=0.03


Tree=35
num_leaves=15
num_cat=0
split_feature=3 6 6 3 3 3 8 6 8 8 6 6 3 9
split_gain=3780.21 2060.17 1271.91 782.587 757.71 621.898 407.288 375.387 356.809 353.502 320.748 274.102 255.075 206.51
threshold=-6.1494813524999996 7.7224368620000012 7.1447426835000014 19.696712776000002 -32.407366224999997 7.9400453125000006 1.0787554880000003 6.8807465745000007 1.0219634165000002 0.87754026800000007 8.4442016290000019 8.4927381450000023 -33.937520974499996 1.3397038640000003
decision_type=2 2 2 2 2 2 2 2 2 2 2 2 2 2
left_child=2 5 12 6 -4 7 -3 -2 -9 -6 -11 -8 -1 -5
right_child=1 3 4 13 9 -7 11 8 -10 10 -12 -13 -14 -15
leaf_value=-0.015973732107693726 0.020729026975377512 -0.0069127320557860776 -0.029550875210168862 0.011766933325591106 -0.028904895901225049 0.024365250677827865 0.011766933325591106 0.00044009323767170628 0.016187255637584885 -0.0069127320557860776 -0.016513838005638441 -0.0015245853972031978 0.00028821600775846135 0.024609768168011598
leaf_weight=997.73903200030327 2340.4209451042116 8930.2329107187688 2489.5346422474831 2810.2439748626202 963.88575617223978 4832.6445979848504 2142.5792473442852 3429.7835156582296 2075.8804166447371 7477.0820673778653 4388.0826751384884 3989.3715684358031 4319.0192460101098 1130.1635546945035
leaf_count=6563 14295 56036 19589 18006 5689 35433 13039 22993 14279 52043 28249 22286 26529 6806
internal_value=3.00209e-05 0.00653791 -0.00996067 0.000288216 -0.0144151 0.015901 -0.00282642 0.0106754 0.00638677 -0.0114676 -0.0100395 0.00312544 0.000288216 0.0121824
internal_weight=52316.7 31681.3 20635.3 19002.6 15318.6 12678.7 15062.2 7846.08 5505.66 12829.1 11865.2 6131.95 5316.76 3940.41
internal_count=341835 203173 138662 116173 105570 87000 91361 51567 37272 85981 80292 35325 33092 24812
is_linear=0
shrinkage=0.03


Tree=36
num_leaves=15
num_cat=0
split_feature=6 8 7 4 6 9 7 8 6 9 1 6 7 9
split_gain=2720.43 2009.87 1272.55 1073.45 876.049 615.955 563.417 478.805 562.602 437.599 469.714 430.304 414.069 352.048
threshold=7.1447426835000014 1.0169892265000002 0.97455276950000014 10.500000000000002 7.8558887275000009 1.0234630600000003 1.0432601405000004 1.1387315905000002 9.3095184375000013 1.0818175610000003 77.500000000000014 8.4442016290000019 1.0728724090000001 0.85608250950000009
decision_type=2 2 2 2 2 2 2 2 2 2 2 2 2 2
left_child=2 3 9 13 -3 -4 11 8 12 10 -1 -5 -6 -2
right_child=1 4 5 6 7 -7 -8 -9 -10 -11 -12 -13 -14 -15
leaf_value=0.0063260067779785283 -0.030803953997979829 0.013405554919312081 -0.0076987121733538225 0.0013958343753457583 0.0015967242180727282 0.014517166239801966 -0.020744597947032033 0.0067551979168285472 -0.018928695137931193 0.030665135188746157 0.02680209741588099 -0.01223743714595979 -0.017159618455571259 -0.015683259680044939
leaf_weight=2364.9175810739398 1864.2086290344596 5306.4104751516134 2872.7363700568676 7547.2627829648554 7459.7120090760291 1837.3130702842027 1749.4866587501019 5230.2128649298102 1936.5496849156916 2690.095764849335 1758.1300989054143 2872.7870413865894 1229.5031818598509 5480.4462275896221
leaf_count=14943 12339 37071 19057 52895 49550 12859 11089 29683 11344 17202 11567 17705 7292 37654
internal_value=0.000102585 -0.00354283 0.0129668 -0.0104861 0.00286062 0.000973543 -0.0050163 -0.000671498 -0.00432852 0.0212511 0.0150792 -0.0023669 -0.0010656 -0.0195395
internal_weight=52199.8 40676.6 11523.2 19514.2 21162.4 4710.05 12169.5 15856 10625.8 6813.14 4123.05 10420 8689.22 7344.65
internal_count=342250 266622 75628 131682 134940 31916 81689 97869 68186 43712 26510 70600 56842 49993
is_linear=0
shrinkage=0.03


Tree=37
num_leaves=15
num_cat=0
split_feature=3 6 3 6 4 1 3 6 9 9 3 1 9 9
split_gain=3582.28 2324.87 1218.71 837.416 467.62 460.752 331.73 348.561 309.756 298.716 279.614 237.993 162.22 141.071
threshold=-12.608022807999999 7.1447426835000014 6.7061813750000008 7.651832422500001 6.5000000000000009 43.500000000000007 47.368669263000008 7.8826460775000013 1.1645512995000002 1.3965874115000003 -32.407366224999997 47.500000000000007 1.4723017110000003 0.99861619050000006
decision_type=2 2 2 2 2 2 2 2 2 2 2 2 2 2
left_child=3 5 9 4 -1 8 7 13 -2 -3 -5 -12 -9 -4
right_child=1 2 6 10 -6 -7 -8 12 -10 -11 11 -13 -14 -15
leaf_value=-0.021757052178446822 0.0040539979370927473 -0.0034546211640627492 0.005390993251970201 -0.030000852725858538 -0.0034546211640627492 0.025337547082044901 0.025359516790653239 0.0036615200142712371 0.024239000314578821 0.0036615200142712371 -0.025071823867163671 -0.012044969204290991 0.015145807705793955 0.020056603289288728
leaf_weight=1294.8621807117015 2162.8748170994222 16644.903909478337 823.07960714772344 1879.7817139998078 4804.719138989225 4626.3654071614146 1011.3296537343413 5816.4910122361034 997.65569823794067 3239.9818009603769 1942.1785069406033 3649.2624591123313 1102.485769469291 2124.5386487580836
leaf_count=8581 13732 106094 6326 14922 32247 32598 6542 35763 6103 19101 13276 25235 6501 15377
internal_value=2.85063e-06 0.00466944 0.000961699 -0.0132501 -0.0049963 0.0193072 0.00903263 0.00734712 0.0104538 -0.00345462 -0.0199807 -0.0165882 0.00366152 0.0159775
internal_weight=52120.5 38549.7 30762.8 13570.8 6099.58 7786.9 10877.9 9866.6 3160.53 19884.9 7471.22 5591.44 6918.98 2947.62
internal_count=342398 248137 195704 94261 40828 52433 70509 63967 19835 125195 53433 38511 42264 21703
is_linear=0
shrinkage=0.03


Tree=38
num_leaves=15
num_cat=0
split_feature=3 6 6 3 3 3 8 7 6 7 7 9 6 8
split_gain=3427.35 2011.72 941.03 887.823 661.637 546.46 483.972 409.444 390.693 384.101 382.025 291.893 253.548 242.209
threshold=-10.033856278999998 7.7034857485000012 7.1447426835000014 17.629922397500003 6.4798032340000011 -32.407366224999997 1.0771624165000002 0.97069110450000007 9.6958445420000015 0.95507226550000002 0.9952496930000001 1.3397038640000003 8.3880505645000021 1.0279489195000002
decision_type=2 2 2 2 2 2 2 2 2 2 2 2 2 2
left_child=2 4 10 6 9 -4 7 12 -8 -2 -1 -5 -3 -11
right_child=1 3 5 11 -6 -7 8 -9 -10 13 -12 -13 -14 -15
leaf_value=-0.00044145957166329179 0.016434875329826099 0.0049489823422265442 -0.028662975619306221 0.0066253063934766454 0.022821525688173482 -0.012568076951554997 0.0059414241177928396 -0.011441376333444277 -0.011441376333444277 -0.00044145957166329179 -0.01619889154814182 0.023614736013165542 -0.009200231725695722 0.013371426243157408
leaf_weight=2905.6589402649552 3840.9907737728208 2796.3385846037418 2388.2760908715427 3188.0405081156641 5025.206697518006 9294.4762999303639 5696.7082955464721 5891.3668367601931 1114.888185992837 3553.4537373296916 1397.9395050220191 1272.468281487003 1916.8079534694552 1660.8836507312953
leaf_count=17797 23488 17713 19518 20407 37943 63791 33332 38264 6182 23952 9181 7795 11007 11954
internal_value=0.00011372 0.00525193 -0.0114414 -0.00044146 0.0140946 -0.0158692 -0.00350045 -0.00750717 0.00273826 0.00924178 -0.00044146 0.011493 -0.000809068 0.00393252
internal_weight=51943.5 35957.2 15986.4 21876.6 14080.5 11682.8 17416.1 10604.5 6811.6 9055.33 4303.6 4460.51 4713.15 5214.34
internal_count=342324 232037 110287 134700 97337 83309 106498 66984 39514 59394 26978 28202 28720 35906
is_linear=0
shrinkage=0.03


Tree=39
num_leaves=15
num_cat=0
split_feature=3 6 6 8 3 3 7 3 8 6 6 8 8 7
split_gain=3289.28 1678.68 1187.29 1033.65 901.738 614.091 582.747 357.099 347.107 330.193 315.422 298.906 257.118 232.57
threshold=2.7338615270000006 7.651832422500001 7.8826460775000013 0.9404688590000001 -30.988200826999996 -12.608022807999999 0.97286009550000008 38.817414758000005 0.92687289550000018 6.5667403585000006 7.1447426835000014 1.0190363215 1.0735097085000003 1.0503263660000002
decision_type=2 2 2 2 2 2 2 2 2 2 2 2 2 2
left_child=1 4 9 -3 -1 -5 10 -4 -8 -2 -6 -11 13 -7
right_child=2 3 7 5 6 12 8 -9 -10 11 -12 -13 -14 -15
leaf_value=-0.017433118276465293 0.032599728737607789 -0.024802740028290755 0.0024550002230026369 -0.016034112833172028 0.010619401163081837 -0.0046559518425891479 -0.014285928725071152 0.019287533240296702 0.0025626440472959586 0.010619401163081837 0.000597866956926483 0.023238691686869466 0.0021421914926968975 -0.016034112833172028
leaf_weight=1791.1741918027401 1427.1863461956382 3914.4475630559027 8818.9766677990556 5223.7657671254128 3973.4053726103157 5378.1978496313095 1472.9906343892217 1197.8641745485365 4304.2112395521253 3079.0250057801604 2852.8373893387616 3038.871693963185 4338.124706717208 1016.0250763557851
leaf_count=13045 9683 25043 53305 38755 24049 35362 8628 7766 31377 23319 17735 22536 25796 6276
internal_value=6.43176e-05 -0.00534624 0.0106194 -0.0109968 0.002455 -0.00760314 0.00528725 0.00384609 -0.00174181 0.0196031 0.0106194 0.0165471 -0.00349396 -0.00731647
internal_weight=51827.1 34265.2 17561.9 19870.6 14394.6 15956.1 12603.4 10016.8 5777.2 7545.08 6826.24 6117.9 10732.3 6394.22
internal_count=342675 226066 116609 131232 94834 106189 81789 61071 40005 55538 41784 45855 67434 41638
is_linear=0
shrinkage=0.03


Tree=40
num_leaves=15
num_cat=0
split_feature=3 7 3 3 10 8 7 8 7 7 1 8 7 3
split_gain=3055.96 1036.58 1116.71 957.69 654.166 330.124 325.632 276.437 318.869 163.137 145.638 142.339 121.899 110.931
threshold=-5.6506071024999995 1.0756424630000001 24.698403072500003 -33.145216774999987 26.500000000000004 1.1578567845000003 1.0667395255000003 1.0169892265000002 0.96463709600000014 0.97069110450000007 70.500000000000014 1.0761276120000003 0.98975807350000011 -44.514856691999995
decision_type=2 2 2 2 2 2 2 2 2 2 2 2 2 2
left_child=3 2 4 13 7 -3 -5 8 10 -6 -2 -11 -4 -1
right_child=1 5 12 6 9 -7 -8 -9 -10 11 -12 -13 -14 -15
leaf_value=-0.030549843898902623 0.0006931474723862322 -0.0072730523574025679 0.02936462289110494 -0.0072730523574025679 0.017483121228682234 0.0065236242103698366 -0.02046237335129936 0.0061992148303278835 -0.0072730523574025679 0.0045922249489546447 0.014326467206052773 0.016010543113340176 0.018227426881867428 -0.02046237335129936
leaf_weight=1387.009122159332 2658.0868069585413 2866.6947645917535 1826.2333854306489 15814.200425639749 3709.2673847638071 1557.2752444855869 1873.001038827002 7581.4303834531456 3556.7659572809935 2652.5014202203602 955.13091280125082 1561.5204268079251 1793.8222501333803 1859.7184819430113
leaf_count=10823 16501 16458 13281 105655 24337 8755 11730 47468 24267 19263 6313 10160 12878 14705
internal_value=0.000132758 0.00615622 0.00841658 -0.00870551 0.00594332 -0.00727305 -0.00727305 0.00220724 -0.00201518 0.0128933 0.00431185 0.00883728 0.0238786 -0.0239572
internal_weight=51652.7 30718.7 26294.8 20933.9 22674.7 4423.97 17687.2 14751.4 7169.98 7923.29 3613.22 4214.02 3620.06 3246.73
internal_count=342594 199681 174468 142913 148309 25213 117385 94549 47081 53760 22814 29423 26159 25528
is_linear=0
shrinkage=0.03


Tree=41
num_leaves=15
num_cat=0
split_feature=3 6 3 6 7 8 3 7 8 10 6 3 1 7
split_gain=2931.8 2126.45 1077.81 632.747 555.925 431.082 428.576 387.374 400.74 364.512 334.803 288.944 264.471 209.86
threshold=-14.374248219999998 7.1447426835000014 5.1764481595000005 7.0874746610000008 0.97455276950000014 1.0169892265000002 -39.342950712999993 0.97069110450000007 1.1458190540000002 18.500000000000004 9.6958445420000015 5.8196353055000012 49.500000000000007 0.9952496930000001
decision_type=2 2 2 2 2 2 2 2 2 2 2 2 2 2
left_child=3 4 5 13 -2 9 -5 -4 -9 -3 -7 -6 -8 -1
right_child=1 2 7 6 11 10 12 8 -10 -11 -12 -13 -14 -15
leaf_value=-0.0036959433205071435 0.024423212899834904 -0.012910891034740156 0.016041027938357842 -0.032192972673791967 0.0023803289724549461 0.0004989448971626034 -0.022859064684957534 0.0004989448971626034 0.014935327606455865 -0.0017858336396960048 -0.012910891034740156 0.02184522656811087 -0.012910891034740156 -0.017994054634031562
leaf_weight=2020.7512630112469 4772.0709189660847 5101.6343229208142 3541.1641435921192 1416.3954270258546 2257.5073349867016 9359.554337112233 2524.6573642436415 6119.7470560222864 2281.9715190939605 4185.5112638752908 1042.0635249763727 982.11912671476603 4813.7311367914081 1035.146192310378
leaf_count=12437 32494 33028 23241 11955 14514 59084 17920 41459 13311 26803 5899 7744 35235 6948
internal_value=0.000205671 0.00411454 0.000616811 -0.0129109 0.0179152 -0.00369594 -0.0170958 0.00772529 0.00421291 -0.00839197 0.000498945 0.00830584 -0.0141619 -0.00369594
internal_weight=51454 39643.3 31631.6 11810.7 8011.7 19688.8 8754.78 11942.9 8401.72 9287.15 10401.6 3239.63 7338.39 3055.9
internal_count=342072 257577 202825 84495 54752 124814 65110 78011 54770 59831 64983 22258 53155 19385
is_linear=0
shrinkage=0.03


Tree=42
num_leaves=15
num_cat=0
split_feature=3 6 6 9 3 7 6 3 9 6 6 7 3 1
split_gain=2688.75 1582.34 1122.72 877.05 768.988 487.6 322.902 308.06 274.884 292.858 268.957 256.181 245.102 319.865
threshold=2.7338615270000006 7.651832422500001 7.8826460775000013 1.0000014820000003 -34.741526003499992 0.97286009550000008 6.5667403585000006 38.817414758000005 1.0515298650000002 7.2770508370000009 7.1447426835000014 1.0503263660000002 -27.355080739999995 53.500000000000007
decision_type=2 2 2 2 2 2 2 2 2 2 2 2 2 2
left_child=1 4 6 11 -1 10 -2 -4 9 -7 -6 12 -3 -14
right_child=2 3 7 -5 5 8 -8 -9 -10 -11 -12 -13 13 -15
leaf_value=-0.018417171424586529 0.031770586261204922 -0.026996259697144621 0.0028636830334229113 -0.0056039491886393789 0.0098041527447000395 -0.01220693909278983 0.015631020268289393 0.018232810947322757 0.0070098520776780953 0.0057642065554069036 0.000605695934033559 -0.031795725594456509 -0.021147188237155758 -0.0046705525329577089
leaf_weight=1376.0593482833356 1373.9142902102321 1433.867081861943 8764.4880125951022 12746.56104031764 4092.0289658587426 2463.4170917440206 6026.3880047621205 1174.0915009770542 2260.982182463631 1215.5607062596828 2903.8746186476201 1156.5723833590746 2048.4069414827973 2200.3807974960655
leaf_count=10350 9717 11887 53236 82353 24914 16747 45957 7739 15710 8943 18204 8017 13675 14710
internal_value=0.000196733 -0.00471824 0.00980415 -0.0102579 0.00286368 0.00513369 0.0186469 0.00321377 -0.00121314 -0.00626938 0.00980415 -0.0189212 -0.0162753 -0.0126297
internal_weight=51236.6 33897.7 17338.9 19585.8 14311.9 12935.9 7400.3 9938.58 5939.96 3678.98 6995.9 6839.23 5682.65 4248.79
internal_count=342159 225510 116649 130642 94868 84518 55674 60975 41400 25690 43118 48289 40272 28385
is_linear=0
shrinkage=0.03


Tree=43
num_leaves=15
num_cat=0
split_feature=3 6 6 10 3 7 7 6 7 7 3 1 9 3
split_gain=2601.41 1692.16 894.417 769.274 530.239 409.539 379.33 355.939 450.371 339.587 283.738 264.827 241.858 214.592
threshold=-9.0464166284999994 7.1447426835000014 7.1447426835000014 31.500000000000004 -35.582078323999987 0.9952496930000001 0.97455276950000014 8.4606237100000019 1.0432601405000004 1.0756424630000001 8.206276079500002 45.500000000000007 1.3341505870000001 6.0528350270000013
decision_type=2 2 2 2 2 2 2 2 2 2 2 2 2 2
left_child=2 6 5 7 -4 -1 -2 8 10 -5 12 -6 -3 -8
right_child=1 3 4 9 11 -7 13 -9 -10 -11 -12 -13 -14 -15
leaf_value=0.0015985582661954135 0.024306924839090405 -0.00083418531145201336 -0.028876499084579271 0.012161944734354935 -0.018048748841761431 -0.014408425869814757 0.0034483109244648784 -0.0063719603748207581 -0.0095800778239925524 -0.004067561376129741 0.013984471954633339 -0.0095800778239925524 0.013734258846833592 0.021185571147372989
leaf_weight=3070.7024734150618 3976.4343593884259 5816.5233620721847 1789.4719658214599 6721.6027387715876 3703.0565659962595 1434.5933304317296 1746.8869024440646 8214.4428340792656 2174.2581353094429 1399.64450770244 2237.9476086515933 6666.8862937577069 1240.0208328068256 943.56900470145047
leaf_count=18864 28179 39168 15652 45597 25616 9550 11353 47520 13864 8061 16115 47348 7962 7619
internal_value=0.000150004 0.00485459 -0.00958008 0.00159856 -0.0138099 0.00159856 0.0184226 -0.00160706 0.00180707 0.00936411 0.00468947 -0.0111972 0.00173379 0.0096967
internal_weight=51136 34471.3 16664.7 27804.4 12159.4 4505.3 6666.89 19683.2 11468.7 8121.25 9294.49 10369.9 7056.54 2690.46
internal_count=342468 225438 117030 178287 88616 28414 47151 124629 77109 53658 63245 72964 47130 18972
is_linear=0
shrinkage=0.03


Tree=44
num_leaves=15
num_cat=0
split_feature=3 6 6 8 3 3 7 6 3 8 8 6 8 6
split_gain=2499.85 1437.7 960.572 909.418 706.349 475.197 470.463 317.805 309.217 304.933 257.506 243.073 246.982 242.134
threshold=2.7338615270000006 7.651832422500001 7.8826460775000013 0.9404688590000001 -34.741526003499992 -15.159322535999999 0.95337446550000016 6.5667403585000006 38.817414758000005 0.87471038300000015 1.0190363215 9.3095184375000013 1.0735097085000003 7.4021490555000016
decision_type=2 2 2 2 2 2 2 2 2 2 2 2 2 2
left_child=1 4 7 -3 -1 -5 13 -2 -4 -8 -9 12 -7 -6
right_child=2 3 8 5 6 11 9 10 -10 -11 -12 -13 -14 -15
leaf_value=-0.017781510295611813 0.031064706565215996 -0.022950820258126541 0.0028025219365234609 -0.015291743280726751 0.0095995414331906132 -0.0052212300017476457 -0.015961251260819247 0.0095995414331906132 0.018403766588020776 0.0022329431503567182 0.021211190068900931 -0.012927625461472379 0.0028025219365234609 -0.0054768603516817463
leaf_weight=1352.2942226491868 1339.3018842302263 3778.3886950276792 8741.2857733555138 4134.2066557388753 4320.5247735511512 6154.851124400273 945.19746836088598 3000.5645249513909 1159.0754851084203 6497.5113352350891 2941.9223190434277 2007.6327141076326 3435.5390708334744 1085.8372996822
leaf_count=10294 9736 24934 53056 32289 25771 41141 5110 23302 7730 46807 22504 11648 20928 6537
internal_value=0.000287968 -0.00445863 0.00959954 -0.00974323 0.00280252 -0.00656489 0.00497495 0.0178667 0.00351302 -8.6819e-05 0.0148686 -0.00344889 -0.00145893 0.00959954
internal_weight=50894.1 33712 17182.1 19510.6 14201.4 15732.2 12849.1 7281.79 9900.36 7442.71 5942.49 11598 9590.39 5406.36
internal_count=341787 225459 116328 130940 94519 106006 84225 55542 60786 51917 45806 73717 62069 32308
is_linear=0
shrinkage=0.03


Tree=45
num_leaves=15
num_cat=0
split_feature=3 3 10 3 1 9 3 2 2 9 10 10 3 2
split_gain=2386.1 1159.88 553.42 540.705 584.094 299.831 228.502 202.121 158.427 147.598 132.344 92.4451 81.5383 73.3843
threshold=-14.106869094499997 15.278038974500001 20.500000000000004 -41.661101118999994 48.500000000000007 1.2599569545000002 50.300575605500008 1.0000000180025095e-35 4.5000000000000009 0.87991135200000004 43.500000000000007 32.500000000000007 -30.988200826999996 2.5000000000000004
decision_type=2 2 2 2 2 2 2 2 2 2 2 2 2 2
left_child=3 2 5 -1 9 -2 10 -7 11 -5 -3 -4 -6 -11
right_child=1 6 8 4 12 7 -8 -9 -10 13 -12 -13 -14 -15
leaf_value=-0.027574992831046134 -0.0038586517537690049 0.010735355566753512 0.0042726143106202206 -0.027574992831046134 -0.010999279363590988 0.010735355566753512 0.026686675449554529 -0.0014651870106766717 -0.0029258668920436352 -0.010999279363590988 0.019245262647338165 0.0095206811194345035 -0.0038586517537690049 -0.020339446563146464
leaf_weight=1638.9157723169774 12601.562094863504 4786.4547938201576 6007.592721985653 887.04321190528572 1435.6939705368131 2242.1203356999904 1126.3229742255062 2676.7257007621229 1671.370941767469 1245.9702691603452 1807.1626714831218 6101.250245096162 5269.7266483642161 1295.4519139099866
leaf_count=13615 81732 33078 39258 5881 11728 13446 8024 16094 10363 8537 13292 40838 36720 9563
internal_value=0.000225949 0.00379764 0.00122808 -0.0116089 -0.00901443 -0.00230947 0.0142084 0.00410135 0.005725 -0.0190778 0.0120583 0.00691978 -0.00385865 -0.0152863
internal_weight=50793.4 39020.6 31300.6 11772.8 10133.9 17520.4 7719.94 4918.85 13780.2 3428.47 6593.62 12108.8 6705.42 2541.42
internal_count=342169 256125 201731 86044 72429 111272 54394 29540 90459 23981 46370 80096 48448 18100
is_linear=0
shrinkage=0.03


Tree=46
num_leaves=15
num_cat=0
split_feature=3 6 3 7 6 8 6 3 7 8 8 1 7 5
split_gain=2235.84 1870.66 846.847 565.303 533.998 432.983 382.274 360.382 346.495 376.986 253.656 212.808 198.353 178.782
threshold=-15.692675353499999 7.1447426835000014 6.7061813750000008 0.97455276950000014 7.0874746610000008 0.90615372750000012 9.3095184375000013 -36.478419837499992 0.97069110450000007 1.1458190540000002 0.95184951800000006 47.500000000000007 0.9952496930000001 1.5000000000000002
decision_type=2 2 2 2 2 2 2 2 2 2 2 2 2 2
left_child=4 3 5 -2 12 -3 13 -6 -4 -10 -5 -9 -1 -7
right_child=1 2 8 10 7 6 -8 11 9 -11 -12 -13 -14 -15
leaf_value=-0.0032382993854913919 0.022935974552513932 -0.012151164902656456 0.015644069496882806 -0.0032382993854913919 -0.028629397012623754 -0.00019474813009151711 -0.012151164902656456 -0.022272015880909591 -0.00019474813009151711 0.014532903767397852 0.012980609585505893 -0.012151164902656456 -0.017743015800971634 -0.0097915916532555162
leaf_weight=1835.141892330721 4768.7681270297617 1906.3945776075125 3046.6822258606553 1167.6384553126991 1667.1937066614628 15383.697558734566 2535.7752122506499 1901.6364892218262 5493.9550730567425 2080.3635792993009 2094.3822756111622 4133.3339536208659 933.50800692476332 1742.0665892083198
leaf_count=11445 33386 11051 20621 6942 15131 101025 14605 13959 37699 12342 15854 30806 6451 11049
internal_value=0.000193769 0.00340876 0.000176276 0.016357 -0.0121512 -0.0032383 -0.00180748 -0.0162897 0.00710847 0.00366707 0.00671882 -0.01286 -0.0032383 -0.000194748
internal_weight=50690.5 40219.7 32188.9 8030.79 10470.8 21567.9 19661.5 7702.16 10621 7574.32 3262.02 6034.97 2768.65 17125.8
internal_count=342366 264574 208392 56182 77792 137730 126679 59896 70662 50041 22796 44765 17896 112074
is_linear=0
shrinkage=0.03


Tree=47
num_leaves=15
num_cat=0
split_feature=6 9 7 10 8 9 6 2 9 1 1 7 1 1
split_gain=1877.31 1474.56 980.963 756.812 547.938 508.418 499.914 405.334 378.514 385.632 336.672 305.966 300.62 261.594
threshold=7.1447426835000014 0.85954095650000018 0.97455276950000014 34.500000000000007 1.0169892265000002 1.0070110210000001 8.4927381450000023 3.5000000000000004 1.0818175610000003 79.500000000000014 92.500000000000014 1.0495253400000004 89.500000000000014 64.500000000000014
decision_type=2 2 2 2 2 2 2 2 2 2 2 2 2 2
left_child=2 10 8 4 12 13 11 -5 9 -1 -2 -6 -3 -4
right_child=1 3 5 7 6 -7 -8 -9 -10 -11 -12 -13 -14 -15
leaf_value=0.0051977159859367527 -0.025877268511220537 -0.011229486703017284 -0.015853449178478148 0.010872737697693362 0.0087150299602751381 0.012382535626478721 -0.0052807462861143495 -0.0031300091379155141 0.027943465828244592 0.024262782158707034 -0.0086615154126312467 -0.0058009701218540268 7.7687315022466802e-05 0.0032550298491345097
leaf_weight=2353.1830459870398 2682.3445605449378 8385.8414639290422 1553.7657692432404 6303.5931158419698 6162.953965999186 1891.5298731327057 7278.534895317629 2636.0143774095923 2469.8470292743295 1606.0864414982498 1661.5190639197826 1654.3752443846315 2829.78567090258 1097.1907049752772
leaf_count=15294 19081 58661 10074 43408 42727 13724 43057 18169 17124 11281 11310 10473 20100 8148
internal_value=0.000214992 -0.00282802 0.0111931 -0.000794584 -0.0033568 0.000518902 0.000375172 0.00674432 0.0187287 0.0129523 -0.0193098 0.00564128 -0.00837784 -0.0079535
internal_weight=50566.6 39595 10971.6 35251.1 26311.5 4542.49 15095.9 8939.61 6429.12 3959.27 4343.86 7817.33 11215.6 2650.96
internal_count=342631 266986 75645 236595 175018 31946 96257 61577 43699 26575 30391 53200 78761 18222
is_linear=0
shrinkage=0.03


Tree=48
num_leaves=15
num_cat=0
split_feature=3 3 7 10 3 7 8 7 7 8 1 2 7 8
split_gain=2050.03 958.723 718.919 578.381 531.137 462.636 339.094 308.866 219.739 189.65 159.478 127.67 116.96 116.522
threshold=-12.608022807999999 18.641761268000003 1.0629504340000002 25.500000000000004 -41.661101118999994 0.98975807350000011 1.0169892265000002 1.0297178575000003 0.96463709600000014 1.1578567845000003 76.500000000000014 1.5000000000000002 0.96953431500000009 1.1551367010000002
decision_type=2 2 2 2 2 2 2 2 2 2 2 2 2 2
left_child=4 2 3 6 -1 -3 8 -6 10 -4 -2 -8 -13 -7
right_child=1 5 9 -5 7 13 11 -9 -10 -11 -12 12 -14 -15
leaf_value=-0.026751738574081849 -0.0020511990581547615 0.024654305884376292 -0.009036542343651633 0.0096113236162372294 -0.009036542343651633 0.0096113236162372294 0.0077656821878015203 -0.020608854318911528 -0.0084883247601264793 0.0018737835917505697 0.0096113236162372294 0.0071893630244430577 -0.0045776539294737706 0.020478924916518558
leaf_weight=1569.9575757980347 3755.0305820275098 2478.8479551207274 3414.7719069868326 9173.2819217666984 9098.8704729955643 2800.3589696530253 4942.6096533145756 2197.2534865420312 4405.621220678091 1432.3355722799897 987.16707153432071 1249.2407550085336 1925.1578274611384 1002.0201790016145
leaf_count=13542 23419 19215 20037 62308 64822 19751 31208 15960 30625 8056 6435 7894 12718 6172
internal_value=0.000187261 0.00372706 0.00157865 0.00352615 -0.0101457 0.014418 0.000291089 -0.00903654 -0.00366839 -0.00903654 0.000813675 0.00475291 5.71169e-05 0.00961132
internal_weight=50432.5 37566.4 31285.2 26438.1 12866.1 6281.23 17264.8 11296.1 9147.82 4847.11 4742.2 8117.01 3174.4 3802.38
internal_count=342162 247838 202700 174607 94324 45138 112299 80782 60479 28093 29854 51820 20612 25923
is_linear=0
shrinkage=0.03


Tree=49
num_leaves=15
num_cat=0
split_feature=3 6 6 3 3 6 8 7 7 7 6 7 3 9
split_gain=1938.97 1476.52 734.218 584.459 442.923 389.953 405.973 341.547 307.144 262.514 218.287 211.084 202.342 153.481
threshold=-10.222850553999999 7.1447426835000014 7.1447426835000014 11.783730474500002 -36.478419837499992 8.4927381450000023 1.0708467625000002 0.97455276950000014 0.9952496930000001 1.0432601405000004 8.4442016290000019 0.95741212200000014 5.8196353055000012 0.85608250950000009
decision_type=2 2 2 2 2 2 2 2 2 2 2 2 2 2
left_child=2 7 8 5 -4 6 9 -2 -1 13 -6 -5 -9 -3
right_child=1 3 4 11 10 -7 -8 12 -10 -11 -12 -13 -14 -15
leaf_value=0.0010600170795160497 0.022289667918464418 -0.0088007861091581006 -0.027744259452620972 0.019058272674374047 -0.0088007861091581006 -0.0067368454272555903 0.0082182189060542518 0.0028574310007160532 -0.013480666221596082 -0.0088007861091581006 -0.016964169749322851 0.0082182189060542518 0.020054202758815157 0.002190814750364358
leaf_weight=2847.8912910316139 3978.1269611902535 995.56110054254532 1548.4852210367098 1614.597112454474 6044.6473297085613 7975.2580282576382 3414.7947548925877 1860.5952538847923 1317.6876670848578 1336.2958280183375 3322.4061791989952 5926.9113793876022 916.96163859404624 7219.9335891027004
leaf_count=17674 29320 6266 14681 11251 44414 46268 22074 12092 9019 8728 23480 39996 7705 49370
internal_value=0.000199325 0.00405177 -0.00880079 0.00106002 -0.0128983 -0.00151912 0.00169147 0.0166555 0.00106002 -0.00158418 -0.0104306 0.00821822 0.00856048 0.000650835
internal_weight=50320.2 35239 15081.1 28483.4 10915.5 20941.8 12966.6 6755.68 4165.58 9551.79 9367.05 7541.51 2777.56 8215.49
internal_count=342338 233070 109268 183953 82575 132706 86438 49117 26693 64364 67894 51247 19797 55636
is_linear=0
shrinkage=0.03


Tree=50
num_leaves=15
num_cat=0
split_feature=3 3 7 3 7 10 8 7 8 8 8 3 3 7
split_gain=1839.8 827.154 751.402 807.23 429.044 366.932 187.621 187.463 183.491 172.933 130.631 123.367 108.945 104.237
threshold=-2.9939406849999997 -30.988200826999996 1.0756424630000001 24.698403072500003 1.0667395255000003 28.500000000000004 0.86380373900000007 0.97373885250000014 1.0886174285000003 1.0405031505000002 1.1918919075000003 2.9054426595000007 -50.772417076999993 0.95741212200000014
decision_type=2 2 2 2 2 2 2 2 2 2 2 2 2 2
left_child=1 12 3 5 6 7 -3 11 -6 -9 -4 -2 -1 -5
right_child=2 4 10 13 8 -7 -8 9 -10 -11 -12 -13 -14 -15
leaf_value=-0.030864185487093257 0.0025773412878449847 -0.015777923201623523 -0.0034817883061589476 0.029427886389055146 -0.01940200777305812 0.01156465507734568 -0.0034817883061589476 -0.0034817883061589476 -0.0054324648502404402 0.0041270820944021673 0.0086075620364171514 0.011295816555250729 -0.01940200777305812 0.017878528348340451
leaf_weight=755.63019639253616 3215.9948624949902 1431.2265409752727 2887.3549451977015 1038.2919131554663 1324.2619719095528 6122.8900765869766 16829.033151689917 3265.7007545996457 949.12374769896269 3560.047892164439 1069.9142130315304 2677.219318466261 2667.5732546234503 2324.6112212073058
leaf_count=6704 19812 7980 16675 8331 8714 43259 115065 22567 5700 22496 6077 18349 22832 17790
internal_value=0.000245735 -0.00576021 0.00574549 0.00795346 -0.00348179 0.00553368 -0.00348179 0.00262697 -0.0165012 -0.000757456 -0.00348179 0.00654426 -0.019402 0.0214828
internal_weight=50118.9 23956.8 26162 22204.8 20533.6 18841.9 18260.3 12719 2273.39 6825.75 3957.27 5893.21 3423.2 3362.9
internal_count=342351 166995 175356 152604 137459 126483 123045 83224 14414 45063 22752 38161 29536 26121
is_linear=0
shrinkage=0.03


Tree=51
num_leaves=15
num_cat=0
split_feature=6 8 4 3 3 8 6 8 6 8 8 6 6 3
split_gain=1806.36 1321.63 1001.16 915.94 466.578 444.698 397.947 371.984 368.935 366.591 340.662 287.655 329.463 240.659
threshold=7.651832422500001 0.90615372750000012 10.500000000000002 -12.154581448499998 37.150595635500004 1.0106034240000001 6.125332171000001 1.0279489195000002 9.3095184375000013 1.1363215850000001 1.0787554880000003 7.1447426835000014 7.2527475485000013 -16.877343142999994
decision_type=2 2 2 2 2 2 2 2 2 2 2 2 2 2
left_child=2 -2 5 -3 8 13 -4 11 10 -10 -5 -8 -13 -1
right_child=1 3 6 4 -6 -7 7 -9 9 -11 -12 12 -14 -15
leaf_value=-0.014528643698377372 -0.026445084912148007 -0.013154726689154852 0.031468183553044732 -0.0022904527972867749 0.017279610803142172 0.010677572050809664 0.012482581300621484 0.018667793658350723 -0.013154726689154852 0.002338157420358603 0.0065388292036896679 -0.014548528806581175 0.0060510149622109788 -0.0011977782432215324
leaf_weight=2042.6049919603392 2268.7936829850078 5904.2210993431509 890.94747629016638 10783.331432018429 1337.8268660847098 1821.2346689570695 4356.8168474789709 3665.7207665527239 2212.3626218736172 1597.6965977400541 6184.3701506648213 904.57336129806936 3010.4176657283679 3013.5083723217249
leaf_count=14765 15153 46411 5646 71552 9371 12353 31883 28047 12609 8986 37345 6852 21826 19474
internal_value=0.000151336 -0.00444803 0.00722007 -0.0026625 0.000140955 -0.00201453 0.0121696 0.0107167 -0.000966451 -0.00939608 0.000928613 0.00718394 0.00127893 -0.00659231
internal_weight=49994.4 30288.6 19705.8 28019.8 22115.6 6877.35 12828.5 11937.5 20777.8 3810.06 16967.7 8271.81 3914.99 5056.11
internal_count=342273 201427 140846 186274 139863 46592 94254 88608 130492 21595 108897 60561 28678 34239
is_linear=0
shrinkage=0.03


Tree=52
num_leaves=15
num_cat=0
split_feature=6 3 4 3 9 9 6 9 6 7 6 6 7 3
split_gain=1661.87 1121.8 997.259 550.517 473.823 465.728 416.976 409.3 352.907 293.518 304.358 239.279 235.765 228.39
threshold=7.651832422500001 -14.106869094499997 9.5000000000000018 19.696712776000002 1.1617458960000002 0.87738731000000014 6.125332171000001 1.0140505730000002 9.8711385970000016 0.94577038950000014 7.4407867225000013 7.1447426835000014 1.0756424630000001 -9.2309244019999976
decision_type=2 2 2 2 2 2 2 2 2 2 2 2 2 2
left_child=2 -2 4 5 13 -3 -4 9 -7 -8 11 -11 -5 -1
right_child=1 3 6 12 -6 8 7 -9 -10 10 -12 -13 -14 -15
leaf_value=-0.013711093584905396 -0.015768574453627154 -0.015768574453627154 0.030446926757332651 0.013821487177806612 0.012634930330176564 -0.00081100823411447151 0.012795028525862714 0.015041600262524315 -0.015768574453627154 0.00087406275567057689 0.015358537574690422 -0.016936394141132412 -0.00081100823411447151 -0.0001117109761571859
leaf_weight=2625.9918971611187 6047.7478575492278 1683.7288230452687 954.63719405978918 2742.554340692237 1284.3803829848766 17394.753851087764 2309.9159627873451 6741.2733713239431 1203.3117068223655 2019.2864155191928 827.73186532221735 1017.3828279478475 1115.7751382030547 1924.4861183259636
leaf_count=18487 48582 10453 6050 19330 8220 109245 15442 50339 7034 14985 6001 8845 6542 12698
internal_value=0.000203197 -0.00422015 0.00697904 -0.00132429 -0.00342441 -0.00330064 0.0113552 0.0099328 -0.00190794 0.00434722 -0.000712405 -0.00511105 0.00905549 -0.00796608
internal_weight=49893 30187.9 19705.1 24140.1 5834.86 20281.8 13870.2 12915.6 18598.1 6174.32 3864.4 3036.67 3858.33 4550.48
internal_count=342253 201186 141067 152604 39405 126732 101662 95612 116279 45273 29831 23830 25872 31185
is_linear=0
shrinkage=0.03


Tree=53
num_leaves=15
num_cat=0
split_feature=6 3 7 10 3 3 9 9 6 7 7 4 3 9
split_gain=1586.39 1364.19 851.901 605.047 421.194 408.727 350.029 301.548 334.964 289.38 259.658 252.911 237.803 208.383
threshold=7.1447426835000014 -10.832762489999999 0.97455276950000014 31.500000000000004 -2.8649681099999995 -35.582078323999987 1.0818175610000003 0.85954095650000018 8.4927381450000023 1.0756424630000001 1.0432601405000004 8.5000000000000018 8.206276079500002 1.0070110210000001
decision_type=2 2 2 2 2 2 2 2 2 2 2 2 2 2
left_child=2 5 6 7 13 -2 11 -3 10 -5 12 -1 -9 -4
right_child=1 3 4 9 -6 -7 -8 8 -10 -11 -12 -13 -14 -15
leaf_value=-0.0010326595759949622 -0.026118826304372438 -0.0095237637961458343 -0.013671188897204185 0.010057966787910695 0.011181896569692418 -0.0095237637961458343 0.02651914132275893 0.0021427513365156899 -0.0056566100168689423 -0.0048417228998821589 -0.0069922216077334494 0.016408412688949926 0.0140381689857789 0.0041566644620454722
leaf_weight=1009.120549634099 1578.2967734467238 1768.8106979504228 1696.5157800130546 6849.6144628077745 1861.5336210643873 8647.3226147964597 2379.5242294277996 6989.6339152324945 7744.6423745658249 1412.2521756459028 2101.5124061703682 2883.5876364791766 1926.1025751680136 900.41570012643933
leaf_count=6394 15683 11236 11618 47523 14204 63708 17161 47092 45314 8284 13565 20230 14364 6080
internal_value=0.000122887 -0.00268672 0.0103355 0.000656724 0.000307642 -0.0120967 0.0174576 -0.00210217 -0.000877556 0.00750968 0.00248295 0.0118916 0.00471899 -0.00749375
internal_weight=49748.9 39018.2 10730.7 28792.6 4458.47 10225.6 6272.23 20530.7 18761.9 8261.87 11017.2 3892.71 8915.74 2596.93
internal_count=342456 266769 75687 187378 31902 79391 43785 131571 120335 55807 75021 26624 61456 17698
is_linear=0
shrinkage=0.03


Tree=54
num_leaves=15
num_cat=0
split_feature=6 8 7 8 7 6 9 6 4 9 9 8 8 4
split_gain=1482.68 1243.9 806.852 723.208 903.762 563.465 390.303 383.61 374.179 310.829 279.751 276.363 252.355 246.472
threshold=7.1447426835000014 0.86768323550000015 0.97455276950000014 1.0803828820000001 1.0503263660000002 8.4442016290000019 1.0234630600000003 8.9296127890000019 9.5000000000000018 0.97499699000000006 1.3899082015000002 0.9404688590000001 0.97400091200000005 10.500000000000002
decision_type=2 2 2 2 2 2 2 2 2 2 2 2 2 2
left_child=2 -2 9 4 5 8 13 -5 -3 -1 -9 -7 -6 -4
right_child=1 3 6 7 12 11 -8 10 -10 -11 -12 -13 -14 -15
leaf_value=0.0095149840830930452 -0.029233343917115993 -0.0065121836974914773 -0.016485729004368132 0.0090464321103387903 -0.029513111638851008 -0.023431667321179614 0.01139352907351787 -0.0092215822720775158 0.0040267659791185812 0.0230462060755935 0.0057863923263714503 -0.0066275287050650859 -0.012670596486080201 0.001588463974418746
leaf_weight=2777.209376771003 1514.2764253038913 4155.1330579193309 1263.6042620800436 7072.1747018638998 1164.2741809673607 1037.3718701358885 1727.6537589170039 2373.9123136084527 11176.588022653013 3423.0208338117227 2104.0004275143147 5741.5906304940581 2592.3893485181034 1459.3985769208521
leaf_count=18455 10078 31149 8452 46209 7901 6816 12858 13859 82826 25171 11956 38522 17161 10618
internal_value=9.09336e-05 -0.00262271 0.0100066 -0.00154202 -0.00432877 -0.00201559 0.000258844 0.00469831 0.00116936 0.0169978 -0.00217132 -0.00921441 -0.0179228 -0.00681367
internal_weight=49582.6 38931.7 10650.9 37417.4 25867.3 22110.7 4450.66 11550.1 15331.7 6200.23 4477.91 6778.96 3756.66 2723
internal_count=342031 266477 75554 256399 184375 159313 31928 72024 113975 43626 25815 45338 25062 19070
is_linear=0
shrinkage=0.03


Tree=55
num_leaves=15
num_cat=0
split_feature=6 9 7 10 8 6 9 6 9 1 1 8 7 7
split_gain=1428.48 1206.85 755.738 601.836 478.1 446.172 388.316 332.538 319.927 384.331 299.971 283.578 366.927 275.332
threshold=7.1447426835000014 0.85954095650000018 0.97455276950000014 44.500000000000007 1.0169892265000002 7.8558887275000009 1.0234630600000003 10.085208991000002 1.0818175610000003 77.500000000000014 95.500000000000014 1.1363215850000001 1.0728724090000001 1.0432601405000004
decision_type=2 2 2 2 2 2 2 2 2 2 2 2 2 2
left_child=2 10 8 4 13 -6 -4 11 9 -1 -2 12 -7 -3
right_child=1 3 6 -5 5 7 -8 -9 -10 -11 -12 -13 -14 -15
leaf_value=0.0033049387523068773 -0.0240077344636518 -0.0049352492870309086 -0.0066769477781396637 0.0095296462767386833 0.0094743588281944804 -0.0006451064773845658 0.011503331798710192 -0.018322435348558083 0.025316506144187702 0.022531129906527548 -0.0072653137853400948 0.0063134312662463101 -0.017440058516365781 -0.017964630604863044
leaf_weight=2264.8456078786403 2613.9596469318494 11082.109917915426 2713.2108524711803 4483.8271175064147 4218.8043489065021 6914.8629095274955 1725.5474207755178 999.03712202981114 2353.4727082997561 1592.0706054130569 1532.5737739093602 3895.5368224903941 1404.4758564457297 1677.6931027658284
leaf_count=14951 19567 79776 18990 31847 30211 46213 12885 6018 17310 11632 10636 22287 8437 11539
internal_value=0.000120003 -0.00255008 0.00985077 -0.000719922 -0.00224339 0.000986472 0.000395546 -0.00172601 0.016603 0.0112601 -0.0178359 -0.000361675 -0.00348921 -0.00665475
internal_weight=49472 38822.9 10649.1 34676.3 30192.5 17432.7 4438.76 13213.9 6210.39 3856.92 4146.53 12214.9 8319.34 12759.8
internal_count=342299 266531 75768 236328 204481 113166 31875 82955 43893 26583 30203 76937 54650 91315
is_linear=0
shrinkage=0.03


Tree=56
num_leaves=15
num_cat=0
split_feature=3 6 6 8 3 4 6 3 8 6 3 8 5 1
split_gain=1554.89 1007.82 773.356 684.55 520.316 354.969 273.172 271.332 237.991 237.526 213.862 199.157 196.084 141.786
threshold=3.0923464490000003 7.6815988030000009 7.8826460775000013 0.9404688590000001 -36.478419837499992 7.5000000000000009 6.5667403585000006 -31.688675280499996 0.98996059800000014 8.4442016290000019 37.150595635500004 0.95399603100000008 1.0000000180025095e-35 45.500000000000007
decision_type=2 2 2 2 2 2 2 2 2 2 2 2 2 2
left_child=1 4 6 9 -1 11 -2 -5 -8 13 -4 -6 -9 -3
right_child=2 3 10 7 5 -7 8 12 -10 -11 -12 -13 -14 -15
leaf_value=-0.016935793302664193 0.028866316917543194 -0.021753797473892462 0.0024018756176006975 -0.021143228022084144 -0.012537771128048722 0.0069353186047051941 0.0069353186047051941 -0.0011418693202497688 0.017623417760208666 -0.029824845614020292 0.015063105717644904 0.0021534564373020542 -0.0081436210082676697 -0.005981405872646308
leaf_weight=1147.4243843834847 1154.3992244713008 1003.160714766942 8317.1840521488339 924.30631206184626 1483.5177979171276 9911.1542682405561 1971.7385822534561 7702.828843401745 3535.1397868338972 1384.5416056383401 1196.7214896883816 1875.7601078227162 6756.0520065817982 1055.0329489959404
leaf_count=9457 9552 7013 51053 9542 8950 67206 15262 50803 29620 9726 8434 13032 45133 7590
internal_value=0.000145304 -0.00356651 0.00777269 -0.00813683 0.00240188 0.00407965 0.015609 -0.00542685 0.0128062 -0.0202204 0.00240188 -0.00434345 -0.00441519 -0.0137029
internal_weight=49419 33243.8 16175.2 18825.9 14417.9 13270.4 6661.28 15383.2 5506.88 3442.74 9513.91 3359.28 14458.9 2058.19
internal_count=342373 228452 113921 129807 98645 89188 54434 105478 44882 24329 59487 21982 95936 14603
is_linear=0
shrinkage=0.03


Tree=57
num_leaves=15
num_cat=0
split_feature=3 6 3 1 1 7 8 3 9 6 6 2 3 7
split_gain=1377.18 1291.68 563.179 475.813 441.376 324 382.333 316.329 267.326 145.861 144.237 141.442 141.232 116.478
threshold=-18.438433096499995 7.1447426835000014 4.5861819840000004 46.500000000000007 59.500000000000007 0.97069110450000007 1.1458190540000002 -41.661101118999994 1.1645512995000002 7.7398744825000003 8.4354695335000009 4.5000000000000009 20.208611482500004 0.97455276950000014
decision_type=2 2 2 2 2 2 2 2 2 2 2 2 2 2
left_child=4 3 -3 8 11 12 9 -6 -2 -7 -9 -1 -4 -5
right_child=1 2 5 13 7 6 -8 10 -10 -11 -12 -13 -14 -15
leaf_value=-0.019174926004866248 -0.00027013690937557411 -0.0032113023734368939 0.0086432469396786095 0.024514775619952991 -0.019174926004866248 0.0066643297013003885 0.012367163435949676 -0.0032113023734368939 0.017793819758766719 -0.0032113023734368939 -0.015003370732678852 -0.030414988912073004 0.02181018308867394 0.017793819758766719
leaf_weight=2459.7720068059862 2539.2807612400502 21009.642114087939 2474.1778713371605 2696.1141679147258 835.06206170469522 1425.4601892977953 2241.4201025441289 2913.8566899793223 1033.9358080271631 4810.5731539223343 1020.4234189596027 1017.1373129328713 1045.2573550064117 1781.2679147794843
leaf_count=18789 16551 136531 16301 21643 7909 11744 13593 22213 6940 31315 8145 8865 7909 13824
internal_value=0.000130922 0.00237827 -0.000250311 0.0131486 -0.011053 0.00493433 0.00175501 -0.00511817 0.00497436 -0.00206617 -0.0032113 -0.0191749 0.0125792 0.0196593
internal_weight=49303.4 41057.1 33006.5 8050.6 8246.25 11996.9 8477.45 4769.34 3573.22 6236.03 3934.28 3476.91 3519.44 4477.38
internal_count=342272 276351 217393 58958 65921 80862 56652 38267 23491 43059 30358 27654 24210 35467
is_linear=0
shrinkage=0.03


Tree=58
num_leaves=15
num_cat=0
split_feature=3 6 6 8 3 3 3 8 6 6 8 6 8 8
split_gain=1353.31 924.921 733.892 663.357 484.863 294.141 260.701 249.018 215.415 184.89 188.451 128.78 167.895 123.797
threshold=2.7338615270000006 7.6815988030000009 7.0874746610000008 0.9404688590000001 -36.478419837499992 47.368669263000008 -30.988200826999996 0.86768323550000015 8.4442016290000019 9.3095184375000013 1.0735097085000003 7.8826460775000013 0.98924251900000015 1.0958680435000001
decision_type=2 2 2 2 2 2 2 2 2 2 2 2 2 2
left_child=1 4 -2 8 -1 11 -5 -6 -3 10 -8 12 -4 -11
right_child=2 3 5 6 7 -7 9 -9 -10 13 -12 -13 -14 -15
leaf_value=-0.016506190272345404 0.022290502172821417 -0.013477357360494931 0.0040476376797164296 -0.020080720694360284 -0.0079295069712505255 0.021113472015737701 -0.0050870485089696731 0.0040476376797164296 -0.02898596206682913 -0.018177233627637627 0.003048103233162533 0.0040476376797164296 0.014211143778382323 -0.0044666347357867654
leaf_weight=1116.1395430192351 2473.0097603965551 2014.7505302540958 1396.7235056702048 966.05336535535753 1557.876075303182 917.64474687166512 7901.1846731714904 11579.124260094017 1359.0134266559035 1237.1084634661674 3787.9129099696875 9056.7310770750046 2633.2422772143036 1141.8425502367318
leaf_count=9406 22437 14474 10257 10102 8409 6708 55382 79907 9728 7866 23654 56128 21050 6734
internal_value=0.000232166 -0.00330398 0.00724031 -0.00774546 0.00243288 0.0045756 -0.00504405 0.00404764 -0.0197582 -0.00400472 -0.00245063 0.00404764 0.00953132 -0.0116196
internal_weight=49138.4 32661 16477.4 18407.9 14253.1 14004.3 15034.1 13137 3373.76 14068 11689.1 13086.7 4029.97 2378.95
internal_count=342242 225662 116580 127940 97722 94143 103738 88316 24202 93636 79036 87435 31307 14600
is_linear=0
shrinkage=0.03


Tree=59
num_leaves=15
num_cat=0
split_feature=3 10 7 1 7 3 8 3 3 7 1 9 8 9
split_gain=1238.54 821.819 513.87 431.547 356.866 358.032 308.165 304.536 291.746 163.439 148.641 174.133 121.948 121.309
threshold=-15.692675353499999 26.500000000000004 1.0756424630000001 49.500000000000007 0.97373885250000014 13.209267504000001 1.1363215850000001 25.454647668000003 -41.661101118999994 0.97027567150000016 77.500000000000014 1.2632700440000002 1.0761276120000003 0.87738731000000014
decision_type=2 2 2 2 2 2 2 2 2 2 2 2 2 2
left_child=3 4 7 13 5 10 -6 9 -5 -3 11 -2 -11 -1
right_child=1 2 -4 8 6 -7 -8 -9 -10 12 -12 -13 -14 -15
leaf_value=-0.029561629730302734 -0.0030529876912781619 0.012375883476881615 -0.005952370825527205 -0.018517810666514062 -0.005952370825527205 0.019850361167478799 0.0045293487512700374 0.021582224622509302 -0.005952370825527205 0.0018844808853651735 0.0095733124820069088 0.0072620097545988095 0.011354649552030189 -0.018517810666514062
leaf_weight=904.21135090198368 5516.1078702043742 5002.7940407423303 2003.7721033412963 1012.2497355276719 11314.974639404565 1063.248319555074 3066.2097287904471 1862.1712262379006 5658.1811902225018 3827.1686632670462 1673.0412998069078 2003.8825226780027 1795.8493370171636 2302.2261479990557
leaf_count=6977 35569 34148 11948 9859 77450 8505 17697 15617 43107 27932 11164 12064 12292 17937
internal_value=7.49371e-05 0.00247127 0.00813881 -0.00941505 -0.000863357 0.00341109 -0.00391191 0.0104013 -0.00595237 0.00843261 0.0015 -0.000301309 0.00491641 -0.0185178
internal_weight=49006.1 39129.2 14491.8 9876.87 24637.5 10256.3 14381.2 12488 6670.43 10625.8 9193.03 7519.99 5623.02 3206.44
internal_count=342266 264386 101937 77880 162449 67302 95147 89989 52966 74372 58797 47633 40224 24914
is_linear=0
shrinkage=0.03


Tree=60
num_leaves=15
num_cat=0
split_feature=6 8 1 2 8 8 6 2 4 1 9 6 6 8
split_gain=1215.97 1068.37 746.323 678.802 486.858 422.174 367.31 306.372 271.577 213.105 185.356 180.34 167.45 143.59
threshold=7.651832422500001 0.90615372750000012 77.500000000000014 4.5000000000000009 1.0803828820000001 1.0279489195000002 9.3095184375000013 3.5000000000000004 8.5000000000000018 40.500000000000007 0.84955429650000014 6.466575573000001 9.8407207140000015 0.86380373900000007
decision_type=2 2 2 2 2 2 2 2 2 2 2 2 2 2
left_child=2 13 3 5 6 9 8 12 -3 10 -1 -4 -6 -2
right_child=1 4 11 -5 7 -7 -8 -9 -10 -11 -12 -13 -14 -15
leaf_value=-0.015641291026482273 -0.033561018880627153 -0.011166745806672689 0.025076396533115729 -0.02223131067254407 0.0076812457694880893 0.013097109360656708 -0.017047771548740653 -0.0065040466932625293 -0.0014988779252306031 0.006061929631577468 -0.0010976398705892071 0.013097109360656708 -0.0054725149991234059 -0.017621181556233594
leaf_weight=989.66288111545146 862.3539368994534 3327.0189603967592 1138.570509695448 1006.1905632764101 6726.1559569146484 2967.8383936872706 2060.934864372015 2289.5672568418086 12162.185671460815 3013.9714315403253 3812.7522916831076 6202.191644529812 996.84548849612474 1293.4105104859918
leaf_count=6042 6230 24986 8113 7858 41370 21272 13161 14382 86372 21464 25892 49940 5835 9005
internal_value=5.09867e-05 -0.00374641 0.00594932 0.00127236 -0.00215351 0.00347458 -0.00516456 0.00312422 -0.00357843 -0.000185074 -0.00410789 0.0134553 0.00598098 -0.0240604
internal_weight=48849.7 29718.5 19131.2 11790.4 27562.7 10784.2 17550.1 10012.6 15489.2 7816.39 4802.42 7340.76 7723 2155.76
internal_count=341922 201341 140581 82528 186106 74670 124519 61587 111358 53398 31934 58053 47205 15235
is_linear=0
shrinkage=0.03


Tree=61
num_leaves=15
num_cat=0
split_feature=6 9 7 10 8 7 9 8 6 7 9 1 7 1
split_gain=1170.58 1042.03 655.392 542.215 360.029 384.754 345.935 343.716 305.439 449.273 272.038 264.564 257.781 254.519
threshold=7.1447426835000014 0.85954095650000018 0.97455276950000014 43.500000000000007 1.0169892265000002 1.0667395255000003 1.0234630600000003 1.1578567845000003 8.2833208535000029 1.0409881690000002 0.97499699000000006 61.500000000000007 1.0432601405000004 79.500000000000014
decision_type=2 2 2 2 2 2 2 2 2 2 2 2 2 2
left_child=2 11 10 4 12 8 -4 -7 -6 -10 13 -2 -3 -1
right_child=1 3 6 -5 5 7 -8 -9 9 -11 -12 -13 -14 -15
leaf_value=0.0009450889334392035 -0.025983966517801028 -0.0043213441975987884 -0.0064793841614254341 0.0087802788994125729 0.0079570079481442995 -0.014508139705438459 0.010783289926045176 0.0030126704610156669 -0.0052914563466023032 0.013703013050240836 0.021340074711037733 -0.010338920640771843 -0.017116462078244247 0.019622038713995801
leaf_weight=1628.6989904474467 1635.8337227366865 10803.15633262787 2679.5457587363198 4767.9042818639427 6330.6970390640199 2427.0960508082062 1705.440218443051 1718.1205133572221 5248.9594659283757 1419.6429098583758 3264.3393422691151 2418.8681158404797 1627.4147184062749 1095.9161520795897
leaf_count=10607 12392 78660 19022 34226 45366 14809 12981 9814 33435 8472 25114 17889 11365 7838
internal_value=0.000114175 -0.00230179 0.00905334 -0.000602641 -0.00211652 0.000702061 0.000239174 -0.00725119 0.00324 -0.00124059 0.0155013 -0.016675 -0.00600269 0.00847966
internal_weight=48771.6 38397.7 10373.9 34343 29575.1 17144.5 4384.99 4145.22 12999.3 6668.6 5988.95 4054.7 12430.6 2724.62
internal_count=341990 266428 75562 236147 201921 111896 32003 24623 87273 41907 43559 30281 90025 18445
is_linear=0
shrinkage=0.03


Tree=62
num_leaves=15
num_cat=0
split_feature=3 6 10 8 4 3 2 6 3 6 6 8 2 9
split_gain=1161.09 1188.23 591.202 448.809 362.116 280.728 279.652 268.173 212.102 197.064 152.61 190.005 150.667 146.869
threshold=-22.511954662999997 7.1447426835000014 32.500000000000007 1.0190363215 7.5000000000000009 -41.661101118999994 3.5000000000000004 8.4927381450000023 15.278038974500001 8.4354695335000009 7.7034857485000012 1.1578567845000003 1.5000000000000002 1.0022925595000001
decision_type=2 2 2 2 2 2 2 2 2 2 2 2 2 2
left_child=5 4 3 -3 -2 -1 10 -5 13 -7 -4 -12 -9 -6
right_child=1 2 6 7 8 9 -8 12 -10 -11 11 -13 -14 -15
leaf_value=-0.024179656620728403 -0.00090250219173008766 -0.0074227409976012123 0.01656673396323639 0.0047702236412224507 0.007511502600181897 -0.0074227409976012123 -0.002826254829013543 0.0014436874666133562 0.026102759160785829 -0.020367191497374083 0.0035085471669649357 0.018482255134598193 -0.0076474978273807174 0.01726836467970698
leaf_weight=1371.6539536016062 1604.5701272599399 11438.907603442669 1757.453206339851 6929.610435385257 2783.596226640977 3498.2200601464137 2465.3748543392867 2921.3315421491861 1248.9971699602902 1101.1084229368716 4105.0166010204703 932.80125589296222 3733.5604697056115 2792.8299617106095
leaf_count=13544 10096 78269 13533 47227 18751 27838 16290 16920 12595 9671 28037 5938 22451 20982
internal_value=9.97787e-05 0.0018324 -0.000649256 -0.0030458 0.0119195 -0.0122858 0.00582464 0.000641209 0.0149322 -0.00871636 0.00896302 0.00629665 -0.00365861 0.0124091
internal_weight=48685 42714 34284.1 25023.4 8429.99 5970.98 9260.65 13584.5 6825.42 4599.33 6795.27 5037.82 6654.89 5576.43
internal_count=342142 291089 228665 164867 62424 51053 63798 86598 52328 37509 47508 33975 39371 39733
is_linear=0
shrinkage=0.03


Tree=63
num_leaves=15
num_cat=0
split_feature=6 9 3 1 3 1 7 3 3 9 7 6 2 9
split_gain=1079.01 796.69 738.988 531.857 396.64 330.8 288.009 268.807 234.822 227.218 216.209 209.354 200.772 184.214
threshold=7.7398744825000003 1.0140505730000002 -12.386574613499999 72.500000000000014 19.696712776000002 76.500000000000014 1.0667395255000003 -29.670302860999996 -30.988200826999996 1.3397038640000003 0.94577038950000014 7.0874746610000008 1.5000000000000002 0.89016317450000015
decision_type=2 2 2 2 2 2 2 2 2 2 2 2 2 2
left_child=1 3 8 7 6 11 13 -1 -2 -6 -5 -3 -13 -4
right_child=2 5 4 10 9 -7 -8 -9 -10 -11 -12 12 -14 -15
leaf_value=-0.021863234171862669 -0.023877564359591357 0.013668605722886222 -0.010495707922872065 0.015349924906746432 0.0032380099323499698 0.018378744090508495 -0.010495707922872065 -0.0037805960550569965 -0.010495707922872065 0.020007566299785957 0.0020405446229851613 0.0079980719203101638 -0.0060745810992476777 3.5817054019740991e-05
leaf_weight=863.11430624406785 1399.6519136568531 2662.9761868230999 1365.4293317757547 1770.8825164008886 2594.8173788171262 3742.8875597221777 3631.5756130125374 5032.9028282370418 4535.9727426152676 1006.7228836137801 2884.7697525499389 2442.4069230724126 1450.2581896418706 13192.780963521451
leaf_count=7482 14896 18745 8812 12217 17749 31119 20983 34296 34706 6777 23284 16958 10190 83920
internal_value=0.000177361 0.00533266 -0.0036996 -0.000461291 -0.00114237 0.0112664 -0.00294369 -0.00644398 -0.0130791 0.00794677 0.0071141 0.00719472 0.00275407 -0.00105686
internal_weight=48577.1 20850.2 27727 10551.7 21791.3 10298.5 18189.8 5896.02 5935.62 3601.54 4655.65 6555.64 3892.67 14558.2
internal_count=342134 154291 187843 77279 138241 77012 113715 41778 49602 24526 35501 45893 27148 92732
is_linear=0
shrinkage=0.03


Tree=64
num_leaves=15
num_cat=0
split_feature=6 8 7 4 7 8 4 8 8 6 6 6 7 1
split_gain=1071.33 937.192 651.154 543.092 382.239 477.901 312.467 309.298 298.469 291.316 261.501 293.506 231.999 219.025
threshold=7.1447426835000014 0.85959807050000003 0.97455276950000014 10.500000000000002 1.0667395255000003 1.1578567845000003 10.500000000000002 1.0579517620000003 1.0787554880000003 8.4012331315000015 7.2527475485000013 7.4021490555000016 1.0432601405000004 77.500000000000014
decision_type=2 2 2 2 2 2 2 2 2 2 2 2 2 2
left_child=2 -2 13 7 8 -6 -4 12 9 10 -5 -12 -3 -1
right_child=1 3 6 4 5 -7 -8 -9 -10 -11 11 -13 -14 -15
leaf_value=0.010485555289592857 -0.028425504033659871 -0.0080250604899789208 -0.0099969133956695714 -0.011637963653241941 -0.013840297366942731 0.0069343872942449923 0.0064032577443499253 0.0001745177110676452 0.0084900958714715334 -0.0054772513214654019 0.019589886732359032 0.0029510761798549182 -0.022122989768553182 0.022335047483812921
leaf_weight=3666.1031532054767 1190.454012690112 6361.8861039299518 1750.4554327763617 949.24132684804499 3004.9843722097576 1486.1131359487772 2580.5114365257323 3733.8114646365866 5758.0990110170096 4982.0583157464862 1071.5383706595749 8420.1878814511001 1257.0266173314303 2289.4500927478075
leaf_count=25138 8540 48109 11982 7444 18555 8649 19924 23636 38068 33347 9034 61631 9561 18844
internal_value=3.18594e-05 -0.00228154 0.00862329 -0.00143721 0.000979155 -0.00696585 -0.000229116 -0.00689944 0.002665 0.000488192 0.00333595 0.00483879 -0.010364 0.0150557
internal_weight=48501.9 38215.4 10286.5 37024.9 25672.2 4491.1 4330.97 11352.7 21181.1 15423 10441 9491.73 7618.91 5955.55
internal_count=342462 266574 75888 258034 176728 27204 31906 81306 149524 111456 78109 70665 57670 43982
is_linear=0
shrinkage=0.03


Tree=65
num_leaves=15
num_cat=0
split_feature=3 3 7 3 7 10 8 8 7 8 3 3 7 8
split_gain=1009.92 620.378 530.568 565.05 387.108 252.833 236.702 193.6 178.87 103.685 78.5132 75.6528 72.7901 76.0508
threshold=-1.0716500539999998 -36.478419837499992 1.0756424630000001 28.977048818000004 1.0667395255000003 31.500000000000004 1.1080310885000002 0.86380373900000007 0.97373885250000014 1.0405031505000002 12.491293821500003 50.300575605500008 0.92049284450000013 1.0787554880000003
decision_type=2 2 2 2 2 2 2 2 2 2 2 2 2 2
left_child=1 -1 3 5 7 8 -6 -3 10 -10 -2 -5 -7 -14
right_child=2 4 -4 11 6 12 -8 -9 9 -11 -12 -13 13 -15
leaf_value=-0.019724281753071466 0.004907769800549187 -0.014100004779231831 -0.0025215945800731855 0.016957072719294173 -0.019724281753071466 0.016957072719294173 -0.002576705335487896 -0.0025215945800731855 -0.0025215945800731855 0.0031973042499699065 0.014592461080214838 0.028684678159763409 0.0058417518505505025 0.014783494145577957
leaf_weight=2040.3625459782779 4084.5388345550746 1624.928834117949 3527.7533671688288 1632.1451224954799 1683.9715133681893 995.12466834113002 1054.5974817574024 19997.777476825751 2862.0982159385458 3337.931263808161 922.10903065931052 736.87986163981259 2626.3262972505763 1274.456683754921
leaf_count=20326 27090 9701 20464 14097 11693 7131 6258 140496 20213 21500 7363 6463 20649 9058
internal_value=0.000100885 -0.00385453 0.00484761 0.00699258 -0.00252159 0.00497638 -0.0137909 -0.00252159 0.00248955 -0.000916564 0.00670425 0.0206576 0.0106604 0.00877837
internal_weight=48401 26401.6 21999.4 18471.6 24361.3 16102.6 2738.57 21622.7 11206.7 6200.03 5006.65 2369.02 4895.91 3900.78
internal_count=342502 188474 154028 133564 168148 113004 17951 150197 76166 41713 34453 20560 36838 29707
is_linear=0
shrinkage=0.03


Tree=66
num_leaves=15
num_cat=0
split_feature=3 6 1 8 10 9 3 3 3 6 6 6 6 2
split_gain=1010.12 1018.64 486.883 485.769 359.117 270.353 228.505 209.577 184.283 175.512 159.974 148.244 150.964 101.503
threshold=-22.511954662999997 7.4021490555000016 43.500000000000007 0.90615372750000012 29.500000000000004 1.2599569545000002 -4.2539551799999993 -44.514856691999995 34.477524642500008 9.3095184375000013 9.3095184375000013 6.2220121095000005 7.3123821710000012 2.5000000000000004
decision_type=2 2 2 2 2 2 2 2 2 2 2 2 2 2
left_child=7 2 5 -3 6 -2 -5 -1 10 -8 13 -4 -13 -6
right_child=1 3 11 4 8 -7 9 -9 -10 -11 -12 12 -14 -15
leaf_value=-0.025007868518318765 -0.0014445049947494955 -0.011569523698556641 0.027382773292893361 -0.0070016943855588576 0.0084409162063246099 0.014389332970267068 0.0014514888115226417 -0.011569523698556641 0.017729158618688054 -0.0070016943855588576 -0.0064217754706670325 0.014389332970267068 0.028884073042840044 0.0012639904078389861
leaf_weight=1043.1718485960737 3967.4072040338069 1872.1520472299308 791.39640670642257 6525.0879916641861 3820.8030256759375 940.69946715049446 10815.437544012442 4779.0680203773081 884.45555844157934 2174.0506895333529 1271.2160491459072 5358.2992422748357 731.40591389127076 3310.0730937402695
leaf_count=10789 26776 11819 5857 45190 26627 6356 69808 40143 6775 12160 7455 44395 5710 22283
internal_value=0.000143153 0.00175031 0.00924322 -0.00113061 -0.000112938 0.00202112 -0.00242375 -0.0115695 0.00474165 -0.000122272 0.00336477 0.0143893 0.0143893 0.00511269
internal_weight=48284.7 42462.5 11789.2 30673.3 28801.1 4908.11 19514.6 5822.24 9286.55 12989.5 8402.09 6881.1 6089.71 7130.88
internal_count=342143 291211 89094 202117 190298 33132 127158 50932 63140 81968 56365 55962 50105 48910
is_linear=0
shrinkage=0.03


Tree=67
num_leaves=15
num_cat=0
split_feature=6 9 7 3 5 3 6 7 8 9 7 3 6 7
split_gain=956.759 936.867 609.013 584.678 320.022 312.548 256.603 223.282 200.533 188.711 171.345 153.349 138.831 195.814
threshold=7.0874746610000008 0.85954095650000018 0.97455276950000014 3.2752333650000005 1.0000000180025095e-35 -3.1320166774999998 8.1007532160000029 0.96790526650000019 1.1578567845000003 0.97499699000000006 1.0442845620000003 -9.4358070929999993 8.4442016290000019 1.0215094560000002
decision_type=2 2 2 2 2 2 2 2 2 2 2 2 2 2
left_child=2 7 9 4 -3 -4 10 11 -8 -1 -5 -2 13 -6
right_child=1 3 5 6 12 -7 8 -9 -10 -11 -12 -13 -14 -15
leaf_value=0.0091340137000999484 -0.015805588544130344 7.4706316620735611e-05 -0.0070567270320359594 0.01303815580190272 -0.0015145938169674566 0.010039212595808698 7.4706316620735611e-05 -0.021869289833716461 0.010160203550530971 0.020554793847972111 7.4706316620735611e-05 0.0011488390056267231 -0.011501182139573709 -0.014070475198625771
leaf_weight=2382.6808995110914 1024.3397880718112 12057.152381933294 2364.6076354701072 3906.4292566441 4934.1134929731488 1615.7026417385787 5588.2202262319624 2233.5838943645358 1897.1235354803503 2903.4007061468437 955.14998721890152 898.67677721567452 3988.1695669824257 1440.900168071501
leaf_count=16324 8255 83277 16396 31773 36228 12993 34706 17776 11214 23158 6957 5748 26839 10863
internal_value=9.07539e-05 -0.00197195 0.00875161 -0.000361734 -0.00324857 -0.00011319 0.00487956 -0.0154237 0.00139205 0.0154204 0.0102423 -0.0078999 -0.00711324 -0.00436132
internal_weight=48190.3 38923.9 9266.39 34767.3 22420.3 3980.31 12346.9 4156.6 7485.34 5286.08 4861.58 1923.02 10363.2 6375.01
internal_count=342507 273636 68871 241857 157207 29389 84650 31779 45920 39482 38730 14003 73930 47091
is_linear=0
shrinkage=0.03


Tree=68
num_leaves=15
num_cat=0
split_feature=4 6 9 9 7 8 7 6 2 1 6 6 8 1
split_gain=904.873 873.199 526.84 349.749 495.041 262.743 259.585 250.775 242.085 223.826 206.07 180.233 160.892 147.421
threshold=10.500000000000002 7.1447426835000014 0.84955429650000014 1.3899082015000002 1.0667395255000003 0.88621481650000011 0.97455276950000014 9.3095184375000013 3.5000000000000004 58.500000000000007 7.2527475485000013 7.4021490555000016 1.0787554880000003 46.500000000000007
decision_type=2 2 2 2 2 2 2 2 2 2 2 2 2 2
left_child=2 6 -1 4 5 -3 -2 10 13 -10 -7 -12 -13 -4
right_child=1 3 8 -5 -6 7 -8 -9 9 -11 11 12 -14 -15
leaf_value=-0.018804635461623673 0.017980141053980003 -0.013778891284669479 -0.0030271347634627851 0.008391545324167908 -0.011487682175511937 -0.010535636321376074 0.0055377447597207323 -0.010628872328029502 -0.021320389478314182 -0.0050720178912983449 0.015429344895745652 0.0011750065884838948 0.0091976395211612848 0.005886709633218655
leaf_weight=2387.9254937786609 3747.2862444436178 1027.0209600776434 7662.8616366237402 4242.6941968221217 3421.3922307789326 968.96365129575133 2534.5303645702079 1343.1935227103531 1117.388390284963 2397.5569144412875 1089.4611270138994 11206.284348039888 2810.5497085861862 2129.8137975223362
leaf_count=18013 30225 6861 50859 27106 21031 7698 19820 8205 9616 18584 9281 81050 19345 14815
internal_value=6.65474e-05 0.00293115 -0.00584427 0.000514225 -0.00101573 0.000929264 0.0129684 0.00180019 -0.00351247 -0.0102603 0.0028417 0.00370296 0.00278635 -0.00108644
internal_weight=48086.9 32391.4 15695.5 26109.6 21866.9 18445.5 6281.82 17418.5 13307.6 3514.95 16075.3 15106.3 14016.8 9792.68
internal_count=342509 230622 111887 180577 153471 132440 50045 125579 93874 28200 117374 109676 100395 65674
is_linear=0
shrinkage=0.03


Tree=69
num_leaves=15
num_cat=0
split_feature=7 3 6 1 3 3 1 9 9 6 6 6 7 5
split_gain=921.073 1094.23 737.357 458.872 389.909 358.558 393.847 280.957 237.617 190.197 118.711 116.073 82.3402 70.582
threshold=0.83419212000000009 -16.270378047499996 7.7034857485000012 52.500000000000007 37.150595635500004 -43.015357794999993 48.500000000000007 1.2599569545000002 1.3397038640000003 8.4354695335000009 6.4181433540000006 9.6958445420000015 0.99438577850000009 1.0000000180025095e-35
decision_type=2 2 2 2 2 2 2 2 2 2 2 2 2 2
left_child=-1 5 3 7 8 -2 12 -3 -4 -8 -5 13 -7 -10
right_child=1 2 4 10 -6 6 9 -9 11 -11 -12 -13 -14 -15
leaf_value=0.026126376539390591 -0.026067416305851028 -0.0018559000883089575 -0.0032149504427411249 0.022811120366108707 0.01453517323460252 -0.014522127767707744 -0.0032149504427411249 0.012025292607319955 0.0079589700680498775 -0.014522127767707744 0.012025292607319955 -0.0032149504427411249 -0.024741250781117888 0.00027625441034420282
leaf_weight=1187.8032994344831 1105.5253617269918 5369.6062990287319 16699.352939574048 919.60496629402041 1265.7905424870551 1414.3172680865973 3923.8426659367979 1433.8594450578094 2969.2116742283106 1334.2753572333604 6703.8960181148723 1035.3073569610715 975.76497110538185 1687.0838049463928
leaf_count=6999 11873 37191 108468 7303 9397 11046 30683 9990 18570 11262 55412 5876 8111 10169
internal_value=9.34231e-05 -0.000569494 0.00162922 0.0069734 -0.00163069 -0.0101306 -0.00781147 0.00130792 -0.00254761 -0.00321495 0.0120253 0.00305408 -0.0178959 0.00517863
internal_weight=48025.2 46837.4 38083.7 14427 23656.7 8753.73 7648.2 6803.47 22391 5258.12 7623.5 5691.6 2390.08 4656.3
internal_count=342350 335351 262376 109896 152480 72975 61102 47181 143083 41945 62715 34615 19157 28739
is_linear=0
shrinkage=0.03


Tree=70
num_leaves=15
num_cat=0
split_feature=3 7 3 8 7 10 8 1 8 7 2 2 9 7
split_gain=844.765 721.231 842.7 547.608 540.041 483.248 312.743 271.946 162.978 159.08 158.892 129.184 131.436 114.383
threshold=-29.670302860999996 1.0667395255000003 24.698403072500003 1.1578567845000003 0.83419212000000009 28.500000000000004 1.0169892265000002 61.500000000000007 0.87754026800000007 0.99360267200000008 1.5000000000000002 1.5000000000000002 1.0215626255000003 1.0230551255000002
decision_type=2 2 2 2 2 2 2 2 2 2 2 2 2 2
left_child=13 2 4 -3 -2 6 7 8 -6 -10 -8 12 -7 -1
right_child=1 3 -4 -5 5 11 10 -9 9 -11 -12 -13 -14 -15
leaf_value=-0.014531186997265607 0.018360060160609298 -0.013823975345949025 0.018360060160609298 0.0049437297028000647 -0.014531186997265607 0.0038514725766541653 0.005925023150126529 0.0013267497869348974 -0.0028669628557980061 -0.012314820959873829 -0.0015490491162223651 0.0038514725766541653 0.014730158796744375 -0.027317817011902033
leaf_weight=2669.7595783825964 979.54548710584641 4513.9403868857771 2878.2442491464317 2023.7224536016583 1305.3373950943351 976.47197792120278 5332.4983983645216 4503.0230562649667 4963.5999605618417 2367.8476144857705 4916.1366908475757 7397.5548677993938 2433.04199449718 631.09464249573648
leaf_count=25514 5492 28233 25382 11806 7820 7295 35003 32025 34687 17573 33722 52897 18114 6766
internal_value=0.000101346 0.00118603 0.00276766 -0.00801513 0.00148936 0.000837703 -0.00158661 -0.0046496 -0.0077645 -0.00592466 0.0023408 0.00608267 0.0109109 -0.0145312
internal_weight=47891.8 44591 38053.3 6537.66 35175.1 34195.5 23388.4 13139.8 8636.78 7331.45 10248.6 10807.1 3409.51 3300.85
internal_count=342329 310049 270010 40039 244628 239136 160830 92105 60080 52260 68725 78306 25409 32280
is_linear=0
shrinkage=0.03


Tree=71
num_leaves=15
num_cat=0
split_feature=6 8 3 6 9 1 10 3 6 6 6 8 6 8
split_gain=855.5 816.199 607.655 518.602 440.378 354.508 350.803 286.601 244.324 201.957 188.075 179.707 171.311 138.835
threshold=7.1447426835000014 0.85959807050000003 -10.832762489999999 5.9530731500000007 1.0049779300000001 80.500000000000014 36.500000000000007 -39.342950712999993 8.0885510055000012 7.2611240150000009 7.4021490555000016 1.0747208070000003 7.4900163225000007 0.90454717300000009
decision_type=2 2 2 2 2 2 2 2 2 2 2 2 2 2
left_child=3 -2 7 -1 5 13 8 -3 9 -4 -11 -10 -12 -5
right_child=1 2 6 4 -6 -7 -8 -9 11 10 12 -13 -14 -15
leaf_value=0.030401712881076851 -0.027089634523852098 -0.025047337466495505 -0.0063374367743257998 -0.013732394482340661 0.012957157394857477 0.010418347224174338 0.0073838298442839593 -0.0063374367743257998 -0.0063374367743257998 0.016729127639253515 -0.0063374367743257998 0.00032063296889911968 0.004629644915373171 -0.0010251194812302489
leaf_weight=835.99512289837003 1128.0048564188182 806.39692590851337 983.97283964417875 1304.6604591291398 4180.2119233291596 1794.4873827332631 5985.1568318512291 8125.3827334651724 6660.0299737434834 988.01063279993832 936.8981414064765 5839.9095497727394 6348.2128813862801 1893.4489784892648
leaf_count=5598 8486 10059 7445 7724 33808 14142 42164 63942 42224 7793 6925 33990 43785 14335
internal_value=5.3787e-05 -0.0020113 -0.00123636 0.00785045 0.00577973 -0.000236759 0.000955079 -0.00803971 -0.000814701 0.00287861 0.00447979 -0.00354992 0.0028082 -0.00622236
internal_weight=47810.8 37802 36674 10008.8 9172.81 4992.6 27742.2 8931.78 21757 9257.09 8273.12 12499.9 7285.11 3198.11
internal_count=342420 266813 258327 75607 70009 36201 184326 74001 142162 65948 58503 76214 50710 22059
is_linear=0
shrinkage=0.03


Tree=72
num_leaves=15
num_cat=0
split_feature=6 8 3 6 9 3 1 3 6 6 6 6 6 8
split_gain=811.925 800.148 544.93 498.11 456.787 322.444 316.388 301.49 244.278 225.601 174.059 274.684 151.382 145.967
threshold=7.1447426835000014 0.86380373900000007 -6.485750799499999 5.9530731500000007 1.0000014820000003 -39.342950712999993 80.500000000000014 44.846848040000005 8.0885510055000012 8.4442016290000019 7.2611240150000009 7.4021490555000016 7.4813514420000011 0.90615372750000012
decision_type=2 2 2 2 2 2 2 2 2 2 2 2 2 2
left_child=3 -2 5 -1 6 -3 13 8 10 -7 -4 -12 -13 -5
right_child=1 2 7 4 -6 9 -8 -9 -10 -11 11 12 -14 -15
leaf_value=0.029965252576914927 -0.025743964678652462 -0.02477821739983823 -0.0018280380812097823 -0.013721812921309392 0.012972713757504105 -0.0018280380812097823 0.0096523107564994992 0.018011250092388277 -0.0017826248173321178 -0.010580934941657048 0.018011250092388277 -0.0018280380812097823 0.0058772425720288379 -0.00068488799388654166
leaf_weight=826.42246963083744 1220.0162845682353 784.26206990145147 1062.074312871322 1326.0042688231915 4200.653002451174 7429.4547837330028 1774.1891316482797 954.09025910310447 13403.993140149862 4117.1433142377064 1038.2979134041816 888.41370448470116 6773.5617493558675 1844.8353061880916
leaf_count=5606 9193 9975 8131 7902 34071 56544 14005 7428 81501 30585 8673 6621 47791 14021
internal_value=0.000119578 -0.00189555 -0.00109393 0.0077292 0.00570463 -0.00622276 -0.000476247 0.00152878 0.000846222 -0.00495227 0.00445477 0.00606416 0.00406427 -0.00614978
internal_weight=47643.4 37671.3 36451.3 9972.1 9145.68 12330.9 4945.03 24120.4 23166.3 11546.6 9762.35 8700.27 7661.98 3170.84
internal_count=342047 266442 257249 75605 69999 97104 35928 160145 152717 87129 71216 63085 54412 21923
is_linear=0
shrinkage=0.03


Tree=73
num_leaves=15
num_cat=0
split_feature=7 3 3 7 10 7 8 1 1 8 8 2 2 3
split_gain=810.527 904.034 623.329 483.169 348.148 339.299 286.517 254.348 210.23 158.408 142.977 102.79 89.3435 71.0297
threshold=0.83419212000000009 -27.355080739999995 11.783730474500002 1.0667395255000003 21.500000000000004 0.97069110450000007 1.0131365975000002 71.500000000000014 62.500000000000007 1.1458190540000002 1.1578567845000003 1.5000000000000002 4.5000000000000009 22.649425246500005
decision_type=2 2 2 2 2 2 2 2 2 2 2 2 2 2
left_child=-1 8 3 4 6 13 7 -3 12 -7 -5 -8 -2 -4
right_child=1 2 5 10 -6 9 11 -9 -10 -11 -12 -13 -14 -15
leaf_value=0.024777420954200369 -0.016247860050233386 -0.0088901304789934087 0.012362963541987864 -0.010232745572199857 0.0039948894056978084 0.0039948894056978084 0.0039948894056978084 0.0025262188583543019 -0.010232745572199857 0.013542983078707809 -0.00033672641423240161 -0.0023952225628371513 -0.030641856445471499 0.022555273809912315
leaf_weight=1159.9932098537683 847.32244245428592 7052.5781793091446 1333.5019568186253 3225.2096400074661 12828.561012404971 4374.9776560552418 4348.7685885317624 2335.7769139558077 2118.4965912811458 1559.9005991630256 1314.3215757012367 3130.6978611256927 752.02511503919959 1183.6520425025374
leaf_count=6896 8023 48809 10939 20362 90382 33067 28269 16356 20182 10337 7536 21475 8118 11361
internal_value=6.24664e-05 -0.00055793 0.000678478 -0.00112302 0.000271029 0.00797198 -0.00256144 -0.00604997 -0.0147361 0.00405077 -0.0102327 0.00181853 -0.0230904 0.0171909
internal_weight=47565.8 46405.8 42687.9 34235.9 29696.4 8452.03 16867.8 9388.36 3717.84 5934.88 4539.53 7479.47 1599.35 2517.15
internal_count=342112 335216 298893 233189 205291 65704 114909 65165 36323 43404 27898 49744 16141 22300
is_linear=0
shrinkage=0.03


Tree=74
num_leaves=15
num_cat=0
split_feature=7 3 7 3 8 10 3 8 1 1 7 8 7 9
split_gain=723.441 863.449 514.772 691.659 392.222 379.974 290.078 190.016 174.928 145.059 136.84 119.953 104.061 115.267
threshold=0.83419212000000009 -15.692675353499999 1.0667395255000003 28.977048818000004 1.1578567845000003 18.500000000000004 -44.514856691999995 1.0122952160000003 77.500000000000014 37.500000000000007 0.97027567150000016 1.0721155655000003 0.95962579300000006 1.3810695500000001
decision_type=2 2 2 2 2 2 2 2 2 2 2 2 2 2
left_child=-1 6 3 5 -4 7 -2 8 -3 -8 12 -12 13 -7
right_child=1 2 4 -5 -6 10 9 -9 -10 -11 11 -13 -14 -15
leaf_value=0.023395955781209808 -0.025778109344228969 -0.007683793005537609 -0.008920554766986102 0.019717327443409788 0.0051722442471955577 0.0050178010143038321 -0.018671875911632663 0.0018888180266263016 0.0031098668187005355 -0.008920554766986102 -7.5309789949201897e-05 0.0076079120290256262 0.017416112665895832 0.016803156744664573
leaf_weight=1160.7868569269776 915.08683637250215 5558.6265830751508 4039.0167674142867 2075.9951713699847 1936.7501732595265 5128.7251938758418 1690.1285946862772 6822.4397651404142 1781.7859472213313 6307.1361434031278 5470.0552649591118 2742.2500223256648 951.27985551021993 871.30770328547806
leaf_count=6893 10512 38053 24731 19321 11303 36165 13707 44969 12589 51257 40421 19052 7159 5848
internal_value=5.53141e-05 -0.000532441 0.00146852 0.00300445 -0.00659853 0.00181821 -0.00892055 -0.00171496 -0.00506344 -0.00892055 0.00511767 0.00249334 0.00821404 0.0067418
internal_weight=47451.4 46290.6 37378.2 31402.5 5975.77 29326.5 8912.35 14162.9 7340.41 7997.26 15163.6 8212.31 6951.31 6000.03
internal_count=341980 335087 259611 223577 36034 204256 75476 95611 50642 64964 108645 59473 49172 42013
is_linear=0
shrinkage=0.03


Tree=75
num_leaves=15
num_cat=0
split_feature=6 8 6 8 7 3 7 9 3 7 7 4 8 7
split_gain=821.127 668.761 570.002 629.144 577.296 350.253 301.935 394.007 366.351 269.038 271.417 241.649 185.634 215.208
threshold=7.7398744825000003 0.90615372750000012 5.9530731500000007 1.0279489195000002 0.99360267200000008 -15.692675353499999 1.0667395255000003 1.4489306995000002 30.957504403500003 1.0108244760000002 1.0354957445000001 8.5000000000000018 1.0747208070000003 1.0215094560000002
decision_type=2 2 2 2 2 2 2 2 2 2 2 2 2 2
left_child=2 -2 -1 4 11 -3 8 -8 12 -6 -11 -4 13 -7
right_child=1 5 3 -5 9 6 7 -9 -10 10 -12 -13 -14 -15
leaf_value=0.029074355926067334 -0.021361169365415426 -0.010740232174428184 -0.0038475978707091202 0.012213272886160934 -0.017636262920921544 -7.6462344401260685e-05 -0.010740232174428184 0.0085452648557136999 0.018706850504943102 0.0085736314878853415 -0.01023666401971398 0.0073246185032636857 0.0045235280402912709 -0.010740232174428184
leaf_weight=819.54183251783252 1729.9168504457921 3625.2554082674906 2320.2132705561817 5475.4419833905995 1762.9378800289705 8283.102304790169 3769.2779579926282 1109.8686646036804 1008.1334659159184 1141.9679463170469 1729.9469812251627 6959.7300818962976 5565.2439458407462 2121.2397413216531
leaf_count=5624 13468 33322 16266 43585 14008 55018 22332 6502 8486 8831 12961 52793 34371 14836
internal_value=6.34368e-05 -0.00333834 0.00464356 0.00360374 0.00021274 -0.00211087 -0.000677445 -0.00725078 0.00121321 -0.00842833 -0.00275517 0.00453072 0.000103359 -0.00226201
internal_weight=47421.8 27212 20209.8 19390.2 13914.8 25482.1 21856.9 4879.15 16977.7 4634.85 2871.91 9279.94 15969.6 10404.3
internal_count=342403 188335 154068 148444 104859 174867 141545 28834 112711 35800 21792 69059 104225 69854
is_linear=0
shrinkage=0.03


Tree=76
num_leaves=15
num_cat=0
split_feature=6 8 1 9 3 7 9 3 7 3 8 7 7 8
split_gain=766.371 636.981 578 419.046 341.958 267.766 353.069 335.988 245.848 256.052 198.117 222.969 179.847 170.704
threshold=7.7398744825000003 0.90615372750000012 75.500000000000014 1.2599569545000002 -14.106869094499997 1.0667395255000003 1.4489306995000002 32.054897324500011 0.91105580450000001 -20.914938172499998 1.0747208070000003 0.97069110450000007 0.95337446550000016 0.98840852400000012
decision_type=2 2 2 2 2 2 2 2 2 2 2 2 2 2
left_child=2 -2 3 8 -3 7 -7 10 -1 -10 11 12 -6 -11
right_child=1 4 -4 -5 5 6 -8 -9 9 13 -12 -13 -14 -15
leaf_value=0.0076579085995901568 -0.020885262802692844 -0.0099454214708734803 0.010766150095548986 0.010766150095548986 -0.00084104251017829259 -0.0099454214708734803 0.008296099071539045 0.018767987291905402 -0.015196702364897943 -0.0058537811216908603 0.0048146554380260644 -0.006648026914459937 0.01276993660633517 0.0039185567903278311
leaf_weight=1842.0609289016575 1724.3807180486619 4143.9278557905927 7920.0286287134513 2219.1118323532864 3804.8814290650189 3674.2213905286044 1094.6982181966305 928.11637569591403 1602.1061365995556 3920.5066669303924 5490.6467839516699 5124.149199495092 1128.9315336309373 2721.3734707394615
leaf_count=11370 13542 37332 65545 15761 23432 21711 6385 7937 13930 26795 33938 35676 8115 21041
internal_value=2.84672e-05 -0.003268 0.00444744 0.00037777 -0.00206761 -0.00052908 -0.00678539 0.00128322 -0.002237 -0.00445125 0.000233829 -0.002268 0.00228313 -0.00184983
internal_weight=47339.1 27114 20225.2 12305.2 25389.6 21245.6 4768.92 16476.7 10086 8243.99 15548.6 10058 4933.81 6641.88
internal_count=342510 188068 154442 88897 174526 137194 28096 109098 73136 61766 101161 67223 31547 47836
is_linear=0
shrinkage=0.03


Tree=77
num_leaves=15
num_cat=0
split_feature=6 8 7 2 1 1 8 9 6 6 8 6 9 1
split_gain=732.208 738.523 514.562 488.911 467.949 418.92 225.73 219.963 202.45 166.946 168.225 156.396 149.785 165.612
threshold=7.0874746610000008 0.85959807050000003 0.97455276950000014 3.5000000000000004 57.500000000000007 76.500000000000014 1.0787554880000003 1.0234630600000003 8.9008648645000026 7.7398744825000003 1.1792262010000003 6.5206767235000003 1.1592159380000002 46.500000000000007
decision_type=2 2 2 2 2 2 2 2 2 2 2 2 2 2
left_child=2 -2 12 4 6 -5 -3 11 -7 -6 -11 -4 13 -1
right_child=1 3 7 5 9 8 -8 -9 -10 10 -12 -13 -14 -15
leaf_value=0.003286950100655777 -0.025001980200499818 -0.0044775680133772467 0.0046816858301158724 -0.016000324527378193 0.012836651220099048 -0.0018471320858042524 0.0031731820769552266 0.0087930551637531058 -0.011127944367884791 0.0031731820769552266 0.015543307439524584 -0.011302006341850123 0.022885658383198053 0.016103056364759834
leaf_weight=1505.0317449904978 1184.1460143309087 10088.37609391287 829.76841657422483 2846.0787478135899 2741.1652535879984 6957.4991987980902 5285.3491509314626 1460.6877241488546 2213.887152088806 5897.9092703703791 1022.7352562658489 1621.3669403353706 1291.5669742142782 2292.4111275095493
leaf_count=10160 9125 71083 5224 24885 22286 52665 31919 11655 14078 40873 6600 12603 11229 18106
internal_value=8.20506e-05 -0.00173029 0.00777788 -0.000983296 0.00140434 -0.00595588 -0.00184713 -0.000404719 -0.00283185 0.0065763 0.00408919 -0.00589263 0.0140619 0.0110347
internal_weight=47238 38237.1 9000.83 37053 25035.5 12017.5 15373.7 3911.82 9171.39 9661.81 6920.64 2451.14 5089.01 3797.44
internal_count=342491 273514 68977 264389 172761 91628 103002 29482 66743 69759 47473 17827 39495 28266
is_linear=0
shrinkage=0.03


Tree=78
num_leaves=15
num_cat=0
split_feature=6 8 7 3 6 8 7 6 6 4 6 7 6 10
split_gain=692.637 666.648 486.497 443.281 353.834 366.175 558.234 291.786 374.426 232.448 192.155 316.453 220.263 167.481
threshold=7.1447426835000014 0.86380373900000007 0.97455276950000014 -30.988200826999996 10.085208991000002 1.0803828820000001 1.0503263660000002 7.2258894360000001 8.1007532160000029 7.5000000000000009 7.4021490555000016 0.94891079750000007 8.0179869335000014 43.500000000000007
decision_type=2 2 2 2 2 2 2 2 2 2 2 2 2 2
left_child=2 -2 -1 -3 5 6 7 -5 10 -4 11 -9 -12 -7
right_child=1 3 9 4 -6 13 -8 8 -10 -11 12 -13 -14 -15
leaf_value=0.012965741009100609 -0.024078500451314464 -0.016614204815811554 -0.013194088730727008 -0.016614204815811554 -0.016355945001238836 0.0034137739692381183 -0.01327496484390513 0.027667821315960614 -0.0035947029353294285 0.0033964576311802407 0.001094626097453449 0.002463292755948805 0.016452238837106083 0.014428423590415206
leaf_weight=5612.2970748608932 1162.2715648366138 1568.893357237801 991.58361474517733 893.91127011924982 1192.6975616812706 8728.4422138277441 3291.6836248412728 801.9288012702018 9012.1392821725458 3197.5607540821657 7259.2732755318284 1011.2721355222166 945.69149021431804 1444.8686140738428
leaf_count=43693 9181 19166 6919 6907 7352 54934 22213 5535 61389 24942 53487 9203 6794 10653
internal_value=0.000100324 -0.00176412 0.00719535 -0.00104347 -0.000334762 0.000239894 -0.00183982 5.22411e-05 0.000840967 -0.000541624 0.00483101 0.013656 0.00287366 0.00498445
internal_weight=47114.5 37313.1 9801.44 36150.8 34581.9 33389.2 23215.9 19924.2 19030.3 4189.14 10018.2 1813.2 8204.96 10173.3
internal_count=342368 266814 75554 257633 238467 231115 165528 143315 136408 31861 75019 14738 60281 65587
is_linear=0
shrinkage=0.03


Tree=79
num_leaves=15
num_cat=0
split_feature=7 3 10 1 7 3 8 7 1 7 2 3 2 3
split_gain=679.181 728.637 470.732 273.571 268.307 212.827 211.64 203.446 177.17 180.983 159.391 133.893 133.56 120.884
threshold=0.83419212000000009 -20.544594178499995 29.500000000000004 59.500000000000007 1.0756424630000001 35.681899907000009 1.0169892265000002 1.0667395255000003 64.500000000000014 1.0215094560000002 4.5000000000000009 20.208611482500004 1.5000000000000002 -40.462903895999993
decision_type=2 2 2 2 2 2 2 2 2 2 2 2 2 2
left_child=-1 3 6 10 5 12 8 11 -3 -10 -2 -8 -4 -5
right_child=1 2 4 13 -6 -7 7 -9 9 -11 -12 -13 -14 -15
leaf_value=0.022869906354221415 -0.012569607836333896 -0.0048445291688539154 0.011271715576193655 -0.012569607836333896 -0.0048445291688539154 0.022572321246292344 0.0023505732632834882 -0.0048445291688539154 0.0049937641121121402 -0.0048445291688539154 -0.029005728427645389 0.014239681255277076 0.0039333802194701176 -0.0048445291688539154
leaf_weight=1146.4208874329925 1695.9127191863954 8762.1534537514672 3372.2562988158315 724.75444857217371 1776.1756945308298 788.33309528790414 9763.8626495283097 3166.6400972343981 3458.4521626774222 1214.4188250880688 779.46824318356812 929.50999708846211 6611.5870869690552 2888.0960128484294
leaf_count=6938 14903 60741 26049 8366 10826 8043 65433 18795 25773 8222 8428 7696 48073 24270
internal_value=0.000112594 -0.00045784 0.00101959 -0.0101195 0.00582763 0.00760871 -0.00119147 0.00140918 -0.00387392 0.0012233 -0.0177932 0.00339019 0.00641646 -0.00484453
internal_weight=47078 45931.6 39843.4 6088.23 12548.4 10772.2 27295 13860 13435 4672.87 2475.38 10693.4 9983.84 3612.85
internal_count=342556 335618 279651 55967 92991 82165 186660 91924 94736 33995 23331 73129 74122 32636
is_linear=0
shrinkage=0.03


Tree=80
num_leaves=15
num_cat=0
split_feature=6 8 6 3 10 8 6 8 1 6 6 2 8 8
split_gain=660.613 629.797 456.985 413.657 349.54 343.822 261.293 248.173 224.511 205.297 215.525 155.331 138.795 132.644
threshold=7.1447426835000014 0.85959807050000003 5.9530731500000007 -33.145216774999987 34.500000000000007 0.87471038300000015 10.085208991000002 1.0190363215 77.500000000000014 8.3880505645000021 7.2611240150000009 3.5000000000000004 0.94823375200000004 1.0122952160000003
decision_type=2 2 2 2 2 2 2 2 2 2 2 2 2 2
left_child=2 -2 -1 -3 6 -4 7 9 13 10 -5 -6 -11 -7
right_child=1 3 5 4 11 8 -8 -9 -10 12 -12 -13 -14 -15
leaf_value=0.028639078245230581 -0.024652779624467016 -0.017832949692009169 -0.0090247770006124002 -0.015973590236454172 0.0073540382950007003 0.00023379459895054406 -0.017832949692009169 0.00109850240077386 0.014217719742789925 -0.017832949692009169 -0.00044356158346618566 -0.0016224647554573329 -0.0069686920592452201 0.010984634589463802
leaf_weight=798.30307041108608 1049.9504908407107 1283.1748815765604 1332.3526902832091 899.48220627009869 6042.1418904028833 3351.5330776460469 908.01897368580103 13677.39716336783 2801.7560599362478 1030.9617272969335 7260.9977773558348 2430.771099794656 2684.2319486979395 1488.1148577099666
leaf_count=5579 8484 16615 7879 6948 44043 24593 5611 89825 25878 7201 52957 16871 18440 11748
internal_value=1.71972e-05 -0.00180347 0.00695795 -0.00113775 -0.000522048 0.00501433 -0.00222015 -0.00165633 0.00746648 -0.00482824 -0.00216408 0.00477936 -0.0106694 0.00354743
internal_weight=47039.2 37267.1 9772.06 36217.2 34934 8973.76 26461.1 25553.1 7641.4 11875.7 8160.48 8472.91 3715.19 4839.65
internal_count=342672 266995 75677 258511 241896 70098 180982 175371 62219 85546 59905 60914 25641 36341
is_linear=0
shrinkage=0.03


Tree=81
num_leaves=15
num_cat=0
split_feature=7 3 6 7 8 6 6 9 6 8 7 7 8 3
split_gain=661.727 686.169 569.453 525.547 404.89 373.636 324.694 344.742 271.093 334.266 324.566 170.239 168.496 157.102
threshold=0.83419212000000009 -30.988200826999996 7.4021490555000016 0.94577038950000014 0.90615372750000012 7.1925048035000012 6.4181433540000006 1.0049779300000001 10.085208991000002 1.0803828820000001 1.0503263660000002 0.92435877150000001 0.92687289550000018 2.0873066190000005
decision_type=2 2 2 2 2 2 2 2 2 2 2 2 2 2
left_child=-1 -2 3 5 -4 -3 -5 12 9 10 11 13 -8 -6
right_child=1 2 4 6 8 -7 7 -9 -10 -11 -12 -13 -14 -15
leaf_value=0.022494415393836415 -0.015578827530821394 0.0091748850264702364 -0.014985489996406736 0.015036139343235182 -0.010959081320882259 0.029620510772027438 -0.015578827530821394 0.0055743058628640093 -0.014961428704095928 0.0042210819704475381 -0.011905404466329827 0.00069004077748537724 -0.0030014482453479519 0.0031430321024267355
leaf_weight=1141.8791239745915 2583.8480868712068 3294.2725184625015 1961.0289540272206 1253.2339467620477 2439.9653972554952 1063.0252760313451 1244.8880526050925 3061.2964712865651 1182.5990198664367 9577.5992557834834 2890.9395501632243 12207.376905195415 2014.8803311446682 999.84590697847307
leaf_count=6891 28480 25646 13526 8451 14676 7588 8264 26083 7273 61254 19349 91006 17612 6353
internal_value=-1.31708e-05 -0.000577031 0.000322133 0.00589637 -0.00180614 0.0141911 0.0011184 -0.00165068 -0.000921597 -0.0003285 -0.00267952 -0.000971703 -0.00843391 -0.00686142
internal_weight=46916.7 45774.8 43191 11931.6 31259.4 4357.3 7574.3 6321.06 29298.3 28115.7 18538.1 15647.2 3259.77 3439.81
internal_count=342452 335561 307081 93644 213437 33234 60410 51959 199911 192638 131384 112035 25876 21029
is_linear=0
shrinkage=0.03


Tree=82
num_leaves=15
num_cat=0
split_feature=6 8 6 7 8 6 3 6 7 8 3 10 6 6
split_gain=609.106 679.555 528.808 401.949 345.793 331.791 328.155 309.929 270.125 417.359 347.355 233.751 216.709 182.281
threshold=6.0554336730000005 0.86768323550000015 7.7398744825000003 0.94577038950000014 1.0279489195000002 7.4021490555000016 -30.331434112499995 7.5728651020000006 1.0667395255000003 1.1578567845000003 32.054897324500011 26.500000000000004 7.1925048035000012 7.4755580655000005
decision_type=2 2 2 2 2 2 2 2 2 2 2 2 2 2
left_child=-1 -2 3 5 -5 12 -4 -7 10 -10 11 -8 -3 -6
right_child=1 2 6 4 13 7 8 -9 9 -11 -12 -13 -14 -15
leaf_value=0.023431966810336231 -0.015808832981585742 0.011352160037782919 -0.018320423149638825 -0.0025265038461129252 0.0033437064833414629 -0.011720788400213924 -0.0032836646349779929 0.012457813687027763 -0.013872823489860756 0.0036326460431361255 0.018053125258289573 0.0036519672572437683 0.02685224386071915 0.017195183221680427
leaf_weight=982.60637886077166 2427.9599438710138 3125.9734257096425 1083.7527233501896 7450.7775180004537 2171.0543810538948 953.35692620277405 12047.978107236326 945.22700390592217 3368.9082752279937 1922.4599349945784 920.7992310076952 6859.254781909287 1099.9903689995408 1408.9987456407398
leaf_count=6907 16989 24912 13776 60979 18707 6354 80724 6067 21089 11254 8079 47391 7943 11038
internal_value=0.000121981 -0.00038077 0.000484883 0.00457874 0.0011556 0.0107381 -0.00219575 0.000317849 -0.00149656 -0.00751531 0.000111111 -0.000767223 0.0154137 0.0088116
internal_weight=46769.1 45786.5 43358.5 17155.4 11030.8 6124.55 26203.2 1898.58 25119.4 5291.37 19828 18907.2 4225.96 3580.05
internal_count=342209 335302 318313 136000 90724 45276 182313 12421 168537 32343 136194 128115 32855 29745
is_linear=0
shrinkage=0.03


Tree=83
num_leaves=15
num_cat=0
split_feature=6 9 6 7 7 3 8 6 4 9 7 7 6 3
split_gain=606.636 643.468 480.389 389.552 366.447 426.669 228.144 247.213 223.795 200.621 258.616 240.277 242.2 175.223
threshold=6.0554336730000005 0.85954095650000018 8.0885510055000012 0.97069110450000007 0.86131966000000004 2.2619367965000001 1.0958680435000001 9.3095184375000013 10.500000000000002 1.2599569545000002 0.99360267200000008 0.92355039450000009 7.4319497360000009 19.153736542000004
decision_type=2 2 2 2 2 2 2 2 2 2 2 2 2 2
left_child=-1 3 4 8 -3 9 7 -4 -2 10 11 12 -6 -8
right_child=1 2 6 -5 5 -7 13 -9 -10 -11 -12 -13 -14 -15
leaf_value=0.023270603724979719 -0.012704374468592239 0.019233126423415865 -0.0031176965238259332 -0.017836781093764121 0.0028197432275007873 0.0093627729261887751 -0.00067438928914353373 -0.014460733188361814 0.0048020783266148571 0.0075752660614003976 -0.0074874869078615219 0.0058192782244289795 -0.017050987850287375 0.011240711690795971
leaf_weight=987.4826648645103 1066.9785340577364 1322.3676765039563 9836.0443979082629 2810.8511781515554 1213.8303145449609 6370.3841118672863 5428.2031665071845 2094.3692505732179 1693.9290633238852 2532.768371662125 4339.3836764227599 4566.6179632684216 1005.783242482692 1391.4436212126166
leaf_count=6980 8281 7924 69601 22287 7904 56937 32245 13844 12230 17333 33870 36699 6515 9230
internal_value=6.69565e-05 -0.000437216 0.000890512 -0.0099854 0.0039671 0.00295464 -0.002613 -0.00511418 -0.00197419 -3.65058e-05 -0.00177197 0.00188559 -0.00620245 0.00176316
internal_weight=46660.4 45673 40101.2 5571.76 21351.1 20028.8 18750.1 11930.4 2760.91 13658.4 11125.6 6786.23 2219.61 6819.65
internal_count=341880 334900 292102 42798 167182 159258 124920 83445 20511 102321 84988 51118 14419 41475
is_linear=0
shrinkage=0.03


Tree=84
num_leaves=15
num_cat=0
split_feature=7 3 6 3 1 2 3 8 7 6 3 6 6 2
split_gain=591.838 637.87 479.78 417.695 300.658 280.04 237.877 163.035 134.979 147.395 115.294 101.762 101.695 99.8221
threshold=0.83419212000000009 -2.8649681099999995 7.0874746610000008 -43.015357794999993 47.500000000000007 1.5000000000000002 44.846848040000005 0.95184951800000006 0.97069110450000007 8.305223177000002 15.278038974500001 8.0179869335000014 7.4021490555000016 3.5000000000000004
decision_type=2 2 2 2 2 2 2 2 2 2 2 2 2 2
left_child=-1 3 10 -2 5 7 8 -5 9 11 -3 12 -4 -7
right_child=1 2 6 4 -6 13 -8 -9 -10 -11 -12 -13 -14 -15
leaf_value=0.021436621995012128 -0.023639969252032593 0.0099200000967836887 0.012868115529575093 -0.010720324500805458 -0.00011610509114746765 -0.010720324500805458 0.015871567282252128 -0.00011610509114746765 -0.00011610509114746765 -0.00011610509114746765 0.022437819465094256 0.015510017199112417 0.0014674775396250736 -0.021535923150901266
leaf_weight=1125.8766947425902 952.64642469771206 2397.5055342577398 1007.7742601931095 1548.406997486949 11422.125613730401 3356.5898631270975 935.74455610662699 3370.0029336810112 13060.569367995486 2180.6069076228887 920.15133922360837 1086.5283901561052 2316.1792271416634 955.07153578475118
leaf_count=6865 11858 20316 8487 10168 85734 24420 7692 23668 87278 13048 11379 7123 16018 8182
internal_value=-1.44379e-06 -0.0005341 0.00284211 -0.00426957 -0.00337054 -0.00739563 0.00113459 -0.00249868 0.000429005 0.00427738 0.0134204 0.00755714 0.00493812 -0.0129723
internal_weight=46635.8 45509.9 23905.1 21604.8 20652.2 9230.07 20587.4 4918.41 19651.7 6591.09 3317.66 4410.48 3323.95 4311.66
internal_count=342236 335371 171341 164030 152172 66438 139646 33836 131954 44676 31695 31628 24505 32602
is_linear=0
shrinkage=0.03


Tree=85
num_leaves=15
num_cat=0
split_feature=6 9 7 6 10 3 3 1 9 1 6 7 3 7
split_gain=554.411 568.467 415.976 325.921 302.889 231.707 202.788 198.464 146.416 121.766 120.756 258.605 143.643 134.205
threshold=7.0874746610000008 0.85954095650000018 0.97455276950000014 10.085208991000002 39.500000000000007 -9.0464166284999994 -5.339943268999999 95.500000000000014 0.97499699000000006 82.500000000000014 8.2202161590000014 1.0432601405000004 10.172579510000002 1.0399854870000003
decision_type=2 2 2 2 2 2 2 2 2 2 2 2 2 2
left_child=2 7 8 4 5 -3 -4 -2 9 -1 11 12 -7 -12
right_child=1 3 6 -5 -6 10 -8 -9 -10 -11 13 -13 -14 -15
leaf_value=0.0016825098841322076 -0.017921339907212216 -0.0058010569386879977 -0.0070497394331474434 -0.01567518184935442 0.0063153637811242539 0.0032160200761013696 0.0067490825117404183 -0.0039384623375532078 0.017343442924191058 0.015918555942880754 -0.0044360673129129908 -0.0058010569386879977 0.013270545596796692 0.0027660249091780958
leaf_weight=1455.9212915450335 2359.7921774052083 7102.7674619480968 2059.2101152325049 1201.2718083355576 5962.4601730294526 6283.7537418175489 1784.4968477990478 1494.2641040859744 2633.8379392689094 856.53074966091663 6332.4021072126925 1776.0428316108882 1602.3809816772118 3676.9938908722252
leaf_count=9705 20595 58263 14811 7701 44820 44131 14655 10980 23036 6731 39529 12024 13841 21513
internal_value=-2.297e-05 -0.00160156 0.00676114 -0.000360877 0.000203387 -0.00115863 -0.00064299 -0.0125121 0.0125096 0.0069785 0.000518645 0.00291024 0.00526611 -0.00179029
internal_weight=46582.1 37792.1 8790 33938.1 32736.8 26774.3 3843.71 3854.06 4946.29 2312.45 19671.6 9662.18 7886.13 10009.4
internal_count=342335 273397 68938 241822 234121 189301 29466 31575 39472 16436 131038 69996 57972 61042
is_linear=0
shrinkage=0.03


Tree=86
num_leaves=15
num_cat=0
split_feature=4 6 9 9 7 2 1 7 7 6 3 1 9 9
split_gain=548.824 590.286 292.443 266.933 227.93 213.256 200.435 178.848 170.179 136.915 130.362 118.522 102.264 95.3638
threshold=8.5000000000000018 7.1447426835000014 0.84955429650000014 0.85954095650000018 0.97455276950000014 3.5000000000000004 70.500000000000014 0.96790526650000019 0.98506524550000008 7.9100354180000005 -9.0464166284999994 80.500000000000014 1.1561431725000002 1.0438196565000002
decision_type=2 2 2 2 2 2 2 2 2 2 2 2 2 2
left_child=2 4 -1 7 12 6 -5 -3 -7 -8 -4 -10 -2 -6
right_child=1 3 10 5 13 8 9 -9 11 -11 -12 -13 -14 -15
leaf_value=-0.018054570429703719 0.011301317632400634 -0.00083680210646315068 -0.00827718114691668 0.00022948090165141066 -0.0010684403319997076 0.00022948090165141066 0.012818777277546252 -0.016444082754478836 -0.016652507595580908 0.0036845939673853427 -0.00089910891304257516 -0.0046884119951773459 0.022155185926029396 0.010048166202631093
leaf_weight=1546.5847213016823 3032.2567919474095 1237.1034236568958 3658.5351586276665 11553.943691221066 1814.9734670072794 3456.2409215942025 2231.956534656696 1414.8929139245301 922.19466266129166 4365.8004428390414 5238.6319838790223 3836.9627106012776 1062.2434044852853 1119.1665558442473
leaf_count=13033 24275 9244 30291 76943 13908 26300 18720 11408 7178 30197 34196 26894 10360 9487
internal_value=1.96284e-05 0.00177418 -0.00603436 -0.000115665 0.00957133 0.000797478 0.00261238 -0.00917887 -0.00321165 0.00678197 -0.00393593 -0.00702177 0.0141407 0.00318164
internal_weight=46491.5 36047.7 10443.8 29019.1 7028.64 26367.1 18151.7 2652 8215.4 6597.76 8897.17 4759.16 4094.5 2934.14
internal_count=342434 264914 77520 206884 58030 186232 125860 20652 60372 48917 64487 34072 34635 23395
is_linear=0
shrinkage=0.03


Tree=87
num_leaves=15
num_cat=0
split_feature=7 3 6 1 3 9 6 9 9 7 7 6 6 6
split_gain=533.349 601.079 456.018 361.534 274.75 267.661 271.575 221.803 171.338 211.262 356.892 232.802 198.811 225.486
threshold=0.83419212000000009 -30.988200826999996 7.7398744825000003 50.500000000000007 37.150595635500004 0.87178868800000009 10.085208991000002 1.2599569545000002 1.3397038640000003 0.92435877150000001 0.97770242650000017 8.1875738145000021 8.0772597575000002 8.609459407000001
decision_type=2 2 2 2 2 2 2 2 2 2 2 2 2 2
left_child=-1 -2 3 7 5 -4 8 -3 9 11 12 -7 -11 -14
right_child=1 2 4 -5 -6 6 -8 -9 -10 10 -12 -13 13 -15
leaf_value=0.020322442245325222 -0.014749591479965775 -0.0031634291893390671 -0.013308764851976186 0.0079756046382586862 0.012015864028548906 0.0010073288401365949 -0.014749591479965775 0.0079756046382586862 0.003531027347705426 0.012015864028548906 -0.0042990334682150343 -0.014749591479965775 -0.0059435064389730136 0.011509809652791176
leaf_weight=1133.4179283864796 2500.6133815879002 6369.7794453408569 2030.5649898964912 9652.5306030074134 1160.3966973312199 1036.14240799658 1062.5272383578122 1505.3590492913499 5215.6150348540395 1044.5084041226655 9413.9629674684256 1595.9338660873473 1517.1723883198574 1179.8535673879087
leaf_count=6940 28549 44721 15250 80029 9187 6470 6593 10765 32564 8288 64155 9833 11117 7806
internal_value=4.16322e-05 -0.000468155 0.000368177 0.00408543 -0.00221182 -0.00289933 -0.00193862 -0.000684788 -0.00118096 -0.00273824 -0.00118426 -0.0104883 0.00664801 0.00169887
internal_weight=46418.4 45285 42784.3 17527.7 25256.7 24096.3 22065.7 7875.14 21003.2 15787.6 13155.5 2632.08 3741.53 2697.03
internal_count=342267 335327 306778 135515 171263 162076 146826 55486 140233 107669 91366 16303 27211 18923
is_linear=0
shrinkage=0.03


Tree=88
num_leaves=15
num_cat=0
split_feature=4 6 6 6 9 8 3 6 8 6 6 8 9 2
split_gain=522.241 541.435 269.772 293.811 268.877 254.478 218.545 186.89 198.381 211.612 261.803 129.455 126.041 121.038
threshold=8.5000000000000018 7.1447426835000014 7.2258894360000001 7.4021490555000016 0.84955429650000014 0.88621481650000011 15.714558872000001 10.085208991000002 1.1387315905000002 9.3095184375000013 9.6299820040000004 1.0544512040000003 1.1561431725000002 1.0000000180025095e-35
decision_type=2 2 2 2 2 2 2 2 2 2 2 2 2 2
left_child=4 6 -3 -4 -1 -5 12 8 9 13 -11 -6 -2 -7
right_child=1 2 3 5 11 7 -8 -9 -10 10 -12 -13 -14 -15
leaf_value=-0.017406079457342804 0.004810008283505608 -0.016043946513649238 0.011458002848883124 -0.015215527311593067 -0.0063605855618106789 0.0069379317899288017 0.022600469934221622 -0.012726798570612615 0.0069895970519784772 -0.020870271622462386 0.0011549362859456635 0.0013357258708534597 0.015149187901805502 -0.0003540008961403654
leaf_weight=1532.1256116274744 4642.0875037359074 907.95625665970147 2046.4105483666062 989.68241766188294 5931.603703033179 2344.8949292618781 956.66083616949618 954.69651135243475 3872.3633540105075 964.10930813103914 972.74800404347479 2939.3392719477415 1374.235320889391 15980.591402979568
leaf_count=13084 34243 7292 17132 7463 45513 16003 12295 5960 24227 6008 6053 19005 11410 117473
internal_value=9.81712e-05 0.00180885 5.45937e-06 0.000526331 -0.00582075 -0.000333503 0.00931226 0.000256452 0.00077256 -0.000417018 -0.00983406 -0.00381114 0.00718228 0.000580699
internal_weight=46409.5 36006.4 29033.5 28125.5 10403.1 26079.1 6972.98 25089.4 24134.7 20262.3 1936.86 8870.94 6016.32 18325.5
internal_count=343161 265559 207611 200319 77602 183187 57948 175724 169764 145537 12061 64518 45653 133476
is_linear=0
shrinkage=0.03


Tree=89
num_leaves=15
num_cat=0
split_feature=7 3 3 7 7 10 1 2 3 9 1 10 2 7
split_gain=506.626 542.399 385.381 286.87 269.223 258.812 226.045 145.183 133.088 102.415 100.402 76.4527 46.8557 77.471
threshold=0.83419212000000009 -23.820950179499999 19.696712776000002 1.0667395255000003 0.98975807350000011 20.500000000000004 62.500000000000007 4.5000000000000009 -7.5490493639999992 1.4414046665000002 47.500000000000007 44.500000000000007 3.5000000000000004 0.98550257100000016
decision_type=2 2 2 2 2 2 2 2 2 2 2 2 2 2
left_child=-1 6 3 5 -4 8 7 -2 10 -5 -3 -6 -7 -14
right_child=1 2 4 9 11 12 -8 -9 -10 -11 -12 -13 13 -15
leaf_value=0.019819596895896612 -0.011944509450495935 -0.0071892238223111304 0.017983116801012628 -0.0071892238223111304 0.0033457072320192136 0.0033457072320192136 -0.0071892238223111304 -0.02890229584083891 -0.00026234082016864666 0.002368224693943136 -0.00026234082016864666 0.01216480210142108 0.0033457072320192136 -0.0047634870938770436
leaf_weight=1130.1154601611197 1196.3075490575284 2717.6833088956773 1728.4630710128695 3914.8904413096607 2381.7929656775668 10619.509116892703 2588.2700807182118 741.25191488023847 11680.286181446165 1006.9018366485834 1963.0311963204294 880.40187422931194 2063.5980598842725 1707.0404006447643
leaf_count=6948 11469 19626 17625 24637 17276 77936 25151 8903 79164 5874 14241 7352 14499 11903
internal_value=2.44757e-05 -0.000472707 0.000624264 -0.000468531 0.00842815 0.000608125 -0.0103186 -0.0184897 -0.00197594 -0.00718922 -0.00624722 0.00334571 0.00334571 -2.12545e-05
internal_weight=46319.5 45189.4 40663.6 35672.9 4990.66 30751.1 4525.83 1937.56 16361 4921.79 4680.71 3262.19 14390.1 3770.64
internal_count=342604 335656 290133 247880 42253 217369 45523 20372 113031 30511 33867 24628 104338 26402
is_linear=0
shrinkage=0.03


Tree=90
num_leaves=15
num_cat=0
split_feature=6 8 6 7 6 6 8 6 6 3 7 8 6 6
split_gain=520.085 555.335 408.16 332.397 298.574 560.322 292.898 273.439 287.414 259.229 234.847 274.444 293.244 196.563
threshold=6.0554336730000005 0.86380373900000007 7.7398744825000003 0.94577038950000014 7.8123927305000009 7.8558887275000009 1.0279489195000002 7.4021490555000016 7.5728651020000006 -30.331434112499995 1.1269233955000002 1.1363215850000001 9.3095184375000013 7.4656865070000009
decision_type=2 2 2 2 2 2 2 2 2 2 2 2 2 2
left_child=-1 -2 3 7 -4 -6 -5 -3 -9 -7 11 12 -11 -8
right_child=1 2 4 6 5 9 13 8 -10 10 -12 -13 -14 -15
leaf_value=0.021902017283870055 -0.015166953751232249 0.013852569264643233 -0.01761106349944935 -0.0025366405458716514 0.022315186265581183 -0.017745650837247481 0.0021883125013807806 -0.011473158927236172 0.011871788791604575 -0.00090668176005660533 -0.013869688342016817 0.0059380173309805028 -0.011996855312463773 0.016625156342119262
leaf_weight=958.54394185170531 2168.6495018312708 4204.2630948992446 1051.2252238728106 7404.5018834685907 865.83740040101111 920.97445624880493 2129.447340096347 951.37465447559953 937.29394489340484 15060.02176331915 1310.4197535812855 4334.4238581899554 2497.5865377262235 1408.3420289671049
leaf_count=6980 15549 33573 8937 61345 6445 12303 18667 6399 6056 105311 7784 26247 15745 11157
internal_value=9.24543e-05 -0.000371971 0.000374558 0.00398444 -0.00198728 -0.00132664 0.000856159 0.00959722 0.000113048 -0.00217964 -0.00155809 -0.000818137 -0.00248724 0.00795076
internal_weight=46202.9 45244.4 43075.7 17035.2 26040.5 24989.3 10942.3 6092.93 1888.67 24123.4 23202.5 21892 17557.6 3537.79
internal_count=342498 335518 319969 137197 182772 173835 91169 46028 12455 167390 155087 147303 121056 29824
is_linear=0
shrinkage=0.03


Tree=91
num_leaves=15
num_cat=0
split_feature=7 3 6 3 8 7 6 3 8 7 6 7 6 6
split_gain=495.53 521.049 360.523 316.384 277.458 236.119 316.999 205.077 177.933 174.482 123.426 122.044 161.274 116.128
threshold=0.83419212000000009 -9.0464166284999994 7.7398744825000003 -44.514856691999995 0.98996059800000014 1.0247975155000002 8.4442016290000019 38.817414758000005 1.0708467625000002 0.94577038950000014 7.5108151995000005 0.93241696600000001 6.8807465745000007 6.5667403585000006
decision_type=2 2 2 2 2 2 2 2 2 2 2 2 2 2
left_child=-1 3 4 -2 11 6 -5 -4 10 -8 -7 -3 -13 -6
right_child=1 2 7 5 13 8 9 -9 -10 -11 -12 12 -14 -15
leaf_value=0.019779481305322085 -0.023682850008197646 0.0080999189704308756 -0.00079409102661944474 -0.00079409102661944474 0.020574465598247188 -0.0064018833875318535 -0.022863714586331352 0.012404567049059215 -0.00079409102661944474 -0.0053645445046909164 -0.021840332233939937 0.010387081846814224 -0.00079409102661944474 0.0085455667630939813
leaf_weight=1112.5087627284229 788.50595529004931 1576.5269885249436 18409.392512690276 8003.2314109057188 832.20826646313071 722.12116112839431 879.99412870779634 1054.514081524685 873.64154671132565 1229.3597133103758 1338.0554761514068 1207.6199750546366 2622.7115426072851 5453.4416428124532
leaf_count=6873 10456 11903 117618 60956 7777 5626 7145 8446 6202 10841 12334 9241 19662 47101
internal_value=4.5997e-05 -0.0004441 0.00170728 -0.0052879 0.00586973 -0.00416748 -0.00199113 -0.000794091 -0.011653 -0.0127018 -0.0164575 0.000885209 -0.000794091 0.0101533
internal_weight=46103.8 44991.3 31156.4 13834.9 11692.5 13046.4 10112.6 19463.9 2933.82 2109.35 2060.18 5406.86 3830.33 6285.65
internal_count=342181 335308 221748 113560 95684 103104 78942 126064 24162 17986 17960 40806 28903 54878
is_linear=0
shrinkage=0.03


Tree=92
num_leaves=15
num_cat=0
split_feature=6 8 3 6 7 3 7 8 7 9 1 6 6 6
split_gain=480.29 528.459 364.826 372.749 432.418 280.946 269.682 195.633 194.093 201.652 210.14 205.287 176.642 154.927
threshold=6.0554336730000005 0.86380373900000007 -41.661101118999994 8.0885510055000012 1.0432601405000004 30.957504403500003 0.86131966000000004 1.0761276120000003 0.88428956500000011 1.2632700440000002 45.500000000000007 7.1712033230000012 7.8721526355000009 9.8711385970000016
decision_type=2 2 2 2 2 2 2 2 2 2 2 2 2 2
left_child=-1 -2 -3 4 5 6 -4 -5 -8 10 -10 -11 -6 -9
right_child=1 2 3 7 12 -7 8 13 9 11 -12 -13 -14 -15
leaf_value=0.021157422730593751 -0.014917576570527823 -0.019247687156421518 0.017454490047007172 -0.0049098408685521932 -0.0027411315603077429 0.022668969385796701 -0.0096997771246213286 0.0029488953700316117 -0.0022565830285359739 0.022668969385796701 0.0054596578630254867 0.0062432817237982208 -0.018865559136823244 -0.0084023546356048751
leaf_weight=941.76136162877083 2153.4654327984899 837.81915495544672 1290.0462604835629 11299.86386284139 2326.1138483807445 771.44916243385524 976.6482649166137 6922.045204567723 5214.2848388720304 815.95793077908456 8113.702957270667 2235.160038612783 825.60310864634812 1277.5636777356267
leaf_count=6925 15600 11131 7752 79923 17106 9325 6398 42771 39412 7349 67263 16787 6468 7812
internal_value=1.09561e-05 -0.00043331 0.000295309 0.000686761 0.00331129 0.00498442 0.00424686 -0.00235097 0.0032604 0.00403591 0.00244113 0.0109868 -0.00698817 0.00117624
internal_weight=46001.5 45059.7 42906.3 42068.4 22569 19417.2 18645.8 19499.5 17355.8 16379.1 13328 3051.12 3151.72 8199.61
internal_count=342022 335097 319497 308366 177860 154286 144961 130506 137209 130811 106675 24136 23574 50583
is_linear=0
shrinkage=0.03


Tree=93
num_leaves=15
num_cat=0
split_feature=3 3 7 7 1 2 8 8 8 7 7 9 7 3
split_gain=430.361 353.669 348.441 295.592 280.243 317.055 255.329 242.25 154.095 131.859 102.072 83.8414 43.1156 39.8889
threshold=15.278038974500001 -41.661101118999994 1.0667395255000003 0.95741212200000014 46.500000000000007 1.5000000000000002 0.95184951800000006 0.98238365850000009 1.1551367010000002 1.0882793250000002 1.1101942730000003 0.99861619050000006 0.99296517100000015 23.295936113500005
decision_type=2 2 2 2 2 2 2 2 2 2 2 2 2 2
left_child=1 -1 4 13 5 6 11 -4 -5 -9 -11 -3 -7 -2
right_child=3 2 7 8 -6 12 -8 9 -10 10 -12 -13 -14 -15
leaf_value=-0.018350188158278231 0.01329383707412838 -0.009304695073181558 -0.018350188158278231 0.002894726654584138 0.002894726654584138 -0.009304695073181558 0.002894726654584138 -0.012438548976800336 0.014115493461058346 0.002894726654584138 -0.0060736793945915567 0.00014499517639650846 -0.014243096081949968 0.023396219585153873
leaf_weight=1043.6341447965242 665.8989548990503 1806.5109803359956 940.46463288366795 3893.9753726013005 18357.040638948791 2881.1739917183295 7899.8689058246091 1337.8964598886669 1121.5534492153674 1027.7858953550458 1606.7645533680916 924.00532896257937 1603.8752619372681 816.17204230837524
leaf_count=13525 5999 11922 6913 31296 136341 20869 54985 8988 8020 6565 9262 5864 12283 9183
internal_value=1.82027e-05 -0.00116094 -0.000691266 0.00716893 0.000404197 -0.0026204 0.000202809 -0.00814766 0.00368199 -0.00478764 -0.000886104 -0.0076974 -0.0093047 0.0189171
internal_weight=45926.6 39429 38385.4 6497.6 33472.5 15115.4 10630.4 4912.91 5015.53 3972.45 2634.55 2730.52 4485.05 1482.07
internal_count=342015 287517 273992 54498 242264 105923 72771 31728 39316 24815 15827 17786 33152 15182
is_linear=0
shrinkage=0.03


Tree=94
num_leaves=15
num_cat=0
split_feature=7 3 10 7 8 1 7 3 3 5 7 5 8 8
split_gain=426.598 472.799 369.351 220.261 224.359 203.218 191.09 143.817 142.082 132.876 104.043 102.783 93.8331 88.8507
threshold=0.83419212000000009 -32.407366224999997 32.500000000000007 1.1074512525000002 1.0169892265000002 61.500000000000007 1.0728724090000001 33.257863957500007 24.698403072500003 1.5000000000000002 0.99296517100000015 1.0000000180025095e-35 1.0787554880000003 0.88621481650000011
decision_type=2 2 2 2 2 2 2 2 2 2 2 2 2 2
left_child=-1 -2 3 4 5 9 7 12 11 13 -7 -6 -4 -3
right_child=1 2 6 -5 8 10 -8 -9 -10 -11 -12 -13 -14 -15
leaf_value=0.018393350384468866 -0.014206619535162371 -0.0116883404820182 0.0037776633714603968 -0.01096751601832908 0.0039047075825013491 0.0041784905082171741 -0.0047452268757532312 0.018954320824174323 0.013285506686202238 -0.014206619535162371 -0.0038887691881068173 -0.0014735451345577672 0.011142274162978647 -0.0038887691881068173
leaf_weight=1108.6658807732165 2122.3727826643735 1405.0245212130249 7102.1569843320176 2021.8347774520516 6410.0683002676815 3733.4579822905362 1590.0232975464314 759.5870374944061 938.9936336260289 984.93719214946032 2334.2461934024468 6373.0974744390696 1993.2515837661922 7068.3899998944253
leaf_count=6892 26016 9039 54376 11998 43555 28263 10054 8545 7959 7291 17482 43967 15068 52056
internal_value=5.2223e-05 -0.000403286 0.000284139 -0.00140363 -0.000740747 -0.00321042 0.00489405 0.00645089 0.00205374 -0.0059583 0.00107437 0.00122383 0.00539685 -0.00471123
internal_weight=45946.1 44837.4 42715.1 31270.1 29248.2 15526.1 11445 9855 13722.2 9458.35 6067.7 12783.2 9095.41 8473.41
internal_count=342561 335669 309653 221610 209612 114131 88043 77989 95481 68386 45745 87522 69444 61095
is_linear=0
shrinkage=0.03


Tree=95
num_leaves=15
num_cat=0
split_feature=4 7 3 9 7 5 3 1 7 7 9 7 9 9
split_gain=412.954 352.024 320.258 291.816 242.49 137.879 125.846 122.565 109.71 133.693 114.086 108.763 105.665 105.593
threshold=10.500000000000002 1.1038697120000003 25.454647668000003 0.84955429650000014 0.86131966000000004 1.0000000180025095e-35 -32.407366224999997 49.500000000000007 0.88428956500000011 0.97027567150000016 0.85954095650000018 0.95908002000000014 1.3341505870000001 1.1972974705000003
decision_type=2 2 2 2 2 2 2 2 2 2 2 2 2 2
left_child=3 2 4 7 -2 12 -6 -1 -8 11 -11 -10 -5 -3
right_child=1 13 -4 5 6 -7 8 -9 9 10 -12 -13 -14 -15
leaf_value=-0.021151371796588346 0.012439515050992904 -0.016658207336090195 0.012439515050992904 -0.0013268298274423415 -0.010262045627350501 -0.0054748935581842052 -0.0081860004870610448 -0.006603762148070777 0.0033074322272776645 -0.0083279158818843329 0.00097949894957299671 0.012136934732687708 0.0080094170920515656 -0.0034006166822222036
leaf_weight=1131.6066611362621 1361.1804019771516 1022.9809771813452 2817.9511328106746 4871.8195807887241 840.94886987283826 6482.513411023654 1000.3361042588949 974.63059005700052 7361.4824569756165 1303.4766065198928 12582.704123378731 1510.7525747735053 1400.480721604079 1147.5084862783551
leaf_count=9490 8403 6156 26852 35651 9482 49295 6427 8519 53820 9416 91673 11584 8824 6595
internal_value=-9.94087e-06 0.00196375 0.00284292 -0.0041196 0.00179906 -0.0024085 0.00110884 -0.0144513 0.00151339 0.00194143 0.000103142 0.0048169 0.000762489 -0.00967302
internal_weight=45810.4 30949.3 28778.8 14861.1 25960.9 12754.8 24599.7 2106.24 23758.8 22758.4 13886.2 8872.24 6272.3 2170.49
internal_count=342187 230408 217657 111779 190805 93770 182402 18009 172920 166493 101089 65404 44475 12751
is_linear=0
shrinkage=0.03


Tree=96
num_leaves=15
num_cat=0
split_feature=6 3 7 1 3 2 9 6 9 6 6 6 7 9
split_gain=462.741 420.507 347.996 427.339 297.305 281.016 250.166 243.703 197.375 139.584 378.087 220.996 134.085 134.019
threshold=6.0554336730000005 -41.661101118999994 1.0667395255000003 52.500000000000007 32.054897324500011 1.5000000000000002 1.4414046665000002 7.1447426835000014 1.0215626255000003 8.7769854365000022 8.2373779135000031 7.7398744825000003 0.87668144800000014 1.1453431815000001
decision_type=2 2 2 2 2 2 2 2 2 2 2 2 2 2
left_child=-1 -2 3 5 7 8 9 13 -3 10 11 -4 -9 -5
right_child=1 2 6 4 -6 -7 -8 12 -10 -11 -12 -13 -14 -15
leaf_value=0.020896455186261174 -0.020060942589367955 -0.0058518458232243165 -0.0023264803632753995 0.0066225026644955286 0.016944525922323161 -0.0081978934755741854 0.0054831829367165174 0.011707751879478697 0.0013017496670123918 -0.014824033259712661 0.011153924540413598 -0.020060942589367955 0.0013017496670123918 0.016944525922323161
leaf_weight=926.38707333430648 959.64254962280393 3745.7848230656236 990.93814595695585 2913.7319886647165 1457.0730210524052 5355.3596611265093 1257.9264692626894 1109.5177613459527 7351.7606031922624 2342.222979221493 895.20231761783361 924.3986792024225 14799.746123042889 808.35279760882258
leaf_count=6934 13212 26881 6780 23724 15619 40036 7635 6813 49679 14555 5869 6327 110412 8230
internal_value=-3.35145e-05 -0.000467512 -3.74788e-05 0.00106586 0.00389263 -0.00255742 -0.00649449 0.00291983 0.000166983 -0.00942104 -0.00490001 -0.0124129 0.00130175 0.00982493
internal_weight=45838 44911.7 43952 37541.3 21088.4 16452.9 6410.69 19631.3 11097.5 5152.76 2810.54 1915.34 15909.3 3722.08
internal_count=342706 335772 322560 281394 164798 116596 41166 149179 76560 33531 18976 13107 117225 31954
is_linear=0
shrinkage=0.03


Tree=97
num_leaves=15
num_cat=0
split_feature=6 8 2 1 1 1 6 2 6 8 6 6 8 3
split_gain=445.98 523.376 274.02 315.716 294.496 243.233 168.76 160.556 112.468 150.714 109.232 151.584 98.0029 82.1014
threshold=7.0874746610000008 0.85959807050000003 3.5000000000000004 79.500000000000014 46.500000000000007 49.500000000000007 8.839829206500001 5.5000000000000009 7.8558887275000009 1.1792262010000003 7.2527475485000013 7.4319497360000009 0.99353921200000006 -14.887386676999999
decision_type=2 2 2 2 2 2 2 2 2 2 2 2 2 2
left_child=5 -2 4 -4 -3 13 -5 -7 10 12 -6 -12 -10 -1
right_child=1 2 3 6 8 7 -8 -9 9 -11 11 -13 -14 -15
leaf_value=-0.008288174905787345 -0.022198943500680003 -0.0017348928124903029 -0.01315995457553262 0.00070836669100993405 0.00070836669100993405 0.01377497414029049 -0.0088678229030631269 0.00065676960634031831 0.0079128207329377878 0.012294336880598122 0.022499362450929275 0.0073031055979366176 0.00070836669100993405 0.00065676960634031831
leaf_weight=918.52927860431373 1053.2832265207544 12790.047542326152 2898.1877146009356 6489.8720437521115 731.77049048803747 3630.8969455193728 2218.4878485370427 1009.8588221091777 1695.4652988221496 1164.8641349822283 780.9886047905311 2416.9697463903576 4969.5310492170975 2960.2548671765253
leaf_count=6545 9100 86724 26937 50131 6385 33350 14454 8001 11958 7580 7175 18806 33981 21042
internal_value=1.41012e-05 -0.0014037 -0.000794919 -0.0045922 0.00100092 0.00620361 -0.00173489 0.010834 0.00444186 0.00236072 0.00858019 0.0110436 0.000708367 0.00065677
internal_weight=45729 37209.5 36156.2 11606.5 24549.6 8519.54 8708.36 4640.76 11759.6 7829.86 3929.73 3197.96 6665 3878.78
internal_count=342169 273231 264131 91522 172609 68938 64585 41351 85885 53519 32366 25981 45939 27587
is_linear=0
shrinkage=0.03


Tree=98
num_leaves=15
num_cat=0
split_feature=6 8 6 9 8 4 6 8 6 6 6 6 10 2
split_gain=437.31 450.356 336.65 245.477 207.082 196.405 181.074 167.954 128.747 124.816 109.359 289.662 108.13 103.511
threshold=6.0554336730000005 0.86768323550000015 8.0885510055000012 1.2632700440000002 0.9404688590000001 7.5000000000000009 10.085208991000002 1.1840792300000003 7.8558887275000009 7.1571348045000009 7.0874746610000008 7.1925048035000012 25.500000000000004 1.0000000180025095e-35
decision_type=2 2 2 2 2 2 2 2 2 2 2 2 2 2
left_child=-1 9 3 5 -4 -3 7 -6 12 -2 -7 -12 -5 -13
right_child=1 2 4 8 6 10 -8 -9 -10 -11 11 13 -14 -15
leaf_value=0.020339256947400942 -0.0065663471245000467 -0.0053189027322700193 -0.012593978514065051 0.0069724384185167777 -0.0020074138231936174 0.0066579079578420091 -0.012967845491226454 0.0069786430190140712 3.2226297526709818e-05 -0.020618297239780033 -0.015593123237573824 0.010683729909918673 0.017645194484220507 0.0013224350228506735
leaf_weight=926.19067315757275 1181.3644680939615 3393.7526110773906 1702.7274532839656 1904.9000369571149 14620.60415640939 4372.3769505564123 1185.1583916898817 2141.7672193143517 1103.1302435789257 1104.919994443655 862.42481060419232 1212.4235234139487 1560.9506385978311 8401.427572322078
leaf_count=6992 7210 26960 13187 14194 100813 37849 7743 12763 7739 9765 7310 9272 13646 67051
internal_value=-8.88538e-06 -0.000432276 0.000266777 0.00274575 -0.00261095 0.00118725 -0.0016606 -0.000857506 0.00896022 -0.0133876 0.00267556 0.00101111 0.0117977 0.00250795
internal_weight=45674.1 44747.9 42461.6 22811.4 19650.3 18242.4 17947.5 16762.4 4568.98 2286.28 14848.7 10476.3 3465.85 9613.85
internal_count=342494 335502 318527 184021 134506 148442 121319 113576 35579 16975 121482 83633 27840 76323
is_linear=0
shrinkage=0.03


Tree=99
num_leaves=15
num_cat=0
split_feature=6 8 10 6 7 7 3 8 7 7 6 7 2 8
split_gain=420.123 406.259 311.02 278.805 466.251 251.937 273.106 251.525 225.137 175.402 292.559 258.81 122.113 121.188
threshold=6.0554336730000005 0.87471038300000015 50.500000000000007 8.4606237100000019 1.0432601405000004 0.86131966000000004 -8.304554079499999 0.94823375200000004 0.93852292500000012 1.0273200190000003 8.9296127890000019 1.0667395255000003 2.5000000000000004 1.1048949450000003
decision_type=2 2 2 2 2 2 2 2 2 2 2 2 2 2
left_child=-1 8 3 4 5 -3 -7 -5 -2 -9 -11 -12 -13 -8
right_child=1 2 -4 7 -6 6 13 9 -10 10 11 12 -14 -15
leaf_value=0.019997954349077252 -0.0017399283786170446 0.015737439980482625 0.0094330701102432555 -0.017620435917397623 -0.0080515270495839474 -0.0023082365405192652 0.0037127234429255975 -0.0062817071335286388 -0.019384599578078594 0.010928866815200135 0.0064921909015860811 -0.0026216629672675086 -0.015616819785757656 0.011933301665431878
leaf_weight=922.24131859093904 1144.9533197209239 1331.8424872942269 3112.2736710011959 1107.951656174846 3971.3775906367227 7404.0555548919365 11184.0802417784 6089.596457220614 1506.3072229288518 1828.0449804384261 1483.9059617109597 1291.7148378044367 1311.5634903050959 1883.452099035494
leaf_count=6977 7742 8117 26054 8736 29281 61075 89400 41427 11889 11840 9306 7424 8191 14532
internal_value=1.08326e-05 -0.000404182 0.000315385 -0.000415445 0.00139637 0.0031187 0.00229411 -0.00397597 -0.0117823 -0.00270988 0.000969436 -0.00349296 -0.00918617 0.00490168
internal_weight=45573.4 44651.1 41999.9 38887.6 25774.8 21803.4 20471.6 13112.8 2651.26 12004.8 5915.23 4087.18 2603.28 13067.5
internal_count=341991 335014 315383 289329 202405 173124 165007 86924 19631 78188 36761 24921 15615 103932
is_linear=0
shrinkage=0.03


Tree=100
num_leaves=15
num_cat=0
split_feature=6 8 6 3 6 1 8 6 6 2 1 2 6 6
split_gain=403.647 418.819 282.812 271.795 273.586 231.59 214.709 282.452 153.541 136.555 133.69 167.126 117.962 202.116
threshold=7.1447426835000014 0.85959807050000003 7.2258894360000001 -35.582078323999987 7.4021490555000016 80.500000000000014 1.0886174285000003 9.3095184375000013 7.3123821710000012 3.5000000000000004 55.500000000000007 2.5000000000000004 9.8711385970000016 9.4680595970000017
decision_type=2 2 2 2 2 2 2 2 2 2 2 2 2 2
left_child=5 -2 -3 -4 8 9 7 10 -5 -1 11 -6 13 -8
right_child=1 2 3 4 6 -7 12 -9 -10 -11 -12 -13 -14 -15
leaf_value=0.0043699955920139533 -0.021256499093386193 -0.015747155997350683 -0.017070412802376329 0.0024338151184154859 -0.0021270065083302077 0.012401674212540046 0.0025971038643719572 -0.012856686484676352 0.017748613653058305 -0.0072884586114306017 0.00093169610600488627 -0.01330210744670436 -0.0057889884277438622 0.016956556301293144
leaf_weight=5135.3002797421068 923.40457273833454 1104.8815545532852 849.08247801661491 1209.4120502555743 6820.0424818210304 3055.2591318446212 7335.709426230751 2072.6875867582858 1147.2724618529901 1092.5010071890429 11117.14876606036 1458.5215430231765 1180.6521808616817 998.29291287064552
leaf_count=38004 8417 8960 13230 10314 47649 29291 48003 13694 9256 8395 81781 12078 7207 5796
internal_value=6.3955e-05 -0.00136674 -0.000843414 -0.000359537 6.85445e-05 0.00564341 -0.000681595 -0.00234404 0.0099111 0.00232063 -0.0012176 -0.00410268 0.00306873 0.00432629
internal_weight=45500.2 36217.1 35293.7 34188.8 33339.7 9283.06 30983.1 21468.4 2356.68 6227.8 19395.7 8278.56 9514.65 8334
internal_count=342075 266385 257968 249008 235778 75690 216208 155202 19570 46399 141508 59727 61006 53799
is_linear=0
shrinkage=0.03


Tree=101
num_leaves=15
num_cat=0
split_feature=6 3 8 6 1 1 5 6 8 6 6 6 2 6
split_gain=380.262 371.825 289.518 287.537 211.697 205.904 207.264 162.603 195.933 146.085 202.803 104.006 134.443 89.7334
threshold=6.0554336730000005 -39.342950712999993 0.87471038300000015 8.0885510055000012 40.500000000000007 77.500000000000014 1.0000000180025095e-35 10.085208991000002 1.0761276120000003 9.4680595970000017 8.9296127890000019 7.0716694680000005 2.5000000000000004 8.3626247115000023
decision_type=2 2 2 2 2 2 2 2 2 2 2 2 2 2
left_child=-1 -2 4 5 -3 6 -4 8 -5 10 13 -7 -13 -10
right_child=1 2 3 7 -6 11 -8 -9 9 -11 -12 12 -14 -15
leaf_value=0.019170343868395771 -0.017208887879939485 -0.017208887879939485 0.0037243106641549513 -0.0038521606715898899 -0.0017675556121660504 0.012399630678250831 -0.0039368236075141361 -0.012740304273785029 -0.002564322751906733 0.011176387289813818 -0.0071627177772737218 0.013122717881466534 0.0037243106641549513 0.0075640697968357819
leaf_weight=908.73564501106739 1146.1123086884618 1083.5704852864146 7988.4573711119592 10844.791156722233 1317.8620281461626 2124.4370923792012 5270.9838721593842 1187.9242520183325 1117.2298681214452 1407.9934155680239 2048.9920778051019 1440.3260781355202 4967.863002310507 2643.8358312677592
leaf_count=6954 15809 7485 60431 76827 9217 21546 39230 7636 7459 8360 12159 13141 39385 16893
internal_value=1.24427e-05 -0.000380094 6.57993e-05 0.000658696 -0.0100477 0.00301844 0.000678468 -0.00201265 -0.0013038 0.002525 0.000420641 0.00665216 0.00473858 0.00455601
internal_weight=45499.1 44590.4 43444.3 41042.8 2401.43 21792.1 13259.4 19250.8 18062.8 7218.05 5810.06 8532.63 6408.19 3761.07
internal_count=342532 335578 319769 303067 16702 173733 99661 129334 121698 44871 36511 74072 52526 24352
is_linear=0
shrinkage=0.03


Tree=102
num_leaves=15
num_cat=0
split_feature=7 3 7 3 8 1 2 8 8 2 9 7 7 9
split_gain=387.212 386.95 307.121 411.403 360.086 222.932 303.243 211.313 149.174 117.855 103.147 87.7813 126.66 61.0098
threshold=0.83419212000000009 -43.015357794999993 1.0667395255000003 32.054897324500011 1.1578567845000003 46.500000000000007 1.5000000000000002 0.98840852400000012 0.97967528650000013 2.5000000000000004 0.97703439450000007 1.0882793250000002 1.1136835445000004 1.3397038640000003
decision_type=2 2 2 2 2 2 2 2 2 2 2 2 2 2
left_child=-1 -2 3 5 8 6 7 10 -4 13 -3 -10 -13 -7
right_child=1 2 4 -5 -6 9 -8 -9 11 -11 -12 12 -14 -15
leaf_value=0.017528424008644267 -0.020861318820368985 -0.0092120184006039187 -0.020861318820368985 0.016522151754911101 0.0044879066524654209 0.004566416056060639 -0.0092120184006039187 0.0023258535734633373 -0.013922358090558961 0.0023258535734633373 -5.5523928012300459e-05 0.0034955917200142771 -0.011117440581704975 0.010982942272708211
leaf_weight=1099.9080849960446 815.51833353471011 2141.9729693923146 1015.4580727033317 1467.8878436936066 1993.23504171893 5229.6418903311715 4278.2654812708497 6419.2225701389834 1314.3364433478564 13944.895779680461 1804.9663238823414 1029.5743487998843 1099.5730799548328 1793.0344990398735
leaf_count=6936 11875 15106 7588 16380 11858 41770 32583 44141 9094 105863 12407 6681 6478 13510
internal_value=-1.40005e-05 -0.000451014 -6.63012e-05 0.000985049 -0.00610437 0.000342397 -0.0024973 0.000277069 -0.010839 0.00232585 -0.00536479 -0.00783876 -0.0040595 0.00621134
internal_weight=45447.5 44347.6 43532.1 37079.9 6452.18 35612 14644.4 10366.2 4458.94 20967.6 3946.94 3443.48 2129.15 7022.68
internal_count=342270 335334 323459 281760 41699 265380 104237 71654 29841 161143 27513 22253 13159 55280
is_linear=0
shrinkage=0.03


Tree=103
num_leaves=15
num_cat=0
split_feature=7 3 6 1 8 3 7 7 3 3 7 6 9 7
split_gain=357.085 375.458 285.362 247.511 186.16 180.841 179.578 261.784 168.107 147.069 133.942 151.287 129.245 126.772
threshold=0.83419212000000009 -18.133887492499998 7.1447426835000014 48.500000000000007 1.0886174285000003 15.278038974500001 0.96790526650000019 0.95908002000000014 1.6030010305000004 -41.661101118999994 0.97455276950000014 6.9626739290000002 0.97499699000000006 1.1269233955000002
decision_type=2 2 2 2 2 2 2 2 2 2 2 2 2 2
left_child=-1 3 5 -2 6 10 7 8 -4 -5 11 12 -3 -6
right_child=1 2 4 9 13 -7 -8 -9 -10 -11 -12 -13 -14 -15
leaf_value=0.016899870275890523 -0.015944031273458965 -0.0032454398931917143 -0.0032454398931917143 -0.015944031273458965 0.0043519291267066686 0.019255654413852453 -0.0032454398931917143 0.016013711911724789 0.0055254716826847895 -0.0032454398931917143 -0.00044447457304682417 0.018499519229282523 0.01044755335865466 -0.0032454398931917143
leaf_weight=1099.6518841385841 1925.8788233418018 870.19955931790173 5075.6761629786342 675.94393078470603 8592.2066409252584 860.99377141799778 12452.363222939894 983.98354869149625 2817.6940349116921 4191.607907040976 2628.4571239631623 976.66218551248312 1251.3658162215725 949.17176315188408
leaf_count=6945 19400 6179 32858 9670 56159 12344 91521 7717 20245 36069 18752 7854 11248 5336
internal_value=5.21711e-05 -0.00036835 0.000808712 -0.00685446 -0.000401178 0.00647449 -0.00195921 0.00146362 -0.000359178 -0.00324544 0.00453775 0.00875845 0.0042412 0.003081
internal_weight=45351.9 44252.2 37458.8 6793.43 30871.1 6587.68 21329.7 8877.35 7893.37 4867.55 5726.68 3098.23 2121.57 9541.38
internal_count=342297 335352 270213 65139 213836 56377 152341 60820 53103 45739 44033 25281 17427 61495
is_linear=0
shrinkage=0.03


Tree=104
num_leaves=15
num_cat=0
split_feature=6 9 10 6 2 1 4 6 8 6 6 9 1 5
split_gain=339.982 360.003 231.026 198.784 169.365 157.73 113.745 118.282 113.739 108.086 97.0797 90.5609 90.232 146.982
threshold=6.5206767235000003 0.85954095650000018 44.500000000000007 10.085208991000002 6.5000000000000009 47.500000000000007 6.5000000000000009 8.1007532160000029 1.0544512040000003 8.0338752585000019 6.0554336730000005 0.79280904950000008 89.500000000000014 1.0000000180025095e-35
decision_type=2 2 2 2 2 2 2 2 2 2 2 2 2 2
left_child=10 5 3 4 6 11 8 9 -3 12 -1 -2 13 -8
right_child=1 2 -4 -5 -6 -7 7 -9 -10 -11 -12 -13 -14 -15
leaf_value=0.018164741436777286 -0.02405135319650507 -0.0074683228497008048 0.0064390458871867616 -0.013525945421353587 -0.00935151929832693 -0.0046924038144600059 0.0041934499246255195 -0.0010263966291340454 0.0021881340366258365 0.01405224617616656 0.0062144080862603819 -0.0094039110107466111 0.0067454360960243608 -0.0034006075571323736
leaf_weight=893.69929118454456 726.90238100336865 3007.3651313846931 4764.3664794657379 1036.0489119067788 1718.3897178284824 3203.0940928608179 5298.7586120842025 12153.433491859585 1724.292666181922 755.36334467958659 1946.1784592317417 812.29142726911232 3198.1960186362267 4037.1360984127969
leaf_count=6914 6359 23004 38723 6772 15047 26319 41143 80637 10900 5633 15089 6857 28449 30552
internal_value=-3.94337e-05 -0.000712422 0.000268102 -0.00062559 -0.000204464 -0.00849804 0.000317908 0.00111238 -0.00395076 0.00306798 0.0100005 -0.0163768 0.00240067 0.000909477
internal_weight=45275.5 42435.6 37693.4 32929 31892.9 4742.29 30174.5 25442.9 4731.66 13289.5 2839.88 1539.19 12534.1 9335.89
internal_count=342398 320395 280860 242137 235365 39535 220318 186414 33904 105777 22003 13216 100144 71695
is_linear=0
shrinkage=0.03


Tree=105
num_leaves=15
num_cat=0
split_feature=6 9 7 6 7 6 9 1 6 8 6 4 8 7
split_gain=338.36 341.492 331.472 242.193 267.133 213.28 182.917 194.574 184.834 149.816 151.612 149.329 142.629 168.723
threshold=6.0554336730000005 0.85954095650000018 0.97027567150000016 8.0885510055000012 1.0432601405000004 8.0338752585000019 1.2632700440000002 79.500000000000014 7.4900163225000007 0.94288089300000011 10.085208991000002 11.500000000000002 1.1840792300000003 1.0533372585000003
decision_type=2 2 2 2 2 2 2 2 2 2 2 2 2 2
left_child=-1 2 11 4 5 6 7 -3 -8 -5 12 -2 -11 -14
right_child=1 3 -4 9 -6 -7 8 -9 -10 10 -12 -13 13 -15
leaf_value=0.018246249915444757 -0.0079896993176086263 -0.00088679055925404784 -0.015071238219320762 -0.011282616662398706 -0.0056729714710873451 0.019650390874019683 0.016268961772093214 0.0065893863083212366 0.0025081038208295803 -0.0015133191069108217 -0.011653021400461459 0.0064299403231410611 -0.0020998613324121913 0.014815426199743742
leaf_weight=887.79802303016186 1161.0520279854536 8479.8147714133374 2640.1338484301232 1420.8932686634362 2880.6230000173673 761.65049315616488 1797.5496576223522 4963.0182806588709 1717.8141948133707 13700.025556347333 1149.4771572966129 1445.2806809740141 1003.0162803102285 1119.4492847397923
leaf_count=6904 9579 66157 22578 10663 21699 5665 16046 44630 12719 94162 7497 10797 5931 6786
internal_value=-3.88073e-05 -0.00040777 -0.00758962 0.000559381 0.00279312 0.00417062 0.00346978 0.0018748 0.00955771 -0.00194254 -0.00115749 3.37496e-06 -0.00039157 0.0068356
internal_weight=45127.6 44239.8 5246.47 38993.3 20600.5 17719.8 16958.2 13442.8 3515.36 18392.9 16972 2606.33 15822.5 2122.47
internal_count=341813 334909 42954 291955 166916 145217 139552 110787 28765 125039 114376 20376 106879 12717
is_linear=0
shrinkage=0.03


Tree=106
num_leaves=15
num_cat=0
split_feature=7 3 10 6 6 9 9 1 6 7 6 6 2 3
split_gain=328.335 337.054 278.26 226.361 282.924 203.403 173.99 222.52 171.667 139.038 160.582 155.469 121.331 117.032
threshold=0.83419212000000009 -41.661101118999994 42.500000000000007 7.7398744825000003 7.8123927305000009 0.87178868800000009 1.2599569545000002 64.500000000000014 7.9100354180000005 0.92435877150000001 8.4442016290000019 10.085208991000002 3.5000000000000004 22.649425246500005
decision_type=2 2 2 2 2 2 2 2 2 2 2 2 2 2
left_child=-1 -2 3 6 -5 -6 7 12 -7 10 -10 -11 -3 -4
right_child=1 2 13 4 5 8 -8 -9 9 11 -12 -13 -14 -15
leaf_value=0.016289725072708938 -0.018754013641193445 -0.0015151542480481696 0.0037997596648988758 -0.018754013641193445 -0.01162607242717858 0.0096090916799801192 0.0092198936810647652 0.005158704712311963 -0.0005081164334754287 -0.00024555924630973987 -0.016148089652129903 -0.012463595151504676 -0.013561597419579576 0.014105706924286605
leaf_weight=1081.4377094730735 877.88281233655289 6831.820140468888 4805.6008617607877 862.94996540434659 1895.8275376530364 1203.5466600246727 2389.3633651779965 5272.3677396527492 1110.2626054026186 14474.711353872903 1258.72170063667 997.22459158860147 840.8976025916636 1246.820672813803
leaf_count=6863 13062 49568 36831 7430 16027 8875 19322 44167 7415 98980 7825 6409 6882 12537
internal_value=-2.83633e-06 -0.000404462 -2.93609e-05 -0.00100168 -0.00296561 -0.00226812 0.00179078 0.000416509 -0.00133375 -0.00207444 -0.00883467 -0.00103683 -0.00284337 0.00593271
internal_weight=45149.4 44068 43190.1 37137.7 21803.2 20940.3 15334.4 12945.1 19044.5 17840.9 2368.98 15471.9 7672.72 6052.42
internal_count=342193 335330 322268 272900 152961 145531 119939 100617 129504 120629 15240 105389 56450 49368
is_linear=0
shrinkage=0.03


Tree=107
num_leaves=15
num_cat=0
split_feature=6 9 6 1 1 2 8 6 8 9 2 6 3 8
split_gain=323.282 346.547 230.206 194.068 189.789 189.447 143.911 144.527 111.111 131.394 110.74 97.3021 93.1089 98.7225
threshold=6.0554336730000005 0.85954095650000018 8.0885510055000012 77.500000000000014 47.500000000000007 2.5000000000000004 0.94288089300000011 10.085208991000002 1.1840792300000003 0.93154768850000014 4.5000000000000009 9.0489432890000021 -23.820950179499999 0.90454717300000009
decision_type=2 2 2 2 2 2 2 2 2 2 2 2 2 2
left_child=-1 4 3 5 -2 -3 -4 8 9 -8 -7 -10 -6 -14
right_child=1 2 6 -5 12 10 7 -9 11 -11 -12 -13 13 -15
leaf_value=0.018050344218222103 -0.015816999443430298 0.0026326527031644517 -0.010948990655722473 0.0066430629294961007 -0.011591306132406769 -0.0026708270185279276 0.0087492125577289109 -0.011222079649568948 -0.00027577656309059714 -0.0021081507234855671 -0.01595701803215846 0.012571954840625227 0.0075594581567377146 -0.0048283809794605788
leaf_weight=875.09021755307913 1691.559826864861 9916.1865370394662 1416.0088276034221 7602.263077783864 950.80097381724045 2353.7429428799078 1084.5457798335701 1157.2960692401975 1064.1458193138242 12658.149900298566 738.96969290683046 1052.5851562693715 871.60031390748918 1700.46292115096
leaf_count=6895 14197 73524 10674 68113 10159 17995 8365 7557 6506 86043 7629 6176 5849 12729
internal_value=4.61605e-05 -0.000311823 0.00065864 0.00283677 -0.007572 0.000610709 -0.00177701 -0.0010108 -0.000262354 -0.00124844 -0.00586605 0.00612758 -0.00359622 -0.000623967
internal_weight=45133.4 44258.3 39043.9 20611.2 5214.42 13008.9 18432.7 17016.7 15859.4 13742.7 3092.71 2116.73 3522.86 2572.06
internal_count=342411 335516 292582 167261 42934 99148 125321 114647 107090 94408 25624 12682 28737 18578
is_linear=0
shrinkage=0.03


Tree=108
num_leaves=15
num_cat=0
split_feature=6 8 2 1 9 10 6 4 8 6 2 8 8 6
split_gain=316.728 355.409 256.065 210.395 185.43 185.419 133.97 131.742 94.371 87.4895 151.22 108.671 84.2486 80.4621
threshold=7.0874746610000008 0.85959807050000003 4.5000000000000009 79.500000000000014 1.0049779300000001 29.500000000000004 8.7914456890000015 7.5000000000000009 1.1918919075000003 7.8558887275000009 2.5000000000000004 0.99353921200000006 1.1363215850000001 6.4321782965000009
decision_type=2 2 2 2 2 2 2 2 2 2 2 2 2 2
left_child=4 -2 5 -4 7 12 -5 -1 9 10 -7 -11 -3 -9
right_child=1 2 3 6 -6 8 -8 13 -10 11 -12 -13 -14 -15
leaf_value=-0.007561361115164339 -0.019026027328173743 -0.0012354299745822564 -0.016332114512506872 -0.0012354299745822564 0.010340997336409918 0.012038176926509159 -0.010701027000259765 0.011469785396625591 0.013394362551982165 0.0076304019335375816 -0.0012354299745822564 -0.0012354299745822564 0.0033433919818633847 0.0013664906057609294
leaf_weight=1142.8136890437454 985.20839099306613 15303.24767084606 1379.2840278451331 4343.9105663821101 3574.223278041929 1965.2387769557536 1639.3871267233044 970.20102530438453 851.83410632237792 1498.2440668735653 1187.7916523264721 4037.9059334015474 3611.9422532506287 2609.2934700716287
leaf_count=8168 9065 110509 15346 34173 32987 16425 11077 6771 5954 11085 10013 28501 21395 21040
internal_value=-0.000102491 -0.00129627 -0.000806019 -0.0057907 0.00519078 0.000484478 -0.00334906 0.00128587 0.00389308 0.00295447 0.00693909 0.000680871 -0.00123543 0.00411711
internal_weight=45100.5 36804 35818.8 7362.58 8296.53 28456.2 5983.3 4722.31 9541.01 8689.18 3153.03 5536.15 18915.2 3579.49
internal_count=342509 273543 264478 60596 68966 203882 45250 35979 71978 66024 26438 39586 131904 27811
is_linear=0
shrinkage=0.03


Tree=109
num_leaves=15
num_cat=0
split_feature=7 3 6 6 3 7 6 4 3 2 7 6 7 6
split_gain=324.968 334.802 227.998 221.556 221.498 200.041 335.899 155.986 136.396 85.5581 86.3547 85.531 83.179 111.297
threshold=0.83419212000000009 -7.0125260789999988 7.4021490555000016 7.3123821710000012 -43.015357794999993 0.93955490950000009 6.8807465745000007 5.5000000000000009 37.150595635500004 3.5000000000000004 0.92435877150000001 6.6811109920000007 0.97133715500000017 7.7398744825000003
decision_type=2 2 2 2 2 2 2 2 2 2 2 2 2 2
left_child=-1 4 3 5 -2 11 -7 -6 9 10 -4 -3 -12 -14
right_child=1 2 8 -5 7 6 -8 -9 -10 -11 12 -13 13 -15
leaf_value=0.016174644687951486 -0.019629104551585595 0.003974375857472825 -0.0031361918037149067 0.022029672645268974 -0.012229509162433209 0.011108952117738167 -0.0031361918037149067 -0.0031361918037149067 0.0097131660007937336 -0.0031361918037149067 0.0058172686188540301 0.017755060367115175 0.0075184491869901247 -0.001083066449776535
leaf_weight=1083.6880600079894 766.3752106744796 632.8806993579492 2293.8361314497888 723.54991905204952 1693.3831159984693 1792.8777353568003 2256.7197425384074 13093.588350276928 1234.7217699978501 4808.054587142542 3126.8663512896746 1140.2220370555297 1594.9289247309789 8798.3712039384991
leaf_count=6914 11851 6991 13821 6277 14211 16042 21186 102485 10500 30830 21464 10245 12525 57057
internal_value=-1.65073e-05 -0.000417474 0.00151996 0.00642902 -0.00395491 0.00447318 0.000789155 -0.00313619 4.85351e-05 -0.000532338 0.000566728 0.0128613 0.00153146 0.00023988
internal_weight=45040.1 43956.4 28403 6546.25 15553.3 5822.7 4049.6 14787 21856.8 20622.1 15814 1773.1 13520.2 10393.3
internal_count=342399 335485 206938 60741 128547 54464 37228 116696 146197 135697 104867 17236 91046 69582
is_linear=0
shrinkage=0.03


Tree=110
num_leaves=15
num_cat=0
split_feature=6 8 6 2 6 1 3 8 9 4 1 6 6 3
split_gain=312.67 357.618 259.717 221.317 282 260.768 196.36 183.143 155.692 140.687 136.689 119.534 76.681 68.7274
threshold=7.1447426835000014 0.85959807050000003 7.2258894360000001 3.5000000000000004 7.4021490555000016 71.500000000000014 15.278038974500001 1.0771624165000002 1.0706280435000002 6.5000000000000009 39.500000000000007 8.839829206500001 6.5206767235000003 19.696712776000002
decision_type=2 2 2 2 2 2 2 2 2 2 2 2 2 2
left_child=6 -2 -3 4 10 -5 8 -6 9 -1 -4 -7 -11 -9
right_child=1 2 3 5 7 11 -8 13 -10 12 -12 -13 -14 -15
leaf_value=-0.0086724645848723445 -0.020081460160117328 -0.01514142161942909 0.004072131262636604 -0.013621193214103149 -0.0016724539550996118 -0.0016724539550996118 0.018677890238753377 0.0027024205792947247 0.0096195118559230207 0.0090002406179352373 0.02102735045520426 -0.0084403799172401012 0.00050651125658232512 0.010355396778514743
leaf_weight=1140.6420901846141 885.87791125010699 1100.6991192838177 819.28316078707576 2017.3734879069962 13117.205876768567 6447.9711151830852 842.28125106170774 6997.810651447624 2569.0483054667711 1372.2427857369184 897.65390751510859 2343.982438320294 3134.2602982353419 1240.4425511993468
leaf_count=8174 8531 8997 6153 20082 94658 50417 12779 43805 21340 8935 8424 15668 24475 9637
internal_value=-5.36601e-05 -0.00131149 -0.00083337 -0.000366386 0.00129321 -0.00390775 0.00492488 0.000351444 0.0035045 0.00071655 0.012972 -0.00167245 0.00309998 0.00386032
internal_weight=44926.8 35868.3 34982.4 33881.7 23072.4 10809.3 9058.47 21355.5 8216.19 5647.15 1716.94 8791.95 4506.5 8238.25
internal_count=342075 266372 257841 248844 162677 86167 75703 148100 62924 41584 14577 66085 33410 53442
is_linear=0
shrinkage=0.03


Tree=111
num_leaves=15
num_cat=0
split_feature=7 6 3 3 1 8 2 8 6 6 7 3 3 7
split_gain=297.485 320.196 315.528 253.922 186.558 245.398 177.092 176.189 141.378 98.9347 120.297 95.4106 73.6452 64.0664
threshold=1.1038697120000003 6.466575573000001 -36.478419837499992 37.150595635500004 39.500000000000007 0.87754026800000007 1.0000000180025095e-35 1.0532467835000003 7.1447426835000014 6.6811109920000007 0.97455276950000014 -1.2699059649999997 -7.0125260789999988 0.96588132250000014
decision_type=2 2 2 2 2 2 2 2 2 2 2 2 2 2
left_child=1 11 -3 4 5 -4 -7 -2 9 -6 -11 -1 13 -8
right_child=7 2 3 -5 8 6 12 -9 -10 10 -12 -13 -14 -15
leaf_value=0.0067968686600910731 -0.019727788774952369 -0.014821701038735872 -0.014821701038735872 0.013848611615454256 0.001562860972634748 0.001562860972634748 -0.0037945032570079933 -0.0041802663971555196 0.001562860972634748 0.013848611615454256 0.0029855096125512054 0.019362926006014955 -0.0020134685761722493 -0.012413951583014889
leaf_weight=1558.2002978995442 961.21962291933596 1256.4008838851005 933.81055415049195 1223.0684707136825 702.95727275125682 5836.1499985232949 1437.1583141181618 2055.013696834445 20390.081160908565 1563.902197082527 1199.0987293869257 838.29304552823305 3218.0482610817999 1698.1827029408887
leaf_count=9368 6918 18265 6720 12620 6457 40260 10507 11964 149653 14349 10701 9480 21304 13766
internal_value=-6.80719e-05 0.000588097 -5.91818e-05 0.000428203 -1.74797e-05 -0.00288977 -0.00172688 -0.00915943 0.00156286 0.00761777 0.0104028 0.0112236 -0.00520651 -0.00847535
internal_weight=44871.6 41855.4 39458.9 38202.5 36979.4 13123.3 12189.5 3016.23 23856 3465.96 2763 2396.49 6353.39 3135.34
internal_count=342332 323450 304602 286337 273717 92557 85837 18882 181160 31507 25050 18848 45577 24273
is_linear=0
shrinkage=0.03


Tree=112
num_leaves=15
num_cat=0
split_feature=7 7 4 10 8 7 7 8 2 1 1 2 9 8
split_gain=297.953 260.152 265.953 164.837 163.99 153.674 244.601 149.651 91.3552 149.782 100.417 75.8816 93.4478 73.3061
threshold=0.83419212000000009 1.1038697120000003 8.5000000000000018 50.500000000000007 1.0099562875000003 1.0882793250000002 1.0773223900000002 1.0623582 4.5000000000000009 83.500000000000014 92.500000000000014 1.5000000000000002 1.0215626255000003 1.0787554880000003
decision_type=2 2 2 2 2 2 2 2 2 2 2 2 2 2
left_child=-1 2 4 5 -2 6 8 -3 10 -10 11 12 -4 -5
right_child=1 7 3 13 -6 -7 -8 -9 9 -11 -12 -13 -14 -15
leaf_value=0.015531293328357428 -0.0077393459949500094 -0.018343838421561356 -8.1625731031619047e-05 0.0054804861467598661 0.00040298041079783216 0.012930870535454502 -0.015459929779482842 -0.0041619758630745789 -0.012308587681769454 -8.1625731031619047e-05 0.0059750614349557028 -8.1625731031619047e-05 0.0050923691890327983 0.016384930181142131
leaf_weight=1075.8065611980855 5260.8534672474489 1004.3472518306226 2520.1181577807292 2087.5825384929776 3855.781772707589 910.34314570948482 839.59419305436313 2002.3811056315899 1098.8357091662474 4924.6104522380047 4266.0671837045811 8012.7986639076844 6196.9526946088299 755.55069337040186
leaf_count=6922 44284 7163 18926 18097 27240 6189 5574 11617 10523 38410 37045 58247 44765 6978
internal_value=-2.91188e-05 -0.000413603 0.000215511 0.00151742 -0.0042973 0.000835716 0.000438235 -0.00892178 0.00093502 -0.00232051 0.00186932 0.00082089 0.00298314 0.00840197
internal_weight=44811.6 43735.8 40729.1 31612.5 9116.64 28769.3 27859 3006.73 27019.4 6023.45 20995.9 16729.9 8717.07 2843.13
internal_count=341980 335058 316278 244754 71524 219679 213490 18780 207916 48933 158983 121938 63691 25075
is_linear=0
shrinkage=0.03


Tree=113
num_leaves=15
num_cat=0
split_feature=6 9 7 10 6 7 6 7 3 7 7 6 7 7
split_gain=283.848 270.291 302.796 208.406 188.457 377.88 330.631 269.591 204.138 187.068 209.81 165.187 146.797 163.951
threshold=6.0554336730000005 0.85954095650000018 0.97069110450000007 46.500000000000007 8.4442016290000019 1.0215094560000002 7.7398744825000003 0.94513024450000016 10.172579510000002 0.86131966000000004 0.88428956500000011 10.085208991000002 1.0125286890000003 0.99360267200000008
decision_type=2 2 2 2 2 2 2 2 2 2 2 2 2 2
left_child=-1 2 -2 4 5 8 -7 -6 9 -3 -11 -9 13 -12
right_child=1 3 -4 -5 7 6 -8 11 -10 10 12 -13 -14 -15
leaf_value=0.016991982249584741 0.00041103593995594188 0.011864333173671242 -0.014123759374583092 0.0068243416468815364 -0.012837499721435924 0.0018611392613784082 -0.013329464173048264 0.00011826218427958234 0.011864333173671242 -0.013397639687268351 0.0030077349671480303 -0.012732357554095439 0.011864333173671242 -0.0058087723458912534
leaf_weight=862.12418765760958 2602.6560956742615 1179.6361183896661 2552.0173385040835 4198.857692562975 2168.0829900735989 2569.6352505274117 2581.4300726228394 8956.1078141573817 2272.6081088734791 824.00334837753326 9928.2175873802043 995.85830453410745 812.85155748808756 2341.9412354119122
leaf_count=6937 20680 6995 22335 35317 14413 20866 19293 59089 23225 5258 76865 6576 5943 19053
internal_value=-5.50042e-06 -0.00034056 -0.00679168 0.000516606 -0.000249068 0.00137479 -0.0057571 -0.00326436 0.00349211 0.00222743 0.00123903 -0.0011734 0.00216566 0.00132329
internal_weight=44846 43983.9 5154.67 38829.2 34630.4 22510.3 5151.07 12120 17359.3 15086.6 13907 9951.97 13083 12270.2
internal_count=342845 335908 43015 292893 257576 177498 40159 80078 137339 114114 107119 65665 101861 95918
is_linear=0
shrinkage=0.03


Tree=114
num_leaves=15
num_cat=0
split_feature=7 3 7 3 6 7 7 6 7 7 8 8 7 6
split_gain=281.066 275.393 246.22 275.442 236.672 317.49 182.606 179.392 283.49 168.891 167.239 164.885 133.367 228.819
threshold=0.83419212000000009 -41.661101118999994 1.1074512525000002 24.698403072500003 8.4442016290000019 0.94513024450000016 0.96953431500000009 9.8407207140000015 1.0273200190000003 0.99360267200000008 1.0990887175000001 1.0602937770000003 1.0000089370000003 7.6375784670000009
decision_type=2 2 2 2 2 2 2 2 2 2 2 2 2 2
left_child=-1 -2 3 4 9 -6 -7 8 -8 -3 -4 -10 -11 -14
right_child=1 2 10 -5 5 6 7 -9 11 12 -12 -13 13 -15
leaf_value=0.015250229395914812 -0.017366788414604734 0.0033421194425117167 -0.017366788414604734 0.0095447013692745702 -0.013424397092750024 0.0095447013692745702 -0.0070612850573226228 -0.015043177805130923 -0.0035260490048993967 -0.010036880984920744 -0.002465868178918897 0.0095447013692745702 0.0047127806893821162 -0.0052559679908288316
leaf_weight=1064.3333367630839 831.33238567272201 16349.934190323576 1129.8498982973397 2878.4370018197224 2389.7373175537214 918.76300441566855 3410.2884079674259 914.91466061957181 1260.2330511193722 1446.6186600262299 1621.0414549335837 2187.1474507283419 4218.3295800946653 4063.7533292034641
leaf_count=6878 13096 124910 7604 28665 15911 6741 23605 6495 9020 12158 9327 13011 32860 31734
internal_value=5.49089e-05 -0.000317561 1.56725e-05 0.000612613 -8.04682e-05 -0.0037524 -0.00108683 -0.00260317 -0.000933742 0.00148019 -0.00865792 0.00512932 -0.00164905 -0.000178786
internal_weight=44684.7 43620.4 42789 40038.2 37159.7 11081.1 8691.35 7772.58 6857.67 26078.6 2750.89 3447.38 9728.7 8282.08
internal_count=342015 335137 322041 305110 276445 74783 58872 52131 45636 201662 16931 22031 76752 64594
is_linear=0
shrinkage=0.03


Tree=115
num_leaves=15
num_cat=0
split_feature=7 3 3 6 6 6 8 8 1 7 6 7 9 7
split_gain=270.903 268.211 226.429 221.282 235.791 274.69 239.391 212.644 168.418 136.189 178.86 136.085 179.367 135.26
threshold=0.83419212000000009 -34.741526003499992 47.368669263000008 7.7398744825000003 7.8123927305000009 7.8721526355000009 0.90615372750000012 1.0279489195000002 42.500000000000007 0.94577038950000014 6.8497640435000013 1.0667395255000003 1.4489306995000002 0.94577038950000014
decision_type=2 2 2 2 2 2 2 2 2 2 2 2 2 2
left_child=-1 -2 3 7 -5 -6 -7 8 -3 -10 -11 13 -13 -8
right_child=1 2 -4 4 5 6 11 -9 9 10 -12 12 -14 -15
leaf_value=0.014841372193899662 -0.012626270254511586 -0.0041388298930423581 0.014997101199361935 -0.012626270254511586 0.013936538964696103 -0.012626270254511586 -0.0045769666149964349 0.0077088884577272455 0.0086114638625261457 0.0103600379572762 -0.0032499725977565021 -0.0091736142188059335 0.0050578121376077586 0.0014736738685076367
leaf_weight=1069.5225341506302 1553.7492061234079 4774.7903021909297 887.37945629283786 934.57986197900027 990.26601594686508 1072.3834046013653 4578.2101623201743 4787.1005325391889 2596.9131724825129 1143.3225801344961 3568.1696439329535 3579.7011646647006 1021.4276304617524 12108.567681602202
leaf_count=6931 22011 34008 9258 7859 7288 8850 30054 41175 20456 9255 29752 22864 6039 86414
internal_value=-3.96857e-05 -0.000406412 4.66373e-05 -0.000277502 -0.00211079 -0.00148534 -0.00217129 0.0023614 0.000240524 0.00310256 6.02062e-05 -0.00144738 -0.00601225 -0.000187263
internal_weight=44666.1 43596.6 42042.8 41155.4 24285.1 23350.6 22360.3 16870.3 12083.2 7308.41 4711.49 21287.9 4601.13 16686.8
internal_count=342214 335283 313272 304014 169368 161509 154221 134646 93471 59463 39007 145371 28903 116468
is_linear=0
shrinkage=0.03


Tree=116
num_leaves=15
num_cat=0
split_feature=6 8 2 1 7 10 1 7 7 8 6 2 10 8
split_gain=255.108 293.757 201.37 342.109 211.814 148.978 119.948 75.9993 67.2035 61.3896 51.7791 56.5879 23.7317 15.5694
threshold=6.0554336730000005 0.86768323550000015 4.5000000000000009 63.500000000000007 0.99296517100000015 48.500000000000007 48.500000000000007 0.93117416600000014 0.8473836145000001 1.0787554880000003 8.742978658000002 6.5000000000000009 21.500000000000004 1.1918919075000003
decision_type=2 2 2 2 2 2 2 2 2 2 2 2 2 2
left_child=-1 6 5 -4 -5 8 -2 -7 -3 -9 11 12 -6 -10
right_child=1 2 3 4 10 7 -8 9 13 -11 -12 -13 -14 -15
leaf_value=0.016265945061669281 -0.017971258206437871 0.010313675678411273 -0.021411858984775205 0.0012837590312440167 0.0012837590312440167 0.015984980390304344 -0.0038266849274514528 0.001578880024575469 0.0012837590312440167 0.011746238544958362 -0.011655416588310475 -0.010659081020702215 -0.0048709197786097787 0.0053550967514066307
leaf_weight=844.02632131800056 1108.8731881342828 908.51434077695012 891.9081667913124 3826.8404609104618 803.34043567813933 770.52761808410287 1053.1779891103506 1532.4078855649568 26491.071153176017 817.27701266855001 1386.5501112015918 839.65162243973464 788.29355725459754 2555.2475364841521
leaf_count=6868 8817 5582 10410 31614 6485 6337 8156 13537 198827 7020 9557 7340 6183 15679
internal_value=-2.14638e-05 -0.000337333 0.000223445 -0.00388309 -0.00182535 0.00128376 -0.0111059 0.00783398 0.00128376 0.00513277 -0.00703563 -0.00438247 -0.0010483 0.00128376
internal_weight=44617.7 43773.7 41611.6 8536.58 7644.68 33075 2162.05 3120.21 29954.8 2349.68 3817.84 2431.29 1591.63 29046.3
internal_count=342412 335544 318571 71589 61179 246982 16973 26894 220088 20557 29565 20008 12668 214506
is_linear=0
shrinkage=0.03


Tree=117
num_leaves=15
num_cat=0
split_feature=4 6 6 7 6 7 8 8 7 8 3 7 6 7
split_gain=264.983 297.309 229.696 199.348 189.465 273.031 153.644 152.226 137.346 262.999 208.285 156.205 243.284 115.379
threshold=7.5000000000000009 7.1447426835000014 7.2258894360000001 0.97455276950000014 7.4021490555000016 0.94891079750000007 0.88621481650000011 1.0099562875000003 1.0667395255000003 1.1578567845000003 30.957504403500003 1.0882793250000002 8.7769854365000022 1.0215094560000002
decision_type=2 2 2 2 2 2 2 2 2 2 2 2 2 2
left_child=7 3 -3 -2 5 -4 -6 13 10 11 -8 -10 -13 -1
right_child=1 2 4 -5 6 -7 8 -9 9 -11 -12 12 -14 -15
leaf_value=-0.0062569663888171617 0.01100565344991533 -0.014845738145303489 0.022161743027169185 0.00073441360007309273 -0.012179607603571934 -3.8340567870216015e-05 0.000291338986031058 -0.00034385434239440427 -0.018299350577799026 0.005087800943859906 0.014128127564699323 0.0052745700910696459 -0.015518597604171834 -0.018195436519878896
leaf_weight=3575.6201184373349 3934.3085671337321 944.5690696882084 828.68142222985625 2993.8563861018047 976.12900143396109 1240.4257217617705 19828.189071638975 3476.1486882092431 1178.2087473636493 1651.1956841647625 1024.9775395318866 1067.4391523823142 955.39401394687593 913.87237857142463
leaf_count=29478 36227 7801 6230 25031 8239 11781 143507 23990 8326 9894 10242 7007 5865 8740
internal_value=-0.000101467 0.000977256 -0.000328677 0.00657089 0.000150763 0.00888483 -0.000528087 -0.00505858 -8.33528e-05 -0.00462668 0.00097467 -0.00963782 -0.00456019 -0.00870468
internal_weight=44589 36623.4 29695.2 6928.16 28750.6 2069.11 26681.5 7965.64 25705.4 4852.24 20853.2 3201.04 2022.83 4489.49
internal_count=342358 280150 218892 61258 211091 18011 193080 62208 184841 31092 153749 21198 12872 38218
is_linear=0
shrinkage=0.03


Tree=118
num_leaves=15
num_cat=0
split_feature=4 6 7 2 7 3 3 7 6 6 6 8 6 7
split_gain=245.629 272.857 194.192 163.569 182.689 145.195 111.776 91.2954 164.033 90.1516 147.228 85.9616 72.322 68.6131
threshold=6.5000000000000009 7.0874746610000008 0.97455276950000014 3.5000000000000004 0.96790526650000019 -20.544594178499995 33.257863957500007 1.0070947110000001 6.7773676060000012 6.9626739290000002 6.5467855565000006 1.0544512040000003 7.4755580655000005 1.1038697120000003
decision_type=2 2 2 2 2 2 2 2 2 2 2 2 2 2
left_child=5 2 9 6 -5 -1 -3 8 -4 10 -2 -7 -6 -14
right_child=1 3 7 4 12 11 -8 -9 -10 -11 -12 -13 13 -15
leaf_value=-0.015360599171799579 0.015388554786133466 0.00114106571865628 0.0053985171809451515 0.00114106571865628 -0.014757021925663678 -0.0063647882004800212 0.011859404130796425 0.0057035204991093304 -0.014723027238263079 0.019801748187870043 0.0019731384891737702 0.001701327631286743 -0.0039184995103498212 -0.013013321557072193
leaf_weight=1127.7497401726432 1402.2704467936419 19957.56101188343 712.22804036270827 3997.2337864730507 824.0492853615433 3339.1908416105434 870.71611879020929 1488.1048260452226 737.89809294883162 787.37781104817986 1547.6291119400412 1842.4633238706738 5014.8996876133606 874.30015734024346
leaf_count=13517 13022 141422 5720 32029 7678 23975 8518 12111 6593 7042 14148 11590 39572 5525
internal_value=-0.000147271 0.000758357 0.006266 -0.000408203 -0.00342013 -0.00562866 0.00114107 0.000492728 -0.00485576 0.0107982 0.00836557 -0.00349781 -0.00645219 -0.00527859
internal_weight=44523.7 38214.3 6675.51 31538.8 10710.5 6309.4 20828.3 2938.23 1450.13 3737.28 2949.9 5181.65 6713.25 5889.2
internal_count=342462 293380 58636 234744 84804 49082 149940 24424 12313 34212 27170 35565 52775 45097
is_linear=0
shrinkage=0.03


Tree=119
num_leaves=15
num_cat=0
split_feature=6 8 7 3 6 6 6 7 6 6 6 7 7 6
split_gain=247.256 257.356 186.058 193.342 192.138 350.926 309.629 174.423 281.376 238.377 208.263 176.641 153.791 140.509
threshold=6.0554336730000005 0.86380373900000007 1.1413693005000003 47.368669263000008 7.7398744825000003 7.8123927305000009 7.8721526355000009 0.94577038950000014 7.4407867225000013 7.1571348045000009 7.4407867225000013 1.0259168860000003 0.99360267200000008 7.1925048035000012
decision_type=2 2 2 2 2 2 2 2 2 2 2 2 2 2
left_child=-1 -2 3 4 7 -6 -7 10 9 -9 13 12 -11 -3
right_child=1 2 -4 -5 5 6 -8 8 -10 11 -12 -13 -14 -15
leaf_value=0.015976344249670118 -0.011013548845613976 0.0063595729491911909 -0.013319580532361685 0.015053277527547777 -0.019108879904164131 0.015053277527547777 -0.001630819746714881 0.00099453823118445276 0.0070903624965695617 -0.0088671737757414805 -0.0022312159529657627 0.0021232890302862141 -0.027072770581070629 0.015053277527547777
leaf_weight=835.4404598288238 1977.0192708335817 2833.1112441336736 911.14503448083997 784.42600418487564 987.10173723567277 1003.2644455935806 21975.12266203668 4259.4852688517421 3563.4912500749342 1136.3288630852476 1634.8617960391566 698.60716332495213 662.75127664487809 1239.3246979666874
leaf_count=6906 15637 24509 5995 8334 8627 7479 156106 37298 28464 10320 10831 6111 6306 9459
internal_value=-0.000141326 -0.000451491 5.06547e-05 0.000350997 6.07828e-05 -0.00163961 -0.000885176 0.00260298 0.000274928 -0.00332187 0.00680894 -0.0106702 -0.0156303 0.0104364
internal_weight=44501.5 43666 41689 40777.9 39993.5 23965.5 22978.4 16028 10320.7 6757.17 5707.3 2497.69 1799.08 4072.44
internal_count=342382 335476 319839 313844 305510 172212 163585 133298 88499 60035 44799 22737 16626 33968
is_linear=0
shrinkage=0.03


Tree=120
num_leaves=15
num_cat=0
split_feature=6 3 8 7 3 6 7 7 7 7 8 7 7 6
split_gain=231.724 250.529 203.535 190.081 188.781 189.409 238.245 191.57 164.058 190.343 189.51 149.513 169.118 160.11
threshold=6.0554336730000005 -41.661101118999994 0.86380373900000007 1.1038697120000003 25.454647668000003 8.4442016290000019 0.94513024450000016 0.86131966000000004 0.96953431500000009 1.0273200190000003 1.0579517620000003 0.88428956500000011 0.95507226550000002 7.4493612985000004
decision_type=2 2 2 2 2 2 2 2 2 2 2 2 2 2
left_child=-1 -2 -3 4 5 7 -7 -4 -8 -10 -11 -9 13 -13
right_child=1 2 3 -5 -6 6 8 11 9 10 -12 12 -14 -15
leaf_value=0.015577630175325584 -0.016823054581826837 -0.0097862412105177623 0.0087647212618557624 -0.007053615110916827 0.0087647212618557624 -0.011156894909245924 0.0087647212618557624 -0.0096200785265037995 -0.0069243791402134975 -0.0066790119936206722 0.0071366524636212389 0.0087647212618557624 -0.00021053034696662848 0.0013955820917755457
leaf_weight=830.61427182145417 812.42397699784487 1846.3896264703944 1419.287250790745 2871.0246186070144 2584.5098729501478 2438.1776749677956 892.0918188476935 1104.0916647482663 3674.6072327215225 1337.2104052612558 2669.8724777325988 3168.3995615458116 14538.537304513622 4241.3338408889249
leaf_count=6914 13228 13591 8753 17550 26055 15848 6480 7366 25412 9829 16190 26951 118107 30070
internal_value=-7.12166e-05 -0.000371106 -5.67819e-05 0.000383166 0.000944887 0.000374161 -0.00289247 0.0018444 -0.00053713 -0.00199748 0.00252363 0.00112711 0.00166981 0.00535686
internal_weight=44428.6 43598 42785.5 40939.1 38068.1 35483.6 11012 24471.6 8573.78 7681.69 4007.08 23052.4 21948.3 7409.73
internal_count=342344 335430 322202 308611 291061 265006 73759 191247 57911 51431 26019 182494 175128 57021
is_linear=0
shrinkage=0.03


Tree=121
num_leaves=15
num_cat=0
split_feature=4 6 6 6 7 7 3 9 7 6 7 9 9 6
split_gain=229.715 251.408 232.787 172.335 237.788 167.467 130.923 126.24 103.821 96.9298 81.0067 78.3155 88.0008 137.349
threshold=6.5000000000000009 7.1447426835000014 7.2258894360000001 7.4021490555000016 0.94891079750000007 0.97455276950000014 -20.544594178499995 0.87738731000000014 1.0230551255000002 10.085208991000002 0.9997044610000001 0.93154768850000014 1.3965874115000003 9.3095184375000013
decision_type=2 2 2 2 2 2 2 2 2 2 2 2 2 2
left_child=6 5 -3 4 -4 -2 -1 8 -5 11 -6 -9 13 -13
right_child=1 2 3 7 10 -7 -8 9 -10 -11 -12 12 -14 -15
leaf_value=-0.014661853584536895 0.009854983472879263 -0.014626055090774791 0.020510032130982514 -0.0028899581895636159 -0.0074491293236752893 0.00067126657733848497 -0.0033208429805611844 0.0063584941184773843 -0.01571340629123736 -0.0089326439955785819 0.0074527649077434227 8.7213571570159942e-05 0.0041153326175037575 -0.0083370643544946107
leaf_weight=1110.6339661036618 4114.8496505054645 986.8984110346064 857.98631280381233 2010.5280043156818 633.86612746212631 3157.3846316086128 5152.8231005547568 1930.3120648330078 788.81686168070883 1001.083005880937 670.3810546672903 16056.06158966152 3949.9800546560436 1948.7577718775719
leaf_count=13518 37846 8190 6546 17057 6044 26422 35412 15089 6958 6501 6389 117873 26255 12216
internal_value=-1.99756e-05 0.000855354 -0.000328301 0.000146816 0.00829368 0.00587089 -0.00534192 -0.000490835 -0.006525 0.000189098 0.000209632 0.000573202 6.32154e-05 -0.000826652
internal_weight=44370.4 38106.9 30834.7 29847.8 2162.23 7272.23 6263.46 27685.5 2799.34 24886.2 1304.25 23885.1 21954.8 18004.8
internal_count=342316 293386 229118 220928 18979 64268 48930 201949 24015 177934 12433 171433 156344 130089
is_linear=0
shrinkage=0.03


Tree=122
num_leaves=15
num_cat=0
split_feature=6 8 6 2 6 1 3 8 6 6 6 6 6 6
split_gain=214.317 272.895 180.336 162.234 196.961 190.095 157.772 146.392 133.004 171.279 95.1709 89.7222 85.2591 56.3625
threshold=7.0874746610000008 0.85959807050000003 7.1925048035000012 3.5000000000000004 7.4021490555000016 75.500000000000014 1.6030010305000004 1.0771624165000002 6.9626739290000002 6.7949859375000008 7.3123821710000012 6.4321782965000009 8.839829206500001 6.6356322610000005
decision_type=2 2 2 2 2 2 2 2 2 2 2 2 2 2
left_child=6 -2 -3 4 10 -5 8 -6 9 13 -4 -8 -7 -1
right_child=1 2 3 5 7 12 11 -9 -10 -11 -12 -13 -14 -15
leaf_value=0.00064820584222996254 -0.017060238866692258 -0.011595668025776325 0.0045497713271008882 -0.01095583302124774 -0.0012341206940688189 -0.0012341206940688189 0.022984480153544783 0.0034783639646362744 0.0099444120910558639 -0.0098123214702204205 0.017827354706664841 0.0099444120910558639 -0.0070803162294915557 0.009111184149103049
leaf_weight=2520.6537669170648 935.29401400405914 1307.7573835775256 1159.779497211799 2291.4998686695471 13022.525154730305 6316.1203636443242 521.18918959470466 8183.3341283900663 1457.36773389671 1269.9900017697364 837.16152055282146 1294.5447433623485 2240.3285001963377 980.49295761995018
leaf_count=16566 9180 11141 10076 23226 94689 49567 7330 53518 11527 9949 6982 16659 15058 6849
internal_value=-0.000127096 -0.00110915 -0.000684869 -0.000264186 0.00115172 -0.00329182 0.00430167 0.000302481 0.00202902 -0.000396651 0.0101466 0.0120706 -0.00123412 0.00302787
internal_weight=44338 36293.8 35358.5 34050.7 23202.8 10847.9 8044.24 21205.9 6228.5 4771.14 1996.94 1815.73 8556.45 3501.15
internal_count=342317 273437 264257 253116 165265 87851 68880 148207 44891 33364 17058 23989 64625 23415
is_linear=0
shrinkage=0.03


Tree=123
num_leaves=15
num_cat=0
split_feature=7 4 6 6 6 7 8 9 8 6 7 6 7 8
split_gain=232.154 198.436 175.846 172.741 173.797 258.656 151.645 141.909 140.548 113.993 107.451 116.172 94.3308 91.2057
threshold=0.83419212000000009 6.5000000000000009 7.1447426835000014 7.2258894360000001 7.4021490555000016 0.94891079750000007 0.90615372750000012 1.2599569545000002 1.0099562875000003 7.9880475910000008 0.97455276950000014 6.6811109920000007 0.93241696600000001 1.1387315905000002
decision_type=2 2 2 2 2 2 2 2 2 2 2 2 2 2
left_child=-1 8 7 -4 5 -5 9 10 -2 -6 11 -3 -13 -8
right_child=1 2 3 4 6 -7 13 -9 -10 -11 -12 12 -14 -15
leaf_value=0.013787423513350683 -0.0095929760336783739 -6.6774721819871623e-05 -0.013014183874726205 0.021976980110226182 -0.0019346483677439707 -4.5538104699049379e-06 -0.0011112799694243719 0.015884190422449825 -0.00044687359854046261 -0.01807681288406485 -0.001302196556286781 0.01771010914093421 0.0044739957065999961 0.0035443540147749178
leaf_weight=1052.4278333559632 3336.0342944106087 1349.375327674672 972.30219583678991 764.42287321668118 804.49380161147565 1288.7268921793438 21016.410683876835 883.08355236891657 2763.3473320454359 768.6642223354429 2780.3361207451671 1011.5563933616504 934.58617330528796 4614.313262257725
leaf_count=6906 29108 11775 8106 6049 6346 12306 156571 9976 18976 6949 22780 8352 8977 29380
internal_value=-0.000100735 -0.000439943 0.000382899 -0.000607083 -0.000192603 0.00821306 -0.000828393 0.00468069 -0.00545306 -0.00985419 0.00304062 0.00670095 0.0113816 -0.000272596
internal_weight=44340.1 43287.7 37188.3 30229.3 29257 2053.15 27203.9 6958.94 6099.38 1573.16 6075.85 3295.52 1946.14 25630.7
internal_count=342557 335651 287567 225707 217601 18355 199246 61860 48084 13295 51884 29104 17329 185951
is_linear=0
shrinkage=0.03


Tree=124
num_leaves=15
num_cat=0
split_feature=7 3 8 6 3 1 8 2 8 6 6 7 3 6
split_gain=227.657 300.784 287.759 249.777 247.445 151.257 203.734 143.516 111.653 162.611 107.015 74.1712 69.7999 60.0259
threshold=1.0667395255000003 33.257863957500007 1.1578567845000003 6.5206767235000003 -39.342950712999993 41.500000000000007 0.87754026800000007 1.0000000180025095e-35 0.98238365850000009 8.7769854365000022 8.0449212150000022 0.87668144800000014 0.44046649900000007 7.1447426835000014
decision_type=2 2 2 2 2 2 2 2 2 2 2 2 2 2
left_child=1 3 8 -1 -5 6 -6 -8 -2 10 -10 -7 -9 -13
right_child=2 -3 -4 4 5 11 7 12 9 -11 -12 13 -14 -15
leaf_value=0.0096765754097312504 -0.018202377778993868 0.01523997264688812 0.0042077604417399316 -0.016402117835145197 -0.016402117835145197 0.0081801245067722912 0.0016084109365256652 -0.0061046530859871963 -0.007803013865396502 -0.014132539232883892 0.0065682315980738369 0.0062216233006022479 0.0016084109365256652 0.0016084109365256652
leaf_weight=2386.3583464263938 1029.6492990273982 1249.8211961681955 1970.5154556818306 838.19526078784838 865.0713497698307 1540.9830796085298 5375.5563724357635 5120.4445079751313 972.27214585896581 1534.5598910469562 887.04147545620799 2784.1144000198692 1085.5184012055397 16640.542113817297
leaf_count=18680 8721 15569 11886 13669 6562 10038 37521 38123 6956 9590 5835 26161 7235 125971
internal_value=-8.6505e-05 0.000797382 -0.00532033 0.000302677 -0.000351755 5.32858e-05 -0.00256584 -0.00151328 -0.0095647 -0.00692124 -0.000947551 0.00160841 -0.00463477 0.00160841
internal_weight=44280.6 37886.6 6394.04 36636.8 34250.4 33412.2 12446.6 11581.5 4423.52 3393.87 1859.31 20965.6 6205.96 19424.7
internal_count=342517 299529 42988 283960 265280 251611 89441 82879 31102 22381 12791 162170 45358 152132
is_linear=0
shrinkage=0.03


Tree=125
num_leaves=15
num_cat=0
split_feature=7 3 8 7 3 5 7 7 7 1 1 9 5 8
split_gain=210.748 297.317 257.338 184.307 211.718 147.638 114.106 111.815 327.855 103.856 102.865 124.287 87.0286 75.9021
threshold=1.0667395255000003 33.257863957500007 1.1578567845000003 0.83419212000000009 -40.462903895999993 1.5000000000000002 1.0562630570000002 1.0882793250000002 1.1074512525000002 41.500000000000007 46.500000000000007 0.84955429650000014 1.0000000180025095e-35 0.9636373465000001
decision_type=2 2 2 2 2 2 2 2 2 2 2 2 2 2
left_child=1 3 7 -1 -5 6 10 -2 -9 -7 11 -6 -13 -12
right_child=2 -3 -4 4 5 9 -8 8 -10 -11 13 12 -14 -15
leaf_value=0.012621467092977703 -0.015335584290824607 0.015224255473192838 0.0038694250178987729 -0.015213402153341361 -0.01097505740086566 -0.013203718671140088 0.010214444386048311 0.00806215739066443 -0.01340157442031667 -0.0022857875942016116 0.0053989692806151639 0.0013120853052139695 -0.0042212747268595861 0.0013120853052139695
leaf_weight=1048.0663332082331 1656.4365739161149 1229.0309784202836 1960.4145428612828 811.52470788871869 1118.4242135062814 1052.8099094396457 1148.0383857544512 1013.5146729443222 1723.0300539601594 3042.2935508657247 4758.6145425988361 7715.0305171916261 3821.038101434242 12095.346623492427
leaf_count=6722 12146 15518 11806 13188 8652 8024 7953 7328 11484 23099 35894 55134 27796 97556
internal_value=-0.000108188 0.000740892 -0.00516183 0.000252675 -0.000113564 0.000241188 0.000956097 -0.00919194 -0.005452 -0.00510536 0.000594228 -0.00144959 -0.000521738 0.00212877
internal_weight=44193.6 37840.2 6353.4 36611.2 35563.1 34751.6 30656.5 4392.98 2736.54 4095.1 29508.5 12654.5 11536.1 16854
internal_count=342300 299536 42764 284018 277296 264108 232985 30958 18812 31123 225032 91582 82930 133450
is_linear=0
shrinkage=0.03


Tree=126
num_leaves=15
num_cat=0
split_feature=4 7 2 3 7 9 7 8 3 3 6 6 9 8
split_gain=219.993 195.461 155.875 128.969 126.132 125.353 121.987 117.706 63.1152 60.803 38.3032 37.6033 36.5932 29.2177
threshold=6.5000000000000009 0.83419212000000009 4.5000000000000009 19.696712776000002 0.95741212200000014 0.85283815650000017 1.0036364860000002 1.1551367010000002 -10.832762489999999 -32.407366224999997 7.8995493010000013 8.742978658000002 0.90788041850000012 1.0544512040000003
decision_type=2 2 2 2 2 2 2 2 2 2 2 2 2 2
left_child=5 -2 3 -3 -5 -1 9 10 -7 -4 -6 12 -8 -10
right_child=1 2 6 4 7 8 11 -9 13 -11 -12 -13 -14 -15
leaf_value=-0.016055207787372499 0.014735113154740798 0.0008159141276883865 -0.0079901598452304934 0.018618041278696696 0.0079547987443623139 -0.0085423750006281066 -0.0102943767071917 0.01440820450782462 -0.0037029597321508777 0.0008159141276883865 0.0008159141276883865 -0.011567690053654749 -0.0020851280132607735 0.0016127487224628476
leaf_weight=829.19576367782429 886.34696546010673 25626.049007995985 742.17648694105446 673.28195303166285 680.99062416236848 1599.397649763152 758.31932714115828 730.76072540227324 2183.356782251969 3906.8559182472527 1298.4466572823003 1271.7517770612612 1367.8795876661316 1615.275881068781
leaf_count=8576 5952 188395 9658 8742 8446 15273 6749 6003 15176 29898 9586 9069 10791 10035
internal_value=-5.31084e-06 0.000852597 0.000518601 0.00154339 0.00704387 -0.00522909 -0.00317445 0.00413956 -0.00355276 -1.52533e-05 0.000815914 -0.00749044 -0.00503028 -0.00144344
internal_weight=44170.1 37942.9 37056.5 29009.5 3383.48 6227.23 8046.98 2710.2 5398.03 4649.03 1979.44 3397.95 2126.2 3798.63
internal_count=342349 293289 287337 221172 32777 49060 66165 24035 40484 39556 18032 26609 17540 25211
is_linear=0
shrinkage=0.03


Tree=127
num_leaves=15
num_cat=0
split_feature=6 8 10 6 1 2 9 3 1 5 6 6 6 3
split_gain=213.359 230.061 158.804 142.826 122.58 120.424 102.041 81.7539 79.2929 124.559 79.0808 71.5827 67.3537 59.2788
threshold=6.0554336730000005 0.87471038300000015 47.500000000000007 10.085208991000002 35.500000000000007 6.5000000000000009 0.85954095650000018 -14.106869094499997 87.500000000000014 1.0000000180025095e-35 7.7398744825000003 7.4656865070000009 7.1571348045000009 15.714558872000001
decision_type=2 2 2 2 2 2 2 2 2 2 2 2 2 2
left_child=-1 4 3 5 -2 6 12 -6 9 -8 -10 -4 -3 -13
right_child=1 2 11 -5 7 -7 8 -9 10 -11 -12 13 -14 -15
leaf_value=0.015022568450555891 -0.017806658222272866 0.0029656754038033988 0.012648929520947511 -0.011327026222253636 -0.010989122776683189 -0.0063741135095051861 0.0018059423065316525 0.0029023418795937465 0.0076239621361445667 -0.0026514594630022313 0.0018059423065316525 0.00040746091046778364 -0.0063741135095051861 0.0096967900296777796
leaf_weight=822.21433890424669 932.90212602168322 709.38301135180518 1047.3979053930379 1045.9046352151781 751.34717375272885 2557.5475548962131 13617.952026658226 765.59027847088873 2727.6174823124893 9626.2887389450334 5013.3085118643939 1882.2316644266248 1685.9063543034717 916.02459029015154
leaf_count=6900 7448 5657 11552 7089 6957 23296 98601 5232 26339 70406 36280 13571 14718 8101
internal_value=-6.98069e-05 -0.000358231 0.000178039 -0.000425574 -0.00927799 -0.000106777 0.000374297 -0.00399167 0.00083579 -4.02037e-05 0.00346453 0.00597604 -0.00558483 0.00346025
internal_weight=44101.6 43279.4 40829.6 36983.9 2449.84 35938 33380.5 1516.94 30985.2 23244.2 7740.93 3845.65 2395.29 2798.26
internal_count=342147 335247 315610 282386 19637 275297 252001 12189 231626 169007 62619 33224 20375 21672
is_linear=0
shrinkage=0.03


Tree=128
num_leaves=15
num_cat=0
split_feature=6 8 10 6 8 6 1 6 2 6 8 1 5 6
split_gain=182.078 234.386 159.683 127.976 182.231 155.184 110.457 84.8315 83.3213 82.2533 85.1908 80.5668 120.058 74.5073
threshold=6.0554336730000005 0.87471038300000015 47.500000000000007 8.4606237100000019 0.94823375200000004 8.3626247115000023 35.500000000000007 10.085208991000002 6.5000000000000009 9.4680595970000017 1.0911535360000002 66.500000000000014 1.0000000180025095e-35 9.2780828445000019
decision_type=2 2 2 2 2 2 2 2 2 2 2 2 2 2
left_child=-1 6 3 5 -5 8 -2 9 11 13 -11 12 -3 -6
right_child=1 2 -4 4 7 -7 -8 -9 -10 10 -12 -13 -14 -15
leaf_value=0.014078107169340267 -0.017316186434998267 0.0018029552763885476 0.0061585244331603195 -0.01490538926147157 -0.0011795968921586755 0.011355844448500933 -0.0041833850687037514 -0.0098468376541223108 -0.006085109522540307 -0.0019959333360467296 0.010055828445662938 0.0032846359835439621 -0.0039919012628144204 -0.010110466749645844
leaf_weight=812.13663551770151 934.47324325889349 8098.2117689941078 3821.0174143216573 1014.0536204250529 7412.9707702770829 1227.8472185470164 1503.1222579251043 1033.3619655203074 1635.3904834403656 988.61265052482486 1124.2598410062492 8130.1908255578019 5332.10390193481 943.57196632400155
leaf_count=6933 7507 61541 33185 8570 50068 9410 12131 6940 15295 6680 6636 70248 40917 6036
internal_value=4.88618e-05 -0.000216484 0.000324386 -0.00027983 -0.00274578 0.00098424 -0.0092431 -0.00166782 0.000432902 -0.000856206 0.00442541 0.000928598 -0.000498348 -0.00219346
internal_weight=44011.3 43199.2 40761.6 36940.6 12516.8 24423.7 2437.6 11502.8 23195.9 10469.4 2112.87 21560.5 13430.3 8356.54
internal_count=342097 335164 315526 282341 84930 197411 19638 76360 188001 69420 13316 172706 102458 56104
is_linear=0
shrinkage=0.03


Tree=129
num_leaves=15
num_cat=0
split_feature=4 3 9 2 1 8 5 10 9 9 1 8 3 4
split_gain=169.149 141.929 136.307 102.112 121.859 104.433 66.5804 65.3239 42.9797 40.8072 30.0624 29.2795 23.6467 32.7959
threshold=8.5000000000000018 47.368669263000008 0.84955429650000014 4.5000000000000009 88.500000000000014 1.0761276120000003 1.5000000000000002 45.500000000000007 1.3341505870000001 1.3397038640000003 38.500000000000007 0.96496268650000017 -2.8649681099999995 5.5000000000000009
decision_type=2 2 2 2 2 2 2 2 2 2 2 2 2 2
left_child=2 3 10 7 -5 -6 8 -2 12 11 -1 -9 13 -4
right_child=1 -3 6 4 5 -7 -8 9 -10 -11 -12 -13 -14 -15
leaf_value=-0.01713728556576 0.0012454387671331621 0.013015786434010289 -0.0071692734736371142 -0.010124295366413509 0.0012454387671331621 -0.0096816913337669751 -0.0086704482322637038 0.0077790511301870265 0.0033353140434663159 0.010822902758943247 -0.0078708827441096672 0.001295891942069566 0.00023336378733059216 -0.0013759661456314569
leaf_weight=664.03179816529155 22557.986241560895 837.74306552996859 1503.6010539205745 1527.5431842836551 4698.8109934474342 940.39413494430482 1229.7160226237029 938.32355378940701 1524.805339416489 893.13222615327686 624.91099830484018 1877.0969300107099 2063.6640027426183 2116.0797275262885
leaf_count=6379 166945 9358 12401 14660 36593 6121 10438 7552 9765 7380 6606 16392 13895 17692
internal_value=-0.000134508 0.00085655 -0.00362501 0.000549974 -0.00262288 -0.000583732 -0.00223319 0.00141601 -0.00112974 0.00525038 -0.0126925 0.00346656 -0.00232956 -0.00378905
internal_weight=43997.8 34271 9726.81 33433.3 7166.75 5639.21 8437.87 26266.5 7208.15 3708.55 1288.94 2815.42 5683.34 3619.68
internal_count=342177 265001 77176 255643 57374 42714 64191 198269 53753 31324 12985 23944 43988 30093
is_linear=0
shrinkage=0.03


Tree=130
num_leaves=15
num_cat=0
split_feature=7 6 8 6 7 6 8 2 7 3 7 7 7 7
split_gain=206.041 204.155 190.143 259.778 242.597 154.691 219.427 126.909 125.205 113.158 105.211 129.353 98.5066 168.467
threshold=1.1413693005000003 6.0554336730000005 0.92811756800000011 8.4442016290000019 0.97027567150000016 9.3095184375000013 1.1387315905000002 6.5000000000000009 1.0175779920000003 25.454647668000003 0.86131966000000004 0.88428956500000011 1.0882793250000002 1.0728724090000001
decision_type=2 2 2 2 2 2 2 2 2 2 2 2 2 2
left_child=1 -1 3 4 -3 7 8 9 -7 10 -4 -12 13 -13
right_child=-2 2 5 -5 -6 6 -8 -9 -10 -11 11 12 -14 -15
leaf_value=0.015349008974603775 -0.013700360140667488 0.0026193879445657359 0.008779314935849547 -0.020067681220337256 -0.0099255870338985242 -0.002638848408047552 0.0045643211685572095 -0.0058200184161813539 -0.016161577121564498 0.008779314935849547 -0.0058200184161813539 0.0016402381280334016 0.0086235421435141169 -0.0058200184161813539
leaf_weight=786.03194663859904 969.56243028678 3463.1599796637893 1221.4855013377964 856.26209520827979 2307.8781924839132 1113.3472015354782 1434.2282066643238 1976.6610772856511 1381.4570117350668 2069.5274569182657 955.4406971456483 22986.3458771687 1654.1079092733562 816.65682660136372
leaf_count=6816 6722 25575 7531 8215 18190 7583 8683 18276 9429 22176 6414 180739 10408 5510
internal_value=-5.98809e-05 0.000249079 -3.37177e-05 -0.00469758 -0.00240168 0.000834819 -0.00477611 0.00153134 -0.0101442 0.00202144 0.00151385 0.00110946 0.0015555 0.00106262
internal_weight=43992.2 43022.6 42236.6 6627.3 5771.04 35609.3 3929.03 31680.2 2494.8 29703.6 27634 26412.6 25457.1 23803
internal_count=342267 335545 328729 51980 43765 276749 25695 251054 17012 232778 210602 203071 196657 186249
is_linear=0
shrinkage=0.03


Tree=131
num_leaves=15
num_cat=0
split_feature=7 3 3 8 6 8 8 6 7 7 7 6 6 7
split_gain=192.083 243.709 157.446 157.04 147.737 151.189 101.597 87.943 77.0105 188.712 115.769 194.597 136.952 102.867
threshold=0.86131966000000004 -20.544594178499995 47.368669263000008 0.93660469700000004 7.7398744825000003 1.0279489195000002 1.0958680435000001 7.651832422500001 0.99296517100000015 0.97834387000000012 0.94577038950000014 6.8291402420000011 7.4021490555000016 1.0108244760000002
decision_type=2 2 2 2 2 2 2 2 2 2 2 2 2 2
left_child=-1 3 4 7 5 8 -6 -2 9 10 11 -3 -13 -10
right_child=1 2 -4 -5 6 -7 -8 -9 13 -11 -12 12 -14 -15
leaf_value=0.0087620037241312038 -0.0090923019047870462 -0.0029285017953830069 0.013300549649546129 -0.0029285017953830069 -0.0029285017953830069 0.0070856367323309539 0.0014246356596646229 -0.023516413548082506 -0.0029285017953830069 0.013300549649546129 -0.0029285017953830069 0.013300549649546129 -0.00091523653105396409 0.0034247057325226468
leaf_weight=2105.3782859370112 1105.3236977588385 845.73635267745703 818.86169458553195 3353.6082377084531 14730.877638239413 4339.3353943489492 7158.2567921411246 584.85342440521345 1337.5371297225356 956.58632640726864 2066.7778518870473 1468.9001007038169 813.99414098262787 2292.5552133983001
leaf_count=13796 9512 7380 9174 35961 104505 38433 44553 8905 10535 7843 17383 12061 5288 17139
internal_value=-6.89965e-05 -0.000514011 0.000333288 -0.00669514 3.66135e-05 0.00242848 -0.00150666 -0.0141381 0.00036 0.00240574 0.000133941 0.00405916 0.00904835 -0.0029285
internal_weight=43978.6 41873.2 36829.4 5043.79 36010.6 14121.4 21889.1 1690.18 9782.09 6151.99 5195.41 3128.63 2282.89 3630.09
internal_count=342468 328672 274294 54378 265120 116062 149058 18417 77629 49955 42112 24729 17349 27674
is_linear=0
shrinkage=0.03


Tree=132
num_leaves=15
num_cat=0
split_feature=6 3 7 1 9 3 3 7 6 6 7 9 6 6
split_gain=182.859 176.853 157.004 209.876 150.089 148.975 141.807 129.487 205.272 88.2344 109.38 79.5187 78.0967 77.5665
threshold=6.0554336730000005 -40.462903895999993 1.0667395255000003 52.500000000000007 1.4342629210000004 33.257863957500007 -7.7321169454999987 1.0882793250000002 8.742978658000002 8.2373779135000031 0.94577038950000014 1.2435007885000002 6.8807465745000007 7.4407867225000013
decision_type=2 2 2 2 2 2 2 2 2 2 2 2 2 2
left_child=-1 -2 3 6 7 9 11 -4 -9 10 13 -3 -12 -5
right_child=1 2 4 5 -6 -7 -8 8 -10 -11 12 -13 -14 -15
leaf_value=0.014040028597529564 -0.013851180446531724 -0.007971454556605001 -0.013442427794744341 0.01122379284517175 0.0046710586274047727 0.013159464179086096 4.9167626622533313e-05 0.0043145147581256926 -0.010963391449211723 4.9167626622533313e-05 0.0090031680528145711 4.9167626622533313e-05 0.00015776992741222692 0.0034396417069708363
leaf_weight=802.42495850846171 853.32237617997453 4046.2090872284025 1744.7796677574515 2267.3091583177447 1267.6655312348157 1148.9170605842955 10747.712988003157 1592.8331885728985 1564.2862898483872 6947.7052113814279 1039.5278047113679 1121.4852675106376 6420.0451965061948 2350.0410419311374
leaf_count=6913 14489 34084 12469 19787 7860 14624 74303 10652 9952 48415 9351 7683 55841 15954
internal_value=-0.000104868 -0.000369739 -9.59031e-05 0.000660338 -0.0045165 0.00269209 -0.00191504 -0.0068948 -0.00326073 0.00205666 0.00364364 -0.00599628 0.00139562 0.00726999
internal_weight=43914.3 43111.8 42258.5 36089 6169.56 20173.5 15915.4 4901.9 3157.12 19024.6 12076.9 5167.69 7459.57 4617.35
internal_count=342377 335464 320975 280042 40933 163972 116070 33073 20604 149348 100933 41767 65192 35741
is_linear=0
shrinkage=0.03


Tree=133
num_leaves=15
num_cat=0
split_feature=7 3 3 1 6 7 6 7 8 7 7 3 8 8
split_gain=171.81 249.212 153.659 140.525 122.689 127.418 146.049 204.022 117.359 81.1547 325.256 98.2217 73.9766 70.3294
threshold=0.86131966000000004 -29.670302860999996 47.368669263000008 67.500000000000014 7.1447426835000014 0.97455276950000014 6.6811109920000007 0.93117416600000014 1.0958680435000001 0.96790526650000019 0.95908002000000014 1.9238734085000002 1.0268356800000003 0.95184951800000006
decision_type=2 2 2 2 2 2 2 2 2 2 2 2 2 2
left_child=-1 3 4 -2 5 6 7 -3 9 10 11 -6 -13 -7
right_child=1 2 -4 -5 8 13 -8 -9 -10 -11 -12 12 -14 -15
leaf_value=0.0082303648318098246 -0.018393377569179237 -0.0032846545805066455 0.012849125030233532 -0.0032846545805066455 -0.0032846545805066455 -0.0032846545805066455 0.01217815315070785 0.012849125030233532 0.001929572566875251 -0.0032846545805066455 0.012849125030233532 0.0066971056677134298 -0.0032846545805066455 0.0030964083695237147
leaf_weight=2096.3924493715167 1032.3521833838895 799.36363474000245 813.97929577482864 1194.9191569858231 5727.0311782695353 1349.8398221358657 2151.6451004440896 735.11808051448315 8524.9059331063181 13773.616142613813 1104.6804702430964 1673.109831398353 867.69118994474411 2009.108176894486
leaf_count=13771 15634 7302 9232 14706 39784 8876 19764 6752 54978 106127 8849 12543 6262 17634
internal_value=-0.000139778 -0.000560928 -1.02178e-05 -0.0103131 -0.000282201 0.00329709 0.00714451 6.97128e-05 -0.00107879 -0.00218697 -3.01325e-06 -0.00207462 0.00300048 -0.000929436
internal_weight=43853.8 41757.4 39530.1 2227.27 38716.1 7045.07 3686.13 1534.48 31671 23146.1 9372.51 8267.83 2540.8 3358.95
internal_count=342214 328443 298103 30340 288871 60328 33818 14054 228543 173565 67438 58589 18805 26510
is_linear=0
shrinkage=0.03


Tree=134
num_leaves=15
num_cat=0
split_feature=7 6 8 7 10 6 6 7 7 6 9 7 6 7
split_gain=180.24 191.918 192.429 153.548 132.385 112.101 211.177 117.929 106.117 100.728 233.495 107.161 105.799 82.4845
threshold=1.1413693005000003 6.0554336730000005 0.87471038300000015 0.93852292500000012 50.500000000000007 7.0991958325000004 7.1925048035000012 0.97455276950000014 1.0070947110000001 9.3095184375000013 1.3899082015000002 1.0175779920000003 9.1992589835000018 0.87668144800000014
decision_type=2 2 2 2 2 2 2 2 2 2 2 2 2 2
left_child=1 -1 3 -3 5 7 -7 -4 -9 12 11 -11 13 -8
right_child=-2 2 4 -5 -6 6 9 8 -10 10 -12 -13 -14 -15
leaf_value=0.014915363331899835 -0.012961101750647812 6.0118228498715564e-05 0.0077687295390647159 -0.015243545244818328 0.0066314217224060831 -0.014035939165452945 0.0063645434420589661 -0.0067784539033858221 0.0054187761181424101 -0.0024985257292462586 0.006407353429610501 -0.014970914225240854 0.010241884777851528 -0.00048871515229882711
leaf_weight=776.24250762164593 955.05728520266712 1071.3560453448445 3076.7775096166879 1308.3602717262693 2848.3573592551984 1040.3608673084527 1687.8451732983813 1335.6006907587871 1226.9276434080675 1043.24926985614 1128.6770329214633 1531.5946770645678 929.7187963873148 23832.094296804164
leaf_count=6822 6716 7805 28485 11327 25510 8796 10529 11644 10218 7237 6725 10549 5567 184327
internal_value=-0.00010569 0.000182401 -9.12388e-05 -0.00836811 0.000406124 -7.61255e-05 -0.000779977 0.00381443 -0.000939292 -0.000320361 -0.00495061 -0.00993211 0.000328786 -3.42944e-05
internal_weight=43792.2 42837.2 42060.9 2379.72 39681.2 36832.8 31193.5 5639.31 2562.53 30153.2 3703.52 2574.84 26449.7 25519.9
internal_count=342257 335541 328719 19132 309587 284077 233730 50347 21862 224934 24511 17786 200423 194856
is_linear=0
shrinkage=0.03


Tree=135
num_leaves=15
num_cat=0
split_feature=7 4 8 7 7 7 7 7 2 1 1 8 8 9
split_gain=167.447 160.052 125.147 121.551 155.47 264.661 123.353 104.627 104.25 154.362 122.113 67.8595 62.3777 59.9042
threshold=0.86131966000000004 6.5000000000000009 1.0099562875000003 1.1038697120000003 1.0882793250000002 1.0773223900000002 0.88428956500000011 0.89461889750000012 4.5000000000000009 80.500000000000014 71.500000000000014 1.0990887175000001 1.1102599570000002 0.91952464450000015
decision_type=2 2 2 2 2 2 2 2 2 2 2 2 2 2
left_child=-1 2 -2 4 5 6 -3 -8 10 -10 -9 -5 13 -12
right_child=1 3 -4 11 -6 -7 7 8 9 -11 12 -13 -14 -15
leaf_value=0.0081763642773274338 -0.0091425050703857081 -0.0080366450762688838 -0.0003348571407938458 -0.011940054440840529 0.012017367137121732 -0.014999263622914788 0.011799180944872957 0.0001795957861364089 -0.01254062772657201 -0.00029231425990678046 0.0095817573213970685 -0.0020007183563139457 0.010101092375912323 0.0022173518390862131
leaf_weight=2091.1337914597243 3169.4105172972195 1345.5213214140385 2676.5161536475644 1040.1739646792412 1056.8828925043344 975.1951650287956 815.27761803939939 14210.197975372896 1120.9295761547983 5217.6561345173977 1198.2954713124782 1519.4977310746908 1576.3302470012568 5750.0658206697553
leaf_count=13750 28624 9636 18603 6950 7516 6653 6090 106214 12177 42287 9991 8899 13340 51692
internal_value=-9.72549e-05 -0.000513363 -0.00511372 0.00023791 0.000722967 0.000350559 0.000832134 0.00123266 0.000934379 -0.00246651 0.0018829 -0.00605517 0.00472043 0.00349337
internal_weight=43763.1 41672 5845.93 35826 33266.4 32209.5 31234.3 29888.8 29073.5 6338.59 22734.9 2559.67 8524.69 6948.36
internal_count=342422 328672 47227 281445 265596 258080 251427 241791 235701 54464 181237 15849 75023 61683
is_linear=0
shrinkage=0.03


Tree=136
num_leaves=15
num_cat=0
split_feature=7 3 3 5 7 7 4 8 7 8 2 9 7 7
split_gain=177.431 166.961 140.836 114.376 105.27 75.8433 67.0114 56.3717 55.4875 99.4868 82.438 85.1686 73.3176 59.9034
threshold=1.1413693005000003 24.698403072500003 -40.462903895999993 1.5000000000000002 0.98975807350000011 0.96790526650000019 5.5000000000000009 0.95293146400000006 0.97027567150000016 0.92687289550000018 1.5000000000000002 1.0922103890000001 1.0273200190000003 0.92435877150000001
decision_type=2 2 2 2 2 2 2 2 2 2 2 2 2 2
left_child=1 2 -1 6 -3 -5 7 -4 13 -10 -11 -12 -13 -8
right_child=-2 4 3 5 -6 -7 8 -9 9 10 11 12 -14 -15
leaf_value=-0.012242766315028152 -0.012910828579643053 0.014945578654422205 -0.009124003251097728 -8.8549704411492727e-05 0.0030183199920453233 -0.0079801789844151493 9.4685454875662004e-06 -0.0010218154740565168 -0.0067161263542070623 0.0030183199920453233 0.0019653321518020199 -0.007785013442818069 -0.00050436132213275801 0.0030183199920453233
leaf_weight=876.902914152015 955.02273072861135 984.6559552536346 1058.8188471449539 1906.9715402470902 2047.0945854112506 2572.7867709426209 6478.0256817215122 2831.4063725043088 1859.5837648566812 6331.7495601316914 4167.0955093111843 2290.3297437364236 2721.5701659275219 6616.1424539885484
leaf_count=14467 6705 13269 7994 13980 17688 19839 45264 20083 14164 45946 34903 16897 18433 52615
internal_value=-0.000156068 0.000130392 -0.000388022 -0.000118794 0.0069103 -0.00462466 0.000469346 -0.0032359 0.000942948 -0.000168747 0.00061813 -0.00120261 -0.0038359 0.00241719
internal_weight=43698.2 42743.1 39711.4 38834.5 3031.75 4479.76 34354.7 3890.23 30464.5 17370.3 15510.7 9179 5011.9 13094.2
internal_count=342247 335542 304585 290118 30957 33819 256299 28077 228222 130343 116179 70233 35330 97879
is_linear=0
shrinkage=0.03


end of trees

feature_importances:
opp_bat_strength=463
runs_vs_par=381
own_bowl_strength=370
crease_sr_idx=256
crease_avg_idx=154
runs=116
wickets=68
crease_balls=51
runs_last_12=44
wickets_last_12=15

parameters:
[boosting: gbdt]
[objective: cross_entropy]
[metric: cross_entropy]
[tree_learner: serial]
[device_type: cpu]
[data_sample_strategy: bagging]
[data: ]
[valid: ]
[num_iterations: 137]
[learning_rate: 0.03]
[num_leaves: 15]
[num_threads: 12]
[seed: 7]
[deterministic: 1]
[force_col_wise: 0]
[force_row_wise: 1]
[histogram_pool_size: -1]
[max_depth: -1]
[min_data_in_leaf: 6000]
[min_sum_hessian_in_leaf: 0.001]
[bagging_fraction: 0.8]
[pos_bagging_fraction: 1]
[neg_bagging_fraction: 1]
[bagging_freq: 1]
[bagging_seed: 17422]
[bagging_by_query: 0]
[feature_fraction: 0.8]
[feature_fraction_bynode: 1]
[feature_fraction_seed: 7040]
[extra_trees: 0]
[extra_seed: 6516]
[early_stopping_round: 0]
[early_stopping_min_delta: 0]
[first_metric_only: 0]
[max_delta_step: 0]
[lambda_l1: 0]
[lambda_l2: 5]
[linear_lambda: 0]
[min_gain_to_split: 0]
[drop_rate: 0.1]
[max_drop: 50]
[skip_drop: 0.5]
[xgboost_dart_mode: 0]
[uniform_drop: 0]
[drop_seed: 15215]
[top_rate: 0.2]
[other_rate: 0.1]
[min_data_per_group: 100]
[max_cat_threshold: 32]
[cat_l2: 10]
[cat_smooth: 10]
[max_cat_to_onehot: 4]
[top_k: 20]
[monotone_constraints: -1,1,-1,1,0,0,0,0,0,0,0]
[monotone_constraints_method: intermediate]
[monotone_penalty: 0]
[feature_contri: ]
[forcedsplits_filename: ]
[refit_decay_rate: 0.9]
[cegb_tradeoff: 1]
[cegb_penalty_split: 0]
[cegb_penalty_feature_lazy: ]
[cegb_penalty_feature_coupled: ]
[path_smooth: 0]
[interaction_constraints: ]
[verbosity: -1]
[saved_feature_importance_type: 0]
[use_quantized_grad: 0]
[num_grad_quant_bins: 4]
[quant_train_renew_leaf: 0]
[stochastic_rounding: 1]
[linear_tree: 0]
[max_bin: 255]
[max_bin_by_feature: ]
[min_data_in_bin: 3]
[bin_construct_sample_cnt: 200000]
[data_random_seed: 61]
[is_enable_sparse: 1]
[enable_bundle: 1]
[use_missing: 1]
[zero_as_missing: 0]
[feature_pre_filter: 1]
[pre_partition: 0]
[two_round: 0]
[header: 0]
[label_column: ]
[weight_column: ]
[group_column: ]
[ignore_column: ]
[categorical_feature: ]
[forcedbins_filename: ]
[precise_float_parser: 0]
[parser_config_file: ]
[objective_seed: 15521]
[num_class: 1]
[is_unbalance: 0]
[scale_pos_weight: 1]
[sigmoid: 1]
[boost_from_average: 1]
[reg_sqrt: 0]
[alpha: 0.9]
[fair_c: 1]
[poisson_max_delta_step: 0.7]
[tweedie_variance_power: 1.5]
[lambdarank_truncation_level: 30]
[lambdarank_norm: 1]
[label_gain: ]
[lambdarank_position_bias_regularization: 0]
[eval_at: ]
[multi_error_top_k: 1]
[auc_mu_weights: ]
[num_machines: 1]
[local_listen_port: 12400]
[time_out: 120]
[machine_list_filename: ]
[machines: ]
[gpu_platform_id: -1]
[gpu_device_id: -1]
[gpu_device_id_list: ]
[gpu_use_dp: 0]
[num_gpu: 1]

end of parameters

pandas_categorical:null
