tree
version=v4
num_class=1
num_tree_per_iteration=1
label_index=0
max_feature_idx=9
objective=quantile
feature_names=legal_balls balls_remaining wickets runs_vs_par run_rate_rel runs_last_12 wickets_last_12 crease_sr_idx crease_avg_idx crease_balls
feature_infos=[0:299] [1:300] [0:9] [-136.62581828500001:234.082448169] [0:18.488592038903725] [0:60] [0:5] [0.64166780899999998:1.5026439700000001] [0.35429375699999999:2.3963038640000001] [0:120]
tree_sizes=1477 1553 1555 1578 1553 1590 1579 1550 1564 1597 1564 1600 1571 1568 1575 1571 1591 1607 1582 1580 1581 1595 1578 1583 1583 1589 1593 1588 1586 1587 1596 1589 1597 1592 1585 1590 1617 1596 1589 1592 1611 1588 1590 1594 1594 1598 1601 1594 1585 1599 1605 1594 1605 1595 1594 1592 1589 1604 1590 1593 1601 1593 1598 1590 1603 1582 1590 1598 1579 1598 1596 1602 1575 1575 1595 1600 1604 1605 1600 1588 1598 1605 1594 1607 1597 1563 1607 1603 1599 1597 1603 1591 1607 1593 1582 1597 1589 1584 1594 1579 1579 1611 1618 1591 1594 1589 1602 1596 1596 1584 1580 1610 1589 1586 1595 1604 1572 1592 1582 1577 1594 1595 1592 1584 1589 1589 1587 1597 1590 1594 1574 1583 1568 1596 1607 1597 1565 1574 1594 1603 1603 1598 1602 1588 1578 1597 1596 1566 1602 1576 1605 1580 1578 1605 1571 1588 1592 1580 1559 1565 1587 1582 1598 1602 1571 1602 1573 1584 1586 1607 1579 1592 1602 1606 1606 1567 1589 1583 1586 1600 1599 1586 1599 1582 1580 1602 1579 1590 1587 1577 1585 1589 1600 1574 1599 1617 1578 1583 1577 1586 1576 1593 1587 1570 1599 1583 1581 1580 1585 1591 1571 1579 1600 1612 1590 1585 1597 1587 1577 1610 1576 1563 1596 1577 1579 1592 1585 1587 1590 1595 1585 1589 1596 1599 1584 1589 1580 1583 1589 1589 1603 1592 1594 1574 1584 1578 1580 1599 1596 1580 1595 1605 1584 1598 1566 1579 1581 1597 1573 1588 1599 1577 1574 1586 1588

Tree=0
num_leaves=15
num_cat=0
split_feature=2 0 2 0 2 2 2 0 0 4 2 0 0 2
split_gain=3784.33 1032.69 533.06 689.46 250.732 239.997 140.765 132.321 86.2243 82.5368 108.117 80.2447 63.2234 61.424
threshold=7.5000000000000009 260.50000000000006 5.5000000000000009 198.50000000000003 8.5000000000000018 8.5000000000000018 6.5000000000000009 225.50000000000003 146.50000000000003 0.71671223658682337 3.5000000000000004 240.50000000000003 122.50000000000001 6.5000000000000009
decision_type=2 2 2 2 2 2 2 2 2 8 2 2 2 2
left_child=2 5 9 6 -3 7 8 -2 -4 10 -1 13 -12 -5
right_child=1 4 3 11 -6 -7 -8 -9 -10 -11 12 -13 -14 -15
leaf_value=0.38138277273326338 0.36063092428052884 0.36631025942695944 0.36549253710712876 0.37502363297674135 0.35942377001047132 0.35942377001047132 0.36285106959527852 0.36270597085646378 0.3695796106595754 0.39000176367432132 0.3697682288696697 0.38272018748742742 0.37606365071746528 0.36775735841038143
leaf_weight=84025 4319 8784 3364 9055 6040 4137 4593 3556 6634 363552 7949 33883 17447 5181
leaf_count=84025 4319 8784 3364 9055 6040 4137 4593 3556 6634 363552 7949 33883 17447 5181
internal_value=0.378354 0.360033 0.379272 0.37494 0.368867 0.349139 0.365421 0.354291 0.368758 0.379846 0.378642 0.377828 0.375783 0.374678
internal_weight=562519 26836 535683 62710 14824 12012 14591 7875 9998 472973 109421 48119 25396 14236
internal_count=562519 26836 535683 62710 14824 12012 14591 7875 9998 472973 109421 48119 25396 14236
is_linear=0
shrinkage=1


Tree=1
num_leaves=15
num_cat=0
split_feature=2 0 2 0 2 2 2 0 0 2 2 0 0 2
split_gain=3582.93 1040.81 485.075 638.445 232.899 231.797 123.71 120.018 105.545 77.1447 65.0213 221.182 58.9134 31.2119
threshold=7.5000000000000009 259.50000000000006 5.5000000000000009 187.50000000000003 8.5000000000000018 8.5000000000000018 6.5000000000000009 221.50000000000003 236.50000000000003 6.5000000000000009 3.5000000000000004 146.50000000000003 142.50000000000003 4.5000000000000009
decision_type=2 2 2 2 2 2 2 2 2 2 2 2 2 2
left_child=2 4 10 6 7 -3 12 -2 9 -5 -1 13 -4 -12
right_child=1 5 3 8 -6 -7 -8 -9 -10 -11 11 -13 -14 -15
leaf_value=0.0093563476853048555 -0.016972484247182333 -0.011690682191339933 -0.012375726824586382 -0.0042808026883650596 -0.017971188500523566 -0.017971188500523566 -0.014986637926282943 -0.014805514277340077 0.0033553584657045376 -0.010324899382332262 -0.0047452858407000227 0.008804005127031304 -0.0089866035197996106 -0.0078655340581939761
leaf_weight=349555 4001 8929 3020 9777 4095 6013 3755 3791 35750 5389 16954 98456 5120 8122
leaf_count=349555 4001 8929 3020 9777 4095 6013 3755 3791 35750 5389 16954 98456 5120 8122
internal_value=2.25996e-05 -0.0178068 0.000915362 -0.00321292 -0.0288457 -0.0090182 -0.0136397 -0.0237425 -0.000775908 -0.00427032 0.00146349 0.000477428 -0.0101657 -0.00371437
internal_weight=562727 26829 535898 62811 11887 14942 11895 7792 50916 15166 473087 123532 8140 25076
internal_count=562727 26829 535898 62811 11887 14942 11895 7792 50916 15166 473087 123532 8140 25076
is_linear=0
shrinkage=0.05


Tree=2
num_leaves=15
num_cat=0
split_feature=2 1 2 1 2 2 1 2 1 4 2 2 1 1
split_gain=3331.92 993.824 447.395 567.103 247.982 226.955 125.474 114.015 107.372 83.0071 77.4665 77.3691 60.3906 46.5813
threshold=7.5000000000000009 40.500000000000007 5.5000000000000009 116.50000000000001 8.5000000000000018 8.5000000000000018 74.500000000000014 6.5000000000000009 66.500000000000014 0.73504569674012254 3.5000000000000004 6.5000000000000009 180.50000000000003 148.50000000000003
decision_type=2 2 2 2 2 2 2 2 2 8 2 2 2 2
left_child=2 5 9 8 6 -2 -3 13 -4 10 -1 -10 -12 -5
right_child=1 4 3 7 -6 -7 -8 -9 11 -11 12 -13 -14 -15
leaf_value=0.0025787953471704847 -0.010773961726758766 -0.014055422793126011 0.0027201320083034986 -0.008264355960906208 -0.017072629075497388 -0.017072629075497388 -0.015956300837979141 -0.014310497275202958 -0.004429777014288031 0.010984006239421175 -0.0017031737887808096 -0.010301858506844423 -0.0075494793615434848 -0.011106693181405142
leaf_weight=92002 8972 3480 36954 3698 4104 6054 4348 3445 9571 351519 21464 5173 8001 3863
leaf_count=92002 8972 3480 36954 3698 4104 6054 4348 3445 9571 351519 21464 5173 8001 3863
internal_value=2.28738e-05 -0.0171274 0.000886092 -0.00308233 -0.0278981 -0.00856796 -0.0226516 -0.0133853 -0.000887859 0.00141222 0.000285395 -0.00449454 -0.00194562 -0.00993887
internal_weight=562648 26958 535690 62704 11932 15026 7828 11006 51698 472986 121467 14744 29465 7561
internal_count=562648 26958 535690 62704 11932 15026 7828 11006 51698 472986 121467 14744 29465 7561
is_linear=0
shrinkage=0.05


Tree=3
num_leaves=15
num_cat=0
split_feature=8 3 9 3 4 9 3 8 9 9 9 4 7 9
split_gain=1033.94 333.562 301.101 160.116 121.493 72.746 92.2461 54.9712 52.686 42.6416 39.4555 38.2122 37.5602 34.4656
threshold=0.86097873000000014 -23.508204449499996 41.500000000000007 -43.381484313499989 0.69276972275735338 46.500000000000007 -20.160978785999998 0.61799909750000015 92.500000000000014 21.500000000000004 88.500000000000014 0.67988066553752113 0.96851606650000011 50.500000000000007
decision_type=2 2 2 2 10 2 2 2 2 2 2 10 2 2
left_child=1 2 4 8 9 6 -5 -6 11 -1 -4 12 -2 -3
right_child=3 13 10 5 7 -7 -8 -9 -10 -11 -12 -13 -14 -15
leaf_value=-0.015248921187291249 -0.0074036402766958836 -0.0069131150861570642 -0.010810884869421826 -0.0050325251552002731 -0.016218997621722516 0.01166481421377619 0.0043368982119866232 -0.013634401684172258 0.0031186925982500573 -0.01543561153078154 -0.0039696537041186029 -0.0042877016086117744 -0.0088055175550758296 0.0035590773221282224
leaf_weight=3156 6507 30721 18946 30772 3106 249158 150451 11224 11685 4589 8713 10722 9088 13163
leaf_count=3156 6507 30721 18946 30772 3106 249158 150451 11224 11685 4589 8713 10722 9088 13163
internal_value=2.23352e-05 -0.00477452 -0.00757786 0.000981147 -0.0119322 0.00125586 0.000493619 -0.00919951 -0.00212974 -0.016979 -0.00410109 -0.00337009 -0.00494952 -0.00159698
internal_weight=562001 93618 49734 468383 22075 430381 181223 14330 38002 7745 27659 26317 15595 43884
internal_count=562001 93618 49734 468383 22075 430381 181223 14330 38002 7745 27659 26317 15595 43884
is_linear=0
shrinkage=0.05


Tree=4
num_leaves=15
num_cat=0
split_feature=2 1 2 1 2 2 2 1 1 1 2 9 2 1
split_gain=3007.52 871.633 386.673 506.217 240.564 234.994 120.77 115.794 91.8916 70.8763 65.373 62.8003 70.1711 108.173
threshold=7.5000000000000009 44.500000000000007 5.5000000000000009 115.50000000000001 8.5000000000000018 8.5000000000000018 6.5000000000000009 80.500000000000014 58.500000000000007 14.500000000000002 6.5000000000000009 45.500000000000007 2.5000000000000004 158.50000000000003
decision_type=2 2 2 2 2 2 2 2 2 2 2 2 2 2
left_child=2 5 11 8 7 -2 -5 -3 -4 -7 -10 12 -1 -14
right_child=1 4 3 6 -6 9 -8 -9 10 -11 -12 -13 13 -15
leaf_value=0.005163480912732935 -0.0099835225387820293 -0.01281002055323581 0.0042325295450443955 -0.0093134463801279582 -0.015778721743968726 -0.015873341867414664 -0.013175424570524428 -0.014677009815373591 -0.0038109930627976186 -0.015678453378251425 -0.008973956141957784 0.0105073950752613 0.0069777254410140974 -0.0049406022475511763
leaf_weight=124952 9446 3443 33396 7741 3797 3097 3577 3905 11476 3306 6450 280984 35250 32210
leaf_count=124952 9446 3443 33396 7741 3797 3097 3577 3905 11476 3306 6450 280984 35250 32210
internal_value=3.16588e-05 -0.0162512 0.000851782 -0.00283981 -0.026963 -0.00871247 -0.0124088 -0.0216551 -0.000728564 -0.0161037 -0.0036158 0.00134028 0.00064433 -0.000655154
internal_weight=563030 26994 536036 62640 11145 15849 11318 7348 51322 6403 17926 473396 192412 67460
internal_count=563030 26994 536036 62640 11145 15849 11318 7348 51322 6403 17926 473396 192412 67460
is_linear=0
shrinkage=0.05


Tree=5
num_leaves=15
num_cat=0
split_feature=8 8 4 9 1 4 0 6 9 0 8 8 4 9
split_gain=897.633 206.99 122.857 114.42 166.253 189.183 83.6619 82.5871 63.8673 55.2088 51.8108 35.8444 34.4313 29.9563
threshold=0.86097873000000014 0.60233091850000009 0.82227204650421004 51.500000000000007 234.50000000000003 0.71952726341340612 237.50000000000003 1.0000000180025095e-35 27.500000000000004 247.50000000000003 1.1051875755000002 1.1493456145000003 0.75752215587138716 42.500000000000007
decision_type=2 2 8 2 2 10 2 2 2 2 2 2 10 2
left_child=1 6 7 4 5 8 -1 11 -3 -7 -9 -2 -5 -4
right_child=2 3 13 12 -6 9 -8 10 -10 -11 -12 -13 -14 -15
leaf_value=-0.014057677169834141 -0.00077998585717976008 -0.013477828043194796 0.0042584696174323656 -0.0072065844367365205 -0.00062773297834210675 -0.010499965886308877 -0.014614380647265657 -0.0078073580200073035 -0.012503267150572539 -0.010112931216495563 -0.00089795066317441448 0.0052216455715641211 -0.00016836648633621182 0.014089918520862062
leaf_weight=3493 67689 4551 90213 13939 12971 12132 5302 20881 5800 15925 21881 66106 19676 201651
leaf_count=3493 67689 4551 90213 13939 12971 12132 5302 20881 5800 15925 21881 66106 19676 201651
internal_value=4.20214e-05 -0.00442275 0.000936012 -0.00366669 -0.00515048 -0.00680317 -0.011723 -0.000105105 -0.0125794 -0.00467028 -0.00201779 0.000506259 -0.00139835 0.00156581
internal_weight=562210 93789 468421 84994 51379 38408 8795 176557 10351 28057 42762 133795 33615 291864
internal_count=562210 93789 468421 84994 51379 38408 8795 176557 10351 28057 42762 133795 33615 291864
is_linear=0
shrinkage=0.05


Tree=6
num_leaves=15
num_cat=0
split_feature=8 3 9 3 4 9 3 8 9 9 9 8 6 0
split_gain=833.935 255.62 260.396 129.273 115.418 83.1942 51.0535 38.1026 37.4465 33.5979 32.4059 31.7814 30.4155 30.2107
threshold=0.86097873000000014 -21.346298804999996 37.500000000000007 -19.640908139499995 0.69276972275735338 42.500000000000007 -49.14406389949999 0.61799909750000015 85.500000000000014 20.500000000000004 41.500000000000007 1.1006292565000002 1.5000000000000002 140.50000000000003
decision_type=2 2 2 2 10 2 2 2 2 2 2 2 2 2
left_child=1 2 4 5 9 11 -7 -6 13 -1 -5 -2 -3 -4
right_child=3 12 8 10 7 6 -8 -9 -10 -11 -12 -13 -14 -15
leaf_value=-0.013156833333841067 -0.0078418236133544501 -0.0024251212675062144 -0.0024794497610114864 0.0036432662792911727 -0.013883661614902374 -0.0044974904682356324 0.0038624533560235271 -0.011712587327499795 -0.0036075065059882243 -0.013043225481429627 0.012997296144830776 -0.001731947132721688 -0.014348955741680647 -0.010617455950622148
leaf_weight=3033 20139 37194 4353 133952 3042 20823 84078 10998 9799 4042 194048 15756 4010 17090
leaf_count=3033 20139 37194 4353 133952 3042 20823 84078 10998 9799 4042 194048 15756 4010 17090
internal_value=4.97767e-05 -0.00426007 -0.00657839 0.00090996 -0.0108671 -0.000357313 0.000353674 -0.00823781 -0.00367859 -0.0160752 0.00145394 -0.00243489 -0.00131379 -0.00484859
internal_weight=562357 93561 52357 468796 21115 140796 104901 14040 31242 7075 328000 35895 41204 21443
internal_count=562357 93561 52357 468796 21115 140796 104901 14040 31242 7075 328000 35895 41204 21443
is_linear=0
shrinkage=0.05


Tree=7
num_leaves=15
num_cat=0
split_feature=2 0 2 0 2 0 2 0 0 4 2 2 0 0
split_gain=2602.24 824.164 305.736 432.124 289.337 119.523 96.808 67.5014 67.242 67.125 59.9376 42.7785 41.7825 37.7239
threshold=7.5000000000000009 236.50000000000003 5.5000000000000009 184.50000000000003 8.5000000000000018 275.50000000000006 6.5000000000000009 243.50000000000003 190.50000000000003 0.713763270588189 3.5000000000000004 6.5000000000000009 265.50000000000006 122.50000000000001
decision_type=2 2 2 2 2 2 2 2 2 8 2 2 2 2
left_child=2 8 9 6 12 -6 -4 11 -2 10 -1 -5 -3 -12
right_child=1 4 3 7 5 -7 -8 -9 -10 -11 13 -13 -14 -15
leaf_value=0.0020019146266734055 -0.013655983069661091 -0.011486628737543823 -0.0083725662547649311 -0.0032464056045720321 -0.014315088559038049 -0.014355239587490937 -0.011528368670762642 0.0047417740399602337 -0.013688050549607334 0.0090623881517407998 -0.0067815824079135393 -0.0078849724033277415 -0.008163434591503314 -0.0018993391553775185
leaf_weight=82969 3040 3278 7721 11940 3106 4496 3563 32488 4885 365332 7861 6867 8200 16906
leaf_count=82969 3040 3278 7721 11940 3106 4496 3563 32488 4885 365332 7861 6867 8200 16906
internal_value=6.15473e-05 -0.015081 0.000825102 -0.00245913 -0.00944721 -0.01701 -0.0113154 -0.00050999 -0.0286302 0.00125957 0.000162798 -0.0028935 -0.00443307 -0.0019955
internal_weight=562652 27005 535647 62579 19080 7602 11284 51295 7925 473068 107736 18807 11478 24767
internal_count=562652 27005 535647 62579 19080 7602 11284 51295 7925 473068 107736 18807 11478 24767
is_linear=0
shrinkage=0.05


Tree=8
num_leaves=15
num_cat=0
split_feature=2 0 2 2 0 0 2 0 4 0 2 0 2 0
split_gain=2434.62 758.061 279.958 269.95 374.282 119.787 93.7161 76.9048 62.5222 52.2324 51.6846 52.7245 37.9757 33.6038
threshold=7.5000000000000009 236.50000000000003 8.5000000000000018 5.5000000000000009 190.50000000000003 275.50000000000006 6.5000000000000009 189.50000000000003 0.76258447403184448 244.50000000000003 3.5000000000000004 116.50000000000001 6.5000000000000009 142.50000000000003
decision_type=2 2 2 2 2 2 2 2 8 2 2 2 2 2
left_child=3 7 -3 8 6 -4 13 -2 10 12 -1 -12 -6 -5
right_child=1 2 5 4 9 -7 -8 -9 -10 -11 11 -13 -14 -15
leaf_value=0.0023807952654333353 -0.012993482792058728 -0.0093550984766273895 -0.013491572147150299 -0.0089949780899613307 -0.0024786006430779616 -0.013637477608116389 -0.010957442430796988 -0.012971358107549812 0.0093686563048627769 0.0048406013374792537 -0.0060581860662388722 -0.0007460953697450679 -0.0073411529911452797 -0.0060867123399770823
leaf_weight=105000 3020 11274 3036 3037 11400 4509 3969 4979 331913 32089 8060 27590 6515 5621
leaf_count=105000 3020 11274 3036 3037 11400 4509 3969 4979 331913 32089 8060 27590 6515 5621
internal_value=7.22933e-05 -0.0146276 -0.00914272 0.000809017 -0.00227541 -0.0165944 -0.00996537 -0.0275178 0.00121783 -0.00033274 0.000334329 -0.00131048 -0.00249512 -0.00704202
internal_weight=562012 26818 18819 535194 62631 7545 12627 7999 472563 50004 140650 35650 17915 8658
internal_count=562012 26818 18819 535194 62631 7545 12627 7999 472563 50004 140650 35650 17915 8658
is_linear=0
shrinkage=0.05


Tree=9
num_leaves=15
num_cat=0
split_feature=8 3 9 3 4 6 8 8 8 9 4 9 9 1
split_gain=674.473 212.581 244.409 98.1981 91.3998 71.4939 37.1086 36.8511 35.5339 35.1973 33.5755 31.0212 27.1472 26.632
threshold=0.87557861150000005 -23.508204449499996 39.500000000000007 -15.913125022499999 0.68630208374705315 1.0000000180025095e-35 0.71837815000000005 0.61799909750000015 1.1051875755000002 87.500000000000014 0.713763270588189 46.500000000000007 50.500000000000007 249.50000000000003
decision_type=2 2 2 2 10 2 2 2 2 2 10 2 2 2
left_child=1 2 4 5 6 10 -1 -6 -7 -4 -2 -5 13 -3
right_child=3 12 9 11 7 8 -8 -9 -10 -11 -12 -13 -14 -15
leaf_value=-0.011564649431917618 -0.0011449751266912687 -0.0075217731839862471 -0.0080314224282411421 0.0039101694348699948 -0.011789842674376888 -0.0070305462403274649 -0.010595973892467079 -0.0098569302068909313 -0.00096978974960857322 -0.0020075631767039457 0.0057127809775070334 0.013124854777788422 0.0026196805963779601 -0.00051444240177754845
leaf_weight=3014 47701 20899 21823 137223 3104 21079 4527 11525 18117 10231 74764 160818 15114 12426
leaf_count=3014 47701 20899 21823 137223 3104 21079 4527 11525 18117 10231 74764 160818 15114 12426
internal_value=7.684e-05 -0.00358722 -0.00573752 0.000895146 -0.00977339 -9.70983e-05 -0.0142456 -0.00746395 -0.00195556 -0.00294504 0.000497775 0.00143334 -0.00117976 -0.00197682
internal_weight=562365 102663 54224 459702 22170 161661 7541 14629 39196 32054 122465 298041 48439 33325
internal_count=562365 102663 54224 459702 22170 161661 7541 14629 39196 32054 122465 298041 48439 33325
is_linear=0
shrinkage=0.05


Tree=10
num_leaves=15
num_cat=0
split_feature=2 0 2 2 0 2 0 2 4 0 0 2 1 2
split_gain=2177.03 691.633 272.038 236.857 317.617 188.979 92.1267 69.2057 55.8883 50.5326 50.1304 49.7411 41.0892 31.8597
threshold=7.5000000000000009 254.50000000000003 8.5000000000000018 5.5000000000000009 188.50000000000003 8.5000000000000018 206.50000000000003 6.5000000000000009 0.73504569674012254 240.50000000000003 283.50000000000006 3.5000000000000004 182.50000000000003 6.5000000000000009
decision_type=2 2 2 2 2 2 2 2 10 2 2 2 2 2
left_child=3 2 6 8 7 -3 -2 -5 11 13 -7 -1 -13 -6
right_child=1 5 -4 4 9 10 -8 -9 -10 -11 -12 12 -14 -15
leaf_value=0.0020569882262143073 -0.011320417908081522 -0.0079378196791417711 -0.012593022120739761 -0.0073196129382286567 -0.0027671816864050592 -0.012563335430769464 -0.01021576992752464 -0.0098794558378259723 0.0083094695422557454 0.0038887702549711398 -0.012677047630864167 -0.0015821938886701132 -0.0060104661659493887 -0.0070820134031635562
leaf_weight=93797 3017 9610 3677 8382 10578 3023 4155 3837 349749 33780 3453 21783 7630 5984
leaf_count=93797 3017 9610 3677 8382 10578 3023 4155 3837 349749 33780 3453 21783 7630 5984
internal_value=8.05169e-05 -0.0137885 -0.0235422 0.000778208 -0.00211293 -0.00720496 -0.0178515 -0.00934248 0.00116065 -0.000357419 -0.0138034 0.000244897 -0.00154897 -0.00261936
internal_weight=562455 26935 10849 535520 62561 16086 7172 12219 472959 50342 6476 123210 29413 16562
internal_count=562455 26935 10849 535520 62561 16086 7172 12219 472959 50342 6476 123210 29413 16562
is_linear=0
shrinkage=0.05


Tree=11
num_leaves=15
num_cat=0
split_feature=8 3 9 4 8 6 9 3 9 9 4 3 4 1
split_gain=573.724 189.536 175.933 81.2112 78.2502 50.5576 45.2637 43.0287 42.2838 30.2399 28.1314 25.6763 23.8124 22.7607
threshold=0.88323363700000013 -33.088271646499997 29.500000000000004 0.67299767561438839 1.0777579510000004 1.0000000180025095e-35 60.500000000000007 -19.640908139499995 55.500000000000007 88.500000000000014 0.90804188278125686 -16.673079165499995 0.713763270588189 42.500000000000007
decision_type=2 2 2 10 2 2 2 2 2 2 10 2 8 2
left_child=1 2 3 -1 5 12 7 -3 -4 11 -7 -6 -2 -5
right_child=4 6 8 13 9 10 -8 -9 -10 -11 -12 -13 -14 -15
leaf_value=-0.010260554865023959 -0.0020283744880619983 -0.0077031405501556023 -0.0095732157233454802 -0.010566498159114835 0.00039806797526757389 -0.0059760288506273155 0.0027260607015819516 -0.0036009395234293928 -0.0049393656359479699 0.017169138989372168 -0.00023514112975581288 0.0068763897665751906 0.0039939136294057133 -0.0098240020342282488
leaf_weight=4001 27285 12562 11916 3973 62927 22919 17344 34621 18823 88866 16155 164161 73149 4063
leaf_count=4001 27285 12562 11916 3973 62927 22919 17344 34621 18823 88866 16155 164161 73149 4063
internal_value=8.89574e-05 -0.00320006 -0.00578084 -0.0109041 0.00086385 -0.000122426 -0.00148891 -0.00229174 -0.00377318 0.00129933 -0.00164833 0.000993294 0.000471281 -0.00799776
internal_weight=562765 107303 42776 12037 455462 139508 64527 47183 30739 315954 39074 227088 100434 8036
internal_count=562765 107303 42776 12037 455462 139508 64527 47183 30739 315954 39074 227088 100434 8036
is_linear=0
shrinkage=0.05


Tree=12
num_leaves=15
num_cat=0
split_feature=2 1 2 2 1 2 1 1 9 2 1 1 2 1
split_gain=1940.42 627.042 245.385 206.209 355.912 109.555 98.708 81.0147 56.1172 46.5154 47.6994 44.264 33.1561 59.1193
threshold=7.5000000000000009 62.500000000000007 8.5000000000000018 4.5000000000000009 117.50000000000001 6.5000000000000009 24.500000000000004 109.50000000000001 59.500000000000007 6.5000000000000009 76.500000000000014 159.50000000000003 1.5000000000000002 188.50000000000003
decision_type=2 2 2 2 2 2 2 2 2 2 2 2 2 2
left_child=3 2 -2 8 9 11 -4 -3 12 -5 -11 -6 -1 -14
right_child=1 7 6 4 5 -7 -8 -9 -10 10 -12 -13 13 -15
leaf_value=0.0053213813036156752 -0.007768161298657668 -0.011074423918227144 -0.011645790767454096 0.0049463673864108878 -0.0055317165130471429 -0.0093670487047227639 -0.011681702624649211 -0.011155958964982747 0.011187035143112945 -0.0019616789265259516 -0.0070483897212290274 -0.0077629895132373733 0.0075455108144951988 -0.0021860594780602461
leaf_weight=114235 11276 5035 4471 67609 13006 3415 3031 3065 195755 17844 3874 10124 49760 59645
leaf_count=114235 11276 5035 4471 67609 13006 3415 3031 3065 195755 17844 3874 10124 49760 59645
internal_value=8.10505e-05 -0.013027 -0.00800751 0.000739376 -0.00112766 -0.00621045 -0.015012 -0.0246514 0.00125522 0.000383037 -0.00162984 -0.00497407 0.000714078 9.19706e-05
internal_weight=562145 26878 18778 535267 115872 26545 7502 8100 419395 89327 21718 23130 223640 109405
internal_count=562145 26878 18778 535267 115872 26545 7502 8100 419395 89327 21718 23130 223640 109405
is_linear=0
shrinkage=0.05


Tree=13
num_leaves=15
num_cat=0
split_feature=2 0 2 2 0 0 2 0 0 2 2 0 0 0
split_gain=1825.77 575.493 234.126 186.509 313.46 96.5527 95.148 82.9329 50.7958 99.5627 42.2649 42.6071 40.3832 37.9783
threshold=7.5000000000000009 238.50000000000003 8.5000000000000018 4.5000000000000009 185.50000000000003 276.50000000000006 6.5000000000000009 192.50000000000003 143.50000000000003 2.5000000000000004 6.5000000000000009 246.50000000000003 142.50000000000003 103.50000000000001
decision_type=2 2 2 2 2 2 2 2 2 2 2 2 2 2
left_child=3 7 -3 8 6 -4 12 -2 9 -1 -6 -12 -5 -11
right_child=1 2 5 4 10 -7 -8 -9 -10 13 11 -13 -14 -15
leaf_value=0.0052851755061658181 -0.010673135728136805 -0.0074258037750506911 -0.011096433995631099 -0.0073118789867240202 0.0050720952702118446 -0.011071216297701176 -0.0088192090860420118 -0.010527729183873277 0.013296912565011455 -0.0050104824351076896 -0.0060886730542567026 0.00036459785638338487 -0.0053723920718727908 0.0003630567504236052
leaf_weight=218318 3215 11117 3107 10474 66428 4393 3586 5026 149895 23767 7348 14402 13706 27438
leaf_count=218318 3215 11117 3107 10474 66428 4393 3586 5026 149895 23767 7348 14402 13706 27438
internal_value=0.000100138 -0.0126198 -0.00774662 0.000738381 -0.00103658 -0.0145703 -0.00566904 -0.0236172 0.00122906 0.000818681 0.00042236 -0.00149046 -0.00454 -0.00116554
internal_weight=562220 26858 18617 535362 115944 7500 27766 8241 419418 269523 88178 21750 24180 51205
internal_count=562220 26858 18617 535362 115944 7500 27766 8241 419418 269523 88178 21750 24180 51205
is_linear=0
shrinkage=0.05


Tree=14
num_leaves=15
num_cat=0
split_feature=2 0 2 2 0 0 0 2 9 2 0 0 7 0
split_gain=1639.36 530.368 222.852 166.502 271.188 88.4389 86.2811 84.2511 54.234 39.2906 36.9685 35.9263 32.0394 21.9875
threshold=7.5000000000000009 237.50000000000003 8.5000000000000018 4.5000000000000009 189.50000000000003 192.50000000000003 275.50000000000006 6.5000000000000009 65.500000000000014 6.5000000000000009 247.50000000000003 142.50000000000003 0.92610713900000008 235.50000000000003
decision_type=2 2 2 2 2 2 2 2 2 2 2 2 2 2
left_child=3 5 -3 8 7 -2 -4 11 12 13 -11 -5 -1 -6
right_child=1 2 6 4 9 -7 -8 -9 -10 10 -12 -13 -14 -15
leaf_value=-0.00096646829931349646 -0.010116254166257062 -0.0066631823943573455 -0.010538103347481051 -0.0069476184076065484 -0.00043273210518809539 -0.0099747215122960968 -0.010528591575031589 -0.0083567638938703195 0.011055772657988619 -0.0058462661369321663 0.00053998274474482163 -0.0050234801858394171 0.0040177647601829227 0.013146791434570915
leaf_weight=52216 3199 11279 3042 10449 23729 4872 4499 3900 174941 7247 14199 15309 192508 41104
leaf_count=52216 3199 11279 3042 10449 23729 4872 4499 3900 174941 7247 14199 15309 192508 41104
internal_value=0.000120947 -0.0119245 -0.00732271 0.000725821 -0.000951402 -0.0226439 -0.013974 -0.00507551 0.00118918 0.000466454 -0.00138851 -0.00403699 0.00070858 0.00108012
internal_weight=562493 26891 18820 535602 115937 8071 7541 29658 419665 86279 21446 25758 244724 64833
internal_count=562493 26891 18820 535602 115937 8071 7541 29658 419665 86279 21446 25758 244724 64833
is_linear=0
shrinkage=0.05


Tree=15
num_leaves=15
num_cat=0
split_feature=2 0 2 2 0 0 2 0 0 2 2 0 0 0
split_gain=1557.62 515.113 200.9 146.582 235.683 83.7141 83.3475 82.4527 51.9369 91.5833 36.7733 30.9342 28.2139 25.7565
threshold=7.5000000000000009 237.50000000000003 8.5000000000000018 4.5000000000000009 187.50000000000003 195.50000000000003 6.5000000000000009 275.50000000000006 170.50000000000003 3.5000000000000004 6.5000000000000009 228.50000000000003 135.50000000000003 112.50000000000001
decision_type=2 2 2 2 2 2 2 2 2 2 2 2 2 2
left_child=3 5 -3 8 6 -2 12 -4 9 -1 -6 -12 -5 -11
right_child=1 2 7 4 10 -7 -8 -9 -10 13 11 -13 -14 -15
leaf_value=0.0041611276931951173 -0.0095598587578850924 -0.0067488483491270779 -0.0099967384266658674 -0.0066891141739461035 0.0049595620890502175 -0.0095583025262944033 -0.0079534492577220117 -0.0099757958696016398 0.015486229607550528 -0.0057524641331711682 -0.0057236156807167985 -0.0016919308420088311 -0.004899729502973597 -0.002896169122196791
leaf_weight=285075 3498 11284 3023 8808 65485 4644 3781 4499 108709 8462 4204 17304 16124 17002
leaf_count=285075 3498 11284 3023 8808 65485 4644 3781 4499 108709 8462 4204 17304 16124 17002
internal_value=0.000125208 -0.0116028 -0.00705093 0.000716102 -0.000859339 -0.0221057 -0.00478681 -0.0133778 0.0011509 0.000821615 0.000437165 -0.00135639 -0.00373622 -0.00205112
internal_weight=561902 26948 18806 534954 115706 8142 28713 7522 419248 310539 86993 21508 24932 25464
internal_count=561902 26948 18806 534954 115706 8142 28713 7522 419248 310539 86993 21508 24932 25464
is_linear=0
shrinkage=0.05


Tree=16
num_leaves=15
num_cat=0
split_feature=8 8 4 6 4 9 0 6 0 6 4 9 0 9
split_gain=394.595 129.718 77.3836 72.874 50.2579 46.3247 43.6092 41.0009 30.6266 29.129 18.5212 16.2138 13.4392 26.203
threshold=0.94225175350000012 0.61799909750000015 0.72482102189948627 1.0000000180025095e-35 0.92703869222558399 56.500000000000007 257.50000000000006 1.0000000180025095e-35 118.50000000000001 1.5000000000000002 0.94299773905047135 65.500000000000014 128.50000000000003 58.500000000000007
decision_type=2 2 8 2 8 2 2 2 2 2 10 2 2 2
left_child=1 6 3 12 7 9 -1 -2 -5 10 -4 -6 -3 -14
right_child=4 2 5 8 11 -7 -8 -9 -10 -11 -12 -13 13 -15
leaf_value=-0.0080679329335924203 0.0027558254723257757 -0.002253020269753049 -0.0044006446490878282 -0.006230381834099491 0.0053726263196072557 0.0016203810026762249 -0.0079885055882718044 -0.002221297759614264 -0.0075035458027105512 -0.0084520351662930142 -0.00050609928757328461 0.01501861509649919 -0.0071310550941865065 -0.0037061534962339058
leaf_weight=5775 176827 16428 28999 5520 94261 37089 5165 52385 7582 5808 17943 93641 5858 9138
leaf_count=5775 176827 16428 28999 5520 94261 37089 5165 52385 7582 5808 17943 93641 5858 9138
internal_value=0.000123301 -0.00212055 -0.00169411 -0.00339842 0.000904982 -0.000849278 -0.00735496 0.000408041 -0.00653048 -0.00180125 -0.00138763 0.00151115 -0.0020917 -0.00317379
internal_weight=562419 145305 134365 44526 417114 89839 10940 229212 13102 52750 46942 187902 31424 14996
internal_count=562419 145305 134365 44526 417114 89839 10940 229212 13102 52750 46942 187902 31424 14996
is_linear=0
shrinkage=0.05


Tree=17
num_leaves=15
num_cat=0
split_feature=8 8 6 4 4 0 1 4 6 9 8 7 7 7
split_gain=352.912 119.481 69.9531 63.2201 48.8328 37.3846 30.0247 29.2299 27.7252 23.7138 17.454 17.1954 15.1499 14.6641
threshold=0.94225175350000012 0.61799909750000015 1.0000000180025095e-35 0.72482102189948627 0.82227204650421004 256.50000000000006 179.50000000000003 0.83798635108021402 1.0000000180025095e-35 93.500000000000014 0.75957389400000008 0.91902596600000008 0.93303209350000016 0.87461235800000015
decision_type=2 2 2 10 8 2 2 10 2 2 2 2 2 2
left_child=1 5 7 6 8 -1 -4 11 -2 13 -5 -3 -13 -6
right_child=4 2 3 10 9 -7 -8 -9 -10 -11 -12 12 -14 -15
leaf_value=-0.0075282279483974215 0.001584129122865766 -0.0015591869533563099 -0.0071723876679123562 -0.0067186141658255941 -0.0047216985130635117 -0.0076092339735601257 -0.0060255462728452834 0.0013795133016087301 -0.0025139589928517979 0.015658026991720531 -0.0032112549784114952 -0.0070377125631207529 -0.0042204996812909732 0.0053461465384629422
leaf_weight=5752 116074 27355 7544 10336 4405 5256 5623 35030 35395 76820 23058 3165 22453 184214
leaf_count=5752 116074 27355 7544 10336 4405 5256 5623 35030 35395 76820 23058 3165 22453 184214
internal_value=0.000145782 -0.00197366 -0.00156381 -0.00313099 0.000885844 -0.00698084 -0.00606457 -0.000734507 0.000169485 0.00129461 -0.00197356 -0.00147547 -0.00240624 0.000992968
internal_weight=562480 145572 134564 46561 416908 11008 13167 88003 151469 265439 33394 52973 25618 188619
internal_count=562480 145572 134564 46561 416908 11008 13167 88003 151469 265439 33394 52973 25618 188619
is_linear=0
shrinkage=0.05


Tree=18
num_leaves=15
num_cat=0
split_feature=2 2 0 0 2 2 0 0 2 0 0 0 0 8
split_gain=1368.83 369.822 313.737 284.948 72.1762 66.3865 188.883 45.194 48.506 35.643 32.3278 29.6483 25.4999 21.0816
threshold=8.5000000000000018 6.5000000000000009 262.50000000000006 228.50000000000003 7.5000000000000009 3.5000000000000004 170.50000000000003 112.50000000000001 1.5000000000000002 177.50000000000003 223.50000000000003 127.50000000000001 261.50000000000006 0.95512985650000004
decision_type=2 2 2 2 2 2 2 2 2 2 2 2 2 2
left_child=1 5 -2 4 9 7 11 8 13 -3 -8 -7 -5 -1
right_child=2 3 -4 12 -6 6 10 -9 -10 -11 -12 -13 -14 -15
leaf_value=0.00020791771071114034 -0.0093013442443060437 -0.0072806211882003417 -0.0091617818024099778 -0.0059920096377355705 -0.0077933878320522627 -0.0056384316544137864 7.8511045735798362e-05 0.011171168903906868 -0.00089750234088759723 -0.0056619130271311578 0.012812124406235807 -0.0040379518515355145 -0.0012774513488639976 0.0075495921766814472
leaf_weight=28822 4397 3034 5820 9778 4638 18716 45782 140879 64761 5014 70567 25246 19656 115671
leaf_count=28822 4397 3034 5820 9778 4638 18716 45782 140879 64761 5014 70567 25246 19656 115671
internal_value=0.000148374 0.000483759 -0.0179816 -0.00401899 -0.0102817 0.000855345 1.2647e-05 0.00124117 0.000775044 -0.0074109 0.00106763 -0.00277924 -0.00131849 0.00128467
internal_weight=562781 552564 10217 42120 12686 510444 160311 350133 209254 8048 116349 43962 29434 144493
internal_count=562781 552564 10217 42120 12686 510444 160311 350133 209254 8048 116349 43962 29434 144493
is_linear=0
shrinkage=0.05


Tree=19
num_leaves=15
num_cat=0
split_feature=2 2 0 0 2 2 0 0 2 0 0 0 0 2
split_gain=1260.93 335.128 311.378 243.786 69.1273 57.9555 168.489 43.0732 43.9535 39.0319 26.6008 22.2613 22.1639 18.1464
threshold=8.5000000000000018 6.5000000000000009 262.50000000000006 229.50000000000003 7.5000000000000009 3.5000000000000004 189.50000000000003 122.50000000000001 1.5000000000000002 130.50000000000003 178.50000000000003 261.50000000000006 81.500000000000014 7.5000000000000009
decision_type=2 2 2 2 2 2 2 2 2 2 2 2 2 2
left_child=1 5 -2 4 10 7 9 8 -1 -7 -3 13 -10 -5
right_child=2 3 -4 11 -6 6 -8 -9 12 -11 -12 -13 -14 -15
leaf_value=0.0051140925858024671 -0.0088410835969758555 -0.00677599384355221 -0.0085671956853950876 -0.0039557458910843835 -0.0074873014376485069 -0.0054081438004966211 0.0071434445466008233 0.011527223490779195 -0.0023567677339248363 -0.0031191176445475085 -0.0053668697371200324 -0.0015044401614047248 0.0022085798907158028 -0.0070242330572600174
leaf_weight=149234 4396 3064 5814 6277 4708 20040 101685 125300 35518 38920 5005 19619 39277 3391
leaf_count=149234 4396 3064 5814 6277 4708 20040 101685 125300 35518 38920 5005 19619 39277 3391
internal_value=0.000140364 0.000462455 -0.0172663 -0.00382681 -0.00958829 0.000816279 3.02677e-05 0.00117773 0.000762485 -0.00209616 -0.00677205 -0.00131205 -0.000226771 -0.0032751
internal_weight=562248 552038 10210 42064 12777 509974 160645 349329 224029 58960 8069 29287 74795 9668
internal_count=562248 552038 10210 42064 12777 509974 160645 349329 224029 58960 8069 29287 74795 9668
is_linear=0
shrinkage=0.05


Tree=20
num_leaves=15
num_cat=0
split_feature=2 2 0 0 4 2 0 2 0 2 0 2 0 7
split_gain=1186.35 298.577 280.811 231.826 56.066 45.7794 37.7688 35.1619 58.0499 29.9446 19.6776 86.6165 27.1865 18.9252
threshold=8.5000000000000018 6.5000000000000009 261.50000000000006 209.50000000000003 0.84955834071412339 7.5000000000000009 259.50000000000006 3.5000000000000004 158.50000000000003 7.5000000000000009 204.50000000000003 3.5000000000000004 147.50000000000003 0.78832097300000015
decision_type=2 2 2 2 10 2 2 2 2 2 2 2 2 2
left_child=1 4 -2 5 7 -3 9 13 -9 -5 11 -6 -13 -1
right_child=2 3 -4 6 10 -7 -8 8 -10 -11 -12 12 -14 -15
leaf_value=-0.005880785031531206 -0.0083971174193639819 -0.0062165456635759047 -0.0081731973397786324 -0.0040987273724209985 0.0069476593699781836 -0.0071610031330074601 -0.0014706100360827614 -0.0042544756548792174 0.0013705413775606167 -0.0065367640514961845 0.015415176334285352 -0.0077761360808969908 -0.0024084949767099878 0.0023467400864558494
leaf_weight=3185 4294 5647 5872 8121 169098 3156 20549 27000 49824 4597 90279 6839 16014 148202
leaf_count=3185 4294 5647 5872 8121 169098 3156 20549 27000 49824 4597 90279 6839 16014 148202
internal_value=0.000159402 0.000470896 -0.0167619 -0.00357754 0.000804595 -0.0107905 -0.00166754 0.00022184 -0.000649364 -0.00380846 0.0012758 0.000989433 -0.00189944 0.000663955
internal_weight=562677 552511 10166 42070 510441 8803 33267 228211 76824 12718 282230 191951 22853 151387
internal_count=562677 552511 10166 42070 510441 8803 33267 228211 76824 12718 282230 191951 22853 151387
is_linear=0
shrinkage=0.05


Tree=21
num_leaves=15
num_cat=0
split_feature=3 9 9 3 3 9 7 9 7 9 4 4 6 3
split_gain=207.513 100.158 83.6879 55.3685 44.7115 24.941 23.2473 22.0006 21.115 18.5968 15.2297 14.2179 13.5872 11.203
threshold=-33.088271646499997 43.500000000000007 38.500000000000007 -15.181923988499998 -59.685117477999988 94.500000000000014 0.99341272550000015 89.500000000000014 0.98183510250000017 20.500000000000004 1.0292318041480557 0.65145023641027944 1.5000000000000002 -58.341132867999995
decision_type=2 2 2 2 2 2 2 2 2 2 10 10 2 2
left_child=1 4 3 12 11 10 9 13 -5 -6 -4 -1 -2 -3
right_child=2 7 5 8 6 -7 -8 -9 -10 -11 -12 -13 -14 -15
leaf_value=-0.0061429908846860268 -0.0031008434081817742 -0.0048755423782780435 0.0021382158301550221 -0.0014580873932839636 -0.0058118522306570518 0.012066909020138928 -0.0028343239941876928 0.00096524376402572069 0.0029110056137099331 -0.0048721364474817175 0.0081369128614827372 -0.0062548849100477191 -0.0065261318042929605 -0.002404837771660472
leaf_weight=4320 32878 10984 136045 53060 5391 90331 10821 29215 82673 10371 54864 3164 3608 34527
leaf_count=4320 32878 10984 136045 53060 5391 90331 10821 29215 82673 10371 54864 3164 3608 34527
internal_value=0.000157988 -0.00180304 0.00062849 -0.000239528 -0.00404973 0.00116002 -0.00308758 -0.000778592 0.000225305 -0.00431249 0.000836096 -0.00746295 -0.00196857 -0.00146591
internal_weight=562252 108793 453459 172219 34067 281240 26583 74726 135733 15762 190909 7484 36486 45511
internal_count=562252 108793 453459 172219 34067 281240 26583 74726 135733 15762 190909 7484 36486 45511
is_linear=0
shrinkage=0.05


Tree=22
num_leaves=15
num_cat=0
split_feature=2 2 0 0 2 2 0 1 2 0 0 2 2 0
split_gain=1069.94 273.087 260.905 213.179 49.4499 48.9741 141.23 41.0118 46.6338 35.7817 31.5356 24.2353 20.2905 17.3774
threshold=8.5000000000000018 6.5000000000000009 254.50000000000003 209.50000000000003 7.5000000000000009 3.5000000000000004 198.50000000000003 184.50000000000003 2.5000000000000004 130.50000000000003 260.50000000000006 7.5000000000000009 4.5000000000000009 283.50000000000006
decision_type=2 2 2 2 2 2 2 2 2 2 2 2 2 2
left_child=1 5 -2 4 -3 7 9 -1 -9 -7 11 -5 -11 -4
right_child=2 3 13 10 -6 6 -8 8 -10 12 -12 -13 -14 -15
leaf_value=0.0098899689192078338 -0.007749331011964216 -0.0059644394975839335 -0.0077764670197868133 -0.0036817483542604178 -0.0065784019442488365 -0.0047357454289302893 0.0076827492297179114 0.0034060441257444773 -0.0034347971649193428 0.00013564108086342366 -0.001413298337739849 -0.0061991714575896266 -0.0041297392113961735 -0.0079548419937834711
leaf_weight=136086 3698 5712 3003 8375 3232 20172 93844 191280 22212 24493 20068 4690 21996 3472
leaf_count=136086 3698 5712 3003 8375 3232 20172 93844 191280 22212 24493 20068 4690 21996 3472
internal_value=0.000160282 0.000456385 -0.0159037 -0.00341494 -0.0102626 0.000775763 5.27226e-05 0.00110773 0.000675326 -0.00170698 -0.0015652 -0.00347647 -0.000943724 -0.00983989
internal_weight=562333 552160 10173 42077 8944 510083 160505 349578 213492 66661 33133 13065 46489 6475
internal_count=562333 552160 10173 42077 8944 510083 160505 349578 213492 66661 33133 13065 46489 6475
is_linear=0
shrinkage=0.05


Tree=23
num_leaves=15
num_cat=0
split_feature=2 2 0 0 4 2 2 0 0 9 7 2 7 3
split_gain=1007.37 246.524 244.741 191.431 50.1352 42.3461 26.0219 46.3018 25.5331 24.9892 23.0673 20.9862 19.214 17.1327
threshold=8.5000000000000018 6.5000000000000009 262.50000000000006 213.50000000000003 0.84955834071412339 7.5000000000000009 3.5000000000000004 130.50000000000003 263.50000000000006 94.500000000000014 0.78832097300000015 7.5000000000000009 0.90579342850000011 -43.381484313499989
decision_type=2 2 2 2 10 2 2 2 2 2 2 2 2 2
left_child=1 4 -2 5 6 13 10 -8 11 12 -1 -5 -6 -3
right_child=2 3 -4 8 9 -7 7 -9 -10 -11 -12 -13 -14 -15
leaf_value=-0.006296596112922952 -0.0074446945736618836 -0.0036879787472398531 -0.0073412417206983188 -0.0034422467848156495 -0.0019276754445316153 -0.0062898787406230443 -0.0041783213516414742 0.0001941261175913768 -0.0008987922314117521 0.012958868154977597 0.0021034848141664375 -0.005989274182541561 0.0050223019249904114 -0.0067804069320421094
leaf_weight=3194 4318 3011 5880 8745 19102 3526 15772 60912 18935 77434 148576 4870 185549 3145
leaf_count=3194 4318 3011 5880 8745 19102 3526 15772 60912 18935 77434 148576 4870 185549 3145
internal_value=0.000150313 0.000437659 -0.0154175 -0.00323342 0.000741361 -0.00940384 0.000190778 -0.000559924 -0.00139687 0.00118725 0.000570087 -0.00304791 0.000897738 -0.00689174
internal_weight=562969 552771 10198 42232 510539 9682 228454 76684 32550 282085 151770 13615 204651 6156
internal_count=562969 552771 10198 42232 510539 9682 228454 76684 32550 282085 151770 13615 204651 6156
is_linear=0
shrinkage=0.05


Tree=24
num_leaves=15
num_cat=0
split_feature=2 0 2 0 0 2 2 0 9 0 2 2 2 2
split_gain=973.655 222.058 218.993 169.263 48.4282 131.941 35.6414 33.1345 28.3372 26.4825 22.5058 19.2564 18.6744 16.7569
threshold=8.5000000000000018 255.50000000000003 6.5000000000000009 209.50000000000003 206.50000000000003 3.5000000000000004 7.5000000000000009 130.50000000000003 33.500000000000007 261.50000000000006 1.0000000180025095e-35 7.5000000000000009 4.5000000000000009 4.5000000000000009
decision_type=2 2 2 2 2 2 2 2 2 2 2 2 2 2
left_child=2 -2 4 6 5 8 -4 -7 10 11 -1 -5 -9 -6
right_child=1 -3 3 9 13 7 -8 12 -10 -11 -12 -13 -14 -15
leaf_value=0.0038276704373432519 -0.0070153866985562061 -0.0071314568944793781 -0.0052525924806232915 -0.003439967055473342 0.017782203901473 -0.0044421524078097317 -0.0059966483136023076 0.00030411810263957238 0.0056369580267085391 -0.00097599262598523778 -0.001022799819796755 -0.0056979589398321916 -0.003661553201670244 0.0053413976883354402
leaf_weight=47158 3754 6280 5679 8660 60999 20065 3201 27895 211673 19750 59470 4846 25722 57272
leaf_count=47158 3754 6280 5679 8660 60999 20065 3201 27895 211673 19750 59470 4846 25722 57272
internal_value=0.000169817 -0.015262 0.000450267 -0.00301393 0.000736361 0.000468784 -0.00914463 -0.00143777 0.000910138 -0.00137579 0.000245421 -0.00308156 -0.000788995 0.00162313
internal_weight=562424 10034 552390 42136 510254 391983 8880 73682 318301 33256 106628 13506 53617 118271
internal_count=562424 10034 552390 42136 510254 391983 8880 73682 318301 33256 106628 13506 53617 118271
is_linear=0
shrinkage=0.05


Tree=25
num_leaves=15
num_cat=0
split_feature=2 0 2 0 4 0 9 2 0 3 2 0 2 0
split_gain=892.022 211.211 202.637 151.226 48.0478 30.6614 24.2536 21.1413 34.9741 19.2472 18.2104 38.1888 37.7129 22.5771
threshold=8.5000000000000018 263.50000000000006 6.5000000000000009 199.50000000000003 0.85409499097046437 247.50000000000003 95.500000000000014 2.5000000000000004 130.50000000000003 -39.375956203499989 1.5000000000000002 201.50000000000003 4.5000000000000009 99.500000000000014
decision_type=2 2 2 2 10 2 2 2 2 2 2 2 2 2
left_child=2 -2 4 9 7 -5 10 -1 -9 -4 -6 12 13 -12
right_child=1 -3 3 5 6 -7 -8 8 -10 -11 11 -13 -14 -15
leaf_value=0.0022075241148595249 -0.0067111767560451537 -0.0065522361461466498 -0.0045758772641437849 -0.0044463402258112647 0.0066463284396710027 -0.0020044299391465134 0.012227255977069055 -0.0030695879923306134 0.00094986236066594079 -0.0064370486053520323 -0.0035492480906886082 0.010616457927033456 -0.0082382000831935955 0.0033787981367317528
leaf_weight=116832 4466 5757 4020 10201 75065 24466 74428 34806 80469 3279 19458 54496 6683 47438
leaf_count=116832 4466 5757 4020 10201 75065 24466 74428 34806 80469 3279 19458 54496 6683 47438
internal_value=0.000166516 -0.0144645 0.000437785 -0.00290165 0.000712776 -0.00152378 0.0011567 0.000181884 -0.000298512 -0.00944037 0.00087376 0.000511302 -0.000231742 0.000126157
internal_weight=561864 10223 551641 41966 509675 34667 277568 232107 115275 7299 203140 128075 73579 66896
internal_count=561864 10223 551641 41966 509675 34667 277568 232107 115275 7299 203140 128075 73579 66896
is_linear=0
shrinkage=0.05


Tree=26
num_leaves=15
num_cat=0
split_feature=2 0 2 0 9 2 0 2 0 0 2 8 2 3
split_gain=852.107 196.194 174.708 129.466 47.0532 36.0711 61.4693 48.2725 37.1106 30.1304 22.6899 21.7631 18.2729 14.2334
threshold=8.5000000000000018 260.50000000000006 6.5000000000000009 194.50000000000003 88.500000000000014 1.5000000000000002 213.50000000000003 4.5000000000000009 99.500000000000014 248.50000000000003 2.5000000000000004 0.95512985650000004 7.5000000000000009 -40.452933874999992
decision_type=2 2 2 2 2 2 2 2 2 2 2 2 2 2
left_child=2 -2 4 13 5 11 7 8 10 12 -7 -1 -5 -4
right_child=1 -3 3 9 -6 6 -8 -9 -10 -11 -12 -13 -14 -15
leaf_value=-0.00054465690436173819 -0.0064433876386170933 -0.0062899949826321008 -0.0044093465885449842 -0.0031886635479095368 0.0082218968711306201 -0.00064385174050929426 0.0091487693000800851 -0.0038273076979288851 0.0025224427649956378 -0.0017576493935835072 -0.0041699241186508749 0.005760301346768866 -0.0050511351415255161 -0.0061240652460918333
leaf_weight=28138 4220 5898 3413 7102 127170 36351 60041 32273 90277 24094 21571 114185 4178 3168
leaf_count=28138 4220 5898 3413 7102 127170 36351 60041 32273 90277 24094 21571 114185 4178 3168
internal_value=0.000164562 -0.0142107 0.000428201 -0.00267308 0.000683348 0.00040654 3.31888e-05 -0.000427866 -4.62369e-05 -0.00147446 -0.00103397 0.00103745 -0.00360656 -0.00910985
internal_weight=562079 10118 551961 41955 510006 382836 240513 180472 148199 35374 57922 142323 11280 6581
internal_count=562079 10118 551961 41955 510006 382836 240513 180472 148199 35374 57922 142323 11280 6581
is_linear=0
shrinkage=0.05


Tree=27
num_leaves=15
num_cat=0
split_feature=2 0 2 0 0 2 9 0 0 2 7 2 3 0
split_gain=773.375 179.624 160.704 122.798 45.184 111.74 29.1842 27.7026 24.8342 21.7322 19.5585 17.3605 15.488 15.4413
threshold=8.5000000000000018 262.50000000000006 6.5000000000000009 197.50000000000003 213.50000000000003 3.5000000000000004 31.500000000000004 152.50000000000003 262.50000000000006 1.0000000180025095e-35 0.85421943300000003 4.5000000000000009 -16.408850782999995 239.50000000000003
decision_type=2 2 2 2 2 2 2 2 2 2 2 2 2 2
left_child=2 -2 4 -4 5 6 9 12 -5 -1 -8 -6 -7 -13
right_child=1 -3 3 8 11 7 10 -9 -10 -11 -12 13 -14 -15
leaf_value=0.0032491014840579932 -0.0061021498019557668 -0.0060165420103258918 -0.0049530810088255434 -0.0037675300775780901 0.017226497629304914 -0.0029734464216459667 -0.0012846555915431938 -0.0012658947668789746 -0.00072630793127294064 -0.001289502848268644 0.0058496548161437456 -0.0014880236249602888 -0.0066138874782247659 0.0095469318158770688
leaf_weight=45297 4359 5785 7007 15646 52692 23124 12915 48192 19294 54615 210218 14998 8906 38547
leaf_count=45297 4359 5785 7007 15646 52692 23124 12915 48192 19294 54615 210218 14998 8906 38547
internal_value=0.000164419 -0.0135127 0.00041613 -0.00255846 0.000661048 0.000419363 0.00083412 -0.00125076 -0.0013464 0.000123903 0.00115212 0.0015784 -0.00239035 0.000944211
internal_weight=561595 10144 551451 41947 509504 403267 323045 80222 34940 99912 223133 106237 32030 53545
internal_count=561595 10144 551451 41947 509504 403267 323045 80222 34940 99912 223133 106237 32030 53545
is_linear=0
shrinkage=0.05


Tree=28
num_leaves=15
num_cat=0
split_feature=2 0 2 0 0 2 8 0 0 0 2 2 7 0
split_gain=741.564 171.927 149.677 106.601 44.4326 98.5415 29.0413 23.272 22.9889 18.8716 42.3221 17.3176 14.0341 14.0126
threshold=8.5000000000000018 262.50000000000006 6.5000000000000009 196.50000000000003 213.50000000000003 3.5000000000000004 0.98237945300000018 247.50000000000003 152.50000000000003 111.50000000000001 1.5000000000000002 5.5000000000000009 0.78832097300000015 239.50000000000003
decision_type=2 2 2 2 2 2 2 2 2 2 2 2 2 2
left_child=2 -2 4 -4 5 6 12 -5 -7 10 -8 -6 -1 -13
right_child=1 -3 3 7 11 8 9 -9 -10 -11 -12 13 -14 -15
leaf_value=-0.0061538947036899189 -0.0058472771363631488 -0.0056190762246085104 -0.0047459133821831315 -0.0038024579023249599 0.01300861706233112 -0.0035829544989064649 0.0054513563113702014 -0.0017423153514678786 -0.0012417733219994796 0.007271526897040026 -0.0012279376374607471 -0.0050756282493388842 5.4832936299785214e-05 0.006156342672751499
leaf_weight=3871 4364 5830 6849 10655 82048 32119 111533 24428 48017 98296 50568 6076 58575 18484
leaf_count=3871 4364 5830 6849 10655 82048 32119 111533 24428 48017 98296 50568 6076 58575 18484
internal_value=0.000160548 -0.0131988 0.000407593 -0.0024637 0.000643883 0.000403732 0.000793276 -0.00134925 -0.00116557 0.0010255 0.000694006 0.00155159 -0.000175097 0.000386729
internal_weight=561713 10194 551519 41932 509587 402979 322843 35083 80136 260397 162101 106608 62446 24560
internal_count=561713 10194 551519 41932 509587 402979 322843 35083 80136 260397 162101 106608 62446 24560
is_linear=0
shrinkage=0.05


Tree=29
num_leaves=15
num_cat=0
split_feature=2 0 2 0 4 9 2 0 2 0 0 8 2 2
split_gain=681.024 146.3 136.534 96.8205 46.1854 30.8748 20.7949 39.2568 39.7445 20.5583 17.611 16.7951 13.7002 12.4893
threshold=8.5000000000000018 256.50000000000006 6.5000000000000009 197.50000000000003 0.76258447403184448 91.500000000000014 1.5000000000000002 152.50000000000003 3.5000000000000004 261.50000000000006 83.500000000000014 1.1006292565000002 7.5000000000000009 4.5000000000000009
decision_type=2 2 2 2 10 2 2 2 2 2 2 2 2 2
left_child=2 -2 4 -4 11 6 -6 8 10 12 -8 -1 -5 -9
right_child=1 -3 3 9 5 -7 7 13 -10 -11 -12 -13 -14 -15
leaf_value=-0.0012986218653658966 -0.0054583666076348418 -0.0054373895597299524 -0.0044487206265921096 -0.0025739198366676076 0.0053109138505554807 0.0089568491423767712 -0.0035888783050930665 0.0084386210158997367 -0.0054211407513876236 -0.000776864442891603 0.0029509180171677549 0.0014156850945348048 -0.0045883996064023927 0.0015207980820878641
leaf_weight=81275 3862 6237 7080 9854 88675 100205 17399 53589 12842 19500 38749 73844 5550 43966
leaf_count=81275 3862 6237 7080 9854 88675 100205 17399 53589 12842 19500 38749 73844 5550 43966
internal_value=0.000170569 -0.0126932 0.000405804 -0.0023349 0.000631203 0.000945369 0.000653345 0.000324002 -0.000588811 -0.00125297 -1.4781e-05 -8.86548e-05 -0.00261795 0.000969532
internal_weight=562627 10099 552528 41984 510544 355425 255220 166545 68990 34904 56148 155119 15404 97555
internal_count=562627 10099 552528 41984 510544 355425 255220 166545 68990 34904 56148 155119 15404 97555
is_linear=0
shrinkage=0.05


Tree=30
num_leaves=15
num_cat=0
split_feature=8 3 9 9 3 7 9 8 7 9 3 3 0 7
split_gain=154.542 40.1894 39.3741 30.5401 28.1375 17.9866 16.9251 16.8998 11.2498 9.87072 9.16919 7.67467 7.52251 7.23756
threshold=0.94225175350000012 -31.472418652499996 94.500000000000014 32.500000000000007 -14.219714672499999 0.89501949950000015 23.500000000000004 1.1051875755000002 0.89684266700000015 24.500000000000004 -13.028495110499998 -59.685117477999988 24.500000000000004 0.9840236375000001
decision_type=2 2 2 2 2 2 2 2 2 2 2 2 2 2
left_child=1 3 4 5 7 -1 13 -2 -6 12 -4 -7 -10 -3
right_child=2 6 10 -5 8 11 -8 -9 9 -11 -12 -13 -14 -15
leaf_value=-0.0035645814450527913 -0.0023931091564246432 -0.0037745113074149892 0.0048873379094486694 -0.0025368838218804471 -0.0025789735651304524 -0.0035128233923844921 -0.00033582778654862953 0.0007085907909258689 0.0023252423787929713 0.0050355696872809528 0.011417666161980668 -0.0031194486895843232 -0.0015574732913985689 -0.0014938523620270339
leaf_weight=4131 44458 19575 38918 39179 10680 3065 60962 70910 36495 135783 56912 9242 23279 9050
leaf_count=4131 44458 19575 38918 39179 10680 3065 60962 70910 36495 135783 56912 9242 23279 9050
internal_value=0.0001548 -0.0012502 0.000643536 -0.00230588 0.000378448 -0.00411452 -0.000594724 -0.000246851 0.000728234 0.000814537 0.0015331 -0.00315404 0.000279111 -0.00159754
internal_weight=562639 145204 417435 55617 321605 16438 89587 115368 206237 195557 95830 12307 59774 28625
internal_count=562639 145204 417435 55617 321605 16438 89587 115368 206237 195557 95830 12307 59774 28625
is_linear=0
shrinkage=0.05


Tree=31
num_leaves=15
num_cat=0
split_feature=2 1 2 1 2 1 2 1 9 1 2 2 7 7
split_gain=615.987 134.44 125.285 101.208 52.361 50.7053 67.0742 30.7492 24.2867 21.161 18.2822 16.9483 16.2618 11.7935
threshold=8.5000000000000018 54.500000000000007 5.5000000000000009 66.500000000000014 7.5000000000000009 91.500000000000014 2.5000000000000004 179.50000000000003 25.500000000000004 20.500000000000004 4.5000000000000009 7.5000000000000009 0.85421943300000003 0.96400287100000004
decision_type=2 2 2 2 2 2 2 2 2 2 2 2 2 2
left_child=2 9 5 11 -5 -1 8 10 -7 -2 -8 -4 -10 -9
right_child=1 -3 3 4 -6 6 7 13 12 -11 -12 -13 -14 -15
leaf_value=0.011255342591469767 -0.0049938143691784049 -0.0050742946424204502 0.0024237222486055178 -0.0035751626467498128 -0.0043487156231605036 0.00032593456238987078 0.0014794207863005513 -0.0046349940243686234 -0.0010561944445080232 -0.0051733277985242338 -0.0032881965094453815 -0.0040617632066910414 0.0059775928847204474 -0.0021238831942802365
leaf_weight=89215 3985 3117 36775 25760 5080 69817 71545 15279 11178 3090 18536 11665 173241 23528
leaf_count=89215 3985 3117 36775 25760 5080 69817 71545 15279 11178 3090 18536 11665 173241 23528
internal_value=0.000161757 -0.0120153 0.000386853 -0.00145236 -0.00369104 0.000695568 0.000445568 -0.000483579 0.000916611 -0.00819386 2.33389e-05 -2.68345e-05 0.00121729 -0.00166012
internal_weight=561811 10192 551619 79280 30840 472339 383124 128888 254236 7075 90081 48440 184419 38807
internal_count=561811 10192 551619 79280 30840 472339 383124 128888 254236 7075 90081 48440 184419 38807
is_linear=0
shrinkage=0.05


Tree=32
num_leaves=15
num_cat=0
split_feature=8 8 4 9 9 3 3 4 9 8 7 8 3 9
split_gain=129.982 48.1233 31.2255 27.0175 17.5629 14.1024 11.6852 11.5691 10.4809 12.2527 9.3999 7.8356 7.59817 6.63437
threshold=1.0777579510000004 0.63084669900000012 0.72482102189948627 89.500000000000014 23.500000000000004 8.0655109535000022 -30.286302925499996 0.92918947648234196 29.500000000000004 0.89087699650000018 0.98486908750000002 0.55097153150000011 -6.171381028499999 115.50000000000001
decision_type=2 2 10 2 2 2 2 10 2 2 2 2 2 2
left_child=1 11 6 7 10 13 8 -2 9 -3 -4 -1 -5 -6
right_child=3 2 4 12 5 -7 -8 -9 -10 -11 -12 -13 -14 -15
leaf_value=-0.003386438471020806 0.00087544201333310083 -0.0033515056387873605 -0.0038334319253208156 0.0056667560651823875 -0.00072571301273052162 0.0059235963797752188 -0.0014998132104691016 0.0046739892484308401 -0.0024845822048160035 -0.0024519379329957357 -0.00090580067825321142 -0.0029020228730804549 0.011903558846815383 0.0036870019994258898
leaf_weight=4450 132098 4697 17331 40485 92303 23433 30804 96900 33990 3188 15337 8845 46226 12503
leaf_count=4450 132098 4697 17331 40485 92303 23433 30804 96900 33990 3188 15337 8845 46226 12503
internal_value=0.000159929 -0.000699503 -0.000532919 0.000831995 -0.00014438 0.000119284 -0.00139305 0.000547351 -0.00193678 -0.0035789 -0.00117926 -0.003625 0.00158365 -0.00012866
internal_weight=562590 246881 233586 315709 160907 128239 72679 228998 41875 7885 32668 13295 86711 104806
internal_count=562590 246881 233586 315709 160907 128239 72679 228998 41875 7885 32668 13295 86711 104806
is_linear=0
shrinkage=0.05


Tree=33
num_leaves=15
num_cat=0
split_feature=2 0 2 0 0 2 2 0 0 2 8 2 8 0
split_gain=581.254 126.189 104.506 89.4555 47.8396 64.7939 40.512 22.9558 21.9718 18.3052 13.7987 13.7826 12.0319 11.7925
threshold=8.5000000000000018 260.50000000000006 5.5000000000000009 235.50000000000003 197.50000000000003 2.5000000000000004 7.5000000000000009 100.50000000000001 131.50000000000003 1.0000000180025095e-35 1.1051875755000002 7.5000000000000009 0.97202102300000015 153.50000000000003
decision_type=2 2 2 2 2 2 2 2 2 2 2 2 2 2
left_child=2 -2 4 6 5 7 12 9 -7 -1 -11 -5 13 -4
right_child=1 -3 3 11 -6 8 -8 -9 -10 10 -12 -13 -14 -15
leaf_value=0.0045105291602628378 -0.0047844825664700424 -0.0047256029072308137 -0.0028458646911638701 0.0027753498455111991 0.0097095478079475533 -0.0028182648154169501 -0.004062556377039111 0.0070936224767809948 -6.2290753257526844e-05 -0.0015079308499132986 0.0019061873163373094 -0.0033603819522552494 -0.006188617557458382 -0.0019423858326289873
leaf_weight=77858 4215 6069 4255 35912 105957 47917 5257 76841 68469 36596 59426 11544 8286 13980
leaf_count=77858 4215 6069 4255 35912 105957 47917 5257 76841 68469 36596 59426 11544 8286 13980
internal_value=0.000156696 -0.0116182 0.000376053 -0.00130447 0.000657536 0.000387395 -0.0033573 0.000839971 -0.000587545 0.000521897 5.99311e-05 7.03736e-05 -0.00256154 -0.00184279
internal_weight=562582 10284 552298 79234 473064 367107 31778 250721 116386 173880 96022 47456 26521 18235
internal_count=562582 10284 552298 79234 473064 367107 31778 250721 116386 173880 96022 47456 26521 18235
is_linear=0
shrinkage=0.05


Tree=34
num_leaves=15
num_cat=0
split_feature=2 0 2 0 0 2 2 7 0 2 0 2 8 2
split_gain=542.767 118.206 95.2547 74.385 43.4562 63.9724 36.7239 22.7597 17.8923 17.993 15.262 19.0181 14.6387 13.4492
threshold=8.5000000000000018 259.50000000000006 5.5000000000000009 238.50000000000003 177.50000000000003 2.5000000000000004 7.5000000000000009 0.85421943300000003 78.500000000000014 1.5000000000000002 92.500000000000014 3.5000000000000004 0.83891463200000016 3.5000000000000004
decision_type=2 2 2 2 2 2 2 2 2 2 2 2 2 2
left_child=2 -2 4 6 5 7 -4 12 9 -9 -7 -12 -1 -6
right_child=1 -3 3 -5 13 10 -8 8 -10 -11 11 -13 -14 -15
leaf_value=0.00127986525057619 -0.0045643771887064599 -0.0044615630085284054 -0.0031229591468684274 0.00034785715101244341 0.012551731598327049 -0.0033979859372898799 -0.0038388861616749925 0.0029608367767268071 0.0063050357144962994 -0.0013163131662266335 0.0011130704257691878 -0.0028592810064388512 -0.0044194580501066977 0.0051915129768390425
leaf_weight=7732 4128 6133 27853 46036 57041 19137 5546 111344 91689 22429 38536 36534 8081 80882
leaf_count=7732 4128 6133 27853 46036 57041 19137 5546 111344 91689 22429 38536 36534 8081 80882
internal_value=0.000175105 -0.0112164 0.000386636 -0.00121554 0.000655484 0.000348315 -0.00301169 0.000779748 0.000908359 0.000539569 -0.000756618 -0.000435231 -0.0010537 0.0014026
internal_weight=563101 10261 552840 79435 473405 335482 33399 241275 225462 133773 94207 75070 15813 137923
internal_count=563101 10261 552840 79435 473405 335482 33399 241275 225462 133773 94207 75070 15813 137923
is_linear=0
shrinkage=0.05


Tree=35
num_leaves=15
num_cat=0
split_feature=2 0 2 0 0 2 2 0 0 2 2 2 7 8
split_gain=512.184 99.1278 86.0789 62.9058 43.2223 53.9846 31.0478 24.4455 21.6634 17.6314 14.5669 14.0462 13.9913 18.31
threshold=8.5000000000000018 248.50000000000003 5.5000000000000009 240.50000000000003 207.50000000000003 2.5000000000000004 7.5000000000000009 99.500000000000014 109.50000000000001 4.5000000000000009 7.5000000000000009 1.0000000180025095e-35 0.88563700000000012 0.8641608340000001
decision_type=2 2 2 2 2 2 2 2 2 2 2 2 2 2
left_child=2 -2 4 6 5 7 -4 11 -7 -10 -5 -1 13 -13
right_child=1 -3 3 10 -6 8 -8 -9 9 -11 -12 12 -14 -15
leaf_value=0.0040777569203682288 -0.0043178892173145571 -0.0042913388200284553 -0.002956172866161553 0.0030664548247364893 0.0096443049683895225 -0.0029585807677448041 -0.0037040763151669509 0.0066895438127514036 0.00099135944307656028 -0.0031355623650135681 -0.0037864418521363278 0.0011762948377482037 0.0010091538398545753 -0.0052707373700431603
leaf_weight=77431 3306 6829 28763 33804 90690 30300 5683 81961 77586 19521 11103 4873 82660 7496
leaf_count=77431 3306 6829 28763 33804 90690 30300 5683 81961 77586 19521 11103 4873 82660 7496
internal_value=0.000167817 -0.0109677 0.000372416 -0.00115133 0.000628319 0.000395251 -0.00275856 0.000815964 -0.000444876 -8.06542e-05 8.16598e-05 0.000478068 7.07379e-05 -0.00149729
internal_weight=562006 10135 551871 79353 472518 381828 34446 254421 127407 97107 44907 172460 95029 12369
internal_count=562006 10135 551871 79353 472518 381828 34446 254421 127407 97107 44907 172460 95029 12369
is_linear=0
shrinkage=0.05


Tree=36
num_leaves=15
num_cat=0
split_feature=8 9 8 4 3 9 6 1 8 8 3 6 4 6
split_gain=100.218 35.5872 28.9415 19.4219 19.1535 13.8774 11.5948 8.29833 9.75884 8.19011 8.13858 7.35175 7.07641 6.74191
threshold=0.94225175350000012 99.500000000000014 0.60233091850000009 0.64029190578168593 -15.913125022499999 22.500000000000004 1.5000000000000002 78.500000000000014 0.96453025450000018 1.1051875755000002 -13.028495110499998 1.0000000180025095e-35 0.62830301341610861 1.0000000180025095e-35
decision_type=2 2 2 10 2 2 2 2 2 2 2 2 10 2
left_child=2 4 -1 13 9 11 -5 -7 -9 -2 -3 -6 -11 -4
right_child=1 10 3 6 5 7 -8 8 -10 12 -12 -13 -14 -15
leaf_value=-0.0025645275367699692 -0.0018061010471515301 0.0038033397442736837 -0.0021156340933713275 -0.00087596380903679242 0.0015897007076817104 0.010931204431364791 -0.0030581891527967199 -0.0027882043229687358 0.003314165461856749 -0.0012533374130938076 0.0098041498089386746 -0.0021998841411331542 0.0014052708006100766 -0.0025572767995464965
leaf_weight=8729 43082 33469 19649 101871 34453 24797 7606 3561 134534 16060 50691 24843 51406 7723
leaf_count=8729 43082 33469 19649 101871 34453 24797 7606 3561 134534 16060 50691 24843 51406 7723
internal_value=0.000172869 0.000567257 -0.000956533 -0.000778402 0.000334915 0.000602494 -0.000480513 0.0008409 0.000689627 -0.000202889 0.00148577 -5.24442e-05 0.000141024 -0.00196954
internal_weight=562474 416896 145578 136849 332736 222188 109477 162892 138095 110548 84160 59296 67466 27372
internal_count=562474 416896 145578 136849 332736 222188 109477 162892 138095 110548 84160 59296 67466 27372
is_linear=0
shrinkage=0.05


Tree=37
num_leaves=15
num_cat=0
split_feature=2 2 9 7 9 8 2 4 2 4 2 8 8 4
split_gain=448.329 78.4541 32.1723 18.1024 14.8258 14.7737 14.4671 11.7447 9.94046 9.21773 9.97886 9.04932 7.99046 7.60594
threshold=8.5000000000000018 6.5000000000000009 91.500000000000014 0.98677309300000016 26.500000000000004 1.0976899235000002 7.5000000000000009 0.93589341991015196 4.5000000000000009 0.61493902105896836 2.5000000000000004 1.0206992475000003 1.2160380950000003 0.66968965205805442
decision_type=2 2 2 2 2 2 2 10 2 10 2 2 2 10
left_child=1 2 3 5 -2 -1 11 -4 -5 12 -11 -3 -7 -8
right_child=4 6 7 8 -6 9 13 -9 -10 10 -12 -13 -14 -15
leaf_value=-0.0010877077066957133 -0.0033020771893577695 -0.0010356183468439642 0.0027236255446194757 0.0032219060852783123 -0.0046316517231844148 0.0010531569736052326 -0.002695227533420014 0.0087934323580341773 -0.00023208431863472581 0.0049685952439821783 -0.00025331423686174287 -0.0045247885424267364 -0.0048040924705043016 -0.0036434492325074126
leaf_weight=112823 5079 21234 56767 173658 5134 5587 3030 61857 43426 32346 19093 3943 4854 13778
leaf_count=112823 5079 21234 56767 173658 5134 5587 3030 61857 43426 32346 19093 3943 4854 13778
internal_value=0.000173516 0.000365477 0.000536381 0.000317943 -0.0102043 -6.09159e-05 -0.00171201 0.00125779 0.000622832 0.00055991 0.00083484 -0.000953359 -0.000794323 -0.0028478
internal_weight=562609 552396 510411 391787 10213 174703 41985 118624 217084 61880 51439 25177 10441 16808
internal_count=562609 552396 510411 391787 10213 174703 41985 118624 217084 61880 51439 25177 10441 16808
is_linear=0
shrinkage=0.05


Tree=38
num_leaves=15
num_cat=0
split_feature=2 0 2 0 0 2 0 2 2 0 8 0 3 8
split_gain=428.6 76.9435 68.9089 49.0528 41.0852 50.2143 26.9373 25.9341 23.7919 19.3839 16.3252 13.3622 13.0551 11.603
threshold=8.5000000000000018 248.50000000000003 5.5000000000000009 242.50000000000003 220.50000000000003 3.5000000000000004 137.50000000000003 7.5000000000000009 1.5000000000000002 78.500000000000014 0.96453025450000018 151.50000000000003 -17.170521314999998 0.89797301150000008
decision_type=2 2 2 2 2 2 2 2 2 2 2 2 2 2
left_child=2 -2 4 7 5 6 8 13 10 -10 -1 12 -7 -4
right_child=1 -3 3 -5 -6 11 -8 -9 9 -11 -12 -13 -14 -15
leaf_value=-0.00069565409449475445 -0.0037990781840917206 -0.0038368557038462939 -0.0013923380598596189 0.0004424442074558168 0.010537755759227573 -0.0017551594329317498 0.0063976714019312389 -0.003247140137670702 -0.002375724520623177 0.00096581315538034947 0.0040884566693874299 -0.00095418638657133461 -0.0055671040820848899 -0.0046254950291205882
leaf_weight=31628 3350 6846 16245 43901 72053 19125 82641 5892 32597 56867 124105 45322 8564 13447
leaf_count=31628 3350 6846 16245 43901 72053 19125 82641 5892 32597 56867 124105 45322 8564 13447
internal_value=0.000170209 -0.0099853 0.000357749 -0.00100437 0.000586701 0.000389101 0.000653194 -0.00238388 0.000390056 -0.000259755 0.000763349 -0.000796709 -0.001662 -0.001782
internal_weight=562583 10196 552387 79485 472902 400849 327838 35584 245197 89464 155733 73011 27689 29692
internal_count=562583 10196 552387 79485 472902 400849 327838 35584 245197 89464 155733 73011 27689 29692
is_linear=0
shrinkage=0.05


Tree=39
num_leaves=15
num_cat=0
split_feature=2 0 2 0 0 2 2 7 0 9 2 0 7 8
split_gain=396.235 63.3822 62.8228 62.7127 46.0234 38.2153 23.2028 20.7474 18.8738 17.0713 16.0017 15.1193 11.0671 12.9141
threshold=8.5000000000000018 244.50000000000003 4.5000000000000009 231.50000000000003 172.50000000000003 2.5000000000000004 7.5000000000000009 0.78832097300000015 295.50000000000006 29.500000000000004 6.5000000000000009 94.500000000000014 0.92509244750000008 0.97953936900000016
decision_type=2 2 2 2 2 2 2 2 2 2 2 2 2 2
left_child=2 -2 4 6 5 7 -4 -1 10 -9 -5 -7 13 -13
right_child=1 -3 3 8 -6 11 -8 9 -10 -11 -12 12 -14 -15
leaf_value=-0.0052542927646576955 -0.003605300874365397 -0.0036509328353293877 -0.002631282556552845 0.0064866155148453524 0.0084456476144168565 -0.0031713500336248753 -0.0030698843647327771 0.00033042744747933099 -0.016682332696446214 0.0037803484516563783 -0.0010346416430921667 -0.00097755783031720366 0.00036731226702570174 -0.0059330753447729111
leaf_weight=3215 3004 7070 55316 41929 105990 18763 4894 80221 3912 154765 26581 6983 45483 4206
leaf_count=3215 3004 7070 55316 41929 105990 18763 4894 80221 3912 154765 26581 6983 45483 4206
internal_value=0.000174237 -0.00965026 0.000353536 -0.000595007 0.000653348 0.000348934 -0.00178735 0.000659524 0.00039633 0.000714134 0.000589287 -0.000631793 -0.00022443 -0.00163279
internal_weight=562332 10074 552258 132632 419626 313636 60210 238201 72422 234986 68510 75435 56672 11189
internal_count=562332 10074 552258 132632 419626 313636 60210 238201 72422 234986 68510 75435 56672 11189
is_linear=0
shrinkage=0.05


Tree=40
num_leaves=15
num_cat=0
split_feature=8 8 9 3 6 4 3 7 9 1 9 8 1 6
split_gain=78.4125 26.3378 23.3883 17.1709 16.0416 9.68898 9.36295 9.5889 9.83613 8.06134 6.94726 6.61575 6.52047 5.60673
threshold=1.0777579510000004 0.60233091850000009 99.500000000000014 4.1628134100000009 1.5000000000000002 0.93146556461295404 -56.046432307999993 0.98762838700000011 56.500000000000007 8.5000000000000018 42.500000000000007 1.3718212590000003 87.500000000000014 1.0000000180025095e-35
decision_type=2 2 2 2 2 10 2 2 2 2 2 2 2 2
left_child=1 -1 5 4 6 13 10 8 -8 -5 -3 12 -7 -2
right_child=2 3 -4 9 -6 11 7 -9 -10 -11 -12 -13 -14 -15
leaf_value=-0.0021106793075699815 0.0012205785307103033 -0.002175233037998393 0.0067592862128898314 -0.0072520109985926597 -0.0025805497591207078 0.0095806638666858547 -0.001937293922121601 0.00045544633228153511 -0.0001362868490962591 0.0033576818232839813 -0.0016344236725358331 0.0064836603391576694 0.0011445159940381793 -0.00071384514519873276
leaf_weight=8734 107234 6484 68488 3945 9115 15286 67292 53218 48248 34148 15587 41644 48686 34675
leaf_count=8734 107234 6484 68488 3945 9115 15286 67292 53218 48248 34148 15587 41644 48686 34675
internal_value=0.000180903 -0.00048697 0.000702436 -0.000387988 -0.000573346 0.000476154 -0.000475426 -0.000348743 -0.000604526 0.000584873 -0.00144376 0.000838754 0.000519405 0.000206269
internal_weight=562784 246771 316013 238037 199944 247525 190829 168758 115540 38093 22071 105616 63972 141909
internal_count=562784 246771 316013 238037 199944 247525 190829 168758 115540 38093 22071 105616 63972 141909
is_linear=0
shrinkage=0.05


Tree=41
num_leaves=15
num_cat=0
split_feature=2 2 0 0 0 2 2 8 0 2 0 3 9 9
split_gain=345.983 54.8631 56.9356 53.6321 42.5103 36.035 21.8809 17.9504 17.2928 15.2285 15.1935 12.9342 9.18361 6.87775
threshold=8.5000000000000018 4.5000000000000009 235.50000000000003 246.50000000000003 178.50000000000003 2.5000000000000004 7.5000000000000009 1.1200188100000001 295.50000000000006 7.5000000000000009 109.50000000000001 -19.891803908999997 27.500000000000004 74.500000000000014
decision_type=2 2 2 2 2 2 2 2 2 2 2 2 2 2
left_child=1 4 6 -2 5 7 11 -1 9 -4 -7 -3 -9 -13
right_child=3 2 8 -5 -6 10 -8 12 -10 -11 -12 13 -14 -15
leaf_value=0.00030519381064933086 -0.0034097772441183194 -0.001575134287463181 0.0048111191439091936 -0.0032805410752090244 0.0082283048808048844 -0.0027733118308823461 -0.0028322022885738287 0.0012313066067637956 -0.015183598233850249 -0.0023609971877072461 -0.00021981154349905198 -0.0047322007129923932 0.0051435256153529582 -0.0089154748118591576
leaf_weight=95480 3192 43496 54811 7004 97353 27533 5293 42186 3874 10399 52964 11490 104200 3460
leaf_count=95480 3192 43496 54811 7004 97353 27533 5293 42186 3874 10399 52964 11490 104200 3460
internal_value=0.000178213 0.000346665 -0.000538986 -0.00894618 0.00062694 0.000350399 -0.00161666 0.00065537 0.000455355 0.00064824 -0.000565918 -0.00133762 0.00100324 -0.00260615
internal_weight=562735 552539 132823 10196 419716 322363 63739 241866 69084 65210 80497 58446 146386 14950
internal_count=562735 552539 132823 10196 419716 322363 63739 241866 69084 65210 80497 58446 146386 14950
is_linear=0
shrinkage=0.05


Tree=42
num_leaves=15
num_cat=0
split_feature=2 2 1 1 1 2 2 8 1 1 2 7 3 1
split_gain=311.891 49.9336 49.8547 42.6947 40.1755 32.131 20.9244 18.5879 16.5618 14.5747 14.2616 12.4983 12.3997 9.13903
threshold=8.5000000000000018 4.5000000000000009 66.500000000000014 54.500000000000007 121.50000000000001 2.5000000000000004 7.5000000000000009 1.1200188100000001 4.5000000000000009 205.50000000000003 6.5000000000000009 0.78832097300000015 -19.891803908999997 30.500000000000004
decision_type=2 2 2 2 2 2 2 2 2 2 2 2 2 2
left_child=1 4 8 -2 -1 7 12 11 -3 -7 -10 -6 -4 -12
right_child=3 2 6 -5 5 9 -8 -9 10 -11 13 -13 -14 -15
leaf_value=0.0078021009713714591 -0.0031152890080864992 -0.015069792629731994 -0.001448793503631144 -0.0031407603118184138 -0.0049971958506052003 -0.00051044404556910999 -0.0027390999702237764 0.0037442519727040498 0.0061087713371281013 -0.0028501268664609947 0.0021344410705256139 0.00048079174063986834 -0.0058194153560763712 -0.0026984845273845337
leaf_weight=97129 7130 3883 42503 3098 3165 61979 5055 146230 40712 18726 14243 92137 14487 11881
leaf_count=97129 7130 3883 42503 3098 3165 61979 5055 146230 40712 18726 14243 92137 14487 11881
internal_value=0.000173811 0.000334112 -0.000510963 -0.00847552 0.000601651 0.000332956 -0.00154533 0.000621561 0.000396577 -0.000530758 0.000581081 7.8221e-05 -0.0012716 -0.000330667
internal_weight=562358 552130 132764 10228 419366 322237 62045 241532 70719 80705 66836 95302 56990 26124
internal_count=562358 552130 132764 10228 419366 322237 62045 241532 70719 80705 66836 95302 56990 26124
is_linear=0
shrinkage=0.05


Tree=43
num_leaves=15
num_cat=0
split_feature=2 2 0 0 0 2 2 4 0 7 0 2 7 3
split_gain=293.513 47.5013 47.6656 40.8362 37.619 29.201 19.9174 19.5071 17.1892 16.5323 15.8439 11.4592 9.23864 13.9177
threshold=8.5000000000000018 4.5000000000000009 247.50000000000003 246.50000000000003 193.50000000000003 2.5000000000000004 7.5000000000000009 0.65526359383457844 295.50000000000006 0.88165736250000015 95.500000000000014 7.5000000000000009 0.98877492950000012 -8.1360034949999989
decision_type=2 2 2 2 2 2 2 10 2 2 2 2 2 2
left_child=1 4 6 -2 5 7 -3 -1 11 -9 -7 -4 13 -12
right_child=3 2 8 -5 -6 10 -8 9 -10 -11 12 -13 -14 -15
leaf_value=-0.00042573085050586672 -0.0029888872315105763 -0.0020801435717244482 0.0061792245173581672 -0.0031083838360375865 0.008724602695968255 -0.0027465809091915851 -0.0026394070684086853 -0.0012128676297730619 -0.014039643577916899 0.0038253074575919106 -0.00060165473833448326 -0.0018760272174768011 0.0015320708367881932 -0.006810940363845156
leaf_weight=53513 3181 68231 44956 7066 76975 19269 6437 17065 3854 178356 28881 9234 39647 5821
leaf_count=53513 3181 68231 44956 7066 76975 19269 6437 17065 3854 178356 28881 9234 39647 5821
internal_value=0.000171407 0.000327025 -0.000497449 -0.00821132 0.00058784 0.000363385 -0.00133288 0.000646484 0.000577271 0.000878095 -0.000389381 0.000806809 -5.82012e-05 -0.000653903
internal_weight=562486 552239 132712 10247 419527 342552 74668 248934 58044 195421 93618 54190 74349 34702
internal_count=562486 552239 132712 10247 419527 342552 74668 248934 58044 195421 93618 54190 74349 34702
is_linear=0
shrinkage=0.05


Tree=44
num_leaves=15
num_cat=0
split_feature=2 2 0 0 0 2 0 2 2 0 2 0 3 8
split_gain=266.012 43.632 41.9412 33.9982 32.9847 26.8852 18.4237 22.5188 18.0074 14.3431 12.4208 12.2565 9.20891 9.0432
threshold=8.5000000000000018 4.5000000000000009 243.50000000000003 192.50000000000003 246.50000000000003 2.5000000000000004 81.500000000000014 1.0000000180025095e-35 7.5000000000000009 295.50000000000006 6.5000000000000009 111.50000000000001 -20.160978785999998 1.0946816330000002
decision_type=2 2 2 2 2 2 2 2 2 2 2 2 2 2
left_child=1 3 8 5 -2 6 7 -1 12 10 -4 -7 -3 -9
right_child=4 2 9 -5 -6 11 -8 13 -10 -11 -12 -13 -14 -15
leaf_value=0.003211695433456928 -0.0028707326916437223 -0.0012467496946283424 0.0073463689900267236 0.008212283158931034 -0.0028811531051983041 -0.0022063645542328993 0.00434594056761694 -0.0020424118447789656 -0.0024693703526267818 -0.012999942239408872 -0.00060928166106988875 5.1917522194051981e-05 -0.0047165098428885999 0.00024531064910763867
leaf_weight=73196 3174 47658 34455 78009 6985 28627 100087 28122 5986 3852 23508 63962 17388 46659
leaf_count=73196 3174 47658 34455 78009 6985 28627 100087 28122 5986 3852 23508 63962 17388 46659
internal_value=0.000173713 0.000321429 -0.000468058 0.000571946 -0.00784165 0.000356318 0.000627688 0.000273293 -0.00129679 0.000484269 0.000680677 -0.000370731 -0.0010551 -0.000336928
internal_weight=561668 551509 132847 418662 10159 340653 248064 147977 71032 61815 57963 92589 65046 74781
internal_count=561668 551509 132847 418662 10159 340653 248064 147977 71032 61815 57963 92589 65046 74781
is_linear=0
shrinkage=0.05


Tree=45
num_leaves=15
num_cat=0
split_feature=8 0 7 9 9 8 3 3 7 3 9 3 3 6
split_gain=53.4524 24.3849 21.0633 19.4785 14.1591 9.13318 8.69395 8.21809 6.2381 7.07308 5.7001 5.34838 5.1919 4.99162
threshold=1.0777579510000004 296.50000000000006 1.0062613620000003 100.50000000000001 54.500000000000007 0.60233091850000009 -6.171381028499999 -12.303855629999999 0.85421943300000003 7.2602956315000009 25.500000000000004 -5.7959014079999998 1.9803193410000002 1.5000000000000002
decision_type=2 2 2 2 2 2 2 2 2 2 2 2 2 2
left_child=1 2 4 6 5 -1 -2 -4 -6 -10 -8 -5 13 -7
right_child=3 -3 7 11 8 12 10 -9 9 -11 -12 -13 -14 -15
leaf_value=-0.0013271186192046955 0.00032091310745004868 -0.012310123893173994 -0.00022576558508436781 0.002769407194565972 -0.0018562399705869992 -0.0014474675447036637 0.00083476849955927085 0.0043080190299023303 -0.00018336914581738533 0.0069134054021300941 0.0036060910864020505 0.0083636801634853677 0.00022114211314038881 -0.0020364714319645485
leaf_weight=6006 126231 3188 32558 30159 14157 76513 38204 31093 56421 8091 85175 36501 13019 5386
leaf_count=6006 126231 3188 32558 30159 14157 76513 38204 31093 56421 8091 85175 36501 13019 5386
internal_value=0.000170346 -0.00038172 -0.000324729 0.000600506 -0.000601719 -0.000993669 0.000397713 0.000456791 -9.88572e-05 0.000109739 0.00069618 0.00135978 -0.000873919 -0.00102135
internal_weight=562702 246432 243244 316270 179593 100924 249610 63651 78669 64512 123379 66660 94918 81899
internal_count=562702 246432 243244 316270 179593 100924 249610 63651 78669 64512 123379 66660 94918 81899
is_linear=0
shrinkage=0.05


Tree=46
num_leaves=15
num_cat=0
split_feature=2 2 0 2 0 0 1 2 7 2 3 7 8 8
split_gain=230.129 36.7564 34.4305 35.7072 27.6745 25.4916 20.9757 30.0379 15.6789 11.8824 9.69772 17.3756 9.46938 9.36773
threshold=8.5000000000000018 5.5000000000000009 222.50000000000003 3.5000000000000004 246.50000000000003 243.50000000000003 206.50000000000003 1.5000000000000002 0.85421943300000003 7.5000000000000009 -16.914995487999999 0.94385706350000009 0.89797301150000008 0.96453025450000018
decision_type=2 2 2 2 2 2 2 2 2 2 2 2 2 2
left_child=1 2 3 6 -2 9 8 13 -1 12 -5 -12 -3 -8
right_child=4 5 -4 10 -6 -7 7 -9 -10 -11 11 -13 -14 -15
leaf_value=-0.0028759509041673954 -0.0026790663736354537 -0.00068616583845745708 0.0087616116545630712 -0.00066979988481370744 -0.0025783826595451708 0.00050620359559772077 -0.00073292164170408916 -0.0020983881258751134 0.0037840417045928356 -0.0023349743322848403 -0.010134046849893188 -0.0025872333834951605 -0.0039679047709094816 0.00273735513509115
leaf_weight=7705 3120 16407 69175 50674 7033 43259 27960 46443 143022 5993 3664 20051 13623 104126
leaf_count=7705 3120 16407 69175 50674 7033 43259 27960 46443 143022 5993 3664 20051 13623 104126
internal_value=0.000161024 0.00029823 0.000465288 0.000288647 -0.00729647 -0.000698034 0.000512177 0.000145477 0.000946498 -0.00168043 -0.000700695 -0.0015351 -0.00127435 0.000530051
internal_weight=562255 552102 472820 403645 10153 79282 329256 178529 150727 36023 74389 23715 30030 132086
internal_count=562255 552102 472820 403645 10153 79282 329256 178529 150727 36023 74389 23715 30030 132086
is_linear=0
shrinkage=0.05


Tree=47
num_leaves=15
num_cat=0
split_feature=2 2 0 2 0 0 7 0 2 0 9 2 3 3
split_gain=209.088 35.9769 31.562 32.4139 24.1256 23.2484 19.6575 20.1746 19.5362 15.8866 14.6621 10.5268 10.5483 9.00115
threshold=8.5000000000000018 5.5000000000000009 225.50000000000003 3.5000000000000004 248.50000000000003 246.50000000000003 0.78832097300000015 148.50000000000003 1.5000000000000002 78.500000000000014 21.500000000000004 7.5000000000000009 -49.953916867999993 -17.170521314999998
decision_type=2 2 2 2 2 2 2 2 2 2 2 2 2 2
left_child=1 2 3 6 11 -2 -1 8 10 -10 -8 -3 -13 -5
right_child=5 4 -4 13 -6 -7 7 -9 9 -11 -12 12 -14 -15
leaf_value=-0.0045126735321426061 -0.0025297297392825775 -0.0019213950181391735 0.0086258904212744257 -0.00058099099647500926 0.00083184709476582033 -0.0024250332529432593 -5.1173343268451064e-05 0.005491646883494461 -0.0020690318205092051 0.00080035824094328619 0.0034131890066212787 -0.0010284486166070761 -0.0030839186741857148 -0.0036031935386649366
leaf_weight=4252 3166 32592 65178 51843 40417 7035 48501 70657 32364 66699 108668 3118 3402 24936
leaf_count=4252 3166 32592 65178 51843 40417 7035 48501 70657 32364 66699 108668 3118 3402 24936
internal_value=0.000169269 0.000300231 0.000465639 0.000302384 -0.000683701 -0.00692215 0.000517 0.000560954 0.000354672 -0.000195245 0.000701277 -0.00156888 -0.0034023 -0.000623209
internal_weight=562828 552627 473098 407920 79529 10201 331141 326889 256232 99063 157169 39112 6520 76779
internal_count=562828 552627 473098 407920 79529 10201 331141 326889 256232 99063 157169 39112 6520 76779
is_linear=0
shrinkage=0.05


Tree=48
num_leaves=15
num_cat=0
split_feature=2 2 0 0 0 2 0 2 0 0 2 2 2 2
split_gain=183.632 31.8556 32.0687 31.9591 25.041 24.8212 15.9225 13.5465 12.4155 11.934 10.5763 9.8619 8.82427 8.63043
threshold=8.5000000000000018 4.5000000000000009 165.50000000000003 248.50000000000003 246.50000000000003 1.5000000000000002 295.50000000000006 7.5000000000000009 91.500000000000014 34.500000000000007 1.0000000180025095e-35 3.5000000000000004 7.5000000000000009 2.5000000000000004
decision_type=2 2 2 2 2 2 2 2 2 2 2 2 2 2
left_child=1 2 5 7 -2 9 12 -3 -7 10 -1 -10 -5 -4
right_child=4 3 13 6 -6 8 -8 -9 11 -11 -12 -13 -14 -15
leaf_value=0.0016234868912860159 -0.0024444502507153711 -0.0017120178895327716 0.010267148293819077 0.0055795039144732441 -0.0023489723595829619 -0.0017487083525764098 -0.012454707941732396 -0.0020469281295809392 0.0010533990079638507 0.0034125114730775268 -0.0022892340643488125 -0.0020828965280154351 -0.0015355941434701363 0.0045259584055344681
leaf_weight=48106 3157 68978 32476 44191 7026 48851 3880 6576 71045 99421 16783 19254 9133 83587
leaf_count=48106 3157 68978 32476 44191 7026 48851 3880 6576 71045 99421 16783 19254 9133 83587
internal_value=0.000164382 0.000287084 0.0005007 -0.000387947 -0.00648729 0.00023034 0.000503592 -0.00106294 -0.00026104 0.000646472 0.000119002 8.63473e-05 0.000728684 0.00120755
internal_weight=562464 552281 419523 132758 10183 303460 57204 75554 139150 164310 64889 90299 53324 116063
internal_count=562464 552281 419523 132758 10183 303460 57204 75554 139150 164310 64889 90299 53324 116063
is_linear=0
shrinkage=0.05


Tree=49
num_leaves=15
num_cat=0
split_feature=2 2 1 2 1 1 7 2 1 7 7 4 1 8
split_gain=157.724 30.2643 28.0913 28.2514 20.8192 19.8396 19.0771 17.8816 17.626 12.1986 8.50653 8.81286 8.4918 8.41773
threshold=8.5000000000000018 5.5000000000000009 72.500000000000014 2.5000000000000004 54.500000000000007 220.50000000000003 0.85421943300000003 1.0000000180025095e-35 52.500000000000007 0.99064233700000004 0.9840236375000001 0.96010201845423515 10.500000000000002 0.98237945300000018
decision_type=2 2 2 2 2 2 2 2 2 2 2 10 2 2
left_child=1 2 12 5 -2 6 -4 -7 -3 10 11 -5 -1 -10
right_child=4 8 3 9 -6 7 -8 -9 13 -11 -12 -13 -14 -15
leaf_value=-0.0058866825351184832 -0.0022957775205004766 0.00045944462311389201 -0.002792811627130124 -0.00085729751885571547 -0.0022934070151448722 0.0026763745153599592 0.0047053329514350328 -0.00078122050464761797 -0.0011627159014068033 0.00048836787496978821 -0.0066164891610556026 -0.0056754133695269202 0.0088639679885226912 -0.003968341498343529
leaf_weight=3426 7019 40776 6204 56997 3063 72507 109058 72753 27648 80033 3894 8809 59388 10773
leaf_count=3426 7019 40776 6204 56997 3063 72507 109058 72753 27648 80033 3894 8809 59388 10773
internal_value=0.00016888 0.000282045 0.000433489 0.000282717 -0.00602706 0.00059727 0.00108708 0.000208584 -0.000622554 -0.000264579 -0.000748153 -0.000613651 0.00141812 -0.00139092
internal_weight=562348 552266 473069 410255 10082 260522 115262 145260 79197 149733 69700 65806 62814 38421
internal_count=562348 552266 473069 410255 10082 260522 115262 145260 79197 149733 69700 65806 62814 38421
is_linear=0
shrinkage=0.05


Tree=50
num_leaves=15
num_cat=0
split_feature=8 0 3 4 9 7 9 5 0 4 0 8 3 0
split_gain=35.3721 20.3952 15.9176 14.2612 9.18766 9.15124 6.50388 6.33303 5.38694 6.41414 5.21142 5.09374 9.46712 4.69737
threshold=1.1225942870000003 296.50000000000006 4.1628134100000009 0.94994193828113926 73.500000000000014 0.98762838700000011 25.500000000000004 6.5000000000000009 204.50000000000003 0.6959489511828657 193.50000000000003 1.3760450305000003 20.738182206000001 205.50000000000003
decision_type=2 2 2 10 2 2 2 2 2 10 2 2 2 2
left_child=1 2 5 -2 10 6 -1 -4 -7 -10 11 12 -5 -9
right_child=3 -3 7 4 -6 8 -8 13 9 -11 -12 -13 -14 -15
leaf_value=-0.0014835626135437385 0.00069183809475755398 -0.011208069596821694 -0.0036540945359953476 0.00065745104437194284 0.0061798778464809585 0.00090634325501380033 -0.00069343913492916302 0.00073977031335320141 -0.0028690660127822943 -0.00037587668041502448 0.0096027994148045696 0.0035368385865324689 -0.0064408715200367037 0.0075394428107716975
leaf_weight=39897 156671 3328 3788 25368 58033 44594 116968 18251 3854 28180 13995 23186 3121 23533
leaf_count=39897 156671 3328 3788 25368 58033 44594 116968 18251 3854 28180 13995 23186 3121 23533
internal_value=0.000163685 -0.000231296 -0.000184855 0.000561508 0.000962812 -0.000351684 -0.000570456 0.000669855 9.61727e-05 -0.000398421 0.00055767 0.000325803 -0.000122043 0.000847352
internal_weight=562767 282393 279065 280374 123703 233493 156865 45572 76628 32034 65670 51675 28489 41784
internal_count=562767 282393 279065 280374 123703 233493 156865 45572 76628 32034 65670 51675 28489 41784
is_linear=0
shrinkage=0.05


Tree=51
num_leaves=15
num_cat=0
split_feature=2 2 0 0 8 2 9 0 0 2 7 8 2 2
split_gain=121.414 28.9842 28.4801 27.6308 23.2778 21.5336 14.511 13.5974 12.043 10.3668 10.1287 10.5973 10.1201 10.0865
threshold=8.5000000000000018 4.5000000000000009 177.50000000000003 248.50000000000003 0.80714723100000019 1.5000000000000002 21.500000000000004 295.50000000000006 91.500000000000014 7.5000000000000009 0.85421943300000003 0.83891463200000016 6.5000000000000009 3.5000000000000004
decision_type=2 2 2 2 2 2 2 2 2 2 2 2 2 2
left_child=1 2 5 9 -2 6 -1 12 -7 -3 11 -8 -5 -10
right_child=4 3 -4 7 -6 8 10 -9 13 -11 -12 -13 -14 -15
leaf_value=-0.00016553894651752407 -0.0012101184353368192 -0.0015785435076118523 0.005851261437358566 0.0073014646617220423 -0.0035680593696770925 -0.0016114679865109898 0.0043952821041765375 -0.010801207372373786 0.0011054135424461797 -0.0019416643400892925 0.0036361673481174698 -0.0045799745588223457 -0.00047444846044181503 -0.001863841000625456
leaf_weight=49251 6810 69128 98726 31177 3412 48916 4016 3906 81259 6521 110237 3352 22013 23718
leaf_count=49251 6810 69128 98726 31177 3412 48916 4016 3906 81259 6521 110237 3352 22013 23718
internal_value=0.000172292 0.000272262 0.000476036 -0.000371657 -0.00522587 0.000247456 0.000640893 0.000458661 -0.000179128 -0.000998328 0.000942628 -0.000851756 0.000667826 0.000122807
internal_weight=562442 552220 419475 132745 10222 320749 166856 57096 153893 75649 117605 7368 53190 104977
internal_count=562442 552220 419475 132745 10222 320749 166856 57096 153893 75649 117605 7368 53190 104977
is_linear=0
shrinkage=0.05


Tree=52
num_leaves=15
num_cat=0
split_feature=8 7 9 7 8 6 3 0 3 6 8 7 3 3
split_gain=31.1575 14.7955 14.632 9.01653 8.69076 7.27583 6.18419 6.09674 5.40903 5.32722 4.33516 4.32967 4.9626 4.29674
threshold=1.0777579510000004 1.0062613620000003 100.50000000000001 0.78832097300000015 0.71837815000000005 1.0000000180025095e-35 -6.171381028499999 229.50000000000003 -53.830525391999991 1.5000000000000002 1.0657930730000003 1.0000005915000003 4.1628134100000009 -57.193181157499993
decision_type=2 2 2 2 2 2 2 2 2 2 2 2 2 2
left_child=1 3 7 4 -1 10 -4 8 -2 -10 11 12 -5 -3
right_child=2 13 6 5 -6 -7 -8 -9 9 -11 -12 -13 -14 -15
leaf_value=-0.00057220752780285972 -0.0043430755095727703 -0.0014159579985719337 0.0015924001683228269 -0.00040000451990409002 -0.0047561523857227936 -0.0011759779508073356 0.0066391625880337759 0.0062799423069150873 0.00099861936177256553 -0.0027791240360688458 -0.0048332114351024164 -0.0044469652944158977 0.0029327733998963388 0.0013299109008156609
leaf_weight=3139 3226 5039 30083 100311 3368 54833 36695 24999 216327 4484 4111 3000 13126 59520
leaf_count=3139 3226 5039 30083 100311 3368 54833 36695 24999 216327 4484 4111 3000 13126 59520
internal_value=0.000170653 -0.000250688 0.000499448 -0.000481492 -0.00230843 -0.000413645 0.00115666 0.0003232 0.000240546 0.000270259 -0.000196428 -0.000140048 -9.04206e-05 0.000399565
internal_weight=562261 246447 315814 181888 6507 175381 66778 249036 224037 220811 120548 116437 113437 64559
internal_count=562261 246447 315814 181888 6507 175381 66778 249036 224037 220811 120548 116437 113437 64559
is_linear=0
shrinkage=0.05


Tree=53
num_leaves=15
num_cat=0
split_feature=2 8 2 3 0 0 2 7 3 3 2 8 0 0
split_gain=103.778 24.5741 24.531 22.8058 13.3189 11.1723 22.1635 10.0795 8.05079 7.44168 7.04215 11.8958 13.8538 9.55952
threshold=8.5000000000000018 0.81747048350000007 7.5000000000000009 1.9803193410000002 294.50000000000006 184.50000000000003 2.5000000000000004 0.9353060485000001 -39.900285635499991 20.738182206000001 4.5000000000000009 0.92000341650000006 244.50000000000003 196.50000000000003
decision_type=2 2 2 2 2 2 2 2 2 2 2 2 2 2
left_child=2 8 3 7 5 6 -5 -1 -2 -8 13 -12 -13 -9
right_child=1 -3 -4 4 -6 -7 9 10 -10 -11 11 12 -14 -15
leaf_value=-0.00054530970317241971 -0.00054209162124863096 -0.0035269448700588971 -0.0020465777613617639 0.0032446674399861626 -0.014692165329602734 0.0086173790416460751 -0.0014917014104682653 0.00089269441781796477 -0.0017597637752393874 -0.0065664497748675367 0.0014548604417016636 -0.0027159632764946623 0.0036662071111598681 0.0054356097108088711
leaf_weight=109703 4022 3224 16722 62965 3058 59655 8903 190897 3131 3348 26468 28657 12974 28730
leaf_count=109703 4022 3224 16722 62965 3058 59655 8903 190897 3131 3348 26468 28657 12974 28730
internal_value=0.000169598 -0.00478304 0.000262731 0.000321642 0.000875582 0.000949594 0.000544263 0.000129386 -0.00314578 -0.00140115 0.000284867 -0.000159352 -0.000686245 0.000422605
internal_weight=562457 10377 552080 535358 137929 134871 75216 397429 7153 12251 287726 68099 41631 219627
internal_count=562457 10377 552080 535358 137929 134871 75216 397429 7153 12251 287726 68099 41631 219627
is_linear=0
shrinkage=0.05


Tree=54
num_leaves=15
num_cat=0
split_feature=2 2 0 0 0 8 2 0 2 3 8 7 0 7
split_gain=87.6469 23.6879 28.4186 27.4415 21.1274 19.7428 12.9653 12.7992 12.1644 12.1445 10.4805 9.7826 10.0403 8.62162
threshold=8.5000000000000018 3.5000000000000004 228.50000000000003 161.50000000000003 296.50000000000006 0.82240954000000011 1.5000000000000002 91.500000000000014 6.5000000000000009 -15.671969172499997 0.97202102300000015 1.0139059385000002 146.50000000000003 0.86006401200000016
decision_type=2 2 2 2 2 2 2 2 2 2 2 2 2 2
left_child=1 3 9 6 8 -2 10 -8 -4 -3 -1 -11 -13 -5
right_child=5 2 4 13 -6 -7 7 -9 -10 11 -12 12 -14 -15
leaf_value=-0.00049803223581759237 -0.001065283952411172 -0.0006736529132788402 0.00478031211633016 -0.0023764073916543475 -0.013198980759416088 -0.0033141328483096083 -0.0017255505937581704 0.00070937405582858441 -0.00080333006983126305 -0.0062089170508215184 0.002577060300733517 -0.004573256011245792 -0.00033770070451668124 0.0066937241548572172
leaf_weight=33320 7096 79731 64170 3229 3031 3099 44481 67444 27742 11389 129799 4546 11942 71082
leaf_count=33320 7096 79731 64170 3229 3031 3099 44481 67444 27742 11389 129799 4546 11942 71082
internal_value=0.000155135 0.000240012 -0.000190182 0.000489431 0.00044032 -0.0044375 0.000259081 -0.000155343 0.000575846 -0.000746471 0.000543436 -0.0016447 -0.000865822 0.00134194
internal_weight=562101 551906 202551 349355 94943 10195 275044 111925 91912 107608 163119 27877 16488 74311
internal_count=562101 551906 202551 349355 94943 10195 275044 111925 91912 107608 163119 27877 16488 74311
is_linear=0
shrinkage=0.05


Tree=55
num_leaves=15
num_cat=0
split_feature=2 3 2 8 7 7 9 2 9 7 9 7 3 9
split_gain=83.1395 21.4046 18.2751 21.4349 9.95829 9.77518 7.79892 7.1387 7.67324 7.06925 6.05247 5.98144 5.2134 4.98422
threshold=7.5000000000000009 2.4659868230000002 8.5000000000000018 0.82240954000000011 0.93676478250000017 0.87315632250000008 98.500000000000014 1.5000000000000002 23.500000000000004 0.97299154700000012 27.500000000000004 0.78832097300000015 -35.753704462999998 20.500000000000004
decision_type=2 2 2 2 2 2 2 2 2 2 2 2 2 2
left_child=1 4 12 10 11 -3 -7 8 9 -6 -4 -1 -2 -13
right_child=2 5 3 -5 7 6 -8 -9 -10 -11 -12 13 -14 -15
leaf_value=-0.0032249526361349812 -0.00076632654768047216 -0.005689233924508195 -0.00051049016416061614 -0.0032968000114192509 -0.0038399584944308015 0.0026965917459261506 0.0073402004730706545 0.00025875869397115419 0.0035616290302669545 0.0014644984492171347 -0.0013620069275995838 -0.0015650586974022441 -0.0031263957233597624 -0.00013881236462517989
leaf_weight=5664 9230 4089 4042 3063 6242 94107 35529 199893 55457 27628 3107 18619 7487 88000
leaf_count=5664 9230 4089 4042 3063 6242 94107 35529 199893 55457 27628 3107 18619 7487 88000
internal_value=0.000151456 0.000287856 -0.00255913 -0.00422531 0.000105372 0.000835733 0.000911672 0.000260524 0.000632108 3.91145e-05 -0.0027226 -0.000294266 -0.00154034 -0.000210107
internal_weight=562157 535228 26929 10212 401503 133725 129636 289220 89327 33870 7149 112283 16717 106619
internal_count=562157 535228 26929 10212 401503 133725 129636 289220 89327 33870 7149 112283 16717 106619
is_linear=0
shrinkage=0.05


Tree=56
num_leaves=15
num_cat=0
split_feature=2 3 2 8 0 0 2 7 2 8 1 7 0 4
split_gain=75.0286 21.0592 16.8865 17.0408 12.6338 10.9432 25.9322 8.71654 7.94883 12.5803 12.326 10.5947 12.3432 8.17044
threshold=7.5000000000000009 3.0188151650000004 8.5000000000000018 0.82240954000000011 293.50000000000006 196.50000000000003 3.5000000000000004 0.98877492950000012 2.5000000000000004 1.1110002205 182.50000000000003 0.97938431100000012 198.50000000000003 0.65526359383457844
decision_type=2 2 2 2 2 2 2 2 2 2 2 2 2 10
left_child=1 7 -2 -4 5 6 -3 8 9 -1 11 -10 -13 -11
right_child=2 4 3 -5 -6 -7 -8 -9 10 13 -12 12 -14 -15
leaf_value=-0.0005927425812211328 -0.0018162597783772634 0.0025761241643460775 -0.0009411937420034255 -0.0031403131576973674 -0.012203720163718177 0.0086184780785536676 -0.0062636940391768607 0.00099014636837400027 -3.2286177223305457e-05 -0.00091074020243128132 -0.0024861633999029159 -0.006604396508389912 -0.00089351171921297427 0.0035656804347735192
leaf_weight=62346 16757 68578 7170 3085 3604 52249 4793 201743 75185 10194 18316 3351 3971 31368
leaf_count=62346 16757 68578 7170 3085 3604 52249 4793 201743 75185 10194 18316 3351 3971 31368
internal_value=0.000142035 0.00027169 -0.00242884 -0.00402656 0.000827678 0.000911443 0.000517574 9.4925e-05 -0.000134918 0.000171971 -0.000451189 -0.000190669 -0.0020056 0.000845743
internal_weight=562710 535698 27012 10255 129224 125620 73371 406474 204731 103908 100823 82507 7322 41562
internal_count=562710 535698 27012 10255 129224 125620 73371 406474 204731 103908 100823 82507 7322 41562
is_linear=0
shrinkage=0.05


Tree=57
num_leaves=15
num_cat=0
split_feature=8 0 0 7 8 3 9 3 5 7 7 7 4 7
split_gain=20.5591 11.7214 11.3772 10.633 9.59675 9.46677 7.17234 9.0625 6.14353 4.89389 4.29906 6.1253 4.25757 4.33041
threshold=1.1225942870000003 296.50000000000006 227.50000000000003 0.78832097300000015 0.71837815000000005 4.1628134100000009 27.500000000000004 -34.835440978999991 12.500000000000002 1.0111551690000002 1.0577672440000001 1.0181248685000004 0.96265768254312767 0.81411706250000015
decision_type=2 2 2 2 2 2 2 2 2 2 2 2 8 2
left_child=1 3 6 4 -1 9 -2 10 -7 12 11 -8 13 -5
right_child=2 -3 -4 5 -6 8 7 -9 -10 -11 -12 -13 -14 -15
leaf_value=-0.00014167059895422288 -0.00043577145945260568 -0.0087939719790798895 0.0064893815608336632 0.0012172029795958633 -0.0043907371595803173 -0.00026093664488158614 -0.0011153931539515461 0.0020385408139421564 0.0053434928242716449 0.0004648791164156509 0.0017104167203307351 -0.005767752353155936 -0.0030868985507744072 -0.0004554442023985499
leaf_weight=3118 54008 3255 38888 5834 3380 18918 11029 168001 26081 53051 5175 3231 18820 149851
leaf_count=3118 54008 3255 38888 5834 3380 18918 11029 168001 26081 53051 5175 3231 18820 149851
internal_value=0.000149295 -0.000151888 0.000452598 -0.000117063 -0.00211518 -6.93883e-05 0.000324748 0.000471028 0.000593225 -0.00020043 -0.000551054 -0.000998948 -0.000328276 -0.000242389
internal_weight=562640 282308 280332 279053 6498 272555 241444 187436 44999 227556 19435 14260 174505 155685
internal_count=562640 282308 280332 279053 6498 272555 241444 187436 44999 227556 19435 14260 174505 155685
is_linear=0
shrinkage=0.05


Tree=58
num_leaves=15
num_cat=0
split_feature=2 3 8 0 0 2 2 9 9 2 0 3 2 7
split_gain=65.1835 17.4782 17.3621 11.3658 10.2752 21.8459 9.28699 12.9486 8.23602 9.26458 8.50761 7.81961 7.46844 7.20577
threshold=7.5000000000000009 1.4848973000000003 0.98604826500000009 294.50000000000006 190.50000000000003 2.5000000000000004 8.5000000000000018 36.500000000000007 25.500000000000004 1.5000000000000002 250.50000000000003 22.559534021000005 3.5000000000000004 0.98040150950000016
decision_type=2 2 2 2 2 2 2 2 2 2 2 2 2 2
left_child=1 8 6 4 5 -3 -2 -8 13 -10 12 -7 -11 -1
right_child=2 3 -4 -5 -6 11 7 -9 9 10 -12 -13 -14 -15
leaf_value=-0.0014796581978528912 -0.0012117762310830855 0.0027866282732930802 -0.0047226720287751748 -0.014596695459897566 0.007226205513171241 -0.0015271641969519508 -0.00055548713380460131 -0.0021399371698294267 0.0023224050019654482 0.00059595506695111101 0.004794066189678774 -0.0066547256181293509 -0.00089631795735160944 0.00024055394614286079
leaf_weight=40778 14457 67668 3450 3053 57767 10527 6047 3098 72812 109304 26193 3190 95331 48896
leaf_count=40778 14457 67668 3450 3053 57767 10527 6047 3098 72812 109304 26193 3190 95331 48896
internal_value=0.000141008 0.000261982 -0.00225339 0.000737026 0.000803265 0.00044124 -0.00176833 -0.00301503 9.02195e-05 0.00021456 5.9437e-05 -0.0013779 -4.91717e-05 -0.000330791
internal_weight=562571 535519 27052 142205 139152 81385 23602 9145 393314 303640 230828 13717 204635 89674
internal_count=562571 535519 27052 142205 139152 81385 23602 9145 393314 303640 230828 13717 204635 89674
is_linear=0
shrinkage=0.05


Tree=59
num_leaves=15
num_cat=0
split_feature=3 0 9 8 7 0 8 3 8 8 7 0 9 3
split_gain=17.0859 12.616 9.25987 8.92689 5.87053 5.83424 6.42834 11.8847 5.38043 5.33112 4.50122 4.4404 3.95625 3.68505
threshold=3.5618966470000006 295.50000000000006 80.500000000000014 1.1225942870000003 0.78832097300000015 210.50000000000003 1.2940616880000002 25.804624848500001 0.72556869950000014 0.78664829850000018 1.0806154645000003 227.50000000000003 69.500000000000014 -41.55695567099999
decision_type=2 2 2 2 2 2 2 2 2 2 2 2 2 2
left_child=3 2 5 4 8 6 7 -2 -1 -7 -6 13 -12 -5
right_child=1 -3 -4 11 10 9 -8 -9 -10 -11 12 -13 -14 -15
leaf_value=-0.00020847897291221396 -9.4039470624766207e-05 -0.009474088066246375 0.0055954166703501146 -0.0018910026791840572 -0.00040643382213957472 -0.0015257330255078157 0.0029080765288859627 -0.0061423980324758877 -0.0038233452321132602 0.007705740880805648 0.0030018481651504412 0.0043149484900706463 -0.0026140391849494883 0.00062363570975410042
leaf_weight=3003 24241 3184 48747 11820 208427 4183 21192 3537 3073 23405 13376 18450 4962 170930
leaf_count=3003 24241 3184 48747 11820 208427 4183 21192 3537 3073 23405 13376 18450 4962 170930
internal_value=0.000140836 0.000647287 0.000726299 -9.09459e-06 -0.000219877 0.000383279 5.56407e-05 -0.000444696 -0.001753 0.000964737 -0.00017876 0.000234835 0.000572153 0.000160187
internal_weight=562530 128489 125305 434041 232841 76558 48970 27778 6076 27588 226765 201200 18338 182750
internal_count=562530 128489 125305 434041 232841 76558 48970 27778 6076 27588 226765 201200 18338 182750
is_linear=0
shrinkage=0.05


Tree=60
num_leaves=15
num_cat=0
split_feature=3 0 9 8 5 0 8 3 8 8 0 3 6 8
split_gain=17.2713 11.8612 8.79892 8.2785 7.27772 4.66585 7.09466 4.90511 4.77829 4.28378 3.9028 3.40589 3.01732 2.9836
threshold=1.9803193410000002 295.50000000000006 104.50000000000001 1.1225942870000003 4.5000000000000009 217.50000000000003 1.2378861385000002 24.697505713500004 1.1877000845000001 0.78664829850000018 230.50000000000003 -48.371526857499994 1.0000000180025095e-35 1.0332562620000003
decision_type=2 2 2 2 2 2 2 2 2 2 2 2 2 2
left_child=3 2 4 12 -2 6 7 8 -6 -7 11 -5 -1 -14
right_child=1 -3 -4 10 5 9 -8 -9 -10 -11 -12 -13 13 -15
leaf_value=-0.00020657586202155686 -0.0052698840921298297 -0.010132020339716271 0.0063849390595710036 -0.0026024761269345309 0.00067823815103480213 -0.0011047941341938477 0.0030827221990605293 -0.0046270892123284639 -0.0052004373159591638 0.0071291328664453372 0.0042329536116387147 0.00052646851333152918 -0.00043516790004732489 -0.002055747302505823
leaf_weight=158298 4125 3267 32230 6587 24983 4416 36061 4314 3815 28258 16184 169817 57313 12530
leaf_count=158298 4125 3267 32230 6587 24983 4416 36061 4314 3815 28258 16184 169817 57313 12530
internal_value=0.000134373 0.000612286 0.000682708 -2.63289e-05 0.000462648 0.000546062 0.000313431 -0.000214995 2.06576e-05 0.00103843 0.000215065 0.000146875 -0.000230105 -0.000503844
internal_weight=562198 141469 138202 420729 105972 101847 69173 33112 28798 32674 192588 176404 228141 69843
internal_count=562198 141469 138202 420729 105972 101847 69173 33112 28798 32674 192588 176404 228141 69843
is_linear=0
shrinkage=0.05


Tree=61
num_leaves=15
num_cat=0
split_feature=2 3 2 9 0 3 7 2 0 1 2 7 0 2
split_gain=53.0494 14.958 11.5438 15.2358 10.0057 9.12231 8.39531 9.92409 14.4555 12.8363 11.379 7.13361 6.91611 9.20403
threshold=7.5000000000000009 8.0655109535000022 8.5000000000000018 38.500000000000007 293.50000000000006 -39.375956203499989 0.85421943300000003 2.5000000000000004 246.50000000000003 217.50000000000003 1.0000000180025095e-35 1.1316016705000003 136.50000000000003 4.5000000000000009
decision_type=2 2 2 2 2 2 2 2 2 2 2 2 2 2
left_child=1 6 -2 5 -3 -4 -1 9 12 11 -11 -8 -9 -14
right_child=2 4 3 -5 -6 -7 7 8 -10 10 -12 -13 13 -15
leaf_value=-0.0014373806734175806 -0.0013781765057236158 0.0036281837247870551 -5.7441877137062372e-05 -0.0024765640676873758 -0.010261957425697445 -0.0014172207903827441 0.0034479671233701745 -0.001438565428144559 0.0044103264637926944 0.0019774875164009745 -0.00068919774619202213 -0.0044812711554815489 0.0010591284581924025 -0.0013160344448295115
leaf_weight=28956 16688 93509 3382 3482 3470 3255 74338 49464 37641 61676 63555 3019 68807 50776
leaf_count=28956 16688 93509 3382 3482 3470 3255 74338 49464 37641 61676 63555 3019 68807 50776
internal_value=0.000143935 0.00025266 -0.00202642 -0.0033586 0.000814542 -0.00195084 0.00012831 0.000186522 -5.72346e-05 0.000435208 0.000122389 0.00094158 -0.000254552 -4.88552e-05
internal_weight=562018 535211 26807 10119 96979 6637 438232 409276 206688 202588 125231 77357 169047 119583
internal_count=562018 535211 26807 10119 96979 6637 438232 409276 206688 202588 125231 77357 169047 119583
is_linear=0
shrinkage=0.05


Tree=62
num_leaves=15
num_cat=0
split_feature=2 8 0 2 0 0 0 2 8 2 7 8 1 9
split_gain=49.5456 17.9828 14.3217 25.3731 17.6541 11.6202 9.56804 11.2459 11.9091 8.29401 7.87634 7.20396 7.10545 6.89981
threshold=7.5000000000000009 0.85806767000000017 246.50000000000003 2.5000000000000004 159.50000000000003 295.50000000000006 110.50000000000001 4.5000000000000009 1.0364343765000001 5.5000000000000009 0.92610713900000008 0.97953936900000016 136.50000000000003 19.500000000000004
decision_type=2 2 2 2 2 2 2 2 2 2 2 2 2 2
left_child=2 -2 3 4 13 9 -5 10 -9 -4 11 -8 -13 -1
right_child=1 -3 5 6 -6 -7 7 8 -10 -11 -12 12 -14 -15
leaf_value=-0.00039728241040085224 -0.0006696925680548132 -0.003215475729745679 0.0089356128854357602 -0.0018549808460953346 0.0066719953357630953 -0.012712010546578223 0.00017678358765870896 -0.00029960657831907048 -0.0037471008410245345 0.0018492536148571445 0.0013115009397274978 -0.0021361923087049703 -0.0055666611263216603 0.0013043672538109547
leaf_weight=52772 19422 7454 37694 32363 33546 3230 11787 42053 21061 29008 86675 4860 3038 177326
leaf_count=52772 19422 7454 37694 32363 33546 3230 11787 42053 21061 29008 86675 4860 3038 177326
internal_value=0.000137513 -0.00195714 0.000242675 0.000142437 0.000465429 0.000909819 -0.000279464 -0.000129013 -0.000657726 0.00105169 0.000184741 -0.000718004 -0.00188599 0.000309188
internal_weight=562289 26876 535413 465481 263644 69932 201837 169474 63114 66702 106360 19685 7898 230098
internal_count=562289 26876 535413 465481 263644 69932 201837 169474 63114 66702 106360 19685 7898 230098
is_linear=0
shrinkage=0.05


Tree=63
num_leaves=15
num_cat=0
split_feature=2 7 0 2 0 0 2 9 0 2 9 4 2 0
split_gain=41.878 13.1913 12.3126 23.4433 16.8274 12.1818 11.7808 10.0694 9.65643 9.12284 14.3289 8.92418 8.79632 6.69809
threshold=7.5000000000000009 0.85421943300000003 242.50000000000003 3.5000000000000004 150.50000000000003 295.50000000000006 1.5000000000000002 20.500000000000004 80.500000000000014 8.5000000000000018 38.500000000000007 0.83115096201880845 5.5000000000000009 271.50000000000006
decision_type=2 2 2 2 2 2 2 2 2 2 2 10 2 2
left_child=1 -1 3 4 6 12 7 -3 -8 -2 11 -11 -4 -14
right_child=9 2 5 -5 -6 -7 8 -9 -10 10 -12 -13 13 -15
leaf_value=-0.001597905463047054 -0.0011985673612226093 -0.00035587945628384244 0.008403133953703101 -0.0010031390249120567 0.0043877290602827908 -0.012933303289042681 -0.0018408574727897934 0.0023591094837262291 0.00036763300402127943 3.0937637246753953e-05 -0.0022955180295962888 -0.001436566975720772 -0.0013720486982879282 0.0074649324320716351
leaf_weight=30703 16651 43621 41289 112188 74080 3092 31987 105942 63451 3602 3565 3021 14717 14577
leaf_count=30703 16651 43621 41289 112188 74080 3092 31987 105942 63451 3602 3565 3021 14717 14577
internal_value=0.000144562 0.000241141 0.000302328 0.000200273 0.00041886 0.000899668 0.000219189 0.000496146 -0.00021484 -0.00178261 -0.00296086 -0.00158306 0.00103428 0.000371514
internal_weight=562486 535647 504944 431269 319081 73675 245001 149563 95438 26839 10188 6623 70583 29294
internal_count=562486 535647 504944 431269 319081 73675 245001 149563 95438 26839 10188 6623 70583 29294
is_linear=0
shrinkage=0.05


Tree=64
num_leaves=15
num_cat=0
split_feature=2 0 2 0 8 0 2 0 8 2 8 3 7 3
split_gain=38.5068 13.5627 20.4296 15.7863 13.3631 13.3206 10.0771 8.77651 6.95912 6.22713 6.22445 6.03663 5.97965 5.78671
threshold=7.5000000000000009 255.50000000000003 3.5000000000000004 166.50000000000003 0.90963719900000017 295.50000000000006 1.5000000000000002 87.500000000000014 0.97202102300000015 5.5000000000000009 0.70998993300000013 -4.8781612569999995 0.85421943300000003 -29.488073180999997
decision_type=2 2 2 2 2 2 2 2 2 2 2 2 2 2
left_child=1 2 3 6 13 9 8 11 10 -3 -1 -8 -12 -2
right_child=4 5 -4 -5 -6 -7 7 -9 -10 -11 12 -13 -14 -15
leaf_value=0.0038204296311306835 -0.00032048711479932152 0.0094963132786535578 -0.00089046496133786445 0.0045262389425142968 -0.0033560516141148198 -0.01231785525531397 -0.00087435907430170705 0.00037624575644089922 0.0019946826900445864 0.0028434799237638145 -0.0036344891505602711 -0.0043711212271040729 -0.00019191541928706548 -0.0014186392225206599
leaf_weight=4042 14404 27986 135850 62919 5289 3236 29851 75916 131007 24534 6083 10987 23349 7288
leaf_count=4042 14404 27986 135850 62919 5289 3236 29851 75916 131007 24534 6083 10987 23349 7288
internal_value=0.000132835 0.000225659 0.000139914 0.000344855 -0.00171005 0.000963756 0.000184673 -0.000170565 0.000436831 0.00115564 -0.000206547 -0.000761575 -0.000459286 -0.00116007
internal_weight=562741 535760 480004 344154 26981 55756 281235 116754 164481 52520 33474 40838 29432 21692
internal_count=562741 535760 480004 344154 26981 55756 281235 116754 164481 52520 33474 40838 29432 21692
is_linear=0
shrinkage=0.05


Tree=65
num_leaves=15
num_cat=0
split_feature=9 3 0 8 7 7 7 8 0 8 0 7 4 8
split_gain=12.5501 13.2562 7.49428 6.16806 5.81441 8.51535 5.07716 4.82509 3.54359 3.42061 3.41432 3.04813 3.03809 3.49551
threshold=22.500000000000004 8.507209759000002 292.50000000000006 1.2696406140000003 0.94139884600000012 0.91902596600000008 0.98183510250000017 1.2249836110000001 231.50000000000003 1.1110002205 228.50000000000003 0.78832097300000015 0.98809133141531003 1.4749027730000002
decision_type=2 2 2 2 2 2 2 2 2 2 2 2 10 2
left_child=6 3 4 11 5 -3 7 9 -6 -1 12 -2 13 -5
right_child=1 2 -4 10 8 -7 -8 -9 -10 -11 -12 -13 -14 -15
leaf_value=-0.00098107118792168236 -0.0021912401719289222 0.0025391632629386189 -0.0069670529114963997 0.0017364958838281524 0.00281276289187788 -0.007410750291084023 -0.00014862123016937259 -0.0047018759760271674 0.0084183823384567976 0.0013049278702139545 0.0049516613289346161 1.1585469546108666e-05 0.0029187466699661714 -0.00068345584823249891
leaf_weight=37161 4710 6194 3157 47606 49043 3129 60303 5333 23469 5541 9443 257659 21064 29165
leaf_count=37161 4710 6194 3157 47606 49043 3129 60303 5333 23469 5541 9443 257659 21064 29165
internal_value=0.000126811 0.000242052 0.000805087 0.000112586 0.00089733 -0.000277927 -0.000356783 -0.000740268 0.00104844 -0.000563022 0.000431988 -1.80181e-05 0.000344312 0.000198337
internal_weight=562977 454639 84992 369647 81835 9323 108338 48035 72512 42702 107278 262369 97835 76771
internal_count=562977 454639 84992 369647 81835 9323 108338 48035 72512 42702 107278 262369 97835 76771
is_linear=0
shrinkage=0.05


Tree=66
num_leaves=15
num_cat=0
split_feature=2 8 1 2 1 1 2 1 3 3 2 1 3 1
split_gain=30.8445 13.4164 11.364 20.9179 14.1355 10.6867 9.18101 9.23227 8.4643 8.99541 7.05492 12.9233 6.02681 6.87663
threshold=7.5000000000000009 0.94585147200000008 66.500000000000014 2.5000000000000004 139.50000000000003 4.5000000000000009 4.5000000000000009 28.500000000000004 21.615289608000001 34.022835308000005 1.0000000180025095e-35 226.50000000000003 -30.694459927499995 22.500000000000004
decision_type=2 2 2 2 2 2 2 2 2 2 2 2 2 2
left_child=2 12 5 4 -4 -1 -7 -8 -5 -10 -6 -12 -2 -14
right_child=1 -3 3 8 10 6 7 -9 9 -11 11 -13 13 -15
leaf_value=-0.012102419058746405 -0.00025786682985464121 -0.003664027299583629 0.0060701886649063841 -0.00055065937574878549 0.0018937535887931626 0.0073854807110769471 0.0078761333640455979 -0.00031168610011814558 -0.0066932056769445115 -0.00071566518409576444 0.0015383016561292936 -0.0011309930938923772 -0.00090116727825116606 -0.0017895856459731836
leaf_weight=3250 14800 4295 30941 174353 83645 31964 22183 33931 4217 3901 81283 65750 4650 3246
leaf_count=3250 14800 4295 30941 174353 83645 31964 22183 33931 4217 3901 81283 65750 4650 3246
internal_value=0.000125748 -0.00152328 0.000208891 0.000104426 0.00039101 0.000716827 0.00082076 0.000435414 -0.000306465 -0.00188416 0.000256391 4.78278e-05 -0.00103784 -0.00215289
internal_weight=562409 26991 535418 444090 261619 91328 88078 56114 182471 8118 230678 147033 22696 7896
internal_count=562409 26991 535418 444090 261619 91328 88078 56114 182471 8118 230678 147033 22696 7896
is_linear=0
shrinkage=0.05


Tree=67
num_leaves=15
num_cat=0
split_feature=2 8 0 3 2 0 0 2 8 9 0 7 7 8
split_gain=27.0999 13.9634 12.793 12.7048 7.45721 9.22366 8.04376 6.31049 10.4821 6.1003 6.04667 5.16861 4.96652 4.9131
threshold=8.5000000000000018 0.82240954000000011 296.50000000000006 8.9560733950000024 1.5000000000000002 260.50000000000006 146.50000000000003 6.5000000000000009 1.0062346055000002 39.500000000000007 159.50000000000003 0.96947225100000012 0.94139884600000012 1.0976899235000002
decision_type=2 2 2 2 2 2 2 2 2 2 2 2 2 2
left_child=2 -2 3 4 6 7 11 10 -9 -5 -6 13 -11 -1
right_child=1 -3 -4 9 5 -7 -8 8 -10 12 -12 -13 -14 -15
leaf_value=-0.00088225942488863939 -0.0003930707593299581 -0.0022717863861975189 -0.010264775986921347 0.00020328089884137868 -0.00072166296194188463 0.003320969691394031 0.007727575266457877 -0.00060810023057230591 -0.003592563076157611 -0.0011481470415328789 0.00056362445188986503 0.0020804256717863309 0.0045011930665282305 0.0015901277471075427
leaf_weight=36924 7101 3081 3194 24324 135125 31409 7997 18101 3100 7369 122204 83141 61132 18482
leaf_count=36924 7101 3081 3194 24324 135125 31409 7997 18101 3100 7369 122204 83141 61132 18482
internal_value=0.000131263 -0.00242417 0.000178378 0.000196737 8.82992e-05 -5.06623e-05 0.000382193 -0.000142262 -0.000971305 0.000729963 -7.39408e-05 0.000293157 0.000971484 -8.09405e-05
internal_weight=562684 10182 552502 549308 456483 309939 146544 278530 21201 92825 257329 138547 68501 55406
internal_count=562684 10182 552502 549308 456483 309939 146544 278530 21201 92825 257329 138547 68501 55406
is_linear=0
shrinkage=0.05


Tree=68
num_leaves=15
num_cat=0
split_feature=3 0 5 0 8 8 9 6 4 8 8 8 8 3
split_gain=9.99124 6.79934 5.41783 5.58719 4.46529 4.45231 3.6379 3.5595 4.01374 4.12629 3.24863 5.40596 4.52392 3.03455
threshold=8.507209759000002 294.50000000000006 13.500000000000002 173.50000000000003 1.1225942870000003 0.82240954000000011 69.500000000000014 1.5000000000000002 0.62830301341610861 1.1877000845000001 1.5590782635000002 1.4625844395000003 1.2696406140000003 21.615289608000001
decision_type=2 2 2 2 2 2 2 2 10 2 2 2 2 2
left_child=4 2 5 6 -1 -2 -4 8 9 -6 11 12 -11 -7
right_child=1 -3 3 -5 7 13 -8 -9 -10 10 -12 -13 -14 -15
leaf_value=-0.00021896748509409229 -0.0023426851975298377 -0.0057500209221251755 -0.0013076611967627271 0.0077637436017103994 0.0020058346222396775 0.002192145128194985 0.0045965993046003474 -0.0030406568060915799 0.00096260156314968758 -0.003631277098381742 0.0032658341752907385 -0.0046255075496672926 0.00051980809761473722 -0.00052270078592089159
leaf_weight=244552 3039 3711 9875 32157 6582 23677 7314 3820 185688 7106 3193 3030 10768 17867
leaf_count=244552 3039 3711 9875 32157 6582 23677 7314 3820 185688 7106 3193 3030 10768 17867
internal_value=0.000124999 0.000584771 0.00066773 0.00102865 2.83974e-05 0.000268178 0.000300832 0.00019173 0.000218455 -0.000311319 -0.000614368 -0.000841264 -0.000509816 0.000403379
internal_weight=562379 97640 93929 49346 464739 44583 17189 220187 216367 30679 24097 20904 17874 41544
internal_count=562379 97640 93929 49346 464739 44583 17189 220187 216367 30679 24097 20904 17874 41544
is_linear=0
shrinkage=0.05


Tree=69
num_leaves=15
num_cat=0
split_feature=2 3 1 1 2 1 1 1 3 2 3 1 4 2
split_gain=23.1523 9.5312 15.7697 9.47642 15.7037 15.0756 9.33768 6.12581 7.71309 7.54401 8.01969 6.39242 8.72221 6.1082
threshold=7.5000000000000009 -35.753704462999998 40.500000000000007 44.500000000000007 2.5000000000000004 138.50000000000003 6.5000000000000009 162.50000000000003 -10.471956846499998 4.5000000000000009 -27.658250177499998 82.500000000000014 1.1230929956975975 5.5000000000000009
decision_type=2 2 2 2 2 2 2 2 2 2 2 2 10 2
left_child=3 -2 -3 6 5 -5 -1 9 -9 11 -11 -6 -13 -8
right_child=1 2 -4 4 7 -7 13 8 -10 10 -12 12 -14 -15
leaf_value=-0.0067921289150318868 -0.00030604323488588124 -0.0013760493114430975 -0.0024202739849101683 0.0058222237346908998 0.0036075817468306814 0.000598976310399922 0.0085023822125533215 -0.00059605985038648369 -0.0035779975339509384 -4.8919567360487873e-05 -0.0031057526728082516 0.00057411362788540796 -0.0054179837773470725 0.0021799638607793727
leaf_weight=5030 15479 8120 3409 33192 26358 231520 27213 41953 15052 40545 24696 61597 5057 23259
leaf_count=5030 15479 8120 3409 33192 26358 231520 27213 41953 15052 40545 24696 61597 5057 23259
internal_value=0.000116625 -0.00131159 -0.00239964 0.000188673 0.000117142 0.000375042 0.000807196 -0.000200011 -0.000644404 -3.99189e-05 -0.000452097 0.000249202 -1.14763e-05 0.00101195
internal_weight=562480 27008 11529 535472 479970 264712 55502 215258 57005 158253 65241 93012 66654 50472
internal_count=562480 27008 11529 535472 479970 264712 55502 215258 57005 158253 65241 93012 66654 50472
is_linear=0
shrinkage=0.05


Tree=70
num_leaves=15
num_cat=0
split_feature=2 7 0 2 0 2 3 7 7 3 0 4 4 0
split_gain=20.0024 9.62683 9.35926 18.4063 12.8961 9.22669 7.50953 7.44195 8.52481 7.29277 11.8455 6.52697 6.35786 6.19777
threshold=7.5000000000000009 0.85421943300000003 232.50000000000003 2.5000000000000004 154.50000000000003 3.5000000000000004 -24.513194511499997 1.0139059385000002 1.0422132035000002 -36.252343331499993 260.50000000000006 0.65526359383457844 1.0119899803150834 295.50000000000006
decision_type=2 2 2 2 2 2 2 2 2 2 2 10 8 2
left_child=1 12 3 4 11 -4 -5 -8 -9 -2 -11 -3 -1 -7
right_child=9 2 5 6 -6 13 7 8 -10 10 -12 -13 -14 -15
leaf_value=-0.00099763830258664077 -0.0002976185284094807 -0.00053460346927898398 0.0092194153621965955 0.00019828036378507645 0.0058062507060052289 0.0026114555536615037 -0.00255873231376871 0.0034948802589242901 -0.001254177743665353 -0.0022360759500524977 -0.0012473570449627513 0.0012819558120461679 -0.0073763025629749943 -0.009747034923342713
leaf_weight=27702 15298 47217 14335 80641 33410 72273 41692 9916 38058 3536 8056 164497 3030 3006
leaf_count=27702 15298 47217 14335 80641 33410 72273 41692 9916 38058 3536 8056 164497 3030 3006
internal_value=0.000123105 0.000189895 0.000242179 0.000142206 0.000419616 0.000705598 -0.000257072 -0.000571924 -0.000147252 -0.00120747 -0.00215314 0.00027553 -0.000669226 0.000484133
internal_weight=562667 535777 505045 415431 245124 89614 170307 89666 47974 26890 11592 211714 30732 75279
internal_count=562667 535777 505045 415431 245124 89614 170307 89666 47974 26890 11592 211714 30732 75279
is_linear=0
shrinkage=0.05


Tree=71
num_leaves=15
num_cat=0
split_feature=2 8 7 0 2 0 0 2 8 2 0 7 4 7
split_gain=19.0546 10.6336 9.20262 9.49044 15.4028 15.0989 8.46707 6.32145 6.0785 10.0662 8.45087 7.46246 7.01869 7.74773
threshold=7.5000000000000009 0.87212146900000009 0.85421943300000003 244.50000000000003 2.5000000000000004 158.50000000000003 295.50000000000006 5.5000000000000009 0.92000341650000006 4.5000000000000009 200.50000000000003 0.92610713900000008 0.80662055570968649 1.1376243515000002
decision_type=2 2 2 2 2 2 2 2 2 2 2 2 10 2
left_child=2 -2 -1 4 5 -4 7 -5 -6 10 11 -10 13 -11
right_child=1 -3 3 6 8 -7 -8 -9 9 12 -12 -13 -14 -15
leaf_value=-0.0015746079030322614 -0.00037966568695072997 -0.0023189910777129375 0.00070202606393441724 0.0069461352133753408 0.00069188375501176092 0.0059229845867099958 -0.010044968027808731 0.0014469917871104583 -0.0029825454162036597 -0.0016981175233433581 0.002482494527915598 -0.00052886692614109384 -0.0045721252072949276 0.0038858959354456028
leaf_weight=30512 20116 6758 214388 38995 40007 32893 3138 28398 8940 16061 29078 73342 16688 3390
leaf_count=30512 20116 6758 214388 38995 40007 32893 3138 28398 8940 16061 29078 73342 16688 3390
internal_value=0.000115442 -0.00118364 0.000180606 0.000231525 0.000144247 0.000403389 0.000769501 0.000887749 -0.000197508 -0.00034577 -0.000110448 -0.000369378 -0.00107079 -0.00042519
internal_weight=562704 26874 535830 505318 434787 247281 70531 67393 187506 147499 111360 82282 36139 19451
internal_count=562704 26874 535830 505318 434787 247281 70531 67393 187506 147499 111360 82282 36139 19451
is_linear=0
shrinkage=0.05


Tree=72
num_leaves=15
num_cat=0
split_feature=3 9 7 8 0 5 7 8 8 8 7 5 9 8
split_gain=9.3851 5.7526 4.57526 6.74253 4.41327 3.89133 4.61458 3.43606 3.62534 3.43796 4.12171 2.78723 2.75341 3.21445
threshold=9.8824658865000021 35.500000000000007 0.78832097300000015 0.73192466100000009 290.50000000000006 13.500000000000002 0.94139884600000012 1.7872796020000001 1.7038210695000002 1.5937806755000004 1.059107969 7.5000000000000009 24.500000000000004 1.2696406140000003
decision_type=2 2 2 2 2 2 2 2 2 2 2 2 2 2
left_child=2 11 3 -1 5 6 -3 8 9 12 -11 -2 -4 -14
right_child=1 4 7 -5 -6 -7 -8 -9 -10 10 -12 -13 13 -15
leaf_value=0.00030721213651876386 -0.0044817915742144561 -0.0064453983115364726 -0.00038658418688990029 -0.0036607151846037942 -0.0053145935496651357 0.0051186257053993794 0.0025498823248695963 0.0044833376370870251 -0.0024990527915890975 -0.0013080419102743795 0.0055353534437207865 0.00036896494647209455 -2.4457074910650735e-05 0.0012596885266442977
leaf_weight=3306 3390 3523 99726 3023 3140 35615 27072 5552 4154 4170 8684 18399 253042 88970
leaf_count=3306 3390 3523 99726 3023 3140 35615 27072 5552 4154 4170 8684 18399 253042 88970
internal_value=0.000109947 0.000574338 2.00104e-05 -0.00131473 0.000796987 0.000883863 0.00047018 3.82186e-05 2.3248e-05 3.66919e-05 0.000842601 -0.000134326 1.32317e-05 8.06393e-05
internal_weight=561766 91139 470627 6329 69350 66210 30595 464298 458746 454592 12854 21789 441738 342012
internal_count=561766 91139 470627 6329 69350 66210 30595 464298 458746 454592 12854 21789 441738 342012
is_linear=0
shrinkage=0.05


Tree=73
num_leaves=15
num_cat=0
split_feature=3 7 0 0 9 4 5 7 9 3 7 5 4 7
split_gain=8.50913 6.38507 4.68541 5.80748 4.37224 3.53375 3.53056 2.76957 2.48443 3.30116 3.46588 2.42448 2.32219 5.89849
threshold=34.022835308000005 0.78832097300000015 292.50000000000006 147.50000000000003 24.500000000000004 1.0232799018323331 10.500000000000002 1.1048457445000002 119.50000000000001 24.697505713500004 1.0806154645000003 12.500000000000002 0.53888793389148804 0.88936060600000011
decision_type=2 2 2 2 2 10 2 2 2 2 2 2 10 2
left_child=1 -1 3 -2 7 12 -5 -3 9 -7 11 -11 13 -6
right_child=2 4 -4 6 5 8 -8 -9 -10 10 -12 -13 -14 -15
leaf_value=-0.002475610345663808 -0.0037686018736294183 -0.00053809602443903061 -0.003228893249463394 7.6356905342883316e-05 0.001513060682123516 0.0012413017284198039 0.0097268541499861069 0.0012148794360406453 0.0042858382516090671 -0.005029975464679308 0.004884273473514552 -0.001294515733276324 0.000259831314390665 -0.0016174706899080835
leaf_weight=6640 3148 96231 3203 3993 3351 63878 19834 16334 13958 3132 3515 3681 309381 12122
leaf_count=6640 3148 96231 3203 3993 3351 63878 19834 16334 13958 3132 3515 3681 309381 12122
internal_value=0.0001042 5.78841e-05 0.000920883 0.00113556 7.73563e-05 0.000152643 0.00140221 -0.000198876 0.000433372 0.000318214 -0.000510984 -0.0011686 7.64486e-05 -0.000521224
internal_weight=562401 532223 30178 26975 525583 413018 23827 112565 88164 74206 10328 6813 324854 15473
internal_count=562401 532223 30178 26975 525583 413018 23827 112565 88164 74206 10328 6813 324854 15473
is_linear=0
shrinkage=0.05


Tree=74
num_leaves=15
num_cat=0
split_feature=5 0 7 4 0 4 4 9 7 0 8 7 4 7
split_gain=7.14782 6.19417 4.53092 4.29957 5.21113 4.0898 4.79999 4.06594 3.97159 3.85413 3.5738 3.31637 3.28217 8.23525
threshold=13.500000000000002 296.50000000000006 1.0822116270000002 1.0478501271506349 173.50000000000003 0.80662055570968649 0.94066563153759264 22.500000000000004 1.1082971910000003 154.50000000000003 1.2341656950000002 0.78832097300000015 0.52993878741243083 0.89312007900000012
decision_type=2 2 2 10 2 8 8 2 2 2 2 2 10 2
left_child=2 3 7 -2 -5 -4 8 10 -7 -10 -1 -9 13 -13
right_child=1 -3 5 4 -6 6 -8 11 9 -11 -12 12 -14 -15
leaf_value=-0.00032608597753824143 0.00058146939721583448 -0.0061409351105522281 0.0030826735416804515 0.00091990102088067348 0.0063993830830402169 0.0028574865104927551 0.0019228303547364539 -0.0022676702515051889 -0.0060884984685563538 -0.00047403725778450198 -0.002611986353444673 0.0018470711338485016 0.00021601990013701405 -0.0019504229081927554
leaf_weight=58665 70696 3114 25652 26505 32243 5490 32219 4423 5794 6488 16572 3504 260235 10474
leaf_count=58665 70696 3114 25652 26505 32243 5490 32219 4423 5794 6488 16572 3504 260235 10474
internal_value=0.000112769 0.000433718 1.3713e-05 0.000486755 0.000802853 0.000364947 0.000101558 -6.137e-05 -0.000558024 -0.00105762 -0.000387516 2.67011e-05 4.86201e-05 -0.000697633
internal_weight=562074 132558 429516 129444 58748 75643 49991 353873 17772 12282 75237 278636 274213 13978
internal_count=562074 132558 429516 129444 58748 75643 49991 353873 17772 12282 75237 278636 274213 13978
is_linear=0
shrinkage=0.05


Tree=75
num_leaves=15
num_cat=0
split_feature=7 3 8 7 8 9 7 8 8 7 9 7 7 9
split_gain=7.28114 7.20469 6.48784 4.39378 7.32676 4.32823 3.46554 4.38799 5.56993 5.75742 4.05035 3.7585 8.33473 3.39306
threshold=0.96851606650000011 30.811094635500002 1.4685740130000002 0.78832097300000015 0.71837815000000005 114.50000000000001 0.96076820850000011 1.1225942870000003 1.0238803150000002 0.86522126300000013 17.500000000000004 0.92509244750000008 0.93303209350000016 33.500000000000007
decision_type=2 2 2 2 2 2 2 2 2 2 2 2 2 2
left_child=2 5 3 4 -1 -2 7 8 -5 -10 -9 -11 -13 -3
right_child=1 13 -4 6 -6 -7 -8 10 9 11 -12 12 -14 -15
leaf_value=0.00042259557294463992 0.00031382017587269008 0.00063397437261434545 -0.0041211371103774532 6.7394173786305888e-05 -0.0036265205007168992 0.0026833871519683222 -0.001280524563928884 -0.0021081655048430527 -0.0057169780700763928 0.00037593710501541641 0.0016076839474447871 -0.0043252826493281084 -0.00071486909392547431 0.0069312355717830593
leaf_weight=3193 288035 6851 3067 111046 3434 35549 16774 4556 3153 11449 39096 3297 10217 22488
leaf_count=3193 288035 6851 3067 111046 3434 35549 16774 4556 3153 11449 39096 3297 10217 22488
internal_value=0.000111369 0.000249931 -0.000122296 -8.83158e-05 -0.00135442 0.000181897 -4.6244e-05 1.68747e-05 -0.000120323 -0.000748906 0.000454223 -0.000494333 -0.00105888 0.00100012
internal_weight=562205 352923 209282 206215 6627 323584 199588 182814 139162 28116 43652 24963 13514 29339
internal_count=562205 352923 209282 206215 6627 323584 199588 182814 139162 28116 43652 24963 13514 29339
is_linear=0
shrinkage=0.05


Tree=76
num_leaves=15
num_cat=0
split_feature=2 0 2 0 0 0 3 2 0 3 7 7 7 7
split_gain=16.7671 11.2109 11.2824 11.3113 7.41888 6.85194 12.3143 6.47667 10.4182 5.32438 6.37621 9.08956 5.97823 4.81492
threshold=6.5000000000000009 250.50000000000003 2.5000000000000004 157.50000000000003 292.50000000000006 269.50000000000006 -18.811598624499997 1.0000000180025095e-35 73.500000000000014 -24.513194511499997 1.0139059385000002 1.0422132035000002 1.1376243515000002 1.0435299190000003
decision_type=2 2 2 2 2 2 2 2 2 2 2 2 2 2
left_child=1 2 3 7 -3 6 -2 13 -9 12 -11 -12 -4 -1
right_child=5 4 9 -5 -6 -7 -8 8 -10 10 11 -13 -14 -15
leaf_value=0.00059145040167726337 -0.00061671489713643012 0.00563659443149684 -4.7091344872984852e-05 0.0046396302743802569 -0.0082583290844551425 -0.00012223005470325356 -0.0035798456741316896 -0.0011102911629351877 0.0012180307178395263 -0.002138599183631558 0.0035664932571170694 -0.00095452621367040887 0.0052906898612541326 0.0050481123162297841
leaf_weight=54968 25767 45953 83819 35483 4053 21453 4885 65359 79570 49452 11391 44605 7156 28692
leaf_count=54968 25767 45953 83819 35483 4053 21453 4885 65359 79570 49452 11391 44605 7156 28692
internal_value=8.88981e-05 0.000176105 9.88871e-05 0.000312333 0.000887105 -0.000765448 -0.00124507 0.000183393 -1.88188e-05 -0.000188071 -0.00042986 -6.44631e-05 9.21907e-05 0.000533676
internal_weight=562606 510501 460495 264072 50006 52105 30652 228589 144929 196423 105448 55996 90975 83660
internal_count=562606 510501 460495 264072 50006 52105 30652 228589 144929 196423 105448 55996 90975 83660
is_linear=0
shrinkage=0.05


Tree=77
num_leaves=15
num_cat=0
split_feature=2 0 2 0 8 2 0 2 4 7 8 8 7 7
split_gain=14.0296 10.5079 12.6152 11.0899 9.72361 7.07721 4.83648 8.22496 7.94459 7.54845 7.70703 7.50384 6.42816 5.26043
threshold=6.5000000000000009 233.50000000000003 1.5000000000000002 133.50000000000003 1.0206992475000003 3.5000000000000004 91.500000000000014 3.5000000000000004 0.89505009979306605 1.0139059385000002 0.92615757350000016 0.98237945300000018 1.0577672440000001 0.84708166850000011
decision_type=2 2 2 2 2 2 2 2 10 2 2 2 2 2
left_child=1 2 3 -1 -2 -3 -4 13 11 10 -10 -9 -13 -8
right_child=4 5 6 -5 -6 -7 7 8 9 -11 -12 12 -14 -15
leaf_value=0.00077758139800914968 -0.00039367632404082431 0.0077828832026699615 -0.0012305865312080382 0.0055145726833731139 -0.0036910580848930051 0.0023139480336764441 -0.0034414789808113015 0.00098710478312326322 -0.00020169957572990641 -0.0012554279904724922 -0.0077515074965220912 -0.0020537844847427836 0.001532399454083003 0.0010650100303291716
leaf_weight=154477 45861 14206 50651 18745 6250 60671 5508 29536 3075 15985 7372 25854 12048 112387
leaf_count=154477 45861 14206 50651 18745 6250 60671 5508 29536 3075 15985 7372 25854 12048 112387
internal_value=0.000100803 0.000180576 8.65273e-05 0.000417689 -0.000680645 0.000727712 -0.000132078 -2.7093e-05 -0.000376298 -0.00111094 -0.00215581 -8.82967e-05 -0.000553855 0.000250954
internal_weight=562626 510515 435638 173222 52111 74877 262416 211765 93870 26432 10447 67438 37902 117895
internal_count=562626 510515 435638 173222 52111 74877 262416 211765 93870 26432 10447 67438 37902 117895
is_linear=0
shrinkage=0.05


Tree=78
num_leaves=15
num_cat=0
split_feature=2 8 0 2 1 0 2 0 3 2 8 3 0 0
split_gain=12.3748 8.3345 7.31645 11.7776 11.054 7.4788 7.20152 9.33365 7.02658 6.01908 5.7572 5.53365 5.15985 4.57069
threshold=7.5000000000000009 0.85806767000000017 257.50000000000006 3.5000000000000004 125.50000000000001 295.50000000000006 1.0000000180025095e-35 80.500000000000014 -40.452933874999992 1.5000000000000002 0.93179116150000019 -15.181923988499998 208.50000000000003 12.500000000000002
decision_type=2 2 2 2 2 2 2 2 2 2 2 2 2 2
left_child=2 -2 3 4 -1 -4 13 -8 -3 10 -9 -5 -13 -6
right_child=1 8 5 11 6 -7 7 9 -10 -11 -12 12 -14 -15
leaf_value=0.003549036698273598 -0.00026170249443046412 -0.00049378463452190544 0.0045811916963467625 -0.00019557495463959666 -0.00028044582609996457 -0.0086521035722101416 -0.0010114558961859062 -0.0032107263704320233 -0.0042194650191087106 5.7740062617365455e-05 0.0035704560469721107 -0.0035392777173895748 -0.00068065205546226533 0.0022479430234662165
leaf_weight=54918 19510 3785 49403 97958 22698 3239 83186 4203 3635 88610 29559 20162 20664 61386
leaf_count=54918 19510 3785 49403 97958 22698 3239 83186 4203 3635 88610 29559 20162 20664 61386
internal_value=9.44005e-05 -0.000951364 0.000146952 8.59835e-05 0.000242625 0.000706688 0.0001193 -4.01579e-05 -0.0023771 0.000237626 0.000805668 -0.000302906 -0.000791923 0.000509104
internal_weight=562916 26930 535986 483344 344560 52642 289642 205558 7420 122372 33762 138784 40826 84084
internal_count=562916 26930 535986 483344 344560 52642 289642 205558 7420 122372 33762 138784 40826 84084
is_linear=0
shrinkage=0.05


Tree=79
num_leaves=15
num_cat=0
split_feature=2 1 2 1 1 2 1 9 1 4 2 9 7 9
split_gain=11.9517 9.58373 9.95856 11.2759 7.13107 5.88843 6.78977 4.94872 4.70433 6.48414 7.55695 3.98216 3.93886 3.8511
threshold=6.5000000000000009 66.500000000000014 1.5000000000000002 167.50000000000003 8.5000000000000018 3.5000000000000004 28.500000000000004 19.500000000000004 20.500000000000004 0.86918173052898495 7.5000000000000009 17.500000000000004 1.0790547505000003 97.500000000000014
decision_type=2 2 2 2 2 2 2 2 2 10 2 2 2 2
left_child=1 4 3 -3 -1 -6 -7 -5 -2 -10 -11 -8 13 -9
right_child=8 2 -4 7 5 6 11 12 9 10 -12 -13 -14 -15
leaf_value=-0.0074804020846109282 0.00017290488489932543 0.004970457892840399 -0.00033840134267122348 -0.00059773624981060631 0.0072257366640823039 0.008638511799760629 -0.004251258927495713 0.00093583916301337271 -0.00047183095001531198 -0.0017603515976787687 -0.0025074390558733404 0.0015403119650617796 0.0045552152662277348 -0.0017864481996005524
leaf_weight=4737 15553 19240 262417 44639 13889 16867 3206 80312 27225 5733 3745 36213 21402 7251
leaf_count=4737 15553 19240 262417 44639 13889 16867 3206 80312 27225 5733 3745 36213 21402 7251
internal_value=7.70269e-05 0.000150795 6.08881e-05 0.000355571 0.000673145 0.000799907 0.000572294 0.000212618 -0.000643118 -0.000951904 -0.00207793 0.000213005 0.00039426 0.000245609
internal_weight=562429 510173 435261 172844 74912 70175 56286 153604 52256 36703 9478 39419 108965 87563
internal_count=562429 510173 435261 172844 74912 70175 56286 153604 52256 36703 9478 39419 108965 87563
is_linear=0
shrinkage=0.05


Tree=80
num_leaves=15
num_cat=0
split_feature=2 1 2 1 3 3 1 2 1 3 1 2 1 3
split_gain=11.0593 8.0661 9.3313 8.13141 6.92544 7.19094 5.83123 5.19563 8.58818 4.34189 6.05921 4.28256 5.33818 4.15641
threshold=6.5000000000000009 62.500000000000007 2.5000000000000004 136.50000000000003 21.615289608000001 34.022835308000005 6.5000000000000009 1.0000000180025095e-35 224.50000000000003 -50.778961037999991 24.500000000000004 3.5000000000000004 28.500000000000004 -18.531349497499995
decision_type=2 2 2 2 2 2 2 2 2 2 2 2 2 2
left_child=1 6 3 -3 -4 -6 -1 -5 -9 -2 -11 -8 -13 -12
right_child=9 2 4 7 5 -7 11 8 -10 10 13 12 -14 -15
leaf_value=-0.008139062691906911 2.7388212518594939e-05 0.0042126888781411657 -0.00031774657244280392 0.0014320645886028477 -0.0057212970674160989 -0.00040107914701315023 0.0073965971475993099 0.0011474997661060444 -0.0009221971521508383 -0.00027211888732487217 -0.00078453793508682804 0.0076342686147889225 0.00099236575918087229 -0.002730109897190441
leaf_weight=3381 17271 29778 170351 83769 4456 4192 12030 81043 68165 14640 14627 17982 35295 5860
leaf_count=3381 17271 29778 170351 83769 4456 4192 12030 81043 68165 14640 14627 17982 35295 5860
internal_value=9.05223e-05 0.000161535 8.31563e-05 0.000272825 -0.000195261 -0.00157518 0.00066557 0.000173372 -3.5519e-06 -0.000601206 -0.000920315 0.000770417 0.000577916 -0.00147533
internal_weight=562840 510442 441754 262755 178999 8648 68688 232977 149208 52398 35127 65307 53277 20487
internal_count=562840 510442 441754 262755 178999 8648 68688 232977 149208 52398 35127 65307 53277 20487
is_linear=0
shrinkage=0.05


Tree=81
num_leaves=15
num_cat=0
split_feature=2 7 7 3 8 2 2 3 8 8 8 8 9 4
split_gain=9.23702 7.70755 9.52282 7.07452 6.58119 6.35797 5.79313 5.4379 6.04524 5.584 5.39041 12.1241 5.24811 4.68875
threshold=5.5000000000000009 0.96851606650000011 0.95974503000000011 30.811094635500002 0.96453025450000018 7.5000000000000009 1.5000000000000002 23.614349184500004 1.1051875755000002 1.0238803150000002 1.1771284785000002 1.1901829620000004 82.500000000000014 1.2974016851685504
decision_type=2 2 2 2 2 2 2 2 2 2 2 2 2 10
left_child=1 2 7 6 -2 -6 12 8 9 -1 -8 -12 -3 -5
right_child=4 3 -4 13 5 -7 10 -9 -10 -11 11 -13 -14 -15
leaf_value=0.00015811792446813037 -0.00011406519779794014 0.0012360129554224489 -0.002872071103380773 0.0093865859302470506 -0.0020572907543118602 -0.0027247583307356666 0.0011567738708993653 -0.0060959135926378525 0.0014400925185914411 -0.0017815872521207725 -0.0052634796419853552 -0.00011818012936268975 0.0041568713563193598 0.0022684965726371136
leaf_weight=81327 64481 84861 16690 14286 21157 3824 67275 4822 45486 22292 3628 100402 21189 10462
leaf_count=81327 64481 84861 16690 14286 21157 3824 67275 4822 45486 22292 3628 100402 21189 10462
internal_value=9.42836e-05 0.000182453 -8.61993e-05 0.000334177 -0.000371589 -0.00106049 0.000261889 3.68183e-05 9.02858e-05 -0.000120652 8.20881e-05 -0.000143461 0.000552308 0.0011441
internal_weight=562182 472720 170617 302103 89462 24981 277355 153927 149105 103619 171305 104030 106050 24748
internal_count=562182 472720 170617 302103 89462 24981 277355 153927 149105 103619 171305 104030 106050 24748
is_linear=0
shrinkage=0.05


Tree=82
num_leaves=15
num_cat=0
split_feature=2 0 2 0 8 2 0 7 2 7 8 7 4 9
split_gain=9.24942 9.21604 8.60332 10.7732 7.04783 6.34238 7.45425 5.12562 5.17092 4.37997 4.17396 7.69418 9.4948 5.9493
threshold=5.5000000000000009 215.50000000000003 1.5000000000000002 129.50000000000003 0.89797301150000008 7.5000000000000009 268.50000000000006 0.85730083450000005 3.5000000000000004 1.0774303530000002 0.93791208450000008 0.89684266700000015 0.82897834245138802 56.500000000000007
decision_type=2 2 2 2 2 2 2 2 2 2 2 2 10 2
left_child=1 2 3 9 -2 6 -6 -3 -9 -1 -4 12 13 -12
right_child=4 7 10 -5 5 -7 -8 8 -10 -11 11 -13 -14 -15
leaf_value=0.0001638490174329062 -3.0152820323036796e-05 -0.0048597219687218892 0.00087282679202777328 0.004544339614566963 -0.0024881544757010886 -0.0022116962220999313 0.0037309504840626843 0.0052924551231828794 0.0021103678808707719 0.0034577358805543651 -0.002818885099130163 -0.00032992119976832412 -0.0051847111798452566 0.0024038361695384305
leaf_weight=120951 55382 3006 37889 19191 19860 5732 8576 24316 51750 31434 4411 170444 4862 4349
leaf_count=120951 55382 3006 37889 19191 19860 5732 8576 24316 51750 31434 4411 170444 4862 4349
internal_value=8.59768e-05 0.000174262 7.52854e-05 0.00034118 -0.000379934 -0.000944605 -0.000638515 0.000666818 0.000746868 0.000200555 -0.00013026 -0.000228635 -0.00137191 -0.000387906
internal_weight=562153 472603 393531 171576 89550 34168 28436 79072 76066 152385 221955 184066 13622 8760
internal_count=562153 472603 393531 171576 89550 34168 28436 79072 76066 152385 221955 184066 13622 8760
is_linear=0
shrinkage=0.05


Tree=83
num_leaves=15
num_cat=0
split_feature=2 0 2 0 8 0 0 2 4 4 7 8 7 0
split_gain=8.38459 8.07736 7.51416 10.4219 7.3833 5.15891 4.73021 6.58017 5.57694 5.43821 7.00337 9.19271 5.43403 5.04827
threshold=6.5000000000000009 250.50000000000003 1.5000000000000002 134.50000000000003 1.0206992475000003 291.50000000000006 95.500000000000014 3.5000000000000004 0.98546653314373411 0.89944232765245691 1.0139059385000002 1.1599250645000001 0.84708166850000011 201.50000000000003
decision_type=2 2 2 2 2 2 2 2 10 10 2 2 2 2
left_child=1 2 3 -1 -2 -3 8 12 -4 -9 11 -11 -8 -14
right_child=4 5 6 -5 -6 -7 7 9 -10 10 -12 -13 13 -15
leaf_value=0.00052049342206098882 -0.00032272116618556725 0.0046428225309907553 -0.00061368851410382379 0.0044636406747549642 -0.0032648945885961223 -0.0058205129534755493 -0.003039762623355874 -8.2133880543036904e-05 -0.0040469755436231122 -0.0033393046155424707 -0.00061085617074140507 -0.0078564627495890695 0.00050034652170324867 0.003583185381992364
leaf_weight=154645 45832 45365 46537 18959 6273 4691 5313 75998 9004 10430 21110 3053 90271 24466
leaf_count=154645 45832 45365 46537 18959 6273 4691 5313 75998 9004 10430 21110 3053 90271 24466
internal_value=6.70298e-05 0.000128774 6.31048e-05 0.000322622 -0.000537085 0.000731907 -9.43264e-05 5.43046e-06 -0.000508542 -0.000272817 -0.000792459 -0.00168242 0.000261755 0.000334163
internal_weight=561947 509842 459786 173604 52105 50056 286182 230641 55541 110591 34593 13483 120050 114737
internal_count=561947 509842 459786 173604 52105 50056 286182 230641 55541 110591 34593 13483 120050 114737
is_linear=0
shrinkage=0.05


Tree=84
num_leaves=15
num_cat=0
split_feature=2 0 0 4 2 0 2 7 0 2 0 9 5 7
split_gain=8.25179 11.651 7.29009 10.7838 6.63488 7.93362 6.25771 5.56651 4.52443 6.08075 4.49153 4.43383 4.35046 4.24867
threshold=4.5000000000000009 198.50000000000003 270.50000000000006 0.79993478950253138 1.5000000000000002 129.50000000000003 7.5000000000000009 1.1376243515000002 296.50000000000006 8.5000000000000018 191.50000000000003 18.500000000000004 9.5000000000000018 0.97161239850000014
decision_type=2 2 2 10 2 2 2 2 2 2 2 2 2 2
left_child=1 4 3 7 5 11 10 13 9 -4 12 -1 -5 -2
right_child=2 -3 8 6 -6 -7 -8 -9 -10 -11 -12 -13 -14 -15
leaf_value=-0.00056326254723524022 0.00032739551640339972 0.0031082295335727907 0.00400151346744472 -0.0015464527060974622 -0.00034617506564834348 0.0041174795233369253 -0.0017396335448346568 0.0036760959126989215 -0.0031018774871746637 -0.00066750405463119407 -0.0017980834989502884 0.0010312141869864746 -0.0051307512339668297 -0.00091989470864002056
leaf_weight=42640 25257 70787 30393 5761 178547 17648 4815 4595 3666 4211 36823 109896 3610 23762
leaf_count=42640 25257 70787 30393 5761 178547 17648 4815 4595 3666 4211 36823 109896 3610 23762
internal_value=8.97512e-05 0.000201527 -0.000238404 -0.000454396 8.28063e-05 0.000306189 -0.000974781 4.07505e-05 0.000352058 0.000529053 -0.000795796 0.000190047 -0.00177288 -0.000115301
internal_weight=562411 419518 142893 104623 348731 170184 51009 53614 38270 34604 46194 152536 9371 49019
internal_count=562411 419518 142893 104623 348731 170184 51009 53614 38270 34604 46194 152536 9371 49019
is_linear=0
shrinkage=0.05


Tree=85
num_leaves=15
num_cat=0
split_feature=3 7 8 5 0 8 7 8 4 8 4 3 9 8
split_gain=6.67715 4.50251 5.3856 3.54939 3.09722 2.92354 5.39162 5.99227 8.30377 4.60615 5.58944 3.33371 3.69693 4.02325
threshold=34.022835308000005 0.78832097300000015 0.71837815000000005 9.5000000000000018 291.50000000000006 1.5655814165000002 1.059107969 1.6144535160000002 0.96506206545356021 1.5369512295000003 0.86701966357285232 21.615289608000001 39.500000000000007 1.2625560610000002
decision_type=2 2 2 2 2 2 2 2 8 2 8 2 2 2
left_child=1 2 -1 -2 -5 9 7 -7 -9 11 -11 -3 -13 -14
right_child=3 5 -4 4 -6 6 -8 8 -10 10 -12 12 13 -15
leaf_value=0.00036726844742163384 -0.002284387668667016 0.00017227239980643723 -0.0034658592623996128 0.0063283900214549729 -0.0015404929769789726 0.0024577910161124343 0.0032700061191419066 -0.0054993518840744469 0.00079967878085140389 -0.0044104073803466048 -7.7800853898364811e-05 -0.0033918547282206337 0.0022526749350421688 -0.0037846389376930637
leaf_weight=3173 3697 464259 3477 22932 3528 4477 23895 3055 3030 3138 4535 4922 7935 6081
leaf_count=3173 3697 464259 3477 22932 3528 4477 23895 3055 3030 3138 4535 4922 7935 6081
internal_value=8.99867e-05 4.89538e-05 -0.00124343 0.000813689 0.00101644 6.53254e-05 0.00051049 -0.000430113 -0.00145115 3.40719e-05 -0.00118097 5.33784e-05 -0.00059679 -0.000182583
internal_weight=562134 531977 6650 30157 26460 525327 34457 10562 6085 490870 7673 483197 18938 14016
internal_count=562134 531977 6650 30157 26460 525327 34457 10562 6085 490870 7673 483197 18938 14016
is_linear=0
shrinkage=0.05


Tree=86
num_leaves=15
num_cat=0
split_feature=2 0 2 0 0 4 2 7 0 7 7 2 0 7
split_gain=7.01249 11.0561 6.69509 7.83247 6.46575 10.0783 6.2155 4.96046 4.5825 4.23613 4.19624 4.14015 6.25654 4.03062
threshold=4.5000000000000009 199.50000000000003 1.5000000000000002 129.50000000000003 269.50000000000006 0.79319409141496344 7.5000000000000009 1.1376243515000002 161.50000000000003 0.90579342850000011 0.97161239850000014 1.0000000180025095e-35 46.500000000000007 0.93676478250000017
decision_type=2 2 2 2 2 10 2 2 2 2 2 2 2 2
left_child=1 2 3 11 5 7 8 10 -7 -10 -2 -1 -13 -3
right_child=4 13 -4 -5 -6 6 -8 -9 9 -11 -12 12 -14 -15
leaf_value=0.0012259643528697965 0.00034037431960303355 -0.00039413470425638404 -0.00036038844524138988 0.0038338743737572189 0.00069377859327669484 -0.0040366280631906181 -0.0016589767730211234 0.0035699907065049833 -0.0042031809160077279 -0.0011861544236871895 -0.00086855964651176034 -0.0016420389037064742 0.00077013200474611212 0.0036369326932160929
leaf_weight=81817 24626 12266 179769 17724 39654 5009 4815 4449 4653 36996 22708 25602 45181 57065
leaf_count=81817 24626 12266 179769 17724 39654 5009 4815 4449 4653 36996 22708 25602 45181 57065
internal_value=7.83958e-05 0.000181461 6.7217e-05 0.000291847 -0.000224084 -0.000432496 -0.000927921 6.00043e-05 -0.000751238 -0.000579236 -9.00948e-05 0.000176272 -0.000103725 0.0007583
internal_weight=562334 419424 350093 170324 142910 103256 51473 51783 46658 41649 47334 152600 70783 69331
internal_count=562334 419424 350093 170324 142910 103256 51473 51783 46658 41649 47334 152600 70783 69331
is_linear=0
shrinkage=0.05


Tree=87
num_leaves=15
num_cat=0
split_feature=2 0 0 4 2 0 2 8 7 2 8 0 7 7
split_gain=7.08139 10.7077 5.53971 8.07296 5.47983 7.64985 6.87248 6.68457 4.86758 4.81599 5.13392 6.33735 5.20872 4.50768
threshold=4.5000000000000009 198.50000000000003 272.50000000000006 0.79319409141496344 1.0000000180025095e-35 75.500000000000014 1.5000000000000002 0.93179116150000019 1.0372488330000003 7.5000000000000009 1.0565169650000001 188.50000000000003 0.90851075150000005 1.1376243515000002
decision_type=2 2 2 10 2 2 2 2 2 2 2 2 2 2
left_child=1 4 3 13 8 -6 7 -7 -1 10 12 -12 -5 -2
right_child=2 -3 -4 9 5 6 -8 -9 -10 -11 11 -13 -14 -15
leaf_value=0.00029666821828928849 -0.0001485596668332721 0.0027625769909327327 0.00061680456709564116 -0.0039152409026362049 -0.0010204664870334525 -0.0033186515894190814 -0.00010178096942762181 0.0029163079150891723 0.0040626472912900493 -0.0015641531429413239 -0.0054595568231600089 -0.0029382554818351558 4.451357558007347e-06 0.0033050020845108914
leaf_weight=53381 47950 70769 35572 5496 77964 4828 146517 35187 31201 5328 3503 14610 25803 4472
leaf_count=53381 47950 70769 35572 5496 77964 4828 146517 35187 31201 5328 3503 14610 25803 4472
internal_value=7.08381e-05 0.00017427 -0.000233398 -0.00041286 6.05731e-05 -5.14553e-05 0.000122389 0.000703086 0.000410879 -0.000837519 -0.000683368 -0.00135321 -0.000295569 3.06141e-05
internal_weight=562581 419847 142734 107162 349078 264496 186532 40015 84582 54740 49412 18113 31299 52422
internal_count=562581 419847 142734 107162 349078 264496 186532 40015 84582 54740 49412 18113 31299 52422
is_linear=0
shrinkage=0.05


Tree=88
num_leaves=15
num_cat=0
split_feature=2 0 2 0 7 0 4 7 0 2 2 2 4 7
split_gain=6.21971 9.22279 5.78332 6.95732 4.61267 4.47081 7.66044 4.65162 4.38928 6.40993 4.14678 4.14048 3.88945 4.37599
threshold=4.5000000000000009 197.50000000000003 1.5000000000000002 129.50000000000003 0.93676478250000017 268.50000000000006 0.8044516516397241 1.1376243515000002 296.50000000000006 8.5000000000000018 2.5000000000000004 7.5000000000000009 1.1410550590833097 0.98877492950000012
decision_type=2 2 2 2 2 2 10 2 2 2 2 2 10 2
left_child=1 2 3 -1 -3 6 7 -2 9 -7 -6 -8 -4 -14
right_child=5 4 12 -5 10 8 11 -9 -10 -11 -12 -13 13 -15
leaf_value=0.00042617030396314152 -0.00014983724337570717 -0.00078800907747423948 -0.00017905323225573925 0.0035574403753429514 0.0059401633768172467 0.0030689801776635408 -0.0019365741796405673 0.0031931387043987801 -0.0026053772108668525 -0.00069452949652120148 0.0025339578678984023 -0.0014481252429465144 -0.0080185051670185869 -0.0014543448360322983
leaf_weight=152769 49520 12694 165091 17567 13073 32706 43577 4764 3694 4420 46343 4346 3041 9904
leaf_count=152769 49520 12694 165091 17567 13073 32706 43577 4764 3694 4420 46343 4346 3041 9904
internal_value=7.51934e-05 0.000172074 6.55325e-05 0.000273804 0.00068675 -0.000209621 -0.00038628 2.04462e-05 0.000232701 0.0003963 0.000871577 -0.000846947 -0.000133733 -0.000968147
internal_weight=563509 420482 348372 170336 72110 143027 102207 54284 40820 37126 59416 47923 178036 12945
internal_count=563509 420482 348372 170336 72110 143027 102207 54284 40820 37126 59416 47923 178036 12945
is_linear=0
shrinkage=0.05


Tree=89
num_leaves=15
num_cat=0
split_feature=3 2 1 4 9 4 2 7 8 8 1 2 7 9
split_gain=5.30041 5.92252 8.23123 6.60018 4.51727 3.46792 4.43567 3.45359 3.2932 5.57399 3.21525 3.57763 6.16189 4.32989
threshold=32.333658099500006 1.5000000000000002 148.50000000000003 1.1364379224557641 16.500000000000004 1.2974016851685504 5.5000000000000009 1.0853669085000002 1.3718212590000003 1.1771284785000002 224.50000000000003 3.5000000000000004 0.84708166850000011 70.500000000000014
decision_type=2 2 2 10 2 10 2 2 2 2 2 2 2 2
left_child=1 2 -1 10 -4 6 -2 -7 9 -5 11 12 -3 -13
right_child=5 3 4 8 -6 7 -8 -9 -10 -11 -12 13 -14 -15
leaf_value=0.0041343041142117929 0.0083011598664157662 -0.0028360025660558244 -0.00065315338095708799 -0.0018365990655251755 0.00098989568265347712 -0.0032715015704507309 -0.0009658694444662384 0.004504481429170838 -0.00022191087138212284 -0.0056336686976259584 -0.0010189447353552547 8.8693704320930882e-05 0.00094099280101726649 -0.0010958928123402064
leaf_weight=10971 15367 6481 38077 4411 119741 6384 4666 5868 4390 3710 31054 122117 120181 69304
leaf_count=10971 15367 6481 38077 4411 119741 6384 4666 5868 4390 3710 31054 122117 120181 69304
internal_value=7.98878e-05 4.20263e-05 0.000286577 -7.21133e-05 0.00019449 0.000701843 0.00110702 3.91614e-05 -0.00120026 -0.00179639 -3.16704e-05 1.57426e-05 0.000221881 -0.00012066
internal_weight=562722 530437 168789 361648 157818 32285 20033 12252 12511 8121 349137 318083 126662 191421
internal_count=562722 530437 168789 361648 157818 32285 20033 12252 12511 8121 349137 318083 126662 191421
is_linear=0
shrinkage=0.05


Tree=90
num_leaves=15
num_cat=0
split_feature=2 8 7 8 4 1 1 2 1 8 8 2 1 8
split_gain=5.39203 6.29412 5.30732 5.5438 4.96033 4.91489 7.5092 5.78905 9.31991 4.63089 6.17959 4.16716 7.91102 4.24812
threshold=7.5000000000000009 0.85806767000000017 0.85421943300000003 1.0238803150000002 0.77954135584568995 30.500000000000004 4.5000000000000009 3.5000000000000004 124.50000000000001 1.2273597760000001 1.2625560610000002 1.0000000180025095e-35 220.50000000000003 1.5440901695000002
decision_type=2 2 2 2 10 2 2 2 2 2 2 2 2 2
left_child=2 -2 3 -1 -3 6 -4 8 -7 -9 -11 -10 -13 -14
right_child=1 4 5 -5 -6 7 -8 9 11 10 -12 12 13 -15
leaf_value=-0.00063066606235648759 -7.2851265351984659e-05 -0.00025737148044945079 -0.0072728469929632502 -0.0034881406881056968 -0.0032678421930955829 0.0028979897551112584 0.005586335785802885 1.6404791845304073e-05 0.0012818363443030955 -0.0045103870496538984 -0.00099081651169097133 0.00073822520288801782 -0.0011960296966211073 0.0013340352269208943
leaf_weight=26940 19538 3475 3148 3832 3970 54632 30171 111575 78612 4691 28614 117930 66565 8881
leaf_count=26940 19538 3475 3148 3832 3970 54632 30171 111575 78612 4691 28614 117930 66565 8881
internal_value=8.21841e-05 -0.0006074 0.000116931 -0.000520518 -0.00184396 0.000155792 0.000742633 0.000114315 0.000230999 -0.000148739 -0.000666091 0.00011129 -1.34966e-05 -0.000413315
internal_weight=562574 26983 535591 30772 7445 504819 33319 471500 326620 144880 33305 271988 193376 75446
internal_count=562574 26983 535591 30772 7445 504819 33319 471500 326620 144880 33305 271988 193376 75446
is_linear=0
shrinkage=0.05


Tree=91
num_leaves=15
num_cat=0
split_feature=3 7 4 8 0 3 7 4 7 7 7 7 0 4
split_gain=5.52227 2.95754 5.82386 3.81412 8.59402 3.90942 3.32782 2.94064 3.79527 3.17939 3.62843 4.89248 2.89755 3.37999
threshold=32.333658099500006 0.85421943300000003 1.0119899803150834 0.91347224800000004 126.50000000000001 -54.930589709999992 0.86796959100000015 0.56144686605537431 1.1048457445000002 0.89312007900000012 0.97938431100000012 1.0544614520000002 292.50000000000006 1.2974016851685504
decision_type=2 2 8 2 2 2 2 10 2 2 2 2 2 10
left_child=1 2 3 5 -5 -1 -3 8 9 -8 -11 -12 13 -2
right_child=12 6 -4 4 -6 -7 7 -9 -10 10 11 -13 -14 -15
leaf_value=-0.0023089807677259457 0.0067356895974756891 0.0015299376334496576 -0.0059282830106360575 -0.0044150186472728436 0.0011743443173536617 0.00073872160751891768 0.00074013202867227691 0.00016938025088073926 0.0027306960812461811 -0.0024482520984651633 0.00054266236623981329 -0.002316108455672791 -0.0035279024182169189 0.00071820953014799813
leaf_weight=3134 17784 10812 3020 5142 4297 17458 4073 443767 4381 16007 13642 4338 3323 11171
leaf_count=3134 17784 10812 3020 5142 4297 17458 4073 443767 4381 16007 13642 4338 3323 11171
internal_value=5.88109e-05 2.01434e-05 -0.000437818 -0.000227144 -0.00105914 0.000154391 5.06011e-05 3.13032e-05 -0.000366289 -0.000526731 -0.000684941 -0.000197387 0.000693709 0.000854195
internal_weight=562349 530071 33051 30031 9439 20592 497020 486208 42441 38060 33987 17980 32278 28955
internal_count=562349 530071 33051 30031 9439 20592 497020 486208 42441 38060 33987 17980 32278 28955
is_linear=0
shrinkage=0.05


Tree=92
num_leaves=15
num_cat=0
split_feature=2 6 2 9 2 0 0 9 9 2 7 3 3 7
split_gain=4.38877 6.73941 4.34166 4.06885 4.8996 7.13123 5.97252 5.84229 4.72078 4.79045 3.88489 3.6548 3.38574 4.59412
threshold=7.5000000000000009 1.0000000180025095e-35 8.5000000000000018 20.500000000000004 1.5000000000000002 167.50000000000003 131.50000000000003 114.50000000000001 74.500000000000014 3.5000000000000004 1.0111551690000002 -30.694459927499995 -10.025598510499998 0.99064233700000004
decision_type=2 2 2 2 2 2 2 2 2 2 2 2 2 2
left_child=3 2 -2 -1 6 7 -5 12 10 -10 -7 -3 -6 -14
right_child=1 11 -4 4 5 8 -8 -9 9 -11 -12 -13 13 -15
leaf_value=-0.0005627124815498145 -0.00086325086032664551 0.0003591641772555899 -0.0009581604258369601 0.00085986264794975513 4.7840028644642874e-05 0.00072170749813433351 0.0033308904160605952 -0.0018829036336307514 0.0015003900615384227 -0.00082083072055064263 0.0034779064933465383 -0.00066269518735089937 -0.0031094180602397013 -0.0003628686532410245
leaf_weight=87608 7341 9217 3503 106389 90440 39980 20614 4408 43154 58126 39992 6832 17001 27190
leaf_count=87608 7341 9217 3503 106389 90440 39980 20614 4408 43154 58126 39992 6832 17001 27190
internal_value=7.04655e-05 -0.000552736 -0.00151535 0.000101803 0.000162833 5.86255e-05 0.000425623 -0.000210743 0.000265259 3.85053e-05 0.000552409 9.79507e-05 -0.000152058 -0.000510736
internal_weight=561795 26893 10844 534902 447294 320291 127003 139039 181252 101280 79972 16049 134631 44191
internal_count=561795 26893 10844 534902 447294 320291 127003 139039 181252 101280 79972 16049 134631 44191
is_linear=0
shrinkage=0.05


Tree=93
num_leaves=15
num_cat=0
split_feature=2 0 0 3 7 9 7 8 4 7 7 7 7 8
split_gain=4.45411 8.42217 3.92245 5.34066 3.89366 3.84688 4.37628 3.57644 3.55163 3.2475 6.63363 4.49765 3.11529 2.95757
threshold=2.5000000000000004 167.50000000000003 137.50000000000003 -10.471956846499998 1.1261191455000001 105.50000000000001 1.2399318305000002 1.4806902235000001 0.84033362809895851 1.0015239480000002 0.98284597900000015 1.0300829825000002 1.2282903035000003 1.5937806755000004
decision_type=2 2 2 2 2 2 2 2 10 2 2 2 2 2
left_child=1 12 3 9 7 6 -6 -4 -3 10 -2 -11 -1 -9
right_child=2 8 4 -5 5 -7 -8 13 -10 11 -12 -13 -14 -15
leaf_value=0.00019040232096227119 -0.00033254584794406583 -0.0012452953689879285 -4.218180996585946e-05 -0.002610133220855862 0.0045109755336622528 -0.0021370456665595438 -0.0028095214201645825 -0.0044841394574651932 0.0038235855864982545 0.0039499094202177509 -0.003914821691242693 -0.00023559335977092543 0.0066439158621157211 -8.5052669860853091e-05
leaf_weight=230481 21956 3523 199068 15141 20086 4942 3836 5700 27707 4838 3332 12009 4844 4735
leaf_count=230481 21956 3523 199068 15141 20086 4942 3836 5700 27707 4838 3332 12009 4844 4735
internal_value=5.28191e-05 0.000201034 -8.08139e-05 -0.000452331 8.46373e-06 0.000552842 0.000815188 -6.65487e-05 0.000972467 -0.00016285 -0.000521093 0.000374881 9.86381e-05 -0.00096863
internal_weight=562198 266555 295643 57276 238367 28864 23922 209503 31230 42135 25288 16847 235325 10435
internal_count=562198 266555 295643 57276 238367 28864 23922 209503 31230 42135 25288 16847 235325 10435
is_linear=0
shrinkage=0.05


Tree=94
num_leaves=15
num_cat=0
split_feature=3 2 1 4 8 4 9 4 2 8 8 2 8 8
split_gain=4.90321 5.05596 7.03187 5.21235 3.82151 4.1733 3.50017 3.3548 3.12823 2.5559 4.98231 6.31181 13.83 3.23121
threshold=34.022835308000005 1.5000000000000002 149.50000000000003 1.1410550590833097 1.3718212590000003 1.1857839732685624 17.500000000000004 1.2974016851685504 4.5000000000000009 1.0395400325000002 0.87974686450000006 1.0000000180025095e-35 0.93179116150000019 0.99992173700000009
decision_type=2 2 2 10 2 10 2 10 2 2 2 2 2 2
left_child=1 2 -1 -3 5 -5 -4 8 -2 10 -8 -12 -13 -14
right_child=7 3 6 4 -6 -7 9 -9 -10 -11 11 12 13 -15
leaf_value=0.0034991395573704606 0.0081041726056781758 -7.0501963765146812e-05 -0.00060666436632403841 -0.0018182510709587409 0.00034201490806365305 -0.0052627032054490611 0.0014833055336147529 0.00012853950743917011 0.0014041722673610851 0.0014090751324118854 0.0011037011680749169 -0.007813209708414353 0.0014719071166665661 -0.0020668153298803284
leaf_weight=11521 10993 350599 40325 4452 4427 3584 12913 11832 7238 84305 9132 3087 4373 3897
leaf_count=11521 10993 350599 40325 4452 4427 3584 12913 11832 7238 84305 9132 3087 4373 3897
internal_value=7.08126e-05 3.57432e-05 0.000261164 -6.95326e-05 -0.00107415 -0.00172367 0.0001742 0.000692015 0.00111743 0.000311927 -5.82213e-05 -0.000542964 -0.00132965 -0.00026284
internal_weight=562678 532615 169553 363062 12463 8036 158032 30063 18231 117707 33402 20489 11357 8270
internal_count=562678 532615 169553 363062 12463 8036 158032 30063 18231 117707 33402 20489 11357 8270
is_linear=0
shrinkage=0.05


Tree=95
num_leaves=15
num_cat=0
split_feature=2 0 0 4 2 4 0 2 7 0 4 3 7 7
split_gain=4.6792 6.29363 4.43013 3.90797 3.82758 8.4472 4.89003 6.02468 4.78093 3.70456 5.37509 3.68591 3.46442 3.38043
threshold=5.5000000000000009 217.50000000000003 289.50000000000006 1.1557699364345888 1.0000000180025095e-35 1.4470807856695689 77.500000000000014 1.5000000000000002 1.0372488330000003 276.50000000000006 0.79319409141496344 3.5618966470000006 1.0236530975000002 0.86522126300000013
decision_type=2 2 2 10 2 10 2 2 2 2 10 2 2 2
left_child=1 4 3 13 8 6 -6 -8 12 10 -2 -10 -1 -3
right_child=9 2 -4 -5 5 -7 7 -9 11 -11 -12 -13 -14 -15
leaf_value=0.00041070813588476359 -3.4721551099800839e-05 -0.0037627258957744041 -0.0062760922807047516 0.0069598169268159224 -0.00072704986683930141 -0.0087412783770999068 0.0019775362468992743 -2.5030086589048939e-05 0.0023862964595735532 0.00046956482196156994 -0.0017273720188992537 0.0056160574394975077 -0.0032686934047735762 0.002191652920387417
leaf_weight=47880 34038 3371 3346 13795 80001 3163 39696 188557 21189 24627 31037 10130 5612 55812
leaf_count=47880 34038 3371 3346 13795 80001 3163 39696 188557 21189 24627 31037 10130 5612 55812
internal_value=6.52458e-05 0.00012809 0.00054383 0.00062542 4.80021e-05 -3.30981e-05 -6.69885e-06 0.000111201 0.000345778 -0.00026581 -0.000463468 0.00083634 5.8508e-05 0.000448697
internal_weight=562254 472552 76324 72978 396228 311417 308254 228253 84811 89702 65075 31319 53492 59183
internal_count=562254 472552 76324 72978 396228 311417 308254 228253 84811 89702 65075 31319 53492 59183
is_linear=0
shrinkage=0.05


Tree=96
num_leaves=15
num_cat=0
split_feature=3 2 0 3 7 7 8 8 9 9 8 8 7 7
split_gain=4.16376 3.58885 6.11537 5.20673 3.99338 2.95504 5.49385 3.67319 3.5752 3.053 5.78892 5.33775 3.21284 7.58419
threshold=32.333658099500006 1.5000000000000002 128.50000000000003 21.615289608000001 0.98284597900000015 1.0975312830000001 1.4869304840000004 1.5819894255000002 105.50000000000001 22.500000000000004 1.2341656950000002 1.1200188100000001 1.0229662150000003 1.0372488330000003
decision_type=2 2 2 2 2 2 2 2 2 2 2 2 2 2
left_child=1 2 5 -3 -5 8 -7 -8 9 10 11 -1 -11 -14
right_child=-2 3 -4 4 -6 6 7 -9 -10 12 -12 -13 13 -15
leaf_value=-0.00063125247591645436 0.0027756711773686982 -4.0401596901410577e-05 0.0027736744131360413 -0.0054994546799885273 -0.0014847481068622928 0.0048519052549829038 -0.0048911388112870208 0.0014202962091474092 -0.0024646312606535019 0.0010815593987287954 -0.0030133604967094029 0.0032807618788319249 -0.0036971084224318527 0.0013813578052653567
leaf_weight=22580 32207 346677 18881 3737 10528 13284 3184 6329 3987 57009 12866 7375 6579 17322
leaf_count=22580 32207 346677 18881 3737 10528 13284 3184 6329 3987 57009 12866 7375 6579 17322
internal_value=6.79274e-05 3.44023e-05 0.000224261 -5.47033e-05 -0.000990715 0.000117842 0.000642159 -0.000275005 2.42322e-05 7.17456e-05 -0.000269638 0.000111399 0.000252425 -0.000234146
internal_weight=562545 530338 169396 360942 14265 150515 22797 9513 127718 123731 42821 29955 80910 23901
internal_count=562545 530338 169396 360942 14265 150515 22797 9513 127718 123731 42821 29955 80910 23901
is_linear=0
shrinkage=0.05


Tree=97
num_leaves=15
num_cat=0
split_feature=3 2 1 2 3 8 8 7 8 9 7 8 0 3
split_gain=4.00844 3.17448 5.40756 5.42785 5.50928 3.9228 5.9963 5.92011 5.90028 3.64889 4.49557 3.78199 3.61931 3.60521
threshold=32.333658099500006 1.0000000180025095e-35 238.50000000000003 1.5000000000000002 21.615289608000001 0.93179116150000019 0.85806767000000017 1.0160100630000002 1.2249836110000001 13.500000000000002 1.0372488330000003 1.4372340155000003 220.50000000000003 -0.62378034649999992
decision_type=2 2 2 2 2 2 2 2 2 2 2 2 2 2
left_child=1 9 3 5 -5 6 -3 -7 -9 -1 -11 -12 -6 -13
right_child=-2 2 -4 4 12 7 -8 8 -10 10 11 13 -14 -15
leaf_value=-0.00055531451717183824 0.003000979561826453 0.0017036154442305132 -0.00095814893490199992 5.9738674448479849e-05 -0.0044429439967233779 0.0032937989079044709 -0.0044976452227252096 -0.0027555392906249685 0.00147102911443982 0.00047854695555763236 0.0050675615063636948 -0.0036924119922887148 -0.00088807307939122435 0.0041437316691686583
leaf_weight=24129 32345 3440 56708 326492 6115 22923 3026 4408 15332 38326 13674 3376 7998 4168
leaf_count=24129 32345 3440 56708 326492 6115 22923 3026 4408 15332 38326 13674 3376 7998 4168
internal_value=7.52047e-05 4.22311e-05 -1.07403e-05 5.56399e-05 -1.523e-05 0.000546923 -0.000600371 0.000720856 8.60978e-05 0.000324846 0.000535022 0.00111883 -0.000982257 0.000219897
internal_weight=562460 530115 446442 389734 340605 49129 6466 42663 19740 83673 59544 21218 14113 7544
internal_count=562460 530115 446442 389734 340605 49129 6466 42663 19740 83673 59544 21218 14113 7544
is_linear=0
shrinkage=0.05


Tree=98
num_leaves=15
num_cat=0
split_feature=2 0 8 0 4 8 8 2 4 0 8 7 4 3
split_gain=3.73166 7.18525 5.13548 4.86559 4.87725 5.81241 7.90654 4.08375 6.48949 3.94366 4.46281 6.43936 7.48136 3.9434
threshold=4.5000000000000009 212.50000000000003 0.92000341650000006 270.50000000000006 0.8585285408023019 1.2625560610000002 1.168018046 1.0000000180025095e-35 1.4470807856695689 90.500000000000014 1.5655814165000002 1.1012503740000004 0.89505009979306605 2.7322691330000004
decision_type=2 2 2 2 10 2 2 2 10 2 2 2 10 2
left_child=1 7 -2 4 5 6 -4 13 9 10 11 -9 -13 -1
right_child=2 -3 3 -5 -6 -7 -8 8 -10 -11 -12 12 -14 -15
leaf_value=0.0004671859056239317 0.00015406668024489309 0.0025581133360188524 -0.00041057997583726933 0.0014454942074920169 -0.0034404077897689372 0.0047438823646630294 -0.0050135054310588185 -0.00055388476366976527 -0.0082943965033266311 0.00038137894426859141 0.0018369097870906744 -0.00049892972744680891 -0.0059737954467091728 0.0025488157653938588
leaf_weight=63732 74044 53946 22531 15515 22548 4905 3271 84088 3101 177665 8771 3921 3562 21052
leaf_count=63732 74044 53946 22531 15515 22548 4905 3271 84088 3101 177665 8771 3921 3562 21052
internal_value=6.7679e-05 0.00014278 -0.000153096 -0.000464195 -0.000691185 -0.000281079 -0.000581044 6.33512e-05 -2.83871e-05 -2.99441e-06 -0.00025357 -0.00035678 -0.00176182 0.000367501
internal_weight=562652 419838 142814 68770 53255 30707 25802 365892 281108 278007 100342 91571 7483 84784
internal_count=562652 419838 142814 68770 53255 30707 25802 365892 281108 278007 100342 91571 7483 84784
is_linear=0
shrinkage=0.05


Tree=99
num_leaves=15
num_cat=0
split_feature=0 0 7 8 8 8 3 4 8 8 7 7 7 3
split_gain=3.36118 3.79396 3.54807 3.71613 2.31379 5.12363 2.6188 2.59234 2.52747 6.21859 2.49716 2.04841 3.69132 1.9728
threshold=296.50000000000006 272.50000000000006 0.78832097300000015 0.73192466100000009 1.8117857720000001 1.7230644500000003 48.10508384300001 1.5443234824970917 1.3804488530000001 1.4073771380000002 0.96851606650000011 0.82025456000000008 0.83010965550000015 29.408584089000005
decision_type=2 2 2 2 2 2 2 8 2 2 2 2 2 2
left_child=1 2 3 -1 5 6 7 8 11 -10 -11 -4 -13 -12
right_child=-2 -3 4 -5 -6 -7 -8 -9 9 10 13 12 -14 -15
leaf_value=4.2820788466902838e-05 -0.003794110322256117 0.0012129339103333593 0.0010282953779271722 -0.003625568446164195 0.0037343440158680895 -0.0031609690043533697 0.0034418637602136068 -0.0023164347623733355 0.0049478331785520364 -0.0020278496630359304 0.0005326590354158932 -0.0029155664813902207 -1.2405974307706309e-05 0.0062873864263328812
leaf_weight=3180 3980 38105 8183 3006 5960 5992 9223 6829 9759 5421 69508 4034 385474 3339
leaf_count=3180 3980 38105 8183 3006 5960 5992 9223 6829 9759 5421 69508 4034 385474 3339
internal_value=5.42396e-05 6.45724e-05 2.92742e-05 -0.00116056 4.36127e-05 3.21112e-05 4.94744e-05 3.38391e-05 4.74448e-05 0.000289866 0.000141428 -6.217e-06 -2.26693e-05 0.000218491
internal_weight=561993 558013 519908 6186 513722 507762 501770 492547 485718 88027 78268 397691 389508 72847
internal_count=561993 558013 519908 6186 513722 507762 501770 492547 485718 88027 78268 397691 389508 72847
is_linear=0
shrinkage=0.05


Tree=100
num_leaves=15
num_cat=0
split_feature=2 8 0 0 2 3 0 0 7 7 8 8 0 8
split_gain=3.05543 6.2831 5.04524 5.82931 3.43757 5.88317 4.73263 4.32173 3.60272 5.15751 4.52468 7.13421 7.97677 5.89292
threshold=6.5000000000000009 1.0206992475000003 245.50000000000003 292.50000000000006 2.5000000000000004 21.615289608000001 164.50000000000003 217.50000000000003 1.1404764035000001 1.1890070005000004 1.168018046 1.1966081490000002 178.50000000000003 1.2273597760000001
decision_type=2 2 2 2 2 2 2 2 2 2 2 2 2 2
left_child=2 -2 4 -4 6 8 -1 -7 10 -10 -6 12 -12 -13
right_child=1 -3 3 -5 5 7 -8 -9 9 -11 11 13 -14 -15
leaf_value=0.00021217127338548692 -8.4249325177052222e-05 -0.0028350686569214964 0.0033067109928257379 -0.0077354642087017842 0.00017524460752801083 -0.0048987303684485239 0.0024228218956005867 -0.00021998459535073055 0.004229846080349437 -0.00095404339512826443 -0.0045994009184256593 0.0034153457159984604 -0.00012057156731809182 -0.0012129898147598117
leaf_weight=233228 46062 6333 53083 4019 100558 5754 30237 4531 9962 8321 3910 7274 3022 46423
leaf_count=233228 46062 6333 53083 4019 100558 5754 30237 4531 9962 8321 3910 7274 3022 46423
internal_value=6.1829e-05 -0.000301765 9.9162e-05 0.000542053 4.3356e-05 -0.0001189 0.000160218 -0.00128158 -5.22356e-05 0.000612834 -0.000127689 -0.000468838 -0.0019778 -0.000273872
internal_weight=562717 52395 510322 57102 453220 189755 263465 10285 179470 18283 161187 60629 6932 53697
internal_count=562717 52395 510322 57102 453220 189755 263465 10285 179470 18283 161187 60629 6932 53697
is_linear=0
shrinkage=0.05


Tree=101
num_leaves=15
num_cat=0
split_feature=7 8 2 2 0 2 9 4 8 7 2 4 3 9
split_gain=3.48114 7.99634 5.91318 3.29352 4.02169 6.09259 6.74289 4.48421 3.86604 5.27074 4.50214 5.74123 4.84076 4.63996
threshold=0.96851606650000011 1.4685740130000002 7.5000000000000009 1.0000000180025095e-35 154.50000000000003 2.5000000000000004 70.500000000000014 1.3867069263405885 1.6045679965000004 1.0246973790000002 3.5000000000000004 0.66266938047623913 -5.0580621649999991 44.500000000000007
decision_type=2 2 2 2 2 2 2 10 2 2 2 10 2 2
left_child=1 -1 3 -2 7 -6 -7 8 9 10 11 -5 -13 -12
right_child=2 -3 -4 4 5 6 -8 -9 -10 -11 13 12 -14 -15
leaf_value=-0.0001162104500769169 0.0020340163067072495 -0.0042215996621511442 -0.00074614342076454593 -0.0015636154932963657 0.0038528140496662611 0.0018738772901761233 -0.0006280963981665005 -0.0068955340428604982 0.0023866969160298724 -0.00089383557474969504 0.00014885899798195657 0.0036707317720668965 0.00039340986892317565 -0.0040929009126918622
leaf_weight=206555 55957 3004 11578 9023 25809 66463 63810 3282 13086 61641 4612 18959 15186 3168
leaf_count=206555 55957 3004 11578 9023 25809 66463 63810 3282 13086 61641 4612 18959 15186 3168
internal_value=6.49886e-05 -9.64025e-05 0.000160914 0.000198651 0.000129796 0.000300506 0.000161443 -7.68249e-05 -2.91414e-05 -0.000123697 0.000252586 0.000452134 0.000748536 -0.000854207
internal_weight=562133 209559 352574 340996 285039 156082 130273 128957 125675 112589 50948 43168 34145 7780
internal_count=562133 209559 352574 340996 285039 156082 130273 128957 125675 112589 50948 43168 34145 7780
is_linear=0
shrinkage=0.05


Tree=102
num_leaves=15
num_cat=0
split_feature=2 0 0 3 2 0 8 8 2 2 0 8 8 6
split_gain=3.31028 6.35208 3.50466 4.36609 4.73417 4.11701 4.31349 3.13247 4.26741 3.09895 6.30889 4.21101 4.42569 3.9113
threshold=3.5000000000000004 190.50000000000003 272.50000000000006 -18.811598624499997 6.5000000000000009 228.50000000000003 1.2273597760000001 0.79747702750000016 5.5000000000000009 1.0000000180025095e-35 91.500000000000014 0.85329468650000007 1.5501666135000003 1.0000000180025095e-35
decision_type=2 2 2 2 2 2 2 2 2 2 2 2 2 2
left_child=1 9 3 7 5 6 -5 -2 -9 -1 11 -11 13 -13
right_child=2 -3 -4 4 -6 -7 -8 8 -10 10 -12 12 -14 -15
leaf_value=0.00095996381780767259 0.00044573135127934973 0.0024294585402951912 0.00069374031538813486 -0.0010454989229659898 -0.0020975419319247054 0.00022926820434709776 -0.0032168337899449971 0.00019945938369693265 -0.00091489931143416421 0.001554834480362204 0.0005883798572032784 -0.00168666856474653 0.0016171635744874633 -0.00029829881556141165
leaf_weight=84466 27227 44638 39943 20839 5396 24347 10382 57074 27468 8476 121327 50813 10172 29735
leaf_count=84466 27227 44638 39943 20839 5396 24347 10382 57074 27468 8476 121327 50813 10172 29735
internal_value=5.15866e-05 0.000146204 -0.000103958 -0.000201562 -0.000541915 -0.000404513 -0.000784522 -1.59026e-05 -0.000166121 6.46653e-05 -3.39752e-05 -0.000329735 -0.000429319 -0.000553424
internal_weight=562303 349627 212676 172733 60964 55568 31221 111769 84542 304989 220523 99196 90720 80548
internal_count=562303 349627 212676 172733 60964 55568 31221 111769 84542 304989 220523 99196 90720 80548
is_linear=0
shrinkage=0.05


Tree=103
num_leaves=15
num_cat=0
split_feature=7 8 2 1 9 1 8 1 8 7 7 7 8 4
split_gain=3.35298 3.46752 3.45514 5.15713 3.76519 4.36966 3.84837 4.6197 3.37712 3.3663 3.16167 3.57048 8.68128 2.95563
threshold=0.78832097300000015 0.71837815000000005 3.5000000000000004 125.50000000000001 70.500000000000014 139.50000000000003 1.0030307885000003 209.50000000000003 1.2974074200000003 1.0139059385000002 0.82025456000000008 0.85421943300000003 0.89494942300000013 0.98546653314373411
decision_type=2 2 2 2 2 2 2 2 2 2 2 2 2 10
left_child=1 -1 3 13 5 -4 -7 8 9 -8 -5 12 -12 -2
right_child=2 -3 4 10 -6 6 7 -9 -10 -11 11 -13 -14 -15
leaf_value=0.00026677246063326263 0.00059311720202224636 -0.0029964857959655063 0.00038665468957186874 0.0030606304325363474 -0.00097583317931093259 0.00017411218144264664 -0.0033762581926667606 0.00070301735586125692 -0.00037678030939845771 -0.0013591591366605951 0.0017566108294147943 0.0002175570302355601 -0.0036604852249331986 0.0029303445574175059
leaf_weight=3173 26647 3471 101606 4991 74400 16269 5257 3446 4319 5171 4543 271247 5041 32944
leaf_count=3173 26647 3471 101606 4991 74400 16269 5257 3446 4319 5171 4543 271247 5041 32944
internal_value=5.73526e-05 -0.00105881 7.07025e-05 0.000168007 -8.899e-05 6.73904e-05 -0.000419096 -0.000918645 -0.00130372 -0.00179047 7.97861e-05 5.76049e-05 -0.000890604 0.000591105
internal_weight=562525 6644 555881 345413 210468 136068 34462 18193 14747 10428 285822 280831 9584 59591
internal_count=562525 6644 555881 345413 210468 136068 34462 18193 14747 10428 285822 280831 9584 59591
is_linear=0
shrinkage=0.05


Tree=104
num_leaves=15
num_cat=0
split_feature=2 8 0 0 7 8 7 7 8 0 4 2 0 8
split_gain=3.02231 5.6211 4.97517 5.20828 3.59939 6.62576 4.08557 4.74812 2.95657 2.9074 4.04788 2.54799 5.35001 4.38837
threshold=5.5000000000000009 0.96453025450000018 249.50000000000003 289.50000000000006 0.85421943300000003 1.0238803150000002 0.84269594050000007 0.78832097300000015 0.8021628340000001 269.50000000000006 0.86918173052898495 2.5000000000000004 157.50000000000003 1.1714257850000003
decision_type=2 2 2 2 2 2 2 2 2 2 10 2 2 2
left_child=2 -2 4 -4 5 6 7 -1 -9 10 -3 12 -6 -13
right_child=1 9 3 -5 11 -7 -8 8 -10 -11 -12 13 -14 -15
leaf_value=-0.0018031138977521169 3.2938047412082116e-05 -0.00083224739720394849 0.0042654692510070043 -0.0058550630096899127 0.0002509234961242097 -0.0038286684765888148 -0.0034164103132332739 -0.0008181765165498992 0.0035302230530757811 -0.00014188857850262678 -0.0053224513384758296 0.00045182582045324976 0.0023948831211922082 -0.0008024554029715912
leaf_weight=4927 64751 11241 32204 3387 213351 3429 4077 5288 8328 7765 5987 86900 33990 76956
leaf_count=4927 64751 11241 32204 3387 213351 3429 4077 5288 8328 7765 5987 86900 33990 76956
internal_value=5.60848e-05 -0.000209919 0.000106574 0.000675006 6.02972e-05 -0.000509615 -0.000198895 0.00011632 0.000597607 -0.000846768 -0.00120873 9.64065e-05 0.000197709 -5.65112e-05
internal_weight=562581 89744 472837 35591 437246 26049 22620 18543 13616 24993 17228 411197 247341 163856
internal_count=562581 89744 472837 35591 437246 26049 22620 18543 13616 24993 17228 411197 247341 163856
is_linear=0
shrinkage=0.05


Tree=105
num_leaves=15
num_cat=0
split_feature=0 3 0 8 7 3 8 7 0 7 8 8 8 8
split_gain=2.60408 3.34656 2.76883 3.03578 2.34559 6.13435 3.36886 2.68375 1.806 1.49973 1.49009 2.94798 1.96704 1.4965
threshold=296.50000000000006 34.022835308000005 147.50000000000003 1.5590782635000002 0.85421943300000003 -0.43103747899999995 1.0062346055000002 0.86796959100000015 274.50000000000006 1.0577672440000001 1.8117857720000001 1.7230644500000003 1.6562899470000001 1.4749027730000002
decision_type=2 2 2 2 2 2 2 2 2 2 2 2 2 2
left_child=1 4 -3 -4 5 6 -1 -6 10 -10 11 12 13 -9
right_child=-2 2 3 -5 7 -7 -8 8 9 -11 -12 -13 -14 -15
leaf_value=0.00014709756873031925 -0.0038073261358785894 -0.0030906976355343794 0.0045633039695197582 -0.0034078835252654704 0.0013904923233632382 -0.0057357034310481225 -0.0021136434001984344 0.00011565897119534541 0.00042028764798086914 0.0061801463748383488 0.0032382251238891242 -0.0022910206102103379 0.003892917850989123 -0.00068907479959640246
leaf_weight=25006 4024 3115 22365 3142 10683 3446 4452 399436 18093 5769 5470 5271 7938 43893
leaf_count=25006 4024 3115 22365 3142 10683 3446 4452 399436 18093 5769 5470 5271 7938 43893
internal_value=6.53034e-05 7.44467e-05 0.000601006 0.000772872 4.5976e-05 -0.000362819 -0.000129145 7.30681e-05 5.58272e-05 0.000479951 3.39169e-05 2.40832e-05 3.78209e-05 2.38478e-05
internal_weight=562103 558079 28622 25507 529457 32904 29458 496553 485870 23862 462008 456538 451267 443329
internal_count=562103 558079 28622 25507 529457 32904 29458 496553 485870 23862 462008 456538 451267 443329
is_linear=0
shrinkage=0.05


Tree=106
num_leaves=15
num_cat=0
split_feature=2 7 0 4 7 7 0 3 7 7 3 4 4 7
split_gain=2.69279 4.2115 3.71094 6.01355 4.63444 4.01903 3.47608 2.90396 2.90169 10.5642 4.80318 3.7064 4.72913 2.84445
threshold=4.5000000000000009 1.2282903035000003 274.50000000000006 0.8044516516397241 1.1376243515000002 0.97161239850000014 214.50000000000003 -58.341132867999995 0.96851606650000011 0.95974503000000011 18.316596429500006 1.0292318041480557 0.79092681674299614 1.1169060805000004
decision_type=2 2 2 10 2 2 2 2 2 2 2 10 8 2
left_child=1 6 3 4 5 -2 7 -1 9 10 -9 12 -11 -10
right_child=2 -3 -4 -5 -6 -7 -8 8 13 11 -12 -13 -14 -15
leaf_value=-0.0038017018763522206 0.00034605018393193059 0.0053089896518216323 0.00069061051566475897 -0.0014753170335695858 0.003078063365506198 -0.0008385817471172406 0.0018413541085803621 0.0001445104029067343 0.00074512016942555675 -0.0022646249926056906 -0.006578715341426556 0.00019096153306051556 -0.004740742690422183 -0.0007424971489657261
leaf_weight=3412 26616 9078 33162 53688 4835 24680 50272 121120 185104 5601 3140 3011 5361 33264
leaf_count=3412 26616 9078 33162 53688 4835 24680 50272 121120 185104 5601 3140 3011 5361 33264
internal_value=5.41657e-05 0.000118053 -0.000133212 -0.000273187 8.86687e-05 -5.08761e-05 9.44759e-05 4.00883e-05 5.39882e-05 -0.000125273 2.13255e-05 -0.00142849 -0.00185511 0.000167466
internal_weight=562344 419363 142981 109819 56131 51296 410285 360013 356601 138233 124260 13973 10962 218368
internal_count=562344 419363 142981 109819 56131 51296 410285 360013 356601 138233 124260 13973 10962 218368
is_linear=0
shrinkage=0.05


Tree=107
num_leaves=15
num_cat=0
split_feature=2 0 0 2 3 0 7 4 7 3 7 7 7 4
split_gain=2.5473 4.54338 4.20676 2.85414 6.29026 4.62396 3.69646 6.62701 4.47206 3.15507 3.29493 2.67748 2.49758 5.79697
threshold=6.5000000000000009 246.50000000000003 293.50000000000006 2.5000000000000004 21.615289608000001 213.50000000000003 1.1404764035000001 0.81991095887958465 1.1890070005000004 18.316596429500006 0.96851606650000011 0.89312007900000012 0.85421943300000003 0.73252663336007695
decision_type=2 2 2 2 2 2 2 10 2 2 2 2 2 8
left_child=1 3 -3 9 6 -6 -5 -8 -9 12 -11 -2 13 -1
right_child=11 2 -4 4 5 -7 7 8 -10 10 -12 -13 -14 -15
leaf_value=0.00069698211062171065 0.00029822529715985179 0.0029671551673105829 -0.0079536225077680243 -0.00028734188264279982 -0.0047581649999489488 -0.00064920505104157204 0.0050432293353346426 0.0025235819498387177 -0.0037509579187596331 -0.0023642877177665923 0.0040076604921504772 -0.00048285892967696206 0.00033601665251807995 -0.0028456160271087771
leaf_weight=8164 9973 52253 3367 162305 5246 5207 7360 5690 5331 3296 18980 42198 225144 8153
leaf_count=8164 9973 52253 3367 162305 5246 5207 7360 5690 5331 3296 18980 42198 225144 8153
internal_value=5.5392e-05 8.94024e-05 0.000515955 3.72406e-05 -0.000109878 -0.00130211 -4.08708e-05 0.000631051 -0.000144885 0.000143862 0.000713164 -0.000277378 9.13276e-05 -0.000505912
internal_weight=562667 510496 55620 454876 191139 10453 180686 18381 11021 263737 22276 52171 241461 16317
internal_count=562667 510496 55620 454876 191139 10453 180686 18381 11021 263737 22276 52171 241461 16317
is_linear=0
shrinkage=0.05


Tree=108
num_leaves=15
num_cat=0
split_feature=7 7 2 8 8 8 8 3 8 4 1 3 8 7
split_gain=2.68883 5.5902 3.89911 3.81437 3.17001 6.85099 6.71004 3.50778 3.49935 3.98508 3.72369 2.85337 2.57114 4.35667
threshold=0.96851606650000011 0.95974503000000011 8.5000000000000018 1.1306296370000004 1.1031958775000004 1.0238803150000002 1.0395400325000002 15.517109204000002 1.1739620950000003 0.71671223658682337 125.50000000000001 -16.914995487999999 0.98604826500000009 0.9386405710000002
decision_type=2 2 2 2 2 2 2 2 2 8 2 2 2 2
left_child=1 4 -2 -3 5 12 -7 8 -6 -10 11 -11 -1 -14
right_child=2 3 -4 -5 7 6 -8 -9 9 10 -12 -13 13 -15
leaf_value=-0.00011646778357843145 0.00041649704218923696 -0.00052592422179386093 -0.00070973737298572553 -0.0032886771040972051 0.0017628014475693779 -0.0039845899292742541 -0.0011165999480008608 -0.0036352611777162925 -0.0015777554987015927 -0.002234600334232415 0.0025372298038842263 0.0013846811646062477 0.00036926627370971064 0.0077332362939772333
leaf_weight=102556 349161 10970 3820 9131 15528 5062 18869 3260 7762 3294 16147 3060 10484 3569
leaf_count=102556 349161 10970 3820 9131 15528 5062 18869 3260 7762 3294 16147 3060 10484 3569
internal_value=3.94231e-05 -0.000102386 0.000123666 -0.000895131 -1.83152e-05 -0.000139101 -0.000909613 0.000327738 0.000440595 0.000127445 0.000464432 -0.000560623 1.90587e-05 0.000653187
internal_weight=562673 209692 352981 20101 189591 140540 23931 49051 45791 30263 22501 6354 116609 14053
internal_count=562673 209692 352981 20101 189591 140540 23931 49051 45791 30263 22501 6354 116609 14053
is_linear=0
shrinkage=0.05


Tree=109
num_leaves=15
num_cat=0
split_feature=7 8 2 1 5 8 8 9 1 7 9 8 8 3
split_gain=2.34103 2.94618 2.69775 4.24397 3.86703 3.23878 5.50567 2.80091 3.54466 3.22836 3.2251 3.04341 5.12862 3.12877
threshold=0.78832097300000015 0.71837815000000005 3.5000000000000004 160.50000000000003 16.500000000000004 1.4806902235000001 1.5743189000000002 71.500000000000014 139.50000000000003 1.1145767585000004 44.500000000000007 1.3019391935000002 1.2273597760000001 13.661682554
decision_type=2 2 2 2 2 2 2 2 2 2 2 2 2 2
left_child=1 -1 3 4 -2 7 -7 8 9 11 -10 12 13 -4
right_child=2 -3 5 -5 -6 6 -8 -9 10 -11 -12 -13 -14 -15
leaf_value=0.00036480744971376664 0.00082155525336611202 -0.0028662810565825629 0.00035750878843138987 0.00010362957448293749 0.0036679019035907134 -0.0059721240050871899 0.00015548650987099418 -0.00079150797106133171 1.1992888492323476e-05 0.003932884812165016 -0.0016163034802513803 0.0057624578049514028 -0.0042364086926039704 -0.0017983103617660486
leaf_weight=3148 82310 3491 66647 244890 18364 3805 5591 68092 21651 13368 11414 4076 3063 12578
leaf_count=3148 82310 3491 66647 244890 18364 3805 5591 68092 21651 13368 11414 4076 3063 12578
internal_value=5.21252e-05 -0.00088087 6.32766e-05 0.000149203 0.000422481 -7.7928e-05 -0.000985002 -3.54788e-05 9.82102e-05 0.00024695 -0.000350393 0.000135002 6.89002e-05 0.000146567
internal_weight=562488 6639 555849 345564 100674 210285 9396 200889 132797 99732 33065 86364 82288 79225
internal_count=562488 6639 555849 345564 100674 210285 9396 200889 132797 99732 33065 86364 82288 79225
is_linear=0
shrinkage=0.05


Tree=110
num_leaves=15
num_cat=0
split_feature=3 4 7 2 2 4 2 3 7 2 0 0 7 9
split_gain=1.94208 2.66874 3.061 3.52955 2.91713 2.44049 2.45145 3.29902 4.38284 3.07525 4.41105 3.06308 2.33674 4.09241
threshold=34.022835308000005 1.2974016851685504 1.0210106120000002 2.5000000000000004 4.5000000000000009 1.6309062025753771 1.5000000000000002 21.615289608000001 0.97068366950000018 2.5000000000000004 227.50000000000003 122.50000000000001 1.0790547505000003 99.500000000000014
decision_type=2 10 2 2 2 8 2 2 2 2 2 2 2 2
left_child=5 4 -3 -4 -2 6 11 -8 -9 -10 -11 12 13 -1
right_child=1 2 3 -5 -6 -7 7 8 9 10 -12 -13 -14 -15
leaf_value=0.00018125304727334624 0.006546848348218004 -0.0054025950318841547 0.0056186652952872939 -0.0026477422807046629 0.00032662592677593191 -0.0028802219456574608 -1.022027412582659e-06 -0.0057177223365569938 0.0055203349245296213 -0.0040847626954991284 0.0002113903260634265 0.001932783442504896 0.002287069809306882 -0.0031234157374993589
leaf_weight=110370 10961 3025 4313 4546 7318 5414 346893 3458 3416 3109 5787 21628 27486 4350
leaf_count=110370 10961 3025 4313 4546 7318 5414 346893 3458 3416 3109 5787 21628 27486 4350
internal_value=5.08559e-05 0.000441113 -0.000142148 0.000326884 0.000820253 2.87217e-05 3.95868e-05 -3.29295e-05 -0.000740095 -0.000297962 -0.000787552 0.000200105 0.000115779 1.65614e-05
internal_weight=562074 30163 11884 8859 18279 531911 526497 362663 15770 12312 8896 163834 142206 114720
internal_count=562074 30163 11884 8859 18279 531911 526497 362663 15770 12312 8896 163834 142206 114720
is_linear=0
shrinkage=0.05


Tree=111
num_leaves=15
num_cat=0
split_feature=3 1 2 1 7 2 7 7 4 4 9 7 2 4
split_gain=2.88634 2.21012 1.90616 4.67435 3.49367 4.01226 5.84706 4.30843 3.88692 3.54658 3.36672 4.52152 3.45221 3.60291
threshold=32.333658099500006 159.50000000000003 1.0000000180025095e-35 249.50000000000003 0.85087883000000009 1.5000000000000002 1.0160100630000002 1.0920042035000004 0.95753328687739825 0.65145023641027944 48.500000000000007 0.87055353800000013 7.5000000000000009 1.1364379224557641
decision_type=2 2 2 2 2 2 2 2 10 10 2 2 2 10
left_child=2 -2 -1 4 8 6 -6 -8 9 -4 -7 -12 13 -13
right_child=1 -3 3 -5 5 10 7 -9 -10 -11 11 12 -14 -15
leaf_value=0.00073676625568389336 0.0030347788962061632 -0.0019683882269735165 -0.0016976157055642199 -0.001085540667823043 0.0021944133980169459 0.0003396844503804495 -0.0014969456324848101 0.0024789798529831694 -0.0062328957937242257 0.00019863840233991771 0.0026276557895335844 -0.00021904084180349206 -0.0010326112142577156 -0.0040457185854873602
leaf_weight=83794 29127 3201 5126 41175 30816 124499 15589 7467 3047 14829 5906 184012 7492 6586
leaf_count=83794 29127 3201 5126 41175 30816 124499 15589 7467 3047 14829 5906 184012 7492 6586
internal_value=5.53877e-05 0.000514026 2.74257e-05 -1.36379e-05 3.79218e-05 7.39268e-05 0.000473857 -0.000128355 -0.000560482 -0.000306237 8.3334e-06 -0.000116715 -0.000157374 -0.000115974
internal_weight=562666 32328 530338 446544 405369 382367 53872 23056 23002 19955 328495 203996 198090 190598
internal_count=562666 32328 530338 446544 405369 382367 53872 23056 23002 19955 328495 203996 198090 190598
is_linear=0
shrinkage=0.05


Tree=112
num_leaves=15
num_cat=0
split_feature=7 8 2 8 0 0 3 2 0 2 0 3 8 7
split_gain=2.61056 3.19262 2.65532 4.31144 4.29893 4.91638 2.22874 5.23644 4.24116 2.16305 5.14018 2.95026 4.64137 4.77462
threshold=0.78832097300000015 0.71837815000000005 5.5000000000000009 0.89797301150000008 249.50000000000003 289.50000000000006 -50.778961037999991 7.5000000000000009 272.50000000000006 1.0000000180025095e-35 46.500000000000007 2.7322691330000004 1.5188894705000002 1.0975312830000001
decision_type=2 2 2 2 2 2 2 2 2 2 2 2 2 2
left_child=1 -1 4 -4 9 -6 -5 8 -8 11 -11 12 13 -2
right_child=2 -3 3 6 5 -7 7 -9 -10 10 -12 -13 -14 -15
leaf_value=0.00030322601394618679 0.00032359700554135547 -0.0022855166898398667 8.7080370161236664e-05 7.81111976777322e-05 0.0039304263264492607 -0.0050227495300035766 -0.0027510673925619281 -0.0032598779814978513 0.0031752059741350751 -0.0011847308766496762 0.00020179998378758447 0.002246966684457711 -0.0047515990240335542 0.0070205874793314721
leaf_weight=3192 51265 3471 54096 8721 31933 3416 15113 3448 6754 35087 313155 21099 5305 5974
leaf_count=3192 51265 3471 54096 8721 31933 3416 15113 3448 6754 35087 313155 21099 5305 5974
internal_value=5.47521e-05 -0.000928689 6.65592e-05 -0.000185166 0.000114042 0.000644128 -0.00062601 -0.000863448 -0.000577565 7.06488e-05 1.58078e-05 0.000298961 0.000126461 0.000257625
internal_weight=562029 6663 555366 88132 467234 35349 34036 25315 21867 431885 348242 83643 62544 57239
internal_count=562029 6663 555366 88132 467234 35349 34036 25315 21867 431885 348242 83643 62544 57239
is_linear=0
shrinkage=0.05


Tree=113
num_leaves=15
num_cat=0
split_feature=9 2 7 0 7 8 8 4 2 7 7 7 8 0
split_gain=1.82699 3.23727 4.89433 4.09358 3.83734 3.57657 3.17293 4.02785 3.00462 6.177 4.48496 8.6644 3.79362 3.74996
threshold=9.5000000000000018 1.0000000180025095e-35 1.0372488330000003 62.500000000000007 1.0236530975000002 1.3307223345000001 1.4372340155000003 0.9959489831662206 2.5000000000000004 0.85087883000000009 1.1316016705000003 1.1539737475000003 0.89494942300000013 194.50000000000003
decision_type=2 2 2 2 2 2 2 10 2 2 2 2 2 2
left_child=-1 2 4 -3 5 -2 -4 -8 9 12 13 -12 -5 -11
right_child=1 3 6 8 -6 -7 7 -9 -10 10 11 -13 -14 -15
leaf_value=-0.00061925618946669851 0.00012598698358682361 -0.00085988170056340314 0.0043994633773712273 -6.421558640781374e-05 -0.0044059552043421522 0.0046069174086764029 -0.0031426940071473276 0.0039251649782318931 -3.8266297825759601e-05 0.00098531351540102441 -0.0058359976984863711 0.0019445777414701993 -0.0046776123223954578 0.0036493917475806312
leaf_weight=38043 33762 51372 15961 3518 4529 3962 3948 4705 277842 98691 3313 5340 3176 14393
leaf_count=38043 33762 51372 15961 3518 4529 3962 3948 4705 277842 98691 3313 5340 3176 14393
internal_value=4.43287e-05 6.85965e-05 0.00039355 2.11134e-05 6.70288e-05 0.000232182 0.000953938 0.000182779 7.42903e-05 0.000274281 0.000355609 -0.000741222 -0.00120391 0.000439565
internal_weight=562555 524512 66867 457645 42253 37724 24614 8653 406273 128431 121737 8653 6694 113084
internal_count=562555 524512 66867 457645 42253 37724 24614 8653 406273 128431 121737 8653 6694 113084
is_linear=0
shrinkage=0.05


Tree=114
num_leaves=15
num_cat=0
split_feature=0 3 4 4 7 2 2 3 7 7 7 7 7 1
split_gain=2.2725 2.94124 2.28637 2.15018 2.63553 3.20823 2.02651 3.53302 3.5831 2.45421 4.06045 3.08989 5.46445 4.42544
threshold=296.50000000000006 32.333658099500006 1.5443234824970917 1.2974016851685504 1.0269027190000002 2.5000000000000004 1.5000000000000002 21.615289608000001 0.98284597900000015 0.96851606650000011 0.99533084900000013 0.92716864150000011 0.93424329800000006 266.50000000000006
decision_type=2 2 8 10 2 2 2 2 2 2 2 2 2 2
left_child=1 2 6 -3 -5 -6 9 -8 -9 11 -11 -1 -13 -14
right_child=-2 3 -4 4 5 -7 7 8 -10 10 -12 12 13 -15
leaf_value=0.00052360110415213153 -0.0035290837982840714 0.0041535086816537076 -0.0023782965943782764 -0.0050435907950244392 0.0049582631053796834 -0.0020076091554886532 -5.2229078855032791e-06 -0.0043176995307294859 -0.0011858166421859625 0.002354331896913722 0.00060179116118913036 -0.0027986556300300786 0.00069209839800210668 -0.0032095323261876899
leaf_weight=34970 4002 19071 6525 3114 4373 4204 344250 3605 10298 18096 83707 4312 14505 6797
leaf_count=34970 4002 19071 6525 3114 4373 4204 344250 3605 10298 18096 83707 4312 14505 6797
internal_value=3.97316e-05 4.82538e-05 2.05144e-05 0.000523451 -1.04736e-05 0.000441913 3.21779e-05 -3.42516e-05 -0.000815538 0.000178688 0.000328633 -7.32806e-05 -0.000490456 -0.000161684
internal_weight=561829 557827 527065 30762 11691 8577 520540 358153 13903 162387 101803 60584 25614 21302
internal_count=561829 557827 527065 30762 11691 8577 520540 358153 13903 162387 101803 60584 25614 21302
is_linear=0
shrinkage=0.05


Tree=115
num_leaves=15
num_cat=0
split_feature=7 8 5 4 7 7 8 7 7 0 8 8 8 7
split_gain=2.06139 2.22688 1.95308 2.25131 4.14595 3.80291 5.91246 3.4648 6.40001 3.29228 2.99305 3.4417 2.67503 6.00392
threshold=0.78832097300000015 0.71837815000000005 14.500000000000002 0.86918173052898495 1.1404764035000001 0.88165736250000015 0.89494942300000013 0.92838181100000006 0.93676478250000017 107.50000000000001 0.8021628340000001 0.89797301150000008 1.4749027730000002 1.0774303530000002
decision_type=2 2 2 8 2 2 2 2 2 2 2 2 2 2
left_child=1 -1 3 4 12 6 -5 9 -9 -7 -10 -12 -2 -14
right_child=2 -3 -4 5 -6 7 -8 8 10 -11 11 -13 13 -15
leaf_value=0.0002362176169797059 0.00021683118746246527 -0.0018192080745073882 0.00073389168830326418 0.00045244043711637448 0.0026235723078449295 0.0032760122955012624 -0.0046412864754809338 -0.0039884775402909819 -0.0012944369210008688 9.8101048813748645e-05 0.0026500515046103739 -0.0002200064583691265 -0.0031247810954017695 0.0025366673376082112
leaf_weight=3136 219581 3477 107327 5354 14883 6676 5725 4901 6351 10321 8533 148960 11119 6088
leaf_count=3136 219581 3477 107327 5354 14883 6676 5725 4901 6351 10321 8533 148960 11119 6088
internal_value=5.10813e-05 -0.000826156 6.15258e-05 1.56746e-05 0.000114741 -0.000110999 -0.00101069 -5.73091e-05 -0.000125852 0.000623015 -7.25667e-05 -2.96352e-05 6.38533e-05 -0.000536399
internal_weight=562432 6613 555819 448492 251671 196821 11079 185742 168745 16997 163844 157493 236788 17207
internal_count=562432 6613 555819 448492 251671 196821 11079 185742 168745 16997 163844 157493 236788 17207
is_linear=0
shrinkage=0.05


Tree=116
num_leaves=15
num_cat=0
split_feature=2 1 7 1 8 3 7 8 7 7 8 8 4 7
split_gain=1.79505 3.87883 3.68705 4.16007 4.04805 3.47476 2.72532 3.44082 2.90319 6.48834 2.90643 5.36183 9.81548 2.82294
threshold=1.0000000180025095e-35 256.50000000000006 1.0372488330000003 286.50000000000006 1.4372340155000003 -1.2858866839999998 1.0236530975000002 1.3307223345000001 0.92030577050000006 0.97547185450000018 1.1398697200000003 0.93179116150000019 0.87137823428901429 1.0025091765
decision_type=2 2 2 2 2 2 2 2 2 2 2 2 10 2
left_child=2 -2 6 4 -4 -6 7 8 -1 10 11 -10 -13 -11
right_child=1 -3 3 -5 5 -7 -8 -9 9 13 -12 12 -14 -15
leaf_value=0.0014048303707792891 0.00011908791078879294 -0.0011075478845689755 0.0044194749651536788 -0.00082001427981379387 -0.0040448822869127623 0.0031187637355463834 -0.0028180670141130853 0.0040595324685516578 -4.8238954437778656e-05 0.0018359403178089704 0.0004450945842282491 -0.0020310292240709486 -0.0064467527065532526 -0.00085214507862669967
leaf_weight=15649 445412 31919 14464 8979 3109 4791 5561 4885 3832 8772 3433 3501 3096 5012
leaf_count=15649 445412 31919 14464 8979 3109 4791 5561 4885 3832 8772 3433 3501 3096 5012
internal_value=5.47412e-05 1.70269e-05 0.000266309 0.000697253 0.00106218 0.000151803 1.49314e-05 0.000135934 -6.06229e-06 -0.000314093 -0.00107774 -0.00149296 -0.00235648 0.000453985
internal_weight=562415 477331 85084 31343 22364 7900 53741 48180 43295 27646 13862 10429 6597 13784
internal_count=562415 477331 85084 31343 22364 7900 53741 48180 43295 27646 13862 10429 6597 13784
is_linear=0
shrinkage=0.05


Tree=117
num_leaves=15
num_cat=0
split_feature=3 4 4 8 7 2 2 7 8 0 8 6 9 2
split_gain=1.86997 2.33589 2.24589 2.41259 2.40311 4.15677 2.16982 3.76102 6.19428 2.67447 2.88645 3.09803 2.97206 2.69237
threshold=30.811094635500002 1.6309062025753771 1.2974016851685504 1.2864916185000002 1.0269027190000002 2.5000000000000004 1.0000000180025095e-35 1.0806154645000003 1.5257105520000003 64.500000000000014 1.5257105520000003 1.0000000180025095e-35 23.500000000000004 1.5000000000000002
decision_type=2 8 10 2 2 2 2 2 2 2 2 2 2 2
left_child=1 6 3 -2 -4 -6 7 -1 -9 10 11 -8 -13 -11
right_child=2 -3 4 -5 5 -7 9 8 -10 13 -12 12 -14 -15
leaf_value=0.00023907833972336163 0.001412000278097856 -0.0033549856874357459 -0.0048304845794997289 0.0066704602475569676 0.0046098714458144441 -0.0029392728260636157 -0.0014583919933277474 0.0056816121164533452 -0.0024539962743623761 0.0011028598241008601 0.0013239920104463378 -0.00083962704495769969 0.0026760640355957682 -7.8533255169364911e-06
leaf_weight=62039 14034 5271 3474 7822 4687 4568 28810 11572 4885 46817 7125 18843 5885 336531
leaf_count=62039 14034 5271 3474 7822 4687 4568 28810 11572 4885 46817 7125 18843 5885 336531
internal_value=5.18478e-05 2.85061e-05 0.000407994 0.000715429 -0.000119954 0.000301026 3.90757e-05 0.000281398 0.000953256 -3.76669e-06 -0.000312232 -0.000438059 -2.74936e-05 4.50499e-05
internal_weight=562363 527778 34585 21856 12729 9255 522507 78496 16457 444011 60663 53538 24728 383348
internal_count=562363 527778 34585 21856 12729 9255 522507 78496 16457 444011 60663 53538 24728 383348
is_linear=0
shrinkage=0.05


Tree=118
num_leaves=15
num_cat=0
split_feature=3 4 7 2 2 3 2 2 6 4 0 2 8 0
split_gain=2.48682 1.88775 2.22961 3.76857 2.0379 1.88569 2.22214 1.73631 8.74112 3.07596 2.50029 2.22928 3.24205 2.74868
threshold=30.811094635500002 1.2974016851685504 1.0269027190000002 2.5000000000000004 3.5000000000000004 25.804624848500001 2.5000000000000004 8.5000000000000018 1.0000000180025095e-35 0.79780085856231464 274.50000000000006 5.5000000000000009 0.76496364600000011 239.50000000000003
decision_type=2 10 2 2 2 2 2 2 2 10 2 2 2 2
left_child=5 4 -3 -4 -2 7 -7 10 -9 -10 11 -1 13 -13
right_child=1 2 3 -5 -6 6 -8 8 9 -11 -12 12 -14 -15
leaf_value=0.00013869034134866791 0.0055719797765492853 -0.0046296392791145358 0.0045070084288524898 -0.0023145186859906144 0.001342770788400056 0.00078999368878532599 -0.0038786129553868096 -0.00080433267825430303 0.00053981733479283576 -0.00032831781795467628 0.0023556025847780984 0.00074555595926628832 -0.00097879673641169669 -0.00095281775466143882
leaf_weight=431506 9086 3420 4651 4531 12736 4008 4767 3406 3061 3365 22504 9902 38141 7343
leaf_count=431506 9086 3420 4651 4531 12736 4008 4767 3406 3061 3365 22504 9902 38141 7343
internal_value=4.02138e-05 0.000451945 -3.52978e-05 0.000370632 0.000733266 1.33663e-05 -0.000713269 2.56533e-05 -0.000632307 0.000453273 3.83588e-05 1.45411e-05 -0.000284071 0.000284783
internal_weight=562427 34424 12602 9182 21822 528003 8775 519228 9832 6426 509396 486892 55386 17245
internal_count=562427 34424 12602 9182 21822 528003 8775 519228 9832 6426 509396 486892 55386 17245
is_linear=0
shrinkage=0.05


Tree=119
num_leaves=15
num_cat=0
split_feature=3 4 7 7 8 0 8 8 8 8 3 4 7 8
split_gain=2.13833 1.93438 1.66505 2.06906 3.83238 1.86551 1.63252 2.65503 1.86489 4.91411 3.61922 4.08497 4.12761 3.35962
threshold=32.333658099500006 1.6309062025753771 1.1958845235000004 1.1404764035000001 1.2307180285000003 249.50000000000003 1.8117857720000001 1.7230644500000003 1.5655814165000002 1.5109388625000002 -11.824369732999997 1.0414846473021773 1.1082971910000003 1.3804488530000001
decision_type=2 10 2 2 2 2 2 2 2 2 2 8 2 2
left_child=1 6 3 4 5 -2 7 8 9 13 -10 12 -12 -1
right_child=2 -3 -4 -5 -6 -7 -8 -9 10 -11 11 -13 -14 -15
leaf_value=-2.7401080564767505e-05 -0.002673042408966585 -0.0040454609225759001 0.0067814221322095155 -0.0037563215967573262 0.0048170755744641339 0.001404034709378043 0.0030996405122110963 -0.0019435492528539209 0.0043199666968359567 -0.0019663630749837645 0.00042807348133270975 0.0033112941041798989 -0.0046746931680577445 0.0016987202213860854
leaf_weight=429411 4789 3269 3757 3009 10929 9738 5511 5202 7154 16215 6298 6283 3408 47432
leaf_count=429411 4789 3269 3757 3009 10929 9738 5511 5202 7154 16215 6298 6283 3408 47432
internal_value=3.60281e-05 1.19911e-05 0.000431471 0.000300755 0.000447351 -8.48128e-05 1.95192e-05 1.04669e-05 2.17985e-05 1.20681e-06 0.000460407 4.20471e-05 -0.000600865 3.0319e-05
internal_weight=562405 530183 32222 28465 25456 14527 526914 521403 516201 493058 23143 15989 9706 476843
internal_count=562405 530183 32222 28465 25456 14527 526914 521403 516201 493058 23143 15989 9706 476843
is_linear=0
shrinkage=0.05


Tree=120
num_leaves=15
num_cat=0
split_feature=2 0 0 9 0 4 7 7 7 3 3 4 7 7
split_gain=1.8968 3.41781 4.13436 2.60169 2.88915 4.14116 2.34801 2.26799 5.12017 4.92196 3.80674 5.38106 9.04904 3.69105
threshold=5.5000000000000009 251.50000000000003 289.50000000000006 70.500000000000014 279.50000000000006 1.0679294538569084 0.89684266700000015 0.97161239850000014 0.95974503000000011 22.559534021000005 5.800348049500001 0.78871324537932741 0.96400287100000004 0.93676478250000017
decision_type=2 2 2 2 2 10 2 2 2 2 2 8 2 2
left_child=1 7 -3 4 5 -2 -5 8 9 13 11 -10 -13 -1
right_child=3 2 -4 6 -6 -7 -8 -9 10 -11 -12 12 -14 -15
leaf_value=-0.00022909192199337464 -6.3981216805441597e-05 0.0037760189804359502 -0.0053863483288406041 0.00068310808867271531 0.00073235303947411011 -0.0066394534479720492 -0.0017981992913272283 0.00038435851558089396 -0.00040908849171756353 -0.0057526281480751555 0.0016137258851367606 -0.0073974855672741943 -0.0013834188384886179 0.0010249516104818598
leaf_weight=104700 45684 29897 3390 4038 16865 3168 19703 271237 8372 3247 3094 3234 6762 39007
leaf_count=104700 45684 29897 3390 4038 16865 3168 19703 271237 8372 3247 3094 3234 6762 39007
internal_value=4.2843e-05 8.27792e-05 0.000571233 -0.000168282 -6.20029e-06 -0.000200995 -0.000616841 4.57913e-05 -9.8325e-05 7.04285e-06 -0.00081963 -0.00109291 -0.00187581 5.057e-05
internal_weight=562398 472940 33287 89458 65717 48852 23741 439653 168416 146954 21462 18368 9996 143707
internal_count=562398 472940 33287 89458 65717 48852 23741 439653 168416 146954 21462 18368 9996 143707
is_linear=0
shrinkage=0.05


Tree=121
num_leaves=15
num_cat=0
split_feature=3 4 2 4 7 3 7 9 0 7 7 9 3 4
split_gain=1.66487 1.90533 1.77642 2.77689 3.75806 3.46515 2.53001 2.41612 2.77854 4.0858 4.21902 3.02041 2.51886 2.51301
threshold=34.022835308000005 1.6309062025753771 1.5000000000000002 0.66266938047623913 0.87716334050000011 -8.7514951979999989 0.84269594050000007 70.500000000000014 94.500000000000014 1.0477556685000002 1.0025091765 19.500000000000004 -2.8643131859999995 0.60070321629498824
decision_type=2 8 2 10 2 2 2 2 2 2 2 2 2 10
left_child=1 2 3 -1 6 -6 -5 8 9 10 -4 -11 -13 -9
right_child=-2 -3 7 4 5 -7 -8 13 -10 11 -12 12 -14 -15
leaf_value=-0.00044095132543959164 0.0017344363393266519 -0.0027090172233060405 -0.00059195528857554965 0.00094126547093302179 0.0022062652034917883 0.00057261861958339826 -0.0024739414535001748 0.0016743896501601537 0.00026855010370300939 0.00054733634460813016 0.0024688133661302544 -0.00092974309475976787 -0.0047685241501108687 -0.00067208543196386377
leaf_weight=39267 30036 5377 31564 4928 22977 92311 4663 5968 166702 3440 8163 6649 3079 137300
leaf_count=39267 30036 5377 31564 4928 22977 92311 4663 5968 166702 3440 8163 6649 3079 137300
internal_value=3.53112e-05 1.48763e-05 2.44348e-05 0.000160919 0.000276236 0.000355356 -0.0006745 -3.73067e-05 6.69052e-05 -0.000248818 4.21581e-06 -0.00101192 -0.00146204 -0.000197036
internal_weight=562424 532388 527011 164146 124879 115288 9591 362865 219597 52895 39727 13168 9728 143268
internal_count=562424 532388 527011 164146 124879 115288 9591 362865 219597 52895 39727 13168 9728 143268
is_linear=0
shrinkage=0.05


Tree=122
num_leaves=15
num_cat=0
split_feature=3 4 2 2 4 8 8 9 8 2 3 8 0 8
split_gain=2.3114 1.7675 2.00841 1.47254 2.91275 4.64256 2.68099 2.45356 2.26205 3.55693 2.56992 2.19982 2.07845 3.39199
threshold=30.811094635500002 1.2974016851685504 3.5000000000000004 1.0000000180025095e-35 1.1319908677567525 1.5045412810000003 1.5937806755000004 11.500000000000002 1.0238803150000002 2.5000000000000004 14.265379290500002 1.2341656950000002 75.500000000000014 1.4929318085000001
decision_type=2 10 2 2 10 2 2 2 2 2 2 2 2 2
left_child=3 2 -2 7 6 8 12 11 -6 10 -10 -1 13 -5
right_child=1 -3 -4 4 5 -7 -8 -9 9 -11 -12 -13 -14 -15
leaf_value=0.00028400215269946586 0.0050823720236184908 -9.3297114032191443e-05 0.0013683530746880232 -0.00088095473569761501 0.0018216924710028665 -0.0046818106664858299 0.0014156132628171403 0.0009618633704030551 -0.0023943084712023995 -0.0033241337221787391 0.0022343656080826249 -0.0023636882071327529 4.9711705374833703e-05 0.0019900978395277712
leaf_weight=13432 9165 12765 12775 60279 4619 4975 20455 61931 4364 3466 7107 7780 334442 4905
leaf_count=13432 9165 12765 12775 60279 4619 4975 20455 61931 4364 3466 7107 7780 334442 4905
internal_value=3.44022e-05 0.000429631 0.000701754 8.40824e-06 -2.77092e-05 -0.000557242 3.21964e-06 0.000201538 -0.000210112 -0.000509135 -8.4742e-05 -0.000262525 -2.53608e-05 -0.000283637
internal_weight=562460 34705 21940 527755 444612 24531 420081 83143 19556 14937 11471 21212 399626 65184
internal_count=562460 34705 21940 527755 444612 24531 420081 83143 19556 14937 11471 21212 399626 65184
is_linear=0
shrinkage=0.05


Tree=123
num_leaves=15
num_cat=0
split_feature=0 2 9 0 3 2 8 3 8 7 8 0 7 2
split_gain=2.18874 2.22983 8.17533 4.17739 2.62476 2.56119 4.50528 3.65639 5.24836 3.46586 3.27522 6.93652 2.92327 3.3912
threshold=296.50000000000006 8.5000000000000018 39.500000000000007 272.50000000000006 -42.779155539499989 4.5000000000000009 0.92000341650000006 -28.399011757499995 1.2664281020000001 1.2282903035000003 1.1790741830000002 210.50000000000003 0.87461235800000015 6.5000000000000009
decision_type=2 2 2 2 2 2 2 2 2 2 2 2 2 2
left_child=1 3 4 5 -3 9 12 8 -8 -1 -9 -12 -7 -14
right_child=-2 2 -4 -5 -6 6 7 10 -10 -11 11 -13 13 -15
leaf_value=0.00016873855751698395 -0.0035661140142669609 0.00041230735038074806 -0.0011412837549507249 0.0029499659440447527 -0.00022285605128164241 -0.0010299798444343936 -0.00078540515346802895 -0.0014441100300819755 0.005301782014175257 0.0040361104206006228 -0.0056804886756003179 -0.0026919699659926537 0.0019645019357259407 -0.00022760024490726434
leaf_weight=404346 4004 3024 3227 34129 3154 7956 22767 17723 4333 8848 3236 5733 23396 16594
leaf_count=404346 4004 3024 3227 34129 3154 7956 22767 17723 4333 8848 3236 5733 23396 16594
internal_value=4.41354e-05 5.24916e-05 -0.00071068 6.55705e-05 0.000355006 3.0062e-05 -0.000194657 -0.000508764 -9.96126e-05 8.53948e-05 -0.000924074 -0.00170242 0.000157765 0.000331917
internal_weight=562470 558466 9405 549061 6178 514932 101738 53792 27100 413194 26692 8969 47946 39990
internal_count=562470 558466 9405 549061 6178 514932 101738 53792 27100 413194 26692 8969 47946 39990
is_linear=0
shrinkage=0.05


Tree=124
num_leaves=15
num_cat=0
split_feature=0 3 0 8 0 8 8 7 7 7 3 8 8 3
split_gain=1.47116 2.17806 1.68644 2.79465 1.31818 1.29212 6.67373 6.15445 3.90645 3.72277 3.21882 3.52695 4.84511 4.83131
threshold=296.50000000000006 32.333658099500006 145.50000000000003 1.5655814165000002 217.50000000000003 1.0298537230000002 1.0395400325000002 0.98592712050000009 1.0062613620000003 1.0000005915000003 -8.5488785024999974 0.97202102300000015 0.92882715100000013 0.79505891500000014
decision_type=2 2 2 2 2 2 2 2 2 2 2 2 2 2
left_child=1 5 -3 4 -4 8 7 -7 9 10 -1 12 -12 -14
right_child=-2 2 3 -5 -6 6 -8 -9 -10 -11 11 -13 13 -15
leaf_value=0.00029184580644854748 -0.0029685797537798353 -0.0024496135373840767 0.003948839835914853 -0.0045532341044660146 0.0027032125119980325 -0.003658134144715738 8.4170896925157943e-07 -0.0001719083477169451 0.0011923915348309587 -0.0027032390189020215 -0.00060586894337133371 0.0011642774764315516 -0.0070195152343168312 -0.00084861214461294141
leaf_weight=106957 3988 3521 5256 3225 18800 3118 321460 3031 45482 3436 25887 10932 3984 3022
leaf_count=106957 3988 3521 5256 3225 18800 3118 321460 3031 45482 3436 25887 10932 3984 3022
internal_value=4.72289e-05 5.40704e-05 0.00046272 0.000595635 0.000780932 3.01955e-05 -3.09128e-05 -0.00166193 0.000130442 1.03422e-05 4.74511e-05 -0.000313427 -0.000571995 -0.00173798
internal_weight=562099 558111 30802 27281 24056 527309 327609 6149 199700 154218 150782 43825 32893 7006
internal_count=562099 558111 30802 27281 24056 527309 327609 6149 199700 154218 150782 43825 32893 7006
is_linear=0
shrinkage=0.05


Tree=125
num_leaves=15
num_cat=0
split_feature=7 8 8 9 3 7 0 4 3 8 8 7 8 7
split_gain=1.64576 2.24319 1.57073 1.48607 1.72568 2.08157 1.59031 1.67798 1.54969 1.46028 5.2985 5.19217 3.19234 2.66192
threshold=0.78832097300000015 0.71837815000000005 0.57916056400000016 10.500000000000002 29.408584089000005 0.96851606650000011 289.50000000000006 1.2974016851685504 26.969335557000004 1.4749027730000002 1.3804488530000001 0.98040150950000016 1.3953363945000004 1.0043877545000004
decision_type=2 2 2 2 2 2 2 10 2 2 2 2 2 2
left_child=1 -1 -2 -4 8 -6 7 -7 9 10 -5 -11 -12 -13
right_child=2 -3 3 4 5 6 -8 -9 -10 11 12 13 -14 -15
leaf_value=0.00024338989200680747 0.00055572079959896777 -0.0022217047806786829 -0.00058677764285717789 5.7310673162580777e-05 -0.0025375232756035013 0.0043419264129058435 -0.0028971206919813663 0.00075583006066049277 -0.0027741730139517543 -0.0031874472329940953 0.0044964431441731805 0.0045871536413828748 0.0017238122059066556 -0.00039298405312503072
leaf_weight=3181 5767 3499 40546 381788 4829 15947 3115 10133 4113 4313 5288 3746 27032 49122
leaf_count=3181 5767 3499 40546 381788 4829 15947 3115 10133 4113 4313 5288 3746 27032 49122
internal_value=3.93787e-05 -0.000740464 4.8759e-05 4.01472e-05 6.33354e-05 0.0004073 0.000566353 0.000693885 3.87143e-05 4.71522e-05 7.98575e-05 -0.000189688 0.000694509 -5.35244e-05
internal_weight=562419 6680 555739 549972 509426 34024 29195 26080 475402 471289 414108 57181 32320 52868
internal_count=562419 6680 555739 549972 509426 34024 29195 26080 475402 471289 414108 57181 32320 52868
is_linear=0
shrinkage=0.05


Tree=126
num_leaves=15
num_cat=0
split_feature=2 9 1 1 2 3 8 8 8 3 7 8 1 7
split_gain=1.59322 9.14158 2.07945 3.03122 2.35945 5.19001 3.78915 5.27551 5.63264 3.61084 3.17596 2.78287 3.08817 2.77749
threshold=8.5000000000000018 42.500000000000007 30.500000000000004 4.5000000000000009 4.5000000000000009 -7.1473281259999988 1.0364343765000001 1.2625560610000002 1.1901829620000004 -61.063381072999995 1.2282903035000003 0.65560813800000017 87.500000000000014 1.0083447180000003
decision_type=2 2 2 2 2 2 2 2 2 2 2 2 2 2
left_child=2 -2 3 -1 9 6 -6 8 13 -4 11 -11 -13 -8
right_child=1 -3 4 -5 5 -7 7 -9 -10 10 -12 12 -14 -15
leaf_value=-0.0032450743713469013 0.00015568130083850563 -0.0011745796002204422 -0.0041127746519468182 0.0024457667426160696 0.0002509892581813073 -0.0028395490578019197 0.00037480380735866858 0.0025042142170447861 -0.0051463267558699705 0.0035083563171076624 0.0037514755249036993 0.0015747348884036364 3.3341254710927627e-05 -0.0029836237654976738
leaf_weight=4368 7117 3150 3463 37762 58463 16377 5956 6719 3252 3134 8851 44061 352017 7536
leaf_count=4368 7117 3150 3463 37762 58463 16377 5956 6719 3252 3134 8851 44061 352017 7536
internal_value=4.43146e-05 -0.000572673 5.57963e-05 0.000393378 2.78964e-05 -0.000192177 -2.97201e-05 -0.00056641 -0.00104126 8.04679e-05 9.41204e-05 7.33436e-05 6.15907e-05 -0.000590502
internal_weight=562226 10267 551959 42130 509829 98303 81926 23463 16744 411526 408063 399212 396078 13492
internal_count=562226 10267 551959 42130 509829 98303 81926 23463 16744 411526 408063 399212 396078 13492
is_linear=0
shrinkage=0.05


Tree=127
num_leaves=15
num_cat=0
split_feature=2 7 8 1 7 8 4 4 2 7 7 9 7 7
split_gain=1.55045 3.05075 5.31894 2.30293 2.52279 3.04164 6.09495 4.09623 2.95049 5.77414 6.61232 3.75368 3.68331 3.70951
threshold=1.0000000180025095e-35 1.0806154645000003 1.5257105520000003 238.50000000000003 0.85087883000000009 1.0062346055000002 0.63220293724250809 0.81771508062458265 2.5000000000000004 1.1316016705000003 1.1539737475000003 90.500000000000014 1.1404764035000001 1.2399318305000002
decision_type=2 2 2 2 2 2 10 10 2 2 2 2 2 2
left_child=1 -1 -3 4 5 6 -2 -8 9 -6 -11 12 -10 -14
right_child=3 2 -4 -5 8 -7 7 -9 11 10 -12 -13 13 -15
leaf_value=0.00017816502659055207 -0.0023385601905610907 0.004624446124359664 -0.0022316957711159473 -0.00062933545498877676 0.0011267045530185416 -0.0034414820266969546 0.0013247877882373363 -0.0017482044519980236 3.5701183089463779e-05 -0.0058650403276643594 0.0004874344375976058 -0.00096566864314170616 0.0029039013105649626 -0.0020143560715949189
leaf_weight=66006 3352 13536 5609 56735 114528 3071 9007 6753 185013 3358 5404 67232 17960 4468
leaf_count=66006 3352 13536 5609 56735 114528 3071 9007 6753 185013 3358 5404 67232 17960 4468
internal_value=4.74702e-05 0.000243993 0.000799608 1.23772e-05 5.27549e-05 -0.00046613 -0.000231208 0.00018078 8.16838e-05 0.000284886 -0.000951865 -9.52927e-06 9.56997e-05 0.000700753
internal_weight=562032 85151 19145 476881 420146 22183 19112 15760 397963 123290 8762 274673 207441 22428
internal_count=562032 85151 19145 476881 420146 22183 19112 15760 397963 123290 8762 274673 207441 22428
is_linear=0
shrinkage=0.05


Tree=128
num_leaves=15
num_cat=0
split_feature=8 2 8 7 3 8 7 2 5 3 7 7 8 3
split_gain=1.57547 3.18819 3.96159 2.93105 5.99792 5.36904 4.88296 4.54797 3.08815 3.28222 3.06159 7.41519 8.40208 5.8829
threshold=0.89087699650000018 5.5000000000000009 0.90110449700000006 0.89684266700000015 -34.41246685849999 1.1110002205 0.91017144550000018 1.0000000180025095e-35 12.500000000000002 -15.433392116499999 0.93676478250000017 0.92838181100000006 1.2378861385000002 -17.714116291499995
decision_type=2 2 2 2 2 2 2 2 2 2 2 2 2 2
left_child=-1 2 -2 4 -4 7 -5 -6 9 -9 11 12 -8 -13
right_child=1 -3 3 6 5 -7 10 8 -10 -11 -12 13 -14 -15
leaf_value=0.0003113784401553853 -0.0036683013334857643 -0.00095228284911960453 0.0030181586764114251 0.0035616146525291673 0.00086810340811478638 0.0007978992926625547 0.0013793560293429694 -0.0023065209631710623 -0.00087870258174486862 -0.0047050568584072888 0.00031152570066864268 0.00010261741687242476 -0.0044021628158179065 -0.0046115613200415689
leaf_weight=111260 4661 35624 5664 11145 3666 6121 15466 6115 3596 6150 338621 4209 3046 6751
leaf_count=111260 4661 35624 5664 11145 3666 6121 15466 6115 3596 6150 338621 4209 3046 6751
internal_value=4.81009e-05 6.51568e-06 4.54644e-05 6.19284e-05 -0.000402976 -0.00072818 0.000100318 -0.00113314 -0.00149991 -0.00187755 6.90917e-05 -0.000419649 0.000190636 -0.00145007
internal_weight=562095 450835 415211 410550 31312 25648 379238 19527 15861 12265 368093 29472 18512 10960
internal_count=562095 450835 415211 410550 31312 25648 379238 19527 15861 12265 368093 29472 18512 10960
is_linear=0
shrinkage=0.05


Tree=129
num_leaves=15
num_cat=0
split_feature=2 8 4 0 0 2 0 8 3 7 7 7 7 7
split_gain=1.85786 6.34095 3.3706 2.57183 3.36455 2.09673 3.38678 3.35162 4.79377 8.31095 4.58697 3.16638 2.45492 2.91207
threshold=8.5000000000000018 0.65560813800000017 0.76258447403184448 296.50000000000006 272.50000000000006 3.5000000000000004 238.50000000000003 1.2273597760000001 -24.513194511499997 1.0210106120000002 1.0975312830000001 0.78832097300000015 0.82025456000000008 0.85421943300000003
decision_type=2 2 10 2 2 2 2 2 2 2 2 2 2 2
left_child=3 -2 -3 4 5 6 11 -7 -9 -10 -11 -1 -13 -14
right_child=1 2 -4 -5 -6 7 -8 8 9 10 -12 12 13 -15
leaf_value=-0.0016150266159778348 0.00046058883019722482 -4.4062212232662094e-05 -0.0011874235424136055 -0.00443397013525605 0.0025739976677967434 -1.4087780864560359e-05 0.0036954762222048002 0.00053853887473167758 -0.0055930990121380005 0.0012549985740880516 -0.0025257629751974553 0.0026635002455168652 -0.0014126571070640006 0.00025749513108237076
leaf_weight=4283 3131 3092 3925 3210 34016 133236 9785 13516 4516 7497 8799 5574 10489 317479
leaf_count=4283 3131 3092 3925 3210 34016 133236 9785 13516 4516 7497 8799 5574 10489 317479
internal_value=3.6921e-05 -0.00063331 -0.00146789 4.92393e-05 5.74933e-05 2.56902e-05 9.57238e-05 -0.000119592 -0.000560102 -0.00103617 -0.000509785 6.91547e-05 8.65096e-05 6.88167e-05
internal_weight=562548 10148 7017 552400 549190 515174 347610 167564 34328 20812 16296 337825 333542 327968
internal_count=562548 10148 7017 552400 549190 515174 347610 167564 34328 20812 16296 337825 333542 327968
is_linear=0
shrinkage=0.05


Tree=130
num_leaves=15
num_cat=0
split_feature=2 7 1 8 3 7 1 7 7 8 7 8 8 8
split_gain=1.19296 2.7062 3.08288 3.64429 3.61294 2.73122 2.49448 2.02457 4.09719 6.1259 14.0405 4.67348 3.85562 2.43073
threshold=1.0000000180025095e-35 1.0372488330000003 287.50000000000006 1.4372340155000003 -1.4742524694999999 1.0567018745000001 255.50000000000003 0.92030577050000006 0.96664708200000005 1.2580429490000002 1.0130294275000002 1.1006292565000002 0.93179116150000019 1.1398697200000003
decision_type=2 2 2 2 2 2 2 2 2 2 2 2 2 2
left_child=1 7 3 5 -5 -3 -2 -1 11 13 -11 12 -9 -10
right_child=6 2 -4 4 -6 -7 -8 8 9 10 -12 -13 -14 -15
leaf_value=0.0010675460212902909 6.470490921459559e-05 0.00032261896597718387 -0.00093545815810189932 -0.0038024351290464505 0.0027436055144402106 0.0047775822562454084 -0.00092220278439912205 -0.00074157147854319119 0.0006997636539436237 0.0020789783584152528 -0.0073308930107767491 0.00050520324051817338 -0.0049328730223107886 0.0035038329463255424
leaf_weight=15836 444148 3735 8517 3156 4951 11051 33230 3181 11595 4626 3486 4612 4545 5618
leaf_count=15836 444148 3735 8517 3156 4951 11051 33230 3181 11595 4626 3486 4612 4545 5618
internal_value=2.95532e-05 0.000202234 0.000570587 0.000872675 2.06485e-05 0.00133967 -1.16252e-06 -1.40643e-05 -0.00021351 0.000150513 -0.00098189 -0.000960463 -0.00171194 0.000684313
internal_weight=562287 84909 31410 22893 8107 14786 477378 53499 37663 25325 8112 12338 7726 17213
internal_count=562287 84909 31410 22893 8107 14786 477378 53499 37663 25325 8112 12338 7726 17213
is_linear=0
shrinkage=0.05


Tree=131
num_leaves=15
num_cat=0
split_feature=3 7 7 8 0 8 8 7 7 3 8 7 7 7
split_gain=1.42679 1.85911 2.55319 3.23474 2.10956 1.61464 5.28678 6.52861 3.42849 2.96452 2.56318 2.21115 2.87448 3.35187
threshold=30.811094635500002 1.1958845235000004 1.1404764035000001 1.2307180285000003 247.50000000000003 1.0298537230000002 1.0395400325000002 0.98486908750000002 1.0380891340000002 25.804624848500001 1.0180504000000001 1.0246973790000002 1.0062613620000003 1.0000005915000003
decision_type=2 2 2 2 2 2 2 2 2 2 2 2 2 2
left_child=5 2 3 4 -2 8 7 -7 10 -8 11 12 13 -1
right_child=1 -3 -4 -5 -6 6 9 -9 -10 -11 -12 -13 -14 -15
leaf_value=3.5183874112426103e-05 -0.0033703212158698406 0.0057046455283450148 -0.0041574479647167204 0.0037776301061752705 0.0013106080062008866 -0.0033502918265878954 5.1713871827792767e-06 0.0003083632111130631 0.0014034643593682954 -0.003104182648026959 0.001933167624993602 -0.0015155487116635892 0.0019352850011727929 -0.0025283215482379776
leaf_weight=145879 5066 3922 3262 11813 10348 3020 314284 3189 29394 6186 7167 5773 9791 3346
leaf_count=145879 5066 3922 3262 11813 10348 3020 314284 3189 29394 6186 7167 5773 9791 3346
internal_value=4.04485e-05 0.00035238 0.000220453 0.000378874 -9.82553e-05 2.01171e-05 -4.85254e-05 -0.001493 0.000131484 -2.05164e-05 4.61733e-05 5.90137e-06 4.08123e-05 -1.36534e-05
internal_weight=562440 34411 30489 27227 15414 528029 326679 6209 201350 320470 171956 164789 159016 149225
internal_count=562440 34411 30489 27227 15414 528029 326679 6209 201350 320470 171956 164789 159016 149225
is_linear=0
shrinkage=0.05


Tree=132
num_leaves=15
num_cat=0
split_feature=2 7 9 8 4 7 7 8 7 8 8 7 8 7
split_gain=1.67243 2.77912 3.63804 2.84191 2.52019 2.2841 3.29121 5.39539 13.2388 3.90325 2.96546 2.60548 2.56381 2.27212
threshold=1.0000000180025095e-35 1.0372488330000003 9.5000000000000018 1.6285984270000002 0.79319409141496344 0.92030577050000006 0.96664708200000005 1.2580429490000002 1.0130294275000002 1.1006292565000002 0.93179116150000019 0.9003718140000001 1.1398697200000003 1.0093846440000001
decision_type=2 2 2 2 10 2 2 2 2 2 2 2 2 2
left_child=1 5 -3 4 -4 11 9 12 -9 10 -7 -1 13 -8
right_child=-2 2 3 -5 -6 6 7 8 -10 -11 -12 -13 -14 -15
leaf_value=0.00032766726197186544 1.4482074318298143e-05 -0.0015478675269389281 0.0010289476275071319 -0.0022412170757655932 0.0036729876132015867 -0.00071465714557336028 -0.00049889522542937565 0.0022055412184820086 -0.006963061905999806 0.00042828597817458819 -0.0042958090188596034 0.0045172572439867225 0.0034849368232147699 0.0032820268658969344
leaf_weight=12046 477587 6667 5414 3052 16353 3188 8148 4570 3490 4646 4546 3713 5679 3360
leaf_count=12046 477587 6667 5414 3052 16353 3188 8148 4570 3490 4646 4546 3713 5679 3360
internal_value=4.2665e-05 0.000247181 0.000619701 0.000898224 0.00109854 2.74391e-05 -0.000184218 0.000143256 -0.000923744 -0.000851837 -0.0015396 0.000532701 0.000643759 0.00021454
internal_weight=562459 84872 31486 24819 21767 53386 37627 25247 8060 12380 7734 15759 17187 11508
internal_count=562459 84872 31486 24819 21767 53386 37627 25247 8060 12380 7734 15759 17187 11508
is_linear=0
shrinkage=0.05


Tree=133
num_leaves=15
num_cat=0
split_feature=4 2 7 1 9 1 2 1 1 4 2 7 1 5
split_gain=1.5409 1.86451 3.4325 2.53584 2.04265 2.73974 2.68482 2.76744 2.39325 4.59179 2.33126 2.32409 2.10615 2.7494
threshold=1.8203684389239805 1.0000000180025095e-35 1.0806154645000003 249.50000000000003 48.500000000000007 229.50000000000003 4.5000000000000009 100.50000000000001 20.500000000000004 1.057773701193568 7.5000000000000009 1.0311271285000003 8.5000000000000018 19.500000000000004
decision_type=8 2 2 2 2 2 2 2 2 10 2 2 2 2
left_child=1 2 -1 4 6 10 7 11 -8 -10 12 -3 -6 -14
right_child=-2 3 -4 -5 5 -7 8 -9 9 -11 -12 -13 13 -15
leaf_value=0.00018196525893004835 -0.0026437531980500967 0.0028669887483370547 0.0031435737183151029 -0.00077249739784141956 -0.0059562568554752228 -0.0031291655418250854 0.00062729578937536948 0.00057861140384751178 -4.0273316945644513e-05 -0.0046293773517134982 -0.00065541991564654781 0.0064816988968430028 -7.336000713747704e-05 0.0026651048178765978
leaf_weight=63271 4355 5329 17744 40932 3336 6316 16462 72416 49517 6027 8933 6058 242725 19024
leaf_count=63271 4355 5329 17744 40932 3336 6316 16462 72416 49517 6027 8933 6058 242725 19024
internal_value=2.74914e-05 3.4806e-05 0.000256573 -2.85585e-06 3.24604e-05 -4.82094e-05 0.0001776 0.000369983 -4.63123e-05 -0.000203244 -2.44687e-05 0.00109441 2.3106e-06 1.82328e-05
internal_weight=562445 558090 81015 477075 436143 280334 155809 83803 72006 55544 274018 11387 265085 261749
internal_count=562445 558090 81015 477075 436143 280334 155809 83803 72006 55544 274018 11387 265085 261749
is_linear=0
shrinkage=0.05


Tree=134
num_leaves=15
num_cat=0
split_feature=2 1 1 9 7 1 4 5 7 2 7 1 7 7
split_gain=1.49174 2.97859 5.15231 2.36316 2.76855 2.61404 3.19038 2.36875 1.56362 1.50695 2.96145 2.74516 2.18668 3.48555
threshold=5.5000000000000009 10.500000000000002 42.500000000000007 84.500000000000014 0.97667913200000012 20.500000000000004 0.8021501875254079 8.5000000000000018 0.78832097300000015 1.0000000180025095e-35 1.0806154645000003 254.50000000000003 0.92030577050000006 0.96664708200000005
decision_type=2 2 2 2 2 2 10 2 2 2 2 2 2 2
left_child=1 -1 -3 5 -5 -2 -7 -8 -4 10 12 -11 -10 -14
right_child=3 2 8 4 -6 6 7 -9 9 11 -12 -13 13 -15
leaf_value=-0.0066337059814599413 0.0006435502215248731 0.0037979685295827861 -0.0011939369257962518 1.6458838544859364e-05 -0.0029377979198679247 0.00012756056919127276 -5.9470489809477914e-05 -0.0022301496789994919 0.0015058051853211992 0.00015649683522092159 0.002856155196295878 -0.00093896451329714733 -0.0012967672769801878 0.00042791499384363949
leaf_weight=3429 18114 23595 5276 7497 8902 29330 10884 14724 14645 322736 19037 33887 12374 37562
leaf_count=3429 18114 23595 5276 7497 8902 29330 10884 14724 14645 322736 19037 33887 12374 37562
internal_value=4.05341e-05 7.59768e-05 8.67162e-05 -0.000146692 -0.000689009 -2.4912e-05 -0.000196658 -0.000604381 4.85779e-05 5.88365e-05 0.000249872 1.40413e-05 8.82932e-05 -6.92817e-05
internal_weight=561992 472541 469112 89451 16399 73052 54938 25608 445517 440241 83618 356623 64581 49936
internal_count=561992 472541 469112 89451 16399 73052 54938 25608 445517 440241 83618 356623 64581 49936
is_linear=0
shrinkage=0.05


Tree=135
num_leaves=15
num_cat=0
split_feature=2 9 0 8 8 0 8 3 8 0 8 4 8 8
split_gain=1.36848 2.82682 3.4182 4.76866 3.26781 2.61411 2.28256 4.80726 5.00955 4.91338 2.79201 2.35232 2.84063 4.05426
threshold=2.5000000000000004 68.500000000000014 148.50000000000003 0.95512985650000004 0.99757989400000013 169.50000000000003 1.3953363945000004 -11.357419884999999 1.5937806755000004 177.50000000000003 1.3346537415000002 0.60534746146561835 0.85329468650000007 0.91347224800000004
decision_type=2 2 2 2 2 2 2 2 2 2 2 10 2 2
left_child=5 2 3 -2 -5 -1 10 9 -9 -8 11 -3 -13 -14
right_child=1 6 -4 4 -6 -7 7 8 -10 -11 -12 12 13 -15
leaf_value=0.00018132661759250523 0.00049419636154563167 0.0018210641655076597 0.00042281246847582476 -0.0044809848686157717 -0.00071661911964549625 0.0015697848779021965 -0.0019755019396498152 -0.0042184303792772082 0.00034985604087158124 0.0034213920021812731 0.0036622710661632432 -0.0020883273408735556 0.002974627336702325 -0.00067420146903449953
leaf_weight=236376 16610 4807 119242 3029 37813 29880 3032 6944 3624 4759 6514 15237 8206 66187
leaf_count=236376 16610 4807 119242 3029 37813 29880 3032 6944 3624 4759 6514 15237 8206 66187
internal_value=4.76644e-05 -2.63167e-05 0.000100651 -0.000216162 -0.000506647 0.00012991 -0.000214349 -0.000727102 -0.00142155 0.000215175 -0.000121068 -0.000190143 -0.00024795 -0.000120534
internal_weight=562260 296004 176694 57452 40842 266256 119310 18359 10568 7791 100951 94437 89630 74393
internal_count=562260 296004 176694 57452 40842 266256 119310 18359 10568 7791 100951 94437 89630 74393
is_linear=0
shrinkage=0.05


Tree=136
num_leaves=15
num_cat=0
split_feature=8 8 5 8 8 3 8 8 7 7 4 7 3 4
split_gain=1.3729 4.49568 2.2803 1.59159 3.55379 3.31111 3.26652 4.29094 3.33951 3.21578 4.55882 3.42126 4.35863 2.78482
threshold=1.8117857720000001 1.7230644500000003 10.500000000000002 1.5655814165000002 1.5109388625000002 -10.894448902499999 1.3804488530000001 1.3953363945000004 1.1316016705000003 1.0742902665 0.83798635108021402 1.0311271285000003 -2.8643131859999995 1.0414846473021773
decision_type=2 2 2 2 2 2 2 2 2 2 10 2 2 8
left_child=1 3 -3 4 6 -5 -1 -8 9 11 -11 12 -9 -7
right_child=-2 2 -4 5 -6 13 7 8 -10 10 -12 -13 -14 -15
leaf_value=1.0969554739883603e-05 0.0023410197649159216 -0.0040865144109213268 -0.0012892290461177227 0.0036921898512911029 -0.0015886052140802066 -0.0012646178010729205 0.0043677476492895917 0.0014968368636157359 0.0032574363912727176 -0.006203193489006306 -2.0322341182171416e-05 0.0036179005367789722 -0.0030713298989997698 0.0026545163701085176
leaf_weight=454811 6066 3037 3155 7690 17546 9089 6482 9644 9725 3032 7131 10523 5787 8879
leaf_count=454811 6066 3037 3155 7690 17546 9089 6482 9644 9725 3032 7131 10523 5787 8879
internal_value=3.70467e-05 2.88886e-05 -0.00131031 4.3968e-05 2.51627e-05 0.000428438 4.93701e-05 0.000423475 0.000253125 3.1629e-05 -0.000722118 0.000326862 -0.000147221 5.67519e-05
internal_weight=562597 556531 6192 550339 524681 25658 507135 52324 45842 36117 10163 25954 15431 17968
internal_count=562597 556531 6192 550339 524681 25658 507135 52324 45842 36117 10163 25954 15431 17968
is_linear=0
shrinkage=0.05


Tree=137
num_leaves=15
num_cat=0
split_feature=3 4 2 7 4 7 7 3 1 9 3 4 7 2
split_gain=1.57479 2.15371 1.59315 2.65207 2.08827 5.64235 6.1772 3.49928 2.58762 1.84643 1.74376 1.69605 1.41425 1.58944
threshold=30.811094635500002 1.6309062025753771 1.0000000180025095e-35 1.0806154645000003 1.1319908677567525 1.0201546210000003 1.0498711450000002 14.854474593500003 161.50000000000003 94.500000000000014 1.2537603305000002 1.1924611523561388 0.97761726100000013 2.5000000000000004
decision_type=2 8 2 2 10 2 2 2 2 2 2 10 2 2
left_child=1 2 3 9 -4 8 -7 -8 -6 -1 -5 -9 -2 -14
right_child=12 -3 4 10 5 6 7 11 -10 -11 -12 -13 13 -15
leaf_value=0.00040259081347298931 -0.0011306981007395492 -0.0027343855834985002 2.0262528254663709e-05 0.001705007922467566 -0.0016405371146379266 -0.0055082570349813901 -0.003074527174993796 -0.0025481724543824987 0.002855378469177734 -0.0013642096447568325 0.0035990547733372792 0.0022632051382458608 0.0033402680690733095 0.00084778554843983238
leaf_weight=55712 6218 5316 419990 9780 3145 3096 3300 3255 7276 6443 6572 3954 9828 18543
leaf_count=55712 6218 5316 419990 9780 3145 3096 3300 3255 7276 6443 6572 3954 9828 18543
internal_value=3.37285e-05 1.23096e-05 2.25013e-05 0.000230124 -1.4211e-05 -0.000467521 -0.00113795 -0.000559016 0.000407875 8.10409e-05 0.000796601 5.85667e-05 0.000360539 0.000510202
internal_weight=562428 527839 522523 78507 444016 24026 13605 10509 10421 62155 16352 7209 34589 28371
internal_count=562428 527839 522523 78507 444016 24026 13605 10509 10421 62155 16352 7209 34589 28371
is_linear=0
shrinkage=0.05


Tree=138
num_leaves=15
num_cat=0
split_feature=9 8 9 8 8 3 0 8 5 8 8 8 8 7
split_gain=1.29153 1.8852 1.60259 3.63991 6.10994 2.35976 2.10575 2.28137 2.45522 1.9838 3.6621 1.84086 1.55493 2.93711
threshold=14.500000000000002 0.67707034600000016 92.500000000000014 0.85329468650000007 0.79747702750000016 48.10508384300001 286.50000000000006 0.88323363700000013 15.500000000000002 1.8117857720000001 1.7230644500000003 0.70998993300000013 0.87974686450000006 0.94237551550000009
decision_type=2 2 2 2 2 2 2 2 2 2 2 2 2 2
left_child=1 -1 5 4 11 9 7 -5 -9 10 12 -4 -2 -14
right_child=2 -3 3 6 -6 -7 -8 8 -10 -11 -12 -13 13 -15
leaf_value=0.00051108811982761065 0.00041542155020033074 -0.00062798242162715335 -0.0017098224778685348 0.0046461909199519442 -0.0049881325529259014 0.0043587266226977296 -0.005158984583323676 -0.00035945712587572541 0.0013677847312666446 0.005573825736586443 -0.0040011709224323051 0.0018418920423373551 -0.00062408904391954691 0.00031670349788474135
leaf_weight=5276 71849 58272 3126 3038 4321 8908 3049 78200 25990 3624 3640 4006 61487 227703
leaf_count=5276 71849 58272 3126 3038 4321 8908 3049 78200 25990 3624 3640 4006 61487 227703
internal_value=3.4796e-05 -0.00017749 6.18354e-05 -9.5905e-05 -0.0009441 0.000112741 -7.77546e-06 2.90956e-05 -1.03171e-05 9.32848e-05 8.17078e-05 -4.48367e-05 9.76267e-05 4.59033e-05
internal_weight=562489 63548 498941 121730 11453 377211 110277 107228 104190 368303 364679 7132 361039 289190
internal_count=562489 63548 498941 121730 11453 377211 110277 107228 104190 368303 364679 7132 361039 289190
is_linear=0
shrinkage=0.05


Tree=139
num_leaves=15
num_cat=0
split_feature=2 4 9 6 0 0 9 4 2 7 7 7 0 9
split_gain=1.52128 3.70641 2.60435 2.58421 2.50353 3.89374 2.07613 2.51154 2.48149 2.85485 2.88952 1.67761 1.66584 3.07381
threshold=7.5000000000000009 0.86918173052898495 34.500000000000007 1.0000000180025095e-35 295.50000000000006 271.50000000000006 15.500000000000002 0.8021501875254079 1.0000000180025095e-35 1.0372488330000003 1.0083447180000003 0.90851075150000005 138.50000000000003 68.500000000000014
decision_type=2 10 2 2 2 2 2 8 2 2 2 2 2 2
left_child=4 3 -3 -2 5 6 7 -1 9 10 -8 -9 -10 -14
right_child=1 2 -4 -5 -6 -7 8 11 12 -11 -12 -13 13 -15
leaf_value=0.00013684039571463564 -0.00034749289199247687 -0.0003996257689207891 -0.0026078650786287472 0.00028819542626130668 -0.0060904163226210674 0.0029210894556363524 0.00063724367882491903 -0.0032526808691325233 -0.00019846882892017616 0.0023395998558313359 -0.0023463291753881379 -0.0016711943070837811 0.0010472330217274524 -7.3203175591793517e-05
leaf_weight=31671 8213 6017 3311 9401 3243 28372 29458 3361 167601 21477 7177 22764 82761 137058
leaf_count=31671 8213 6017 3311 9401 3243 28372 29458 3361 167601 21477 7177 22764 82761 137058
internal_value=4.38921e-05 -0.00032267 -0.00112825 0.000104149 6.23566e-05 7.081e-05 3.86822e-05 -0.000243248 7.52576e-05 0.000379923 0.000111558 -0.000606104 2.95542e-05 0.000120085
internal_weight=561885 26942 9328 17614 534943 531700 503328 57796 445532 58112 36635 26125 387420 219819
internal_count=561885 26942 9328 17614 534943 531700 503328 57796 445532 58112 36635 26125 387420 219819
is_linear=0
shrinkage=0.05


Tree=140
num_leaves=15
num_cat=0
split_feature=5 0 9 0 7 5 4 7 7 7 7 7 1 7
split_gain=1.13108 1.58376 2.13918 2.4907 1.81611 1.64753 1.45647 3.23321 2.78731 3.18258 3.13796 6.38029 3.20168 2.46174
threshold=14.500000000000002 170.50000000000003 66.500000000000014 290.50000000000006 0.92838181100000006 17.500000000000004 0.87137823428901429 1.1404764035000001 0.88165736250000015 0.84269594050000007 0.92838181100000006 0.93676478250000017 193.50000000000003 1.1261191455000001
decision_type=2 2 2 2 2 2 8 2 2 2 2 2 2 2
left_child=6 4 -3 -4 -2 -6 7 13 9 -8 12 -12 -10 -1
right_child=1 2 3 -5 5 -7 8 -9 10 -11 11 -13 -14 -15
leaf_value=0.00011252786120544379 0.0013507949966831058 0.0017917484060873863 0.00077432309573165084 -0.0048657567568124761 0.00023890788082587272 -0.0019642828747926718 0.00079907640773209583 0.0020622409763638174 0.0001317901012941169 -0.0036545886425405801 -0.0038889378571302737 -0.00012829805728610638 0.0031193749437768859 -0.0019903560475291672
leaf_weight=239987 5826 26117 38038 3146 20448 14759 4821 15005 10237 7355 4818 162409 6456 3357
leaf_count=239987 5826 26117 38038 3146 20448 14759 4821 15005 10237 7355 4818 162409 6456 3357
internal_value=4.80602e-05 0.000193236 0.000342503 0.000117993 -5.15985e-05 -0.000186939 1.34504e-05 9.14347e-05 -8.92907e-05 -0.000821772 -4.07774e-05 -0.000106035 0.000612798 4.75039e-05
internal_weight=562779 108334 67301 41184 41033 35207 454445 258349 196096 12176 183920 167227 16693 243344
internal_count=562779 108334 67301 41184 41033 35207 454445 258349 196096 12176 183920 167227 16693 243344
is_linear=0
shrinkage=0.05


Tree=141
num_leaves=15
num_cat=0
split_feature=2 0 0 9 2 3 7 7 4 2 9 7 7 0
split_gain=1.71943 2.67349 3.08008 2.01934 4.72669 1.72701 3.74914 2.78404 1.76601 4.57062 3.28247 3.19666 7.50208 2.57992
threshold=6.5000000000000009 251.50000000000003 292.50000000000006 39.500000000000007 8.5000000000000018 -56.046432307999993 0.89835552800000007 0.96851606650000011 0.87137823428901429 2.5000000000000004 10.500000000000002 1.0822116270000002 1.0742902665 196.50000000000003
decision_type=2 2 2 2 2 2 2 2 8 2 2 2 2 2
left_child=1 5 -3 -2 -5 6 -1 -8 11 10 -10 12 -7 -12
right_child=3 2 -4 4 -6 8 7 -9 9 -11 13 -13 -14 -15
leaf_value=-0.0036052810863821099 4.048690062786301e-05 0.0023484391993349278 -0.0053633636608948591 -0.00046952447395154823 -0.0010259392992477637 0.0002428193215644645 0.0037874410491661793 -0.0016042803850635006 -0.0023768416683420759 -0.00097175363898050122 0.00026458778433252611 0.0020108033444609518 -0.0054481060419148668 0.0023135933586878477
leaf_weight=3495 27580 44752 4041 21156 3372 187178 4400 6497 10129 81647 120143 32243 3377 12436
leaf_count=3495 27580 44752 4041 21156 3372 187178 4400 6497 10129 81647 120143 32243 3377 12436
internal_value=3.98524e-05 6.77878e-05 0.000419741 -0.000233723 -0.00056373 3.05764e-05 -0.000508439 -5.11373e-05 4.79306e-05 -5.10897e-05 0.000119611 0.000147642 6.97288e-05 0.000185901
internal_weight=562446 510338 48793 52108 24528 461545 14392 10897 447153 224355 142708 222798 190555 132579
internal_count=562446 510338 48793 52108 24528 461545 14392 10897 447153 224355 142708 222798 190555 132579
is_linear=0
shrinkage=0.05


Tree=142
num_leaves=15
num_cat=0
split_feature=8 2 8 8 0 9 2 0 8 4 8 3 8 9
split_gain=1.2148 4.83023 4.60515 2.88449 2.28961 2.86693 1.91975 3.7063 3.01182 3.29381 2.62307 2.5162 3.34098 3.37575
threshold=1.0238803150000002 6.5000000000000009 1.0180504000000001 1.0395400325000002 194.50000000000003 47.500000000000007 1.5000000000000002 199.50000000000003 1.0777579510000004 0.89724017860556726 1.7038210695000002 -50.778961037999991 1.6045679965000004 119.50000000000001
decision_type=2 2 2 2 2 2 2 2 2 10 2 2 2 2
left_child=2 3 -1 4 5 -2 -5 8 9 -8 11 -10 13 -13
right_child=1 -3 -4 6 -6 -7 7 -9 10 -11 -12 12 -14 -15
leaf_value=0.00016574912591355077 -0.00047395081269490557 -0.0023398992557042164 0.0033933060581300954 0.00049029699890557163 0.0025595239250266293 -0.0029180782858292099 -0.00083058188360108124 0.00073864749077558623 -0.0033017287592165311 -0.0057880934164269487 -0.0019905671161826429 -0.00014834007569772376 0.0034104656624891296 -0.0021963665993703133
leaf_weight=202244 3704 6143 4468 124429 3001 3787 7939 73981 3781 3250 4872 107743 6478 6558
leaf_count=202244 3704 6143 4468 124429 3001 3787 7939 73981 3781 3250 4872 107743 6478 6558
internal_value=3.14644e-05 -2.45591e-05 0.000127856 -1.21527e-07 -0.000816424 -0.00128368 2.51523e-05 -6.54451e-05 -0.000216158 -0.00100299 -0.000148103 -0.00010356 -6.37708e-05 -0.000126393
internal_weight=562378 355666 206712 349523 10492 7491 339031 214602 140621 11189 129432 124560 120779 114301
internal_count=562378 355666 206712 349523 10492 7491 339031 214602 140621 11189 129432 124560 120779 114301
is_linear=0
shrinkage=0.05


Tree=143
num_leaves=15
num_cat=0
split_feature=8 8 7 7 7 7 7 4 4 4 8 0 9 7
split_gain=1.26651 4.1719 3.57158 2.36407 2.73536 3.39653 4.83835 2.67533 1.95246 2.5754 3.26734 2.77029 4.62453 2.08984
threshold=1.0238803150000002 1.0180504000000001 0.85421943300000003 1.0380891340000002 1.0246973790000002 1.0062613620000003 1.0000005915000003 0.87137823428901429 1.1364379224557641 0.93589341991015196 0.99510217500000009 164.50000000000003 64.500000000000014 0.9003718140000001
decision_type=2 2 2 2 2 2 2 10 10 8 2 2 2 2
left_child=1 3 -2 4 5 6 8 -6 9 -1 11 12 -11 -13
right_child=2 -3 -4 -5 7 -7 -8 -9 -10 10 -12 13 -14 -15
leaf_value=0.00015501389932764454 -0.0020988855658881033 0.0033411417670282488 -7.6105223236007784e-06 0.0010666412300563888 6.255366158911148e-05 0.0021546299033963915 -0.0031682772197077799 -0.0031819600924527063 0.0022549338675876252 -0.0015425636039017819 0.0032627072351118988 -0.0027478286056442157 -0.0043828681707168294 0.00059064628935589125
leaf_weight=114672 3854 4433 352168 31237 3010 10573 3527 3034 9865 6170 3072 4561 3020 9047
leaf_count=114672 3854 4433 352168 31237 3010 10573 3527 3034 9865 6170 3072 4561 3020 9047
internal_value=3.71856e-05 0.000135786 -1.99282e-05 0.000102432 2.9184e-05 6.75787e-05 8.02272e-06 -0.00101504 5.09767e-05 3.23742e-06 -0.000447343 -0.000653642 -0.00132409 -0.000200544
internal_weight=562243 206221 356022 201788 170551 164507 153934 6044 150407 140542 25870 22798 9190 13608
internal_count=562243 206221 356022 201788 170551 164507 153934 6044 150407 140542 25870 22798 9190 13608
is_linear=0
shrinkage=0.05


Tree=144
num_leaves=15
num_cat=0
split_feature=2 8 7 4 1 8 1 7 7 7 1 7 7 7
split_gain=1.57804 3.04668 4.42998 4.84951 4.3049 3.6144 3.30108 2.65962 2.97885 2.3818 2.29261 2.03992 2.1182 5.43489
threshold=3.5000000000000004 1.2273597760000001 1.0389338545000002 0.75268699017183394 66.500000000000014 1.3307223345000001 164.50000000000003 1.0975312830000001 1.1261191455000001 1.0672361320000003 62.500000000000007 1.2282903035000003 1.1169060805000004 1.0975312830000001
decision_type=2 2 2 10 2 2 2 2 2 2 2 2 2 2
left_child=10 -2 3 -3 -5 -6 7 9 -9 -4 -1 12 13 -12
right_child=1 2 6 4 5 -7 -8 8 -10 -11 11 -13 -14 -15
leaf_value=0.0027523186989147682 4.4533400100608659e-05 0.0012933413012212575 -5.7325775829599157e-05 -0.0021107070484400886 -0.0060166065967810472 -0.0032153142713908624 -0.0016503084600012483 -0.0042379532440873025 0.00038736500879645356 0.0061018676025102947 0.00015157525877635127 0.0035185533160264912 -0.0009311340044096697 0.0036041968043626195
leaf_weight=12296 173460 3476 4430 4250 3125 3054 3371 3520 8929 4901 287806 6440 30394 12715
leaf_count=12296 173460 3476 4430 4250 3125 3054 3371 3520 8929 4901 287806 6440 30394 12715
internal_value=4.78813e-05 -5.95705e-05 -0.000458514 -0.00117451 -0.00171339 -0.00255538 -6.25099e-05 0.000162956 -0.00031536 0.000800932 0.00011319 8.87406e-05 7.15808e-05 0.000111812
internal_weight=562167 212516 39056 13905 10429 6179 25151 21780 12449 9331 349651 337355 330915 300521
internal_count=562167 212516 39056 13905 10429 6179 25151 21780 12449 9331 349651 337355 330915 300521
is_linear=0
shrinkage=0.05


Tree=145
num_leaves=15
num_cat=0
split_feature=2 8 0 0 0 4 8 7 7 7 8 8 4 9
split_gain=1.62439 2.49575 2.29695 2.20311 1.59636 2.09913 3.00528 1.27952 1.66044 2.31719 1.73369 5.27657 4.33936 4.44642
threshold=5.5000000000000009 0.97202102300000015 254.50000000000003 290.50000000000006 266.50000000000006 0.86918173052898495 1.0420655380000003 0.78832097300000015 0.82025456000000008 0.83010965550000015 0.89087699650000018 0.90110449700000006 0.6478206381013133 95.500000000000014
decision_type=2 2 2 2 2 10 2 2 2 2 2 2 10 2
left_child=2 -2 7 -4 5 6 -3 -1 -9 -10 12 -12 -11 -14
right_child=1 4 3 -5 -6 -7 -8 8 9 10 11 -13 13 -15
leaf_value=-0.001090345140791789 -9.5130338316013678e-06 -0.0018806525477004085 0.0028752755745851456 -0.0043819886443131947 -0.00014171916273703755 -0.0036529378590671475 0.00037995646706516539 0.0017551199748278006 -0.0027992580159951121 -0.00095797947573467504 -0.004389322117624119 6.6511186411554609e-05 0.0028185996881952835 -0.0014160179105641591
leaf_weight=5212 65338 4157 27025 3003 8345 5369 6351 7274 3590 11381 4077 379601 25769 5778
leaf_count=5212 65338 4157 27025 3003 8345 5369 6351 7274 3590 11381 4077 379601 25769 5778
internal_value=2.83225e-05 -0.000166918 6.53143e-05 0.000488463 -0.000600363 -0.000894566 -0.000483211 3.66061e-05 4.58884e-05 3.32171e-05 4.38691e-05 1.01517e-05 0.000345189 0.000647106
internal_weight=562270 89560 472710 30028 24222 15877 10508 442682 437470 430196 426606 383678 42928 31547
internal_count=562270 89560 472710 30028 24222 15877 10508 442682 437470 430196 426606 383678 42928 31547
is_linear=0
shrinkage=0.05


Tree=146
num_leaves=15
num_cat=0
split_feature=2 8 0 0 2 0 0 5 5 9 9 8 8 2
split_gain=1.34815 2.95388 2.45451 2.33774 2.84405 2.12899 3.27414 2.46806 2.11425 1.85076 1.24471 1.24138 1.18154 1.15971
threshold=5.5000000000000009 0.76496364600000011 243.50000000000003 272.50000000000006 7.5000000000000009 246.50000000000003 290.50000000000006 14.500000000000002 8.5000000000000018 26.500000000000004 50.500000000000007 0.97202102300000015 0.85329468650000007 2.5000000000000004
decision_type=2 2 2 2 2 2 2 2 2 2 2 2 2 2
left_child=5 2 -2 8 -5 13 7 -7 11 -10 -9 -3 -11 -1
right_child=1 3 -4 4 -6 6 -8 10 9 12 -12 -13 -14 -15
leaf_value=0.00024112379957317101 0.00050055357825558452 7.5718431552379616e-05 -0.00011412646624878724 0.0032891804271513968 -0.00088465847048768134 0.00033969483597453827 -0.006373627770979458 0.0086535487468115836 -0.0037751772066466544 -0.0028811831092810988 0.0031159164904799841 -0.0010363076932115092 -0.00089919259119146866 -0.00017372198207396989
leaf_weight=263483 12376 13203 18871 12229 5059 15667 3005 5182 3165 3666 15023 8915 12100 170286
leaf_count=263483 12376 13203 18871 12229 5059 15667 3005 5182 3165 3666 15023 8915 12100 170286
internal_value=3.73065e-05 -0.000140531 0.000251744 -0.000350648 0.00013705 7.10144e-05 0.000425454 0.000558296 -0.000556036 -0.000943837 0.000923429 -0.000223975 -0.000721895 3.92429e-05
internal_weight=562230 89584 31247 58337 17288 472646 38877 35872 41049 18931 20205 22118 15766 433769
internal_count=562230 89584 31247 58337 17288 472646 38877 35872 41049 18931 20205 22118 15766 433769
is_linear=0
shrinkage=0.05


Tree=147
num_leaves=15
num_cat=0
split_feature=8 8 3 0 2 7 0 7 8 8 8 8 7 7
split_gain=1.1697 5.54757 1.45135 2.27276 1.90409 2.059 2.74186 1.37885 1.11858 4.35834 2.84439 6.16775 4.46549 3.41162
threshold=1.7872796020000001 1.7230644500000003 34.022835308000005 151.50000000000003 3.5000000000000004 1.0603365225000003 276.50000000000006 1.0822116270000002 1.5655814165000002 1.5109388625000002 1.3854618275000001 1.3953363945000004 1.1376243515000002 1.0742902665
decision_type=2 2 2 2 2 2 2 2 2 2 2 2 2 2
left_child=1 2 8 -4 7 6 -6 -5 9 10 -1 -12 13 -13
right_child=-2 -3 3 4 5 -7 -8 -9 -10 -11 11 12 -14 -15
leaf_value=-2.7342312112081426e-05 0.0019592147583561191 -0.0049158688978881799 -0.0032616263513451657 0.0051458867288001545 -0.0053736329938981597 0.0043714950114359949 0.0011527065905600818 0.0012620865041095772 0.00087211819136858706 -0.0015910516472666715 0.0065377231781774976 0.00093207839551605809 0.0036235830817097688 -0.0020756736310890691
leaf_weight=435673 8152 4163 3013 6531 3019 7154 4714 4093 23505 16427 3805 24678 7849 9772
leaf_count=435673 8152 4163 3013 6531 3019 7154 4714 4093 23505 16427 3805 24678 7849 9772
internal_value=2.83885e-05 1.96429e-05 3.34083e-05 0.000380665 0.000534077 0.000169051 -0.00039642 0.00104525 1.44189e-05 -1.48526e-06 2.58261e-05 0.000399271 0.000225688 -1.95907e-05
internal_weight=562548 554396 550233 28524 25511 14887 7733 10624 521709 498204 481777 46104 42299 34450
internal_count=562548 554396 550233 28524 25511 14887 7733 10624 521709 498204 481777 46104 42299 34450
is_linear=0
shrinkage=0.05


Tree=148
num_leaves=15
num_cat=0
split_feature=2 8 4 0 0 2 4 3 8 8 0 0 9 3
split_gain=1.62337 2.94142 2.47681 2.23782 3.08958 1.96049 3.33673 2.75765 2.47946 2.27091 2.65526 2.22982 2.76588 2.21194
threshold=7.5000000000000009 0.61799909750000015 0.87137823428901429 272.50000000000006 295.50000000000006 4.5000000000000009 0.8021501875254079 -61.063381072999995 0.65560813800000017 1.0503809550000003 191.50000000000003 214.50000000000003 60.500000000000007 -33.945824098999992
decision_type=2 2 10 2 2 2 10 2 2 2 2 2 2 2
left_child=3 -2 -3 5 -5 7 -7 -1 -9 13 -11 -10 -13 -8
right_child=1 2 -4 4 -6 6 9 8 11 10 -12 12 -14 -15
leaf_value=-0.0037927155224710646 0.00039880908200879859 -0.00012355676670535522 -0.0013184855714541942 0.0032068992581176098 -0.0050358367117982073 0.00025378464100467676 -0.0034098723363425241 0.0030993728007462661 9.4884412513252095e-05 -0.0038059785397823657 -0.0023528913002098498 0.0050552145126273396 0.00058523729195829007 -7.4361740314307593e-05
leaf_weight=3451 5366 14206 7275 27172 3229 44649 3968 3168 362121 3588 14324 10470 34017 25449
leaf_count=3451 5366 14206 7275 27172 3229 44649 3968 3168 362121 3588 14324 10470 34017 25449
internal_value=4.29944e-05 -0.000336381 -0.000597947 6.20134e-05 0.000478606 3.69401e-05 -0.000171825 8.34096e-05 9.52705e-05 -0.000464307 -0.000908076 8.44046e-05 0.000418446 -0.000193987
internal_weight=562453 26847 21481 535606 30401 505205 91978 413227 409776 47329 17912 406608 44487 29417
internal_count=562453 26847 21481 535606 30401 505205 91978 413227 409776 47329 17912 406608 44487 29417
is_linear=0
shrinkage=0.05


Tree=149
num_leaves=15
num_cat=0
split_feature=9 8 8 7 7 0 8 8 7 7 8 8 0 4
split_gain=1.36841 2.856 6.1043 2.4335 6.95337 3.51212 2.29458 2.78249 2.68682 4.46204 2.13207 2.65734 2.09465 2.78223
threshold=92.500000000000014 0.85329468650000007 0.79747702750000016 1.0160100630000002 1.0269027190000002 134.50000000000003 0.89494942300000013 0.94585147200000008 0.96947225100000012 0.95676246650000007 0.99230015650000014 1.1570413390000003 149.50000000000003 0.8735429954304611
decision_type=2 2 2 2 2 2 2 2 2 2 2 2 2 10
left_child=-1 2 -2 5 -5 -3 -7 -8 9 10 -9 -12 -6 -14
right_child=1 3 -4 4 12 6 7 8 -10 -11 11 -13 13 -15
leaf_value=0.00017171478533337152 8.461175353763025e-05 -0.00092056005886896912 -0.0047407903309602366 -0.0043483459890647251 0.0022195291004266302 0.0053410206441497693 -0.0021886475787016384 0.0055006811305009957 0.0025534215324860819 -0.0026780748320693938 -0.0015028489050716465 0.001851939819540232 0.0021693180035120621 -0.0011945513245886991
leaf_weight=440132 7093 8100 4331 5283 8803 3502 3624 3266 19471 4002 8722 7793 7934 29938
leaf_count=440132 7093 8100 4331 5283 8803 3502 3624 3266 19471 4002 8722 7793 7934 29938
internal_value=4.41016e-05 -0.000104171 -0.000856593 -2.63031e-05 -0.000275292 0.000194922 0.000350303 0.000257983 0.000369519 1.29268e-05 0.00032106 9.00424e-05 -8.06019e-05 -0.000242099
internal_weight=561994 121862 11424 110438 51958 58480 50380 46878 43254 23783 19781 16515 46675 37872
internal_count=561994 121862 11424 110438 51958 58480 50380 46878 43254 23783 19781 16515 46675 37872
is_linear=0
shrinkage=0.05


Tree=150
num_leaves=15
num_cat=0
split_feature=2 8 4 0 0 0 5 4 2 4 7 7 7 2
split_gain=1.21522 2.79155 2.4868 2.10087 1.83176 2.42208 1.71229 1.38921 1.34235 3.62755 2.92365 4.6395 7.34631 3.58612
threshold=5.5000000000000009 0.89797301150000008 0.88001695943053337 238.50000000000003 249.50000000000003 288.50000000000006 14.500000000000002 1.488058104070147 2.5000000000000004 0.87800830798919505 1.2282903035000003 1.1169060805000004 1.0975312830000001 1.0000000180025095e-35
decision_type=2 2 10 2 2 2 2 8 2 10 2 2 2 2
left_child=4 -2 -3 -4 7 6 -6 8 10 -10 11 12 -1 -13
right_child=1 2 3 -5 5 -7 -8 -9 9 -11 -12 13 -14 -15
leaf_value=0.00024316141873996475 8.2233377513827623e-05 -0.00020535014436032554 -0.0040153265215960602 -0.0024628736387444072 0.00041270685947208843 -0.0036896780919794185 0.0042832541559553556 -0.0015685868420407334 0.00028258596600589899 -0.00088339706179701668 0.0051385305188022812 0.001195814066172612 0.00442719724245516 -0.0030901911320435271
leaf_weight=220567 55281 19437 3043 11725 13474 3795 18245 10027 101022 72041 4218 7372 9256 12971
leaf_count=220567 55281 19437 3043 11725 13474 3795 18245 10027 101022 72041 4218 7372 9256 12971
internal_value=3.61525e-05 -0.000132807 -0.000487796 -0.000976782 6.81195e-05 0.000413441 0.000556282 4.0082e-05 5.37312e-05 -5.36927e-05 0.000126814 0.000104788 0.000168855 -0.000618857
internal_weight=562474 89486 34205 14768 472988 35514 31719 437474 427447 173063 254384 250166 229823 20343
internal_count=562474 89486 34205 14768 472988 35514 31719 437474 427447 173063 254384 250166 229823 20343
is_linear=0
shrinkage=0.05


Tree=151
num_leaves=15
num_cat=0
split_feature=8 8 2 8 3 8 1 8 8 7 3 1 8 8
split_gain=1.05856 5.14157 1.25678 3.24864 2.71606 3.8741 3.75784 4.18898 2.54031 2.3322 2.17123 2.50374 4.07091 2.28368
threshold=1.7872796020000001 1.7230644500000003 4.5000000000000009 1.0626571600000003 -29.488073180999997 1.2625560610000002 80.500000000000014 1.2137256050000003 1.1161761105000003 1.059107969 -61.063381072999995 151.50000000000003 0.68675894200000009 1.0917562905000002
decision_type=2 2 2 2 2 2 2 2 2 2 2 2 2 2
left_child=1 2 10 -4 5 9 8 -8 -6 -5 -1 13 -13 -12
right_child=-2 -3 3 4 6 -7 7 -9 -10 -11 11 12 -14 -15
leaf_value=-0.003295553834714077 0.0016789664568625255 -0.0049121614555163607 6.396897873082312e-05 -0.0023098123998345163 -0.0054150005563321996 0.0041344908640359003 -0.0017721334720426239 -0.0055918825142229405 -9.4066713510808451e-05 0.0014998164219977431 0.0020379584217061031 0.0029110046201932345 -3.7599790942156168e-05 0.00037729737721777304
leaf_weight=3482 8175 4119 106648 5507 3962 4342 3876 3057 11662 3070 42559 4236 265785 92033
leaf_count=3482 8175 4119 106648 5507 3962 4342 3876 3057 11662 3070 42559 4236 265785 92033
internal_value=3.28568e-05 2.45246e-05 3.77074e-05 -9.03404e-05 -0.000504777 7.33133e-05 -0.000835808 -0.00180419 -0.000405656 -0.000542706 8.23022e-05 9.30075e-05 5.19401e-06 0.000269174
internal_weight=562513 554338 550219 142124 35476 12919 22557 6933 15624 8577 408095 404613 270021 134592
internal_count=562513 554338 550219 142124 35476 12919 22557 6933 15624 8577 408095 404613 270021 134592
is_linear=0
shrinkage=0.05


Tree=152
num_leaves=15
num_cat=0
split_feature=2 8 7 8 7 1 7 8 8 7 2 1 1 7
split_gain=1.31417 2.40382 1.63947 3.56125 2.42703 3.37322 3.34964 2.2451 3.1493 2.24509 2.45233 1.88703 2.48529 1.40009
threshold=6.5000000000000009 1.0332562620000003 0.85421943300000003 1.0062346055000002 0.84269594050000007 96.500000000000014 0.78832097300000015 0.85806767000000017 0.75957389400000008 0.86796959100000015 3.5000000000000004 48.500000000000007 8.5000000000000018 0.93676478250000017
decision_type=2 2 2 2 2 2 2 2 2 2 2 2 2 2
left_child=2 -2 3 4 5 -1 -7 8 -8 10 -4 12 -11 -13
right_child=1 -3 9 -5 -6 6 7 -9 -10 11 -12 13 -14 -15
leaf_value=-0.003658749445029376 -7.4654895261284669e-05 -0.0021016431809850688 0.002754501489188418 -0.002244332124820067 -0.0027159055166671086 -0.00083644221314751121 0.00267172861226567 0.0072185494280270161 -0.00091774238383313426 -0.0043695499258901843 -0.0008466084027849123 -0.00037568125867909046 0.0022271571576841904 0.00020908871100797948
leaf_weight=3055 46508 5706 6380 4831 4460 4666 3418 4607 3610 4568 3317 75876 41866 349561
leaf_count=3055 46508 5706 6380 4831 4460 4666 3418 4607 3610 4568 3317 75876 41866 349561
internal_value=4.52009e-05 -0.000193703 6.96514e-05 -0.000297798 -4.65975e-05 0.000195754 0.000481571 0.000935352 0.00037253 9.15127e-05 0.000844414 7.60317e-05 0.000378669 4.29965e-05
internal_weight=562429 52214 510215 28647 23816 19356 16301 11635 7028 481568 9697 471871 46434 425437
internal_count=562429 52214 510215 28647 23816 19356 16301 11635 7028 481568 9697 471871 46434 425437
is_linear=0
shrinkage=0.05


Tree=153
num_leaves=15
num_cat=0
split_feature=2 0 0 8 7 9 7 9 2 2 4 7 4 7
split_gain=1.25678 1.97621 2.37003 1.83939 1.73194 1.87945 1.56002 2.74815 1.93279 1.52168 3.46243 3.44718 2.62876 3.75279
threshold=6.5000000000000009 293.50000000000006 246.50000000000003 0.75311778800000007 0.89835552800000007 83.500000000000014 0.98877492950000012 34.500000000000007 7.5000000000000009 2.5000000000000004 0.87800830798919505 1.1404764035000001 0.65526359383457844 0.88165736250000015
decision_type=2 2 2 2 2 2 2 2 2 2 10 2 10 2
left_child=1 2 9 -2 -5 6 7 -6 -8 12 11 -11 -1 -14
right_child=3 -3 -4 4 5 -7 8 -9 -10 10 -12 -13 13 -15
leaf_value=-0.00045801892835237249 0.00011954069078808198 -0.0063084792590213309 0.0015664523932995792 0.00044702740403346496 6.4412679635441073e-06 -0.0026395773461162396 0.00097149375377498604 -0.0015025163567992119 -0.00077284427145960649 1.023982336440409e-05 -0.00089902624469674901 0.0025127176917643769 -0.0012196269099695204 0.00060652018356251137
leaf_weight=53497 22475 3361 52272 3766 3912 5168 7701 4030 5049 106529 74755 9487 17880 192363
leaf_count=53497 22475 3361 52272 3766 3912 5168 7701 4030 5049 106529 74755 9487 17880 192363
internal_value=2.57226e-05 4.9613e-05 5.76326e-05 -0.000208181 -0.00046691 -0.000612797 -0.000399575 -0.000949415 -5.68404e-05 2.09619e-05 -8.66067e-05 8.43813e-05 9.87697e-05 0.000178397
internal_weight=562245 510144 506783 52101 29626 25860 20692 7942 12750 454511 190771 116016 263740 210243
internal_count=562245 510144 506783 52101 29626 25860 20692 7942 12750 454511 190771 116016 263740 210243
is_linear=0
shrinkage=0.05


Tree=154
num_leaves=15
num_cat=0
split_feature=9 8 8 8 2 8 7 7 7 7 8 4 8 7
split_gain=1.00297 3.5608 4.3706 3.34136 2.10646 3.56959 3.35973 3.9071 4.43246 6.33511 2.7166 2.49079 2.52021 2.36087
threshold=89.500000000000014 0.85329468650000007 0.79747702750000016 0.89494942300000013 2.5000000000000004 1.6856546690000003 0.96851606650000011 0.99721570550000005 1.0269027190000002 1.0119935265000002 1.1714257850000003 1.1670826787498128 1.3574925550000001 0.92509244750000008
decision_type=2 2 2 2 2 2 2 2 2 2 2 10 2 2
left_child=-1 2 -2 -3 5 6 13 -8 9 -9 -6 12 -10 -5
right_child=1 3 -4 4 10 -7 7 8 11 -11 -12 -13 -14 -15
leaf_value=0.0001273474803813165 -0.00039922616901492936 0.003654752535429621 -0.004293117508642046 0.00065548375998572377 0.0002067969200197023 -0.0025375307971441273 0.0037629019611115986 0.0018647419812444722 -0.0014378289850823 -0.0039050595376516357 -0.0015743414875672966 0.0049254435028169962 0.0028593716186525249 -0.0010328417583958167
leaf_weight=430550 7773 5049 4667 7305 28367 3506 7038 4115 5692 3449 31635 5277 8393 9021
leaf_count=430550 7773 5049 4667 7305 28367 3506 7038 4115 5692 3449 31635 5277 8393 9021
internal_value=2.97104e-05 -9.1266e-05 -0.000895942 -7.00444e-06 -6.28717e-05 0.000164309 0.000271896 0.000555212 0.000280903 -0.000745145 -0.000266552 0.00068183 0.000334457 -0.000317494
internal_weight=561837 131287 12440 118847 113798 53796 50290 33964 26926 7564 60002 19362 14085 16326
internal_count=561837 131287 12440 118847 113798 53796 50290 33964 26926 7564 60002 19362 14085 16326
is_linear=0
shrinkage=0.05


Tree=155
num_leaves=15
num_cat=0
split_feature=7 7 7 2 9 0 2 5 7 4 4 2 7 4
split_gain=1.04063 5.50577 2.46574 2.46116 1.78313 3.46973 3.93064 3.80668 2.60127 4.2202 2.95534 2.20268 2.60244 3.5426
threshold=0.99064233700000004 0.99721570550000005 0.98762838700000011 7.5000000000000009 50.500000000000007 168.50000000000003 3.5000000000000004 17.500000000000004 1.1029995185000001 1.0897398005437247 0.96010201845423515 1.0000000180025095e-35 1.059107969 0.95510523180333695
decision_type=2 2 2 2 2 2 2 2 2 10 10 2 2 10
left_child=2 -2 -1 4 5 7 -7 -3 9 10 -8 12 13 -6
right_child=1 3 -4 -5 11 6 8 -9 -10 -11 -12 -13 -14 -15
leaf_value=-2.1797713169792351e-05 0.0026173657974572517 0.00029035766162054609 -0.0015949682123071571 -0.00074927679198574424 0.0059940353037765568 0.0076837847044470726 0.00018895217840208446 -0.0039957567785705228 0.0039628788665823393 -0.005501270878780053 0.0059805807357127356 -0.00029182310681842409 0.0038801598436200985 -0.0019331211274779018
leaf_weight=256123 15377 86692 6634 7834 3000 3992 10915 4801 10659 5163 4586 134566 6504 4670
leaf_count=256123 15377 86692 6634 7834 3000 3992 10915 4801 10659 5163 4586 134566 6504 4670
internal_value=3.50655e-05 9.88992e-05 -3.75149e-05 4.88908e-05 7.37427e-05 0.000211493 0.000632432 4.89902e-05 0.000443932 0.0001166 0.000528989 -4.36989e-05 0.000549051 -7.49185e-05
internal_weight=561516 298759 262757 283382 275548 126808 35315 91493 31323 20664 15501 148740 14174 7670
internal_count=561516 298759 262757 283382 275548 126808 35315 91493 31323 20664 15501 148740 14174 7670
is_linear=0
shrinkage=0.05


Tree=156
num_leaves=15
num_cat=0
split_feature=9 2 4 2 9 4 7 7 2 0 7 3 7 7
split_gain=1.13741 3.69407 3.62813 1.78431 1.7717 2.30541 3.13638 3.16253 1.5227 3.41067 2.95829 2.86725 3.05391 2.66791
threshold=20.500000000000004 8.5000000000000018 0.76002910813639046 8.5000000000000018 46.500000000000007 0.5961600715857015 1.0171569100000002 0.91317753700000004 1.5000000000000002 80.500000000000014 0.85421943300000003 -6.3643579169999986 0.92509244750000008 1.1539737475000003
decision_type=2 2 10 2 2 10 2 2 2 2 2 2 2 2
left_child=3 4 -3 -1 5 6 7 -2 10 -10 -6 -12 -13 -14
right_child=1 2 -4 -5 8 -7 -8 -9 9 -11 11 12 13 -15
leaf_value=-0.00044261436669990745 0.00028228531106476245 2.1587067747235117e-05 -0.001166738054808198 0.00032866076314225776 -0.0019018691176258041 0.00072560088987006996 0.0023808902099565019 -0.0017610077324617984 -0.0026561397262825507 -5.8506964701229211e-05 0.0015377297013777847 0.0026613215016143598 -0.00045514419428463844 0.0032030590882829941
leaf_weight=92613 5820 3181 3039 3990 4262 125623 5089 8459 5292 231884 27330 3775 38646 3743
leaf_count=92613 5820 3181 3039 3990 4262 125623 5089 8459 5292 231884 27330 3775 38646 3743
internal_value=2.89027e-05 6.12628e-05 -0.00114859 -0.000127241 7.76372e-05 0.000222265 -0.000285449 -0.000665255 1.10499e-05 -5.19012e-05 0.000203058 0.000277351 3.70379e-05 -8.43869e-05
internal_weight=562746 466143 6220 96603 459923 144991 19368 14279 314932 237176 77756 73494 46164 42389
internal_count=562746 466143 6220 96603 459923 144991 19368 14279 314932 237176 77756 73494 46164 42389
is_linear=0
shrinkage=0.05


Tree=157
num_leaves=15
num_cat=0
split_feature=9 7 2 0 7 7 4 7 7 9 4 0 7 0
split_gain=1.14032 2.69979 2.49752 2.35694 4.12267 3.91101 2.60506 3.83082 3.08434 2.75427 2.11959 2.01224 1.88409 1.749
threshold=94.500000000000014 0.82422181150000007 2.5000000000000004 155.50000000000003 0.89501949950000015 0.92610713900000008 0.85409499097046437 1.0544614520000002 1.0659632440000002 114.50000000000001 1.0713772392779535 241.50000000000003 0.95353102300000014 123.50000000000001
decision_type=2 2 2 2 2 2 10 2 2 2 10 2 2 2
left_child=-1 -2 13 -4 -5 -6 8 11 12 -9 -11 -8 -7 -3
right_child=1 2 3 4 5 6 7 9 -10 10 -12 -13 -14 -15
leaf_value=0.00010755167775443327 -0.0029385202657957262 -0.00065844903138635399 -0.0030129332516223685 0.0040001640978281827 -0.0045780074050476805 0.0021163335554703344 -0.0010157182914830672 -0.00080747527643150658 0.0047172160347942428 -0.0045327872259102262 -0.0020325354533055028 0.0017947721682211736 -0.001521387036248819 0.00075897240591358986
leaf_weight=446863 3478 8573 3150 5571 4684 3061 9640 5791 3914 4813 3105 8996 9287 41528
leaf_count=446863 3478 8573 3150 5571 4684 3061 9640 5791 3914 4813 3105 8996 9287 41528
internal_value=1.65079e-05 -0.000123469 -8.08745e-05 -0.000292984 -0.000221601 -0.000356922 -0.000223864 -0.000483385 0.00029231 -0.00111765 -0.00172346 -1.66299e-05 -9.55233e-05 0.000181665
internal_weight=562454 115591 112113 62012 58862 53291 48607 32345 16262 13709 7918 18636 12348 50101
internal_count=562454 115591 112113 62012 58862 53291 48607 32345 16262 13709 7918 18636 12348 50101
is_linear=0
shrinkage=0.05


Tree=158
num_leaves=15
num_cat=0
split_feature=8 8 8 7 8 7 8 8 7 8 7 7 7 2
split_gain=1.47553 3.73721 1.10192 2.44965 1.44341 6.60583 4.84846 5.63972 4.48147 4.64834 7.52577 7.14009 9.9575 5.57324
threshold=1.7872796020000001 1.7230644500000003 1.6562899470000001 1.1193917070000003 1.4749027730000002 0.98040150950000016 1.3854618275000001 1.3953363945000004 1.0102806615000002 1.5304599295000003 1.0372488330000003 1.1376243515000002 1.0742902665 1.5000000000000002
decision_type=2 2 2 2 2 2 2 2 2 2 2 2 2 2
left_child=1 2 4 -4 6 -6 -1 -8 -7 11 -11 12 13 -10
right_child=-2 -3 3 -5 5 8 7 -9 9 10 -12 -13 -14 -15
leaf_value=1.2303227088865672e-05 0.0019282593280691822 -0.004087565916760713 0.0046206140132567779 -0.00125991705167668 -0.0037671217671088782 0.0058750485862215391 0.0065204272718844061 0.0011995216945229628 0.003146934335426373 -0.0048627242682804488 0.0013564377361948148 0.0027722510335707316 -0.0072611498502794698 -0.0053179810908263042
leaf_weight=456709 8233 4137 5477 3084 3797 4624 4264 32669 3841 3324 20711 3811 4345 3467
leaf_count=456709 8233 4137 5477 3084 3797 4624 4264 32669 3841 3324 20711 3811 4345 3467
internal_value=3.16135e-05 2.17406e-05 3.3006e-05 0.000595669 2.4106e-05 -0.000237872 4.95395e-05 0.000600533 -6.55479e-05 -0.000238014 0.000197067 -0.000914086 -0.00152835 -0.000400656
internal_weight=562493 554260 550123 8561 541562 47920 493642 36933 44123 39499 24035 15464 11653 7308
internal_count=562493 554260 550123 8561 541562 47920 493642 36933 44123 39499 24035 15464 11653 7308
is_linear=0
shrinkage=0.05


Tree=159
num_leaves=15
num_cat=0
split_feature=8 8 8 8 7 7 8 8 7 7 8 7 3 8
split_gain=1.02682 2.95313 0.99035 2.56298 2.51797 2.90781 2.34001 6.99765 3.23941 3.77917 3.97173 2.7994 4.19312 2.10138
threshold=1.7872796020000001 1.7230644500000003 1.5937806755000004 1.5109388625000002 1.059107969 1.0902597775000002 1.3854618275000001 1.3953363945000004 1.1316016705000003 1.0742902665 1.4749027730000002 1.0311271285000003 -4.7009628924999989 1.5304599295000003
decision_type=2 2 2 2 2 2 2 2 2 2 2 2 2 2
left_child=1 2 3 6 -4 -6 -1 -8 9 11 -11 12 -9 -5
right_child=-2 -3 4 13 5 -7 7 8 -10 10 -12 -13 -14 -15
leaf_value=1.0648131984588557e-05 0.0016421932906343292 -0.0038831876205420567 -0.0010993637953882298 -0.0032853250797274824 0.0058019419194529909 0.00092594463307666189 0.0061560718135398561 0.0016778749408595491 0.0028228929452838647 -0.00056556875367078866 -0.0059199851094538271 0.0030088722522885404 -0.0027742101006964005 -0.00039402664230158216
leaf_weight=457038 8212 4177 6213 6883 3304 9629 4312 8913 9698 7025 3256 10513 6428 17251
leaf_count=457038 8212 4177 6213 6883 3304 9629 4312 8913 9698 7025 3256 10513 6428 17251
internal_value=2.68808e-05 1.86606e-05 2.87165e-05 1.59838e-05 0.000381964 0.000779294 3.99409e-05 0.000364158 0.000182872 -3.49335e-05 -0.000845567 0.000287521 -0.000143197 -0.000487385
internal_weight=562852 554640 550463 531317 19146 12933 507183 50145 45833 36135 10281 25854 15341 24134
internal_count=562852 554640 550463 531317 19146 12933 507183 50145 45833 36135 10281 25854 15341 24134
is_linear=0
shrinkage=0.05


Tree=160
num_leaves=15
num_cat=0
split_feature=2 8 1 1 2 5 1 7 8 8 8 2 8 7
split_gain=1.26754 1.8725 2.36017 2.02494 2.53141 2.45783 1.76731 3.23182 2.71157 2.9667 2.94896 3.07845 2.67167 2.47678
threshold=5.5000000000000009 0.77053469250000017 56.500000000000007 24.500000000000004 7.5000000000000009 16.500000000000004 124.50000000000001 0.82422181150000007 1.1714257850000003 1.1398697200000003 1.1006292565000002 2.5000000000000004 0.68675894200000009 0.93676478250000017
decision_type=2 2 2 2 2 2 2 2 2 2 2 2 2 2
left_child=6 2 -2 4 -3 -5 7 -1 9 10 11 -9 -8 -10
right_child=1 3 -4 5 -6 -7 12 8 13 -11 -12 -13 -14 -15
leaf_value=-0.0027831484072466397 -0.00019253583300650934 0.004003260033457203 0.00041567589758562752 -0.00055497620209907803 -0.00073334719244770238 -0.0046828526281255754 0.001681804191323056 0.0044979478146484108 -0.0020619635973895918 0.0053793359135209332 -0.0011818775254100813 0.0014886522738115431 -2.6258965831656516e-05 0.00026731585599761726
leaf_weight=3122 19367 10592 12752 38910 4600 3290 5443 5740 3615 7423 8015 49008 326545 63860
leaf_count=3122 19367 10592 12752 38910 4600 3290 5443 5740 3615 7423 8015 49008 326545 63860
internal_value=3.48666e-05 -0.000137657 0.000168021 -0.000308727 0.000186221 -0.000486909 6.7532e-05 0.000215981 0.000252078 0.000469647 0.000357786 0.000488923 4.57847e-06 2.57484e-05
internal_weight=562282 89511 32119 57392 15192 42200 472771 140783 137661 70186 62763 54748 331988 67475
internal_count=562282 89511 32119 57392 15192 42200 472771 140783 137661 70186 62763 54748 331988 67475
is_linear=0
shrinkage=0.05


Tree=161
num_leaves=15
num_cat=0
split_feature=9 8 8 8 8 1 7 1 2 7 8 1 8 7
split_gain=1.26718 2.63061 3.11964 6.53712 3.22577 2.98622 2.95492 6.23105 7.73863 4.38903 3.59528 4.65277 3.32931 3.27402
threshold=69.500000000000014 0.84749956800000004 1.3854618275000001 1.4111139235000001 1.2307180285000003 166.50000000000003 1.0532654330000002 98.500000000000014 1.5000000000000002 1.0340568330000004 1.2696406140000003 240.50000000000003 1.2551678445000003 1.1169060805000004
decision_type=2 2 2 2 2 2 2 2 2 2 2 2 2 2
left_child=1 -1 4 -4 -3 -5 9 -8 -9 10 12 -12 -6 -10
right_child=-2 2 3 5 6 -7 7 8 13 -11 11 -13 -14 -15
leaf_value=0.00037387252736326967 -0.00013146118059076801 0.00010479766310765176 0.0071432417148025373 0.0030099445861470828 -0.0013453140289062038 -4.6343888210551665e-05 0.0037736728619108166 -0.00050934024009163532 -0.0023887567012010457 0.0040495314936463619 0.0024428372646945994 -0.0019702291934513973 -0.0060717246392910625 -0.0054735474851346395
leaf_weight=66157 206414 176595 6253 11409 5611 41825 3118 7946 4817 4517 12357 8920 3261 3165
leaf_count=66157 206414 176595 6253 11409 5611 41825 3118 7946 4817 4517 12357 8920 3261 3165
internal_value=3.91424e-05 9.62971e-05 3.13494e-05 0.000354123 -5.20272e-05 0.000174402 -0.00039131 -0.000891554 -0.00129166 -0.00011638 -0.000334201 1.84429e-05 -0.00117945 -0.00239076
internal_weight=562365 355951 289794 59487 230307 53234 53712 19046 15928 34666 30149 21277 8872 7982
internal_count=562365 355951 289794 59487 230307 53234 53712 19046 15928 34666 30149 21277 8872 7982
is_linear=0
shrinkage=0.05


Tree=162
num_leaves=15
num_cat=0
split_feature=4 2 3 8 8 8 8 0 8 2 3 8 4 8
split_gain=0.926748 1.23244 2.65774 4.16 1.6672 3.68093 3.04917 1.81496 3.89622 2.78022 2.60676 1.91705 1.94513 1.63068
threshold=1.8203684389239805 1.0000000180025095e-35 3.5618966470000006 1.5188894705000002 1.8117857720000001 1.7230644500000003 1.5937806755000004 138.50000000000003 0.6954074105000001 1.5000000000000002 26.969335557000004 1.5109388625000002 0.90804188278125686 1.3532969640000003
decision_type=8 2 2 2 2 2 2 2 2 2 2 2 10 2
left_child=1 2 3 -1 5 6 7 8 -3 -9 -10 13 -13 -11
right_child=-2 4 -4 -5 -6 -7 -8 9 10 11 -12 12 -14 -15
leaf_value=0.00045558329647512577 -0.0020328450101983037 0.0011809760476587168 0.0014163206329869729 -0.0042961860271994853 0.0030653114838219567 -0.0032844242097251827 0.001892063330224066 0.0018771581272527572 -0.00029797786131147765 3.1436039668668708e-05 -0.0044298865092021519 0.00095089863161209719 -0.0028062500291458972 0.0012342925487435236
leaf_weight=58075 4358 4131 17646 5373 5100 5496 16063 13522 168978 225202 3106 3010 5115 26732
leaf_count=58075 4358 4131 17646 5373 5100 5496 16063 13522 168978 225202 3106 3010 5115 26732
internal_value=3.71367e-05 4.28165e-05 0.000222999 7.20219e-05 1.21469e-05 2.41329e-06 1.75964e-05 -6.58062e-06 -0.000131724 7.40261e-05 -0.000168169 3.76735e-05 -0.00071802 6.20587e-05
internal_weight=561907 557549 81094 63448 476455 471355 465859 449796 176215 273581 172084 260059 8125 251934
internal_count=561907 557549 81094 63448 476455 471355 465859 449796 176215 273581 172084 260059 8125 251934
is_linear=0
shrinkage=0.05


Tree=163
num_leaves=15
num_cat=0
split_feature=8 8 8 0 4 2 3 4 2 3 4 3 8 0
split_gain=0.941038 3.98703 2.69548 2.75202 2.66005 1.99686 1.57774 3.21303 2.30013 3.62311 2.66654 2.9279 2.34067 3.25832
threshold=1.0238803150000002 1.0180504000000001 1.0395400325000002 198.50000000000003 0.88001695943053337 6.5000000000000009 32.333658099500006 1.5443234824970917 1.5000000000000002 25.804624848500001 0.61956504120855282 -22.552197703499996 1.0748270390000003 164.50000000000003
decision_type=2 2 2 2 10 2 2 10 2 2 10 2 2 2
left_child=1 -1 3 4 -2 6 7 8 10 12 -4 -12 13 -10
right_child=2 -3 5 -5 -6 -7 -8 -9 9 -11 11 -13 -14 -15
leaf_value=0.00013594248557568663 -0.00069958175330392348 0.0028812620638932903 -0.00080457321143788049 0.0018612218419075646 -0.0047832053718250677 -0.0016274505961354783 0.0016695581990628363 -0.0044075859903792199 -0.0035352116257833925 -0.0040574346189103001 0.0028876687488281487 0.00058444247758068541 -6.7361635249824966e-06 0.00012212191420399174
leaf_weight=201969 4599 4449 21500 3420 3019 5569 22444 3304 7513 5231 3488 91582 176006 8218
leaf_count=201969 4599 4449 21500 3420 3019 5569 22444 3304 7513 5231 3488 91582 176006 8218
internal_value=3.44602e-05 0.000119391 -1.48005e-05 -0.000783754 -0.00131248 9.82289e-06 2.52439e-05 -3.45586e-06 1.2901e-05 -9.12815e-05 0.000188934 0.000302656 -5.58432e-05 -0.000640093
internal_weight=562311 206418 355893 11038 7618 344855 339286 316842 313538 196968 116570 95070 191737 15731
internal_count=562311 206418 355893 11038 7618 344855 339286 316842 313538 196968 116570 95070 191737 15731
is_linear=0
shrinkage=0.05


Tree=164
num_leaves=15
num_cat=0
split_feature=7 7 4 4 0 2 7 2 0 1 7 4 2 4
split_gain=0.920389 5.10499 3.46834 3.21307 3.86883 4.53598 6.96476 2.38994 4.96216 1.92026 1.83175 1.79737 1.6452 1.75768
threshold=1.0774303530000002 1.0742902665 0.78871324537932741 0.94299773905047135 157.50000000000003 2.5000000000000004 1.1169060805000004 1.0000000180025095e-35 81.500000000000014 242.50000000000003 1.0704542910000001 0.86918173052898495 1.5000000000000002 1.3259816108888833
decision_type=2 2 8 10 2 2 2 2 2 2 2 10 2 10
left_child=1 10 -2 4 5 6 -4 9 -9 -5 -1 -6 -10 -14
right_child=2 -3 3 7 11 -7 -8 8 12 -11 -12 -13 13 -15
leaf_value=6.1699714446387623e-06 0.0015866495847513752 -0.005180120251210037 0.0034414695532097536 0.0035988883918531538 0.0021230045619864092 -0.0039688959978498028 -0.0066714982490717169 -0.0039802600639110659 -0.0010604100631112993 0.0011621672260509403 0.0023884004413038274 -0.0011275392673248828 0.0016125393182593864 -0.0031339690472485769
leaf_weight=435226 26778 4514 3915 3803 6322 4813 4285 6329 6017 7670 6796 8015 35127 3342
leaf_count=435226 26778 4514 3915 3803 6322 4813 4285 6329 6017 7670 6796 8015 35127 3342
internal_value=3.06063e-05 -2.03782e-06 0.000155814 6.6375e-06 -0.000445074 -0.0010691 -0.000353443 0.000204999 5.78021e-05 0.000856639 1.50557e-05 0.000121496 0.000244207 0.000364467
internal_weight=562952 446536 116416 89638 27350 13013 8200 62288 50815 11473 442022 14337 44486 38469
internal_count=562952 446536 116416 89638 27350 13013 8200 62288 50815 11473 442022 14337 44486 38469
is_linear=0
shrinkage=0.05


Tree=165
num_leaves=15
num_cat=0
split_feature=0 2 4 0 2 8 0 9 4 8 8 9 8 8
split_gain=0.984451 1.25233 5.00043 1.92749 1.49781 2.44695 3.28568 2.16332 1.51569 5.92808 4.53902 3.58926 3.23425 4.20424
threshold=296.50000000000006 8.5000000000000018 0.71952726341340612 275.50000000000006 5.5000000000000009 0.77608734600000007 240.50000000000003 20.500000000000004 0.62830301341610861 0.73192466100000009 1.1877000845000001 43.500000000000007 0.89087699650000018 0.90110449700000006
decision_type=2 2 10 2 2 2 2 2 8 2 2 2 2 2
left_child=1 3 -3 4 8 6 -6 -7 9 -1 -11 -12 -10 -14
right_child=-2 2 -4 -5 5 7 -8 -9 12 10 11 -13 13 -15
leaf_value=-0.0032414309074806462 -0.0020231897481934745 0.0001865521327729892 -0.00060446707051145564 0.0019795468809244428 0.00064615890432875964 -0.0025385560647502234 -0.0009120066875147638 -0.00056310431984659412 0.0014220119842325845 0.00042820830506682555 -0.00058404101249102632 -0.0029050398504243051 -0.0045521702685150265 0.00014465014923691164
leaf_weight=3375 4034 3377 6011 29336 10951 5457 8287 33452 42769 38506 17430 5789 3502 349928
leaf_count=3375 4034 3377 6011 29336 10951 5457 8287 33452 42769 38506 17430 5789 3502 349928
internal_value=3.13229e-05 3.69508e-05 -0.000535505 4.67486e-05 2.44778e-05 -0.000214653 0.000246583 -0.000442707 5.46224e-05 -0.000168958 -5.73059e-05 -0.000609391 9.13608e-05 4.16626e-05
internal_weight=562204 558170 9388 548782 519446 58147 19238 38909 461299 65100 61725 23219 396199 353430
internal_count=562204 558170 9388 548782 519446 58147 19238 38909 461299 65100 61725 23219 396199 353430
is_linear=0
shrinkage=0.05


Tree=166
num_leaves=15
num_cat=0
split_feature=9 7 2 2 8 8 7 3 8 7 8 8 8 0
split_gain=1.13013 2.37712 3.62779 2.60016 3.59307 2.24527 5.64214 5.56091 2.51125 2.61475 2.20223 2.64452 6.72511 2.1978
threshold=90.500000000000014 0.85730083450000005 3.5000000000000004 2.5000000000000004 1.6856546690000003 1.3760450305000003 1.0321974495000001 -14.219714672499999 1.3346537415000002 1.1222305165000004 1.1790741830000002 0.84749956800000004 0.77053469250000017 246.50000000000003
decision_type=2 2 2 2 2 2 2 2 2 2 2 2 2 2
left_child=-1 2 -2 4 -3 8 -7 -8 9 10 11 12 -5 -12
right_child=1 3 -4 5 -6 6 7 -9 -10 -11 13 -13 -14 -15
leaf_value=0.00013273187397572453 -0.0030494035160708362 0.0007756103149724273 0.00087284780848383712 0.0023067569447346114 -0.002406491183014925 -0.0080797744892881513 0.0047468753478646479 -0.0028231661703157084 0.0061888114609922294 -0.003336633577867214 -0.0022158304102735328 0.0008664491043048312 -0.0056713195329208439 0.001097740818262913
leaf_weight=434624 4033 50596 3182 3034 3441 3003 3432 6714 3098 4004 8731 27866 3165 3661
leaf_count=434624 4033 50596 3182 3034 3441 3003 3432 6714 3098 4004 8731 27866 3165 3661
internal_value=3.37014e-05 -9.69014e-05 -0.000978186 -4.42028e-05 0.000213584 -0.000253024 -0.000838338 -0.000274357 -0.000109262 -0.000194141 -8.84055e-05 0.00011924 -0.000814394 -0.00065903
internal_weight=562584 127960 7215 120745 54037 66708 13149 10146 53559 50461 46457 34065 6199 12392
internal_count=562584 127960 7215 120745 54037 66708 13149 10146 53559 50461 46457 34065 6199 12392
is_linear=0
shrinkage=0.05


Tree=167
num_leaves=15
num_cat=0
split_feature=7 7 4 2 0 2 7 4 7 7 7 6 2 7
split_gain=0.98578 4.85535 3.43008 3.41378 4.99744 4.79851 4.05525 2.83768 2.29758 1.88553 1.79107 1.64481 1.99277 1.45052
threshold=1.0774303530000002 1.0742902665 0.8044516516397241 1.0000000180025095e-35 141.50000000000003 2.5000000000000004 1.1169060805000004 0.94994193828113926 1.1500349420000002 1.0704542910000001 1.2098183425000004 1.0000000180025095e-35 4.5000000000000009 1.0532654330000002
decision_type=2 2 10 2 2 2 2 10 2 2 2 2 2 2
left_child=1 9 -2 10 5 6 -5 -7 -8 13 -4 -6 -13 -1
right_child=2 -3 3 4 11 7 8 -9 -10 -11 -12 12 -14 -15
leaf_value=4.1549285604784551e-05 0.0015189801476644712 -0.0051116007282591136 0.0023630889138208412 0.0019459127097706435 -0.00017078803268089296 -0.0040014584930193392 -0.0060552813902696777 -0.001733999682475913 -0.0010341489348967929 0.0023384981790389105 -0.0012409676108513384 0.0039312817928082019 0.00020458803736420341 -0.00076910383253832445
leaf_weight=406093 29429 4626 10480 7529 35170 3241 3709 3459 4258 6750 3092 7046 8760 28490
leaf_count=406093 29429 4626 10480 7529 35170 3241 3709 3459 4258 6750 3092 7046 8760 28490
internal_value=2.80715e-05 -5.72349e-06 0.000157797 -4.61035e-07 -0.000135562 -0.000761677 -0.000278047 -0.00187919 -0.00106404 1.11763e-05 0.000727701 0.00013711 0.000560686 -1.70845e-06
internal_weight=562132 445959 116173 86744 73172 22196 15496 6700 7967 441333 13572 50976 15806 434583
internal_count=562132 445959 116173 86744 73172 22196 15496 6700 7967 441333 13572 50976 15806 434583
is_linear=0
shrinkage=0.05


Tree=168
num_leaves=15
num_cat=0
split_feature=8 8 8 7 2 7 3 0 9 8 7 3 8 2
split_gain=1.04094 2.203 1.30281 2.41611 1.04944 3.44638 2.89299 2.52553 4.32065 3.76628 3.64542 4.16647 3.36582 2.15691
threshold=1.7872796020000001 1.7230644500000003 1.6562899470000001 1.1193917070000003 4.5000000000000009 1.2282903035000003 -61.063381072999995 140.50000000000003 58.500000000000007 0.68675894200000009 0.98980171850000009 -23.508204449499996 1.0238803150000002 1.5000000000000002
decision_type=2 2 2 2 2 2 2 2 2 2 2 2 2 2
left_child=1 2 4 -4 6 -6 -1 9 10 -8 11 -9 -13 -10
right_child=-2 -3 3 -5 5 -7 7 8 13 -11 -12 12 -14 -15
leaf_value=-0.003725894559946933 0.0014847769760944667 -0.0036398881469242119 0.0043953483410966113 -0.0012220349455782994 -0.00010280621602444575 -0.0034302914624782183 0.0026568604860631871 0.0047333645376212551 0.0015649869610535657 -0.00012804268084030032 0.0044105137604221146 0.0028640276940659634 -0.004001014862488046 -1.3478584915897152e-05
leaf_weight=3507 8248 4137 5444 3125 138787 3397 4041 5225 15568 248777 19159 3020 4929 95547
leaf_count=3507 8248 4137 5444 3125 138787 3397 4041 5225 15568 248777 19159 3020 4929 95547
internal_value=2.05671e-05 1.22732e-05 2.09162e-05 0.000632435 1.12416e-05 -0.000105423 5.27356e-05 6.53972e-05 0.000232968 -2.96847e-05 0.00074162 0.000101298 -0.0006195 8.49308e-05
internal_weight=562911 554663 550526 8569 541957 142184 399773 396266 143448 252818 32333 13174 7949 111115
internal_count=562911 554663 550526 8569 541957 142184 399773 396266 143448 252818 32333 13174 7949 111115
is_linear=0
shrinkage=0.05


Tree=169
num_leaves=15
num_cat=0
split_feature=9 7 0 3 7 7 0 9 2 7 2 7 5 3
split_gain=0.950901 2.47845 2.6216 2.04159 1.94659 3.03155 1.8827 1.44291 1.39219 1.42793 1.75332 1.62485 1.38553 2.15953
threshold=88.500000000000014 0.82422181150000007 287.50000000000006 48.10508384300001 0.91171355500000006 0.92030577050000006 162.50000000000003 20.500000000000004 8.5000000000000018 0.89684266700000015 4.5000000000000009 0.92030577050000006 15.500000000000002 -13.741144316999998
decision_type=2 2 2 2 2 2 2 2 2 2 2 2 2 2
left_child=3 -2 4 7 6 -6 -3 8 9 10 -1 -11 13 -7
right_child=1 2 -4 -5 5 12 -8 -9 -10 11 -12 -13 -14 -15
leaf_value=-0.00054175693029932315 -0.002608886929360709 -0.00034542110390075459 -0.0046986161452591676 0.0031328070783454122 -0.0030889241392376074 0.00030134243879383109 0.0023363408785902762 0.00018026353802523437 0.00023923592995182428 0.0011219871999960762 -0.0021873704704336119 -0.00041927608272841445 0.00089228710495310194 -0.00085557601411398183
leaf_weight=10241 4025 4894 3558 10704 3337 37749 11194 323710 3903 5266 3161 71107 26951 42768
leaf_count=10241 4025 4894 3558 10704 3337 37749 11194 323710 3903 5266 3161 71107 26951 42768
internal_value=2.51879e-05 -9.07934e-05 -5.30638e-05 6.16216e-05 -1.55045e-05 -9.01317e-05 0.000498353 4.41311e-05 -0.000128679 -0.000168885 -0.000644812 -8.53321e-05 -4.4011e-05 -0.000147879
internal_weight=562568 134476 130451 428092 126893 110805 16088 417388 93678 89775 13402 76373 107468 80517
internal_count=562568 134476 130451 428092 126893 110805 16088 417388 93678 89775 13402 76373 107468 80517
is_linear=0
shrinkage=0.05


Tree=170
num_leaves=15
num_cat=0
split_feature=8 8 8 8 8 0 9 3 8 8 9 3 8 0
split_gain=0.866064 6.8649 1.71808 3.85261 2.0824 2.62164 2.57422 1.67061 1.45649 3.1094 1.69326 3.8196 2.73316 2.56154
threshold=1.3854618275000001 1.3953363945000004 1.0238803150000002 1.0180504000000001 1.0395400325000002 207.50000000000003 60.500000000000007 51.186116818000009 1.4749027730000002 1.4869304840000004 79.500000000000014 0.79505891500000014 1.4372340155000003 152.50000000000003
decision_type=2 2 2 2 2 2 2 2 2 2 2 2 2 2
left_child=2 -2 3 -1 5 6 -4 -6 10 -10 13 12 -12 -3
right_child=1 8 4 -5 7 -7 -8 -9 9 -11 11 -13 -14 -15
leaf_value=0.00011131245528230098 0.0057630740387238479 0.0010821969272027834 -0.00072256658563554831 0.0029057685801027601 -0.00018483202115450611 0.0025438968522346768 -0.0037295881320792037 0.0033711518117763568 -0.0037149979880766962 6.5301764206707224e-05 -0.00041772367888844172 -0.0020192399248510967 0.0048654915489602362 0.005096222349506855
leaf_weight=202078 4300 16189 4842 4496 233259 3086 3063 6115 4430 64285 3314 5202 3452 4540
leaf_count=202078 4300 16189 4842 4496 233259 3086 3063 6115 4430 64285 3314 5202 3452 4540
internal_value=2.92853e-05 0.000158253 -5.52519e-07 0.000106182 -8.86188e-05 -0.000761413 -0.00124368 -5.77118e-05 7.5234e-05 -5.54787e-05 0.000349902 -0.000123611 0.00065943 0.000623252
internal_weight=562651 105712 456939 206574 250365 10991 7905 239374 101412 68715 32697 11968 6766 20729
internal_count=562651 105712 456939 206574 250365 10991 7905 239374 101412 68715 32697 11968 6766 20729
is_linear=0
shrinkage=0.05


Tree=171
num_leaves=15
num_cat=0
split_feature=9 8 8 8 8 8 7 7 7 8 8 4 8 8
split_gain=1.18211 2.9457 4.84331 2.23432 1.6338 2.46529 2.82921 3.6194 1.91354 1.62264 5.64873 2.50195 2.38466 2.51276
threshold=93.500000000000014 0.85329468650000007 0.79747702750000016 0.89494942300000013 0.93485406600000009 1.1006292565000002 0.91171355500000006 0.93676478250000017 1.0555321855000002 1.3854618275000001 1.3953363945000004 0.94066563153759264 1.4749027730000002 1.5590782635000002
decision_type=2 2 2 2 2 2 2 2 2 2 2 10 2 2
left_child=9 2 -2 -3 -5 8 -7 -8 -6 -1 -11 12 -12 -14
right_child=1 3 -4 4 5 6 7 -9 -10 10 11 -13 13 -15
leaf_value=4.5500298502675887e-05 -0.00015186556099043279 0.0032940756910426771 -0.0042441240517185732 -0.0017654833789046206 0.0015313138437062232 0.0024012342174169012 -0.0033969453420827364 -0.00031766987751252323 -0.0022476635463833917 0.006890607663780063 0.0017506475521886591 0.0013654570282050865 -0.0020432713974667541 0.00017930257978046487
leaf_weight=366531 6896 4494 4204 4589 20109 3053 3453 68673 3162 3225 13353 34131 11779 14446
leaf_count=366531 6896 4494 4204 4589 20109 3053 3453 68673 3162 3225 13353 34131 11779 14446
internal_value=3.29922e-05 -0.000107196 -0.000882485 -2.71299e-05 -7.47496e-05 -3.17403e-05 -0.000170947 -0.000234088 0.00041792 7.04953e-05 0.000279247 0.00018955 -8.0969e-05 -0.000357892
internal_weight=562098 118633 11100 107533 103039 98450 75179 72126 23271 443465 76934 73709 39578 26225
internal_count=562098 118633 11100 107533 103039 98450 75179 72126 23271 443465 76934 73709 39578 26225
is_linear=0
shrinkage=0.05


Tree=172
num_leaves=15
num_cat=0
split_feature=9 2 9 4 2 0 9 3 4 4 3 2 0 9
split_gain=0.886512 2.14205 4.04161 1.93423 1.21939 1.2399 1.13362 1.69509 1.53686 1.58173 1.55064 2.61274 4.76006 2.09842
threshold=14.500000000000002 8.5000000000000018 42.500000000000007 1.0510968945973482 6.5000000000000009 162.50000000000003 46.500000000000007 -64.252977838999996 0.8821072412912031 0.77718720175735512 6.1496026825000003 1.0000000180025095e-35 89.500000000000014 62.500000000000007
decision_type=2 2 2 10 2 2 2 2 10 10 2 2 2 2
left_child=3 6 -3 4 5 -1 7 -2 9 -8 -10 -12 -13 -14
right_child=1 2 -4 -5 -6 -7 8 -9 10 -11 11 12 13 -15
leaf_value=-6.8553339318445391e-06 -0.001457201717482948 7.0130353289084789e-05 -0.00093765050709725128 -0.0020805393486639512 0.00032833199323346754 -0.0018653528947550719 -1.8728892469742207e-05 0.00041938987079698817 -0.00051358938221095554 0.00081179901321195679 0.0016629666098125205 -0.0041125956019327425 0.0030055861375228653 -0.00012492320059197268
leaf_weight=36634 3586 4269 3043 14534 7898 4377 81811 173596 95818 64157 9249 3837 9108 50692
leaf_count=36634 3586 4269 3043 14534 7898 4377 81811 173596 95818 64157 9249 3837 9108 50692
internal_value=3.82545e-05 6.06306e-05 -0.000788574 -0.00013779 1.27265e-05 -9.68524e-05 7.32629e-05 0.00017442 1.63025e-05 0.000135094 -8.64802e-05 8.73222e-05 -2.68297e-05 8.27691e-05
internal_weight=562609 499166 7312 63443 48909 41011 491854 177182 314672 145968 168704 72886 63637 59800
internal_count=562609 499166 7312 63443 48909 41011 491854 177182 314672 145968 168704 72886 63637 59800
is_linear=0
shrinkage=0.05


Tree=173
num_leaves=15
num_cat=0
split_feature=9 2 0 7 9 2 0 8 7 7 0 8 7 7
split_gain=0.855869 1.04348 1.94841 2.2384 2.08117 2.61751 2.29819 2.08113 2.28352 1.87317 1.79773 2.02129 4.98027 2.1931
threshold=3.5000000000000004 1.0000000180025095e-35 48.500000000000007 0.86796959100000015 46.500000000000007 4.5000000000000009 66.500000000000014 0.8641608340000001 0.87315632250000008 0.90417377250000008 198.50000000000003 0.93791208450000008 0.87940248500000007 1.0321974495000001
decision_type=2 2 2 2 2 2 2 2 2 2 2 2 2 2
left_child=-1 -2 3 -3 5 10 -6 8 -7 -5 11 -4 -13 -14
right_child=1 2 4 9 6 7 -8 -9 -10 -11 -12 12 13 -15
leaf_value=-0.00097442645930839841 0.00050993012275779332 0.0013814434711349019 0.0023044515885126027 -0.0031279441465949321 -0.0029434712066692247 -0.00060840404533280684 -2.5034003660719613e-05 -0.00068012852564907343 0.000340825132997986 -0.00062878212686956394 0.0044149595597807005 -0.0031565539311973175 0.0012742150684604526 -0.00024153019342327195
leaf_weight=12301 77096 3865 11193 3063 5468 5463 284134 32210 29610 29848 10762 3103 32285 22033
leaf_count=12301 77096 3865 11193 3063 5468 5463 284134 32210 29610 29848 10762 3103 32285 22033
internal_value=3.47327e-05 4.39572e-05 1.61561e-05 -0.000333324 4.56202e-05 0.000199078 -3.20952e-05 -3.03545e-05 0.000236117 -0.000467022 0.000393545 0.000299261 0.000179405 0.000290761
internal_weight=562434 550133 473037 36776 436261 146659 289602 67283 35073 32911 79376 68614 57421 54318
internal_count=562434 550133 473037 36776 436261 146659 289602 67283 35073 32911 79376 68614 57421 54318
is_linear=0
shrinkage=0.05


Tree=174
num_leaves=15
num_cat=0
split_feature=4 8 4 5 3 5 8 5 0 8 8 4 9 0
split_gain=0.916873 1.10926 1.14407 1.65072 1.36133 1.51708 2.5178 1.30572 1.99975 2.51526 8.74653 4.67085 3.74492 2.51218
threshold=1.6309062025753771 1.8117857720000001 1.1733657718391182 6.5000000000000009 18.316596429500006 9.5000000000000018 1.1161761105000003 6.5000000000000009 164.50000000000003 1.0777579510000004 1.0364343765000001 0.91640966490840958 79.500000000000014 62.500000000000007
decision_type=8 2 10 2 2 2 2 2 2 2 2 10 2 2
left_child=1 2 4 -4 7 -6 -7 -1 9 10 11 13 -13 -9
right_child=-2 -3 3 -5 5 6 -8 8 -10 -11 -12 12 -14 -15
leaf_value=0.00022874178091245408 -0.001352115866489546 0.0022981699650973233 -0.0026830067222507288 0.00081283842116623174 -0.0041972125640104795 0.0013126653568195702 -0.0023694449047615353 -0.0010445570904373958 0.00017493505549511179 -3.7158396713149885e-05 -0.0035982053563828453 -0.00093000524754729475 -0.0036506661411361547 0.00056392028342031899
leaf_weight=149486 6463 5942 4222 49426 3585 8661 8646 11109 152863 111615 10179 11515 3449 25664
leaf_count=149486 6463 5942 4222 49426 3585 8661 8646 11109 152863 111615 10179 11515 3449 25664
internal_value=2.09878e-05 2.78684e-05 2.05297e-05 0.000239875 -3.16031e-06 -0.000398143 -0.000204049 1.41842e-05 -4.18659e-05 -0.000158022 -0.000413591 -0.000149926 -0.000894515 0.000153149
internal_weight=562825 556362 550420 53648 496772 20892 17307 475880 326394 173531 61916 51737 14964 36773
internal_count=562825 556362 550420 53648 496772 20892 17307 475880 326394 173531 61916 51737 14964 36773
is_linear=0
shrinkage=0.05


Tree=175
num_leaves=15
num_cat=0
split_feature=7 7 4 3 0 7 8 4 7 8 3 8 7 8
split_gain=0.911139 4.04138 3.88824 2.42036 6.0817 4.2808 2.26688 2.11013 1.78929 3.73475 2.21478 3.53404 1.80974 2.44774
threshold=1.0774303530000002 1.0742902665 0.79092681674299614 -3.7723128614999997 161.50000000000003 1.1169060805000004 1.7038210695000002 1.1319908677567525 1.1062651810000002 1.1714257850000003 8.507209759000002 1.3050982730000003 1.1838380120000003 1.4073771380000002
decision_type=2 2 8 2 2 2 2 8 2 2 2 2 2 2
left_child=1 -1 -2 4 5 -4 8 -8 9 -5 11 -10 -12 -14
right_child=2 -3 3 6 -6 -7 7 -9 10 -11 12 -13 13 -15
leaf_value=-6.1604271441669101e-06 0.001671661068808323 -0.0044075475939240596 -0.00029238087578575264 0.0044041170412635359 0.00062266654468794711 -0.0063430680097282133 0.00051504312291243855 -0.0056456801797212432 -0.003523007209029894 -0.0013076303071100285 0.003069308915771677 0.0015191376701682415 -0.0014003812299295659 0.0025544827988835668
leaf_weight=441005 26904 4532 5314 5101 18242 6374 3320 3286 5685 12138 13703 8781 4252 3333
leaf_count=441005 26904 4532 5314 5101 18242 6374 3320 3286 5685 12138 13703 8781 4252 3333
internal_value=1.40131e-05 -1.85335e-05 0.00013855 -1.98527e-05 -0.000386671 -0.00127683 0.000164377 -0.000708667 0.000273265 -0.000145123 0.000474985 -2.41857e-06 0.000799324 0.000179513
internal_weight=561970 445537 116433 89529 29930 11688 59599 6606 52993 17239 35754 14466 21288 7585
internal_count=561970 445537 116433 89529 29930 11688 59599 6606 52993 17239 35754 14466 21288 7585
is_linear=0
shrinkage=0.05


Tree=176
num_leaves=15
num_cat=0
split_feature=7 7 7 4 8 0 7 4 8 8 7 4 8 7
split_gain=0.794062 3.553 3.65149 5.08284 2.6881 2.43334 2.34018 2.05107 5.31661 3.56359 2.40691 4.13693 3.62183 3.09722
threshold=1.0629873900000002 1.0532654330000002 1.0577672440000001 0.87573228922345214 0.94854922800000019 178.50000000000003 1.0435299190000003 0.93589341991015196 1.5369512295000003 1.4929318085000001 1.0171569100000002 1.0147780215121862 0.81209648550000013 0.93209764900000003
decision_type=2 2 2 10 2 2 2 8 2 2 2 10 2 2
left_child=1 6 3 -3 -2 -4 7 8 9 -1 11 -9 13 -13
right_child=4 2 5 -5 -6 -7 -8 10 -10 -11 -12 12 -14 -15
leaf_value=0.00015111417115373581 0.001808999663704498 -0.0045575703750521694 0.0023924390553557175 -0.00058465664520589622 0.0001809559633740874 -0.0024053380101987411 0.0015557877504196978 -0.001166700485401666 -0.0026070561317037759 0.0084256811103270608 -0.0013442607218752099 0.00014448528047569082 0.00086030142125551989 -0.0037067220603548136
leaf_weight=252756 15224 3733 5517 5035 123190 3430 19808 36151 5927 3256 25571 4376 55412 3346
leaf_count=252756 15224 3733 5517 5035 123190 3430 19808 36151 5927 3256 25571 4376 55412 3346
internal_value=3.4972e-05 1.04879e-06 -0.000692015 -0.00141685 0.000138962 1.8711e-05 3.12525e-05 4.10425e-06 8.35962e-05 0.000117883 -0.000162661 -5.12387e-05 0.000192987 -0.000821147
internal_weight=562732 424318 17715 8768 138414 8947 406603 386795 261939 256012 124856 99285 63134 7722
internal_count=562732 424318 17715 8768 138414 8947 406603 386795 261939 256012 124856 99285 63134 7722
is_linear=0
shrinkage=0.05


Tree=177
num_leaves=15
num_cat=0
split_feature=9 8 8 8 8 8 2 8 3 0 0 8 8 8
split_gain=1.07584 2.40369 4.45287 2.1357 1.96769 1.76636 1.72624 2.46581 2.23173 2.14309 1.50309 1.35303 5.82868 2.70988
threshold=93.500000000000014 0.85329468650000007 0.79747702750000016 0.89494942300000013 0.93485406600000009 0.70998993300000013 5.5000000000000009 1.1006292565000002 -26.235970848999994 158.50000000000003 190.50000000000003 1.3854618275000001 1.3953363945000004 1.3684471115000003
decision_type=2 2 2 2 2 2 2 2 2 2 2 2 2 2
left_child=11 2 5 -3 -5 -2 7 9 -8 -6 -11 13 -13 -1
right_child=1 3 -4 4 6 -7 8 -9 -10 10 -12 12 -14 -15
leaf_value=7.0645587725323025e-05 -0.0013243893308718196 0.0028209609073914822 -0.0040213621452855706 -0.0018879297410561158 -0.00063426832557827084 0.0019146870296903023 0.00017875226391269894 -0.00024558270635064995 -0.0052037507765255366 0.004173674854491439 0.0017807999846156327 0.0064093220242143357 0.00043881114068045242 -0.003292061004924986
leaf_weight=359987 3065 4554 4193 4547 4884 3900 3345 72110 3026 4182 11000 3249 73697 6462
leaf_count=359987 3065 4554 4193 4547 4884 3900 3345 72110 3026 4182 11000 3249 73697 6462
internal_value=2.97979e-05 -0.00010382 -0.000802204 -3.13971e-05 -7.82257e-05 -2.69009e-05 -3.12778e-05 2.37577e-05 -0.000826929 0.000513926 0.00080694 6.56011e-05 0.000256202 2.55763e-05
internal_weight=562201 118806 11158 107648 103094 6965 98547 92176 6371 20066 15182 443395 76946 366449
internal_count=562201 118806 11158 107648 103094 6965 98547 92176 6371 20066 15182 443395 76946 366449
is_linear=0
shrinkage=0.05


Tree=178
num_leaves=15
num_cat=0
split_feature=2 7 6 0 0 2 8 0 3 4 4 5 4 7
split_gain=1.4581 3.11214 2.01349 1.33405 2.21717 1.57138 2.53984 2.24523 1.52416 1.49236 2.36073 2.68444 1.33883 1.31076
threshold=7.5000000000000009 1.0015239480000002 1.0000000180025095e-35 295.50000000000006 272.50000000000006 5.5000000000000009 0.77608734600000007 244.50000000000003 10.858159523500001 0.63220293724250809 0.72482102189948627 8.5000000000000018 1.1142903808357596 1.0532654330000002
decision_type=2 2 2 2 2 2 2 2 2 10 10 2 10 2
left_child=3 2 -2 4 5 -1 7 -7 -6 -8 -11 -12 -10 -13
right_child=1 -3 -4 -5 8 6 9 -9 12 10 11 13 -14 -15
leaf_value=8.6650960215619736e-05 -0.00028857979730256334 -0.0010323482955319747 0.00016585850067324926 -0.004934107248607664 0.0037786590192310249 0.0008654610545992047 0.00043732180388068729 -0.0017287491754895913 -0.0021963573606536332 -0.0022800883269751063 0.00039699105762421266 -0.0012699857748584829 0.0025459097273239561 -0.0037275207982812829
leaf_weight=459336 8000 7042 11824 3248 13719 8769 4646 4497 4184 5747 9504 7813 9296 4735
leaf_count=459336 8000 7042 11824 3248 13719 8769 4646 4497 4184 5747 9504 7813 9296 4735
internal_value=1.38701e-05 -0.00034554 -2.47112e-05 3.19049e-05 3.80742e-05 1.43897e-05 -0.00026517 0.00031761 0.000477779 -0.000503467 -0.000642084 -0.000406674 0.000100111 -0.000886641
internal_weight=562360 26866 19824 535494 532246 505047 45711 13266 27199 32445 27799 22052 13480 12548
internal_count=562360 26866 19824 535494 532246 505047 45711 13266 27199 32445 27799 22052 13480 12548
is_linear=0
shrinkage=0.05


Tree=179
num_leaves=15
num_cat=0
split_feature=5 3 0 7 2 2 7 7 7 4 7 2 7 7
split_gain=0.771354 2.74492 1.83552 3.21607 2.96439 1.93652 1.71171 1.62641 3.34041 3.18938 6.37246 5.37117 4.30904 3.92666
threshold=6.5000000000000009 19.907744359500004 173.50000000000003 0.82422181150000007 8.5000000000000018 3.5000000000000004 1.0477556685000002 1.0453973215000001 1.0532654330000002 0.93589341991015196 1.0210106120000002 2.5000000000000004 1.0279929740000002 1.0111551690000002
decision_type=2 2 2 2 2 2 2 2 2 10 2 2 2 2
left_child=1 -1 7 -4 5 6 -5 9 -9 -2 11 13 -12 -11
right_child=2 -3 3 4 -6 -7 -8 8 -10 10 12 -13 -14 -15
leaf_value=0.00022217337661256222 -3.8160646742403908e-05 -0.0042593165412338919 -0.0023588047717224589 0.0018304545746545234 -0.00041401729386506469 0.00018442810404827547 0.00018979178151750704 0.0026653265338456682 -5.201177366364541e-05 -0.00040132855864530678 -0.0062833123045883321 -0.0029141012824889664 -0.001809726215250315 0.0047695309538940515
leaf_weight=155946 93103 3032 4292 35160 6086 119558 18900 6133 62510 36886 3069 6387 8042 3201
leaf_count=155946 93103 3032 4292 35160 6086 119558 18900 6133 62510 36886 3069 6387 8042 3201
internal_value=2.24299e-05 0.000115704 -1.43368e-05 0.000102119 0.00013444 0.000172471 0.00042079 -0.000112031 8.96968e-05 -0.000203924 -0.000496397 -0.00023914 -0.00157183 -2.45061e-05
internal_weight=562305 158978 403327 183996 179704 173618 54060 219331 68643 150688 57585 46474 11111 40087
internal_count=562305 158978 403327 183996 179704 173618 54060 219331 68643 150688 57585 46474 11111 40087
is_linear=0
shrinkage=0.05


Tree=180
num_leaves=15
num_cat=0
split_feature=2 8 8 4 8 8 8 8 8 7 4 7 7 7
split_gain=1.2457 2.09462 3.24845 1.72258 3.15644 6.66466 2.81841 4.69136 4.29513 4.11655 2.43446 2.34371 4.11018 2.91829
threshold=3.5000000000000004 1.4806902235000001 1.5743189000000002 0.64029190578168593 1.5440901695000002 1.4372340155000003 0.75957389400000008 0.79747702750000016 0.8641608340000001 0.85421943300000003 0.77954135584568995 0.86796959100000015 0.87940248500000007 0.92509244750000008
decision_type=2 2 2 10 2 2 2 2 2 2 10 2 2 2
left_child=3 -2 -3 4 5 -1 -5 -8 10 -10 -9 -11 -13 -14
right_child=1 2 -4 6 -6 -7 7 8 9 11 -12 12 13 -15
leaf_value=-0.00020806261887044335 -5.163826470749143e-05 -0.0048900775771802589 -4.5572584606112804e-05 0.0024494528396077184 0.0022999725649289174 -0.0035588211577364096 -0.0045485783939876673 -1.0122880127401653e-05 -0.0019150196904060045 0.0026144135113320699 0.005537081185532808 -0.0029968999140797307 0.0015279273782315369 0.00020498149310834687
leaf_weight=52588 203707 3781 5574 7083 3603 3696 3205 3132 6783 3530 6910 3540 23073 232529
leaf_count=52588 203707 3781 5574 7083 3603 3696 3205 3132 6783 3530 6910 3540 23073 232529
internal_value=2.93831e-05 -6.59182e-05 -0.000797276 8.74522e-05 -0.000156657 -0.000248539 0.000137902 0.000113209 0.000135035 9.71852e-05 0.00115009 0.000128599 0.000111153 0.000134601
internal_weight=562734 213062 9355 349672 59887 56284 289785 282702 279497 269455 10042 262672 259142 255602
internal_count=562734 213062 9355 349672 59887 56284 289785 282702 279497 269455 10042 262672 259142 255602
is_linear=0
shrinkage=0.05


Tree=181
num_leaves=15
num_cat=0
split_feature=9 7 7 0 7 3 4 7 0 5 3 4 7 7
split_gain=0.82069 1.54778 4.66938 1.99549 3.30869 1.42857 1.54033 1.03848 0.931006 1.39043 0.998704 1.36631 0.90879 3.51607
threshold=94.500000000000014 1.1376243515000002 1.1958845235000004 129.50000000000003 0.96271030700000015 48.10508384300001 1.6309062025753771 1.0258042870000004 286.50000000000006 20.500000000000004 30.811094635500002 1.1319908677567525 1.0111551690000002 1.0229662150000003
decision_type=2 2 2 2 2 2 10 2 2 2 2 10 2 2
left_child=5 3 -3 4 -2 6 12 -6 9 10 11 -5 -1 -14
right_child=1 2 -4 8 7 -7 -8 -9 -10 -11 -12 -13 13 -15
leaf_value=6.8228311074238311e-06 -0.0021258221550011242 -0.0038619713809399043 0.0025705081010196375 5.8002902153602451e-05 -0.00065171924620367804 0.0025399978479589236 -0.0027044333093898991 0.0028312818771618585 -0.0028338859622294606 0.0027852014097219414 0.0017393984168673387 -0.0022382058222059366 0.001890866580005977 0.00014882461044720801
leaf_weight=248520 4021 5699 3893 75044 3592 11229 3651 3511 3282 7623 5759 3412 20168 163377
leaf_count=248520 4021 5699 3893 75044 3592 11229 3651 3511 3282 7623 5759 3412 20168 163377
internal_value=4.21164e-05 -7.64841e-05 -0.000684589 -2.15531e-05 -0.000655045 7.2855e-05 5.85008e-05 -5.97911e-06 5.25625e-05 8.21511e-05 2.3599e-05 -2.30687e-05 6.71477e-05 0.000151526
internal_weight=562781 115836 9592 106244 11124 446945 435716 7103 95120 91838 84215 78456 432065 183545
internal_count=562781 115836 9592 106244 11124 446945 435716 7103 95120 91838 84215 78456 432065 183545
is_linear=0
shrinkage=0.05


Tree=182
num_leaves=15
num_cat=0
split_feature=9 7 0 5 3 4 0 4 7 4 4 7 7 4
split_gain=0.763808 2.00422 2.18378 1.15079 1.74118 2.31414 1.45137 1.81722 1.39088 2.60787 2.00211 2.98851 6.7646 1.92108
threshold=88.500000000000014 0.82422181150000007 287.50000000000006 20.500000000000004 48.10508384300001 1.1733657718391182 127.50000000000001 0.94994193828113926 1.0181248685000004 0.84274400713748054 0.65909151781891462 0.90704289300000018 0.93303209350000016 0.7551472696537781
decision_type=2 2 2 2 2 10 2 10 2 10 10 2 2 10
left_child=-1 -2 3 4 5 6 7 -3 9 10 -8 -12 -13 -14
right_child=1 2 -4 -5 -6 -7 8 -9 -10 -11 11 12 13 -15
leaf_value=0.00010096811006936016 -0.0022215895948594772 -0.0001312543146915342 -0.0044614535387296102 0.00214200173425545 -0.0038332821384701302 0.0025107281805971052 0.0012232739348830126 -0.0022511779157449864 -0.00062838480946824054 0.0011161295398224799 0.0011476689664501175 -0.0045320507964675709 -0.0019716003810591079 0.00072275607728797449
leaf_weight=427318 4042 7299 3543 10226 3231 7224 4663 5212 38225 31603 5528 3016 4422 6575
leaf_count=427318 4042 7299 3543 10226 3231 7224 4663 5212 38225 31603 5528 3016 4422 6575
internal_value=2.71601e-05 -7.66055e-05 -4.26887e-05 -8.56716e-06 -5.30328e-05 -2.05015e-05 -7.92365e-05 -0.000585051 -1.19101e-05 0.000147235 -0.000243298 -0.00046544 -0.000853724 -0.000277904
internal_weight=562127 134809 130767 127224 116998 113767 106543 12511 94032 55807 24204 19541 14013 10997
internal_count=562127 134809 130767 127224 116998 113767 106543 12511 94032 55807 24204 19541 14013 10997
is_linear=0
shrinkage=0.05


Tree=183
num_leaves=15
num_cat=0
split_feature=2 8 3 0 0 0 0 7 0 8 0 0 7 7
split_gain=0.840165 1.70505 1.48883 1.43982 2.41273 1.14959 2.10349 1.12995 1.03884 0.980356 1.77182 1.25658 0.879096 1.50138
threshold=5.5000000000000009 0.92000341650000006 -43.381484313499989 288.50000000000006 257.50000000000006 205.50000000000003 244.50000000000003 1.1100176685000003 215.50000000000003 0.97595731350000003 254.50000000000003 276.50000000000006 0.78832097300000015 0.82025456000000008
decision_type=2 2 2 2 2 2 2 2 2 2 2 2 2 2
left_child=3 7 5 4 12 -3 -7 -2 -4 -10 -11 -12 -1 -14
right_child=1 2 8 -5 -6 6 -8 -9 9 10 11 -13 13 -15
leaf_value=-0.00091470127993554433 1.6365865194874138e-07 0.0011096248692693588 -0.0016991456903589033 -0.0041785301085760238 0.0026215298215672075 -0.0014783188453986278 0.0011456890013318666 0.0019392025311494327 -0.0041906726364565796 0.0012494511681819369 -0.0034037954630786668 -0.00048908147165686291 0.0011475307294750866 8.368785492254133e-05
leaf_weight=5261 55351 3177 5079 3852 23185 3343 3761 3397 3268 3677 3692 5026 7359 433358
leaf_count=5261 55351 3177 5079 3852 23185 3343 3761 3397 3268 3677 3692 5026 7359 433358
internal_value=3.58304e-05 -0.000104399 -0.000404232 6.24446e-05 7.03533e-05 8.77407e-05 -0.00026586 5.39548e-05 -0.000648045 -0.000446292 -0.000242943 -0.00063109 4.44973e-05 5.21701e-05
internal_weight=562786 89771 31023 473015 469163 10281 7104 58748 20742 15663 12395 8718 445978 440717
internal_count=562786 89771 31023 473015 469163 10281 7104 58748 20742 15663 12395 8718 445978 440717
is_linear=0
shrinkage=0.05


Tree=184
num_leaves=15
num_cat=0
split_feature=2 8 7 4 7 8 7 1 8 7 7 3 8 8
split_gain=1.34745 2.24865 4.44721 4.44117 2.98408 3.17359 2.70357 2.54637 2.55331 2.12274 1.8984 2.03361 2.32781 3.06865
threshold=3.5000000000000004 1.2273597760000001 1.0389338545000002 0.75026491168745124 1.0975312830000001 1.5304599295000003 1.1316016705000003 66.500000000000014 1.3307223345000001 1.0577672440000001 1.1145767585000004 18.316596429500006 1.1877000845000001 1.168018046
decision_type=2 2 2 10 2 2 2 2 2 2 2 2 2 2
left_child=-1 10 3 -3 9 6 -6 -5 -9 -4 11 12 13 -2
right_child=1 2 4 7 5 -7 -8 8 -10 -11 -12 -13 -14 -15
leaf_value=0.00019391816398632911 4.8137293065464629e-06 0.0012675360807428671 -0.00091036680303698968 -0.0023234276656837012 -0.0039601067352103827 0.0018791232122573462 -0.00064310357060804856 -0.0053952575711897063 -0.0033588855465573916 0.0032904986509638212 0.0014292677432078511 -0.0019868224713030045 0.0021529094810053464 -0.0037422008818902477
leaf_weight=349142 131122 3381 3651 4268 3744 3744 7132 3174 3053 6861 18426 15445 5251 3140
leaf_count=349142 131122 3381 3651 4268 3744 3744 7132 3174 3053 6861 18426 15445 5251 3140
internal_value=2.88226e-05 -7.04812e-05 -0.000413452 -0.00113176 -1.67084e-05 -0.000478632 -0.000910762 -0.00163929 -0.00228378 0.000625654 6.69022e-06 -5.03668e-05 9.90918e-06 -3.04989e-05
internal_weight=561534 212392 39008 13876 25132 14620 10876 10495 6227 10512 173384 154958 139513 134262
internal_count=561534 212392 39008 13876 25132 14620 10876 10495 6227 10512 173384 154958 139513 134262
is_linear=0
shrinkage=0.05


Tree=185
num_leaves=15
num_cat=0
split_feature=4 7 2 7 7 4 5 7 7 0 7 9 7 0
split_gain=0.824902 1.70831 1.31159 1.97391 2.56303 2.20192 5.28644 2.86158 1.56232 2.28288 5.85873 3.69907 3.97901 3.16279
threshold=0.63220293724250809 1.1573811805000003 3.5000000000000004 1.2399318305000002 1.0659632440000002 1.0750336156600053 10.500000000000002 1.0171569100000002 0.88165736250000015 219.50000000000003 0.90579342850000011 57.500000000000007 1.0331983300000003 172.50000000000003
decision_type=10 2 2 2 2 10 2 2 2 2 2 2 2 2
left_child=1 -1 -2 4 5 8 -7 -8 -4 10 -10 -12 13 -13
right_child=2 -3 3 -5 -6 6 7 -9 9 -11 11 12 -14 -15
leaf_value=-0.00027396863084190685 0.00027061780850533767 0.0019374198062669995 0.00042397934451393507 -0.0029049497693126101 0.00073355785782384161 -0.0051089775905986479 0.0010695293941646361 -0.004144194310402644 -0.0034691285294891753 0.00014040216751578125 0.00020056085321569947 -0.0033791906504565799 0.001820994602433095 -0.0010436963511194206
leaf_weight=76128 292225 3097 18329 4425 46639 3790 8111 4297 3497 57645 23701 5664 3590 11240
leaf_count=76128 292225 3097 18329 4425 46639 3790 8111 4297 3497 57645 23701 5664 3590 11240
internal_value=2.85304e-05 -0.000121008 5.30521e-05 -4.88652e-05 -2.40874e-05 -0.000131123 -0.000679195 -0.00017965 -5.93105e-05 -0.000133446 -0.000389333 -0.000233314 -0.000725157 -0.00104619
internal_weight=562378 79225 483153 190928 186503 139864 16198 12408 123666 105337 47692 44195 20494 16904
internal_count=562378 79225 483153 190928 186503 139864 16198 12408 123666 105337 47692 44195 20494 16904
is_linear=0
shrinkage=0.05


Tree=186
num_leaves=15
num_cat=0
split_feature=1 8 8 8 7 8 7 7 3 8 8 4 7 7
split_gain=0.986679 2.92658 3.67513 5.61949 5.06434 4.37623 3.49304 3.60287 3.52496 4.07339 3.13882 2.52949 2.49836 2.83102
threshold=245.50000000000003 1.2580429490000002 0.96453025450000018 0.84749956800000004 0.98284597900000015 0.99992173700000009 1.0389338545000002 1.0229662150000003 -1.7869223914999999 1.3307223345000001 1.1200188100000001 1.2377231071315606 1.1433409550000002 1.0758056275000001
decision_type=2 2 2 2 2 2 2 2 2 2 2 10 2 2
left_child=-1 2 3 -2 -5 -4 7 8 9 -3 -7 12 13 -8
right_child=1 6 5 4 -6 10 11 -9 -10 -11 -12 -13 -14 -15
leaf_value=0.00011126298659928803 0.00079886821280574177 -0.0064255679493743032 0.0037031851672635523 -0.0033007508394678805 0.0012397797546659234 -0.00063757380350805534 0.0017345945868310446 -0.0035511307132614343 0.001209295146029164 -0.00082666244869301778 0.0014563294193001598 -0.0038466991764925761 0.003360441067633948 -0.0017431093669088489
leaf_weight=452981 10961 3066 4327 9814 3380 19568 5228 3595 4225 4800 21630 4270 5812 7864
leaf_count=452981 10961 3066 4327 9814 3380 19568 5228 3595 4225 4800 21630 4270 5812 7864
internal_value=2.76079e-05 -0.000107789 8.61018e-05 -0.000412355 -0.00110728 0.000350593 -0.000455423 -0.00103148 -0.000617766 -0.00124317 0.000191612 -6.53608e-05 0.000182982 -0.000200046
internal_weight=561521 108540 69680 24155 13194 45525 38860 15686 12091 7866 41198 23174 18904 13092
internal_count=561521 108540 69680 24155 13194 45525 38860 15686 12091 7866 41198 23174 18904 13092
is_linear=0
shrinkage=0.05


Tree=187
num_leaves=15
num_cat=0
split_feature=8 8 7 3 3 7 8 0 8 8 3 7 7 7
split_gain=0.711388 7.01378 2.43771 2.60705 4.33649 2.02429 1.71444 2.4867 1.62014 3.27839 2.83408 3.16955 7.61347 5.11052
threshold=1.3854618275000001 1.3953363945000004 1.0291410800000003 -30.694459927499995 -13.272918369499999 1.0350391070000002 1.4211056495000001 156.50000000000003 1.1848506720000003 1.1493456145000003 34.022835308000005 0.95582774950000016 0.97161239850000014 1.0102806615000002
decision_type=2 2 2 2 2 2 2 2 2 2 2 2 2 2
left_child=8 -2 3 -3 -5 -4 7 -7 9 -1 11 -10 -13 -14
right_child=1 2 5 4 -6 6 -8 -9 10 -11 -12 12 13 -15
leaf_value=7.2132713470120833e-06 0.0046645982223135745 -0.0035784596004345354 0.0039588497757232994 0.0025625505329313243 -0.0016467569505708374 0.0052820892863253942 0.00014779477848547758 -0.00026582367319166321 0.00087078362454308649 0.0012306632111700256 0.0026134406620721673 -0.0036153825944675853 0.0011105802145101589 -0.0010949893563106518
leaf_weight=302109 4342 3036 3297 6308 15583 3614 66485 3111 22648 28990 7065 8587 23653 63656
leaf_count=302109 4342 3036 3297 6308 15583 3614 66485 3111 22648 28990 7065 8587 23653 63656
internal_value=2.25072e-05 0.000139345 5.50578e-05 -0.000374318 -0.000183709 0.000194969 0.00014034 0.000900817 -4.55422e-06 5.345e-05 -0.000157447 -0.000215438 -0.000341081 -0.000201314
internal_weight=562484 105776 101434 24927 21891 76507 73210 6725 456708 331099 125609 118544 95896 87309
internal_count=562484 105776 101434 24927 21891 76507 73210 6725 456708 331099 125609 118544 95896 87309
is_linear=0
shrinkage=0.05


Tree=188
num_leaves=15
num_cat=0
split_feature=8 8 7 8 8 3 3 7 7 8 8 8 7 7
split_gain=0.821556 4.38442 2.4679 2.56851 4.44348 3.96764 3.80241 2.31472 1.99262 1.45651 2.87979 2.35911 12.0866 2.36864
threshold=1.3804488530000001 1.4073771380000002 1.0372488330000003 1.4259633665000002 1.5369512295000003 -2.5308603844999995 -11.824369732999997 1.0466644485000003 1.0102806615000002 1.0238803150000002 0.98604826500000009 1.0395400325000002 0.93303209350000016 1.0083447180000003
decision_type=2 2 2 2 2 2 2 2 2 2 2 2 2 2
left_child=9 -2 3 -3 6 -6 -5 -4 -8 10 -1 12 -11 -13
right_child=1 2 7 4 5 -7 8 -9 -10 11 -12 13 -14 -15
leaf_value=2.386296247594486e-05 0.0028058471329957483 -0.0033697958102190785 0.003916382583715761 0.00491830277570261 -0.0034044432291035704 0.00056566290040582909 0.0010930425981112797 0.00033901482713791665 -0.0026823259904819631 -0.0047619921395600055 0.0010483640903107656 0.00023077641341989879 0.0013181018107319047 -0.00052821615612861576
leaf_weight=174273 10785 3316 5631 5931 5515 3872 5645 63920 3141 3552 32409 123581 7470 113335
leaf_count=174273 10785 3316 5631 5931 5515 3872 5645 63920 3141 3552 32409 123581 7470 113335
internal_value=2.84327e-05 0.00015256 4.61713e-05 -0.000355515 -0.000175868 -0.00102561 0.000366289 0.000204547 -0.000294051 -9.89762e-07 9.70308e-05 -8.27004e-05 -0.000797588 -4.94257e-05
internal_weight=562376 107756 96971 27420 24104 9387 14717 69551 8786 454620 206682 247938 11022 236916
internal_count=562376 107756 96971 27420 24104 9387 14717 69551 8786 454620 206682 247938 11022 236916
is_linear=0
shrinkage=0.05


Tree=189
num_leaves=15
num_cat=0
split_feature=8 8 4 7 7 7 8 1 7 7 8 7 7 7
split_gain=1.06724 5.12477 4.94946 7.57275 7.30831 11.1459 4.36094 2.43548 3.45244 2.55395 3.12216 2.86106 4.26136 5.36478
threshold=1.2696406140000003 1.2307180285000003 1.0382488075163663 1.0659632440000002 1.0139059385000002 0.98980171850000009 1.2767546560000003 242.50000000000003 1.1340954020000003 1.0758056275000001 1.5304599295000003 1.0389338545000002 1.0181248685000004 0.98040150950000016
decision_type=2 2 10 2 2 2 2 2 2 2 2 2 2 2
left_child=1 -1 3 4 5 -3 -2 -8 9 11 -11 12 13 -9
right_child=6 2 -4 -5 -6 -7 7 8 -10 10 -12 -13 -14 -15
leaf_value=6.8257555766352028e-05 0.0049162806265937459 -0.0010668523787980535 0.0012903250081171208 -0.0054889997897192497 0.0036270467618865218 -0.0054372676453396567 0.00056440622411269546 -0.0025670531131561981 0.0016232011965936746 -0.0039575405745723036 -0.0001579459494125985 0.0014607885413841391 -0.003181446162657961 0.0023747052750412289
leaf_weight=364634 4381 7137 6404 3313 4481 3055 130483 5160 9000 4610 3755 6105 4460 5521
leaf_count=364634 4381 7137 6404 3313 4481 3055 130483 5160 9000 4610 3755 6105 4460 5521
internal_value=3.9462e-05 -6.52901e-06 -0.000708137 -0.00113307 -0.000645013 -0.00138472 0.000142596 0.000102218 -0.000246595 -0.000507243 -0.00124701 -0.000215754 -0.000584148 -4.18772e-05
internal_weight=562499 389024 24390 17986 14673 10192 173475 169094 38611 29611 8365 21246 15141 10681
internal_count=562499 389024 24390 17986 14673 10192 173475 169094 38611 29611 8365 21246 15141 10681
is_linear=0
shrinkage=0.05


Tree=190
num_leaves=15
num_cat=0
split_feature=7 7 8 8 4 5 7 7 7 8 7 7 8 8
split_gain=0.872489 4.49986 2.2918 3.03299 4.24978 4.39628 3.92632 7.02858 2.77694 2.68538 4.04962 4.89249 2.96431 2.27437
threshold=0.96851606650000011 0.95974503000000011 1.1134877910000003 1.0238803150000002 0.68630208374705315 13.500000000000002 0.89501949950000015 0.92716864150000011 0.94237551550000009 1.2215874130000002 0.94139884600000012 0.91017144550000018 1.3424221355000003 1.1306296370000004
decision_type=2 2 2 2 10 2 2 2 2 2 2 2 2 2
left_child=1 2 3 -1 -5 6 -6 -8 -9 -4 11 -11 -12 -3
right_child=-2 13 9 4 5 -7 7 8 -10 10 12 -13 -14 -15
leaf_value=3.7770094000437492e-05 0.00018008715749089714 -0.0004797114823405455 0.001115515231246341 0.00094646992870767816 -0.0044558778537847812 0.0008154172423056607 0.0013761829030689379 -0.0054730190603696459 -0.001911951554450432 0.0017030501817510832 -0.00028337227950205588 -0.0026236524609567907 0.0049746784621924819 -0.0029257398919086486
leaf_weight=116689 352475 10970 23754 7013 3486 4489 4224 3192 3439 5409 5397 8377 4059 9118
leaf_count=116689 352475 10970 23754 7013 3486 4489 4224 3192 3439 5409 5397 8377 4059 9118
internal_value=2.68238e-05 -5.39545e-05 2.14739e-05 -7.83656e-05 -0.000568419 -0.00095965 -0.00138697 -0.000917357 -0.00193226 0.000324248 -5.78569e-05 -0.00060438 0.000738823 -0.000765441
internal_weight=562091 209616 189528 142532 25843 18830 14341 10855 6631 46996 23242 13786 9456 20088
internal_count=562091 209616 189528 142532 25843 18830 14341 10855 6631 46996 23242 13786 9456 20088
is_linear=0
shrinkage=0.05


Tree=191
num_leaves=15
num_cat=0
split_feature=2 6 2 3 9 0 8 8 9 9 8 3 3 5
split_gain=1.06823 1.36592 3.52745 1.39656 1.63988 1.74475 1.2569 2.3709 2.13391 2.61095 3.00999 2.35545 1.84588 2.37409
threshold=6.5000000000000009 1.0000000180025095e-35 8.5000000000000018 -57.193181157499993 68.500000000000014 215.50000000000003 0.89087699650000018 0.90110449700000006 20.500000000000004 99.500000000000014 0.85329468650000007 -31.472418652499996 -25.184690940999996 3.5000000000000004
decision_type=2 2 2 2 2 2 2 2 2 2 2 2 2 2
left_child=6 2 -2 -3 5 -5 8 -8 12 -10 11 -11 -1 -14
right_child=1 3 -4 4 -6 -7 7 -9 9 10 -12 -13 13 -15
leaf_value=-0.0016231442905464721 -0.00026115418589553479 0.00033473213552587559 -0.00053257009186993864 -0.00042077596815091135 -0.0021059143441144765 0.00030972489870557729 -0.0024587668572599482 7.9769224943290274e-05 0.0013169228887870124 -0.0048460869251903856 0.0026242198618815871 -0.00024574231860341678 -0.0025487475021960869 0.001672162031670306
leaf_weight=3014 19880 5929 3508 4069 3010 15829 5678 429840 49135 3104 3241 3902 3578 8382
leaf_count=3014 19880 5929 3508 4069 3010 15829 5678 429840 49135 3104 3241 3902 3578 8382
internal_value=2.98833e-05 -0.000185478 -0.000469371 4.48132e-05 -0.000132239 3.24072e-05 5.19438e-05 1.95053e-05 0.000241928 0.000376429 -0.000349444 -0.000932107 -0.000291408 -1.25365e-05
internal_weight=562099 52225 23388 28837 22908 19898 509874 435518 74356 59382 10247 7006 14974 11960
internal_count=562099 52225 23388 28837 22908 19898 509874 435518 74356 59382 10247 7006 14974 11960
is_linear=0
shrinkage=0.05


Tree=192
num_leaves=15
num_cat=0
split_feature=8 8 2 7 3 8 0 7 7 7 7 3 8 7
split_gain=0.961023 1.66289 1.10945 3.38159 2.31339 2.07248 1.7831 2.75805 3.30699 3.15445 2.76764 2.55683 3.02012 2.70572
threshold=1.7872796020000001 1.7230644500000003 4.5000000000000009 1.2282903035000003 -61.063381072999995 0.65560813800000017 126.50000000000001 0.93676478250000017 0.95676246650000007 0.96851606650000011 0.91171355500000006 -32.690399022499996 0.88323363700000013 0.89684266700000015
decision_type=2 2 2 2 2 2 2 2 2 2 2 2 2 2
left_child=1 2 4 -4 -1 -6 -7 10 -9 -10 11 -8 -13 -14
right_child=-2 -3 3 -5 5 6 7 8 9 -11 -12 12 13 -15
leaf_value=-0.003166620170544063 0.0014187667170810466 -0.0029789631267533902 -5.8223905764920249e-05 -0.0032896514510462778 0.002426877460296184 -1.452875235322366e-05 0.0022863505267375133 0.003023432899280705 -0.0014080610034916787 0.00090100864731149143 -0.0016777901952650404 0.003310435543252842 -0.0024221929750915844 0.00094011929711488012
leaf_weight=3519 8222 4175 138734 3364 3234 232701 7832 14208 7297 112240 12358 4445 7202 3199
leaf_count=3519 8222 4175 138734 3364 3234 232701 7832 14208 7297 112240 12358 4445 7202 3199
internal_value=4.15383e-05 3.35791e-05 4.11248e-05 -7.9203e-05 8.30088e-05 9.41143e-05 8.39505e-05 0.000207674 0.000311122 0.000225381 -0.000187209 0.000140854 -0.000244765 -0.000710888
internal_weight=562730 554508 550333 142098 408235 404716 401482 168781 133745 119537 35036 22678 14846 10401
internal_count=562730 554508 550333 142098 408235 404716 401482 168781 133745 119537 35036 22678 14846 10401
is_linear=0
shrinkage=0.05


Tree=193
num_leaves=15
num_cat=0
split_feature=9 7 2 8 7 7 0 4 7 8 7 3 8 7
split_gain=0.803769 1.63561 1.8165 3.04472 2.61759 2.0762 2.73494 2.48371 1.71259 1.66823 4.86835 4.7388 2.46577 2.48011
threshold=88.500000000000014 0.82422181150000007 2.5000000000000004 1.6856546690000003 1.0938499195000002 1.0717421425000002 124.50000000000001 0.97494873726962583 1.1316016705000003 1.3760450305000003 1.0321974495000001 -13.982679457499998 1.3346537415000002 1.1222305165000004
decision_type=2 2 2 2 2 2 2 10 2 2 2 2 2 2
left_child=-1 -2 3 4 5 6 7 -3 -6 12 -11 -12 13 -4
right_child=1 2 9 -5 8 -7 -8 -9 -10 10 11 -13 -14 -15
leaf_value=9.4336599873912343e-05 -0.002154503771039941 0.00018413031877985886 -0.00024464710389876016 -0.0022610557221437824 0.0072372866249660389 -0.0019666947676421367 0.00081296871240797187 -0.0029852529668725576 0.00086410111834934902 -0.0075195821964280374 0.0045904880779115403 -0.002503558564264167 0.006215192220786786 -0.0028570782249645846
leaf_weight=428218 4072 6164 51570 3595 3872 3277 33757 3907 3158 3130 3588 7037 3243 4237
leaf_count=428218 4072 6164 51570 3595 3872 3277 33757 3907 3158 3130 3588 7037 3243 4237
internal_value=2.08989e-05 -8.56721e-05 -5.48682e-05 0.000154586 0.000248199 0.000113829 0.00020464 -0.000518311 0.00114783 -0.000220952 -0.000716751 -0.000205785 -0.00010541 -0.000183339
internal_weight=562825 134607 130535 57730 54135 47105 43828 10071 7030 72805 13755 10625 59050 55807
internal_count=562825 134607 130535 57730 54135 47105 43828 10071 7030 72805 13755 10625 59050 55807
is_linear=0
shrinkage=0.05


Tree=194
num_leaves=15
num_cat=0
split_feature=9 2 3 3 0 2 7 0 7 3 3 7 7 2
split_gain=0.654289 1.71477 2.91045 1.4234 1.08539 1.27411 2.53675 1.64697 2.97659 4.93634 3.58085 4.56081 2.39926 2.2608
threshold=16.500000000000004 8.5000000000000018 -54.930589709999992 -0.43103747899999995 272.50000000000006 1.0000000180025095e-35 1.0806154645000003 87.500000000000014 1.0258042870000004 5.4541346785000009 -15.181923988499998 0.91317753700000004 0.96947225100000012 1.5000000000000002
decision_type=2 2 2 2 2 2 2 2 2 2 2 2 2 2
left_child=3 4 -3 -1 5 6 -2 8 10 -10 11 -7 -12 -13
right_child=1 2 -4 -5 -6 7 -8 -9 9 -11 12 13 -14 -15
leaf_value=4.3769487049188361e-05 0.00016107116724104818 7.7463740440733954e-05 -0.00076512043249740171 -0.0013182105607225031 0.0013550786819557735 0.00052046919800588314 0.0021167394472072099 0.0001161080855826682 -0.00049919922173770846 -0.0045209979863392756 -1.2638260204303655e-05 -0.0037557930078531325 0.0024110764535249466 -0.0010862769929034634
leaf_weight=51319 44303 3137 3835 23144 30350 7526 12468 314776 21010 5510 19795 4273 13147 7938
leaf_count=51319 44303 3137 3835 23144 30350 7526 12468 314776 21010 5510 19795 4273 13147 7938
internal_value=2.33363e-05 4.43992e-05 -0.00073384 -0.000114714 5.56848e-05 3.61952e-05 0.000257635 4.28328e-06 -0.000199516 -0.00063148 1.79847e-05 -0.000514512 0.000337057 -0.00111104
internal_weight=562531 488068 6972 74463 481096 450746 56771 393975 79199 26520 52679 19737 32942 12211
internal_count=562531 488068 6972 74463 481096 450746 56771 393975 79199 26520 52679 19737 32942 12211
is_linear=0
shrinkage=0.05


Tree=195
num_leaves=15
num_cat=0
split_feature=2 7 1 9 7 7 7 7 7 7 2 6 7 4
split_gain=0.775735 1.57442 1.48619 3.34508 2.44857 2.05752 6.32263 2.59233 4.08819 1.79264 1.62419 2.37593 2.11329 3.93291
threshold=3.5000000000000004 0.78832097300000015 196.50000000000003 50.500000000000007 0.99341272550000015 1.1958845235000004 1.1404764035000001 1.0920042035000004 1.0822116270000002 0.84269594050000007 1.0000000180025095e-35 1.0000000180025095e-35 1.0229662150000003 0.67988066553752113
decision_type=2 2 2 2 2 2 2 2 2 2 2 2 2 10
left_child=1 -1 3 4 -3 6 7 8 -5 -4 -11 12 13 -12
right_child=-2 2 9 5 -6 -7 -8 -9 -10 10 11 -13 -14 -15
leaf_value=-0.001311283958112054 -7.0188810278805382e-05 0.00051576336212566336 0.0014812416399160398 0.00028007449804146473 0.0037062542138313068 0.0074879335521506763 -0.0033296382870489413 0.0025607618397797895 -0.0034866775191923212 0.00027967846715027327 -0.0016094939437563847 0.00033964140613661713 -0.0014991431876672471 0.00055334283932969165
leaf_weight=4282 212518 9500 7649 107885 11452 3604 6070 11572 3440 74480 14949 37573 26042 31382
leaf_count=4282 212518 9500 7649 107885 11452 3604 6070 11572 3440 74480 14949 37573 26042 31382
internal_value=3.29746e-05 7.87402e-05 9.05519e-05 0.000206526 0.00079353 0.000113727 8.07734e-05 0.000158602 8.4546e-05 -2.14748e-06 -3.32644e-05 -0.000155387 -0.000322854 -0.000120263
internal_weight=562398 349880 345598 153523 20952 132571 128967 122897 111325 192075 184426 109946 72373 46331
internal_count=562398 349880 345598 153523 20952 132571 128967 122897 111325 192075 184426 109946 72373 46331
is_linear=0
shrinkage=0.05


Tree=196
num_leaves=15
num_cat=0
split_feature=8 8 0 8 3 8 8 8 4 2 8 3 8 2
split_gain=0.716369 1.27046 1.3061 0.811898 2.43942 0.939273 3.32075 4.64027 2.76033 2.39306 2.16881 1.97957 2.23152 3.37092
threshold=1.8117857720000001 1.7230644500000003 118.50000000000001 1.6562899470000001 -9.4044415364999985 1.4749027730000002 1.3854618275000001 1.3953363945000004 0.8044516516397241 3.5000000000000004 1.5655814165000002 -17.984583762999996 1.4537427255000002 1.0000000180025095e-35
decision_type=2 2 2 2 2 2 2 2 10 2 2 2 2 2
left_child=1 3 -3 5 -5 6 -1 -8 10 -10 -7 -9 13 -13
right_child=-2 2 -4 4 -6 8 7 11 9 -11 -12 12 -14 -15
leaf_value=3.0242622944432005e-06 0.0018294082267344353 9.0218422941849304e-05 -0.0049857531463712388 0.0050905643455933861 -0.0004518971195735365 -0.0028983896137067381 0.0044716633147535894 0.0024700452202778274 0.00046556775980285058 -0.0023093046667180955 0.00019188671828688264 0.0030785939995496888 0.001909689998073939 -0.0016716893246219511
leaf_weight=456337 6117 3091 3162 3132 5412 8354 4246 7931 30661 5043 3873 4370 6653 13563
leaf_count=456337 6117 3091 3162 3132 5412 8354 4246 7931 30661 5043 3873 4370 6653 13563
internal_value=2.44017e-05 1.84768e-05 -0.000689917 2.65431e-05 0.000510001 1.89036e-05 3.9444e-05 0.00049656 -0.000192392 2.96845e-05 -0.000840623 0.000293417 7.17743e-05 -0.000218391
internal_weight=561945 555828 6253 549575 8544 541031 493100 36763 47931 35704 12227 32517 24586 17933
internal_count=561945 555828 6253 549575 8544 541031 493100 36763 47931 35704 12227 32517 24586 17933
is_linear=0
shrinkage=0.05


Tree=197
num_leaves=15
num_cat=0
split_feature=8 8 8 8 3 9 9 2 0 8 8 2 8 2
split_gain=0.972389 5.72582 1.41283 2.99084 3.05598 3.25627 2.97641 2.91828 2.69215 1.74905 2.96372 3.1398 3.4668 4.28033
threshold=1.3854618275000001 1.3953363945000004 1.2273597760000001 1.2378861385000002 4.7862914155 21.500000000000004 115.50000000000001 2.5000000000000004 213.50000000000003 1.1398697200000003 1.1739620950000003 1.0000000180025095e-35 1.1966081490000002 2.5000000000000004
decision_type=2 2 2 2 2 2 2 2 2 2 2 2 2 2
left_child=2 -2 9 7 5 -5 -7 -4 -8 -1 -11 -12 13 -13
right_child=1 -3 3 4 -6 6 8 -9 -10 10 11 12 -14 -15
leaf_value=-2.1771466159032303e-05 0.0041834162345689169 0.00022641735201559584 -0.00031406627751438663 -0.0025612318732307253 0.0011037818342223571 8.1040717624574453e-05 -0.0027467850629471213 -0.0032396415750511084 0.00021074635476900851 0.0013892085474035282 0.0022779694755716571 0.00030597413404025473 0.00067104467391596164 -0.0032921372491774223
leaf_weight=295374 4293 101202 3361 11478 22468 46906 4164 3382 3017 26479 6186 6812 18750 8498
leaf_count=295374 4293 101202 3361 11478 22468 46906 4164 3382 3017 26479 6186 6812 18750 8498
internal_value=2.60948e-05 0.000162915 -5.49919e-06 -0.000177356 -9.95876e-05 -0.000272037 -0.000109674 -0.00119183 -0.00105726 3.94846e-05 0.00027068 3.72727e-07 -0.000187876 -0.000746001
internal_weight=562370 105495 456875 94776 88033 65565 54087 6743 7181 362099 66725 40246 34060 15310
internal_count=562370 105495 456875 94776 88033 65565 54087 6743 7181 362099 66725 40246 34060 15310
is_linear=0
shrinkage=0.05


Tree=198
num_leaves=15
num_cat=0
split_feature=8 8 4 8 7 8 7 7 4 8 8 8 7 7
split_gain=0.947873 1.84523 1.20652 0.993353 2.29205 0.880253 3.75397 4.06437 4.06933 3.69257 4.13039 2.66144 3.93304 2.42913
threshold=1.7872796020000001 1.7230644500000003 1.0610282895641527 1.6562899470000001 1.1193917070000003 1.4749027730000002 0.98040150950000016 1.0102806615000002 0.94299773905047135 1.3854618275000001 1.3953363945000004 1.5188894705000002 1.1082971910000003 1.0412292865000004
decision_type=2 2 8 2 2 2 2 2 10 2 2 2 2 2
left_child=1 3 -2 5 -5 9 -7 -8 11 -1 -11 -9 13 -13
right_child=2 -3 -4 4 -6 6 7 8 -10 10 -12 12 -14 -15
leaf_value=9.0444231060654646e-06 0.0029556530899978546 -0.0033003634461825195 -0.00065380327907912071 0.0038317567076705016 -0.001069595530054025 -0.0026031480058235183 0.0051720307530394426 -0.0047295740752259013 0.00066650552796786221 0.0038611150843671088 0.00096860155912640775 -0.0023243669252703994 -0.0041879313327692945 0.0026073602818391614
leaf_weight=456754 4935 4157 3267 5465 3034 3840 4626 5570 20791 4325 32519 3062 4260 5776
leaf_count=456754 4935 4157 3267 5465 3034 3840 4626 5570 20791 4325 32519 3062 4260 5776
internal_value=3.37891e-05 2.58895e-05 0.000567199 3.38257e-05 0.000570026 2.5405e-05 -0.000179167 -4.84803e-05 -0.000212916 4.52692e-05 0.000526744 -0.000748674 -0.000359078 0.000242565
internal_weight=562381 554179 8202 550022 8499 541523 47925 44085 39459 493598 36844 18668 13098 8838
internal_count=562381 554179 8202 550022 8499 541523 47925 44085 39459 493598 36844 18668 13098 8838
is_linear=0
shrinkage=0.05


Tree=199
num_leaves=15
num_cat=0
split_feature=9 7 8 8 7 7 7 8 1 8 7 7 4 2
split_gain=1.00055 1.63715 1.87772 3.83889 2.50362 4.7801 1.96784 3.86976 2.03061 5.40439 3.30054 2.53774 1.86035 4.11969
threshold=94.500000000000014 0.82422181150000007 0.84749956800000004 0.79747702750000016 1.0160100630000002 1.0269027190000002 0.96947225100000012 1.3189907710000002 136.50000000000003 1.0777579510000004 0.89501949950000015 0.91609517500000004 0.8607089094377619 2.5000000000000004
decision_type=2 2 2 2 2 2 2 2 2 2 2 2 10 2
left_child=-1 -2 3 -3 6 -6 7 8 10 -10 -4 -12 -7 -14
right_child=1 2 4 -5 5 12 -8 -9 9 -11 11 -13 13 -15
leaf_value=8.3768851723342111e-05 -0.0024530863072040744 7.4770725319842535e-05 0.0048974284428294143 -0.0049940820265967226 -0.0040591289299861796 0.0020108196637334975 0.0014501422404817601 -0.0021459530959690924 -0.0025576306050812923 0.00049160112200912116 -0.0024550489159706865 0.00082865090424045378 0.00075461694704952382 -0.0017443914998823192
leaf_weight=446147 3488 5164 4609 3205 5016 8356 23064 3559 3184 4378 3144 12350 18138 17963
leaf_count=446147 3488 5164 4609 3205 5016 8356 23064 3559 3184 4378 3144 12350 18138 17963
internal_value=1.4708e-05 -0.00011637 -8.31586e-05 -0.000803379 -2.50322e-05 -0.000282297 0.000209419 -4.93131e-05 0.000150434 -0.000547773 0.000413144 6.35526e-05 -0.000117122 -0.000272739
internal_weight=561765 115618 112130 8369 103761 49473 54288 31224 27665 7562 20103 15494 44457 36101
internal_count=561765 115618 112130 8369 103761 49473 54288 31224 27665 7562 20103 15494 44457 36101
is_linear=0
shrinkage=0.05


Tree=200
num_leaves=15
num_cat=0
split_feature=2 0 0 9 2 0 0 0 0 3 4 7 7 2
split_gain=0.872445 1.24647 1.71474 1.13645 1.19586 1.68126 1.19735 1.31487 1.06565 0.999791 1.4334 1.29951 0.979773 0.838839
threshold=6.5000000000000009 293.50000000000006 272.50000000000006 21.500000000000004 8.5000000000000018 282.50000000000006 244.50000000000003 260.50000000000006 183.50000000000003 20.738182206000001 1.1670826787498128 0.97449566200000015 1.0171569100000002 8.5000000000000018
decision_type=2 2 2 2 2 2 2 2 2 2 10 2 2 2
left_child=1 2 -1 12 5 6 8 -8 -5 11 -11 -4 13 -2
right_child=3 -3 9 4 -6 -7 7 -9 -10 10 -12 -13 -14 -15
leaf_value=7.4056374766719431e-05 0.00014604068414917108 -0.0056618135238087333 0.00038698854300334975 -0.00043601331162436733 -0.00041815699225093917 0.0022893193527492024 -0.0026008416074626687 -0.0011906865240591319 0.00025099686584903008 -0.0028789928447991069 0.0031738007854171107 0.005525291099173657 -0.00071051760723344108 0.00031456716869021671
leaf_weight=488362 7894 3385 3522 3737 6031 5974 4227 7385 9421 3285 5422 6514 4040 3680
leaf_count=488362 7894 3385 3522 3737 6031 5974 4227 7385 9421 3285 5422 6514 4040 3680
internal_value=2.48675e-05 4.48095e-05 5.1197e-05 -0.000169437 -0.000321166 -0.000194803 -0.000376387 -0.00074632 -4.97606e-05 0.000520456 0.000128271 0.000860472 0.000187912 0.000421885
internal_weight=562879 510490 507105 52389 36775 30744 24770 11612 13158 18743 8707 10036 15614 11574
internal_count=562879 510490 507105 52389 36775 30744 24770 11612 13158 18743 8707 10036 15614 11574
is_linear=0
shrinkage=0.05


Tree=201
num_leaves=15
num_cat=0
split_feature=7 7 8 8 7 7 2 2 7 8 8 2 8 8
split_gain=0.765842 5.01721 2.33728 4.24184 3.21582 3.26344 5.86249 2.54117 2.29573 2.26786 2.11213 1.99339 1.58597 4.19115
threshold=0.99064233700000004 0.99341272550000015 1.0717072835000001 1.1280801880000002 1.0220814100000002 1.0774303530000002 2.5000000000000004 4.5000000000000009 1.0062613620000003 0.86097873000000014 1.0565169650000001 7.5000000000000009 1.1714257850000003 1.2696406140000003
decision_type=2 2 2 2 2 2 2 2 2 2 2 2 2 2
left_child=-1 -2 7 4 -4 6 -6 10 -9 11 -3 -10 -5 -14
right_child=1 2 3 12 5 -7 -8 8 9 -11 -12 -13 13 -15
leaf_value=-5.9260185870120271e-05 0.0036169327539189453 0.0012497178730519394 0.00049416821227289817 0.0013128805727016198 -0.0049212836318896693 -0.00081408877797064432 -0.0012213252734205155 -0.001385072194765681 0.0019591342272354717 -0.00019227217187793997 0.0044158481247997912 -0.00039799056882408097 -0.0011203747302974808 0.00035358747165143621
leaf_weight=263150 6756 28614 6170 16170 3633 5943 4390 7137 12005 23138 3058 3891 40199 137587
leaf_count=263150 6756 28614 6170 16170 3633 5943 4390 7137 12005 23138 3058 3891 40199 137587
internal_value=2.44774e-05 7.92696e-05 4.80836e-05 -3.72261e-05 -0.000727868 -0.00114773 -0.00180524 0.000282698 4.60738e-05 0.000196854 0.000627585 0.000656563 3.44915e-05 -8.63367e-06
internal_weight=561841 298691 291935 214092 20136 13966 8023 77843 46171 39034 31672 15896 193956 177786
internal_count=561841 298691 291935 214092 20136 13966 8023 77843 46171 39034 31672 15896 193956 177786
is_linear=0
shrinkage=0.05


Tree=202
num_leaves=15
num_cat=0
split_feature=2 7 3 7 8 8 7 3 8 8 8 0 7 7
split_gain=0.790357 3.08303 2.49398 1.64715 2.11577 2.16053 2.07738 1.91737 1.74211 3.01043 1.73831 1.61131 1.60253 2.26897
threshold=4.5000000000000009 1.2282903035000003 -61.063381072999995 1.1404764035000001 0.92000341650000006 0.9055203165000002 0.88936060600000011 -3.2488595204999995 1.2664281020000001 1.2160380950000003 0.94225175350000012 222.50000000000003 1.2282903035000003 1.1782954560000001
decision_type=2 2 2 2 2 2 2 2 2 2 2 2 2 2
left_child=2 3 -1 4 5 -2 -6 -5 9 10 -8 -10 13 -4
right_child=1 -3 12 7 6 -7 8 -9 11 -11 -12 -13 -14 -15
leaf_value=-0.0030857212356938135 4.8655198155628104e-05 -0.0030311298735988842 0.00016822160294531117 0.0019602191837939527 0.0016887813433476085 0.0024763907509863306 -0.0027354156737652759 -0.001786110575150433 -0.001427673484819177 -0.0035641416454273989 -0.00069019174263637833 0.0032464820577550765 0.0020811683564854271 -0.0017595270981824018
leaf_weight=3458 67845 3398 396736 7718 3587 3020 4355 3025 3019 3141 38180 5324 9152 10113
leaf_count=3458 67845 3398 396736 7718 3587 3020 4355 3025 3019 3141 38180 5324 9152 10113
internal_value=2.96713e-05 -7.2011e-05 6.42428e-05 -3.56632e-05 -8.5405e-05 9.75378e-05 -0.000310444 0.000558941 -0.000387837 -0.000509183 -0.000398742 0.000276414 7.53656e-05 6.06422e-05
internal_weight=562071 142612 419459 139214 128471 70865 57606 10743 54019 45676 42535 8343 416001 406849
internal_count=562071 142612 419459 139214 128471 70865 57606 10743 54019 45676 42535 8343 416001 406849
is_linear=0
shrinkage=0.05


Tree=203
num_leaves=15
num_cat=0
split_feature=8 8 8 3 7 3 0 1 8 7 7 7 0 9
split_gain=0.693278 5.96326 1.79668 1.61682 1.56792 1.38811 2.16689 1.83503 2.13443 1.88007 1.81003 1.82824 1.98076 1.77546
threshold=1.3854618275000001 1.3953363945000004 1.3760450305000003 51.186116818000009 1.1696815185000002 -29.879104105499994 178.50000000000003 248.50000000000003 1.6285984270000002 1.0758056275000001 1.1169060805000004 1.0822116270000002 130.50000000000003 51.500000000000007
decision_type=2 2 2 2 2 2 2 2 2 2 2 2 2 2
left_child=2 -2 -1 4 5 6 -3 10 9 -9 11 -7 -13 -12
right_child=1 3 -4 -5 -6 7 -8 8 -10 -11 13 12 -14 -15
leaf_value=1.2403347495531193e-05 0.0037385367861969597 -0.002252351739927876 -0.0018922849737246666 -0.0028818750048726118 0.0017276028705485889 0.00053439911049239048 0.0013281278323826237 -0.00042835539878623846 0.0017018585896370236 -0.0030573977745724235 0.0018321670156463484 0.0039290447630777594 0.0010395726626982857 -0.0013921554455190027
leaf_weight=452247 4296 4530 4353 4294 13522 36868 3151 8142 3827 4588 3168 5150 6568 7523
leaf_count=452247 4296 4530 4353 4294 13522 36868 3151 8142 3827 4588 3168 5150 6568 7523
internal_value=2.34201e-05 0.000138855 -3.28505e-06 6.1454e-05 0.000103486 2.25994e-05 -0.000617681 8.7488e-05 -0.000377823 -0.000689046 0.000217478 0.000347081 0.000890984 -0.0003714
internal_weight=562227 105627 456600 101331 97037 83515 7681 75834 16557 12730 59277 48586 11718 10691
internal_count=562227 105627 456600 101331 97037 83515 7681 75834 16557 12730 59277 48586 11718 10691
is_linear=0
shrinkage=0.05


Tree=204
num_leaves=15
num_cat=0
split_feature=5 4 0 2 8 9 4 2 8 8 4 5 8 9
split_gain=0.815183 1.37441 1.3003 1.84371 2.86309 1.87031 1.94135 1.51463 2.14737 2.90136 1.99962 2.02862 1.85887 1.72971
threshold=6.5000000000000009 1.2136763669125854 173.50000000000003 8.5000000000000018 0.72556869950000014 70.500000000000014 1.1996149084058192 2.5000000000000004 1.1570413390000003 1.1877000845000001 0.74766166979362825 17.500000000000004 0.88323363700000013 55.500000000000007
decision_type=2 10 2 2 2 2 10 2 2 2 8 2 2 2
left_child=1 -1 7 5 -5 6 -4 8 -2 -10 -11 -12 -9 -13
right_child=2 -3 3 4 -6 -7 -8 12 9 10 11 13 -14 -15
leaf_value=0.00021713881170433566 -0.00043138996033134798 -0.0031094474259569793 0.00057048553444779052 0.00011203970181347045 -0.00076086745621137394 -5.7469665685758505e-05 0.0044762173652470793 0.00027377964514280423 0.0019106435701089137 -0.0011577404765949161 0.00070015634520074392 -0.0040043695566623957 -0.00085932337697768838 0.00058709869096055579
leaf_weight=155181 67562 3834 69260 3048 3378 99365 8646 9560 8017 12377 63910 3981 49590 4191
leaf_count=155181 67562 3834 69260 3048 3378 99365 8646 9560 8017 12377 63910 3981 49590 4191
internal_value=2.73178e-05 0.000123176 -1.05177e-05 8.76012e-05 -0.000744052 0.000117768 0.000301177 -9.27492e-05 -1.28402e-05 0.000143705 5.73914e-05 0.000158212 -0.000308934 -0.000583343
internal_weight=561900 159015 402885 183697 6426 177271 77906 219188 160038 92476 84459 72082 59150 8172
internal_count=561900 159015 402885 183697 6426 177271 77906 219188 160038 92476 84459 72082 59150 8172
is_linear=0
shrinkage=0.05


Tree=205
num_leaves=15
num_cat=0
split_feature=7 7 8 8 8 0 2 2 7 7 7 7 0 0
split_gain=0.77312 5.196 2.75149 6.17775 3.816 3.67369 2.88027 2.48325 2.03879 2.03737 3.60928 2.31324 2.51278 2.41319
threshold=0.99064233700000004 0.99721570550000005 1.0717072835000001 1.1280801880000002 1.1161761105000003 233.50000000000003 7.5000000000000009 2.5000000000000004 1.0015239480000002 1.0062613620000003 1.0000005915000003 1.1838380120000003 200.50000000000003 238.50000000000003
decision_type=2 2 2 2 2 2 2 2 2 2 2 2 2 2
left_child=-1 -2 6 4 5 7 9 -4 -5 10 -3 12 -11 -14
right_child=1 2 3 8 -6 -7 -8 -9 -10 11 -12 -13 13 -15
leaf_value=-6.5464983337389118e-05 0.0024875220900202866 0.0014521621166598087 -0.0017934919808738833 -0.0033164068878354714 -0.0051003973692614214 -0.0062747453794691063 -0.00056010795577623128 0.0016067842579427141 0.00010957169911679726 0.0018776796485517938 -0.0028382588188700726 -0.0018366139828516711 -0.00094771209402257919 0.0025089970976330507
leaf_weight=263174 15383 6197 5872 5409 4051 3592 7034 5579 184375 26251 4357 4588 8583 17733
leaf_count=263174 15383 6197 5872 5409 4051 3592 7034 5579 184375 26251 4357 4588 8583 17733
internal_value=1.89352e-05 7.39443e-05 2.53944e-05 -6.77651e-05 -0.000924917 -0.000557715 0.000285727 -0.000119806 1.84943e-05 0.000385777 -0.000252391 0.00050363 0.000597609 0.00025227
internal_weight=562178 299004 283621 208878 19094 15043 74743 11451 189784 67709 10554 57155 52567 26316
internal_count=562178 299004 283621 208878 19094 15043 74743 11451 189784 67709 10554 57155 52567 26316
is_linear=0
shrinkage=0.05


Tree=206
num_leaves=15
num_cat=0
split_feature=9 8 8 3 8 4 8 2 8 3 3 2 3 4
split_gain=0.857507 1.84376 4.02608 1.98584 1.74041 1.41825 1.56871 2.44707 1.74562 3.96391 3.62143 2.09624 1.88952 1.79884
threshold=94.500000000000014 0.85329468650000007 0.79747702750000016 -41.009934190499997 1.1520580495000001 0.77954135584568995 1.6856546690000003 2.5000000000000004 1.2833660025000002 6.1496026825000003 -14.684703747999999 1.5000000000000002 14.265379290500002 1.1857839732685624
decision_type=2 2 2 2 2 10 2 2 2 2 2 2 2 10
left_child=-1 2 -2 4 -3 -5 7 8 9 10 -7 -12 -10 -14
right_child=1 3 -4 5 -6 6 -8 -9 12 -11 11 -13 13 -15
leaf_value=8.165718041514091e-05 3.1948044639825073e-05 0.0021633867659204636 -0.0033108444964111191 -0.0016608582580323818 -0.0007707615541495121 0.0010607291768787561 -0.0019704449052588432 -0.00077730632225588676 0.002065414325857932 0.0019615021749967341 -0.0024581494381102045 -0.00021142871691153111 -0.002179053621763107 0.0013828850266252475
leaf_weight=446362 6694 8050 4014 5493 5177 4649 4573 40729 13005 8086 5006 3057 3293 3769
leaf_count=446362 6694 8050 4014 5493 5177 4649 4573 40729 13005 8086 5006 3057 3293 3769
internal_value=1.52902e-05 -0.000106077 -0.000730888 -4.22577e-05 0.000530343 -0.000124911 -7.52274e-05 -2.46939e-05 0.000248654 -7.23453e-05 -0.000622788 -0.00126332 0.000581282 -7.71189e-05
internal_weight=561957 115595 10708 104887 13227 91660 86167 81594 40865 20798 12712 8063 20067 7062
internal_count=561957 115595 10708 104887 13227 91660 86167 81594 40865 20798 12712 8063 20067 7062
is_linear=0
shrinkage=0.05


Tree=207
num_leaves=15
num_cat=0
split_feature=8 8 8 4 8 8 8 0 0 8 7 7 7 8
split_gain=0.799054 1.89122 1.07392 0.937288 2.10488 3.11875 3.30734 2.56772 2.57379 2.47717 5.38768 5.14102 3.13221 2.70047
threshold=1.7872796020000001 1.7230644500000003 1.8776500965000003 0.63220293724250809 0.73192466100000009 1.1877000845000001 1.1520580495000001 129.50000000000003 215.50000000000003 0.94854922800000019 0.91744791150000016 0.96493356350000015 0.86796959100000015 1.0748270390000003
decision_type=2 2 2 10 2 2 2 2 2 2 2 2 2 2
left_child=1 3 -2 4 -1 6 7 9 -9 10 12 -12 -6 -11
right_child=2 -3 -4 -5 5 -7 -8 8 -10 13 11 -13 -14 -15
leaf_value=-0.00099896533525322762 0.0030993090875253478 -0.0032061914819889732 -0.00036499278361819249 9.8572185627511874e-05 -0.00092378098297149567 -0.0010644279011126569 0.0040885042896271926 0.0012258869305329387 -0.00072017279015004711 0.0010990794992614323 -0.0038469653308051814 -0.00030326642579593243 0.0015281534584218961 -0.0010643114883733713
leaf_weight=6363 4217 4103 3927 471421 4300 24377 3521 8429 3010 11328 3192 3113 3508 7238
leaf_count=6363 4217 4103 3927 471421 4300 24377 3521 8429 3010 11328 3192 3113 3508 7238
internal_value=1.89796e-05 1.17484e-05 0.000510492 1.97343e-05 -0.000140367 -6.33148e-05 0.000172057 5.42801e-05 0.000698838 -0.000171414 -0.000670598 -0.00175713 0.000207347 0.00020812
internal_weight=562047 553903 8144 549800 78379 72016 47639 44118 11439 32679 14113 6305 7808 18566
internal_count=562047 553903 8144 549800 78379 72016 47639 44118 11439 32679 14113 6305 7808 18566
is_linear=0
shrinkage=0.05


Tree=208
num_leaves=15
num_cat=0
split_feature=4 7 7 7 9 2 2 7 0 0 7 0 7 7
split_gain=0.792491 2.17281 3.1523 4.10538 6.37562 3.27922 2.80199 2.63429 5.00635 2.16837 2.07887 1.90303 1.89388 1.52818
threshold=0.87137823428901429 0.87315632250000008 0.92509244750000008 0.93676478250000017 41.500000000000007 3.5000000000000004 7.5000000000000009 0.84269594050000007 191.50000000000003 245.50000000000003 0.89835552800000007 153.50000000000003 1.1404764035000001 1.0532654330000002
decision_type=8 2 2 2 2 2 2 2 2 2 2 2 2 2
left_child=12 7 5 4 -4 10 -5 11 -9 -7 -3 -2 13 -1
right_child=1 2 3 6 -6 9 -8 8 -10 -11 -12 -13 -14 -15
leaf_value=0.00015557638661517064 0.0030931828001424201 0.00062791778537466089 0.0011113655129459737 2.5979618307925886e-05 -0.0039235025159815844 -0.0022579984476315015 -0.0010800150131637918 -0.0039408226867164876 0.00031737397497933839 0.0010497838777305099 0.0033384112854687371 -0.0015961252674371474 0.0014582422606750319 -0.00055172126492089319
leaf_weight=223381 3330 6582 3451 231950 6264 3079 6178 3596 3213 4963 8924 3006 16213 38132
leaf_count=223381 3330 6582 3451 231950 6264 3079 6178 3596 3213 4963 8924 3006 16213 38132
internal_value=2.18847e-05 -3.67609e-05 -6.34675e-06 -5.88767e-05 -0.0010661 0.000546427 -1.77631e-05 -0.000664449 -0.00134686 -0.000272772 0.000971246 6.93898e-05 8.19679e-05 4.94517e-05
internal_weight=562262 284536 271391 247843 9715 23548 238128 13145 6809 8042 15506 6336 277726 261513
internal_count=562262 284536 271391 247843 9715 23548 238128 13145 6809 8042 15506 6336 277726 261513
is_linear=0
shrinkage=0.05


Tree=209
num_leaves=15
num_cat=0
split_feature=7 8 7 2 8 8 1 9 8 8 8 0 8 2
split_gain=0.848432 1.86733 1.33531 0.829204 2.15511 3.89114 1.93191 3.45682 4.06423 2.93763 2.80744 2.85759 3.06835 3.1536
threshold=0.78832097300000015 0.71837815000000005 0.81411706250000015 3.5000000000000004 1.4806902235000001 1.5743189000000002 206.50000000000003 51.500000000000007 1.3492142570000001 0.81209648550000013 1.0364343765000001 170.50000000000003 0.99230015650000014 1.5000000000000002
decision_type=2 2 2 2 2 2 2 2 2 2 2 2 2 2
left_child=1 -1 -2 6 -5 -6 7 8 -4 -9 11 12 13 -11
right_child=2 -3 3 4 5 -7 -8 9 -10 10 -12 -13 -14 -15
leaf_value=0.00059229512999345747 0.00074871078810117338 -0.0016199564812335175 0.00081889678240733743 -2.831499355665361e-05 -0.0050167615859675711 0.0001032411868681606 -9.1235073111569333e-05 -0.0024142296983519899 0.0045419237468781321 0.0017233017994845155 6.8181481908096222e-05 0.0041307203470866156 0.0025916807363756018 -0.0019646339606751283
leaf_weight=3175 6730 3495 17655 199395 3766 5521 173066 3978 8380 3521 114217 8237 4588 6891
leaf_count=3175 6730 3495 17655 199395 3766 5521 173066 3978 8380 3521 114217 8237 4588 6891
internal_value=2.47726e-05 -0.00053558 3.15002e-05 2.29189e-05 -5.55616e-05 -0.000799882 7.10127e-05 0.000192077 0.000721486 9.46005e-05 0.000133385 0.000634304 0.000223259 -0.000251512
internal_weight=562615 6670 555945 549215 208682 9287 340533 167467 26035 141432 137454 23237 15000 10412
internal_count=562615 6670 555945 549215 208682 9287 340533 167467 26035 141432 137454 23237 15000 10412
is_linear=0
shrinkage=0.05


Tree=210
num_leaves=15
num_cat=0
split_feature=9 3 7 8 8 8 8 7 4 7 1 3 8 9
split_gain=0.871586 1.54873 2.20299 1.6489 1.3063 5.29188 1.68048 6.22713 1.53694 2.02355 3.16126 3.28156 1.80788 1.36446
threshold=100.50000000000001 -58.341132867999995 0.85730083450000005 1.6856546690000003 1.3854618275000001 1.3953363945000004 1.3684471115000003 1.0422132035000002 0.94066563153759264 1.0311271285000003 232.50000000000003 5.133692656500001 1.4166242265000002 60.500000000000007
decision_type=2 2 2 2 2 2 2 2 10 2 2 2 2 2
left_child=4 -2 -3 -4 6 -6 -1 -8 12 -10 13 -12 -7 -11
right_child=1 2 3 -5 5 8 7 -9 9 10 11 -13 -14 -15
leaf_value=4.6772023032165983e-05 0.0014440282636182314 -0.0019143129225496699 -0.00011700576456342705 -0.001945992512588039 0.0045566603500344595 0.0028578735372161118 0.001476493064717758 -0.0052132529688965114 -0.0010410449813398649 0.0040486604164666571 0.0015219690480280531 -0.0040262973366906795 -0.00036710335703703793 0.0013109556802889709
leaf_weight=375844 5352 4602 84448 4151 3449 3832 3422 3340 7407 8707 5383 4129 37260 11226
leaf_count=375844 5352 4602 84448 4151 3449 3832 3422 3340 7407 8707 5383 4129 37260 11226
internal_value=2.3251e-05 -0.000111787 -0.000159298 -0.000103861 5.19339e-05 0.00023382 1.32381e-05 -0.000767696 0.000148944 0.000383374 0.000569185 -0.000180729 -6.13183e-05 0.000926999
internal_weight=562552 98553 93201 88599 463999 81393 382606 6762 77944 36852 29445 9512 41092 19933
internal_count=562552 98553 93201 88599 463999 81393 382606 6762 77944 36852 29445 9512 41092 19933
is_linear=0
shrinkage=0.05


Tree=211
num_leaves=15
num_cat=0
split_feature=7 7 8 8 8 2 7 0 2 7 7 0 8 5
split_gain=0.753866 4.00004 2.75991 4.48166 3.96405 2.46196 2.07072 2.53561 2.06094 3.1274 3.36156 2.061 2.03987 1.98415
threshold=0.99064233700000004 0.99721570550000005 1.0717072835000001 1.1280801880000002 1.1161761105000003 4.5000000000000009 1.0279929740000002 127.50000000000001 5.5000000000000009 1.1782954560000001 1.0372488330000003 273.50000000000006 1.0364343765000001 7.5000000000000009
decision_type=2 2 2 2 2 2 2 2 2 2 2 2 2 2
left_child=-1 -2 8 4 5 6 -4 -8 9 10 -3 13 -12 -10
right_child=1 2 3 -5 -6 -7 7 -9 11 -11 12 -13 -14 -15
leaf_value=-3.7108628991174586e-05 0.0021980735980894972 0.00039464406703747766 0.0015288516208392467 6.914545692335686e-05 -0.0046986016084330923 -0.0042061117564860598 -0.0029664223841239044 0.0013875071091325182 0.00030329773943958048 -0.0027220314266111893 0.0023303244441027935 0.0018412195669277273 0.0065528397701168431 -0.0011562551409827965
leaf_weight=262586 15473 20782 4538 189718 4087 3968 3400 3000 9200 3031 15768 9182 5193 11689
leaf_count=262586 15473 20782 4538 189718 4087 3968 3400 3000 9200 3031 15768 9182 5193 11689
internal_value=3.40756e-05 8.83596e-05 4.5634e-05 -4.77802e-05 -0.00077995 -0.000401381 -1.41642e-05 -0.000593286 0.000306112 0.000521115 0.000633743 -1.40477e-05 0.00108044 -0.00028848
internal_weight=561615 299029 283556 208711 18993 14906 10938 6400 74845 44774 41743 30071 20961 20889
internal_count=561615 299029 283556 208711 18993 14906 10938 6400 74845 44774 41743 30071 20961 20889
is_linear=0
shrinkage=0.05


Tree=212
num_leaves=15
num_cat=0
split_feature=5 3 2 8 0 8 8 8 2 8 8 8 8 9
split_gain=0.88874 1.58373 1.5536 1.995 1.67283 1.95036 1.75449 1.81996 2.24038 2.63099 2.08034 2.61375 3.48825 2.38091
threshold=6.5000000000000009 19.907744359500004 8.5000000000000018 0.7386731740000001 172.50000000000003 0.67707034600000016 0.77053469250000017 0.81209648550000013 4.5000000000000009 1.0868572295000003 0.8641608340000001 1.0777579510000004 1.0657930730000003 106.50000000000001
decision_type=2 2 2 2 2 2 2 2 2 2 2 2 2 2
left_child=1 -1 4 -4 6 -6 -2 -8 10 -10 -9 12 13 -12
right_child=2 -3 3 -5 5 -7 7 8 9 -11 11 -13 -14 -15
leaf_value=0.00025069667699057424 0.00066625883787379734 -0.0035532099376705687 4.4846938925448543e-05 -0.00070163624856587877 -0.0012168203212985795 0.00039992084253329509 -0.003010105590097476 0.0020424187080391471 -0.00033096395759142297 -0.0032034211819004475 -0.00040411285760013775 2.8712684007151689e-05 -0.0046049140159263756 -0.0022295268928782565
leaf_weight=156003 8624 3003 3355 3290 9292 169557 4344 6632 5773 3121 41262 141778 3366 3063
leaf_count=156003 8624 3003 3355 3290 9292 169557 4344 6632 5773 3121 41262 141778 3366 3063
internal_value=2.48148e-05 0.000124929 -1.4642e-05 -0.000772556 -1.94038e-06 0.00011139 -9.49336e-05 -0.000123732 -0.000102256 -0.000878188 -6.70428e-05 -9.75199e-05 -0.000417697 -0.000299741
internal_weight=562463 159006 403457 6645 396812 178849 217963 209339 204995 8894 196101 189469 47691 44325
internal_count=562463 159006 403457 6645 396812 178849 217963 209339 204995 8894 196101 189469 47691 44325
is_linear=0
shrinkage=0.05


Tree=213
num_leaves=15
num_cat=0
split_feature=2 0 7 7 3 7 7 7 2 5 7 3 0 4
split_gain=0.633528 1.50973 2.19766 3.39947 5.02738 1.99671 2.58333 1.85533 1.63739 2.77363 2.75491 1.52892 1.52019 1.44072
threshold=3.5000000000000004 103.50000000000001 1.2034202360000001 1.1404764035000001 -1.9622844534999999 1.0920042035000004 1.0806154645000003 0.83010965550000015 1.0000000180025095e-35 11.500000000000002 0.99999304600000005 4.1628134100000009 221.50000000000003 0.8044516516397241
decision_type=2 2 2 2 2 2 2 2 2 2 2 2 2 10
left_child=1 8 3 5 -5 6 7 -3 -1 -10 -11 -12 -9 -2
right_child=13 2 -4 4 -6 -7 -8 12 9 10 11 -13 -14 -15
leaf_value=0.00030895645113884914 0.00013067415759654671 -0.0017197162493102225 0.0082034694294928628 -0.0052292987128782949 0.000584577717999728 0.0020209799985524356 -0.0025285886684469098 0.00034263518738508758 -7.9825961201138454e-06 -7.9942279096780519e-05 -0.0015375162399326148 -0.0038857887413811902 0.0021776874789231236 -0.00032113769894469377
leaf_weight=78254 86062 4474 3782 3205 4782 13457 4322 105558 88041 13537 8580 6329 15414 126898
leaf_count=78254 86062 4474 3782 3205 4782 13457 4322 105558 88041 13537 8580 6329 15414 126898
internal_value=2.69016e-05 6.83008e-05 0.000184743 0.000154943 -0.000848661 0.000210937 0.000150802 0.000192227 -2.43778e-05 -0.000143207 -0.000572388 -0.00104114 0.000229217 -4.10865e-05
internal_weight=562695 349735 154994 151212 7987 143225 129768 125446 194741 116487 28446 14909 120972 212960
internal_count=562695 349735 154994 151212 7987 143225 129768 125446 194741 116487 28446 14909 120972 212960
is_linear=0
shrinkage=0.05


Tree=214
num_leaves=15
num_cat=0
split_feature=7 7 8 8 7 2 2 3 9 2 8 8 7 1
split_gain=0.728998 4.20639 2.17273 3.37408 5.25182 2.83679 5.55316 5.30439 7.75486 5.09358 4.20851 11.5975 3.42966 3.94962
threshold=0.99064233700000004 0.99341272550000015 1.0717072835000001 1.2696406140000003 1.0000005915000003 1.0000000180025095e-35 2.5000000000000004 13.061440064000001 49.500000000000007 4.5000000000000009 1.1714257850000003 1.1966081490000002 1.0603365225000003 58.500000000000007
decision_type=2 2 2 2 2 2 2 2 2 2 2 2 2 2
left_child=-1 -2 -3 5 -5 -4 7 8 -7 10 -8 -12 13 -11
right_child=1 2 3 4 -6 6 9 -9 -10 12 11 -13 -14 -15
leaf_value=-7.4172175339324922e-05 0.0033852109532858674 0.00054442901302626998 0.00078506822871958395 0.0046847005505707418 0.00014651849642816401 -0.0012770420565456882 0.0029500991735886919 0.0030248774395571073 -0.0047101924071581676 -0.0017493076815431247 -0.0042527442340283723 0.0011392506694056753 -0.00072055289921147769 -0.004231248267341072
leaf_weight=262979 6810 77963 14240 4170 133396 7994 12402 3666 8341 3184 3050 10706 9729 3196
leaf_count=262979 6810 77963 14240 4170 133396 7994 12402 3666 8341 3184 3050 10706 9729 3196
internal_value=1.3554e-05 6.69814e-05 3.8325e-05 -4.3979e-05 0.000104055 -0.000310143 -0.000455735 -0.00114203 -0.00152769 -0.000130879 0.000299851 -0.000302304 -0.000830179 -0.00173062
internal_weight=561826 298847 292037 214074 137566 76508 62268 20001 16335 42267 26158 13756 16109 6380
internal_count=561826 298847 292037 214074 137566 76508 62268 20001 16335 42267 26158 13756 16109 6380
is_linear=0
shrinkage=0.05


Tree=215
num_leaves=15
num_cat=0
split_feature=0 9 4 4 8 8 5 0 0 6 8 8 0 3
split_gain=0.768456 0.72437 1.23138 0.933129 1.45 1.16939 1.15543 1.05104 1.09102 1.24135 1.02646 1.16864 1.0041 1.56508
threshold=296.50000000000006 10.500000000000002 0.96265768254312767 1.1670826787498128 0.89797301150000008 1.8117857720000001 5.5000000000000009 38.500000000000007 227.50000000000003 1.0000000180025095e-35 0.97202102300000015 1.7038210695000002 59.500000000000007 11.919456301000002
decision_type=2 2 10 10 2 2 2 2 2 2 2 2 2 2
left_child=1 2 -1 5 -5 6 7 -3 -9 -10 -6 12 13 -12
right_child=-2 3 -4 4 10 -7 -8 8 9 -11 11 -13 -14 -15
leaf_value=3.1528739403528233e-08 -0.001811342064205068 -0.00027609010760386597 -0.0019634639036286683 0.0032134083592479574 -0.001841420785381728 0.0020808115170538109 -4.862920838520245e-05 0.0005031514701309786 -0.0011022570547356164 0.00031717029862092299 0.00051519604061897161 -0.0021730962597672093 0.0011150233807587311 -0.002724370620852192
leaf_weight=29898 3956 13646 12087 4422 3200 4694 366519 69736 4165 4120 6663 3447 32191 3560
leaf_count=29898 3956 13646 12087 4422 3200 4694 366519 69736 4165 4120 6663 3447 32191 3560
internal_value=2.24255e-05 2.73484e-05 -0.000172362 4.35882e-05 0.000241316 2.07396e-05 1.26913e-05 0.000171454 0.000242259 -0.00030006 0.000163097 0.000223532 0.000295504 -0.000136146
internal_weight=562304 558348 41985 516363 53483 462880 458186 91667 78021 8285 49061 45861 42414 10223
internal_count=562304 558348 41985 516363 53483 462880 458186 91667 78021 8285 49061 45861 42414 10223
is_linear=0
shrinkage=0.05


Tree=216
num_leaves=15
num_cat=0
split_feature=5 9 8 8 1 8 7 8 8 8 1 7 2 1
split_gain=0.685404 1.29158 1.66297 1.37974 1.65287 1.76622 1.49598 1.96097 1.85392 1.56489 2.67485 1.13876 1.27278 1.26027
threshold=7.5000000000000009 27.500000000000004 1.6454317845000002 0.68675894200000009 127.50000000000001 0.88323363700000013 0.89684266700000015 1.2341656950000002 1.3854618275000001 0.94854922800000019 256.50000000000006 0.78832097300000015 8.5000000000000018 133.50000000000003
decision_type=2 2 2 2 2 2 2 2 2 2 2 2 2 2
left_child=1 3 -3 -1 5 -5 -6 9 -9 10 -8 -2 13 -13
right_child=11 2 -4 4 6 -7 7 8 -10 -11 -12 12 -14 -15
leaf_value=0.00046181349673158305 -0.0020428394142877979 0.00036619963294716131 -0.0018081062021542502 4.0552867696002167e-05 -0.00090969127064004446 -0.0028692836734143549 0.00072862510139271312 -0.0016493250713269765 0.00037689331870399581 0.0012290947078035786 -0.0024150489245796285 0.000263941097705968 -0.00027810642378341149 -0.00018397295970875877
leaf_weight=4851 3054 124967 4134 3986 9646 4978 3496 9565 10755 21367 4619 170530 5727 180945
leaf_count=4851 3054 124967 4134 3986 9646 4978 3496 9565 10755 21367 4619 170530 5727 180945
internal_value=1.6352e-05 8.99842e-05 0.000185139 -7.76942e-05 -0.000135493 -0.000768202 -4.00316e-05 7.03717e-05 -0.000307503 0.000330824 -0.00026016 -2.50096e-05 -1.67829e-05 -4.72993e-06
internal_weight=562620 202364 129101 73263 68412 8964 59448 49802 20320 29482 8115 360256 357202 351475
internal_count=562620 202364 129101 73263 68412 8964 59448 49802 20320 29482 8115 360256 357202 351475
is_linear=0
shrinkage=0.05


Tree=217
num_leaves=15
num_cat=0
split_feature=9 8 8 4 8 8 1 3 9 8 3 8 8 3
split_gain=0.882095 1.63002 4.98375 1.93694 1.93044 2.14542 1.85519 1.67366 1.59192 1.49445 2.15313 1.44656 3.38816 1.99118
threshold=94.500000000000014 1.3854618275000001 1.3953363945000004 0.94066563153759264 1.4749027730000002 1.4986864445000003 244.50000000000003 5.133692656500001 32.500000000000007 1.3684471115000003 -7.1473281259999988 0.85329468650000007 0.79747702750000016 51.186116818000009
decision_type=2 2 2 10 2 2 2 2 2 2 2 2 2 2
left_child=1 9 -3 4 8 -6 -5 -8 -4 -1 -11 12 -2 -13
right_child=11 2 3 6 5 -7 7 -9 -10 10 -12 13 -14 -15
leaf_value=3.1426484012806912e-05 6.0065522160163728e-05 0.0044643601721579681 -0.00059620559022511535 0.0018751988855858798 -0.0034489305832213117 -0.00027870421008072642 0.00090941377586896313 -0.0037130823846979184 0.002544560778912042 0.00037797118240333045 -0.0047899512894821914 -2.9592895433508115e-06 -0.0032479604994319817 -0.0034758667338031972
leaf_weight=362527 6697 3283 4886 25494 3504 22867 5587 3397 8438 3052 3463 100154 4014 4976
leaf_count=362527 6697 3283 4886 25494 3504 22867 5587 3397 8438 3052 3463 100154 4014 4976
internal_value=1.63557e-05 4.82528e-05 0.000256774 0.000172322 -6.5806e-05 -0.000313637 0.000446452 -0.00017132 0.000424638 4.48459e-06 -0.000745782 -0.000106585 -0.000659994 -5.01735e-05
internal_weight=562339 446498 77456 74173 39695 26371 34478 8984 13324 369042 6515 115841 10711 105130
internal_count=562339 446498 77456 74173 39695 26371 34478 8984 13324 369042 6515 115841 10711 105130
is_linear=0
shrinkage=0.05


Tree=218
num_leaves=15
num_cat=0
split_feature=8 8 7 2 8 7 0 7 0 8 7 7 7 8
split_gain=0.597003 1.43171 1.43147 2.0623 1.54469 2.62114 8.2613 4.83413 3.15324 2.19352 2.04709 1.49321 1.48043 1.86334
threshold=0.89087699650000018 0.90110449700000006 1.0073547000000003 7.5000000000000009 0.87557861150000005 0.94488933350000004 162.50000000000003 0.96575293150000008 231.50000000000003 0.78664829850000018 0.9353060485000001 0.92509244750000008 1.0220814100000002 0.86097873000000014
decision_type=2 2 2 2 2 2 2 2 2 2 2 2 2 2
left_child=2 -2 4 12 5 10 7 -7 -8 -10 -1 -6 -4 -14
right_child=1 -3 3 -5 11 6 8 -9 9 -11 -12 -13 13 -15
leaf_value=6.6143493153062921e-05 -0.0020903096848514089 6.1143944500796775e-07 0.003783522865395187 -0.00048130960357771387 -6.4189386407812667e-05 -0.0053663435145257961 0.00093859096281759908 -0.00081153918488301917 -0.0015067694296301201 0.00072361306615160948 0.001406554954619452 0.0036753194067051078 0.0018688745673208834 -0.0012041321955233658
leaf_weight=54930 6671 444203 3289 4179 3052 3179 5612 3686 6968 3989 4755 3648 11130 3095
leaf_count=54930 6671 444203 3289 4179 3052 3179 5612 3686 6968 3989 4755 3648 11130 3095
internal_value=1.50519e-05 -1.05682e-05 0.000118637 0.000483109 3.05877e-05 -2.8301e-05 -0.000476343 -0.00193413 0.000128062 -0.000365581 0.000147638 0.000760626 0.000721217 0.000499824
internal_weight=562386 450874 111512 21693 89819 83119 23434 6865 16569 10957 59685 6700 17514 14225
internal_count=562386 450874 111512 21693 89819 83119 23434 6865 16569 10957 59685 6700 17514 14225
is_linear=0
shrinkage=0.05


Tree=219
num_leaves=15
num_cat=0
split_feature=2 0 0 9 2 4 4 9 3 0 3 9 1 3
split_gain=0.818554 1.27978 1.65586 1.11961 1.25667 2.14052 2.04674 1.85242 1.43344 1.35912 1.13539 1.88755 1.76727 1.94965
threshold=6.5000000000000009 292.50000000000006 272.50000000000006 7.5000000000000009 1.0000000180025095e-35 1.1186348082159683 1.3105580481844814 94.500000000000014 34.022835308000005 68.500000000000014 -14.937769704999999 46.500000000000007 248.50000000000003 19.907744359500004
decision_type=2 2 2 2 2 8 10 2 2 2 2 2 2 2
left_child=1 2 3 -1 5 7 8 -5 10 -7 -6 12 13 -12
right_child=-2 -3 -4 4 6 9 -8 -9 -10 -11 11 -13 -14 -15
leaf_value=-0.00066201689039440987 -0.00014059918093068465 -0.0050153619640389393 0.0023960177465516498 0.00040492408844870526 0.00022923213912161685 0.00077988294112932679 -0.0027022449153254638 -0.0010843879591674128 0.0019404560618094362 0.0022111478117225409 0.0011568061092789776 -0.00043009389625689811 -0.0003540678224639921 -0.0027461073464442594
leaf_weight=23390 52339 4089 18151 47345 183986 12492 10811 5804 10962 4850 40698 115424 29018 3293
leaf_count=23390 52339 4089 18151 47345 183986 12492 10811 5804 10962 4850 40698 115424 29018 3293
internal_value=2.39578e-05 4.32721e-05 5.03923e-05 3.29507e-05 4.99422e-05 0.000244376 1.51701e-05 8.69644e-05 3.43062e-05 0.000726639 1.77151e-05 -6.85503e-05 0.00013042 0.000330201
internal_weight=562652 510313 506224 488073 464683 70491 394192 53149 383381 17342 372419 188433 73009 43991
internal_count=562652 510313 506224 488073 464683 70491 394192 53149 383381 17342 372419 188433 73009 43991
is_linear=0
shrinkage=0.05


Tree=220
num_leaves=15
num_cat=0
split_feature=2 8 8 7 8 0 7 3 9 0 8 9 2 0
split_gain=0.694625 1.59386 1.25549 2.87718 2.48183 4.0591 3.47068 3.01328 3.85193 2.93333 2.19798 1.66741 1.34775 2.13803
threshold=6.5000000000000009 0.57916056400000016 0.89087699650000018 1.0025091765 0.86816039850000015 139.50000000000003 0.94488933350000004 -56.046432307999993 100.50000000000001 164.50000000000003 0.90110449700000006 25.500000000000004 1.0000000180025095e-35 72.500000000000014
decision_type=2 2 2 2 2 2 2 2 2 2 2 2 2 2
left_child=2 -2 3 4 6 -6 7 -1 11 -8 -4 12 -9 -14
right_child=1 -3 10 -5 5 -7 9 8 -10 -11 -12 -13 13 -15
leaf_value=-0.002378262206587625 0.00031242636979363455 -0.00022066451785181159 -0.0030026416104070564 0.0024596901342455956 -0.00068114801059899544 0.0062774437605654975 -0.0031537759272490234 -0.0012234024963929675 -0.0020273928955960659 -9.5148933896276288e-05 4.1672873666264588e-05 0.0018352454908140165 0.0022165413830308295 -0.00089042288175288022
leaf_weight=3406 5296 46611 5623 13324 4244 4922 5758 3617 5137 5688 430346 21870 3170 3376
leaf_count=3406 5296 46611 5623 13324 4244 4922 5758 3617 5137 5688 430346 21870 3170 3376
internal_value=2.0484e-05 -0.00015377 3.82039e-05 0.000227868 8.28527e-05 0.000841239 -5.08389e-05 0.000166088 0.00029657 -0.000819579 5.78596e-06 0.000500421 -2.87667e-05 0.000399176
internal_weight=562388 51907 510481 74512 61188 9166 52022 40576 37170 11446 435969 32033 10163 6546
internal_count=562388 51907 510481 74512 61188 9166 52022 40576 37170 11446 435969 32033 10163 6546
is_linear=0
shrinkage=0.05


Tree=221
num_leaves=15
num_cat=0
split_feature=7 4 4 8 5 8 4 1 4 8 7 8 8 8
split_gain=0.736546 2.76333 4.8342 1.86918 1.89031 1.48018 1.2256 1.18936 1.18277 0.862903 0.710245 1.20797 0.843755 1.76911
threshold=1.1539737475000003 0.81991095887958465 0.92918947648234196 1.3389442755000003 17.500000000000004 1.1932209955000002 1.1457617631651746 129.50000000000003 1.2290907191809068 1.5188894705000002 1.1463471410000003 1.7872796020000001 1.7038210695000002 1.6285984270000002
decision_type=2 8 8 2 2 2 8 2 8 2 2 2 2 2
left_child=10 5 7 6 8 -2 -4 -3 9 -5 11 12 13 -1
right_child=1 2 3 4 -6 -7 -8 -9 -10 -11 -12 -13 -14 -15
leaf_value=1.9001638015585937e-05 0.0036177973544195942 -0.0010487545396546277 -0.0019452245849075102 0.0056947972652456246 -0.0011086622567826514 0.00075816945483919804 0.0013584909739861898 -0.0045303987985358812 0.00078759875101468428 0.0020865570974059086 -0.0014113488299084018 0.0032438882235343775 -0.0020041143401816198 0.0025114127649906223
leaf_weight=499912 3955 3172 5690 3362 3153 6437 4461 3013 3423 3639 4539 4679 4712 8293
leaf_count=499912 3955 3172 5690 3362 3153 6437 4461 3013 3423 3639 4539 4679 4712 8293
internal_value=3.25366e-05 0.000238464 -5.59857e-06 0.000318965 0.000702584 0.000940656 -0.00019422 -0.00125 0.00102694 0.00139916 1.66383e-05 2.2102e-05 1.48025e-05 2.09806e-05
internal_weight=562440 40305 29913 23728 13577 10392 10151 6185 10424 7001 522135 517596 512917 508205
internal_count=562440 40305 29913 23728 13577 10392 10151 6185 10424 7001 522135 517596 512917 508205
is_linear=0
shrinkage=0.05


Tree=222
num_leaves=15
num_cat=0
split_feature=2 3 8 8 8 4 0 8 9 8 5 3 3 8
split_gain=0.782055 1.99862 3.84621 2.92696 1.90874 2.13115 2.49508 2.33123 2.16339 3.43873 3.84147 2.45378 2.49692 2.18248
threshold=2.5000000000000004 -31.472418652499996 1.1848506720000003 0.97953936900000016 0.92000341650000006 0.85182264427517873 110.50000000000001 1.2767546560000003 75.500000000000014 1.3389442755000003 10.500000000000002 -19.362411970999997 -8.7514951979999989 1.3953363945000004
decision_type=2 2 2 2 2 10 2 2 2 2 2 2 2 2
left_child=1 2 3 -1 -2 -6 7 -7 9 10 11 -8 -13 -10
right_child=4 -3 -4 -5 5 6 8 -9 13 -11 -12 12 -14 -15
leaf_value=-0.0013736429299702404 0.0001729698176481145 0.00024297539753255569 -0.0024663253252027268 0.0041761149280394819 0.0001277041195813581 -0.0014056162941837834 -0.0035814360427493808 -0.0034569903573360172 -0.00061896977659510921 0.0021419269753516507 0.00064182669768531422 0.0010327826405040158 -0.0024162110173504316 -0.0025853596599710593
leaf_weight=3013 95340 255942 4410 3293 87384 4480 3063 3433 37279 13395 22899 6024 10575 12005
leaf_count=3013 95340 255942 4410 3293 87384 4480 3063 3433 37279 13395 22899 6024 10575 12005
internal_value=2.28207e-05 8.492e-05 -0.000583901 0.000208366 -3.31466e-05 -0.00012071 -0.000263945 -0.00111992 -0.000199534 1.32236e-05 -0.000206679 -0.000719225 -0.000478951 -0.000441072
internal_weight=562535 266658 10716 6306 295877 200537 113153 7913 105240 55956 42561 19662 16599 49284
internal_count=562535 266658 10716 6306 295877 200537 113153 7913 105240 55956 42561 19662 16599 49284
is_linear=0
shrinkage=0.05


Tree=223
num_leaves=15
num_cat=0
split_feature=2 8 4 8 8 9 9 7 7 3 8 8 8 8
split_gain=0.749446 1.27576 3.84636 3.53266 7.17315 2.44798 2.42166 2.78358 2.12425 2.04548 4.63369 2.28293 1.88405 1.19881
threshold=6.5000000000000009 0.89087699650000018 0.63220293724250809 0.83891463200000016 0.73192466100000009 26.500000000000004 98.500000000000014 0.87055353800000013 0.94596836400000017 -6.9574814154999993 0.79747702750000016 0.73192466100000009 0.90110449700000006 1.0890884750000003
decision_type=2 2 10 2 2 2 2 2 2 2 2 2 2 2
left_child=1 2 3 4 -1 -6 9 -8 -9 -4 11 -11 -3 -2
right_child=13 12 6 -5 5 -7 7 8 -10 10 -12 -13 -14 -15
leaf_value=-0.0022181283611066352 -8.0003174014582596e-05 -0.0023887637271116815 0.0020875337467765737 -0.0018548699907797008 -0.00025200728408033857 0.0039340688212484215 0.002771557728729506 -0.0039523754203745686 5.711038145995004e-05 5.9459704168725343e-06 0.0022547729445710446 -0.0032069658244982045 2.8828554433480547e-05 -0.0019900876695494569
leaf_weight=3989 48231 5648 31580 4712 3093 3926 3435 3325 3037 3997 9613 3491 430725 3886
leaf_count=3989 48231 5648 31580 4712 3093 3926 3435 3325 3037 3997 9613 3491 430725 3886
internal_value=1.35421e-05 3.19787e-05 0.000223643 -0.000470588 1.99765e-05 0.00098199 0.00041029 -0.000306825 -0.000925868 0.000554626 0.000114141 -0.000818097 -6.12935e-07 -0.00016706
internal_weight=562688 510571 74198 15720 11008 7019 58478 9797 6362 48681 17101 7488 436373 52117
internal_count=562688 510571 74198 15720 11008 7019 58478 9797 6362 48681 17101 7488 436373 52117
is_linear=0
shrinkage=0.05


Tree=224
num_leaves=15
num_cat=0
split_feature=8 0 4 7 6 7 8 8 8 7 9 8 8 9
split_gain=0.752438 2.01002 2.00027 2.14952 2.6443 1.98571 1.70671 1.67987 1.55819 3.0979 3.16318 1.73464 3.45684 1.52161
threshold=0.82240954000000011 231.50000000000003 0.98809133141531003 0.96271030700000015 1.0000000180025095e-35 0.80723752900000012 0.83068035600000012 0.84332252950000008 0.78149861500000017 0.82025456000000008 70.500000000000014 0.68675894200000009 0.7386731740000001 38.500000000000007
decision_type=2 2 10 2 2 2 2 2 2 2 2 2 2 2
left_child=1 2 3 8 -5 -2 -7 -8 9 -1 11 -11 -13 -10
right_child=5 -3 -4 4 -6 6 7 -9 13 10 -12 12 -14 -15
leaf_value=0.0016044502015957951 -0.0010425200060937391 -0.00016329317353805164 -0.00089024976086872888 0.0023158140337877285 8.0739715074919444e-05 -0.0020689430678848589 0.0013875541935226164 1.6222052012045371e-05 4.8668203466183262e-05 0.00044614020284919277 -0.0029938688359943113 -0.0019908718422821706 0.00065727979853623397 0.0032424190026325867
leaf_weight=5994 3515 31541 4247 5903 3406 4107 6168 474736 3042 4761 3354 3112 3897 4500
leaf_count=5994 3515 31541 4247 5903 3406 4107 6168 474736 3042 4761 3354 3112 3897 4500
internal_value=2.32222e-05 0.000172074 0.000397669 0.000512785 0.0011727 7.47203e-07 9.33481e-06 1.80076e-05 0.000298273 7.78773e-05 -0.000303391 8.28026e-05 -0.000417379 0.000914933
internal_weight=562283 73757 42216 37969 9309 488526 485011 480904 28660 21118 15124 11770 7009 7542
internal_count=562283 73757 42216 37969 9309 488526 485011 480904 28660 21118 15124 11770 7009 7542
is_linear=0
shrinkage=0.05


Tree=225
num_leaves=15
num_cat=0
split_feature=8 4 8 8 9 4 0 3 9 8 5 0 0 4
split_gain=0.733133 1.85019 3.25838 3.78886 2.77283 1.74822 1.6042 2.37659 1.46493 1.26624 1.93396 2.5229 1.32833 2.23225
threshold=0.89087699650000018 0.63220293724250809 0.83891463200000016 0.73192466100000009 33.500000000000007 0.56144686605537431 243.50000000000003 -31.472418652499996 99.500000000000014 0.94225175350000012 3.5000000000000004 245.50000000000003 206.50000000000003 0.86918173052898495
decision_type=2 10 2 2 2 10 2 2 2 2 2 2 2 10
left_child=1 2 3 5 -5 -1 8 -8 -3 10 -2 12 13 -12
right_child=9 6 -4 4 -6 -7 7 -9 -10 -11 11 -13 -14 -15
leaf_value=-2.0924393927315184e-05 0.00091445274118917954 0.00058266933700724434 -0.0012850960536486995 -0.00022968616510048569 0.0029283985979316712 -0.0017932725198096591 -0.00055529142162773519 0.00064011203213800263 -0.00069531248090377125 3.2374142110217005e-05 -0.00011618188731467923 0.0013062467738186086 -0.0027690939863203637 -0.003035491282353699
leaf_weight=3246 3814 48348 5338 4446 4297 3184 14761 20559 7353 417218 11811 6657 4097 7442
leaf_count=3246 3814 48348 5338 4446 4297 3184 14761 20559 7353 417218 11811 6657 4097 7442
internal_value=1.81798e-05 0.00013296 -0.000295988 7.79089e-05 0.000755316 -0.000843046 0.000229632 -3.39702e-05 0.000396771 -1.0204e-05 -0.000304426 -0.000439241 -0.000684008 -0.000509788
internal_weight=562571 111532 20511 15173 8743 6430 91021 35320 55701 451039 33821 30007 23350 19253
internal_count=562571 111532 20511 15173 8743 6430 91021 35320 55701 451039 33821 30007 23350 19253
is_linear=0
shrinkage=0.05


Tree=226
num_leaves=15
num_cat=0
split_feature=2 8 7 8 7 7 7 8 9 7 7 8 7 0
split_gain=0.816551 1.83884 2.32362 1.53508 1.38642 2.28331 3.00134 2.3863 1.49593 1.8909 1.64548 1.80209 1.47454 1.32765
threshold=3.5000000000000004 1.4806902235000001 1.0704542910000001 1.5937806755000004 1.2399318305000002 1.0615921520000002 1.0544614520000002 1.4073771380000002 104.50000000000001 1.1376243515000002 1.0955940390000001 1.1824074405000002 1.1062651810000002 103.50000000000001
decision_type=2 2 2 2 2 2 2 2 2 2 2 2 2 2
left_child=13 4 -3 -4 5 6 -2 8 9 10 11 -7 -12 -1
right_child=1 2 3 -5 -6 7 -8 -9 -10 -11 12 -13 -14 -15
leaf_value=-8.1375566212906991e-06 -8.2285377292654098e-05 -0.0063609053324928909 -0.0016848099111551502 0.0018360397466056196 -0.0019719841799567595 0.00023265944164929604 -0.003667411232755614 0.0056299837458737498 -0.0012593842228944268 0.0023551437176978223 -0.0025377988903558875 0.0042006966903035611 -4.4504595630096914e-05 0.00045093567058610088
leaf_weight=194668 149621 3048 3186 3120 4293 9696 3419 3379 5539 12370 3128 3476 8315 154763
leaf_count=194668 149621 3048 3186 3120 4293 9696 3419 3379 5539 12370 3128 3476 8315 154763
internal_value=3.43446e-05 -4.29219e-05 -0.000728176 -0.000179845 -1.13658e-05 7.82874e-06 -8.49423e-05 0.000317102 0.000215383 0.000330157 7.66654e-05 0.000457616 -0.000361854 8.13526e-05
internal_weight=562021 212590 9354 6306 203236 198943 153040 45903 42524 36985 24615 13172 11443 349431
internal_count=562021 212590 9354 6306 203236 198943 153040 45903 42524 36985 24615 13172 11443 349431
is_linear=0
shrinkage=0.05


Tree=227
num_leaves=15
num_cat=0
split_feature=8 8 7 7 7 2 8 8 4 3 3 8 7 7
split_gain=0.786047 2.50413 3.23785 2.115 4.69836 2.59381 1.69177 2.38736 2.75853 4.67191 5.82864 4.32921 1.77129 4.07596
threshold=1.0298537230000002 1.0395400325000002 0.98486908750000002 1.0062613620000003 1.0000005915000003 7.5000000000000009 0.98604826500000009 0.92615757350000016 0.81322486792239368 3.0188151650000004 -11.124704957499999 0.94585147200000008 0.9386405710000002 0.98040150950000016
decision_type=2 2 2 2 2 2 2 2 8 2 2 2 2 2
left_child=3 2 -2 4 6 -5 7 -1 11 10 -10 -9 -8 -14
right_child=1 -3 -4 5 -6 -7 12 8 9 -11 -12 -13 13 -15
leaf_value=0.00010095841604621181 -0.002830408203093558 2.3672114496769121e-05 0.00033715002957853242 0.0012360483370391379 -0.0030069619419342154 -0.00046102069720236087 1.1269010682484203e-05 -0.0016771520413958307 -0.00079174875743564957 0.00098780121475067662 -0.0057617579150890889 0.0021402812136293329 0.0039437717870342715 -4.8177357350394111e-05
leaf_weight=103617 3121 344490 3551 44868 3735 5552 12628 5028 4493 3991 5088 8632 6751 6829
leaf_count=103617 3121 344490 3551 44868 3735 5552 12628 5028 4493 3991 5088 8632 6751 6829
internal_value=3.58922e-05 -9.95246e-06 -0.000968998 0.000112112 2.3508e-05 0.000394646 6.52132e-05 -8.2343e-06 -0.00042479 -0.000929513 -0.00152801 7.68387e-05 0.000431847 0.000828119
internal_weight=562374 351162 6672 211212 160792 50420 157057 130849 27232 13572 9581 13660 26208 13580
internal_count=562374 351162 6672 211212 160792 50420 157057 130849 27232 13572 9581 13660 26208 13580
is_linear=0
shrinkage=0.05


Tree=228
num_leaves=15
num_cat=0
split_feature=2 3 7 0 9 7 7 7 3 7 3 7 7 3
split_gain=0.858872 2.08071 2.1265 1.46087 2.32759 2.61977 2.81998 3.0384 5.38011 3.94425 2.58171 2.30016 3.49837 9.28984
threshold=2.5000000000000004 -32.288740719499991 0.91609517500000004 68.500000000000014 41.500000000000007 1.0000005915000003 0.97667913200000012 0.92509244750000008 -16.164109312499999 0.85421943300000003 20.738182206000001 0.94139884600000012 0.95862828100000008 1.9803193410000002
decision_type=2 2 2 2 2 2 2 2 2 2 2 2 2 2
left_child=1 2 -1 -3 -5 6 7 9 -9 -6 -7 -10 -13 -14
right_child=-2 3 -4 4 5 10 -8 8 11 -11 -12 12 13 -15
leaf_value=0.00051347910828183343 -7.8934685297529309e-05 -2.0423880184358237e-05 -0.0016824717889629298 0.0025396790216763894 -0.00091864244834845169 -0.00054146920392242185 0.0024326795827703546 0.0034308395619391551 -0.0037579023653332155 0.0018073126420477719 0.0016119203505196847 0.0008689366881191327 -0.0058782341703418452 0.0031891431349484593
leaf_weight=3566 296024 127761 6016 11440 5418 46680 11925 7644 4738 15689 13015 5790 3306 3231
leaf_count=3566 296024 127761 6016 11440 5418 46680 11925 7644 4738 15689 13015 5790 3306 3231
internal_value=1.70877e-05 8.22522e-05 -0.000640972 0.000109267 0.00022804 0.000161698 0.000401803 0.000223478 -0.000152849 0.000663959 -7.05611e-05 -0.000646602 -0.00028645 -0.0010788
internal_weight=562243 266219 9582 256637 128876 117436 57741 45816 24709 21107 59695 17065 12327 6537
internal_count=562243 266219 9582 256637 128876 117436 57741 45816 24709 21107 59695 17065 12327 6537
is_linear=0
shrinkage=0.05


Tree=229
num_leaves=15
num_cat=0
split_feature=9 3 4 7 7 3 4 7 7 4 7 7 4 7
split_gain=0.703181 2.06234 2.15449 1.34333 1.39046 2.31682 2.29439 2.74514 3.77977 2.11454 2.32954 2.26007 2.52294 2.18558
threshold=87.500000000000014 51.186116818000009 1.1794301457976064 0.82422181150000007 1.0006934785000003 -30.694459927499995 0.62404770979112822 0.90704289300000018 0.93303209350000016 0.88001695943053337 1.0111551690000002 1.0955940390000001 0.77718720175735512 1.1029995185000001
decision_type=2 2 10 2 2 2 10 2 2 10 2 2 10 2
left_child=-1 2 3 -2 5 6 -5 -8 -9 11 -11 12 -6 -12
right_child=1 -3 -4 4 9 -7 7 8 -10 10 13 -13 -14 -15
leaf_value=0.0001000946892156843 -0.0019228539281817662 -0.002881156693872147 0.0017148360159619021 0.0011438298656553636 -0.0023637507866083925 0.0005906096965742427 0.00082730886526570773 -0.0038934531083693854 -0.00085117135422050402 -0.002988316404370848 -0.00016696498591941045 0.0043172446088397144 0.00097651686193679838 -0.0018522902713667716
leaf_weight=424903 4111 5656 9190 3153 5440 40088 5983 3146 8943 3184 25686 5112 7936 10460
leaf_count=424903 4111 5656 9190 3153 5440 40088 5983 3146 8943 3184 25686 5112 7936 10460
internal_value=2.3939e-05 -7.40804e-05 -3.41294e-05 -8.9211e-05 -5.85255e-05 0.00010735 -0.000315002 -0.000532168 -0.000965561 -0.000234422 -0.000441719 0.000206565 -0.000135266 -0.000327377
internal_weight=562991 138088 132432 123242 119131 61313 21225 18072 12089 57818 39330 18488 13376 36146
internal_count=562991 138088 132432 123242 119131 61313 21225 18072 12089 57818 39330 18488 13376 36146
is_linear=0
shrinkage=0.05


Tree=230
num_leaves=15
num_cat=0
split_feature=2 3 7 7 8 7 7 2 6 7 8 8 3 3
split_gain=0.914677 2.22935 1.67158 2.0771 1.60941 2.25895 2.24909 2.3274 1.73573 1.59726 1.55772 2.50613 1.94377 1.47562
threshold=4.5000000000000009 -61.063381072999995 1.2173931765000001 1.1404764035000001 0.92000341650000006 0.88936060600000011 0.85087883000000009 5.5000000000000009 1.0000000180025095e-35 1.2688983855000002 1.2664281020000001 1.2160380950000003 -10.257513258999998 -29.488073180999997
decision_type=2 2 2 2 2 2 2 2 2 2 2 2 2 2
left_child=1 -1 3 4 6 -6 -2 8 -8 -3 11 -7 -12 -5
right_child=2 9 -4 13 5 10 7 -9 -10 -11 12 -13 -14 -15
leaf_value=-0.0031057384057609381 -0.00078719822457513238 0.00013314898571916363 -0.002149039001900326 0.0033767855215388574 0.00151897334636198 -0.00093203350757745183 0.0040464770612281889 -1.6047124729996831e-06 -4.2925294895814107e-05 0.0025437838655973845 0.0026854099261961919 -0.0035612983092485175 -0.0015200405932383615 0.00047057390363496043
leaf_weight=3489 7002 411943 4156 3907 3589 42865 8128 50854 4637 4191 4896 3181 3518 6046
leaf_count=3489 7002 411943 4156 3907 3589 42865 8128 50854 4637 4191 4896 3181 3518 6046
internal_value=2.4902e-05 6.20967e-05 -8.44107e-05 -5.47688e-05 -0.000108607 -0.00030364 5.17161e-05 0.000145346 0.000748825 7.26561e-05 -0.000383733 -0.000498035 0.000241715 0.000640942
internal_weight=562402 419623 142779 138623 128670 58049 70621 63619 12765 416134 54460 46046 8414 9953
internal_count=562402 419623 142779 138623 128670 58049 70621 63619 12765 416134 54460 46046 8414 9953
is_linear=0
shrinkage=0.05


Tree=231
num_leaves=15
num_cat=0
split_feature=3 0 5 3 7 9 7 9 2 7 7 3 5 7
split_gain=0.581274 0.566457 1.97581 2.18015 1.69464 1.4636 2.307 2.0008 2.37135 1.82237 1.87074 2.21994 2.09228 1.6527
threshold=-82.779658891499977 141.50000000000003 17.500000000000004 14.265379290500002 1.0340568330000004 68.500000000000014 1.1376243515000002 30.500000000000004 6.5000000000000009 1.0975312830000001 1.0111551690000002 -6.9574814154999993 10.500000000000002 1.1838380120000003
decision_type=2 2 2 2 2 2 2 2 2 2 2 2 2 2
left_child=-1 2 3 -2 -5 6 7 -3 9 10 11 -9 -13 -8
right_child=1 5 -4 4 -6 -7 13 8 -10 -11 -12 12 -14 -15
leaf_value=-0.00055100399282999996 -4.0043634070275908e-05 -0.00019365815561357293 -0.0013539152098807046 -2.7371574131591467e-06 0.0028415684298599693 -5.0126305343864302e-05 0.0045860867377280033 0.0018456262089812927 -0.00023220141446146067 -0.0018027677549731164 0.0025827480971040463 -0.0042145021792262425 0.00081660967681399909 0.0010444696611488448
leaf_weight=4364 250378 43999 14066 5861 7626 152334 6585 22664 15269 4847 18793 3254 4831 7159
leaf_count=4364 250378 43999 14066 5861 7626 152334 6585 22664 15269 4847 18793 3254 4831 7159
internal_value=2.7445e-05 3.19454e-05 -1.86103e-05 1.21746e-05 0.0006313 8.21746e-05 0.000207231 0.000133224 0.000299944 0.000454508 0.000545038 0.000304757 -0.000406366 0.000818969
internal_weight=562030 557666 277931 263865 13487 279735 127401 113657 69658 54389 49542 30749 8085 13744
internal_count=562030 557666 277931 263865 13487 279735 127401 113657 69658 54389 49542 30749 8085 13744
is_linear=0
shrinkage=0.05


Tree=232
num_leaves=15
num_cat=0
split_feature=2 8 8 1 9 8 7 7 7 7 8 2 7 7
split_gain=0.63666 2.31139 2.78545 1.85237 2.64034 2.9832 2.51476 5.36849 2.50828 2.34784 2.08746 1.64366 2.98384 6.41214
threshold=3.5000000000000004 1.4806902235000001 1.5743189000000002 194.50000000000003 44.500000000000007 1.3492142570000001 1.1958845235000004 1.1404764035000001 1.0955940390000001 1.0822116270000002 0.68675894200000009 2.5000000000000004 1.0975312830000001 1.0015239480000002
decision_type=2 2 2 2 2 2 2 2 2 2 2 2 2 2
left_child=3 -2 -3 4 5 -1 7 8 9 -6 -5 -12 13 -13
right_child=1 2 -4 10 6 -7 -8 -9 -10 -11 11 12 -14 -15
leaf_value=0.0014825744036953803 8.6628687800431973e-06 -0.0044612508127782041 -0.00023721652359737588 0.001959914218021989 0.00033151708676116615 0.0048355349578669505 0.0070814910728616955 -0.0031994862255530377 0.0026023836679292876 -0.0020034140785091348 8.7890432613538702e-06 -0.0018087623862046967 -0.0024172648932513849 0.0030893126284361645
leaf_weight=10765 203718 3814 5556 3221 110708 5015 3746 6212 10529 4566 176712 10263 3010 4729
leaf_count=10765 203718 3814 5556 3221 110708 5015 3746 6212 10529 4566 176712 10263 3010 4729
internal_value=3.84131e-05 -2.97053e-05 -0.000797333 7.99472e-05 0.000211504 0.000823567 0.000140333 0.000104056 0.000174929 0.000107435 -2.07764e-05 -4.16754e-05 -0.000496751 -0.000208042
internal_weight=562564 213088 9370 349476 151541 15780 135761 132015 125803 115274 197935 194714 18002 14992
internal_count=562564 213088 9370 349476 151541 15780 135761 132015 125803 115274 197935 194714 18002 14992
is_linear=0
shrinkage=0.05


Tree=233
num_leaves=15
num_cat=0
split_feature=0 2 8 3 4 3 8 8 8 1 0 6 8 8
split_gain=0.85956 0.726819 2.43474 1.71567 1.39253 2.61319 1.45513 4.44804 1.93556 2.19255 1.68261 2.06703 2.46621 2.27834
threshold=4.5000000000000009 1.0000000180025095e-35 1.6454317845000002 19.907744359500004 1.3867069263405885 51.186116818000009 1.7872796020000001 1.7230644500000003 1.6045679965000004 155.50000000000003 89.500000000000014 1.0000000180025095e-35 1.2449574765000002 1.4929318085000001
decision_type=2 2 2 2 10 2 2 2 2 2 2 2 2 2
left_child=-1 2 3 -2 6 -6 7 8 10 -10 11 13 -13 -3
right_child=1 4 -4 -5 5 -7 -8 -9 9 -11 -12 12 -14 -15
leaf_value=-0.0010271588847067558 0.00032164290723001986 -0.00092765886544537112 -0.0032913926843539721 0.0026420771727051042 -0.0057219685729035527 0.00049151069927310732 0.0019015480417929106 -0.0049289298220097887 -0.00012603225224381859 0.0029067028071497938 7.8330579005010052e-05 0.00074151369550985681 -0.0010568086994592787 0.0010509442632020637
leaf_weight=10182 69011 52448 3170 3428 3236 4255 6851 3229 6402 7113 353203 23396 11762 4833
leaf_count=10182 69011 52448 3170 3428 3236 4255 6851 3229 6402 7113 353203 23396 11762 4833
internal_value=1.38617e-05 2.22553e-05 0.000166272 0.000225657 -5.87266e-07 -0.000676694 1.02133e-05 -5.08163e-07 1.25065e-05 0.000601886 -5.37414e-06 -0.00019528 0.000106504 -0.000380503
internal_weight=562519 552337 75609 72439 476728 7491 469237 462386 459157 13515 445642 92439 35158 57281
internal_count=562519 552337 75609 72439 476728 7491 469237 462386 459157 13515 445642 92439 35158 57281
is_linear=0
shrinkage=0.05


Tree=234
num_leaves=15
num_cat=0
split_feature=8 8 7 8 7 7 8 7 3 2 8 3 7 7
split_gain=0.833189 2.87919 3.92824 2.60115 1.87692 3.33504 2.35165 4.50412 4.3819 5.2937 2.74158 3.3322 1.89355 1.7547
threshold=1.0298537230000002 1.0395400325000002 0.98486908750000002 0.98604826500000009 1.0073547000000003 1.0000005915000003 0.92882715100000013 0.92838181100000006 -28.399011757499995 2.5000000000000004 0.94585147200000008 -10.894448902499999 1.0190961710000004 0.9386405710000002
decision_type=2 2 2 2 2 2 2 2 2 2 2 2 2 2
left_child=3 2 -2 4 5 6 -1 8 -8 -10 -9 -12 -6 -5
right_child=1 -3 -4 13 12 -7 7 10 9 -11 11 -13 -14 -15
leaf_value=8.0162709861670241e-05 -0.0030326474479082104 -4.8407587778167703e-06 0.00047735758955588298 1.2942046755140311e-05 0.0025528575572003514 -0.0022213834224661774 0.0051083856552818028 -0.0043612874121867996 0.00099738618945046189 -0.0051756462468602327 0.00043803437888251002 -0.0028568315721408063 0.00029121514389266254 0.0015451674877426389
leaf_weight=105124 3114 345228 3494 12636 5733 3646 4190 3334 6886 3040 4586 3456 34071 24262
leaf_count=105124 3114 345228 3494 12636 5733 3646 4190 3334 6886 3040 4586 3456 34071 24262
internal_value=2.50531e-05 -2.20554e-05 -0.0010555 0.000103617 2.27781e-05 -6.66209e-05 -2.49576e-05 -0.00045574 0.000140925 -0.000431477 -0.00119585 -0.00069529 0.000324299 0.00048492
internal_weight=562800 351836 6608 210964 174066 134262 130616 25492 14116 9926 11376 8042 39804 36898
internal_count=562800 351836 6608 210964 174066 134262 130616 25492 14116 9926 11376 8042 39804 36898
is_linear=0
shrinkage=0.05


Tree=235
num_leaves=15
num_cat=0
split_feature=4 2 0 5 9 8 0 0 0 3 4 0 0 5
split_gain=0.782504 0.809734 1.3025 1.90033 1.4505 1.416 1.56531 1.08252 1.85012 0.932228 2.94072 1.94079 2.39584 1.42461
threshold=1.8203684389239805 5.5000000000000009 278.50000000000006 15.500000000000002 84.500000000000014 0.77608734600000007 240.50000000000003 287.50000000000006 256.50000000000006 -47.599785314999998 0.7450369961333545 211.50000000000003 247.50000000000003 8.5000000000000018
decision_type=8 2 2 2 2 2 2 2 2 2 10 2 2 2
left_child=1 7 3 5 -4 6 -3 8 -1 11 -11 -7 -13 -12
right_child=-2 2 4 -5 -6 9 -8 -9 -10 10 13 12 -14 -15
leaf_value=9.3215953840707625e-05 -0.0015431264215752295 0.00029378369162090696 0.00045130118280521555 -0.0022715901825784124 -0.0018140959557815255 0.00059700981617769315 -0.00028322888065429277 -0.0033393063798190753 0.0021467314997729264 -0.0016954910177576724 0.00022122556687704855 -0.0014156040754050676 0.00070790261218164874 -0.0013243917643251633
leaf_weight=440408 4334 11980 18963 6921 3714 5350 9632 4344 23665 3257 10176 4848 3935 10927
leaf_count=440408 4334 11980 18963 6921 3714 5350 9632 4344 23665 3257 10176 4848 3935 10927
internal_value=3.16201e-05 3.68198e-05 -0.000100799 -0.000211618 0.000226722 -0.000121236 0.000202618 6.31749e-05 7.05324e-05 -0.000303068 -0.000490458 1.99817e-05 -0.000437244 -0.000274422
internal_weight=562454 558120 89703 67026 22677 60105 21612 468417 464073 38493 24360 14133 8783 21103
internal_count=562454 558120 89703 67026 22677 60105 21612 468417 464073 38493 24360 14133 8783 21103
is_linear=0
shrinkage=0.05


Tree=236
num_leaves=15
num_cat=0
split_feature=8 8 7 8 7 7 7 8 7 2 7 7 1 4
split_gain=0.865409 2.7758 3.28538 2.11989 1.7593 2.43395 1.92081 1.8012 2.98396 3.1399 6.18179 2.06806 2.01886 1.61814
threshold=1.0298537230000002 1.0395400325000002 0.98486908750000002 0.98604826500000009 1.0073547000000003 1.0000005915000003 1.0190961710000004 0.92284348300000019 0.92838181100000006 3.5000000000000004 0.96493356350000015 0.90417377250000008 92.500000000000014 0.81771508062458265
decision_type=2 2 2 2 2 2 2 2 2 2 2 2 2 8
left_child=3 2 -2 4 5 7 -6 -1 11 10 -10 13 -11 -9
right_child=1 -3 -4 -5 6 -7 -8 8 9 12 -12 -13 -14 -15
leaf_value=7.6685928999451017e-05 -0.0027742543153806733 -2.3941968428574799e-06 0.000105319663316869 0.00082003757195449464 0.0020313255758038283 -0.0020822407494034425 0.00028840261155057699 0.00068951980112554913 -0.0065984429177563201 -0.001704541323024813 -9.015281131243645e-05 0.0031892161912246662 0.0018239986863616737 -0.0026938302966555173
leaf_weight=101685 3144 345581 3559 36761 5842 3661 34006 5832 3410 3369 3051 4897 3019 5085
leaf_count=101685 3144 345581 3559 36761 5842 3661 34006 5832 3410 3369 3051 4897 3019 5085
internal_value=2.78111e-05 -2.01255e-05 -0.0010275 0.000107989 3.50422e-05 -5.16923e-05 0.000326701 -1.59566e-05 -0.000366 -0.000931811 -0.00170855 9.38745e-05 -0.000145472 -0.000289095
internal_weight=562902 352284 6703 210618 173857 134009 39848 130348 28663 12849 6461 15814 6388 10917
internal_count=562902 352284 6703 210618 173857 134009 39848 130348 28663 12849 6461 15814 6388 10917
is_linear=0
shrinkage=0.05


Tree=237
num_leaves=15
num_cat=0
split_feature=8 4 8 8 9 8 9 7 8 0 0 8 7 7
split_gain=0.760314 1.41844 3.31935 2.49716 2.8803 1.28184 1.37117 2.51609 3.30006 1.38334 1.30342 1.23312 2.77418 3.20666
threshold=0.88323363700000013 0.62830301341610861 0.83891463200000016 0.73192466100000009 40.500000000000007 0.87557861150000005 97.500000000000014 0.87315632250000008 0.79747702750000016 240.50000000000003 28.500000000000004 0.94225175350000012 1.0380891340000002 1.0015239480000002
decision_type=2 8 2 2 2 2 2 2 2 2 2 2 2 2
left_child=1 2 3 -1 -5 6 9 -8 -9 10 -3 12 13 -2
right_child=11 5 -4 4 -6 -7 7 8 -10 -11 -12 -13 -14 -15
leaf_value=-0.00056670887481566335 -0.00072381640869302935 -0.0013231818050031549 -0.0012888720261878747 -9.9226887047942642e-05 0.0031083460645122771 0.0023886694971617444 0.0018597384851934075 0.00032551782223664053 -0.0038832574423999901 -5.1736504589233157e-06 0.00057894950246954811 1.6117382102502039e-05 0.0016083121276172078 -0.00450370049287539
leaf_weight=6048 27017 3652 4480 4954 3422 3901 3889 3008 3808 30206 39650 417190 7709 3696
leaf_count=6048 27017 3652 4480 4954 3422 3901 3889 3008 3808 30206 39650 417190 7709 3696
internal_value=1.1775e-05 0.000131701 -0.000261251 0.000108116 0.000666985 0.000216015 0.000174933 -0.000353641 -0.000932415 0.000251928 0.000433071 -1.63953e-05 -0.000287428 -0.000500277
internal_weight=562630 107018 18904 14424 8376 88114 84213 10705 6816 73508 43302 455612 38422 30713
internal_count=562630 107018 18904 14424 8376 88114 84213 10705 6816 73508 43302 455612 38422 30713
is_linear=0
shrinkage=0.05


Tree=238
num_leaves=15
num_cat=0
split_feature=2 3 0 7 7 3 9 2 9 4 4 3 7 2
split_gain=0.676664 2.18399 1.50259 1.84893 2.42875 1.80196 1.55255 2.29947 1.38957 1.80018 1.30442 2.65245 1.93937 1.3755
threshold=1.0000000180025095e-35 19.907744359500004 75.500000000000014 0.86796959100000015 0.89684266700000015 -10.677218814999998 45.500000000000007 1.5000000000000002 89.500000000000014 0.94299773905047135 1.2974016851685504 80.411865258500015 1.0853669085000002 3.5000000000000004
decision_type=2 2 2 2 2 2 2 2 2 10 10 2 2 2
left_child=1 8 3 5 -5 -2 -6 -8 -1 -10 13 12 -12 -4
right_child=2 -3 10 4 6 -7 7 -9 9 -11 11 -13 -14 -15
leaf_value=0.00032241596311483582 0.001487961988583965 0.0024756597996385774 0.00035348708448099407 -0.0025089872291407861 -0.00017035194464104758 -0.0015464016429809048 -0.00062371949890475996 -0.0030362066029751365 0.00045348277687188085 -0.0014699835932454276 -0.0046763412362222688 0.0030805333748721133 -0.00014081639009431562 -4.9815600690949256e-05
leaf_weight=73390 4311 3983 181372 4840 55225 3352 7641 3241 3118 4585 4698 4317 3330 205345
leaf_count=73390 4311 3983 181372 4840 55225 3352 7641 3241 3118 4585 4698 4317 3330 205345
internal_value=2.1004e-05 0.000150915 -2.13527e-06 -0.000201933 -0.000281634 0.000535668 -0.000202422 -0.00074814 9.47311e-05 -0.000543915 3.72244e-05 -0.000468623 -0.00100585 5.33782e-05
internal_weight=562748 85076 477672 78610 70947 7663 66107 10882 81093 7703 399062 12345 8028 386717
internal_count=562748 85076 477672 78610 70947 7663 66107 10882 81093 7703 399062 12345 8028 386717
is_linear=0
shrinkage=0.05


Tree=239
num_leaves=15
num_cat=0
split_feature=0 2 0 7 6 2 7 3 7 4 8 7 8 7
split_gain=0.629315 0.696993 2.16757 1.98293 1.47194 1.35514 1.96942 1.82719 1.51572 2.33757 1.82259 4.12831 2.47916 2.68909
threshold=296.50000000000006 7.5000000000000009 273.50000000000006 1.0015239480000002 1.5000000000000002 4.5000000000000009 1.2173931765000001 -61.063381072999995 1.1404764035000001 0.87573228922345214 0.92000341650000006 0.87461235800000015 0.94225175350000012 0.93086742650000009
decision_type=2 2 2 2 2 2 2 2 2 10 2 2 2 2
left_child=1 2 5 4 -3 7 8 -1 10 -10 11 -7 -12 -14
right_child=-2 3 -4 -5 -6 6 -8 -9 9 -11 12 -13 13 -15
leaf_value=-0.0026399026494170683 -0.0016334719299232652 -7.52801551044826e-05 0.0022539919588267731 -0.00082585249466524981 0.00038974836074982084 -0.0014815294443883532 -0.0028766190741047015 0.00013128900882714191 0.0026755948049674658 -0.0012204621381748323 -0.002902563174742274 0.00060278696043324965 0.0013412530449459772 -0.0010524468226095318
leaf_weight=3486 4032 15199 26621 6656 3386 6642 3415 410333 4543 3333 3567 31959 5425 33963
leaf_count=3486 4032 15199 26621 6656 3386 6642 3415 410333 4543 3333 3567 31959 5425 33963
internal_value=2.25752e-05 2.7071e-05 3.92234e-05 -0.00022964 3.56375e-05 1.61151e-05 -0.000156512 5.48483e-05 -0.000111475 0.000550692 -0.000175451 7.38875e-05 -0.000399499 -0.000285076
internal_weight=562560 558528 533287 25241 18585 506666 92847 413819 89432 7876 81556 38601 42955 39388
internal_count=562560 558528 533287 25241 18585 506666 92847 413819 89432 7876 81556 38601 42955 39388
is_linear=0
shrinkage=0.05


Tree=240
num_leaves=15
num_cat=0
split_feature=5 0 2 7 7 3 7 7 7 5 3 7 9 0
split_gain=0.752617 0.553147 1.38189 1.83386 3.27262 3.90415 1.51662 2.54101 1.8189 1.33726 1.65429 1.63417 1.28137 1.59077
threshold=28.500000000000004 108.50000000000001 3.5000000000000004 1.2034202360000001 1.1404764035000001 -1.9622844534999999 1.0955940390000001 1.0717421425000002 1.0868259975000003 17.500000000000004 14.854474593500003 1.0758056275000001 69.500000000000014 159.50000000000003
decision_type=2 2 2 2 2 2 2 2 2 2 2 2 2 2
left_child=1 9 3 4 6 -6 7 -3 -9 10 -1 -11 13 -4
right_child=-2 2 12 -5 5 -7 -8 8 -10 11 -12 -13 -14 -15
leaf_value=-9.1693019722098809e-05 0.002973472900701447 0.00045249591395749998 -0.00033315243216996965 0.0074331028766383093 -0.0046804272930855238 0.00018819114624379468 0.0020389514689843637 -0.0027033742599008813 0.00050643818200636788 -0.00025573655621895876 0.0014371107370144179 -0.0033648793849830705 -0.00043097286281885126 0.00021463742572802805
leaf_weight=195414 4773 114451 22643 3421 3037 4428 11411 5922 3063 7305 7649 3628 75058 100382
leaf_count=195414 4773 114451 22643 3421 3037 4428 11411 5922 3063 7305 7649 3628 75058 100382
internal_value=2.02857e-05 1.49333e-05 5.42143e-05 0.000171078 0.000143553 -0.000875167 0.000199979 0.000148978 -0.000660456 -4.81773e-05 -1.91684e-05 -0.000586716 -3.17661e-05 6.75649e-05
internal_weight=562585 557812 343816 145733 142312 7465 134847 123436 8985 213996 203063 10933 198083 123025
internal_count=562585 557812 343816 145733 142312 7465 134847 123436 8985 213996 203063 10933 198083 123025
is_linear=0
shrinkage=0.05


Tree=241
num_leaves=15
num_cat=0
split_feature=9 3 7 1 7 5 4 7 7 3 7 4 7 3
split_gain=0.675536 1.64079 1.64462 1.29531 1.22155 1.3883 1.15101 1.14255 5.29248 1.55798 1.53323 1.9107 1.64063 1.41099
threshold=47.500000000000007 -59.685117477999988 0.98980171850000009 244.50000000000003 0.87940248500000007 5.5000000000000009 1.6309062025753771 0.96947225100000012 0.95676246650000007 2.2191198310000004 0.86522126300000013 0.6830666655532921 0.89684266700000015 -13.520697477999997
decision_type=2 2 2 2 2 2 10 2 2 2 2 8 2 2
left_child=1 2 -1 4 5 -3 7 8 9 10 11 -5 -12 -14
right_child=-2 3 -4 6 -6 -7 -8 -9 -10 -11 12 -13 13 -15
leaf_value=-2.0521150677443655e-05 -6.3348155534028843e-05 -0.0012294827416578832 -0.0020448181298780232 0.0015787055818046011 0.00043216752326101114 0.00011418603347712494 -0.0022145533789503513 0.00027358997307007615 -0.0034641745550819491 0.0020744115279180421 -0.0024599094632923252 -0.0011244563396056067 -0.0011643631664225692 0.00048606966926340966
leaf_weight=5268 312346 4215 3092 5722 123141 9508 3289 61536 5782 3027 5762 3037 3143 13600
leaf_count=5268 312346 4215 3092 5722 123141 9508 3289 61536 5782 3027 5762 3037 3143 13600
internal_value=1.75476e-05 7.878e-05 -0.000609683 0.000102599 0.000203918 -0.00024348 -2.95987e-05 2.21491e-07 -0.000207533 2.85019e-05 -7.64335e-05 0.000484653 -0.000294869 -4.43336e-05
internal_weight=562468 250122 8360 241762 136864 13723 104898 101609 40073 34291 31264 8759 22505 16743
internal_count=562468 250122 8360 241762 136864 13723 104898 101609 40073 34291 31264 8759 22505 16743
is_linear=0
shrinkage=0.05


Tree=242
num_leaves=15
num_cat=0
split_feature=4 7 7 7 3 6 2 9 9 4 4 7 2 2
split_gain=0.818936 1.74868 3.81719 5.63444 1.79429 2.06404 3.10179 2.53226 1.63557 1.39143 1.83226 1.15943 2.66346 2.99132
threshold=0.87137823428901429 1.0975312830000001 1.0532654330000002 1.0577672440000001 -37.774448573999997 1.0000000180025095e-35 1.5000000000000002 24.500000000000004 98.500000000000014 0.79092681674299614 0.70203057720979967 1.0034252615000001 3.5000000000000004 2.5000000000000004
decision_type=10 2 2 2 2 2 2 2 2 10 10 2 2 2
left_child=1 2 11 -4 -5 6 7 -6 9 10 -3 -1 13 -13
right_child=-2 8 3 4 5 -7 -8 -9 -10 -11 -12 12 -14 -15
leaf_value=6.4602085254352354e-05 -7.5485905626454281e-05 0.00021971092595268941 -0.0033045509795844225 0.0009541822357175396 -0.0029035228126225018 0.00052651586463329191 -0.0027239078024988272 0.0044437669889339079 0.0060528479886601027 -0.00051479648643948373 0.0024231390322556395 0.00085423279131103397 -0.00015802265851738842 0.0045552708965380202
leaf_weight=177466 282094 11096 3619 4977 3021 3877 5640 3065 3379 8128 8335 20539 19938 6596
leaf_count=177466 282094 11096 3619 4977 3021 3877 5640 3065 3379 8128 8335 20539 19938 6596
internal_value=2.42535e-05 8.48825e-05 4.07851e-05 -0.000555796 -0.000235608 -0.000499263 -0.000829852 -4.67903e-05 0.000439356 0.000311911 0.00054165 0.000105091 0.000325683 0.000648029
internal_weight=561770 279676 248738 24199 20580 15603 11726 6086 30938 27559 19431 224539 47073 27135
internal_count=561770 279676 248738 24199 20580 15603 11726 6086 30938 27559 19431 224539 47073 27135
is_linear=0
shrinkage=0.05


Tree=243
num_leaves=15
num_cat=0
split_feature=2 4 8 7 4 7 8 9 7 1 8 8 7 9
split_gain=0.672695 2.00421 1.95303 4.84129 4.38358 2.08945 2.5434 2.12528 1.59963 1.17355 1.55508 3.34356 2.66311 2.59855
threshold=1.0000000180025095e-35 1.4470807856695689 1.5188894705000002 1.0975312830000001 1.0382488075163663 1.0758056275000001 1.3854618275000001 91.500000000000014 1.1696815185000002 246.50000000000003 1.5257105520000003 1.2625560610000002 0.99721570550000005 31.500000000000004
decision_type=2 10 2 2 10 2 2 2 2 2 2 2 2 2
left_child=2 9 3 5 -4 6 7 -1 -5 -2 11 13 -13 -11
right_child=1 -3 4 8 -6 -7 -8 -9 -10 10 -12 12 -14 -15
leaf_value=0.00028628663953690381 5.8617614661632401e-05 -0.0035203491079929179 -0.0046487824779143814 0.004328253647308467 0.0018292477475971105 -0.002395944982397231 0.0045799139265378531 -0.0009618737422104651 0.0011595571445732597 0.00030607780872115111 0.001043075670196668 -0.0044798467505665161 -0.0011626405675765313 -0.0014967607785373398
leaf_weight=51686 428931 4651 4642 6148 3785 3694 4541 6085 4474 22527 5131 3534 7113 5973
leaf_count=51686 428931 4651 4642 6148 3785 3694 4541 6085 4474 22527 5131 3534 7113 5973
internal_value=1.96076e-05 -3.45279e-06 0.000149159 0.000228622 -0.000573114 6.91552e-05 0.000137683 4.80737e-05 0.00121906 6.70422e-06 -0.000238353 -0.00034564 -0.00110144 -6.31468e-05
internal_weight=562915 477860 85055 76628 8427 66006 62312 57771 10622 473209 44278 39147 10647 28500
internal_count=562915 477860 85055 76628 8427 66006 62312 57771 10622 473209 44278 39147 10647 28500
is_linear=0
shrinkage=0.05


Tree=244
num_leaves=15
num_cat=0
split_feature=2 3 8 8 8 8 4 8 3 4 8 8 2 8
split_gain=0.75225 1.55056 3.87259 1.61937 3.1656 2.91215 2.73021 4.47402 2.66385 1.84295 1.60764 6.46645 4.23777 3.45762
threshold=2.5000000000000004 -32.288740719499991 1.2307180285000003 0.84749956800000004 0.81209648550000013 0.91347224800000004 0.73748260423519241 0.75957389400000008 -14.937769704999999 1.0292318041480557 1.0717072835000001 1.1200188100000001 1.5000000000000002 1.0597897650000003
decision_type=2 2 2 2 2 2 10 2 2 8 2 2 2 2
left_child=1 2 -1 4 6 8 -3 -8 -5 -10 13 12 -12 -7
right_child=-2 3 -4 5 -6 10 7 -9 9 -11 11 -13 -14 -15
leaf_value=0.00023057331072146088 -8.1948217342442026e-05 0.0016244041777871234 -0.0027749179852174502 0.0010464520748594646 0.0047618495065138659 0.0003844074421877708 0.00086958713563088359 -0.0035572647494021116 -0.0033313441894660388 -0.00017993804984337054 -0.0007996780788657534 0.00029735838468538159 -0.0035227173717782808 0.0039218032517708114
leaf_weight=6245 296209 6304 3325 3046 4838 43396 4384 3105 6019 3014 12818 159700 6049 4168
leaf_count=6245 296209 6304 3325 3046 4838 43396 4384 3105 6019 3014 12818 159700 6049 4168
internal_value=7.64281e-06 6.86052e-05 -0.000556136 9.18937e-05 0.000540755 5.67765e-05 0.000154551 -0.000490726 -0.000699479 -0.0011305 9.71872e-05 2.8378e-05 -0.000846889 0.000355484
internal_weight=562620 266411 9570 256841 18631 238210 13793 7489 12079 9033 226131 178567 18867 47564
internal_count=562620 266411 9570 256841 18631 238210 13793 7489 12079 9033 226131 178567 18867 47564
is_linear=0
shrinkage=0.05


Tree=245
num_leaves=15
num_cat=0
split_feature=9 8 8 8 0 4 2 8 7 7 7 9 7 2
split_gain=0.798573 1.46335 3.93404 2.08221 2.20893 2.62398 2.41344 1.53136 1.21784 3.73622 3.12964 3.83157 2.78397 1.48543
threshold=102.50000000000001 0.85329468650000007 0.79747702750000016 1.1006292565000002 166.50000000000003 0.81322486792239368 2.5000000000000004 1.1248274725000003 1.0119935265000002 1.0229662150000003 0.96947225100000012 117.50000000000001 0.95582774950000016 2.5000000000000004
decision_type=2 2 2 2 2 10 2 2 2 2 2 2 2 2
left_child=-1 2 -2 4 -3 -6 -7 -5 10 -10 12 -12 -9 -11
right_child=1 3 -4 7 5 6 -8 8 9 13 11 -13 -14 -15
leaf_value=8.745014954674967e-05 0.00019111866444686916 -0.0006727009329700784 -0.0047126156183298473 -0.0018699640248722488 0.0040145949428188063 0.0028198362185422746 -0.00043346655728828087 3.8813650306905808e-05 -0.0034580093730281407 0.00042304757772316387 -0.00087151245787144081 0.0032939736476063708 -0.0024004493193194409 -0.0011908462698770131
leaf_weight=469521 5122 5124 3121 3634 5744 4061 9683 8152 3152 15891 4031 7705 3093 14707
leaf_count=469521 5122 5124 3121 3634 5744 4061 9683 8152 3152 15891 4031 7705 3093 14707
internal_value=2.47937e-05 -0.000108876 -0.000744726 -4.7157e-05 0.000340415 0.000583286 0.000208015 -0.000205193 -0.0001414 -0.000332543 0.000139324 0.000710331 -0.000456667 -0.000163546
internal_weight=562741 93220 8243 84977 24612 19488 13744 60365 56731 33750 22981 11736 11245 30598
internal_count=562741 93220 8243 84977 24612 19488 13744 60365 56731 33750 22981 11736 11245 30598
is_linear=0
shrinkage=0.05


Tree=246
num_leaves=15
num_cat=0
split_feature=0 8 8 8 7 7 7 7 0 7 7 9 7 7
split_gain=0.501279 0.465224 4.1279 3.53158 2.57042 6.07964 3.40517 3.9976 2.0347 2.68832 3.16536 1.96 1.88121 4.24573
threshold=296.50000000000006 1.2696406140000003 1.2767546560000003 1.2273597760000001 1.0806154645000003 1.0139059385000002 0.99341272550000015 0.96753371150000012 54.500000000000007 1.1376243515000002 1.1838380120000003 99.500000000000014 0.94139884600000012 0.96162705850000008
decision_type=2 2 2 2 2 2 2 2 2 2 2 2 2 2
left_child=1 3 -3 -1 5 6 7 -5 9 -4 -11 12 -10 -14
right_child=-2 2 8 4 -6 -7 -8 -9 11 10 -12 -13 13 -15
leaf_value=3.1528729933997313e-05 -0.0016811624294933332 0.0037202530108020001 -0.0010907702315325824 -0.0028596201137911347 -0.0034446715906189928 0.0020735772502219626 -0.0033715853663736787 0.0036099090071427045 -0.0017896577101240289 0.0038518964338397112 -0.00095654389101967148 -0.00036585457825512064 0.0056987476940700303 0.00058604736578691315
leaf_weight=358458 3963 4374 28180 6442 5149 7663 3958 3497 5060 3744 4558 39047 4555 83588
leaf_count=358458 3963 4374 28180 6442 5149 7663 3958 3497 5060 3744 4558 39047 4555 83588
internal_value=7.45239e-06 1.14325e-05 7.95155e-05 -1.91667e-05 -0.000573763 -0.000333874 -0.000957236 -0.000462842 4.01809e-05 -0.000290377 0.000500181 0.000131375 0.00025596 0.000309792
internal_weight=562236 558273 173106 385167 26709 21560 13897 9939 168732 36482 8302 132250 93203 88143
internal_count=562236 558273 173106 385167 26709 21560 13897 9939 168732 36482 8302 132250 93203 88143
is_linear=0
shrinkage=0.05


Tree=247
num_leaves=15
num_cat=0
split_feature=4 2 8 8 8 0 8 8 8 3 8 0 0 4
split_gain=0.790107 1.70702 1.84273 4.20109 3.08364 5.62187 4.94069 3.21567 3.13081 2.30318 2.02724 1.81931 1.96446 3.80043
threshold=0.87137823428901429 7.5000000000000009 0.89494942300000013 0.81209648550000013 0.97202102300000015 239.50000000000003 0.95512985650000004 0.91347224800000004 1.0238803150000002 -5.2352800124999996 1.0332562620000003 265.50000000000006 94.500000000000014 0.98546653314373411
decision_type=8 2 2 2 2 2 2 2 2 2 2 2 2 10
left_child=-1 2 3 11 5 6 7 -4 -6 -5 -10 12 -2 -14
right_child=1 -3 4 9 8 -7 -8 -9 10 -11 -12 -13 13 -15
leaf_value=0.00012905855805687551 0.00093972383043800119 -0.00064371635408696029 -0.004991206921796212 0.0060637850670525904 0.0013849335386212657 0.0022922928396313072 -0.0049266581847078779 -0.00013863587088338382 -0.0025534268077456205 0.0013798491502751452 -9.0999651964906582e-05 0.0014748802728082972 -0.00014734035884629205 -0.0049085372890949755
leaf_weight=278089 3530 9153 3324 5550 17118 6809 3461 8106 3141 10088 200066 6350 4673 3068
leaf_count=278089 3530 9153 3324 5550 17118 6809 3461 8106 3141 10088 200066 6350 4673 3068
internal_value=2.39365e-05 -3.46555e-05 -1.23143e-05 0.000336625 -6.02714e-05 -0.000628887 -0.00117297 -0.000671185 -4.25492e-06 0.000933005 -5.89654e-05 -0.000192755 -0.000574007 -0.00101956
internal_weight=562526 284437 275284 33259 242025 21700 14891 11430 220325 15638 203207 17621 11271 7741
internal_count=562526 284437 275284 33259 242025 21700 14891 11430 220325 15638 203207 17621 11271 7741
is_linear=0
shrinkage=0.05


Tree=248
num_leaves=15
num_cat=0
split_feature=2 3 8 1 3 2 8 5 1 1 9 3 5 8
split_gain=0.830294 1.87131 1.39745 1.31945 2.70345 1.76496 1.36176 1.34346 1.19113 1.61166 1.68313 1.72886 1.71345 1.47231
threshold=4.5000000000000009 -62.622278308999995 0.71837815000000005 24.500000000000004 -7.1473281259999988 8.5000000000000018 0.83068035600000012 16.500000000000004 18.500000000000004 84.500000000000014 51.500000000000007 -36.747343825499989 18.500000000000004 1.3854618275000001
decision_type=2 2 2 2 2 2 2 2 2 2 2 2 2 2
left_child=1 -1 -3 5 7 -2 -6 -5 -4 10 -10 -12 -13 -11
right_child=3 2 8 4 6 -7 -8 -9 9 13 11 12 -14 -15
leaf_value=-0.0031802896934708192 0.0013101354358406843 0.0014160928232467814 -0.0033148944164651537 -7.0288796468336361e-06 -0.0037091785617759591 -0.0003397608809180967 -0.0013914667928154321 -0.0020373138130953903 0.0038076753348393216 -8.8627074918904065e-05 0.0032466491426001165 -0.00032439478158814705 0.0027351307114990933 0.00048587123227398734
leaf_weight=3001 27255 8108 3237 85899 3650 4529 15787 5533 8885 271456 3709 24600 8964 87749
leaf_count=3001 27255 8108 3237 85899 3650 4529 15787 5533 8885 271456 3709 24600 8964 87749
internal_value=1.0856e-05 4.62756e-05 5.52419e-05 -9.33526e-05 -0.00017477 0.000190632 -0.000710189 -6.09162e-05 4.23392e-05 4.99732e-05 0.000328077 0.000180603 6.73241e-05 1.42327e-05
internal_weight=562362 419709 416708 142653 110869 31784 19437 91432 408600 405363 46158 37273 33564 359205
internal_count=562362 419709 416708 142653 110869 31784 19437 91432 408600 405363 46158 37273 33564 359205
is_linear=0
shrinkage=0.05


Tree=249
num_leaves=15
num_cat=0
split_feature=2 8 7 8 7 7 8 4 0 0 8 8 7 9
split_gain=0.553228 1.73525 2.34362 1.96686 1.5827 2.6695 1.47997 5.211 4.48828 1.71205 3.11919 4.6903 2.74185 1.68655
threshold=3.5000000000000004 1.4806902235000001 1.0704542910000001 1.5819894255000002 1.0615921520000002 1.0517158975000003 1.2273597760000001 0.73748260423519241 230.50000000000003 173.50000000000003 1.0000157240000003 0.94585147200000008 0.97938431100000012 66.500000000000014
decision_type=2 2 2 2 2 2 2 10 2 2 2 2 2 2
left_child=-1 4 -3 -4 5 6 9 -8 13 10 11 -2 -12 -9
right_child=1 2 3 -5 -6 -7 7 8 -10 -11 12 -13 -14 -15
leaf_value=0.00013587835768205444 -0.0002658965806971612 -0.0057544874891914191 -0.0017102524120618653 0.0019196805324544328 0.00047685310169227581 -0.0025664626699900234 0.0033997800060685326 -0.0023413009564780883 0.00037397799703680549 0.00013866702679768246 -0.00027672666553027529 0.00433418205380283 -0.0030371133090285984 -0.0052133997207011746
leaf_weight=349730 16396 3067 3001 3354 50219 4996 3047 3417 5233 102162 5844 3909 5051 3005
leaf_count=349730 16396 3067 3001 3354 50219 4996 3047 3417 5233 102162 5844 3909 5051 3005
internal_value=2.71632e-05 -3.64234e-05 -0.000699586 -0.000151336 -5.66934e-06 -8.55845e-05 -4.72077e-05 -0.00052322 -0.0010045 5.28623e-06 -0.000318859 4.73905e-05 -0.00100115 -0.00188968
internal_weight=562431 212701 9422 6355 203279 153060 148064 14702 11655 133362 31200 20305 10895 6422
internal_count=562431 212701 9422 6355 203279 153060 148064 14702 11655 133362 31200 20305 10895 6422
is_linear=0
shrinkage=0.05


Tree=250
num_leaves=15
num_cat=0
split_feature=2 8 0 4 0 0 0 0 9 4 7 8 8 7
split_gain=0.702495 0.998542 1.15303 1.29966 1.11263 0.951744 1.03282 0.887007 1.08922 0.833417 2.00403 2.9543 3.99508 2.8512
threshold=5.5000000000000009 0.75311778800000007 278.50000000000006 1.0679294538569084 242.50000000000003 288.50000000000006 254.50000000000003 219.50000000000003 32.500000000000007 0.8821072412912031 1.0975312830000001 1.0693809175000002 1.2526697190000002 1.0532654330000002
decision_type=2 2 2 10 2 2 2 2 2 8 2 2 2 2
left_child=5 4 3 -3 7 6 9 8 -2 10 13 -12 -13 -1
right_child=1 2 -4 -5 -6 -7 -8 -9 -10 -11 11 12 -14 -15
leaf_value=0.0001840965121073148 -0.00021621299690200563 -0.0003460736907935219 0.00027316525554500282 -0.0046330153535469685 -9.5747094269898979e-05 -0.0034043251651351123 0.0014234615106277805 0.0007152969708363818 0.00047023044068310961 -8.6419429879703747e-05 0.0053931386892856828 -0.0026616433254527463 0.0018833710243483107 -0.0011157399283657804
leaf_weight=183796 3513 43575 14026 3088 18118 3858 26363 3589 3703 213142 3477 5155 17602 19535
leaf_count=183796 3513 43575 14026 3088 18118 3858 26363 3589 3703 213142 3477 5155 17602 19535
internal_value=1.82208e-05 -0.000110135 -0.000225352 -0.000344829 0.00013162 4.25431e-05 4.89794e-05 0.000533071 0.000213267 3.08723e-05 9.69748e-05 0.000508213 0.000300611 4.39052e-05
internal_weight=562540 89612 60689 46663 28923 472928 469070 10805 7216 442707 229565 26234 22757 203331
internal_count=562540 89612 60689 46663 28923 472928 469070 10805 7216 442707 229565 26234 22757 203331
is_linear=0
shrinkage=0.05


Tree=251
num_leaves=15
num_cat=0
split_feature=9 3 4 0 3 4 2 3 5 2 3 0 5 3
split_gain=0.574349 1.04214 2.63681 1.35235 1.54618 1.10865 1.12813 3.28271 1.45782 0.864753 2.56132 3.00469 1.54416 1.42374
threshold=94.500000000000014 51.186116818000009 1.1733657718391182 129.50000000000003 -3.7723128614999997 0.70203057720979967 1.5000000000000002 -15.433392116499999 10.500000000000002 4.5000000000000009 -56.046432307999993 110.50000000000001 17.500000000000004 -42.779155539499989
decision_type=2 2 10 2 2 10 2 2 2 2 2 2 2 2
left_child=9 2 3 4 -2 -5 7 -7 -9 10 -1 12 -12 -13
right_child=1 -3 -4 5 -6 6 -8 8 -10 -11 11 13 -14 -15
leaf_value=-0.0028582964065971004 -0.00014837991029344975 -0.0024808387307908666 0.001858200944159089 0.00078298740221156588 -0.0026728950178529099 0.0032841410965141027 -0.00043002605566312371 0.0011243484516975505 -0.00098270008624593312 -8.0866669900845199e-05 4.1413501071548841e-05 0.0028958269921300797 -0.0012725831247555849 0.00081426882326097376
leaf_weight=3022 6057 5140 8410 8676 4093 3390 69403 3736 7227 119981 198220 7848 11039 106777
leaf_count=3022 6057 5140 8410 8676 4093 3390 69403 3736 7227 119981 198220 7848 11039 106777
internal_value=2.69927e-05 -7.207e-05 -3.98208e-05 -0.000109614 -0.000657312 -4.9439e-05 -0.00010518 0.000298266 -0.000122401 5.27365e-05 9.4873e-05 0.000108401 -4.31267e-06 0.000314163
internal_weight=563019 116132 110992 102582 10150 92432 83756 14353 10963 446887 326906 323884 209259 114625
internal_count=563019 116132 110992 102582 10150 92432 83756 14353 10963 446887 326906 323884 209259 114625
is_linear=0
shrinkage=0.05


Tree=252
num_leaves=15
num_cat=0
split_feature=8 8 7 8 7 7 8 8 3 3 8 8 2 7
split_gain=0.616577 2.08174 2.60888 1.79689 4.47231 1.23333 2.30897 2.13958 1.79964 2.48409 3.9987 3.36295 1.71912 1.7446
threshold=1.0298537230000002 1.0395400325000002 0.97938431100000012 1.011680608 0.93676478250000017 1.0380891340000002 1.0030307885000003 0.98604826500000009 -10.894448902499999 3.5618966470000006 0.85329468650000007 0.81209648550000013 3.5000000000000004 0.96076820850000011
decision_type=2 2 2 2 2 2 2 2 2 2 2 2 2 2
left_child=3 2 -2 5 -5 6 7 8 -1 10 11 -10 13 -9
right_child=1 -3 -4 4 -6 -7 -8 12 9 -11 -12 -13 -14 -15
leaf_value=9.0995521478822139e-05 -0.0024356603662033065 -2.2325135520851167e-05 1.8038981617737026e-06 -0.0009157319455841607 0.0027244100968254218 0.00056890346488877466 -0.0022504488757892896 0.0039649574173643452 -0.00073524491896520246 0.000320319300120006 -0.0024724030595848524 0.0025872939894468401 -0.00012308728169429248 0.00049284484875863335
leaf_weight=97797 3015 344880 3687 5182 8205 30683 5081 4605 10118 19168 16914 3868 5651 3840
leaf_count=97797 3015 344880 3687 5182 8205 30683 5081 4605 10118 19168 16914 3868 5651 3840
internal_value=1.17026e-05 -2.88548e-05 -0.000901297 7.92452e-05 0.000639748 4.12811e-05 -1.2242e-05 2.06989e-05 -3.54196e-05 -0.000279192 -0.000556544 6.8973e-05 0.000609177 0.00106065
internal_weight=562694 351582 6702 211112 13387 197725 167042 161961 147865 50068 30900 13986 14096 8445
internal_count=562694 351582 6702 211112 13387 197725 167042 161961 147865 50068 30900 13986 14096 8445
is_linear=0
shrinkage=0.05


Tree=253
num_leaves=15
num_cat=0
split_feature=2 3 7 7 2 7 7 3 7 7 2 7 4 4
split_gain=0.683419 1.55902 1.86119 4.64471 3.1887 1.88484 3.8071 3.09206 2.69468 2.93253 2.84114 2.11368 7.18826 2.05904
threshold=2.5000000000000004 19.109172210500002 1.1169060805000004 1.0975312830000001 1.5000000000000002 1.0043877545000004 1.0093846440000001 4.4685571675000011 0.97547185450000018 0.95676246650000007 1.0000000180025095e-35 1.0210106120000002 0.79554847770916182 0.91228947512748337
decision_type=2 2 2 2 2 2 2 2 2 2 2 2 10 10
left_child=1 2 3 5 -4 7 -7 8 9 -1 -11 12 -8 -12
right_child=-2 -3 4 -5 -6 6 11 -9 -10 10 13 -13 -14 -15
leaf_value=0.00011594438653093368 -3.8762470827908636e-05 0.001257645117214984 -0.0001235216768957547 0.0033068702363474689 -0.0030335121129182073 -0.0043847632893088536 -0.0016521047770362092 0.0017445295824819495 0.0010455882062585821 -0.0033003531645108873 0.00045050950339882055 -0.0003824599169075529 0.0039482062691419849 -0.0028820477857342966
leaf_weight=76884 295882 22969 16645 8266 5705 4471 4034 15686 27662 4804 8616 59797 7611 3392
leaf_count=76884 295882 22969 16645 8266 5705 4471 4034 15686 27662 4804 8616 59797 7611 3392
internal_value=2.57989e-05 8.3869e-05 4.67305e-05 9.06644e-05 -0.000388056 4.55129e-05 -0.000154344 0.000156222 7.08207e-05 -5.72032e-05 -0.000655289 -6.5713e-05 0.000550429 -0.000243902
internal_weight=562424 266542 243573 221223 22350 212957 75913 137044 121358 93696 16812 71442 11645 12008
internal_count=562424 266542 243573 221223 22350 212957 75913 137044 121358 93696 16812 71442 11645 12008
is_linear=0
shrinkage=0.05


Tree=254
num_leaves=15
num_cat=0
split_feature=8 4 8 9 8 4 8 8 4 9 9 8 8 8
split_gain=0.679139 1.62646 1.34789 2.05849 1.47663 1.7738 1.2632 1.63747 1.98535 2.5891 1.45047 1.39917 1.37896 4.13865
threshold=1.7872796020000001 1.0610282895641527 1.7038210695000002 56.500000000000007 1.6562899470000001 0.94066563153759264 1.5109388625000002 1.5304599295000003 0.79319409141496344 39.500000000000007 56.500000000000007 1.5440901695000002 1.3854618275000001 1.3953363945000004
decision_type=2 8 2 2 2 8 2 2 10 2 2 2 2 2
left_child=2 -2 4 -4 6 -6 12 10 9 -9 -8 -10 -1 -14
right_child=1 -3 3 -5 5 -7 7 8 11 -11 -12 -13 13 -15
leaf_value=1.4415468784360861e-05 0.002606974194996324 -0.00092833570627203442 0.0009222276418619571 -0.0035110263840404353 0.0073036373597078 -0.00016373405768506681 -0.0007622386812199337 0.00012811621213072936 0.0033290324148498723 -0.0032577951623265684 -0.0036767250243892173 -0.00010582605280128292 0.0030888988026030696 0.00036638270514561221
leaf_weight=456449 4950 3226 3024 3442 3322 3004 3208 3469 3146 3043 3606 18279 4305 45939
leaf_count=456449 4950 3226 3024 3442 3322 3004 3208 3469 3146 3043 3606 18279 4305 45939
internal_value=2.32568e-05 0.000475492 1.65813e-05 -0.000700819 2.5056e-05 0.000784236 1.61789e-05 -0.00027542 -0.000105844 -0.000870032 -0.000970084 0.000126575 3.61804e-05 0.000284782
internal_weight=562412 8176 554236 6466 547770 6326 541444 34751 27937 6512 6814 21425 506693 50244
internal_count=562412 8176 554236 6466 547770 6326 541444 34751 27937 6512 6814 21425 506693 50244
is_linear=0
shrinkage=0.05


Tree=255
num_leaves=15
num_cat=0
split_feature=0 2 0 9 5 8 8 9 7 5 2 5 2 8
split_gain=0.657219 0.589799 1.45614 2.21661 2.15541 1.24591 1.64139 1.25126 2.31893 1.31503 2.06459 1.14554 2.0676 2.93923
threshold=296.50000000000006 6.5000000000000009 237.50000000000003 18.500000000000004 13.500000000000002 1.0565169650000001 1.1031958775000004 52.500000000000007 0.99812166050000017 16.500000000000004 4.5000000000000009 11.500000000000002 4.5000000000000009 1.0800921625000002
decision_type=2 2 2 2 2 2 2 2 2 2 2 2 2 2
left_child=1 2 11 4 -4 -5 -7 -8 -9 10 -10 -1 -13 -14
right_child=-2 -3 3 5 -6 6 7 8 9 -11 -12 12 13 -15
leaf_value=0.00012712291349730047 -0.0018444455363369001 -0.00011478688232675335 -0.0036385969458307167 0.002408505665207315 0.0023194457647768589 -0.0032033710668236933 0.0028840815821198347 0.0031564582429482128 -0.0021445061926497178 0.0015608115135916686 0.00081971527244302999 -0.00012331591660981665 -0.00036659287530961104 -0.0048433337487829298
leaf_weight=313664 3998 49780 3367 27205 3000 4696 5779 6026 5742 7837 3652 117446 7154 3140
leaf_count=313664 3998 49780 3367 27205 3000 4696 5779 6026 5742 7837 3652 117446 7154 3140
internal_value=2.50938e-05 2.96692e-05 4.57429e-05 0.000262372 -0.000625 0.000355133 0.000152059 0.000292345 0.000128643 -0.000166657 -0.000565486 1.27094e-05 -0.000113507 -0.000792795
internal_weight=562486 558488 508708 67304 6367 60937 33732 29036 23257 17231 9394 441404 127740 10294
internal_count=562486 558488 508708 67304 6367 60937 33732 29036 23257 17231 9394 441404 127740 10294
is_linear=0
shrinkage=0.05


Tree=256
num_leaves=15
num_cat=0
split_feature=2 3 1 9 7 7 7 7 7 4 3 7 7 3
split_gain=0.588012 1.51307 1.48318 2.52947 2.77323 6.0102 2.69661 3.04739 3.53505 3.02626 2.47993 5.69933 4.4912 3.14577
threshold=2.5000000000000004 -37.252380454499992 227.50000000000003 48.500000000000007 1.1404764035000001 1.1890070005000004 1.0920042035000004 1.0000005915000003 0.99064233700000004 0.78640653961392903 -1.9622844534999999 1.0445623020000003 1.0717421425000002 18.316596429500006
decision_type=2 2 2 2 2 2 2 2 2 10 2 2 2 2
left_child=1 -1 3 -3 6 -6 7 8 -5 -9 -11 13 -13 -12
right_child=-2 2 -4 4 5 -7 -8 9 -10 10 11 12 -14 -15
leaf_value=-0.0010769036006644495 -6.749924073627381e-05 0.00221679518194348 -6.1479336085051294e-05 0.00039848272634890151 -0.0038732340015833443 0.0018064587425481865 0.0023108149659889993 -0.0028544259235348656 0.0047169767656529416 0.0011022178029821519 -0.0028649988764695429 0.0034774711205069228 -0.0020051974733869566 -0.0003374250843719919
leaf_weight=5319 295694 16007 134230 50526 3949 3064 9539 3576 4618 13909 7430 5875 3708 4163
leaf_count=5319 295694 16007 134230 50526 3949 3064 9539 3576 4618 13909 7430 5875 3708 4163
internal_value=9.91349e-06 6.38637e-05 8.09098e-05 0.000203848 0.000118632 -0.000843189 0.00018394 0.000102468 0.000341076 -0.00023787 -9.65374e-05 -0.000437184 0.000464904 -0.00118275
internal_weight=561607 265913 260594 126364 110357 7013 103344 93805 55144 38661 35085 21176 9583 11593
internal_count=561607 265913 260594 126364 110357 7013 103344 93805 55144 38661 35085 21176 9583 11593
is_linear=0
shrinkage=0.05


Tree=257
num_leaves=15
num_cat=0
split_feature=7 7 7 0 2 3 5 3 0 9 2 4 9 5
split_gain=0.467635 3.9895 1.93105 1.80354 1.42645 1.37009 1.36619 1.23337 1.20051 2.49797 2.19368 1.67821 1.64776 2.63564
threshold=0.99064233700000004 0.99721570550000005 0.98762838700000011 156.50000000000003 7.5000000000000009 -64.252977838999996 11.500000000000002 4.7862914155 170.50000000000003 70.500000000000014 1.0000000180025095e-35 1.0645196979128573 81.500000000000014 17.500000000000004
decision_type=2 2 2 2 2 2 2 2 2 2 2 10 2 2
left_child=2 7 -1 -4 5 -3 -7 -2 10 -10 11 -8 13 -12
right_child=1 4 3 -5 -6 6 8 -9 9 -11 12 -13 -14 -15
leaf_value=2.7012533823565296e-05 0.0012372226405462823 -0.0013827021598817675 -0.0023941227331704734 7.6347835216486622e-05 -0.00051459332901490011 0.00038340632840914263 -0.00067668563456933306 0.006243238059168656 0.0018157009325576777 -0.00055553869410385919 -0.0010769525776892228 0.00097672791391580885 0.00022982158964194433 -0.0049792273550638864
leaf_weight=256533 12235 3887 3606 3076 7885 164828 5596 3188 23192 34500 19749 10286 9497 4227
leaf_count=256533 12235 3887 3606 3076 7885 164828 5596 3188 23192 34500 19749 10286 9497 4227
internal_value=4.32384e-05 8.60153e-05 -5.36617e-06 -0.000844175 4.34248e-05 6.23897e-05 7.57228e-05 0.000869037 -6.3357e-05 9.15126e-05 -0.000244378 0.000239504 -0.000473968 -0.000694717
internal_weight=562285 299070 263215 6682 283647 275762 271875 15423 107047 57692 49355 15882 33473 23976
internal_count=562285 299070 263215 6682 283647 275762 271875 15423 107047 57692 49355 15882 33473 23976
is_linear=0
shrinkage=0.05


Tree=258
num_leaves=15
num_cat=0
split_feature=9 2 8 3 8 8 8 4 9 8 1 9 8 8
split_gain=0.48363 0.629607 2.09955 1.62402 1.22335 4.09807 2.33794 1.79535 1.51615 1.11682 2.1228 1.70034 0.969543 2.57889
threshold=4.5000000000000009 1.0000000180025095e-35 1.6454317845000002 20.738182206000001 1.1570413390000003 1.1051875755000002 1.1877000845000001 0.72482102189948627 22.500000000000004 1.3389442755000003 236.50000000000003 56.500000000000007 1.7872796020000001 1.7230644500000003
decision_type=2 2 2 2 2 2 2 10 2 2 2 2 2 2
left_child=-1 2 3 4 5 -2 -6 -8 -9 11 -11 -10 13 -3
right_child=1 12 -4 -5 6 -7 7 8 9 10 -12 -13 -14 -15
leaf_value=-0.00039519198818096791 0.00038140560911885461 1.095828974055079e-05 -0.0031506314170194985 0.0023211274628891234 0.0029417153134355008 -0.0017474176380984367 -0.0008965916183492136 -0.001296959747267419 0.0018648864781193545 0.0049515126153821159 0.00095290082251618712 -0.0005060116759027242 0.001462115000056499 -0.0044145396939183233
leaf_weight=16016 30257 460645 3165 3208 3767 5988 7881 5617 3719 3689 5198 3003 7098 3436
leaf_count=16016 30257 460645 3165 3208 3767 5988 7881 5617 3719 3689 5198 3003 7098 3436
internal_value=1.73586e-05 2.52938e-05 0.000159344 0.000214532 0.000163438 -3.68965e-05 0.000384288 0.000232464 0.000471716 0.000725151 0.00109284 0.000238591 3.81492e-06 -5.05826e-06
internal_weight=562687 546671 75492 72327 69119 36245 32874 29107 21226 15609 8887 6722 471179 464081
internal_count=562687 546671 75492 72327 69119 36245 32874 29107 21226 15609 8887 6722 471179 464081
is_linear=0
shrinkage=0.05


Tree=259
num_leaves=15
num_cat=0
split_feature=8 4 8 8 8 3 8 8 2 1 9 5 8 8
split_gain=0.707807 0.90185 0.776532 2.41214 1.21877 2.86951 2.73118 2.63732 2.28196 2.20107 2.83783 2.63286 2.20969 1.99045
threshold=1.7872796020000001 1.0610282895641527 1.0238803150000002 1.0180504000000001 1.1398697200000003 -33.523568041999994 1.1651315660000001 1.0472239105000003 1.5000000000000002 136.50000000000003 40.500000000000007 6.5000000000000009 1.0565169650000001 1.0917562905000002
decision_type=2 8 2 2 2 2 2 2 2 2 2 2 2 2
left_child=2 -2 3 -1 5 7 -6 -4 -7 11 -11 -10 -12 -13
right_child=1 -3 4 -5 6 8 -8 -9 9 10 12 13 -14 -15
leaf_value=9.1472356417708384e-05 0.0021449772224478819 -0.0004508058115380248 -0.0010426032210911645 0.0022882049201302748 0.0012209488929029607 6.4387458427143623e-05 -4.3603902540420231e-05 0.0022656386120483421 -0.0039342154940518381 -0.0003184447227296941 -0.0049294563718049259 0.0013409484425093749 -0.0019331361625736466 -0.0015778897977632312
leaf_weight=202171 4938 3248 3255 4485 19810 29528 239029 10558 3012 8207 3445 13064 9220 8632
leaf_count=202171 4938 3248 3255 4485 19810 29528 239029 10558 3012 8207 3445 13064 9220 8632
internal_value=2.26713e-05 0.000484068 1.58544e-05 9.26155e-05 -2.97614e-05 -0.000189455 2.51021e-05 0.000472753 -0.000311264 -0.00053307 -0.00091105 -0.000213653 -0.00138023 -2.11971e-05
internal_weight=562602 8186 554416 206656 347760 88921 258839 13813 75108 45580 20872 24708 12665 21696
internal_count=562602 8186 554416 206656 347760 88921 258839 13813 75108 45580 20872 24708 12665 21696
is_linear=0
shrinkage=0.05


Tree=260
num_leaves=15
num_cat=0
split_feature=4 7 7 7 7 8 7 8 8 7 2 8 8 8
split_gain=0.653407 2.29213 2.31557 1.48168 1.70258 6.19245 5.56249 4.73898 4.03074 3.67433 3.96667 3.57763 6.52778 3.51668
threshold=0.86918173052898495 1.1404764035000001 1.1261191455000001 1.1048457445000002 1.0532654330000002 1.5369512295000003 1.0577672440000001 1.3424221355000003 1.3150656785000001 1.0171569100000002 3.5000000000000004 1.5188894705000002 1.3953363945000004 1.1848506720000003
decision_type=8 2 2 2 2 2 2 2 2 2 2 2 2 2
left_child=1 2 3 4 5 7 -6 8 9 13 -11 12 -8 -1
right_child=-2 -3 -4 -5 6 -7 11 -9 -10 10 -12 -13 -14 -15
leaf_value=0.00010814151280850521 -9.3623570254634374e-05 0.0013923359067209398 -0.0017894081539130816 0.0026230611193421949 -0.0033116167692710495 -0.0027716111781288691 9.6790179212293795e-05 0.0025317954182829932 -0.0022167103804850426 0.0035140077786040922 3.105592082276196e-05 0.0025717685649924993 -0.0052313527605935013 -0.0013033791731672534
leaf_weight=149293 286277 16213 3543 7833 3531 5232 15923 18624 4273 10586 11545 4033 3002 22196
leaf_count=149293 286277 16213 3543 7833 3531 5232 15923 18624 4273 10586 11545 4033 3002 22196
internal_value=1.16704e-05 6.65895e-05 3.05641e-05 4.81401e-05 2.67682e-05 7.20281e-05 -0.000352061 0.000113118 4.13471e-05 7.48871e-05 0.00068113 -6.77176e-05 -0.000355916 -3.3674e-06
internal_weight=562104 275827 259614 256071 248238 221749 26489 216517 197893 193620 22131 22958 18925 171489
internal_count=562104 275827 259614 256071 248238 221749 26489 216517 197893 193620 22131 22958 18925 171489
is_linear=0
shrinkage=0.05


Tree=261
num_leaves=15
num_cat=0
split_feature=8 7 8 7 8 4 7 4 3 1 7 7 7 8
split_gain=0.66558 1.28642 1.13927 2.12334 1.34931 2.36728 1.00263 1.85834 2.66322 2.51913 1.64599 0.85682 2.25717 1.16499
threshold=1.7872796020000001 1.1121899600000003 1.7038210695000002 1.1145767585000004 1.6562899470000001 0.94066563153759264 1.2173931765000001 0.81322486792239368 -1.6478327259999996 106.50000000000001 1.2034202360000001 1.1838380120000003 1.1735741435000002 1.4749027730000002
decision_type=2 2 2 2 2 8 2 10 2 2 2 2 2 2
left_child=2 -2 4 -4 6 -6 10 -8 -9 -10 11 12 13 -1
right_child=1 -3 3 -5 5 -7 7 8 9 -11 -12 -13 -14 -15
leaf_value=6.2193698037865173e-05 0.0047570133078243641 -0.00010463563804595776 0.00084043847785803352 -0.004037081998590035 0.0070091445684661319 -0.00062989025057617713 0.0010762792603094134 -0.005318143490472528 0.0046701209930846308 -0.0021981074458893371 0.0043301313847992342 -0.0012462291072015798 0.0031404924543856345 -0.00044640683618293566
leaf_weight=472609 3156 4964 3298 3002 3265 3010 3008 3084 3013 4409 3569 5195 3650 42029
leaf_count=472609 3156 4964 3298 3002 3265 3010 3008 3084 3013 4409 3569 5195 3650 42029
internal_value=2.45918e-05 0.000473846 1.79926e-05 -0.000650277 2.56974e-05 0.000754379 1.72318e-05 -0.000407944 -0.000721625 -0.000208025 2.81374e-05 2.08363e-05 2.72433e-05 1.84497e-05
internal_weight=561261 8120 553141 6300 546841 6275 540566 13514 10506 7422 527052 523483 518288 514638
internal_count=561261 8120 553141 6300 546841 6275 540566 13514 10506 7422 527052 523483 518288 514638
is_linear=0
shrinkage=0.05


Tree=262
num_leaves=15
num_cat=0
split_feature=8 8 8 4 7 7 7 0 7 7 7 7 8 7
split_gain=0.693917 3.80555 2.81115 2.17767 5.57421 4.05715 4.89821 2.054 2.47841 2.51141 2.12941 2.56731 2.86916 6.60627
threshold=1.2696406140000003 1.2767546560000003 1.2273597760000001 1.0382488075163663 1.0806154645000003 1.0139059385000002 0.99341272550000015 54.500000000000007 1.1340954020000003 1.1735741435000002 1.0758056275000001 0.98040150950000016 1.4317677005000002 1.0181248685000004
decision_type=2 2 2 8 2 2 2 2 2 2 2 2 2 2
left_child=2 -2 -1 4 5 6 -4 8 10 -10 11 -3 13 -13
right_child=1 7 3 -5 -6 -7 -8 -9 9 -11 -12 12 -14 -15
leaf_value=3.0295461214767482e-05 0.0038884916546632377 -0.0022846329505473817 -0.001079105485417426 0.00063146264830861486 -0.0047218058253634789 0.0017344387645377608 -0.00405801739619472 0.00037782010397637461 0.0045088616335274678 -0.00054072915828384186 -0.0022932558499679672 0.0029688010986105439 0.0021919858298190997 -0.0023917289408379207
leaf_weight=361836 4376 4854 7982 7105 3012 5478 3126 132551 3301 5386 7903 3345 7050 4674
leaf_count=361836 4376 4854 7982 7105 3012 5478 3126 132551 3301 5386 7903 3345 7050 4674
internal_value=2.32169e-05 0.000106374 -1.39044e-05 -0.00050893 -0.000780748 -0.000421011 -0.000970035 6.86703e-05 -0.000263363 0.000473712 -0.000493514 -0.000217909 0.000104319 -0.000542435
internal_weight=561979 173440 388539 26703 19598 16586 11108 169064 36513 8687 27826 19923 15069 8019
internal_count=561979 173440 388539 26703 19598 16586 11108 169064 36513 8687 27826 19923 15069 8019
is_linear=0
shrinkage=0.05


Tree=263
num_leaves=15
num_cat=0
split_feature=2 3 8 1 9 8 8 2 5 8 8 8 8 4
split_gain=0.544637 1.19516 1.15711 1.06496 2.91648 1.24409 2.2791 1.53626 1.29745 1.23449 3.23339 1.26298 1.37576 1.37097
threshold=4.5000000000000009 -61.063381072999995 0.68675894200000009 193.50000000000003 46.500000000000007 1.3532969640000003 1.2249836110000001 3.5000000000000004 10.500000000000002 1.6856546690000003 1.7872796020000001 1.6045679965000004 1.5369512295000003 0.66968965205805442
decision_type=2 2 2 2 2 2 2 2 2 2 2 2 2 10
left_child=1 -1 -3 4 5 6 8 -7 -4 11 -11 12 13 -6
right_child=-2 2 3 -5 9 7 -8 -9 -10 10 -12 -13 -14 -15
leaf_value=-0.0024858574475063143 -8.4216268287644563e-05 0.0013145089758165385 0.0011479555133120066 -6.3060430167584641e-05 0.0017948805578816122 0.0036878374748551819 -0.0015890072256983239 0.0014541562827116645 0.0041693562246652308 -0.004876229231333476 0.00066964233786957945 0.0025299277941948292 -0.0012670681645087633 8.4602048305189195e-05
leaf_weight=3487 143013 5210 12624 203117 8550 5394 5417 3100 6939 3699 3967 5874 7616 144332
leaf_count=3487 143013 5210 12624 203117 8550 5394 5417 3100 6939 3699 3967 5874 7616 144332
internal_value=2.40023e-05 5.27388e-05 6.04735e-05 5.10735e-05 0.000130736 0.000558111 0.000380228 0.00108072 0.000631516 4.85226e-05 -0.000571633 7.71141e-05 5.07468e-05 8.34277e-05
internal_weight=562339 419326 415839 410629 207512 33474 24980 8494 19563 174038 7666 166372 160498 152882
internal_count=562339 419326 415839 410629 207512 33474 24980 8494 19563 174038 7666 166372 160498 152882
is_linear=0
shrinkage=0.05


Tree=264
num_leaves=15
num_cat=0
split_feature=8 2 9 0 0 0 2 8 5 9 3 9 9 8
split_gain=0.614136 2.3427 3.33345 1.49761 1.02298 1.8117 1.21227 1.58903 1.28442 1.09425 1.10467 0.957927 0.837069 0.806443
threshold=0.64203946550000013 8.5000000000000018 34.500000000000007 239.50000000000003 295.50000000000006 272.50000000000006 5.5000000000000009 0.77608734600000007 11.500000000000002 61.500000000000007 -39.900285635499991 47.500000000000007 15.500000000000002 0.7386731740000001
decision_type=2 2 2 2 2 2 2 2 2 2 2 2 2 2
left_child=3 4 -3 -1 5 6 13 9 -9 10 -8 -10 -5 -2
right_child=1 2 -4 12 -6 -7 7 8 11 -11 -12 -13 -14 -15
leaf_value=0.00043828614600931106 -0.00060294390912033532 1.4348322549571349e-05 -0.00067639863168412887 0.00033689621356817307 -0.0028180187880703037 0.0015994068613012259 -0.00039423705633866613 -0.00035769181958865876 -0.0041604256432152889 0.0013526575801376891 0.00052680431019097574 -0.00084075557990247142 -0.00071947780270877558 0.00010395425728407301
leaf_weight=7436 10217 3903 3314 3019 3841 30108 4654 27821 3077 3585 4352 6392 5078 445774
leaf_count=7436 10217 3903 3314 3019 3841 30108 4654 27821 3077 3585 4352 6392 5078 445774
internal_value=3.00005e-05 2.11958e-05 -0.000873373 0.000339973 3.31635e-05 3.89937e-05 1.65654e-05 -0.000217446 -0.000381418 0.000268141 -2.60792e-05 -0.000884262 -0.000130523 4.2166e-05
internal_weight=562571 547038 7217 15533 539821 535980 505872 49881 37290 12591 9006 9469 8097 455991
internal_count=562571 547038 7217 15533 539821 535980 505872 49881 37290 12591 9006 9469 8097 455991
is_linear=0
shrinkage=0.05


end of trees

feature_importances:
crease_avg_idx=767
crease_sr_idx=733
wickets=585
legal_balls=539
runs_vs_par=304
run_rate_rel=278
crease_balls=253
balls_remaining=151
runs_last_12=65
wickets_last_12=35

parameters:
[boosting: gbdt]
[objective: quantile]
[metric: quantile]
[tree_learner: serial]
[device_type: cpu]
[data_sample_strategy: bagging]
[data: ]
[valid: ]
[num_iterations: 265]
[learning_rate: 0.05]
[num_leaves: 15]
[num_threads: 12]
[seed: 7]
[deterministic: 1]
[force_col_wise: 0]
[force_row_wise: 1]
[histogram_pool_size: -1]
[max_depth: -1]
[min_data_in_leaf: 3000]
[min_sum_hessian_in_leaf: 0.001]
[bagging_fraction: 0.8]
[pos_bagging_fraction: 1]
[neg_bagging_fraction: 1]
[bagging_freq: 1]
[bagging_seed: 17422]
[bagging_by_query: 0]
[feature_fraction: 0.8]
[feature_fraction_bynode: 1]
[feature_fraction_seed: 7040]
[extra_trees: 0]
[extra_seed: 6516]
[early_stopping_round: 0]
[early_stopping_min_delta: 0]
[first_metric_only: 0]
[max_delta_step: 0]
[lambda_l1: 0]
[lambda_l2: 5]
[linear_lambda: 0]
[min_gain_to_split: 0]
[drop_rate: 0.1]
[max_drop: 50]
[skip_drop: 0.5]
[xgboost_dart_mode: 0]
[uniform_drop: 0]
[drop_seed: 15215]
[top_rate: 0.2]
[other_rate: 0.1]
[min_data_per_group: 100]
[max_cat_threshold: 32]
[cat_l2: 10]
[cat_smooth: 10]
[max_cat_to_onehot: 4]
[top_k: 20]
[monotone_constraints: ]
[monotone_constraints_method: basic]
[monotone_penalty: 0]
[feature_contri: ]
[forcedsplits_filename: ]
[refit_decay_rate: 0.9]
[cegb_tradeoff: 1]
[cegb_penalty_split: 0]
[cegb_penalty_feature_lazy: ]
[cegb_penalty_feature_coupled: ]
[path_smooth: 0]
[interaction_constraints: ]
[verbosity: -1]
[saved_feature_importance_type: 0]
[use_quantized_grad: 0]
[num_grad_quant_bins: 4]
[quant_train_renew_leaf: 0]
[stochastic_rounding: 1]
[linear_tree: 0]
[max_bin: 255]
[max_bin_by_feature: ]
[min_data_in_bin: 3]
[bin_construct_sample_cnt: 200000]
[data_random_seed: 61]
[is_enable_sparse: 1]
[enable_bundle: 1]
[use_missing: 1]
[zero_as_missing: 0]
[feature_pre_filter: 1]
[pre_partition: 0]
[two_round: 0]
[header: 0]
[label_column: ]
[weight_column: ]
[group_column: ]
[ignore_column: ]
[categorical_feature: ]
[forcedbins_filename: ]
[precise_float_parser: 0]
[parser_config_file: ]
[objective_seed: 15521]
[num_class: 1]
[is_unbalance: 0]
[scale_pos_weight: 1]
[sigmoid: 1]
[boost_from_average: 1]
[reg_sqrt: 0]
[alpha: 0.05]
[fair_c: 1]
[poisson_max_delta_step: 0.7]
[tweedie_variance_power: 1.5]
[lambdarank_truncation_level: 30]
[lambdarank_norm: 1]
[label_gain: ]
[lambdarank_position_bias_regularization: 0]
[eval_at: ]
[multi_error_top_k: 1]
[auc_mu_weights: ]
[num_machines: 1]
[local_listen_port: 12400]
[time_out: 120]
[machine_list_filename: ]
[machines: ]
[gpu_platform_id: -1]
[gpu_device_id: -1]
[gpu_device_id_list: ]
[gpu_use_dp: 0]
[num_gpu: 1]

end of parameters

pandas_categorical:null
