tree
version=v4
num_class=1
num_tree_per_iteration=1
label_index=0
max_feature_idx=9
objective=quantile
feature_names=legal_balls balls_remaining wickets runs_vs_par run_rate_rel runs_last_12 wickets_last_12 crease_sr_idx crease_avg_idx crease_balls
feature_infos=[0:299] [1:300] [0:9] [-136.62581828500001:234.082448169] [0:18.488592038903725] [0:60] [0:5] [0.64166780899999998:1.5026439700000001] [0.35429375699999999:2.3963038640000001] [0:120]
tree_sizes=1460 1550 1555 1555 1552 1555 1569 1560 1567 1560 1560 1566 1562 1573 1568 1574 1572 1578 1583 1579 1593 1578 1580 1585 1582 1594 1575 1585 1585 1590 1592 1586 1602 1592 1587 1591 1600 1601 1595 1600 1593 1594 1600 1607 1605 1595 1605 1598 1614 1616 1598 1598 1607 1591 1594 1585 1605 1596 1600 1609 1598 1606 1604 1590 1594 1586 1595 1596 1620 1603 1612 1595 1589 1606 1594 1599 1603 1610 1601 1608 1600 1586 1600 1605 1595 1602 1609 1588 1596 1599 1602 1582 1603 1587 1597 1597 1599 1601 1603

Tree=0
num_leaves=15
num_cat=0
split_feature=0 4 0 4 5 5 4 9 2 4 0 8 2 0
split_gain=9392.93 2443.56 772.916 658.073 541.963 293.283 197.585 186.825 157.839 149.144 117.53 116.16 93.193 89.2188
threshold=233.50000000000003 0.93827446361084299 189.50000000000003 1.0382488075163663 14.500000000000002 11.500000000000002 1.1507430496323854 119.50000000000001 4.5000000000000009 1.0824355792167493 261.50000000000006 1.3189907710000002 6.5000000000000009 262.50000000000006
decision_type=2 10 2 10 2 2 10 2 2 10 2 2 2 2
left_child=2 5 7 8 9 -2 13 -1 -4 -3 -7 -5 -12 -6
right_child=1 4 3 11 6 10 -8 -9 -10 -11 12 -13 -14 -15
leaf_value=1.7214287233517438 1.7435282382017605 1.7622988570611482 1.7403612230903718 1.751115086212863 1.7628720148993779 1.7507708077214275 1.8041300810914636 1.7395172937320651 1.7240669456326287 1.7761861219462844 1.7755062340070453 1.7587131840192511 1.77204287648201 1.7964676927170558
leaf_weight=351985 29647 16053 35041 9411 6431 9084 13336 18076 29939 8977 5923 7342 7081 14193
leaf_count=351985 29647 16053 35041 9411 6431 9084 13336 18076 29939 8977 5923 7342 7081 14193
internal_value=1.73798 1.75103 1.73478 1.73918 1.75798 1.74309 1.7621 1.73381 1.7369 1.7524 1.74746 1.74801 1.7505 1.75902
internal_weight=562519 110725 451794 81733 58990 51735 33960 370061 64980 25030 22088 16753 13004 20624
internal_count=562519 110725 451794 81733 58990 51735 33960 370061 64980 25030 22088 16753 13004 20624
is_linear=0
shrinkage=1


Tree=1
num_leaves=15
num_cat=0
split_feature=0 3 0 3 5 0 2 9 3 2 2 2 8 3
split_gain=8322.26 1973.36 815.669 653.715 426.306 268.818 255.941 174.589 173.271 165.029 127.324 121.42 112.309 80.5748
threshold=236.50000000000003 -13.028495110499998 188.50000000000003 -0.43103747899999995 17.500000000000004 273.50000000000006 5.5000000000000009 112.50000000000001 28.128480680500001 7.5000000000000009 4.5000000000000009 3.5000000000000004 0.86097873000000014 34.022835308000005
decision_type=2 2 2 2 2 2 2 2 2 2 2 2 2 2
left_child=2 5 7 10 8 6 -2 -1 -3 -7 -4 13 -6 -5
right_child=1 4 3 11 12 9 -8 -9 -10 -11 -12 -13 -14 -15
leaf_value=-0.016092877150405794 0.015978157487963298 0.027037480250341452 0.0015768069976383027 0.013510666813227721 0.059128128825207009 0.040879616377480367 -0.0018517257291450033 1.8896262322257851e-06 0.042699865061087507 0.027496212422847745 -0.013508039281337147 0.0070384563169613133 0.058746757213170464 0.023555842113475767
leaf_weight=344059 13681 23002 32967 12190 4299 8021 20948 23844 9576 7306 31877 8016 18695 4246
leaf_count=344059 13681 23002 32967 12190 4299 8021 20948 23844 9576 7306 31877 8016 18695 4246
internal_value=-0.000170304 0.0124858 -0.00309161 0.00119506 0.0189681 0.00527351 0.00283262 -0.00413205 0.0152843 0.0107856 -0.0014321 0.00816085 0.0241828 0.010621
internal_weight=562727 105528 457199 89296 55572 49956 34629 367903 32578 15327 64844 24452 22994 16436
internal_count=562727 105528 457199 89296 55572 49956 34629 367903 32578 15327 64844 24452 22994 16436
is_linear=0
shrinkage=0.05


Tree=2
num_leaves=15
num_cat=0
split_feature=1 3 1 3 5 5 1 8 9 4 3 2 8 2
split_gain=7252.47 1880.51 559.86 484.81 438.074 285.781 180.676 130.621 128.949 109.793 106.994 104.442 102.45 99.156
threshold=70.500000000000014 4.1628134100000009 121.50000000000001 5.4541346785000009 11.500000000000002 20.500000000000004 42.500000000000007 0.87212146900000009 113.50000000000001 0.81771508062458265 28.128480680500001 4.5000000000000009 1.3019391935000002 5.5000000000000009
decision_type=2 2 2 2 2 2 2 2 2 10 2 2 2 2
left_child=1 4 3 11 9 10 7 -6 -4 -1 -3 -2 -12 -8
right_child=2 5 8 -5 6 -7 13 -9 -10 -11 12 -13 -14 -15
leaf_value=-0.0020583260073710366 -0.00024419896536056476 0.028309510820475826 -0.015669807685348126 0.013044621251207783 0.030642346483926577 0.062131924496760443 0.015004855762013615 0.038898634366295835 -0.00026741387805146274 0.011230401645447028 0.040567181941404129 -0.01517743304253711 0.042832759346261295 -0.0039018774750288476
leaf_weight=18236 43100 16030 330492 20004 9901 13201 9165 12495 18517 21283 10353 32267 3796 3808
leaf_count=18236 43100 16030 330492 20004 9901 13201 9165 12495 18517 21283 10353 32267 3796 3808
internal_value=-0.00035171 0.0106517 -0.00328026 0.000114755 0.00585248 0.0189351 0.00989441 0.0126142 -0.00420798 0.00223421 0.0162455 -0.00172193 0.0194189 0.0051961
internal_weight=562648 118268 444380 95371 74888 43380 35369 22396 349009 39519 30179 75367 14149 12973
internal_count=562648 118268 444380 95371 74888 43380 35369 22396 349009 39519 30179 75367 14149 12973
is_linear=0
shrinkage=0.05


Tree=3
num_leaves=15
num_cat=0
split_feature=0 4 0 3 5 3 5 3 4 9 8 8 0 8
split_gain=6459.94 1321.24 841.451 508.653 294.593 218.011 176.688 146.805 145.759 125.591 100.678 86.543 74.9016 71.2783
threshold=241.50000000000003 0.93827446361084299 197.50000000000003 11.378903937500002 20.500000000000004 22.559534021000005 11.500000000000002 17.578348511000005 0.85182264427517873 102.50000000000001 1.3760450305000003 1.3189907710000002 142.50000000000003 1.1570413390000003
decision_type=2 10 2 2 2 2 2 2 10 2 2 2 2 2
left_child=2 6 5 8 7 9 -2 -3 -4 -1 -9 -5 -7 -8
right_child=1 4 3 11 -6 12 13 10 -10 -11 -12 -13 -14 -15
leaf_value=-0.015550853212061112 0.0058900432826105055 0.027529291286840653 -0.0071693419139953075 0.014100662275545205 0.059785068585241553 -0.0031994969742062951 0.024145444450653565 0.039139682241600533 0.0046367703696079121 -0.002745306558288094 0.041273614531154017 0.021504428403300364 0.008571928591109057 0.026775604607202186
leaf_weight=331695 23898 21110 33625 8285 14617 8707 16312 13870 32404 36860 3046 6539 7688 3345
leaf_count=331695 23898 21110 33625 8285 14617 8707 16312 13870 32404 36860 3046 6539 7688 3345
internal_value=-0.000488706 0.0113069 -0.00292484 0.00171207 0.0166366 -0.00389877 0.00486398 0.0143138 -0.000167264 -0.00414973 0.0177868 0.0100802 0.00174238 0.00837478
internal_weight=562001 96198 465803 80853 52643 384950 43555 38026 66029 368555 16916 14824 16395 19657
internal_count=562001 96198 465803 80853 52643 384950 43555 38026 66029 368555 16916 14824 16395 19657
is_linear=0
shrinkage=0.05


Tree=4
num_leaves=15
num_cat=0
split_feature=1 3 1 3 1 2 5 2 1 1 2 3 9 8
split_gain=5692.17 1417.58 471.644 428.33 364.065 361.259 233.753 181.991 138.088 128.045 117.975 111.246 90.0998 83.3174
threshold=72.500000000000014 4.7862914155 132.50000000000003 10.858159523500001 24.500000000000004 5.5000000000000009 23.500000000000004 7.5000000000000009 34.500000000000007 48.500000000000007 4.5000000000000009 -22.241352067499996 92.500000000000014 0.78664829850000018
decision_type=2 2 2 2 2 2 2 2 2 2 2 2 2 2
left_child=1 4 3 11 7 9 8 -1 13 -6 -10 -2 -4 -3
right_child=2 6 12 -5 5 -7 -8 -9 10 -11 -12 -13 -14 -15
leaf_value=0.043177743798449533 -0.0095753309388840867 0.03515117723277162 -0.015529023262935994 0.011677314577147636 0.022121697467126954 -0.0028759985630684073 0.061876788940262606 0.026234706293926009 0.022786807585355978 0.0089112625626215011 0.010445800851138403 0.00030071968641564532 -0.0040975534748573864 0.049923845815871698
leaf_weight=10961 54368 3702 292543 18295 10768 29783 8346 8389 11933 18460 5258 40016 36066 14142
leaf_count=10961 54368 3702 292543 18295 10768 29783 8346 8389 11933 18460 5258 40016 36066 14142
internal_value=-0.000634065 0.0089373 -0.00327467 -0.000483167 0.00492235 0.00297029 0.0161883 0.0108732 0.0143928 0.00691889 0.0111884 -0.00184047 -0.00423185 0.017476
internal_weight=563030 121742 441288 112679 78361 59011 43381 19350 35035 29228 17191 94384 328609 17844
internal_count=563030 121742 441288 112679 78361 59011 43381 19350 35035 29228 17191 94384 328609 17844
is_linear=0
shrinkage=0.05


Tree=5
num_leaves=15
num_cat=0
split_feature=0 4 9 0 0 8 4 8 0 4 4 0 4 7
split_gain=5132.03 1317.92 404.619 328.018 219.488 204.869 194.256 165.453 136.477 133.906 129.582 86.0283 84.8736 77.0175
threshold=223.50000000000003 0.94299773905047135 101.50000000000001 261.50000000000006 269.50000000000006 0.89797301150000008 0.92703869222558399 1.1570413390000003 168.50000000000003 1.1364379224557641 1.0824355792167493 286.50000000000006 1.1670826787498128 1.0389338545000002
decision_type=2 10 2 2 2 2 10 2 2 10 10 2 10 2
left_child=2 4 8 9 7 11 -4 -2 -1 -3 -10 -5 -7 -6
right_child=1 3 6 5 13 12 -8 -9 10 -11 -12 -13 -14 -15
leaf_value=-0.014283990560565618 -0.0014542820736447078 0.012218432399403008 -0.0056779924244933205 0.017323269564509223 0.021385736833238682 0.039696069056335277 0.0060666796704645538 0.01204034644605694 -0.007105280151316385 0.023377298090458992 0.0074806883346474748 0.068349075416015051 0.057618392127118695 0.041775546840263855
leaf_weight=304305 36180 20907 28900 6392 14587 15388 31780 9511 60452 8569 7305 5909 8449 3576
leaf_count=304305 36180 20907 28900 6392 14587 15388 31780 9511 60452 8569 7305 5909 8449 3576
internal_value=-0.000733706 0.00799981 -0.00334667 0.0129761 0.00288573 0.0161694 0.000439152 0.00103718 -0.0039641 0.00905905 -0.00193449 0.0109211 0.0188749 0.0075344
internal_weight=562210 129468 432742 65614 63854 36138 60680 45691 372062 29476 67757 12301 23837 18163
internal_count=562210 129468 432742 65614 63854 36138 60680 45691 372062 29476 67757 12301 23837 18163
is_linear=0
shrinkage=0.05


Tree=6
num_leaves=15
num_cat=0
split_feature=0 4 3 5 0 0 0 8 4 0 8 9 3 8
split_gain=4583.54 1145.75 395.667 319.047 217.681 182.874 164.593 147.761 140.896 135.813 95.6165 72.9054 67.0476 59.2876
threshold=223.50000000000003 0.93827446361084299 19.109172210500002 21.500000000000004 157.50000000000003 279.50000000000006 256.50000000000006 1.1570413390000003 0.85409499097046437 145.50000000000003 0.93179116150000019 119.50000000000001 63.839618746500001 0.84332252950000008
decision_type=2 10 2 2 2 2 2 2 10 2 2 2 2 2
left_child=2 5 4 6 -1 7 -3 13 -6 -4 -8 -10 -5 -2
right_child=1 3 9 12 8 -7 10 -9 11 -11 -12 -13 -14 -15
leaf_value=-0.013963166638955882 -0.0067014553075098321 0.013124713882946224 -0.0029590200198188589 0.045567981437859575 -0.010435709765252389 0.032847352192759041 0.030132831074960925 0.012196211603794581 -0.0020479266682947943 0.010201695264656547 0.035348557297850247 0.0059077640454264007 0.06227238408843766 0.0052985513456190944
leaf_weight=294973 19366 23107 12111 10193 56676 10258 12010 9997 41259 14942 17606 13219 3599 23041
leaf_count=294973 19366 23107 12111 10193 56676 10258 12010 9997 41259 14942 17606 13219 3599 23041
internal_value=-0.000825244 0.00744078 -0.00329028 0.012011 -0.00368029 0.00258892 0.0102381 0.00139346 -0.00179446 0.00256431 0.0127062 2.12899e-05 0.0187823 0.000104097
internal_weight=562357 129177 433180 66515 406127 62662 52723 52404 111154 27053 29616 54478 13792 42407
internal_count=562357 129177 433180 66515 406127 62662 52723 52404 111154 27053 29616 54478 13792 42407
is_linear=0
shrinkage=0.05


Tree=7
num_leaves=15
num_cat=0
split_feature=0 4 9 0 4 2 0 2 4 0 4 8 0 7
split_gain=4068.33 962.401 408.879 267.732 211.686 201.207 170.999 159.6 140.857 115.813 113.351 100.351 86.463 71.1834
threshold=225.50000000000003 0.94756826303828889 89.500000000000014 275.50000000000006 0.92703869222558399 4.5000000000000009 281.50000000000006 5.5000000000000009 1.1507430496323854 161.50000000000003 1.0824355792167493 0.79747702750000016 172.50000000000003 1.0704542910000001
decision_type=2 10 2 2 10 2 2 2 10 2 10 2 2 2
left_child=2 6 9 5 -4 8 7 -2 -3 -1 -11 -5 -6 -10
right_child=1 3 4 11 12 -7 -8 -9 13 10 -12 -13 -14 -15
leaf_value=-0.013722739424878795 0.010274432914422246 0.016738722425882615 -0.0058577727212540216 0.039995953141309465 0.00025795654849786957 0.0098142729910724018 0.036128037292542291 -0.0025284084468375854 0.020639252975452344 -0.0075688662194587728 0.0070189046916105851 0.054215614729508504 0.0093377823469687586 0.033756140492620247
leaf_weight=280702 22408 15792 45486 5665 22446 15451 9446 31072 4321 60262 6742 17590 21417 3852
leaf_count=280702 22408 15792 45486 5665 22446 15451 9446 31072 4321 60262 6742 17590 21417 3852
internal_value=-0.000915052 0.00701593 -0.00319424 0.0114014 -0.00017733 0.00888917 0.00264766 0.00155184 0.0117574 -0.00396948 -0.00210151 0.0156567 0.00230088 0.0170867
internal_weight=562652 125597 437055 62671 89349 39416 62926 53480 23965 347706 67004 23255 43863 8173
internal_count=562652 125597 437055 62671 89349 39416 62926 53480 23965 347706 67004 23255 43863 8173
is_linear=0
shrinkage=0.05


Tree=8
num_leaves=15
num_cat=0
split_feature=0 4 5 9 4 0 3 2 3 2 0 2 0 3
split_gain=3694.79 924.331 344.789 321.072 170.205 139.431 117.358 116.369 93.1406 88.6617 84.8019 78.3512 71.3535 71.2602
threshold=217.50000000000003 0.91018303935565692 15.500000000000002 87.500000000000014 0.94299773905047135 262.50000000000006 32.333658099500006 4.5000000000000009 17.578348511000005 7.5000000000000009 252.50000000000003 4.5000000000000009 279.50000000000006 35.791650953500003
decision_type=2 10 2 2 10 2 2 2 2 2 2 2 2 2
left_child=3 5 10 8 -5 7 12 -2 -1 -7 11 -3 -4 -6
right_child=1 2 6 4 13 9 -8 -9 -10 -11 -12 -13 -14 -15
leaf_value=-0.012852685082848812 0.0073203638338771547 0.011520181987580968 0.018833358257250285 -0.0059590291298883269 0.0022201199870556685 0.020802204945944633 0.043270655949068794 -0.0055708978889266042 -0.00082048056906922637 0.0062834635959876269 0.023089527886285474 0.00028737205340424092 0.05649396982857148 0.01165932039580786
leaf_weight=317697 10652 13690 14268 48260 35533 11243 14528 30092 16359 8682 22026 7354 7550 4078
leaf_count=317697 10652 13690 14268 48260 35533 11243 14528 30092 16359 8682 22026 7354 7550 4078
internal_value=-0.000990114 0.00604558 0.00959532 -0.00332609 -0.000636751 0.00139854 0.0131818 -0.000277799 -0.00403349 0.00482564 0.00656761 0.00429616 0.0108583 0.00179208
internal_weight=562012 140085 79416 421927 87871 60669 36346 40744 334056 19925 43070 21044 21818 39611
internal_count=562012 140085 79416 421927 87871 60669 36346 40744 334056 19925 43070 21044 21818 39611
is_linear=0
shrinkage=0.05


Tree=9
num_leaves=15
num_cat=0
split_feature=1 3 9 5 3 1 1 7 8 3 3 4 3 9
split_gain=3288.75 832.045 300.189 256.489 173.644 148.916 137.064 124.678 114.674 76.8078 74.4512 71.5092 66.3215 65.8581
threshold=84.500000000000014 6.8906354850000016 78.500000000000014 11.500000000000002 0.17338690550000002 22.500000000000004 16.500000000000004 1.0704542910000001 0.86816039850000015 20.738182206000001 24.697505713500004 0.8044516516397241 35.791650953500003 119.50000000000001
decision_type=2 2 2 2 2 2 2 2 2 2 2 10 2 2
left_child=1 3 9 11 -4 -3 -5 13 -8 -2 -9 -1 -6 -7
right_child=2 5 4 6 12 7 8 10 -10 -11 -12 -13 -14 -15
leaf_value=-0.0055212750985961919 -0.012781618929945671 0.052092693718754059 -0.0053215671976230977 0.047279827752592395 0.0020427145638847919 0.0093484243673804587 -0.0010155515546843748 0.012602504245753819 0.013701190219555709 0.0001476920592607033 0.026568412982728353 0.0052374646981164508 0.010805946144857581 0.021810377318137075
leaf_weight=22632 297372 15819 75661 8532 30161 13033 9767 4481 25830 10676 7724 30834 4542 5301
leaf_count=22632 297372 15819 75661 8532 30161 13033 9767 4481 25830 10676 7724 30834 4542 5301
internal_value=-0.00105505 0.00546364 -0.00329781 0.00284349 -0.00106026 0.0109788 0.00566468 0.00893645 0.00429934 -0.00409943 0.0128522 0.00051467 0.00186801 0.00632695
internal_weight=562365 143953 418412 97595 110364 46358 44129 30539 35597 308048 12205 53466 34703 18334
internal_count=562365 143953 418412 97595 110364 46358 44129 30539 35597 308048 12205 53466 34703 18334
is_linear=0
shrinkage=0.05


Tree=10
num_leaves=15
num_cat=0
split_feature=0 3 0 2 0 4 2 7 0 0 8 0 3 8
split_gain=2942.35 758.913 280.073 252.041 250.4 247.612 155.157 122.977 105.329 91.0186 79.6852 78.0697 69.4342 61.3117
threshold=210.50000000000003 11.378903937500002 259.50000000000006 4.5000000000000009 139.50000000000003 1.0352800063238223 7.5000000000000009 1.0704542910000001 284.50000000000006 288.50000000000006 1.3189907710000002 287.50000000000006 63.839618746500001 1.3216616265000003
decision_type=2 2 2 2 2 10 2 2 2 2 2 2 2 2
left_child=4 2 3 -2 -1 10 11 8 -3 -8 -6 -4 -9 -7
right_child=1 7 6 -5 5 13 9 12 -10 -11 -12 -13 -14 -15
leaf_value=-0.011648752008525033 0.0075832061755479801 0.01474602949639928 0.017671159476607034 -0.0049261108121783602 -0.0091244991097523577 0.0014512014706273603 -0.0078362265956346041 0.0246355084326292 0.055531025219062502 0.041560670802182981 -0.00031120764862334197 0.053311225309572212 0.044955313917687811 0.0077503285510927824
leaf_weight=274164 28561 19334 23103 41525 83634 14071 8578 12439 7172 4344 25783 4372 3862 11513
leaf_count=274164 28561 19334 23103 41525 83634 14071 8578 12439 7172 4344 25783 4372 3862 11513
internal_value=-0.00108812 0.00482012 0.00263001 0.000718636 -0.00330162 -0.00153886 0.00594562 0.0104717 0.00836709 0.00142647 -0.0025743 0.00807041 0.0138903 0.00288913
internal_weight=562455 153290 110483 70086 409165 135001 40397 42807 26506 12922 109417 27475 16301 25584
internal_count=562455 153290 110483 70086 409165 135001 40397 42807 26506 12922 109417 27475 16301 25584
is_linear=0
shrinkage=0.05


Tree=11
num_leaves=15
num_cat=0
split_feature=1 1 5 4 5 7 9 3 7 8 7 7 4 9
split_gain=2660.1 559.633 389.698 313.512 129.198 121.159 120.466 101.678 95.798 86.7963 75.3168 66.7394 64.5535 62.2168
threshold=56.500000000000007 130.50000000000003 14.500000000000002 0.94299773905047135 24.500000000000004 1.0372488330000003 69.500000000000014 26.969335557000004 1.0717421425000002 1.0238803150000002 0.96753371150000012 1.0509169485000003 0.87573228922345214 119.50000000000001
decision_type=2 2 2 10 2 2 2 2 2 2 2 2 10 2
left_child=2 3 5 9 10 12 -3 13 -8 -2 -4 -9 -1 -5
right_child=1 6 4 7 -6 -7 8 11 -10 -11 -12 -13 -14 -15
leaf_value=-0.00023336788137760111 -0.01192186455435993 -0.012482252791969017 0.0171138972144524 0.0012835263018601652 0.049709290966739816 0.017896369100829451 -0.0063658347333688872 0.0066051728310357509 0.0016306113797542954 -0.0003787851976603188 0.028293276634311977 0.014575429390750787 0.01237558591606633 0.0098735492309721638
leaf_weight=18033 44197 246644 10423 27690 8543 15733 68348 5413 17109 42867 23193 6156 16921 11495
leaf_count=18033 44197 246644 10423 27690 8543 15733 68348 5413 17109 42867 23193 6156 16921 11495
internal_value=-0.00113772 -0.00266574 0.00659573 1.27688e-05 0.0101474 0.00364091 -0.00377727 0.00313599 -0.00215926 -0.00180799 0.00874959 0.00725376 0.00200034 0.00191949
internal_weight=562765 469919 92846 137818 42159 50687 332101 50754 85457 87064 33616 11569 34954 39185
internal_count=562765 469919 92846 137818 42159 50687 332101 50754 85457 87064 33616 11569 34954 39185
is_linear=0
shrinkage=0.05


Tree=12
num_leaves=15
num_cat=0
split_feature=1 3 1 9 2 7 1 2 7 3 1 1 3 2
split_gain=2368.13 620.019 252.913 239.993 232.706 129.375 109.329 104.869 88.9135 73.6354 69.143 67.8093 64.1741 62.2047
threshold=94.500000000000014 11.919456301000002 32.500000000000007 74.500000000000014 4.5000000000000009 1.0567018745000001 18.500000000000004 7.5000000000000009 1.0685052810000002 32.333658099500006 8.5000000000000018 56.500000000000007 -7.346740647999999 6.5000000000000009
decision_type=2 2 2 2 2 2 2 2 2 2 2 2 2 2
left_child=1 2 7 -2 11 12 -3 -1 -8 -7 -9 -4 -5 -6
right_child=3 6 4 5 13 9 8 10 -10 -11 -12 -13 -14 -15
leaf_value=0.025043032345471974 -0.011073321974046025 0.051504111356074633 0.014220709593055212 -0.0072646340942062407 -0.00038893476728751202 0.001107737637178171 0.01204127971403543 0.055033413236621344 0.01941775805002437 0.0095828953948295312 -0.0024039684148646373 0.0047195280602093034 -0.0010180771199387009 -0.016787612830155462
leaf_weight=19481 288254 12046 8004 52847 33636 25155 18671 3120 13093 3240 7901 26965 30589 19143
leaf_count=19481 288254 12046 8004 52847 33636 25155 18671 3120 13093 3240 7901 26965 30589 19143
internal_value=-0.00119866 0.00390029 0.00201767 -0.00326408 0.000654221 -0.00129793 0.00898094 0.00593929 0.00744059 0.00161708 0.00204018 0.00381726 -0.00229 -0.00144163
internal_weight=562145 162060 118250 400085 87748 111831 43810 30502 31764 28395 11021 34969 83436 52779
internal_count=562145 162060 118250 400085 87748 111831 43810 30502 31764 28395 11021 34969 83436 52779
is_linear=0
shrinkage=0.05


Tree=13
num_leaves=15
num_cat=0
split_feature=0 5 3 3 4 0 0 0 2 8 7 2 0 0
split_gain=2156.78 541.713 219.625 159.311 152.549 110.006 107.985 93.297 87.1256 80.8409 61.8361 61.6191 98.9484 59.946
threshold=207.50000000000003 13.500000000000002 10.858159523500001 20.738182206000001 0.81096342207775007 140.50000000000003 143.50000000000003 287.50000000000006 3.5000000000000004 0.86816039850000015 0.98040150950000016 4.5000000000000009 271.50000000000006 248.50000000000003
decision_type=2 2 2 2 10 2 2 2 2 2 2 2 2 2
left_child=2 4 6 7 -2 -4 -1 9 10 -3 -8 13 -13 -6
right_child=1 3 5 -5 11 -7 8 -9 -10 -11 -12 12 -14 -15
leaf_value=-0.011086420954399595 -0.0048927919048498119 0.00037763489005806638 -0.0033705546910739342 0.02830729929100222 0.0062023008846128335 0.0051046145923277445 -0.0048475254633478767 0.051172244625067857 -0.011829778608984884 0.013429393695698264 0.0012882929068380991 -0.00075187340906576175 0.017659700620793403 0.019153628785444896
leaf_weight=257505 32003 8710 23885 23537 19489 18400 23529 6750 53162 26638 27036 25247 11086 5243
leaf_count=257505 32003 8710 23885 23537 19489 18400 23529 6750 53162 26638 27036 25247 11086 5243
internal_value=-0.00121837 0.00371963 -0.00316051 0.00719797 0.00126632 0.000248876 -0.0035596 0.00535496 -0.00219735 0.00432523 -0.000711391 0.0027317 0.00142096 0.00465659
internal_weight=562220 158703 403517 65635 93068 42285 361232 42098 103727 35348 50565 61065 36333 24732
internal_count=562220 158703 403517 65635 93068 42285 361232 42098 103727 35348 50565 61065 36333 24732
is_linear=0
shrinkage=0.05


Tree=14
num_leaves=15
num_cat=0
split_feature=0 4 9 0 4 2 0 2 3 7 8 7 2 0
split_gain=1939.76 514.753 213.672 195.731 149.958 138.422 101.528 89.6115 85.2654 76.6081 71.6436 59.2345 53.5808 53.0174
threshold=202.50000000000003 0.90804188278125686 68.500000000000014 271.50000000000006 0.8649345301323319 4.5000000000000009 258.50000000000006 5.5000000000000009 45.132727907500005 1.0567018745000001 0.93179116150000019 1.0704542910000001 7.5000000000000009 289.50000000000006
decision_type=2 10 2 2 10 2 2 2 2 2 2 2 2 2
left_child=2 6 11 5 -4 8 7 -2 -3 -6 13 -1 -8 -5
right_child=1 3 4 10 9 -7 12 -9 -10 -11 -12 -13 -14 -15
leaf_value=-0.012341715931316301 0.0019625120484777739 0.0093272114327488092 -0.0081847788631715223 0.01157483216123968 -0.0021745075339577266 0.0022731165169321112 0.014052104776906063 -0.012256035599169896 0.018537240044114892 0.0037653864671072647 0.03663654137672958 -0.0053681505062353257 0.0003011858910170525 0.05622643524787601
leaf_weight=208528 29201 34598 54059 7745 49353 20993 13492 23641 6202 23611 16874 58995 9328 5873
leaf_count=208528 29201 34598 54059 7745 49353 20993 13492 23641 6202 23611 16874 58995 9328 5873
internal_value=-0.00123977 0.00326054 -0.00315544 0.00576687 -0.00146673 0.00414876 0.00020339 -0.00100025 0.0058461 1.20587e-05 0.00904482 -0.00395721 0.00299014 0.00634295
internal_weight=562493 167947 394546 92285 127023 61793 75662 52842 40800 72964 30492 267523 22820 13618
internal_count=562493 167947 394546 92285 127023 61793 75662 52842 40800 72964 30492 267523 22820 13618
is_linear=0
shrinkage=0.05


Tree=15
num_leaves=15
num_cat=0
split_feature=0 5 3 3 0 3 0 8 3 2 0 0 2 7
split_gain=1749.12 431.932 179.4 142.956 119.937 115.158 85.8556 81.63 80.0223 67.9186 59.0495 51.3851 69.031 47.8983
threshold=201.50000000000003 14.500000000000002 6.5280698395000014 -42.148158271999996 129.50000000000003 45.132727907500005 280.50000000000006 1.3684471115000003 24.697505713500004 6.5000000000000009 89.500000000000014 249.50000000000003 4.5000000000000009 1.0717421425000002
decision_type=2 2 2 2 2 2 2 2 2 2 2 2 2 2
left_child=2 3 7 -2 -4 6 9 -1 11 -3 -9 12 -5 -12
right_child=1 5 4 8 -6 -7 -8 10 -10 -11 13 -13 -14 -15
leaf_value=-0.010931784145792454 -0.0050075488265487718 0.010858263806855272 -0.0042348911707819157 0.0042541883474782249 0.0037333989740154535 0.03091749325276202 0.039286658813688181 -0.0074779247184785574 0.01413800378456858 -0.0081299338698063283 -0.0032950040728522523 0.0099542810896996389 -0.0044500355845624017 0.0022399285751476205
leaf_weight=264252 33140 29899 32554 24504 23929 11511 12963 34820 10606 4042 20756 24743 18103 16080
leaf_count=264252 33140 29899 32554 24504 23929 11511 12963 34820 10606 4042 20756 24743 18103 16080
internal_value=-0.00126081 0.00298346 -0.00309434 0.00115318 -0.000487096 0.00646397 0.00536315 -0.00353273 0.00232257 0.00404009 -0.0020357 0.00168658 0.000633975 -0.000640049
internal_weight=561902 169511 392391 111096 56483 58415 46904 335908 77956 33941 71656 67350 42607 36836
internal_count=561902 169511 392391 111096 56483 58415 46904 335908 77956 33941 71656 67350 42607 36836
is_linear=0
shrinkage=0.05


Tree=16
num_leaves=15
num_cat=0
split_feature=0 4 9 0 4 0 9 7 8 7 7 7 7 4
split_gain=1576.05 408.096 208.722 168.36 126.356 89.5104 88.6092 78.4273 76.0272 66.3078 61.6878 51.9732 43.724 42.1515
threshold=198.50000000000003 0.90804188278125686 70.500000000000014 281.50000000000006 0.87800830798919505 248.50000000000003 114.50000000000001 1.0435299190000003 1.0238803150000002 1.0704542910000001 1.0567018745000001 1.0412292865000004 1.2034202360000001 1.2062244856413626
decision_type=2 10 2 2 10 2 2 2 2 2 2 2 2 10
left_child=2 5 9 6 -4 8 7 -3 -2 -1 -6 -7 -9 -12
right_child=1 3 4 -5 10 11 -8 12 -10 -11 13 -13 -14 -15
leaf_value=-0.011220508771831478 -0.0091978872171070078 0.0023214184360754102 -0.0069858663477911703 0.040133248971075494 -0.0017313735732207268 0.0037275356624824844 0.013250719450155027 0.0090978325092776931 0.0018350183287454795 -0.0046763441571714527 0.0016430333727303896 0.017632785653482322 0.015226417186917496 0.0084871264343323507
leaf_weight=211384 28317 29252 52206 19802 42824 24679 21419 21737 20455 59693 15988 6321 3480 4862
leaf_count=211384 28317 29252 52206 19802 42824 24679 21419 21737 20455 59693 15988 6321 3480 4862
internal_value=-0.0012615 0.0026691 -0.0030438 0.00487068 -0.00126764 2.80771e-05 0.0037989 0.00272708 -0.00130717 -0.00380304 0.000227389 0.00212869 0.00477024 0.00245744
internal_weight=562419 175462 386957 95690 115880 79772 75888 54469 48772 271077 63674 31000 25217 20850
internal_count=562419 175462 386957 95690 115880 79772 75888 54469 48772 271077 63674 31000 25217 20850
is_linear=0
shrinkage=0.05


Tree=17
num_leaves=15
num_cat=0
split_feature=0 4 9 0 4 4 7 0 8 9 7 8 0 9
split_gain=1436.44 332.302 225.814 149.426 118.061 96.3912 76.5099 68.0381 82.134 58.826 57.1377 54.6894 41.3437 37.7328
threshold=206.50000000000003 0.89724017860556726 76.500000000000014 288.50000000000006 0.84721256572430437 1.1319908677567525 1.0704542910000001 276.50000000000006 1.1570413390000003 119.50000000000001 1.0704542910000001 1.3216616265000003 252.50000000000003 45.500000000000007
decision_type=2 10 2 2 10 10 2 2 2 2 2 2 2 2
left_child=2 7 6 5 -4 9 -1 8 -2 12 -7 -6 -3 -8
right_child=1 3 4 -5 11 10 13 -9 -10 -11 -12 -13 -14 -15
leaf_value=-0.010239173072298088 -0.0045465376219705825 0.0011738274469377452 -0.0070685763527982533 0.050339987572632056 -0.0016118782256152567 0.0096840301653573595 -0.0060422785506491425 0.015877551058126362 0.0056351474153079001 0.01382518490462689 0.019710271686482473 0.0034010361789186209 0.010204869389534701 -0.00064497186795913917
leaf_weight=230110 46526 23830 39693 12444 40370 11668 41528 9510 11624 13232 9501 27009 22375 23060
leaf_count=230110 46526 23830 39693 12444 40370 11668 41528 9510 11624 13232 9501 27009 22375 23060
internal_value=-0.00127035 0.0027247 -0.0028684 0.00466337 -0.000901782 0.00387565 -0.0035829 5.83746e-05 -0.000582926 0.00284336 0.00677269 0.000372565 0.00200119 -0.00206199
internal_weight=562480 160710 401770 93050 107072 80606 294698 67660 58150 59437 21169 67379 46205 64588
internal_count=562480 160710 401770 93050 107072 80606 294698 67660 58150 59437 21169 67379 46205 64588
is_linear=0
shrinkage=0.05


Tree=18
num_leaves=15
num_cat=0
split_feature=0 4 9 0 4 2 8 0 2 7 7 0 4 2
split_gain=1301.54 330.348 183.021 144.723 122.835 91.0137 83.2564 79.6404 77.6882 60.9593 55.0835 50.7344 50.0051 49.6918
threshold=194.50000000000003 0.9016470747285199 60.500000000000007 260.50000000000006 0.87800830798919505 4.5000000000000009 0.93179116150000019 250.50000000000003 5.5000000000000009 1.0567018745000001 1.1958845235000004 290.50000000000006 1.2136763669125854 7.5000000000000009
decision_type=2 10 2 2 10 2 2 2 2 2 2 2 10 2
left_child=2 7 10 5 -4 12 11 8 -2 -6 -1 -5 -3 -9
right_child=1 3 4 6 9 -7 -8 13 -10 -11 -12 -13 -14 -15
leaf_value=-0.009676290821952413 0.00053750040019832934 0.0058885797854218548 -0.0071899881103228468 0.0063893529092050698 -0.002132609670909575 -0.001559816281216069 0.025702559484717852 0.0095973193559795843 -0.013180032952092656 0.0025607097408567787 0.00013185550896496504 0.050445912536196402 0.011926547182325352 -0.0046155473815332002
leaf_weight=227094 31882 36705 67559 11718 51533 16493 25093 17834 21561 24784 8632 5436 6037 10420
leaf_count=227094 31882 36705 67559 11718 51533 16493 25093 17834 21561 24784 8632 5436 6037 10420
internal_value=-0.00126603 0.00219536 -0.00293635 0.00410043 -0.00153099 0.00250548 0.00633615 -0.000171172 -0.00130622 -0.000156378 -0.00379407 0.00364998 0.00372283 0.00197565
internal_weight=562781 183179 379602 101482 143876 59235 42247 81697 53443 76317 235726 17154 42742 28254
internal_count=562781 183179 379602 101482 143876 59235 42247 81697 53443 76317 235726 17154 42742 28254
is_linear=0
shrinkage=0.05


Tree=19
num_leaves=15
num_cat=0
split_feature=0 5 9 4 0 7 2 0 3 7 7 0 0 2
split_gain=1171.68 293.099 191.141 110.962 108.692 96.4687 86.2712 81.1576 63.714 59.2903 58.2482 53.4397 39.9103 60.8821
threshold=199.50000000000003 12.500000000000002 65.500000000000014 0.82677882144020198 289.50000000000006 0.96851606650000011 5.5000000000000009 266.50000000000006 45.132727907500005 1.1958845235000004 0.96851606650000011 239.50000000000003 138.50000000000003 3.5000000000000004
decision_type=2 2 2 10 2 2 2 2 2 2 2 2 2 2
left_child=2 6 9 -4 5 -3 11 -8 -7 12 -5 -2 -1 -14
right_child=1 4 3 10 -6 8 7 -9 -10 -11 -12 -13 13 -15
leaf_value=-0.0095261836221771992 0.0011907396341492788 0.0016727453630349877 -0.0078304780459378161 -0.0035479789002707328 0.050857778616911611 0.0101679838620024 -0.010277889120643629 0.0061021033646054207 0.018706838940206593 0.00034955222145852046 0.0010916243270958634 0.009685955292207931 0.00071030962258400519 -0.010596762929663267
leaf_weight=204936 35242 19152 47521 24881 11345 39644 29632 14369 8876 9233 60617 15580 12480 28740
leaf_count=204936 35242 19152 47521 24881 11345 39644 29632 14369 8876 9233 60617 15580 12480 28740
internal_value=-0.00128828 0.00212344 -0.00281528 -0.0012783 0.00437239 0.0036126 0.00024924 -0.00137152 0.00479856 -0.00361577 -0.000201632 0.00165247 -0.00376331 -0.00234324
internal_weight=562248 173840 388408 133019 79017 67672 94823 44001 48520 255389 85498 50822 246156 41220
internal_count=562248 173840 388408 133019 79017 67672 94823 44001 48520 255389 85498 50822 246156 41220
is_linear=0
shrinkage=0.05


Tree=20
num_leaves=15
num_cat=0
split_feature=0 5 4 0 0 2 2 4 5 7 7 7 2 0
split_gain=1085.25 308.841 160.407 127.646 120.594 89.1388 85.4966 82.9195 76.3425 66.0428 52.8769 52.6878 40.2275 39.2272
threshold=184.50000000000003 11.500000000000002 0.79993478950253138 255.50000000000003 113.50000000000001 2.5000000000000004 4.5000000000000009 0.78406336738451854 22.500000000000004 0.96851606650000011 0.99064233700000004 1.2034202360000001 4.5000000000000009 265.50000000000006
decision_type=2 2 10 2 2 2 2 10 2 2 2 2 2 2
left_child=2 7 -1 6 11 9 10 -2 -5 -6 -3 -4 -9 -14
right_child=1 3 4 8 5 -7 -8 12 -10 -11 -12 -13 13 -15
leaf_value=-0.011185468123234822 -0.0070240648883704562 0.0014031510715156502 -0.0061025991366417537 0.015130470599860408 -0.0027972303609354173 -0.0049136969879036976 -0.0032744343501961621 0.0037889250607337174 0.032725524789665256 0.0028898593531703348 0.0080191810537104877 0.0016050747593119486 -0.0038815321346878867 0.007644196763303971
leaf_weight=159294 34066 13417 111726 37637 14642 39049 14470 32585 10946 30442 22596 5289 25864 10654
leaf_count=159294 34066 13417 111726 37637 14642 39049 14470 32585 10946 30442 22596 5289 25864 10654
internal_value=-0.00126925 0.00166226 -0.00291405 0.00365616 -0.00197531 -0.00053145 0.0018952 -0.000252439 0.00548561 0.000983165 0.00319937 -0.00301337 0.000742822 -0.000396737
internal_weight=562677 202235 360442 99066 201148 84133 50483 103169 48583 45084 36013 117015 69103 36518
internal_count=562677 202235 360442 99066 201148 84133 50483 103169 48583 45084 36013 117015 69103 36518
is_linear=0
shrinkage=0.05


Tree=21
num_leaves=15
num_cat=0
split_feature=0 3 0 9 7 3 0 7 4 7 7 0 7 9
split_gain=987.259 298.694 141.399 136.135 101.983 79.0128 72.1115 62.502 49.7718 47.912 45.9372 43.429 43.3297 42.5681
threshold=177.50000000000003 7.6455892060000012 249.50000000000003 54.500000000000007 1.0717421425000002 -46.852787196999991 284.50000000000006 1.0742902665 0.82456175994347558 1.1012503740000004 1.0704542910000001 290.50000000000006 1.0672361320000003 41.500000000000007
decision_type=2 2 2 2 2 2 2 2 10 2 2 2 2 2
left_child=3 2 5 10 8 -2 12 11 -5 -7 -1 13 -3 -4
right_child=1 6 7 4 -6 9 -8 -9 -10 -11 -12 -13 -14 -15
leaf_value=-0.010167192163527706 -0.009071691716146215 0.0053334201306783798 -0.0043806267067684644 -0.0087402401855073194 0.0013283037682307324 -0.0010646051760630191 0.040117747346745336 0.021024808650915282 -0.0025374925152507931 0.0054038162096143698 -0.004299342492664289 0.034578662880979626 0.010578457252353526 0.006539535406043049
leaf_weight=159655 26866 28657 14154 46625 28502 65617 11030 8467 66472 13273 45675 5454 18965 22840
leaf_count=159655 26866 28657 14154 46625 28502 65617 11030 8467 66472 13273 45675 5454 18965 22840
internal_value=-0.00128929 0.00137016 0.000230698 -0.00293988 -0.00174709 -0.000811548 0.00441362 0.00239542 -0.00242069 -1.39438e-05 -0.00376239 0.00161261 0.00356919 0.000998134
internal_weight=562252 215323 156671 346929 141599 105756 58652 50915 113097 78890 205330 42448 47622 36994
internal_count=562252 215323 156671 346929 141599 105756 58652 50915 113097 78890 205330 42448 47622 36994
is_linear=0
shrinkage=0.05


Tree=22
num_leaves=15
num_cat=0
split_feature=0 4 8 3 9 5 0 2 4 2 0 8 0 9
split_gain=908.488 293.095 138.568 129.097 89.7414 74.9836 63.2895 60.4663 56.6826 40.3643 39.8504 38.6539 41.5969 31.2454
threshold=172.50000000000003 0.87573228922345214 1.1570413390000003 37.740345401000006 48.500000000000007 11.500000000000002 244.50000000000003 4.5000000000000009 0.78640653961392903 7.5000000000000009 292.50000000000006 1.1362466875000001 280.50000000000006 116.50000000000001
decision_type=2 10 2 2 2 2 2 2 10 2 2 2 2 2
left_child=2 6 -1 5 -4 -3 7 -2 -6 -8 -7 12 -5 -10
right_child=1 3 4 11 8 10 9 -9 13 -11 -12 -13 -14 -15
leaf_value=-0.0095388997022994651 -0.00015938740542428484 0.0011155653046804714 -0.006035903125531982 0.001684216003417527 -0.0060643215135631904 0.0065852336736376867 0.0065217593785086812 -0.0098361921357337373 -0.00058355099455900737 -0.0086200161475806104 0.055879863497397209 0.01752327247147099 0.035679526653997394 0.0040040897016243929
leaf_weight=164254 27982 48104 87530 5170 21358 57178 18358 36362 56798 10129 4483 12503 4664 7460
leaf_count=164254 27982 48104 87530 5170 21358 57178 18358 36362 56798 10129 4483 12503 4664 7460
internal_value=-0.00126599 0.00119537 -0.00290689 0.00270833 -0.00191989 0.00200305 -0.000957658 -0.00182629 -0.000768855 0.00100432 0.00315725 0.0061729 0.00382457 -2.70774e-05
internal_weight=562333 224933 337400 132102 173146 109765 92831 64344 85616 28487 61661 22337 9834 64258
internal_count=562333 224933 337400 132102 173146 109765 92831 64344 85616 28487 61661 22337 9834 64258
is_linear=0
shrinkage=0.05


Tree=23
num_leaves=15
num_cat=0
split_feature=0 0 2 4 0 7 2 7 7 3 0 3 7 2
split_gain=852.593 226.557 217.908 158.764 114.381 86.0617 83.3841 70.0364 55.2241 50.5353 45.2145 38.6815 38.5103 38.128
threshold=185.50000000000003 269.50000000000006 5.5000000000000009 0.78406336738451854 124.50000000000001 0.99064233700000004 3.5000000000000004 1.0380891340000002 1.0567018745000001 26.969335557000004 294.50000000000006 -50.778961037999991 0.96851606650000011 7.5000000000000009
decision_type=2 2 2 10 2 2 2 2 2 2 2 2 2 2
left_child=3 2 5 -1 8 -2 9 10 -5 12 13 -7 -6 -3
right_child=1 7 -4 4 6 11 -8 -9 -10 -11 -12 -13 -14 -15
leaf_value=-0.010202150279080235 -0.0001373570802127784 0.011667419248734646 -0.0085384562090011617 -0.0063523811758795685 -0.0023351752184428793 -0.0086146566586513644 -0.0082419238752287505 0.026954249919983627 -0.0017196939073041099 0.0066119840057448937 0.064493785248950233 0.0058207193084666405 0.0015794880189552317 -0.003196618522891298
leaf_weight=150941 44129 17691 44110 94095 17501 3104 19173 16076 41121 5489 4868 61728 34351 8592
leaf_count=150941 44129 17691 44110 94095 17501 3104 19173 16076 41121 5489 4868 61728 34351 8592
internal_value=-0.00124454 0.00137372 0.000439617 -0.00269057 -0.00180721 0.00163991 -0.000262289 0.00440093 -0.00268139 0.000692201 0.00301691 0.00279917 0.000209035 0.00219625
internal_weight=562969 200298 153071 362671 211730 108961 76514 47227 135216 57341 31151 64832 51852 26283
internal_count=562969 200298 153071 362671 211730 108961 76514 47227 135216 57341 31151 64832 51852 26283
is_linear=0
shrinkage=0.05


Tree=24
num_leaves=15
num_cat=0
split_feature=1 4 8 5 9 5 3 0 8 3 9 8 0 8
split_gain=766.78 272.507 129.359 122.984 69.5175 60.8577 47.002 45.1744 46.6481 38.2266 41.2757 32.3643 28.2606 32.4523
threshold=136.50000000000003 0.85182264427517873 1.1570413390000003 13.500000000000002 44.500000000000007 29.500000000000004 1.0233469265000001 240.50000000000003 0.94225175350000012 26.969335557000004 119.50000000000001 0.84332252950000008 293.50000000000006 0.93179116150000019
decision_type=2 10 2 2 2 2 2 2 2 2 2 2 2 2
left_child=1 7 -2 9 -4 12 -6 8 -1 10 -3 -9 13 -5
right_child=2 3 4 5 6 -7 -8 11 -10 -11 -12 -13 -14 -15
leaf_value=-0.010907096964109941 -0.0089734601102394607 -0.00013698083716171252 -0.0057572585945343735 0.0032160681030652186 -0.0030681084974086576 0.04161946637299925 0.0010310451169686372 -0.0041992971540257031 -0.0018523284800105106 0.0073324564725320398 0.0056390552919922884 0.0058548558266671219 0.057209123134411156 0.0086069458785129373
leaf_weight=26142 155610 60821 79009 13347 58765 3412 27059 13689 36703 10671 13341 13010 5119 45726
leaf_count=26142 155610 60821 79009 13347 58765 3412 27059 13689 36703 10671 13341 13010 5119 45726
internal_value=-0.00124988 0.000874616 -0.00285418 0.00216059 -0.001878 0.00375142 -0.000892706 -0.00131459 -0.00204654 0.0008927 0.000489974 0.000408365 0.00340499 0.00309565
internal_weight=562424 241981 320443 152437 164833 67604 85824 89544 62845 84833 74162 26699 64192 59073
internal_count=562424 241981 320443 152437 164833 67604 85824 89544 62845 84833 74162 26699 64192 59073
is_linear=0
shrinkage=0.05


Tree=25
num_leaves=15
num_cat=0
split_feature=0 4 9 5 2 0 7 0 7 2 0 7 7 7
split_gain=705.373 215.792 145.037 137.114 96.6315 81.9673 73.2296 64.1173 41.3864 41.302 61.1818 36.8107 32.8006 30.9189
threshold=214.50000000000003 0.76002910813639046 53.500000000000007 20.500000000000004 6.5000000000000009 274.50000000000006 0.96851606650000011 248.50000000000003 0.97161239850000014 2.5000000000000004 132.50000000000003 1.0603365225000003 1.1029995185000001 1.1222305165000004
decision_type=2 10 2 2 2 2 2 2 2 2 2 2 2 2
left_child=1 12 8 4 7 -6 -4 11 -3 10 13 -2 -1 -8
right_child=3 2 6 -5 5 -7 9 -9 -10 -11 -12 -13 -14 -15
leaf_value=-0.010208534505557434 -0.00013011994380752887 -0.00920890258354818 -0.0034947004903916135 0.019740063902399296 -0.012344193200897094 0.0090735721560840574 -0.0010661636319560447 0.010333050759248154 -0.0035852673478313259 -0.0018157641193414214 0.0037208489270629305 0.0061091246273692135 -0.003817978315536492 0.0038618363526986238
leaf_weight=135241 33911 39075 46767 20069 21411 15871 30280 39508 80293 36615 27723 14692 14859 5549
leaf_count=135241 33911 39075 46767 20069 21411 15871 30280 39508 80293 36615 27723 14692 14859 5549
internal_value=-0.00122452 -0.0022716 -0.00141701 0.00177284 0.00115859 -0.00097514 -0.000365255 0.00206143 -0.00271159 0.000397465 0.00116808 0.00084523 -0.00378768 -0.000196602
internal_weight=561864 416402 266302 145462 125393 37282 146934 88111 119368 100167 63552 48603 150100 35829
internal_count=561864 416402 266302 145462 125393 37282 146934 88111 119368 100167 63552 48603 150100 35829
is_linear=0
shrinkage=0.05


Tree=26
num_leaves=15
num_cat=0
split_feature=0 4 8 0 2 7 9 8 7 7 2 0 4 8
split_gain=642.777 226.505 115.939 101.933 107.376 64.8175 56.6042 54.1185 48.9643 42.8362 52.676 37.6773 36.2067 34.317
threshold=161.50000000000003 0.85182264427517873 1.1966081490000002 251.50000000000003 3.5000000000000004 1.2098183425000004 42.500000000000007 0.93179116150000019 1.0380891340000002 1.0054647870000004 1.5000000000000002 293.50000000000006 0.75752215587138716 1.2273597760000001
decision_type=2 10 2 2 2 2 2 2 2 2 2 2 10 2
left_child=2 8 12 4 9 6 -4 11 -2 10 -3 -5 -1 -11
right_child=1 3 5 7 -6 -7 -8 -9 -10 13 -12 -13 -14 -15
leaf_value=-0.012165399036876683 -0.0053715241097114881 0.010475208030961155 -0.0056149912015702021 0.002861300387305598 -0.0020541756960695671 0.0031812456751790633 -0.0015449066107704414 0.015534758431755773 0.0017375026644479135 0.0010753903585143541 -0.00050816795629849711 0.056124673492380685 -0.005462464148949138 0.0069047646186783766
leaf_weight=77736 70165 4125 62097 19520 43140 7365 74109 35195 21086 6943 19021 4113 95294 22170
leaf_count=77736 70165 4125 62097 19520 43140 7365 74109 35195 21086 6943 19021 4113 95294 22170
internal_value=-0.00120159 0.000718623 -0.00269043 0.00188686 0.000877373 -0.00163993 -0.001887 0.0035237 -0.00125586 0.00240136 0.000795645 0.00167252 -0.003562 0.00367762
internal_weight=562079 245478 316601 154227 95399 143571 136206 58828 91251 52259 23146 23633 173030 29113
internal_count=562079 245478 316601 154227 95399 143571 136206 58828 91251 52259 23146 23633 173030 29113
is_linear=0
shrinkage=0.05


Tree=27
num_leaves=15
num_cat=0
split_feature=0 4 0 7 2 0 2 4 7 0 7 2 0 7
split_gain=604.96 205.369 133.2 118.998 104.705 85.0218 95.7703 64.3306 47.499 44.6432 36.8545 36.675 36.4256 32.2119
threshold=212.50000000000003 0.76258447403184448 116.50000000000001 1.0603365225000003 2.5000000000000004 285.50000000000006 5.5000000000000009 1.2136763669125854 1.2034202360000001 278.50000000000006 0.96851606650000011 4.5000000000000009 247.50000000000003 1.1029995185000001
decision_type=2 10 2 2 2 2 2 10 2 2 2 2 2 2
left_child=1 13 8 5 7 6 12 10 -3 11 -4 -5 -2 -1
right_child=3 2 4 9 -6 -7 -8 -9 -10 -11 -12 -13 -14 -15
leaf_value=-0.0093451908289862596 0.00098903898514539389 -0.0045873580863014171 -0.0012721771420018844 0.010783758040404118 -0.0030328572615252545 0.022343479613596982 -0.0062059273403571435 0.0070422115775732501 0.0017489734050397611 0.031284024519622172 0.0022722375149067733 0.0037261981932022905 0.008094844179123319 -0.0032077687713173565
leaf_weight=135915 31171 126987 18353 16513 72662 15444 40112 6138 5645 8201 32160 17187 20319 14788
leaf_count=135915 31171 126987 18353 16513 72662 15444 40112 6138 5645 8201 32160 17187 20319 14788
internal_value=-0.00117579 -0.00216172 -0.00131561 0.00155563 -0.00017372 0.000671361 9.26773e-05 0.00143753 -0.00242889 0.00381437 0.000849894 0.00300845 0.00151956 -0.00363229
internal_weight=561595 412648 261945 148947 129313 107046 91602 56651 132632 41901 50513 33700 51490 150703
internal_count=561595 412648 261945 148947 129313 107046 91602 56651 132632 41901 50513 33700 51490 150703
is_linear=0
shrinkage=0.05


Tree=28
num_leaves=15
num_cat=0
split_feature=0 5 7 0 8 2 2 0 0 8 7 0 7 2
split_gain=546.541 202.816 108.304 90.0894 62.3939 60.3258 46.2909 87.2616 41.9511 41.681 40.0995 39.5775 37.0467 48.0384
threshold=151.50000000000003 10.500000000000002 0.96851606650000011 255.50000000000003 1.1362466875000001 3.5000000000000004 2.5000000000000004 77.500000000000014 295.50000000000006 0.93179116150000019 1.2034202360000001 239.50000000000003 1.0054647870000004 1.5000000000000002
decision_type=2 2 2 2 2 2 2 2 2 2 2 2 2 2
left_child=2 4 -1 5 11 12 7 10 9 -5 -4 -2 13 -3
right_child=1 3 6 8 -6 -7 -8 -9 -10 -11 -12 -13 -14 -15
leaf_value=-0.0091031076935705682 -0.0066037521749129002 0.010517827483280819 -0.0041770097188947699 0.0051592851331566762 0.0010295523644826938 -0.0013222129851397674 -0.0090442325356866159 0.00031978057230526593 0.074179623200550521 0.013690475682822648 0.0020992869607003792 -0.00037546574994615375 0.005149261990037228 -0.00105970014296922
leaf_weight=116508 56733 3859 81964 19726 46218 38422 44123 49291 4916 27932 5132 26114 24132 16643
leaf_count=116508 56733 3859 81964 19726 46218 38422 44123 49291 4916 27932 5132 26114 24132 16643
internal_value=-0.00115977 0.000492349 -0.00263209 0.00184244 -0.000926436 0.000817109 -0.00186494 -0.00140943 0.00346203 0.00300778 -0.00236082 -0.00174751 0.00206725 0.000504217
internal_weight=561713 264695 297018 135630 129065 83056 180510 136387 52574 47658 87096 82847 44634 20502
internal_count=561713 264695 297018 135630 129065 83056 180510 136387 52574 47658 87096 82847 44634 20502
is_linear=0
shrinkage=0.05


Tree=29
num_leaves=15
num_cat=0
split_feature=0 4 8 3 9 0 7 2 9 7 4 0 8 7
split_gain=511.264 196.596 104.969 87.5256 58.304 56.7418 49.0759 47.3795 45.4314 39.2089 38.254 31.2291 30.2914 29.8355
threshold=153.50000000000003 0.79092681674299614 1.1966081490000002 32.333658099500006 119.50000000000001 276.50000000000006 1.2098183425000004 6.5000000000000009 41.500000000000007 1.1012503740000004 0.76504219974965826 265.50000000000006 1.1337727820000001 0.97388539000000007
decision_type=2 10 2 2 2 2 2 2 2 2 10 2 2 2
left_child=2 9 10 4 5 7 8 13 -4 11 -1 -2 -5 -3
right_child=1 3 6 12 -6 -7 -8 -9 -10 -11 -12 -13 -14 -15
leaf_value=-0.010785774268434292 -0.0065833986673735538 -0.001894729856580054 -0.0048802805782252531 0.0078343735861342925 0.005641778970665051 0.013728842267147679 0.0028031760106044801 -0.012898147220915177 -0.0015200994831988952 0.0047521599013833756 -0.0049254031337185884 0.0046244150218592104 0.012105833639135916 0.0017612495960080924
leaf_weight=76720 54281 30944 59670 12177 34483 19588 7165 13479 70006 6668 87857 6244 15997 67348
leaf_count=76720 54281 30944 59670 12177 34483 19588 7165 13479 70006 6668 87857 6244 15997 67348
internal_value=-0.00112638 0.000492717 -0.00252947 0.00129996 0.000862179 0.000381801 -0.00150611 -5.32774e-05 -0.0017287 -0.00183808 -0.00338029 -0.00223897 0.00387629 0.000327984
internal_weight=562627 261209 301418 194016 165842 131359 136841 111771 129676 67193 164577 60525 28174 98292
internal_count=562627 261209 301418 194016 165842 131359 136841 111771 129676 67193 164577 60525 28174 98292
is_linear=0
shrinkage=0.05


Tree=30
num_leaves=15
num_cat=0
split_feature=0 3 7 0 8 9 0 9 8 7 3 0 3 8
split_gain=458.57 175.663 104.066 85.8924 63.811 60.3213 42.9661 43.4576 41.1393 39.2927 32.7257 31.6111 28.1871 25.5793
threshold=150.50000000000003 -5.6161300884999994 0.96851606650000011 237.50000000000003 0.86816039850000015 52.500000000000007 291.50000000000006 119.50000000000001 0.84332252950000008 1.0054647870000004 -47.599785314999998 285.50000000000006 26.969335557000004 1.3652772700000002
decision_type=2 2 2 2 2 2 2 2 2 2 2 2 2 2
left_child=2 3 -1 4 -2 -4 7 9 11 -3 -6 -5 -11 -7
right_child=1 6 5 8 10 13 -8 -9 -10 12 -12 -13 -14 -15
leaf_value=-0.0083690548938329459 -0.010150196830537824 -0.00094005467534817144 -0.004136206746406885 -0.0049262710493915198 -0.0070359318722091396 -0.0025334278246293149 0.043801870111477376 0.0073083428623678176 0.0057689830759300688 0.0021833995556113728 -0.00041121747796478322 0.016556212325528355 0.0084090251359966034 0.00070992505304628116
leaf_weight=116108 26082 24910 112324 18515 17189 40176 7193 23991 32113 27282 68669 4887 15906 27294
leaf_count=116108 26082 24910 112324 18515 17189 40176 7193 23991 32113 27282 68669 4887 15906 27294
internal_value=-0.0011062 0.000397255 -0.00246145 -0.000590739 -0.00138818 -0.00170785 0.00206361 0.0017727 0.0010172 0.00112785 -0.000730118 -0.000577179 0.00203991 -0.000526122
internal_weight=562639 266737 295902 167455 111940 179794 99282 92089 55515 68098 85858 23402 43188 67470
internal_count=562639 266737 295902 167455 111940 179794 99282 92089 55515 68098 85858 23402 43188 67470
is_linear=0
shrinkage=0.05


Tree=31
num_leaves=15
num_cat=0
split_feature=1 4 9 8 1 1 8 2 7 7 8 7 8 2
split_gain=427.324 203.669 109.412 86.8302 60.6073 55.4092 53.953 37.2653 35.6714 34.0776 33.1142 29.8587 29.2002 25.5963
threshold=80.500000000000014 0.76258447403184448 49.500000000000007 0.84332252950000008 24.500000000000004 16.500000000000004 1.3216616265000003 5.5000000000000009 0.96851606650000011 0.97299154700000012 1.4582857940000002 1.0717421425000002 1.3894671710000004 1.5000000000000002
decision_type=2 10 2 2 2 2 2 2 2 2 2 2 2 2
left_child=3 9 8 5 -5 -1 13 -6 -3 -2 11 -8 -13 -4
right_child=1 2 6 4 7 -7 10 -9 -10 -11 -12 12 -14 -15
leaf_value=0.015777922015415034 -0.0099554802460646123 -0.0077365197828937722 0.00023627860777172528 0.01928363543892481 0.00486106551654717 -0.0052784377383047936 0.0013814629687308054 -0.0011351765749334939 -0.0027748477329020745 -0.0049811254679649492 -1.0894164409722794e-05 0.0027926282247838861 0.0077786096225923671 -0.002827882163696198
leaf_weight=10479 78857 34543 38085 21739 56950 28688 16183 18754 74678 75112 32355 4079 4770 66539
leaf_count=10479 78857 34543 38085 21739 56950 28688 16183 18754 74678 75112 32355 4079 4770 66539
internal_value=-0.00106068 -0.0018423 -0.00101778 0.0013721 0.00217126 -0.00061613 -0.000193223 0.00150286 -0.00224081 -0.00329468 0.00103873 0.00240404 0.00473854 -0.000868976
internal_weight=561811 425201 271232 136610 97443 39167 162011 75704 109221 153969 57387 25032 8849 104624
internal_count=561811 425201 271232 136610 97443 39167 162011 75704 109221 153969 57387 25032 8849 104624
is_linear=0
shrinkage=0.05


Tree=32
num_leaves=15
num_cat=0
split_feature=0 4 7 9 4 8 9 0 0 8 7 8 7 7
split_gain=392.965 155.818 101.627 78.7898 73.1278 55.4688 53.3854 42.9803 36.0528 30.431 29.2985 26.418 25.8194 21.3813
threshold=193.50000000000003 0.74766166979362825 1.0603365225000003 42.500000000000007 0.79092681674299614 1.3216616265000003 107.50000000000001 292.50000000000006 270.50000000000006 1.4582857940000002 0.98183510250000017 0.93179116150000019 0.96851606650000011 0.97299154700000012
decision_type=2 10 2 2 10 2 2 2 2 2 2 2 2 2
left_child=1 10 4 12 -2 13 7 -6 11 -7 -1 -4 -3 -5
right_child=2 3 8 5 6 9 -8 -9 -10 -11 -12 -13 -14 -15
leaf_value=-0.0097603666393305637 -0.0052317014655939402 -0.0079680774865248886 -0.0026958689568850783 -0.0035365329127617163 -0.00081512411719794316 0.0022634969973413066 0.0061580461850898145 0.033826446049890456 0.020038969771603764 -0.00042061743764024661 -0.0047863375672088388 0.0056082062945577906 -0.0030195028612750303 -0.00089456639310521761
leaf_weight=74158 34618 28155 5717 48471 64635 23631 28213 5904 12132 31405 58775 33785 60018 52973
leaf_count=74158 34618 28155 5717 48471 64635 23631 28213 5904 12132 31405 58775 33785 60018 52973
internal_value=-0.00105556 -0.00198053 0.000832283 -0.00123178 0.000103092 -0.000558202 0.000796297 6.10246e-05 0.00271558 0.000719826 -0.00335845 0.00198294 -0.00242708 -0.00125157
internal_weight=562590 377586 185004 244653 133370 156480 98752 70539 51634 55036 132933 39502 88173 101444
internal_count=562590 377586 185004 244653 133370 156480 98752 70539 51634 55036 132933 39502 88173 101444
is_linear=0
shrinkage=0.05


Tree=33
num_leaves=15
num_cat=0
split_feature=0 4 5 8 0 8 3 2 4 0 0 2 8 0
split_gain=361.854 174.558 79.4223 78.8889 45.9686 38.6599 32.4638 31.7736 31.5498 30.4522 27.5442 34.6452 25.7084 30.3665
threshold=136.50000000000003 0.78640653961392903 10.500000000000002 1.1966081490000002 291.50000000000006 0.78664829850000018 0.79505891500000014 3.5000000000000004 0.74766166979362825 232.50000000000003 249.50000000000003 1.5000000000000002 1.2696406140000003 263.50000000000006
decision_type=2 10 2 2 2 2 2 2 10 2 2 2 2 2
left_child=3 12 7 8 5 -4 -5 -3 -1 -9 11 -7 13 -2
right_child=1 2 4 6 -6 10 -8 9 -10 -11 -12 -13 -14 -15
leaf_value=-0.0093323951511141579 -0.0065965883024596732 0.001384922550550106 -0.0052037942817968995 -0.0036265575359996577 0.037501564731378029 0.0051637968978146629 -0.00020254842354968159 -0.005205052312171634 -0.0046123320792903931 0.00071078689665384279 0.0089529936594822251 0.001108167229060256 0.0009620011100734332 0.0037437093057634007
leaf_weight=65366 60258 36157 10675 86467 9555 10664 35569 29837 81283 24207 36977 58963 9854 6750
leaf_count=65366 60258 36157 10675 86467 9555 10664 35569 29837 81283 24207 36977 58963 9854 6750
internal_value=-0.00103906 0.000173407 0.000898566 -0.00236527 0.00170515 0.00143331 -0.001426 -0.000235629 -0.00314683 -0.00100316 0.00172059 0.00113475 -0.00187415 -0.00222479
internal_weight=562582 293897 217035 268685 126834 117279 122036 90201 146649 54044 106604 69627 76862 67008
internal_count=562582 293897 217035 268685 126834 117279 122036 90201 146649 54044 106604 69627 76862 67008
is_linear=0
shrinkage=0.05


Tree=34
num_leaves=15
num_cat=0
split_feature=0 4 9 2 0 0 8 2 7 7 8 3 7 7
split_gain=332.142 163.762 86.0536 78.6662 63.8513 52.1218 49.3677 39.1101 34.9885 34.4528 28.9176 25.2481 29.6638 29.4177
threshold=208.50000000000003 0.76002910813639046 38.500000000000007 7.5000000000000009 249.50000000000003 278.50000000000006 1.3216616265000003 4.5000000000000009 0.96664708200000005 0.96493356350000015 1.4582857940000002 6.8906354850000016 1.0311271285000003 0.96947225100000012
decision_type=2 10 2 2 2 2 2 2 2 2 2 2 2 2
left_child=1 8 -3 4 7 -5 -4 -2 -1 -6 11 12 13 -8
right_child=3 2 6 5 9 -7 10 -9 -10 -11 -12 -13 -14 -15
leaf_value=-0.0088543688043588985 0.0028662926123959476 -0.004333393448286104 -0.0018146110734194997 -0.020945873059389955 0.0022047420925711421 0.005827670479682222 0.0021248928950944146 -0.0021654176705997808 -0.0043893792593948612 0.01096115558052544 -0.00025643929146608669 0.0040515586882680574 0.0043258930751353319 -0.0055148530740295985
leaf_weight=72088 39360 78078 117135 12471 18499 9934 3283 29981 75720 46757 35552 8103 10296 5844
leaf_count=72088 39360 78078 117135 12471 18499 9934 3283 29981 75720 46757 35552 8103 10296 5844
internal_value=-0.000978245 -0.00173329 -0.00097371 0.000974732 0.00143137 -0.00176819 -0.000372966 0.000374858 -0.00306056 0.0025539 0.000754719 0.00197123 0.000992638 -0.00108246
internal_weight=563101 406099 258291 157002 134597 22405 180213 69341 147808 65256 63078 27526 19423 9127
internal_count=563101 406099 258291 157002 134597 22405 180213 69341 147808 65256 63078 27526 19423 9127
is_linear=0
shrinkage=0.05


Tree=35
num_leaves=15
num_cat=0
split_feature=0 3 7 0 2 7 2 2 9 5 2 7 0 7
split_gain=311.468 146.792 78.4879 76.501 93.4197 54.4288 43.5454 39.7392 34.2588 33.7761 31.5444 29.1688 29.1278 27.4259
threshold=129.50000000000003 -2.8643131859999995 1.0567018745000001 238.50000000000003 4.5000000000000009 1.1012503740000004 7.5000000000000009 2.5000000000000004 37.500000000000007 29.500000000000004 2.5000000000000004 1.2034202360000001 280.50000000000006 0.94488933350000004
decision_type=2 2 2 2 2 2 2 2 2 2 2 2 2 2
left_child=2 3 7 4 5 -2 -5 8 -1 13 11 -4 -8 -3
right_child=1 9 10 6 -6 -7 12 -9 -10 -11 -12 -13 -14 -15
leaf_value=-0.0060449309987566464 -0.0013039331642540524 -0.0015720441957902901 -0.00075696085963104624 0.0045323270713048388 -0.0085195842269113666 0.0057176909354214765 -0.016286900913161113 -0.010997600827862605 -0.002995884025833043 0.028316503385084318 -0.0082264724698329992 0.0031197378752513358 0.0071355144829058264 0.0037687085514322132
leaf_weight=75160 82530 14190 44868 41703 54880 10190 8769 36069 79314 3145 13058 6315 6300 85515
leaf_count=75160 82530 14190 44868 41703 54880 10190 8769 36069 79314 3145 13058 6315 6300 85515
internal_value=-0.000972367 9.95669e-05 -0.00226489 -0.000675762 -0.0012757 -0.000307901 0.000883984 -0.00277445 -0.00242538 0.00164017 -0.000753433 -0.000193699 -0.00141933 0.00147904
internal_weight=562006 307222 254784 204372 147600 92720 56772 190543 154474 102850 64241 51183 15069 99705
internal_count=562006 307222 254784 204372 147600 92720 56772 190543 154474 102850 64241 51183 15069 99705
is_linear=0
shrinkage=0.05


Tree=36
num_leaves=15
num_cat=0
split_feature=1 4 7 7 1 9 8 4 5 9 1 7 7 1
split_gain=296.156 113.129 97.144 72.0154 55.7084 44.0324 36.1721 29.2023 28.2331 22.8546 23.9359 20.0248 20.7857 19.2616
threshold=143.50000000000003 0.71952726341340612 0.97299154700000012 0.97299154700000012 22.500000000000004 48.500000000000007 0.78664829850000018 0.76258447403184448 6.5000000000000009 118.50000000000001 12.500000000000002 1.0717421425000002 1.0806154645000003 4.5000000000000009
decision_type=2 10 2 2 2 2 2 10 2 2 2 2 2 2
left_child=1 -1 7 9 13 -4 -6 -2 -8 10 -3 -7 -13 -5
right_child=2 3 5 4 6 11 8 -9 -10 -11 -12 12 -14 -15
leaf_value=-0.0065805186148039461 -0.0084465306192680143 0.013126820645940635 -0.0030889243531312277 0.06966272183765819 -0.0067173897157599876 -0.0013529937144118858 -0.0013734623160786585 -0.0044522331375729668 0.0030030981774612801 0.0021413387063044759 -0.0029550402220720651 0.0052984480139857196 0.00033483733639286419 0.013298665002933399
leaf_weight=35501 62312 6271 103656 3083 7781 52039 17069 62886 100726 15145 53137 3110 22990 16768
leaf_count=35501 62312 6271 103656 3083 7781 52039 17069 62886 100726 15145 53137 3110 22990 16768
internal_value=-0.000944161 0.000313499 -0.00199078 0.000736185 0.00138391 -0.00125261 0.000994735 -0.00306255 0.00121286 -0.000527309 -0.000969318 -0.000356331 0.000773797 0.00384493
internal_weight=562474 255481 306993 219980 145427 181795 125576 125198 117795 74553 59408 78139 26100 19851
internal_count=562474 255481 306993 219980 145427 181795 125576 125198 117795 74553 59408 78139 26100 19851
is_linear=0
shrinkage=0.05


Tree=37
num_leaves=15
num_cat=0
split_feature=4 9 7 3 7 7 7 8 5 4 7 7 5 9
split_gain=275.498 123.407 87.2345 61.9953 41.378 29.3938 29.5739 27.3009 25.5774 25.277 17.9119 16.9153 16.0456 15.9915
threshold=0.76746117987080242 119.50000000000001 1.0567018745000001 26.969335557000004 1.0975312830000001 0.97299154700000012 0.97667913200000012 1.5109388625000002 14.500000000000002 0.66624695160867542 0.9145319635000001 0.96664708200000005 21.500000000000004 72.500000000000014
decision_type=10 2 2 2 2 2 2 2 2 10 2 2 2 2
left_child=4 2 5 7 9 13 -7 8 -4 -1 -3 -11 -12 -2
right_child=1 10 3 -5 -6 6 -8 -9 -10 11 12 -13 -14 -15
leaf_value=-0.0072492511054997946 -0.004675072650512143 -0.0008236430087775131 0.00023562990447574775 0.007550158204495787 -0.00071107604925475874 0.0025429969437946432 -0.0013256760183578665 -0.0015348889133855311 0.0046517178015243743 -0.0056348938174930058 0.0040611436655777428 -0.002124706171379831 0.013847823263382504 -0.0013678808172159886
leaf_weight=90201 77313 5553 50302 15493 18479 6399 113742 22388 15535 37187 37544 32626 5384 34463
leaf_count=90201 77313 5553 50302 15493 18479 6399 113742 22388 15535 37187 37544 32626 5384 34463
internal_value=-0.000919895 -0.000165652 -0.000506273 0.000699072 -0.00254297 -0.00104533 -0.000502348 0.000186727 0.000699628 -0.00280167 0.00219228 -0.00208707 0.00253791 -0.0016289
internal_weight=562609 384116 335635 103718 178493 231917 120141 88225 65837 160014 48481 69813 42928 111776
internal_count=562609 384116 335635 103718 178493 231917 120141 88225 65837 160014 48481 69813 42928 111776
is_linear=0
shrinkage=0.05


Tree=38
num_leaves=15
num_cat=0
split_feature=4 0 0 2 7 0 2 7 8 2 0 8 8 2
split_gain=260.086 162.841 59.8134 71.176 50.1376 42.8551 51.9109 39.0833 37.158 29.5651 25.5355 24.5901 28.8538 25.6086
threshold=0.76746117987080242 124.50000000000001 289.50000000000006 6.5000000000000009 0.97299154700000012 244.50000000000003 3.5000000000000004 1.0603365225000003 1.3346537415000002 1.5000000000000002 263.50000000000006 1.5045412810000003 1.1077050400000001 2.5000000000000004
decision_type=10 2 2 2 2 2 2 2 2 2 2 2 2 2
left_child=7 8 3 4 9 6 11 -1 -2 -3 -5 12 -6 -13
right_child=1 2 -4 10 5 -7 -8 -9 -10 -11 -12 13 -14 -15
leaf_value=-0.0059160329059733787 -0.0037864320677127544 0.003834764305233235 0.026113378552470562 -0.016487549670293235 -0.00045150740042488647 0.008213336804857382 -0.0012039953827026255 -0.001456463306067116 -0.00042371441736764631 -0.0016943778611441746 -0.002431968854408472 0.0014963135132752662 0.0041981903524567626 -0.0034891889394798418
leaf_weight=148888 95532 6561 13664 12149 9231 35200 42206 29783 45736 55657 12760 10276 39068 5872
leaf_count=148888 95532 6561 13664 12149 9231 35200 42206 29783 45736 55657 12760 10276 39068 5872
internal_value=-0.000907441 -0.000174023 0.000611705 0.000419895 0.000727889 0.00124691 0.000747575 -0.00248329 -0.00152358 -0.00045546 -0.00210304 0.00164021 0.00220489 -4.89085e-05
internal_weight=562583 383912 242644 228980 204071 141853 106653 178671 141268 62218 24909 64447 48299 16148
internal_count=562583 383912 242644 228980 204071 141853 106653 178671 141268 62218 24909 64447 48299 16148
is_linear=0
shrinkage=0.05


Tree=39
num_leaves=15
num_cat=0
split_feature=0 4 2 0 0 9 2 2 7 0 7 7 7 2
split_gain=249.298 106.405 74.1825 75.8538 65.5393 50.6335 43.3942 39.8218 37.6253 34.556 27.215 24.0026 20.1067 18.5457
threshold=180.50000000000003 0.7450369961333545 6.5000000000000009 270.50000000000006 248.50000000000003 32.500000000000007 3.5000000000000004 2.5000000000000004 0.97860231050000013 107.50000000000001 0.92190608350000014 1.0567018745000001 0.96493356350000015 4.5000000000000009
decision_type=2 10 2 2 2 2 2 2 2 2 2 2 2 2
left_child=1 8 4 -4 6 -3 -2 9 -1 11 -8 -7 -6 -10
right_child=2 5 3 -5 12 7 10 -9 13 -11 -12 -13 -14 -15
leaf_value=-0.0075099551133499852 0.0026072388241389871 -0.0041736710312684907 -0.012580485419589234 0.0052336851623834522 0.0020943138534274611 -0.0024540135172508781 -0.005317844641220335 -0.0034507357503945424 -0.0023018073958492105 0.001050078070644939 -9.5815776712902969e-05 0.00071572401659204777 0.0097953563706547619 -0.012707517960648219
leaf_weight=67987 46114 60632 25549 21038 13681 50128 11422 45626 49383 51651 52434 19334 39356 7997
leaf_count=67987 46114 60632 25549 21038 13681 50128 11422 45626 49383 51651 52434 19334 39356 7997
internal_value=-0.000857245 -0.00166875 0.000508494 -0.00125097 0.00101137 -0.00102388 0.00031507 -0.000573905 -0.00283823 -9.96148e-05 -0.000528963 -0.000827876 0.00245494 -0.0018951
internal_weight=562332 352738 209594 46587 163007 227371 109970 166739 125367 121113 63856 69462 53037 57380
internal_count=562332 352738 209594 46587 163007 227371 109970 166739 125367 121113 63856 69462 53037 57380
is_linear=0
shrinkage=0.05


Tree=40
num_leaves=15
num_cat=0
split_feature=4 1 5 8 7 1 8 7 7 4 1 1 7 8
split_gain=231.097 136.483 58.0548 37.5657 34.4623 33.7542 32.8161 29.403 24.3285 23.9412 22.8102 21.98 17.7126 16.7678
threshold=0.7450369961333545 174.50000000000003 13.500000000000002 1.3346537415000002 0.98183510250000017 4.5000000000000009 0.87557861150000005 0.96851606650000011 1.1029995185000001 1.1670826787498128 68.500000000000014 109.50000000000001 1.2034202360000001 1.5743189000000002
decision_type=10 2 2 2 2 2 2 2 2 10 2 2 2 2
left_child=4 2 6 8 11 -4 -2 -7 -3 -10 -8 -1 13 -5
right_child=1 3 5 12 -6 7 10 -9 9 -11 -12 -13 -14 -15
leaf_value=-0.0038091475652294871 -0.0048184484885770967 -0.003854899688813035 0.061148478330982636 9.928627960336013e-05 -0.0030038912863970704 -0.00056027045128252944 0.0036634594571285598 0.0043953769223990594 -0.0034112731231389216 0.0037754851537459689 -9.0586742897235349e-05 -0.006921160596461951 0.002845302371371621 -0.0023035651861825126
leaf_weight=16702 33080 93779 4232 31120 69456 22875 30934 61263 5021 3170 101163 72808 4748 12433
leaf_count=16702 33080 93779 4232 31120 69456 22875 30934 61263 5021 3170 101163 72808 4748 12433
internal_value=-0.00084618 -0.000210465 0.000497195 -0.00140445 -0.00246102 0.00153154 -5.62119e-05 0.00131217 -0.00194852 0.000664347 0.000296474 -0.00310954 -0.000255767 -0.000571997
internal_weight=562784 403818 253547 150271 158966 88370 165177 84138 101970 8191 132097 89510 48301 43553
internal_count=562784 403818 253547 150271 158966 88370 165177 84138 101970 8191 132097 89510 48301 43553
is_linear=0
shrinkage=0.05


Tree=41
num_leaves=15
num_cat=0
split_feature=4 0 0 2 2 2 0 8 0 2 3 8 8 9
split_gain=217.199 128.636 60.9714 86.9513 39.2811 34.0723 40.129 31.8004 27.879 29.4296 22.9374 21.7856 19.7351 19.7053
threshold=0.71952726341340612 121.50000000000001 265.50000000000006 5.5000000000000009 2.5000000000000004 3.5000000000000004 230.50000000000003 1.3346537415000002 296.50000000000006 7.5000000000000009 26.969335557000004 1.2006275805000002 1.1362466875000001 58.500000000000007
decision_type=10 2 2 2 2 2 2 2 2 2 2 2 2 2
left_child=11 4 3 5 7 10 -7 -2 9 -4 -3 -1 -12 -5
right_child=1 2 8 13 -6 6 -8 -9 -10 -11 12 -13 -14 -15
leaf_value=-0.0067989542123638586 -0.0028552295236074681 0.001057222499497628 0.0085313992091387136 -0.011322411616373495 -0.0077556310470841289 -0.0026429547626537538 0.0025321043925918031 4.2009486306265218e-06 0.064148411467919608 -0.0048172550165080713 -0.0014505643531506308 -0.0027508801293042789 0.0056479342174106896 -0.0020796014908146141
leaf_weight=97078 88688 97308 37163 20187 22099 49099 25342 43158 3931 10245 3098 40026 12227 13086
leaf_count=97078 88688 97308 37163 20187 22099 49099 25342 43158 3931 10245 3098 40026 12227 13086
internal_value=-0.000838177 -0.000280652 0.000373659 1.20931e-05 -0.00143537 0.000430993 -0.000399015 -0.0011083 0.00192535 0.00158944 0.000979553 -0.00256891 0.00277723 -0.00234284
internal_weight=562735 425631 271686 220347 153945 187074 74441 131846 51339 47408 112633 137104 15325 33273
internal_count=562735 425631 271686 220347 153945 187074 74441 131846 51339 47408 112633 137104 15325 33273
is_linear=0
shrinkage=0.05


Tree=42
num_leaves=15
num_cat=0
split_feature=4 1 2 8 1 1 2 7 7 1 8 7 2 7
split_gain=197.703 117.844 53.3984 46.9617 41.2728 38.4961 39.7323 33.2993 31.1847 30.8034 25.383 34.1956 31.5082 21.9146
threshold=0.71952726341340612 151.50000000000003 2.5000000000000004 0.87557861150000005 195.50000000000003 48.500000000000007 3.5000000000000004 0.94139884600000012 0.98183510250000017 34.500000000000007 1.6045679965000004 1.0704542910000001 1.5000000000000002 1.2034202360000001
decision_type=10 2 2 2 2 2 2 2 2 2 2 2 2 2
left_child=8 3 4 9 -3 -5 10 -6 -1 -2 11 12 -7 -9
right_child=1 2 -4 5 7 6 -8 13 -10 -11 -12 -13 -14 -15
leaf_value=-0.0063064774048463947 0.0027318529791964621 0.00079558662591091081 -0.0061405570636498758 0.0071506689399484652 -0.0058268513185634804 0.0055387425255985986 -0.0009883781622018451 -0.0013920966303498398 -0.0030179141807348416 -0.0051645236793710636 -0.0022887871208562539 0.0064326838873033539 0.00059815800493845904 0.002737580759114296
leaf_weight=77685 21323 39124 39781 45987 25422 9023 61386 84668 59167 29763 6841 13797 43558 4833
leaf_count=77685 21323 39124 39781 45987 25422 9023 61386 84668 59167 29763 6841 13797 43558 4833
internal_value=-0.000805424 -0.000273743 -0.00118344 0.000487346 -0.00076166 0.00086596 0.000439231 -0.00123917 -0.00245848 -0.000851032 0.00122576 0.00152464 0.000943121 -0.000785479
internal_weight=562358 425506 193828 231678 154047 180592 134605 114923 136852 51086 73219 66378 52581 89501
internal_count=562358 425506 193828 231678 154047 180592 134605 114923 136852 51086 73219 66378 52581 89501
is_linear=0
shrinkage=0.05


Tree=43
num_leaves=15
num_cat=0
split_feature=4 1 0 2 2 7 7 7 0 0 8 0 2 8
split_gain=181.996 108.277 46.8382 75.4488 46.5583 39.5088 36.571 30.3677 27.1305 21.0868 19.4473 18.6722 28.7384 23.9192
threshold=0.71952726341340612 155.50000000000003 284.50000000000006 6.5000000000000009 2.5000000000000004 1.0567018745000001 0.96664708200000005 0.98183510250000017 80.500000000000014 257.50000000000006 1.5369512295000003 240.50000000000003 3.5000000000000004 1.6045679965000004
decision_type=10 2 2 2 2 2 2 2 2 2 2 2 2 2
left_child=7 2 3 6 5 8 -2 -1 -3 -5 -7 12 13 -8
right_child=1 4 -4 9 -6 10 11 -9 -10 -11 -12 -13 -14 -15
leaf_value=-0.0060035574309697647 -0.0010483278552373002 -0.0034409988319950668 0.015165941078897108 -0.015302527085089033 -0.0059681132842382412 0.0013752354079920339 0.0028608135377821819 -0.0028547409717344704 -0.00057894297783214483 -0.0034247132999055394 -0.0011458307416992695 0.0054363036346900331 -0.00056623582142391945 -0.0018615462543884376
leaf_weight=77703 55550 61758 21692 12823 36623 29051 46680 59219 47173 12768 12955 38393 43227 6871
leaf_count=77703 55550 61758 21692 12823 36623 29051 46680 59219 47173 12768 12955 38393 43227 6871
internal_value=-0.000785489 -0.000275327 0.000432672 0.000210523 -0.00117373 -0.000785634 0.000552598 -0.00237105 -0.00128796 -0.00233845 0.000517006 0.00099644 0.000626245 0.00140031
internal_weight=562486 425564 238004 216312 187560 150937 190721 136922 108931 25591 42006 135171 96778 53551
internal_count=562486 425564 238004 216312 187560 150937 190721 136922 108931 25591 42006 135171 96778 53551
is_linear=0
shrinkage=0.05


Tree=44
num_leaves=15
num_cat=0
split_feature=4 0 9 2 2 0 0 8 0 8 2 9 0 8
split_gain=174.721 100.428 52.9875 40.2811 37.1358 32.8806 30.855 25.1052 24.6036 23.6426 22.6251 18.2998 17.8486 21.0413
threshold=0.72482102189948627 215.50000000000003 31.500000000000004 3.5000000000000004 6.5000000000000009 274.50000000000006 125.50000000000001 1.3684471115000003 291.50000000000006 1.3652772700000002 1.5000000000000002 119.50000000000001 252.50000000000003 0.83891463200000016
decision_type=10 2 2 2 2 2 2 2 2 2 2 2 2 2
left_child=7 2 -2 6 8 -6 9 12 11 10 -4 -3 13 -1
right_child=1 4 3 -5 5 -7 -8 -9 -10 -11 -12 -13 -14 -15
leaf_value=-0.010683830126018014 -0.0037454334292086828 0.0020239282552501304 -0.00080396280639695407 -0.0045654507894385332 -0.0078738687464900581 0.0051947620112998 0.00089942646854378563 -0.00088330476360904081 0.035237576106960537 0.00062446058646521523 -0.0039638362295058996 0.0058519919233228209 0.00053417059381044151 -0.0043880253527123067
leaf_weight=25363 66757 69645 46874 42566 15047 17051 81772 18750 4751 28908 24816 22474 5378 91516
leaf_count=25363 66757 69645 46874 42566 15047 17051 81772 18750 4751 28908 24816 22474 5378 91516
internal_value=-0.000769826 -0.000259245 -0.000772941 -0.000405796 0.000902591 -0.000571287 -8.25235e-05 -0.00229296 0.00139097 -0.000668868 -0.00115559 0.00120984 -0.00255423 -0.00268382
internal_weight=561668 420661 291693 224936 128968 32098 182370 141007 96870 100598 71690 92119 122257 116879
internal_count=561668 420661 291693 224936 128968 32098 182370 141007 96870 100598 71690 92119 122257 116879
is_linear=0
shrinkage=0.05


Tree=45
num_leaves=15
num_cat=0
split_feature=0 7 7 9 8 8 9 8 0 3 9 8 8 7
split_gain=157.345 101.112 57.9901 42.2356 40.922 41.9844 31.3814 29.6477 28.7287 19.7047 19.1157 16.0021 16.6871 15.9134
threshold=196.50000000000003 0.97299154700000012 1.0603365225000003 104.50000000000001 1.3346537415000002 1.4582857940000002 30.500000000000004 0.83891463200000016 292.50000000000006 -44.736412235999993 50.500000000000007 0.93179116150000019 1.0089564015000001 1.2034202360000001
decision_type=2 2 2 2 2 2 2 2 2 2 2 2 2 2
left_child=1 4 3 8 7 -6 -3 -1 -2 -8 -9 -4 -13 -11
right_child=2 6 11 -5 5 -7 9 10 -10 13 -12 12 -14 -15
leaf_value=-0.0091570344206139045 -0.0023555162208514311 -0.0025443452432388478 -6.5209663231025565e-05 0.0031251144193618291 0.002549795269869239 -0.0050214775056568418 -0.0066818255170436646 -0.0048696565827594622 0.022193802469543195 -0.00034424574247432418 -0.0023247540015267085 0.013926812449146508 0.0050268413675964912 0.0036243334919083023
leaf_weight=30387 86440 69667 8788 36366 7945 3017 8157 57952 6451 144600 54709 4797 36553 6873
leaf_count=30387 86440 69667 8788 36366 7945 3017 8157 57952 6451 144600 54709 4797 36553 6873
internal_value=-0.000743745 -0.00131573 0.000478399 -8.15023e-05 -0.00230659 0.000637365 -0.00065017 -0.00253221 -0.000647015 -0.000263728 -0.00215819 0.0019217 0.00233345 -0.000134773
internal_weight=562702 383307 179395 129257 154010 10962 229297 143048 92891 159630 112661 50138 41350 151473
internal_count=562702 383307 179395 129257 154010 10962 229297 143048 92891 159630 112661 50138 41350 151473
is_linear=0
shrinkage=0.05


Tree=46
num_leaves=15
num_cat=0
split_feature=0 7 2 2 0 8 0 0 2 3 2 7 0 9
split_gain=140.879 97.4883 63.3912 57.1876 56.2708 39.674 39.2774 37.3598 29.5557 28.0836 28.01 28.8376 19.4809 18.5798
threshold=195.50000000000003 0.97299154700000012 7.5000000000000009 3.5000000000000004 107.50000000000001 0.83068035600000012 266.50000000000006 277.50000000000006 4.5000000000000009 1.7232380630000004 1.0000000180025095e-35 1.2034202360000001 139.50000000000003 64.500000000000014
decision_type=2 2 2 2 2 2 2 2 2 2 2 2 2 2
left_child=1 5 6 4 10 -1 8 -4 -2 13 11 -3 -5 -7
right_child=2 3 7 12 -6 9 -8 -9 -10 -11 -12 -13 -14 -15
leaf_value=-0.0086860313081733188 0.0021559142803710802 -0.0004208541403582732 -0.018206477743589976 -0.0099071377432424553 0.0012045087632333619 -0.0044303555216945933 0.0091441164292533419 0.0014918744951210384 -0.001296302211385015 5.3817312113126249e-06 -0.0024285650277255451 0.0040233819201997102 -0.0037434361812910509 -0.0021366532562042385
leaf_weight=28409 65336 46617 13233 15461 66044 69963 38966 10139 53396 17239 67899 4570 27659 37324
leaf_count=28409 65336 46617 13233 15461 66044 69963 38966 10139 53396 17239 67899 4570 27659 37324
internal_value=-0.000720887 -0.00126636 0.000427446 -0.000611817 -0.000229833 -0.0022432 0.000787619 -0.0020024 0.00033553 -0.00185841 -0.000878993 4.19868e-06 -0.0022516 -0.00215939
internal_weight=562255 381185 181070 228250 185130 152935 157698 23372 118732 124526 119086 51187 43120 107287
internal_count=562255 381185 181070 228250 185130 152935 157698 23372 118732 124526 119086 51187 43120 107287
is_linear=0
shrinkage=0.05


Tree=47
num_leaves=15
num_cat=0
split_feature=4 7 0 2 9 0 2 2 7 0 5 8 2 8
split_gain=145.847 90.1861 51.4729 37.5569 33.1648 28.4212 36.8486 32.8869 24.8032 22.475 21.7826 20.6548 17.1491 16.5855
threshold=0.67299767561438839 0.97299154700000012 227.50000000000003 6.5000000000000009 93.500000000000014 109.50000000000001 3.5000000000000004 2.5000000000000004 0.90246418950000018 253.50000000000003 28.500000000000004 1.3346537415000002 7.5000000000000009 1.6045679965000004
decision_type=10 2 2 2 2 2 2 2 2 2 2 2 2 2
left_child=8 4 3 5 9 7 13 -3 -1 11 12 -2 -4 -7
right_child=1 2 10 -5 -6 6 -8 -9 -10 -11 -12 -13 -14 -15
leaf_value=-0.0072460124963329882 -0.0037256802167819217 -0.00051418334298858738 0.0040679179206309247 -0.026501573791649996 2.1819455174369623e-05 0.0018868989853657852 -0.001467332740443352 -0.0074444516214982551 -0.0036133443203652661 -0.00058051066806554376 0.024876289821631953 0.00066559535532812277 -0.0065424189801462727 -0.00097456259675166024
leaf_weight=25476 97664 82886 64664 4306 38806 66562 44580 11872 78342 20150 3311 7286 7037 9886
leaf_count=25476 97664 82886 64664 4306 38806 66562 44580 11872 78342 20150 3311 7286 7037 9886
internal_value=-0.000707298 -0.0003245 0.000197824 -0.000187691 -0.00126489 -9.53712e-05 0.000412366 -0.000743857 -0.00239966 -0.00166101 0.0013289 -0.00195465 0.00114558 0.00107857
internal_weight=562828 459010 295104 220092 163906 215786 121028 94758 103818 125100 75012 104950 71701 76448
internal_count=562828 459010 295104 220092 163906 215786 121028 94758 103818 125100 75012 104950 71701 76448
is_linear=0
shrinkage=0.05


Tree=48
num_leaves=15
num_cat=0
split_feature=4 0 8 0 2 1 2 2 4 6 6 4 8 8
split_gain=130.987 76.5078 62.0997 35.3086 40.7885 34.0608 48.7245 38.2613 26.9683 24.121 20.2678 17.8781 15.1787 13.886
threshold=0.67299767561438839 221.50000000000003 0.87557861150000005 296.50000000000006 7.5000000000000009 184.50000000000003 2.5000000000000004 1.5000000000000002 0.90804188278125686 1.0000000180025095e-35 1.0000000180025095e-35 1.2210884636461146 1.2696406140000003 0.91347224800000004
decision_type=10 2 2 2 2 2 2 2 10 2 2 10 2 2
left_child=10 2 8 4 9 6 11 13 -2 -3 12 -4 -1 -7
right_child=1 3 5 -5 -6 7 -8 -9 -10 -11 -12 -13 -14 -15
leaf_value=-0.0044523266172868375 -0.0076379460026922974 0.0038627896710597244 0.0010552374858725632 0.058400401347476573 -0.0089705429330652654 0.0030054391804009567 -0.001344028196162325 -0.0034401513081987697 -0.0012238919782925845 -0.00025561106585641531 -0.0076133316027649752 0.0045564106923472077 -0.00073926138885075168 -0.00078703662778472619
leaf_weight=59284 26054 68092 55641 3956 16446 3017 90047 49905 10903 37635 27229 6119 17084 91052
leaf_count=59284 26054 68092 55641 3956 16446 3017 90047 49905 10903 37635 27229 6119 17084 91052
internal_value=-0.000699986 -0.000337426 -0.000734923 0.000711187 0.000560533 -0.000493449 2.90808e-05 -0.00104439 -0.0026672 0.000920865 -0.0023058 0.00111066 -0.00188797 -0.000450657
internal_weight=562464 458867 332738 126129 122173 295781 151807 143974 36957 105727 103597 61760 76368 94069
internal_count=562464 458867 332738 126129 122173 295781 151807 143974 36957 105727 103597 61760 76368 94069
is_linear=0
shrinkage=0.05


Tree=49
num_leaves=15
num_cat=0
split_feature=7 1 4 2 1 2 2 1 8 1 1 2 2 1
split_gain=124.673 66.7076 54.4512 45.4518 42.3312 49.4215 30.2156 25.7972 25.5212 30.0487 23.5197 22.1699 19.0672 19.0328
threshold=0.97299154700000012 42.500000000000007 0.82456175994347558 6.5000000000000009 182.50000000000003 2.5000000000000004 3.5000000000000004 220.50000000000003 0.86816039850000015 44.500000000000007 124.50000000000001 1.5000000000000002 2.5000000000000004 149.50000000000003
decision_type=2 2 10 2 2 2 2 2 2 2 2 2 2 2
left_child=2 -2 8 4 6 -6 -3 11 9 -1 -10 -4 -12 -8
right_child=1 3 7 -5 5 -7 13 -9 10 -11 12 -13 -14 -15
leaf_value=4.8038541236073798e-05 0.0069173987498243597 0.0015554542470595661 0.0020508767588490427 -0.015478493821113312 -0.00054414977272502303 -0.0069840915163991773 -0.00011126015865244811 -0.0040644333042506231 -0.00015036347951943104 -0.0080995784838323783 -0.0023321927573142507 -0.0015375196422441565 -0.0061216701454545981 -0.0054754566941760605
leaf_weight=5750 42485 80707 12909 12442 114841 21565 61484 22395 15614 35863 40247 65843 19972 10231
leaf_count=5750 42485 80707 12909 12442 114841 21565 61484 22395 15614 35863 40247 65843 19972 10231
internal_value=-0.000668514 -7.48354e-05 -0.0016021 -0.000336405 -0.000208911 -0.00084876 0.000363714 -0.000751692 -0.00233442 -0.00332945 -0.00178822 -0.000325814 -0.00223657 -0.000383088
internal_weight=562348 343755 218593 301270 288828 136406 152422 101147 117446 41613 75833 78752 60219 71715
internal_count=562348 343755 218593 301270 288828 136406 152422 101147 117446 41613 75833 78752 60219 71715
is_linear=0
shrinkage=0.05


Tree=50
num_leaves=15
num_cat=0
split_feature=4 7 0 9 9 7 7 7 7 0 8 5 9 4
split_gain=119.427 74.9473 44.972 31.3571 26.8681 26.6407 23.9527 23.1625 22.3868 19.3391 16.6644 15.9791 13.3416 12.33
threshold=0.67299767561438839 0.97299154700000012 256.50000000000006 84.500000000000014 30.500000000000004 0.90246418950000018 1.2034202360000001 1.2282903035000003 0.97601352150000009 286.50000000000006 1.3461045820000004 25.500000000000004 119.50000000000001 0.79319409141496344
decision_type=10 2 2 2 2 2 2 2 2 2 2 2 2 10
left_child=5 3 4 9 -3 -1 8 -8 -6 10 -2 -4 -10 -5
right_child=1 2 11 13 6 -7 7 -9 12 -11 -12 -13 -14 -15
leaf_value=-0.006310615014603835 -0.0033699084140689523 -0.0019048952405112452 0.0051826112398759214 -0.0022076470092982654 0.0035964217865635758 -0.0031256504379697427 0.0094132142187035167 0.0011423207042613522 -0.00033211108479718068 0.0069485279286329296 0.00089194377454521179 0.019840627679576128 0.001871847063207005 0.00069549686837585764
leaf_weight=25293 103292 53415 37770 12661 5069 78331 3440 6800 157269 6198 6071 5059 26458 35641
leaf_count=25293 103292 53415 37770 12661 5069 78331 3440 6800 157269 6198 6071 5059 26458 35641
internal_value=-0.000651748 -0.000305709 0.000170173 -0.00116322 -8.3996e-05 -0.00218491 0.000183227 0.00253782 5.5454e-05 -0.00161038 -0.00176437 0.00166818 -3.5025e-05 -9.33624e-05
internal_weight=562767 459143 295280 163863 252451 103624 199036 10240 188796 115561 109363 42829 183727 48302
internal_count=562767 459143 295280 163863 252451 103624 199036 10240 188796 115561 109363 42829 183727 48302
is_linear=0
shrinkage=0.05


Tree=51
num_leaves=15
num_cat=0
split_feature=7 0 9 2 0 2 8 8 4 9 0 2 0 7
split_gain=109.156 55.2762 52.2704 44.7887 45.0386 29.972 27.6745 27.382 26.3119 21.4163 20.7564 22.8555 20.435 20.6148
threshold=0.97299154700000012 247.50000000000003 63.500000000000007 4.5000000000000009 108.50000000000001 2.5000000000000004 0.89494942300000013 1.1077050400000001 0.8607089094377619 44.500000000000007 150.50000000000003 6.5000000000000009 255.50000000000003 0.81411706250000015
decision_type=2 2 2 2 2 2 2 2 10 2 2 2 2 2
left_child=2 3 8 4 5 -2 -6 -8 -1 -3 -5 -12 13 -4
right_child=1 9 12 10 6 -7 7 -9 -10 -11 11 -13 -14 -15
leaf_value=-0.0047305283462625962 -0.00058854080406725497 0.00071888011666042034 -0.0073437539169092375 -0.013390272934551407 0.0054795422337285717 -0.0064449619242305193 -0.0022009086904757266 0.0012795003566146265 -0.0024312040132096753 0.007595402315245134 -0.0011456687622231447 -0.015759031144037195 0.0051286854704763046 -0.0010841582532162637
leaf_weight=85183 108987 21940 4411 8979 3097 14999 20198 95611 46225 31972 28610 9356 10249 72625
leaf_count=85183 108987 21940 4411 8979 3097 14999 20198 95611 46225 31972 28610 9356 10249 72625
internal_value=-0.000635723 -8.01312e-05 -0.001509 -0.00035359 -8.03233e-05 -0.000747072 0.000614912 0.000490052 -0.00213898 0.00138991 -0.00176731 -0.0012557 -0.000560489 -0.000839554
internal_weight=562442 343749 218693 289837 242892 123986 118906 115809 131408 53912 46945 37966 87285 77036
internal_count=562442 343749 218693 289837 242892 123986 118906 115809 131408 53912 46945 37966 87285 77036
is_linear=0
shrinkage=0.05


Tree=52
num_leaves=15
num_cat=0
split_feature=4 7 0 9 9 7 7 6 7 0 8 8 7 8
split_gain=103.03 62.0979 37.0824 27.8794 27.7529 24.149 21.2729 20.5605 19.4075 19.121 24.0217 17.2236 25.7598 15.1978
threshold=0.65909151781891462 0.97299154700000012 271.50000000000006 38.500000000000007 119.50000000000001 0.90246418950000018 1.2034202360000001 1.0000000180025095e-35 0.97601352150000009 265.50000000000006 0.76496364600000011 1.3346537415000002 0.95582774950000016 0.87974686450000006
decision_type=10 2 2 2 2 2 2 2 2 2 2 2 2 2
left_child=5 4 3 13 9 -1 8 -7 -5 10 -2 -12 -13 -3
right_child=1 2 -4 6 -6 7 -8 -9 -10 -11 11 12 -14 -15
leaf_value=-0.0059652298318120991 -0.0075915555571607635 -0.0066984900925595742 0.0091472169167402268 0.0040451230533753088 0.0013962198731421723 -0.0020234360769770506 0.00401726390541464 -0.0061489756117748123 0.00011145121570182077 0.0010874986974714054 -0.0022560272572421788 0.0022133345536126782 -0.0056812610578361022 -0.00096630213642740599
leaf_weight=23240 16806 9064 26385 4909 18324 53165 9834 18605 177948 17612 106442 5661 3418 70848
leaf_count=23240 16806 9064 26385 4909 18324 53165 9834 18605 177948 17612 106442 5661 3418 70848
internal_value=-0.000610842 -0.000305626 0.000126791 -4.64598e-05 -0.00107397 -0.00211177 0.000279169 -0.00165796 0.000157303 -0.00129845 -0.00150444 -0.00124738 0.000842689 -0.000831614
internal_weight=562261 467251 298988 272603 168263 95010 192691 71770 182857 149939 132327 115521 9079 79912
internal_count=562261 467251 298988 272603 168263 95010 192691 71770 182857 149939 132327 115521 9079 79912
is_linear=0
shrinkage=0.05


Tree=53
num_leaves=15
num_cat=0
split_feature=7 9 0 7 2 0 0 2 7 0 3 0 2 0
split_gain=95.6625 70.5742 40.6757 35.8649 29.036 23.8126 22.7363 17.6588 17.5509 17.3533 17.1861 15.815 36.3243 34.7967
threshold=0.90246418950000018 55.500000000000007 233.50000000000003 1.0567018745000001 2.5000000000000004 196.50000000000003 171.50000000000003 3.5000000000000004 0.79849425200000013 280.50000000000006 5.133692656500001 101.50000000000001 5.5000000000000009 269.50000000000006
decision_type=2 2 2 2 2 2 2 2 2 2 2 2 2 2
left_child=5 3 4 11 -3 7 -6 8 -1 -4 -10 -2 -13 -14
right_child=1 2 9 -5 6 -7 -8 -9 10 -11 -12 12 13 -15
leaf_value=-0.0071034884119686647 -0.002608294928869465 0.00067222507044929249 0.0029180963133844675 -6.4159909032637772e-05 -0.003379137704888228 -0.0018293504794196676 -0.0001976137761231631 -0.0097773960086844462 -0.0034386097783975314 0.01779034814374195 0.0036765756963872119 0.0003176296502369752 -0.011742032214525949 -0.00013181398918647825
leaf_weight=5538 93507 98383 42039 77551 32832 23832 51659 12462 37977 9455 3077 41223 19845 13077
leaf_count=5538 93507 98383 42039 77551 32832 23832 51659 12462 37977 9455 3077 41223 19845 13077
internal_value=-0.000613705 -0.000342606 0.000277804 -0.000935595 -7.17426e-05 -0.00218214 -0.000751575 -0.0027205 -0.00227289 0.00151906 -0.00191602 -0.00134686 -0.000801417 -0.00203966
internal_weight=562457 479571 234368 245203 182874 82886 84491 59054 46592 51494 41054 167652 74145 32922
internal_count=562457 479571 234368 245203 182874 82886 84491 59054 46592 51494 41054 167652 74145 32922
is_linear=0
shrinkage=0.05


Tree=54
num_leaves=15
num_cat=0
split_feature=7 0 2 0 2 2 4 7 7 2 0 8 8 0
split_gain=92.7391 62.5783 71.5779 56.6071 40.0048 33.0984 26.5276 23.537 24.1236 20.5045 20.316 19.583 21.9913 18.9048
threshold=0.90246418950000018 233.50000000000003 4.5000000000000009 100.50000000000001 2.5000000000000004 7.5000000000000009 0.90583709769253595 1.0567018745000001 1.0615921520000002 2.5000000000000004 178.50000000000003 0.87974686450000006 0.77053469250000017 278.50000000000006
decision_type=2 2 2 2 2 2 10 2 2 2 2 2 2 2
left_child=6 2 3 4 7 -3 -1 -2 -9 -5 -4 12 -8 -7
right_child=1 5 10 9 -6 13 11 8 -10 -11 -12 -13 -14 -15
leaf_value=-0.0043907373364824682 -0.0016251508379763074 0.0037726798117432509 -0.0099400037288434034 0.0011925523858500615 -0.00675174974755933 -0.013598027599109597 -0.0021152975546822814 0.0033987473400911464 -7.2124538092603369e-05 -0.00032826846768698164 -0.0039825766978274068 -0.0034265275637562504 0.0046104000435681974 0.0031218680952083584
leaf_weight=63057 101797 81380 21917 76440 18204 7282 4704 3115 40890 89945 31358 10783 4145 7084
leaf_count=63057 101797 81380 21917 76440 18204 7282 4704 3115 40890 89945 31358 10783 4145 7084
internal_value=-0.000581306 -0.000314571 -0.000599942 -0.000325686 -0.000984874 0.00082892 -0.00212766 -0.000708883 0.000257327 0.000324087 -0.00230058 -0.000522484 0.00122035 -0.00138334
internal_weight=562101 479412 383666 330391 164006 95746 82689 145802 44005 166385 53275 19632 8849 14366
internal_count=562101 479412 383666 330391 164006 95746 82689 145802 44005 166385 53275 19632 8849 14366
is_linear=0
shrinkage=0.05


Tree=55
num_leaves=15
num_cat=0
split_feature=7 5 9 7 7 7 2 9 9 8 8 7 8 4
split_gain=89.5193 42.8101 41.3638 23.9411 22.6211 22.6013 18.8786 18.6143 16.2048 22.9326 16.0174 15.0004 14.5991 14.4676
threshold=0.96664708200000005 9.5000000000000018 50.500000000000007 1.0704542910000001 0.84708166850000011 1.0742902665 7.5000000000000009 119.50000000000001 119.50000000000001 1.1077050400000001 0.9580165595000002 1.0269027190000002 1.6045679965000004 0.85621295380936779
decision_type=2 2 2 2 2 2 2 2 2 2 2 2 2 10
left_child=2 6 13 7 -4 -5 -2 -3 -6 10 -10 -9 -7 -1
right_child=1 3 4 5 8 12 -8 11 9 -11 -12 -13 -14 -15
leaf_value=-0.0043563559889494737 -0.00092449736423791883 -0.00052793875539762719 -0.0040473155501582272 0.0068759304670258578 -0.0010946520430840593 0.0024248245572006128 -0.018200154522054198 0.0053528708228230389 0.00089431916210282083 -0.0029289671173284623 0.0079567910522011353 -0.00065373742980503189 -0.0008874806758918457 -0.0026066698344172842
leaf_weight=65314 164809 96512 14516 3827 74833 56496 5694 11134 4482 6614 4676 7158 11244 34848
leaf_count=65314 164809 96512 14516 3827 74833 56496 5694 11134 4482 6614 4676 7158 11244 34848
internal_value=-0.000572052 -9.35063e-05 -0.00140396 0.000430285 -0.0007111 0.001148 -0.00066604 -1.71601e-05 -0.00041745 0.00103885 0.00265852 0.00144504 0.000936599 -0.00213104
internal_weight=562157 356874 205283 186371 105121 71567 170503 114804 90605 15772 9158 18292 67740 100162
internal_count=562157 356874 205283 186371 105121 71567 170503 114804 90605 15772 9158 18292 67740 100162
is_linear=0
shrinkage=0.05


Tree=56
num_leaves=15
num_cat=0
split_feature=4 7 1 2 2 8 7 0 0 2 8 2 2 8
split_gain=83.0497 51.686 34.281 37.4795 28.2898 28.0143 26.901 33.5655 26.2917 37.4349 24.7229 19.2574 17.9373 23.6949
threshold=0.67299767561438839 1.0704542910000001 155.50000000000003 2.5000000000000004 1.5000000000000002 0.93485406600000009 1.0742902665 210.50000000000003 294.50000000000006 7.5000000000000009 0.83891463200000016 2.5000000000000004 3.5000000000000004 1.5369512295000003
decision_type=10 2 2 2 2 2 2 2 2 2 2 2 2 2
left_child=5 2 4 10 -2 -1 -3 12 9 -6 -4 -7 13 -8
right_child=1 6 3 -5 8 11 7 -9 -10 -11 -12 -13 -14 -15
leaf_value=-0.0056697540941958724 0.0034922577328225027 0.0061183926738779129 -0.0053538752271557284 -0.0046562640256730273 -0.00030443418231855312 -0.00081841831559053982 0.0013379199587050879 0.0046400736037981059 0.033966940295776703 -0.013046419124167895 -0.00072984653521161757 -0.0050421831314773546 -0.0035199819851999578 -0.001198835540901831
leaf_weight=34654 12021 6052 9653 31411 154819 43933 36470 35903 5387 16668 114920 25200 16867 18752
leaf_count=34654 12021 6052 9653 31411 154819 43933 36470 35903 5387 16668 114920 25200 16867 18752
internal_value=-0.000559432 -0.000270556 -0.000575688 -0.00112425 -0.000122685 -0.0018367 0.000652175 0.00047029 -0.000282228 -0.000390311 -0.000735003 -0.00125496 -0.000151817 0.000284099
internal_weight=562710 458923 344879 155984 188895 103787 114044 107992 176874 171487 124573 69133 72089 55222
internal_count=562710 458923 344879 155984 188895 103787 114044 107992 176874 171487 124573 69133 72089 55222
is_linear=0
shrinkage=0.05


Tree=57
num_leaves=15
num_cat=0
split_feature=7 9 0 0 8 7 8 0 4 8 9 0 9 8
split_gain=76.7392 57.3387 39.8223 24.9429 26.985 23.4447 20.7147 19.6465 19.0775 23.9212 24.1236 17.3437 14.9112 21.5494
threshold=0.90246418950000018 42.500000000000007 252.50000000000003 293.50000000000006 0.83891463200000016 0.79849425200000013 1.0748270390000003 259.50000000000006 0.90583709769253595 0.87974686450000006 32.500000000000007 114.50000000000001 91.500000000000014 1.0332562620000003
decision_type=2 2 2 2 2 2 2 2 10 2 2 2 2 2
left_child=5 3 6 4 7 -1 12 -2 -7 10 -10 -6 -3 -14
right_child=1 2 -4 -5 11 8 -8 -9 9 -11 -12 -13 13 -15
leaf_value=-0.0070572510505972647 -0.008626470644994064 -0.0024242365140936424 0.0057170051355868402 0.030094834361522899 -0.001724477964761488 -0.0034158835234768554 0.00028202621933737595 -0.003340448022998729 -0.0024516125515014657 -0.0028036964769470995 0.0040804032085852392 -6.4834478309790927e-05 0.0020644616736107601 -0.0038441873103821434
leaf_weight=8725 16369 52844 38316 3955 109249 55874 180152 9704 3040 10532 4484 48245 16236 4915
leaf_count=8725 16369 52844 38316 3955 109249 55874 180152 9704 3040 10532 4484 48245 16236 4915
internal_value=-0.000537907 -0.00029558 0.000142014 -0.000978047 -0.00106272 -0.00194502 -8.45372e-05 -0.00255254 -0.00165551 -0.000242513 0.00190995 -0.000816006 -0.000788853 0.000333001
internal_weight=562640 479985 292463 187522 183567 82655 254147 26073 73930 18056 7524 157494 73995 21151
internal_count=562640 479985 292463 187522 183567 82655 254147 26073 73930 18056 7524 157494 73995 21151
is_linear=0
shrinkage=0.05


Tree=58
num_leaves=15
num_cat=0
split_feature=4 9 0 7 7 2 8 7 9 2 8 8 2 0
split_gain=78.3034 47.3003 43.617 26.8138 32.7902 27.621 23.7033 23.5547 21.3635 16.4507 16.1205 51.8902 16.0796 17.0314
threshold=0.65526359383457844 37.500000000000007 272.50000000000006 1.0704542910000001 1.0742902665 1.5000000000000002 0.93485406600000009 0.96753371150000012 119.50000000000001 2.5000000000000004 0.83541779850000009 0.9055203165000002 7.5000000000000009 143.50000000000003
decision_type=10 2 2 2 2 2 2 2 2 2 2 2 2 2
left_child=6 7 3 5 -5 8 -1 -2 10 -8 -3 -12 13 -7
right_child=1 2 -4 4 -6 12 9 -9 -10 -11 11 -13 -14 -15
leaf_value=-0.0053277607687988934 -0.0037138829683780461 -0.0045697185125398226 0.0097041585041545142 0.0069217938511396933 0.00073758934178550666 -0.0017009912987454318 -0.00090733769280040811 -0.0011166876803684635 0.0034543036713023793 -0.0053576199720965605 0.0039062822781925164 -7.9136044151257245e-05 -0.014380704071832565 -0.00051036652726234777
leaf_weight=30886 48827 4074 22248 4190 68987 46082 40651 91711 11097 21245 3015 47988 4904 116666
leaf_count=30886 48827 4074 22248 4190 68987 46082 40651 91711 11097 21245 3015 47988 4904 116666
internal_value=-0.000520562 -0.000258402 6.93825e-05 -8.55527e-05 0.000749705 -0.000346961 -0.00184789 -0.00102631 0.000517988 -0.00128318 0.000114646 0.000356512 -0.000688371 -0.000603308
internal_weight=562571 469789 329251 307003 73177 233826 92782 140538 66174 61896 55077 51003 167652 162748
internal_count=562571 469789 329251 307003 73177 233826 92782 140538 66174 61896 55077 51003 167652 162748
is_linear=0
shrinkage=0.05


Tree=59
num_leaves=15
num_cat=0
split_feature=7 9 0 7 7 8 9 0 8 1 0 8 7 8
split_gain=73.4003 60.3365 36.8296 28.9058 20.6298 17.8395 16.8441 15.3426 17.7645 18.3935 15.5451 13.9157 13.5735 13.5012
threshold=0.85730083450000005 48.500000000000007 270.50000000000006 1.0567018745000001 1.0567018745000001 0.83068035600000012 119.50000000000001 294.50000000000006 0.83891463200000016 182.50000000000003 265.50000000000006 0.99510217500000009 1.0398692020000002 1.5109388625000002
decision_type=2 2 2 2 2 2 2 2 2 2 2 2 2 2
left_child=5 3 4 7 6 -1 -3 8 10 -10 -2 -7 -8 -6
right_child=1 2 -4 -5 13 11 12 -9 9 -11 -12 -13 -14 -15
leaf_value=-0.0066925450178951648 -0.0070032920771401679 -0.00073486154990499086 0.0099863752379400206 -0.00010446690606976701 0.0018081250050326547 -0.0013575042609095137 0.0018698744451564613 0.027780720204302722 -0.00029814745040079139 -0.0020652580527347857 -0.0024608234918215093 -0.0061549215698982248 -0.0052138645539809014 -0.00061596270016813122
leaf_weight=17676 24212 161331 19960 68473 53765 11449 29528 3083 37782 94898 9272 6478 3324 21299
leaf_count=17676 24212 161331 19960 68473 53765 11449 29528 3083 37782 94898 9272 6478 3324 21299
internal_value=-0.000486726 -0.000338252 0.000146829 -0.000928385 -6.81637e-06 -0.00268381 -0.000278932 -0.00127907 -0.00134393 -0.00108415 -0.00237302 -0.00157177 0.000752959 0.000697091
internal_weight=562530 526927 289207 237720 269247 35603 194183 169247 166164 132680 33484 17927 32852 75064
internal_count=562530 526927 289207 237720 269247 35603 194183 169247 166164 132680 33484 17927 32852 75064
is_linear=0
shrinkage=0.05


Tree=60
num_leaves=15
num_cat=0
split_feature=4 9 0 8 8 3 0 8 8 8 6 8 0 6
split_gain=69.4306 41.0117 34.1906 26.668 23.7157 15.8444 15.2561 16.0934 27.5748 16.6977 15.1565 14.5443 16.4734 14.3665
threshold=0.65145023641027944 28.500000000000004 271.50000000000006 0.72556869950000014 0.93485406600000009 4.7862914155 192.50000000000003 1.3684471115000003 1.4582857940000002 1.4439818470000001 1.0000000180025095e-35 1.3804488530000001 111.50000000000001 1.0000000180025095e-35
decision_type=10 2 2 2 2 2 2 2 2 2 2 2 2 2
left_child=4 5 3 -3 -1 -2 7 -5 9 11 -8 -9 -13 -6
right_child=1 2 -4 6 13 -7 10 8 -10 -11 -12 12 -14 -15
leaf_value=-0.0049317216946963977 -0.0028161963363627796 -0.0060915302644222128 0.0080648512603828174 -0.00075501200347056954 -0.0010693997296000403 8.9126072753720081e-05 0.0014958908387460008 0.0036227188053682895 -0.0003544140773957324 0.0062977414480548518 -0.0013161046165586247 -0.0016185248209282868 0.0025939546676784758 -0.0040478304068877835
leaf_weight=30077 76937 12352 27573 162448 45584 22853 84813 3659 41675 3361 23608 5944 6566 14748
leaf_count=30077 76937 12352 27573 162448 45584 22853 84813 3659 41675 3361 23608 5944 6566 14748
internal_value=-0.000460493 -0.000217246 2.42055e-05 -0.000111431 -0.00172977 -0.00111729 -2.65611e-05 -0.000262523 0.000428442 0.0019785 0.000460174 0.00131105 0.0004994 -0.00115783
internal_weight=562198 471789 371999 344426 90409 99790 332074 223653 61205 19530 108421 16169 12510 60332
internal_count=562198 471789 371999 344426 90409 99790 332074 223653 61205 19530 108421 16169 12510 60332
is_linear=0
shrinkage=0.05


Tree=61
num_leaves=15
num_cat=0
split_feature=7 9 0 2 7 3 0 2 1 2 0 4 2 7
split_gain=66.8764 52.6026 35.6341 37.2864 29.9589 25.9774 25.6288 19.8651 34.7987 33.2081 32.359 18.4667 13.2555 12.6139
threshold=0.85730083450000005 43.500000000000007 246.50000000000003 3.5000000000000004 1.2034202360000001 4.1628134100000009 175.50000000000003 5.5000000000000009 179.50000000000003 2.5000000000000004 256.50000000000006 0.86918173052898495 7.5000000000000009 0.96493356350000015
decision_type=2 2 2 2 2 2 2 2 2 2 2 10 2 2
left_child=11 5 3 4 -3 7 -5 8 -2 13 -9 -1 -8 -10
right_child=1 2 -4 6 -6 -7 12 10 9 -11 -12 -13 -14 -15
leaf_value=-0.005204285152329056 0.001237472218250724 0.00018667120170473919 0.0045099995238452473 -0.0047851640106702292 0.00524756232111016 0.00040846970223897352 -0.00047026009263664175 -0.012817793412874329 -0.0022485789869472793 -0.0062497071906902416 -0.0022773391516099101 -0.0014684671361910985 -0.019062684244894483 -0.00069882894648691833
leaf_weight=26480 26748 183390 48352 24101 4641 38848 50415 18649 31233 21021 14359 9081 3115 61585
leaf_count=26480 26748 183390 48352 24101 4641 38848 50415 18649 31233 21021 14359 9081 3115 61585
internal_value=-0.000464555 -0.000322788 8.83056e-05 -0.000138935 0.000241681 -0.000930417 -0.00106078 -0.00119197 -0.000932736 -0.00131404 -0.00229576 -0.00256298 -0.000451108 -0.000907535
internal_weight=562018 526457 314014 265662 188031 212443 77631 173595 140587 113839 33008 35561 53530 92818
internal_count=562018 526457 314014 265662 188031 212443 77631 173595 140587 113839 33008 35561 53530 92818
is_linear=0
shrinkage=0.05


Tree=62
num_leaves=15
num_cat=0
split_feature=7 9 0 2 0 2 1 2 0 0 2 8 7 7
split_gain=63.3615 49.0449 30.8765 31.5001 21.857 31.5049 47.1953 40.1809 27.518 19.3795 43.082 19.2699 18.4085 15.6282
threshold=0.85730083450000005 42.500000000000007 271.50000000000006 7.5000000000000009 294.50000000000006 5.5000000000000009 184.50000000000003 2.5000000000000004 260.50000000000006 196.50000000000003 3.5000000000000004 0.83068035600000012 1.2034202360000001 1.2034202360000001
decision_type=2 2 2 2 2 2 2 2 2 2 2 2 2 2
left_child=11 4 3 9 5 6 -2 13 -7 10 12 -1 -3 -8
right_child=1 2 -4 -5 -6 8 7 -9 -10 -11 -12 -13 -14 -15
leaf_value=-0.0059503701417977506 0.0016507731514123006 1.5709753482731857e-05 0.0088349815782817129 -0.015896697384418786 0.031467729015131389 -0.012035020610203201 -0.0011904525345344573 -0.0063435166688145363 -0.0032838402706851007 0.0011947783242410494 -0.0036771597124877031 -0.0024831403125555856 0.0041256739558178561 0.0027327650830844584
leaf_weight=17727 39947 159138 20752 5889 3830 20933 101068 21070 17049 91921 37045 17987 3921 4012
leaf_count=17727 39947 159138 20752 5889 3830 20933 101068 21070 17049 91921 37045 17987 3921 4012
internal_value=-0.000451535 -0.000313296 7.64727e-05 -5.34385e-05 -0.00091069 -0.000980945 -0.000683828 -0.0011581 -0.00227999 1.9603e-05 -0.000256461 -0.00248943 9.32444e-05 -0.000758435
internal_weight=562289 526575 318666 297914 207909 204079 166097 126150 37982 292025 200104 35714 163059 105080
internal_count=562289 526575 318666 297914 207909 204079 166097 126150 37982 292025 200104 35714 163059 105080
is_linear=0
shrinkage=0.05


Tree=63
num_leaves=15
num_cat=0
split_feature=7 9 0 2 7 7 0 4 4 2 2 0 2 4
split_gain=60.2064 48.0743 30.006 32.5104 23.0361 20.9165 20.1952 17.4623 12.9146 12.8829 12.7549 12.6483 13.2985 11.0328
threshold=0.85730083450000005 43.500000000000007 239.50000000000003 3.5000000000000004 1.2034202360000001 1.0567018745000001 153.50000000000003 0.86918173052898495 1.1319908677567525 7.5000000000000009 4.5000000000000009 286.50000000000006 7.5000000000000009 0.73252663336007695
decision_type=2 2 2 2 2 2 2 8 8 2 2 2 2 10
left_child=7 5 3 4 -3 -2 -5 -1 10 -8 -7 12 13 -4
right_child=1 2 11 6 -6 8 9 -9 -10 -11 -12 -13 -14 -15
leaf_value=-0.0047496779975309119 -0.0019716110226417347 0.0001650915883314662 0.0068333657550510574 -0.0051268134469147561 0.0045414935053756933 5.5406823133687741e-05 -0.00086664570023752626 -0.0013405263082487374 0.0017852076288887219 -0.018648921794149519 -0.0051822071120012012 0.017360976554975253 -0.007360442212061117 0.0024132437116899303
leaf_weight=26539 151209 180864 3297 13715 4541 32853 54643 9197 14464 3011 14099 7828 4224 42002
leaf_count=26539 151209 180864 3297 13715 4541 32853 54643 9197 14464 3011 14099 7828 4224 42002
internal_value=-0.00043375 -0.000299002 9.39886e-05 -0.000136967 0.000212096 -0.000879581 -0.00104373 -0.00241963 -0.000101432 -0.00063338 -0.000503866 0.00112795 0.000832558 0.0010828
internal_weight=562486 526750 314125 256774 185405 212625 71369 35736 61416 57654 46952 57351 49523 45299
internal_count=562486 526750 314125 256774 185405 212625 71369 35736 61416 57654 46952 57351 49523 45299
is_linear=0
shrinkage=0.05


Tree=64
num_leaves=15
num_cat=0
split_feature=8 0 0 2 4 7 7 2 3 2 0 8 8 2
split_gain=57.649 45.8887 42.9544 61.2943 24.3712 37.7005 23.5523 24.4804 20.9365 20.0655 31.9872 19.8882 32.0806 48.8732
threshold=0.87557861150000005 257.50000000000006 118.50000000000001 2.5000000000000004 0.91228947512748337 0.89101876950000014 0.87461235800000015 7.5000000000000009 -53.830525391999991 2.5000000000000004 218.50000000000003 1.3189907710000002 1.4929318085000001 3.5000000000000004
decision_type=2 2 2 2 8 2 2 2 2 2 2 2 2 2
left_child=1 4 3 -2 6 -6 -1 8 -8 -4 11 -11 13 -13
right_child=2 -3 9 -5 5 -7 7 -9 -10 10 -12 12 -14 -15
leaf_value=-0.0056281338594226411 -0.00044235286770345029 0.00087503695529668728 0.0013552744025913316 -0.0048558854933113084 0.003109395746161737 -0.0034928826791467099 0.002560960275697691 -0.022719279590996632 -0.0036370028862028783 -0.0020048395988627819 0.0019264802728047844 0.0072487078737625103 -0.0022829319169043413 -0.0015781432204856336
leaf_weight=20810 173495 27787 67748 32934 5147 9213 6129 6232 27343 74101 85356 8324 10570 7552
leaf_count=20810 173495 27787 67748 32934 5147 9213 6129 6232 27343 74101 85356 8324 10570 7552
internal_value=-0.000415117 -0.00148642 -0.000176056 -0.000711585 -0.00213037 -0.000278456 -0.00256977 -0.00185525 -0.00131912 0.00025978 -8.68828e-06 -0.000612968 0.000564061 0.00198476
internal_weight=562741 102661 460080 206429 74874 14360 60514 39704 33472 253651 185903 100547 26446 15876
internal_count=562741 102661 460080 206429 74874 14360 60514 39704 33472 253651 185903 100547 26446 15876
is_linear=0
shrinkage=0.05


Tree=65
num_leaves=15
num_cat=0
split_feature=7 9 0 7 7 7 3 8 4 8 8 7 9 8
split_gain=57.3904 46.0267 28.8628 21.4728 26.8039 17.568 14.7747 22.3069 14.2387 20.0791 24.4746 14.0853 15.6979 14.0466
threshold=0.85730083450000005 34.500000000000007 272.50000000000006 1.0704542910000001 1.0742902665 1.0567018745000001 -33.088271646499997 1.3019391935000002 0.86290759657640448 0.91347224800000004 0.99757989400000013 1.0659632440000002 119.50000000000001 1.0472239105000003
decision_type=2 2 2 2 2 2 2 2 10 2 2 2 2 2
left_child=8 5 3 11 -5 -2 7 13 9 -1 -11 12 -3 -6
right_child=1 2 -4 4 6 -7 -8 -9 -10 10 -12 -13 -14 -15
leaf_value=-0.0055255552104956189 -0.0021942096295250882 -0.00062323698813271898 0.0079221149060641569 0.0060024767302081375 0.0042177870694130584 -0.00030454895333477448 0.0001758811907103679 0.010457715182543112 -0.0016760590855924549 0.0037335565109160918 -0.0053930919713769884 -0.0081037942864440691 0.0011989315697494376 -0.0057980427057333327
leaf_weight=17720 117548 219329 22849 4572 3318 47994 65721 3714 9369 3841 4717 4215 34852 3218
leaf_count=17720 117548 219329 22849 4572 3318 47994 65721 3714 9369 3841 4717 4215 34852 3218
internal_value=-0.000425388 -0.000294122 2.18621e-05 -9.41023e-05 0.000618698 -0.000984676 0.000394795 0.00215992 -0.00236691 -0.00296351 -0.000973959 -0.000316293 -0.000268722 0.000400549
internal_weight=562977 527330 361788 338939 80543 165542 75971 10250 35647 26278 8558 258396 254181 6536
internal_count=562977 527330 361788 338939 80543 165542 75971 10250 35647 26278 8558 258396 254181 6536
is_linear=0
shrinkage=0.05


Tree=66
num_leaves=15
num_cat=0
split_feature=8 1 1 2 2 7 7 2 1 9 8 1 7 2
split_gain=51.5161 38.0515 36.2537 58.2947 24.5702 28.3316 21.4573 17.7895 18.4159 17.7103 19.6952 14.0494 24.888 16.6096
threshold=0.86816039850000015 42.500000000000007 173.50000000000003 2.5000000000000004 7.5000000000000009 0.83010965550000015 0.93676478250000017 6.5000000000000009 30.500000000000004 70.500000000000014 0.82240954000000011 227.50000000000003 0.95471763900000017 1.0000000180025095e-35
decision_type=2 2 2 2 2 2 2 2 2 2 2 2 2 2
left_child=1 -1 7 6 5 -3 -4 -2 -9 -7 -11 12 -8 -13
right_child=2 4 3 -5 -6 9 11 8 -10 10 -12 13 -14 -15
leaf_value=0.00053980776588561502 0.00061434733011848344 -0.0054202050561742892 -0.001806016482997614 -0.0042895860051876591 -0.02069590008525499 -0.0031261539318437163 0.0022151236264858066 0.0038001197811502185 -0.0086200372847816537 0.0026545652755643029 -0.0032227998827068284 0.00033686050101707778 0.00036501019036880062 -0.0015907855405674432
leaf_weight=27027 226111 10934 36774 39205 8290 37917 5135 6676 9942 9044 4812 51412 44362 44768
leaf_count=27027 226111 10934 36774 39205 8290 37917 5135 6676 9942 9044 4812 51412 44362 44768
internal_value=-0.000410277 -0.00145182 -0.000190412 -0.00065271 -0.00205959 -0.00172112 -0.000276808 0.000231755 -0.00134693 -0.00123247 0.000297236 -4.36e-06 0.000680072 -0.000356606
internal_weight=562409 98024 464385 221656 70997 62707 182451 242729 16618 51773 13856 145677 49497 96180
internal_count=562409 98024 464385 221656 70997 62707 182451 242729 16618 51773 13856 145677 49497 96180
is_linear=0
shrinkage=0.05


Tree=67
num_leaves=15
num_cat=0
split_feature=7 9 7 9 2 0 3 0 4 8 8 2 2 0
split_gain=49.4723 37.1912 21.0353 19.2855 18.2542 33.5193 30.5349 17.5603 16.2917 16.924 20.8024 13.5924 13.4 20.989
threshold=1.0567018745000001 29.500000000000004 0.84708166850000011 119.50000000000001 2.5000000000000004 160.50000000000003 -36.747343825499989 285.50000000000006 1.1996149084058192 1.6285984270000002 1.1362466875000001 4.5000000000000009 7.5000000000000009 276.50000000000006
decision_type=2 2 2 2 2 2 2 2 10 2 2 2 2 2
left_child=1 -1 -3 4 6 11 -4 8 -2 10 -10 -6 -7 -14
right_child=7 2 3 -5 5 12 -8 -9 9 -11 -12 -13 13 -15
leaf_value=-0.0024673571033122961 9.2656606512622327e-05 -0.0028658535406474606 0.0043978051608732629 0.0015369290467684409 -0.0023816227470177306 -0.00019728180203163753 -0.00013540454646989551 0.019261560252384759 -0.0030740168140008491 -0.0016998298745620731 0.0043595984671399232 -0.0095390732000668697 -0.013256745006036106 0.0070796104961189975
leaf_weight=108961 121444 20495 3496 37264 33636 83223 108334 5306 4053 3459 15512 7168 7019 3314
leaf_count=108961 121444 20495 3496 37264 33636 83223 108334 5306 4053 3459 15512 7168 7019 3314
internal_value=-0.000387995 -0.000670357 -0.000386227 -0.000274362 -0.000434819 -0.000827598 3.7107e-05 0.000390441 0.000286627 0.00150593 0.00207588 -0.00202333 -0.000306005 -0.00200377
internal_weight=562684 412910 303949 283454 246190 134360 111830 149774 144468 23024 19565 40804 93556 10333
internal_count=562684 412910 303949 283454 246190 134360 111830 149774 144468 23024 19565 40804 93556 10333
is_linear=0
shrinkage=0.05


Tree=68
num_leaves=15
num_cat=0
split_feature=4 8 0 0 6 8 8 6 0 8 8 0 8 8
split_gain=45.037 31.8115 28.613 20.5415 19.8496 19.1805 14.7519 13.5414 13.2265 13.2976 21.8452 12.5369 12.1728 19.7897
threshold=0.65145023641027944 0.72556869950000014 213.50000000000003 261.50000000000006 1.0000000180025095e-35 0.99757989400000013 0.83891463200000016 1.0000000180025095e-35 110.50000000000001 1.4111139235000001 1.5369512295000003 188.50000000000003 1.4929318085000001 1.3684471115000003
decision_type=8 2 2 2 2 2 2 2 2 2 2 2 2 2
left_child=4 3 5 -2 6 -3 11 -4 9 -7 -11 -1 13 -10
right_child=1 2 7 -5 -6 8 -8 -9 12 10 -12 -13 -14 -15
leaf_value=-0.0047265459173176008 -0.0065067387338849153 -0.0017337027983614344 0.0024878763790665724 -0.00072692782553183911 -0.0045303631059015574 -0.0011200352391204265 -0.00088733198691688946 -0.0003621760887380844 0.00022229557402453381 0.0017080066646403159 -0.00087665687697292382 0.00035056222879300907 -0.00084749104415912018 0.0029995191168375856
leaf_weight=8902 17132 68485 78796 11498 23532 89157 53105 43770 87044 17310 17688 3095 23982 18883
leaf_count=8902 17132 68485 78796 11498 23532 89157 53105 43770 87044 17310 17688 3095 23982 18883
internal_value=-0.00035571 -0.000162165 -5.82439e-05 -0.00177755 -0.00139013 -0.000305361 -0.000940146 0.000592064 -0.000105169 -0.000474188 0.000351683 -0.00252333 0.000247509 0.000477805
internal_weight=562379 473745 445115 28630 88634 322549 65102 122566 254064 124155 34998 11997 129909 105927
internal_count=562379 473745 445115 28630 88634 322549 65102 122566 254064 124155 34998 11997 129909 105927
is_linear=0
shrinkage=0.05


Tree=69
num_leaves=15
num_cat=0
split_feature=5 7 9 2 7 2 1 7 7 3 7 1 4 3
split_gain=43.9132 33.1579 20.343 19.0242 14.7559 13.978 19.5799 18.0589 21.6002 16.1884 16.9767 12.9665 11.9601 11.9272
threshold=5.5000000000000009 1.0567018745000001 47.500000000000007 5.5000000000000009 0.85087883000000009 1.5000000000000002 46.500000000000007 1.0130294275000002 0.99064233700000004 1.2537603305000002 0.93768884150000009 14.500000000000002 1.1364379224557641 -32.288740719499991
decision_type=2 2 2 2 2 2 2 2 2 2 2 2 10 2
left_child=3 2 4 -1 -2 7 -7 8 9 -4 -11 -3 13 -13
right_child=1 11 5 -5 -6 6 -8 -9 -10 10 -12 12 -14 -15
leaf_value=-0.0014023341657223556 -0.0054557135872486699 0.019465484114919607 -0.00025912556268652744 -0.0078510759946283943 -0.0011741365595338725 0.0030856485637676952 -0.00089021762540299849 -0.0013037897318869923 0.0033748838725262847 -0.0013300726360266843 0.0046386642407730471 0.0030792667696626008 0.0019484984091503524 -0.00013806651970982078
leaf_weight=100370 8912 5311 19861 18208 114145 26207 120432 13874 6884 3351 5896 13014 29825 76190
leaf_count=100370 8912 5311 19861 18208 114145 26207 120432 13874 6884 3351 5896 13014 29825 76190
internal_value=-0.000356544 -0.000128204 -0.000397758 -0.0012113 -0.000901864 -8.20581e-05 -0.000327972 0.000641053 0.00123177 0.000635797 0.00236327 0.000564557 0.000456633 0.000166798
internal_weight=562480 443902 319562 118578 123057 196505 146639 49866 35992 29108 9247 124340 119029 89204
internal_count=562480 443902 319562 118578 123057 196505 146639 49866 35992 29108 9247 124340 119029 89204
is_linear=0
shrinkage=0.05


Tree=70
num_leaves=15
num_cat=0
split_feature=7 2 0 2 0 0 2 0 6 0 4 7 7 7
split_gain=41.6649 33.0906 41.8954 59.7283 30.7544 27.424 33.1382 14.1447 15.5995 14.0365 12.9247 12.8187 15.2943 12.9158
threshold=0.87315632250000008 7.5000000000000009 204.50000000000003 4.5000000000000009 271.50000000000006 104.50000000000001 2.5000000000000004 291.50000000000006 1.0000000180025095e-35 141.50000000000003 0.90804188278125686 1.2034202360000001 1.1603783160000003 0.94139884600000012
decision_type=2 2 2 2 2 2 2 2 2 2 10 2 2 2
left_child=10 2 3 5 -3 6 11 8 -4 -5 -1 12 13 -2
right_child=1 4 7 9 -6 -7 -8 -9 -10 -11 -12 -13 -14 -15
leaf_value=-0.0035740677110493329 -0.0014764138359840088 -0.016244430284875083 0.0020377544803550042 -0.011870805254649161 0.00018576510748119011 0.0004453812084139551 -0.0042729929114303251 0.023267702728897999 -0.00068834619498608549 -0.003696022368528186 -0.00029642068247562954 0.0022111607500268334 -0.0041982617451663479 -0.00014100194636129681
leaf_weight=38851 31981 12788 85377 9983 9931 141231 22068 6727 40292 23585 10291 5940 4461 119161
leaf_count=38851 31981 12788 85377 9983 9931 141231 22068 6727 40292 23585 10291 5940 4461 119161
internal_value=-0.000335872 -0.000202764 -0.0001164 -0.000397166 -0.00206808 -0.00018966 -0.000592569 0.00064365 0.000524013 -0.00240491 -0.00172666 -0.000344264 -0.000431309 -0.000346088
internal_weight=562667 513525 490806 358410 22719 324842 183611 132396 125669 33568 49142 161543 155603 151142
internal_count=562667 513525 490806 358410 22719 324842 183611 132396 125669 33568 49142 161543 155603 151142
is_linear=0
shrinkage=0.05


Tree=71
num_leaves=15
num_cat=0
split_feature=8 0 2 2 8 0 2 0 0 2 7 8 0 7
split_gain=40.2753 36.3169 61.8478 30.6579 21.9714 20.0284 17.5779 17.2618 15.7518 22.3323 17.2087 17.389 15.4993 14.463
threshold=0.72556869950000014 146.50000000000003 2.5000000000000004 7.5000000000000009 0.83891463200000016 281.50000000000006 4.5000000000000009 278.50000000000006 78.500000000000014 1.0000000180025095e-35 1.2034202360000001 0.9055203165000002 102.50000000000001 0.86522126300000013
decision_type=2 2 2 2 2 2 2 2 2 2 2 2 2 2
left_child=5 2 4 -3 -2 13 12 -5 9 10 11 -6 -4 -1
right_child=1 3 6 7 8 -7 -8 -9 -10 -11 -12 -13 -14 -15
leaf_value=-0.0070227345876703708 -0.0025098281330789693 0.0006543707674741651 -0.004694233343862847 -0.013184231937958755 0.0039888807578816942 0.003473362470359296 -0.01099079110178322 0.0021654626396490719 0.00054790712127208941 -0.0015102546436624805 0.0034303332451477947 -0.0002312806497351876 -0.0012852992827141277 -0.0039753605204855876
leaf_weight=10190 10979 232633 22714 9513 4124 6532 11902 5181 72573 66246 4068 57185 29684 19180
leaf_count=10190 10979 232633 22714 9513 4124 6532 11902 5181 72573 66246 4068 57185 29684 19180
internal_value=-0.000342043 -0.000231604 -0.000622139 0.000209697 -0.000215518 -0.00196229 -0.00198274 -0.0020049 -9.83357e-05 -0.000424417 0.000231179 2.20982e-05 -0.00158846 -0.00251915
internal_weight=562704 526802 279475 247327 215175 35902 64300 14694 204196 131623 65377 61309 52398 29370
internal_count=562704 526802 279475 247327 215175 35902 64300 14694 204196 131623 65377 61309 52398 29370
is_linear=0
shrinkage=0.05


Tree=72
num_leaves=15
num_cat=0
split_feature=7 9 7 4 0 8 0 4 8 8 0 0 8 3
split_gain=37.3886 30.9802 15.145 13.9871 13.7107 12.5511 16.7861 11.6535 13.2497 18.8896 9.92972 8.85997 8.80432 16.8524
threshold=1.0567018745000001 27.500000000000004 0.80723752900000012 0.66266938047623913 282.50000000000006 0.83891463200000016 282.50000000000006 1.1996149084058192 1.1225942870000003 1.6285984270000002 215.50000000000003 292.50000000000006 1.5109388625000002 -15.671969172499997
decision_type=2 2 2 10 2 2 2 8 2 2 2 2 2 2
left_child=1 5 -3 -4 7 6 -1 12 -9 -10 -7 -5 -2 -14
right_child=4 2 3 11 -6 10 -8 8 9 -11 -12 -13 13 -15
leaf_value=-0.0058812664260945134 0.0005418570895636747 -0.00316567076823042 -0.0018099466084658526 -0.00024917937757182291 0.014970733408912477 -0.0017070851790504599 0.0017841284472035963 -0.0039665034385946603 0.0034458127531009197 -0.0017159364954961627 0.0022013514746469479 0.021130153678636642 0.0027633646751389525 -0.0017033911540093275
leaf_weight=21872 89889 7787 43837 256884 6694 64522 5455 3587 16050 3450 8590 3648 6780 22721
leaf_count=21872 89889 7787 43837 256884 6694 64522 5455 3587 16050 3450 8590 3648 6780 22721
internal_value=-0.000324475 -0.000569742 -0.000323969 -0.00026824 0.00035391 -0.00133353 -0.00224773 0.00024996 0.00127815 0.00179185 -0.000991699 -0.000129196 5.10897e-05 -0.000698334
internal_weight=561766 412595 312156 304369 149171 100439 27327 142477 23087 19500 73112 260532 119390 29501
internal_count=561766 412595 312156 304369 149171 100439 27327 142477 23087 19500 73112 260532 119390 29501
is_linear=0
shrinkage=0.05


Tree=73
num_leaves=15
num_cat=0
split_feature=9 0 7 7 7 4 4 7 7 7 7 7 3 9
split_gain=35.7266 20.277 18.3115 15.5395 12.7837 12.2659 11.8876 23.0485 15.0429 33.665 13.4011 16.4516 11.8433 11.8423
threshold=34.500000000000007 233.50000000000003 0.96493356350000015 0.81411706250000015 1.0774303530000002 1.1186348082159683 0.96506206545356021 0.87940248500000007 0.94596836400000017 0.98284597900000015 1.0717421425000002 1.0806154645000003 -15.913125022499999 87.500000000000014
decision_type=2 2 2 2 2 8 10 2 2 2 2 2 2 2
left_child=2 3 -1 -2 13 -4 10 -8 -9 -10 -5 -12 -13 -3
right_child=1 4 5 6 -6 -7 7 8 9 -11 11 12 -14 -15
leaf_value=-0.002456314207466925 -0.0032596122640923412 -0.00088316390527081205 -0.0013164632124648787 -0.00084222370191173838 0.0058890786523884834 0.00081981334927413931 0.0041967646258885593 -0.002110403628787547 0.0031305987834838035 -7.1121866019394609e-05 0.0061984492865074757 0.0014618887914194967 -0.0015179146925918445 0.0030425623153831271
leaf_weight=66219 7425 30457 88889 166720 18265 22962 3188 11459 13655 71893 3402 18637 11180 28050
leaf_count=66219 7425 30457 88889 166720 18265 22962 3188 11459 13655 71893 3402 18637 11180 28050
internal_value=-0.000304061 -3.2798e-05 -0.000889514 -0.000214249 0.000694087 -0.000499349 -0.000158328 0.000286176 0.000148589 0.000376491 -0.000381083 0.000535907 0.00015978 0.00033352
internal_weight=562401 384331 178070 307559 76772 111851 300134 100195 97007 85548 199939 33219 29817 58507
internal_count=562401 384331 178070 307559 76772 111851 300134 100195 97007 85548 199939 33219 29817 58507
is_linear=0
shrinkage=0.05


Tree=74
num_leaves=15
num_cat=0
split_feature=8 0 8 7 9 7 6 7 7 0 8 4 8 7
split_gain=34.34 31.2579 25.371 19.551 20.9158 17.828 14.8601 14.4423 23.0242 13.5497 12.0917 11.6182 14.8496 19.4805
threshold=0.72556869950000014 201.50000000000003 0.99757989400000013 0.86796959100000015 77.500000000000014 0.90579342850000011 1.0000000180025095e-35 1.1012503740000004 1.1145767585000004 261.50000000000006 1.4625844395000003 0.87137823428901429 0.91647377950000009 0.90579342850000011
decision_type=2 2 2 2 2 2 2 2 2 2 2 8 2 2
left_child=3 2 11 -1 9 -4 7 -3 -9 -5 -10 -2 13 -13
right_child=1 6 5 4 -6 -7 -8 8 10 -11 -12 12 -14 -15
leaf_value=-0.0062734753285699904 -0.00236976136652525 0.00099427211666482085 -0.0021651139804961745 -0.0065870162132382658 0.0036930772784546403 -0.00013574107179388904 -0.00078920648392288612 0.013685753573344504 0.0052933508611720838 -0.00049491533839032559 -0.0033609950438065329 0.0033702666107232973 -0.0027298744090614477 -0.00075987407548021735
leaf_weight=11887 61394 79506 18963 11975 3034 269950 49942 3286 12095 9063 3298 5320 12500 9861
leaf_count=11887 61394 79506 18963 11975 3034 269950 49942 3286 12095 9063 3298 5320 12500 9861
internal_value=-0.000297148 -0.000194966 -0.000436226 -0.00179193 -0.000972298 -0.000208763 0.000420671 0.000777828 0.00202874 -0.0015321 0.00121672 -0.00117395 -0.00032345 0.000727313
internal_weight=562074 526115 377988 35959 24072 288913 148127 98185 18679 21038 15393 89075 27681 15181
internal_count=562074 526115 377988 35959 24072 288913 148127 98185 18679 21038 15393 89075 27681 15181
is_linear=0
shrinkage=0.05


Tree=75
num_leaves=15
num_cat=0
split_feature=8 0 8 7 9 0 6 6 0 7 7 3 8 8
split_gain=33.7395 26.8337 20.1999 19.9738 17.7143 16.9247 16.5092 14.1411 13.062 11.6162 14.8115 16.5275 17.4415 17.9281
threshold=0.72556869950000014 127.50000000000001 0.83891463200000016 0.86796959100000015 76.500000000000014 294.50000000000006 1.0000000180025095e-35 1.0000000180025095e-35 261.50000000000006 1.0704542910000001 1.0774303530000002 -21.939339499499997 1.3150656785000001 1.0472239105000003
decision_type=2 2 2 2 2 2 2 2 2 2 2 2 2 2
left_child=3 2 -2 -1 8 7 -4 9 -5 -3 -11 12 13 -12
right_child=1 5 6 4 -6 -7 -8 -9 -10 10 11 -13 -14 -15
leaf_value=-0.0060237435910464546 -0.0032938769564113991 0.00013202142572064235 -0.00031562011267038687 -0.0065030942234490467 0.0033301007744687369 0.031852211975318345 -0.0019679829825812317 -0.0011557991697597825 -0.00021428202145040329 0.0066071472937421485 0.0058073543948639226 0.00017596783989148857 0.009561551173359252 -0.00527287703377883
leaf_weight=11903 14311 151870 179545 11823 3125 4993 49791 74755 9052 4413 3932 33497 5145 4050
leaf_count=11903 14311 151870 179545 11823 3125 4993 49791 74755 9052 4413 3932 33497 5145 4050
internal_value=-0.000308205 -0.000207029 -0.000591562 -0.00179111 -0.000960218 0.000124442 -0.000477805 7.25317e-05 -0.00148587 0.000289114 0.000941674 0.000679404 0.00218283 0.000718667
internal_weight=562205 526302 243647 35903 24000 282655 229336 277662 20875 202907 51037 46624 13127 7982
internal_count=562205 526302 243647 35903 24000 282655 229336 277662 20875 202907 51037 46624 13127 7982
is_linear=0
shrinkage=0.05


Tree=76
num_leaves=15
num_cat=0
split_feature=2 0 2 0 0 0 2 2 7 4 7 2 7 7
split_gain=34.4343 33.1455 62.3399 33.2068 29.3615 27.2565 27.1842 24.5685 18.7756 16.4766 15.9231 15.2089 14.9019 13.951
threshold=7.5000000000000009 201.50000000000003 3.5000000000000004 122.50000000000001 271.50000000000006 98.500000000000014 1.5000000000000002 5.5000000000000009 0.92385234500000013 0.81322486792239368 0.94139884600000012 4.5000000000000009 1.0229662150000003 0.88165736250000015
decision_type=2 2 2 2 2 2 2 2 2 10 2 2 2 2
left_child=1 2 5 -4 -2 6 10 8 -5 11 -1 12 -10 -8
right_child=4 -3 3 7 -6 -7 13 -9 9 -11 -12 -13 -14 -15
leaf_value=-0.0013092128150501419 -0.014683129324191791 0.0011038326725317682 -0.0070942858920386336 -0.0036162933952249145 -0.0011153526323422333 0.00055571104646115802 -0.0049499653191268228 -0.0072005508430255955 0.0054200628110250247 -0.0027680682245844294 0.00025777801386243931 -0.0016530828928435423 -0.00016005475985533227 -0.0018767528920276878
leaf_weight=35756 14822 147107 17179 8796 12008 127707 6229 13325 6209 17362 99461 7662 3897 45086
leaf_count=35756 14822 147107 17179 8796 12008 127707 6229 13325 6209 17362 99461 7662 3897 45086
internal_value=-0.000268179 -0.000180635 -0.000422579 -0.00172365 -0.00201603 -0.000114387 -0.000499688 -0.00114495 -0.000574311 -5.69245e-05 -0.000127828 0.00101333 0.00228662 -0.00147944
internal_weight=562606 535776 388669 74430 26830 314239 186532 57251 43926 35130 135217 17768 10106 51315
internal_count=562606 535776 388669 74430 26830 314239 186532 57251 43926 35130 135217 17768 10106 51315
is_linear=0
shrinkage=0.05


Tree=77
num_leaves=15
num_cat=0
split_feature=2 0 2 0 8 7 7 2 7 7 8 8 8 8
split_gain=32.7349 31.3713 63.7646 26.2074 21.6877 17.0232 16.8376 13.9973 19.6141 19.1692 12.9275 41.8033 21.6547 19.9916
threshold=7.5000000000000009 147.50000000000003 3.5000000000000004 271.50000000000006 0.82661487100000008 0.81411706250000015 1.2034202360000001 2.5000000000000004 1.1603783160000003 1.1463471410000003 1.3652772700000002 1.3804488530000001 1.2767546560000003 1.2580429490000002
decision_type=2 2 2 2 2 2 2 2 2 2 2 2 2 2
left_child=1 2 4 -2 -1 -3 7 8 9 10 12 -12 13 -6
right_child=3 5 -4 -5 6 -7 -8 -9 -10 -11 11 -13 -14 -15
leaf_value=-0.0025858581766311766 -0.013600343809921624 -0.0052410717221045401 -0.0054145322602201255 -0.0014103949685198818 -0.00023389190950480888 0.00050615402762983395 0.002494649678331992 -0.0017317873315905318 -0.0040308033174477811 0.0073535965773329093 0.0047034396641017643 0.00022705492620182251 -0.0018621988663519258 0.0045641966916424685
leaf_weight=17631 14923 4158 30259 11899 115657 242886 7247 33946 5203 3138 3676 43882 23083 5038
leaf_count=17631 14923 4158 30259 11899 115657 242886 7247 33946 5203 3138 3676 43882 23083 5038
internal_value=-0.000280878 -0.000195537 -0.00054941 -0.00198531 -0.000295178 0.000218093 -0.000171252 -0.000244899 -8.53118e-05 -4.21759e-06 -6.78382e-05 0.00064672 -0.00030421 -3.58338e-05
internal_weight=562626 535804 288760 26822 258501 247044 240870 233623 199677 194474 191336 47558 143778 120695
internal_count=562626 535804 288760 26822 258501 247044 240870 233623 199677 194474 191336 47558 143778 120695
is_linear=0
shrinkage=0.05


Tree=78
num_leaves=15
num_cat=0
split_feature=5 2 0 2 2 0 0 2 2 0 8 8 2 8
split_gain=31.5309 25.7331 22.9812 19.1002 14.2279 19.9454 13.9546 40.8802 12.0602 26.7654 15.1841 15.6106 12.0386 13.5085
threshold=6.5000000000000009 2.5000000000000004 296.50000000000006 8.5000000000000018 7.5000000000000009 145.50000000000003 132.50000000000003 3.5000000000000004 4.5000000000000009 220.50000000000003 1.4929318085000001 1.4372340155000003 5.5000000000000009 1.0030307885000003
decision_type=2 2 2 2 2 2 2 2 2 2 2 2 2 2
left_child=1 -1 3 6 5 -3 7 -2 10 12 11 -8 13 -10
right_child=2 4 -4 -5 -6 -7 8 -9 9 -11 -12 -13 -14 -15
leaf_value=-0.00028152388403103229 -0.00020095435937293252 -0.0042004853676343937 0.043955067522736514 -0.023997277999336195 -0.014665027182353227 -0.0011738853514045554 0.00096828326520277978 -0.0062340897835224717 0.0014254770914903269 0.00085053792199246084 -0.00096193341268007316 0.0065328389526577704 -0.0070428546843366094 -0.0050436587196556228
leaf_weight=80935 152055 28400 3953 5863 8363 41658 109130 11552 6278 66057 22422 8228 11550 6472
leaf_count=80935 152055 28400 3953 5863 8363 41658 109130 11552 6278 66057 22422 8228 11550 6472
internal_value=-0.000265633 -0.000861128 -3.04796e-05 -6.80297e-05 -0.00150658 -0.00127371 -2.58298e-05 -0.000378855 0.000225142 -0.00022504 0.000516149 0.00074393 -0.0016437 -0.000584086
internal_weight=562916 159356 403560 399607 78421 70058 393744 163607 230137 90357 139780 117358 24300 12750
internal_count=562916 159356 403560 399607 78421 70058 393744 163607 230137 90357 139780 117358 24300 12750
is_linear=0
shrinkage=0.05


Tree=79
num_leaves=15
num_cat=0
split_feature=2 1 2 1 1 1 2 2 9 7 7 4 2 7
split_gain=31.4628 31.9631 41.2633 37.2685 30.4497 26.9215 23.6251 19.9709 16.4131 14.0239 13.2993 18.459 13.9895 14.5234
threshold=7.5000000000000009 68.500000000000014 3.5000000000000004 173.50000000000003 204.50000000000003 44.500000000000007 1.5000000000000002 5.5000000000000009 53.500000000000007 0.94139884600000012 0.92385234500000013 0.81322486792239368 4.5000000000000009 0.99441601250000011
decision_type=2 2 2 2 2 2 2 2 2 2 2 10 2 2
left_child=1 -1 4 7 8 -2 9 10 -3 -6 -4 12 13 -12
right_child=5 2 3 -5 6 -7 -8 -9 -10 -11 11 -13 -14 -15
leaf_value=0.0019127520805507102 -0.0030723840503123251 0.0021023131606022413 -0.002520804960679851 -0.0061826081157546064 -0.0012648083407594702 -0.015879003475846278 -0.0021894792428104382 -0.0043072428515148805 0.00029814377310466623 0.00020042604710602798 0.0078588571132298234 -0.0017069574876958902 -0.00044633837142959293 0.0014329439789204303
leaf_weight=94920 15740 25688 12479 19002 35146 11201 48305 22775 127000 97879 5281 29566 10603 6844
leaf_count=94920 15740 25688 12479 19002 35146 11201 48305 22775 127000 97879 5281 29566 10603 6844
internal_value=-0.000235042 -0.000151152 -0.000330457 -0.00118718 -5.71529e-05 -0.00190214 -0.000495217 -0.000751432 0.000463085 -0.000151283 -0.000303576 4.64624e-05 0.00111776 0.00227741
internal_weight=562429 535488 440568 106550 334018 26941 181330 87548 152688 133025 64773 52294 22728 12125
internal_count=562429 535488 440568 106550 334018 26941 181330 87548 152688 133025 64773 52294 22728 12125
is_linear=0
shrinkage=0.05


Tree=80
num_leaves=15
num_cat=0
split_feature=2 1 2 1 1 7 1 2 2 2 3 9 7 7
split_gain=25.79 27.0699 47.6407 25.1858 22.7723 19.4184 20.6483 19.0332 18.7663 15.221 19.7279 14.7495 14.1394 14.0136
threshold=7.5000000000000009 104.50000000000001 3.5000000000000004 34.500000000000007 178.50000000000003 1.2034202360000001 217.50000000000003 5.5000000000000009 1.5000000000000002 2.5000000000000004 -35.753704462999998 44.500000000000007 0.87461235800000015 0.92385234500000013
decision_type=2 2 2 2 2 2 2 2 2 2 2 2 2 2
left_child=1 -1 5 -2 7 6 9 13 -8 10 -3 -12 -11 -4
right_child=3 2 4 -5 -6 -7 8 -9 -10 12 11 -13 -14 -15
leaf_value=0.00086719845455377528 -0.0016653692700693307 0.0030070292943556775 -0.0033438433021256648 -0.013109029159985087 -0.0059503881310448946 0.0026660028319972101 -0.00036019403844960167 -0.0070844926473306747 -0.002606450992517227 -0.0057060941942147954 0.0027465494111781098 0.00025590310853183953 -0.00035493300632214624 -0.0001705831740498516
leaf_weight=157804 13719 5412 8027 13286 16717 8482 118321 11804 35771 4216 7848 85251 44474 31708
leaf_count=157804 13719 5412 8027 13286 16717 8482 118321 11804 35771 4216 7848 85251 44474 31708
internal_value=-0.000242786 -0.000166795 -0.000396405 -0.00175028 -0.00159213 -0.000132918 -0.000199355 -0.0010718 -0.000603907 0.00022414 0.000581579 0.000410883 -0.000499026 -0.000547938
internal_weight=562840 535835 378031 27005 68256 309775 301293 51539 154092 147201 98511 93099 48690 39735
internal_count=562840 535835 378031 27005 68256 309775 301293 51539 154092 147201 98511 93099 48690 39735
is_linear=0
shrinkage=0.05


Tree=81
num_leaves=15
num_cat=0
split_feature=8 5 7 7 3 2 8 8 8 4 9 2 8 9
split_gain=31.0994 20.5874 14.3782 15.6118 13.3392 12.1243 12.1241 16.2986 9.97597 9.409 9.07297 11.4629 13.7458 13.7934
threshold=0.64203946550000013 5.5000000000000009 1.0704542910000001 1.0742902665 -33.523568041999994 1.5000000000000002 1.3019391935000002 1.0472239105000003 1.7038210695000002 0.55438677459630137 14.500000000000002 1.5000000000000002 1.5501666135000003 118.50000000000001
decision_type=2 2 2 2 2 2 2 2 2 10 2 2 2 2
left_child=-1 5 8 -4 6 -2 7 -5 10 -7 -3 12 13 -12
right_child=1 2 3 4 -6 9 -8 -9 -10 -11 11 -13 -14 -15
leaf_value=-0.007889954861000326 -0.00015273770087587476 -0.0022833784069815183 0.0045413652899079964 0.0068944406297415358 0.00025903332553168758 -0.0047872053736188434 0.0099781422438984368 -0.0064921509450463046 0.0028860591077958407 -0.0016261959357677714 0.00029575622883511784 -0.0005555133337849632 -0.0028883107122607086 0.002807646537247261
leaf_weight=15497 44099 21535 5628 3686 90633 10828 3089 3121 3002 59590 74051 213990 3260 10173
leaf_count=15497 44099 21535 5628 3686 90633 10828 3089 3121 3002 59590 74051 213990 3260 10173
internal_value=-0.000232237 -0.000169613 -1.16632e-05 0.000493725 0.000350179 -0.000765662 0.00209272 0.000912359 -0.000176235 -0.00117277 -0.000202918 -0.000132083 0.0003501 0.00047347
internal_weight=562182 546685 432168 106157 100529 114517 9896 6807 326011 70418 323009 301474 87484 84224
internal_count=562182 546685 432168 106157 100529 114517 9896 6807 326011 70418 323009 301474 87484 84224
is_linear=0
shrinkage=0.05


Tree=82
num_leaves=15
num_cat=0
split_feature=8 0 2 0 0 2 8 2 0 0 2 8 8 2
split_gain=29.3968 22.2652 25.752 20.5149 19.1232 44.388 28.4534 18.4273 34.0547 21.8941 15.6055 14.8861 28.1614 35.9598
threshold=0.64203946550000013 296.50000000000006 8.5000000000000018 259.50000000000006 228.50000000000003 5.5000000000000009 1.0298537230000002 2.5000000000000004 112.50000000000001 64.500000000000014 1.0000000180025095e-35 1.4929318085000001 1.3854618275000001 3.5000000000000004
decision_type=2 2 2 2 2 2 2 2 2 2 2 2 2 2
left_child=3 2 4 -1 5 7 -7 9 -9 10 -2 12 -10 -14
right_child=1 -3 -4 -5 -6 6 -8 8 11 -11 -12 -13 13 -15
leaf_value=-0.0090231992198884729 0.00014019107064264637 0.044047862719903547 -0.02231127879171637 -0.00097594424025463072 0.0011827151045174596 -0.0072793252728555261 0.002559438629697478 -0.0034667766972250689 -0.0004551457902071456 0.00062942072729068395 -0.0014077141965967025 -0.0024570245349796157 0.008387462656079701 -0.0013080654607678444
leaf_weight=9082 66377 3284 6686 6414 102751 20273 5512 32275 96212 137771 54237 11616 5662 4001
leaf_count=9082 66377 3284 6686 6414 102751 20273 5512 32275 96212 137771 54237 11616 5662 4001
internal_value=-0.000215892 -0.000155006 -0.00017983 -0.00236307 -0.000141395 -0.00028663 -0.00229837 -0.000159511 -0.000600785 9.6268e-05 -0.000395627 -0.000205583 -1.91266e-05 0.00255327
internal_weight=562153 546657 543373 15496 536687 433936 25785 408151 149766 258385 120614 117491 105875 9663
internal_count=562153 546657 543373 15496 536687 433936 25785 408151 149766 258385 120614 117491 105875 9663
is_linear=0
shrinkage=0.05


Tree=83
num_leaves=15
num_cat=0
split_feature=8 0 2 8 0 2 2 0 0 2 7 7 8 7
split_gain=28.3358 19.7671 45.4888 27.2267 19.4499 16.5009 15.6037 34.4913 17.8967 16.0791 15.6706 13.6585 13.0478 39.6155
threshold=0.64203946550000013 234.50000000000003 5.5000000000000009 1.0298537230000002 248.50000000000003 8.5000000000000018 2.5000000000000004 101.50000000000001 74.500000000000014 1.0000000180025095e-35 0.96493356350000015 0.88165736250000015 0.82240954000000011 0.87716334050000011
decision_type=2 2 2 2 2 2 2 2 2 2 2 2 2 2
left_child=4 2 6 -4 -1 -3 8 -8 9 10 11 -2 13 -9
right_child=1 5 3 -5 -6 -7 7 12 -10 -11 -12 -13 -14 -15
leaf_value=-0.0085935719566496132 0.0012081392945326203 0.0017860838088542893 -0.0068310430190679523 0.0019865770685912015 -0.0019576563035033408 -0.013484934343360684 -0.0038073512232070215 -0.0035877257094986863 0.00059438162622002565 -0.0012268241279781659 0.00081165919299083962 -0.0021003611847932972 -0.00063185710964742828 0.004598722589687688
leaf_weight=8118 6697 95062 23821 6234 7320 5597 24521 3219 123296 65932 47972 15797 122241 6120
leaf_count=8118 6697 95062 23821 6234 7320 5597 24521 3219 123296 65932 47972 15797 122241 6120
internal_value=-0.000221613 -0.000161928 -0.000304809 -0.00218313 -0.00233374 0.000470922 -0.000169013 -0.000564073 6.84627e-05 -0.000326167 0.000198946 -0.000889819 -0.00024319 0.00155768
internal_weight=561947 546509 445850 30055 15438 100659 415795 156101 259694 136398 70466 22494 131580 9339
internal_count=561947 546509 445850 30055 15438 100659 415795 156101 259694 136398 70466 22494 131580 9339
is_linear=0
shrinkage=0.05


Tree=84
num_leaves=15
num_cat=0
split_feature=2 0 2 0 7 0 2 2 7 9 9 0 3 5
split_gain=24.7484 22.7284 50.7144 20.0421 17.0477 14.0062 29.1074 15.7924 29.3978 16.1602 13.103 18.0264 11.182 11.0608
threshold=8.5000000000000018 219.50000000000003 5.5000000000000009 285.50000000000006 0.83388977950000009 97.500000000000014 2.5000000000000004 2.5000000000000004 0.87940248500000007 52.500000000000007 78.500000000000014 136.50000000000003 -0.20863583899999996 29.500000000000004
decision_type=2 2 2 2 2 2 2 2 2 2 2 2 2 2
left_child=1 2 4 -2 -1 6 -6 8 -7 12 11 -9 -10 -3
right_child=3 13 -4 -5 5 7 -8 10 9 -11 -12 -13 -14 -15
leaf_value=-0.0024763755380490921 -0.02506584575667228 0.00087265636435284214 -0.0063797562460901694 0.0067277674829409294 -0.00027738618719719597 0.0028480049117648207 -0.0035902667823214662 -0.0013266786208812643 0.0016037384367789929 0.00026715109452439214 -0.0017172560567719798 0.0011479468821896357 0.0034207874892608044 0.017481267904129256
leaf_weight=16848 7064 124890 24663 3086 161669 4559 21371 25633 4433 73072 41139 47606 3072 3306
leaf_count=16848 7064 124890 24663 3086 161669 4559 21371 25633 4433 73072 41139 47606 3072 3306
internal_value=-0.000212842 -0.000167864 -0.000344225 -0.00265879 -0.000208335 -0.00013977 -0.000455627 0.00015001 0.000665601 0.000444453 -0.000233777 0.000167316 0.00265313 0.000415518
internal_weight=562411 552261 424065 10150 399402 382554 183040 199514 85136 80577 114378 73239 7505 128196
internal_count=562411 552261 424065 10150 399402 382554 183040 199514 85136 80577 114378 73239 7505 128196
is_linear=0
shrinkage=0.05


Tree=85
num_leaves=15
num_cat=0
split_feature=8 0 6 0 0 4 7 7 8 8 8 0 7 7
split_gain=28.0292 18.4495 20.1021 18.103 16.0506 14.4103 11.8748 26.475 12.1861 10.5652 10.989 10.2335 8.7308 12.5647
threshold=0.64203946550000013 296.50000000000006 1.0000000180025095e-35 259.50000000000006 195.50000000000003 0.66266938047623913 1.1012503740000004 1.1121899600000003 1.4625844395000003 0.83891463200000016 0.85329468650000007 152.50000000000003 1.2098183425000004 1.1603783160000003
decision_type=2 2 2 2 2 10 2 2 2 2 2 2 2 2
left_child=3 2 4 -1 9 -4 -6 -8 -9 11 -11 -2 13 -12
right_child=1 -3 5 -5 6 -7 7 8 -10 10 12 -13 -14 -15
leaf_value=-0.0078059791464250086 -0.0024666188114379714 0.041914528529127096 -0.0027320074379842633 -0.0013610868648505125 0.00056881485899026212 -0.00090865258214339352 0.012427278245564215 0.0040263677660072805 -0.0035630702109135967 0.0031956269693589295 -0.00014034387763068719 0.00065145035274552922 0.0021963362905186626 -0.0022694834221765616
leaf_weight=9081 17595 3375 24074 6417 91255 112859 3132 13141 3763 3100 250816 5862 8608 9056
leaf_count=9081 17595 3375 24074 6417 91255 112859 3132 13141 3763 3100 250816 5862 8608 9056
internal_value=-0.000199187 -0.000139727 -0.000162638 -0.00229569 1.39283e-05 -0.000686553 0.000525579 0.00162766 0.000844519 -0.000179077 -9.11329e-05 -0.00119704 -0.000125334 -0.000177239
internal_weight=562134 546636 543261 15498 406328 136933 111291 20036 16904 295037 271580 23457 268480 259872
internal_count=562134 546636 543261 15498 406328 136933 111291 20036 16904 295037 271580 23457 268480 259872
is_linear=0
shrinkage=0.05


Tree=86
num_leaves=15
num_cat=0
split_feature=2 0 2 0 2 7 0 0 9 2 7 7 7 4
split_gain=24.4079 21.2506 40.5075 31.2017 23.0624 20.825 18.2331 16.5814 15.3134 14.5736 12.4408 19.4914 10.8467 13.7288
threshold=8.5000000000000018 239.50000000000003 3.5000000000000004 125.50000000000001 6.5000000000000009 1.2034202360000001 95.500000000000014 285.50000000000006 57.500000000000007 1.5000000000000002 1.1539737475000003 1.0920042035000004 0.92385234500000013 0.81551590566822185
decision_type=2 2 2 2 2 2 2 2 2 2 2 2 2 10
left_child=1 2 5 -4 12 6 9 -2 -8 10 11 -1 -5 -14
right_child=7 -3 3 4 -6 -7 8 -9 -10 -11 -12 -13 13 -15
leaf_value=-0.00031764145834370133 -0.023394712799456631 0.0016093086162137081 -0.0051172744461520925 -0.0022437605366885361 -0.0084268811851508345 0.0028947664744582496 0.001699876278705629 0.0039111870645839692 9.47078201556464e-05 -0.0018061892660730184 -0.0027554209721989535 0.0018768831454970072 0.0010947502957428868 -0.0016534256767435234
leaf_weight=110356 7082 92593 18706 17338 14378 9309 30371 3090 122745 47521 4478 13378 32800 38189
leaf_count=110356 7082 92593 18706 17338 14378 9309 30371 3090 122745 47521 4478 13378 32800 38189
internal_value=-0.000193248 -0.000148525 -0.000287757 -0.00107115 -0.000728995 -6.47736e-06 -7.25106e-05 -0.00261963 0.000326342 -0.00042003 -0.000142806 -4.90561e-05 -0.00042663 -0.000152761
internal_weight=562334 552162 459569 121411 102705 338158 328849 10172 153116 175733 128212 123734 88327 70989
internal_count=562334 552162 459569 121411 102705 338158 328849 10172 153116 175733 128212 123734 88327 70989
is_linear=0
shrinkage=0.05


Tree=87
num_leaves=15
num_cat=0
split_feature=8 0 0 2 0 2 2 8 0 2 7 7 7 3
split_gain=27.187 16.9786 16.9471 21.6378 15.0764 43.2112 11.6623 17.2775 16.5278 15.9057 19.6776 17.6482 14.04 13.0255
threshold=0.64203946550000013 252.50000000000003 296.50000000000006 8.5000000000000018 135.50000000000003 3.5000000000000004 4.5000000000000009 1.4929318085000001 209.50000000000003 1.5000000000000002 1.1012503740000004 1.0190961710000004 0.96271030700000015 -4.5165284894999989
decision_type=2 2 2 2 2 2 2 2 2 2 2 2 2 2
left_child=1 -1 3 4 5 -2 7 9 -8 11 -11 12 -6 -12
right_child=2 -3 -4 -5 6 -7 8 -9 -10 10 13 -13 -14 -15
leaf_value=-0.0074776542991804784 -0.0002474602260930068 -0.0020464320357614844 0.038801033920920318 -0.018678053483044868 0.0020981446355383348 -0.0043623342630713024 -0.0028505964514103435 -0.001178255220861202 0.00028892589460167344 0.00031969601946372356 0.0079174473812931769 -0.00030687621302618088 0.0088311458351845902 0.0018546676782038439
leaf_weight=8465 240970 6967 3372 6754 5088 22978 31764 24912 78969 106845 6643 5179 4042 9633
leaf_count=8465 240970 6967 3372 6754 5088 22978 31764 24912 78969 106845 6643 5179 4042 9633
internal_value=-0.000201846 -0.00227117 -0.000143462 -0.000165389 -0.000130004 -0.000399466 0.000130455 0.000400314 -0.000265177 0.000619928 0.000436503 0.0021975 0.00351943 0.00205577
internal_weight=562581 15432 547149 543777 537023 263948 273075 162342 110733 137430 123121 14309 9130 16276
internal_count=562581 15432 547149 543777 537023 263948 273075 162342 110733 137430 123121 14309 9130 16276
is_linear=0
shrinkage=0.05


Tree=88
num_leaves=15
num_cat=0
split_feature=7 2 0 7 0 2 0 7 2 2 0 0 4 7
split_gain=22.9274 17.924 19.0443 17.4396 17.1349 18.8694 18.0536 10.2375 12.64 10.0136 21.814 17.6923 10.0175 7.79877
threshold=0.87315632250000008 7.5000000000000009 267.50000000000006 0.87940248500000007 238.50000000000003 4.5000000000000009 137.50000000000003 0.90417377250000008 2.5000000000000004 2.5000000000000004 203.50000000000003 129.50000000000003 0.81096342207775007 1.2034202360000001
decision_type=2 2 2 2 2 2 2 2 2 2 2 2 10 2
left_child=9 3 -3 -2 5 7 -7 8 -5 11 12 -1 -11 -9
right_child=1 2 -4 4 -6 6 -8 13 -10 10 -12 -13 -14 -15
leaf_value=-0.0015186197173856436 0.0030577991658920626 -0.012010068331341075 0.00012312682141527875 -0.0022034263192675925 0.0017972741526768488 -0.0094854307416693678 -0.0015398099131148351 -5.4394845976227853e-05 0.00065551111457779246 -0.0054176462419922508 -0.0010312826200789592 0.0021327567484901578 -0.0015811943884915802 0.00189001634027365
leaf_weight=19553 6064 11814 10879 13639 77861 8868 45081 321827 6428 10174 12298 4106 3003 11914
leaf_count=19553 6064 11814 10879 13639 77861 8868 45081 321827 6428 10174 12298 4106 3003 11914
internal_value=-0.000192623 -9.40465e-05 -0.00146775 -3.06304e-05 -6.39191e-05 -0.000193705 -0.0010647 -6.08808e-05 -0.00115758 -0.00122449 -0.00191229 -0.000483647 -0.00332537 5.07752e-06
internal_weight=563509 514375 22693 491682 485618 407757 53949 353808 20067 49134 25475 23659 13177 333741
internal_count=563509 514375 22693 491682 485618 407757 53949 353808 20067 49134 25475 23659 13177 333741
is_linear=0
shrinkage=0.05


Tree=89
num_leaves=15
num_cat=0
split_feature=8 1 9 1 2 1 2 1 7 7 2 4 8 7
split_gain=24.1484 16.9196 15.352 14.9641 14.0775 29.9164 11.3663 11.9517 11.2866 14.3095 10.8956 12.335 14.4003 14.0579
threshold=0.64203946550000013 38.500000000000007 15.500000000000002 4.5000000000000009 3.5000000000000004 161.50000000000003 8.5000000000000018 60.500000000000007 1.2034202360000001 1.1838380120000003 6.5000000000000009 0.80886540510182658 1.2307180285000003 1.0758056275000001
decision_type=2 2 2 2 2 2 2 2 2 2 2 10 2 2
left_child=1 -1 -2 -4 8 6 7 -6 9 -5 11 -9 -13 -14
right_child=2 -3 3 4 5 -7 -8 10 -10 -11 -12 12 13 -15
leaf_value=-0.00075224582244681868 -0.001360345718067312 -0.0068802758703604477 0.032706327470459429 0.00017473276743239197 0.0011647946453196311 -0.0037276164366611682 -0.017320512838736823 0.00066147233331827714 0.0028008807365180986 -0.005114918258056024 -0.0058315242007052617 -0.00041235779966474297 -0.0066417518206514968 -0.0011920654400374366
leaf_weight=6237 64367 9318 3394 291255 63773 20908 4997 36216 8000 3061 10587 28067 6032 6510
leaf_count=6237 64367 9318 3394 291255 63773 20908 4997 36216 8000 3061 10587 28067 6032 6510
internal_value=-0.000183323 -0.00212564 -0.000128087 -3.13803e-05 -5.48185e-05 -0.000408821 -0.000171014 -9.34267e-05 0.000152552 0.000102166 -0.000473136 -0.000265848 -0.000864112 -0.00227226
internal_weight=562722 15555 547167 482800 479406 177090 156182 151185 302316 294316 87412 76825 40609 12542
internal_count=562722 15555 547167 482800 479406 177090 156182 151185 302316 294316 87412 76825 40609 12542
is_linear=0
shrinkage=0.05


Tree=90
num_leaves=15
num_cat=0
split_feature=8 1 9 1 2 1 7 8 4 8 4 8 7 7
split_gain=21.9671 15.4935 14.7987 13.6805 14.9557 23.2013 10.8315 12.8821 11.7755 11.5692 19.5319 23.5965 25.2472 25.2542
threshold=0.64203946550000013 38.500000000000007 21.500000000000004 14.500000000000002 3.5000000000000004 135.50000000000003 1.2034202360000001 1.6045679965000004 0.8585285408023019 1.3684471115000003 0.98809133141531003 1.4929318085000001 1.0717421425000002 0.97547185450000018
decision_type=2 2 2 2 2 2 2 2 10 2 10 2 2 2
left_child=1 -1 -2 -4 6 -6 7 9 -9 -5 11 12 13 -11
right_child=2 -3 3 4 5 -7 -8 8 -10 10 -12 -13 -14 -15
leaf_value=-0.00043336782729806365 -0.0011276701471068023 -0.0063636095783906029 0.0094441873528038605 5.2853449663846303e-05 -0.00026689271555661452 -0.0029223129854055001 0.0029731667865854428 0.00064240656975639722 -0.0022051759672614721 0.0031048898918849318 0.0024930008542621506 -0.0014936928282057995 0.0067967864922289165 -0.001737602688448902
leaf_weight=6225 96348 9341 12709 199389 123329 33086 7320 4744 14374 3383 22858 13504 5576 10388
leaf_count=6225 96348 9341 12709 199389 123329 33086 7320 4744 14374 3383 22858 13504 5576 10388
internal_value=-0.000173079 -0.00202492 -0.000120364 -1.12139e-07 -4.70493e-05 -0.000439044 0.000170738 0.000120048 -0.00113162 0.000213873 0.000850862 6.98491e-05 0.00118928 3.95604e-05
internal_weight=562574 15566 547008 450660 437951 156415 281536 274216 19118 255098 55709 32851 19347 13771
internal_count=562574 15566 547008 450660 437951 156415 281536 274216 19118 255098 55709 32851 19347 13771
is_linear=0
shrinkage=0.05


Tree=91
num_leaves=15
num_cat=0
split_feature=8 0 6 0 0 8 9 4 7 7 8 4 9 8
split_gain=20.6285 17.1758 15.1742 13.5025 10.8676 9.46042 9.32928 8.70932 8.00464 22.7449 11.595 8.9076 6.99296 6.58481
threshold=0.64203946550000013 250.50000000000003 1.0000000180025095e-35 191.50000000000003 98.500000000000014 0.83891463200000016 24.500000000000004 0.93589341991015196 1.1012503740000004 1.1121899600000003 1.4625844395000003 0.6362649636273715 100.50000000000001 1.4211056495000001
decision_type=2 2 2 2 2 2 2 10 2 2 2 10 2 2
left_child=1 -1 3 5 13 7 -3 -2 11 -10 12 -5 -11 -4
right_child=2 6 4 8 -6 -7 -8 -9 9 10 -12 -13 -14 -15
leaf_value=-0.0065753357895231585 -0.0021344280883741659 -0.010691623654213377 -0.0023891868317222845 0.0031629477287335424 -0.00062213865057974551 -8.055734416332953e-05 0.004787397639798777 0.0007438748388017074 0.011663412273778508 0.0053598566562557404 -0.0032257500351670857 0.00042852201042154397 -0.00092578633369360362 7.0140779685883405e-05
leaf_weight=8265 18856 4005 34453 4620 96616 266808 3272 3842 3205 9529 4095 92459 4192 8132
leaf_count=8265 18856 4005 34453 4620 96616 266808 3272 3842 3205 9529 4095 92459 4192 8132
internal_value=-0.000172926 -0.00196887 -0.000121862 3.20637e-05 -0.00057257 -0.00015174 -0.000197062 -0.00113157 0.00048262 0.00136712 0.000668873 0.000291035 0.00136566 -0.00123797
internal_weight=562349 15542 546807 407606 139201 289506 7277 22698 118100 21021 17816 97079 13721 42585
internal_count=562349 15542 546807 407606 139201 289506 7277 22698 118100 21021 17816 97079 13721 42585
is_linear=0
shrinkage=0.05


Tree=92
num_leaves=15
num_cat=0
split_feature=0 2 7 0 0 2 7 2 3 2 3 2 9 0
split_gain=20.5359 24.5558 18.6059 18.0529 13.3786 34.4156 10.604 12.8703 8.81579 11.2024 10.1901 8.65448 19.0382 9.9493
threshold=296.50000000000006 7.5000000000000009 0.83388977950000009 219.50000000000003 132.50000000000003 2.5000000000000004 0.88563700000000012 4.5000000000000009 -15.433392116499999 1.5000000000000002 14.265379290500002 4.5000000000000009 53.500000000000007 210.50000000000003
decision_type=2 2 2 2 2 2 2 2 2 2 2 2 2 2
left_child=1 2 -1 -3 5 8 -7 -8 -4 -10 -11 12 -6 -13
right_child=-2 3 4 -5 11 6 7 -9 9 10 -12 13 -14 -15
leaf_value=-0.0021836720318872261 0.037165985235039001 -0.01881515500534113 0.00062476496840962884 -0.0044722371072088091 0.0026915231993553551 -0.0045989143867609158 -0.00136061325363631 -0.0095849383340864888 2.0061633251285159e-06 -0.001692016721972096 0.0020268081509001528 -0.0021216857671851768 0.00019831573419265441 0.00035142373220553244
leaf_weight=20260 4006 5739 36878 19501 31077 4212 37866 7639 129756 28986 3048 31085 131014 70728
leaf_count=20260 4006 5739 36878 19501 31077 4212 37866 7639 129756 28986 3048 31085 131014 70728
internal_value=-0.000181694 -0.000207327 -0.000135095 -0.00173104 -7.63148e-05 -0.000339689 -0.00151613 -0.00129367 -4.52514e-05 -0.000204272 -0.00104154 0.000171573 0.000398497 -0.000189702
internal_weight=561795 557789 532549 25240 512289 248385 49717 45505 198668 161790 32034 263904 162091 101813
internal_count=561795 557789 532549 25240 512289 248385 49717 45505 198668 161790 32034 263904 162091 101813
is_linear=0
shrinkage=0.05


Tree=93
num_leaves=15
num_cat=0
split_feature=8 0 0 2 9 2 8 8 3 7 4 8 7 7
split_gain=19.3846 15.0839 14.2075 15.7841 10.9664 11.1886 25.8905 20.7972 44.8472 17.2607 16.4001 15.7639 39.1787 14.9145
threshold=0.64203946550000013 247.50000000000003 296.50000000000006 8.5000000000000018 20.500000000000004 1.5000000000000002 1.5369512295000003 1.4439818470000001 -3.9535600399999997 1.0615921520000002 1.1273502141732363 1.2730621025000002 0.96400287100000004 1.1029995185000001
decision_type=2 2 2 2 2 2 2 2 2 2 10 2 2 2
left_child=1 -1 3 4 -2 6 7 11 -9 -7 -10 13 -13 -6
right_child=2 -3 -4 -5 5 9 -8 8 10 -11 -12 12 -14 -15
leaf_value=-0.0058656525688208011 -0.00099145092575379139 -0.0013799563711098673 0.033273421548601682 -0.016759747400402081 0.00078999515438615451 -0.00059875383858434752 -0.001852130379374383 -0.0010037083986834798 0.0060292837939287742 0.00087250667172584584 0.003026813321973785 0.0030657923864627909 -0.0017340879057336945 0.0045078661091257433
leaf_weight=7947 87748 7472 3329 6684 71671 239127 14983 5173 3464 83956 3040 4063 19797 3744
leaf_count=7947 87748 7472 3329 6684 71671 239127 14983 5173 3464 83956 3040 4063 19797 3744
internal_value=-0.00016745 -0.00191552 -0.000118137 -0.000138099 -0.000108017 -8.10768e-06 0.000391654 0.000655117 0.00265066 -0.000163935 0.0054125 0.000420275 -0.000699771 0.000774661
internal_weight=562198 15419 546779 543450 536766 449018 125935 110952 11677 323083 6504 99275 23860 75415
internal_count=562198 15419 546779 543450 536766 449018 125935 110952 11677 323083 6504 99275 23860 75415
is_linear=0
shrinkage=0.05


Tree=94
num_leaves=15
num_cat=0
split_feature=8 1 2 1 2 1 8 8 2 9 1 8 8 2
split_gain=18.002 15.8726 12.1631 14.3401 30.1135 13.9079 8.35505 9.78589 8.09049 21.1322 13.536 13.0693 11.2051 10.5273
threshold=0.64203946550000013 87.500000000000014 7.5000000000000009 193.50000000000003 2.5000000000000004 76.500000000000014 0.83891463200000016 0.77608734600000007 3.5000000000000004 61.500000000000007 78.500000000000014 1.4929318085000001 1.3189907710000002 6.5000000000000009
decision_type=2 2 2 2 2 2 2 2 2 2 2 2 2 2
left_child=1 -1 3 8 6 -4 7 -5 9 11 -10 12 -2 -12
right_child=2 -3 5 4 -6 -7 -8 -9 10 -11 13 -13 -14 -15
leaf_value=-0.0021365174840125428 0.0019266653732539761 -0.005670578918550025 -0.0023957628598156762 -2.0492657182037013e-05 -0.0030019862542658357 -0.015301337345788358 -5.2604634979660737e-05 -0.0034288957337933637 0.00090414299539593531 0.00016140749398161391 -0.00077118426973368413 -0.00067765656275491732 0.0056919115820199583 -0.007944647284502707
leaf_weight=9772 19591 5717 15490 6764 28900 4749 166385 6444 87081 118487 75849 4960 6444 6045
leaf_count=9772 19591 5717 15490 6764 28900 4749 166385 6444 87081 118487 75849 4960 6444 6045
internal_value=-0.000148735 -0.00182942 -0.000101144 -5.49395e-05 -0.000377295 -0.00130384 -0.000136222 -0.0013464 0.000156108 0.000424049 -8.09279e-05 0.00158629 0.00203437 -0.000542377
internal_weight=562678 15489 547189 526950 208493 20239 179593 13208 318457 149482 168975 30995 26035 81894
internal_count=562678 15489 547189 526950 208493 20239 179593 13208 318457 149482 168975 30995 26035 81894
is_linear=0
shrinkage=0.05


Tree=95
num_leaves=15
num_cat=0
split_feature=7 7 2 0 0 4 4 6 2 0 1 4 7 7
split_gain=18.7071 17.5979 15.6396 16.1441 13.7405 10.7741 11.3517 10.3492 8.55922 21.7523 15.7065 9.17502 7.43118 16.5367
threshold=0.87315632250000008 0.88371338750000017 7.5000000000000009 263.50000000000006 281.50000000000006 0.77467484212292204 0.9185040055077508 1.5000000000000002 2.5000000000000004 203.50000000000003 179.50000000000003 0.79092681674299614 1.2034202360000001 1.1603783160000003
decision_type=2 2 2 2 2 8 10 2 2 2 2 10 2 2
left_child=8 5 4 -4 7 -2 -7 12 10 11 -1 -10 13 -3
right_child=1 2 3 -5 -6 6 -8 -9 9 -11 -12 -13 -14 -15
leaf_value=0.0016838274682898448 0.0035146555503108752 -5.7169196961194947e-05 -0.011161764875094543 -0.00040038324632134085 0.007439465122082798 -0.0029359834161864183 0.0038867018344012419 -0.003589952622285242 -0.0045851861214701852 -0.00061111769528391941 -0.0013436775995165084 -0.0023742353554346337 0.001723198618294881 -0.0026139616489013993
leaf_weight=4752 5192 418816 10709 11070 17119 3023 3075 11059 9637 12204 18742 3575 17500 15781
leaf_count=4752 5192 418816 10709 11070 17119 3023 3075 11059 9637 12204 18742 3575 17500 15781
internal_value=-0.000146144 -5.71163e-05 -0.000101025 -0.00141136 -4.15915e-05 0.00189464 0.000468621 -9.30142e-05 -0.00108045 -0.0017163 -0.000392358 -0.00312174 -5.60394e-05 -9.67219e-05
internal_weight=562254 513344 502054 21779 480275 11290 6098 463156 48910 25416 23494 13212 452097 434597
internal_count=562254 513344 502054 21779 480275 11290 6098 463156 48910 25416 23494 13212 452097 434597
is_linear=0
shrinkage=0.05


Tree=96
num_leaves=15
num_cat=0
split_feature=8 0 9 0 2 8 8 3 8 7 7 7 7 7
split_gain=19.2066 14.7259 12.3285 10.3071 11.4012 22.7299 14.4516 38.9668 16.1523 34.419 12.9752 11.8718 20.9183 24.6262
threshold=0.64203946550000013 202.50000000000003 23.500000000000004 285.50000000000006 1.5000000000000002 1.5369512295000003 1.4439818470000001 -3.7723128614999997 1.2730621025000002 0.96400287100000004 1.0615921520000002 0.96851606650000011 0.87940248500000007 0.85421943300000003
decision_type=2 2 2 2 2 2 2 2 2 2 2 2 2 2
left_child=1 -1 -2 4 5 6 8 -8 11 -10 -6 12 13 -4
right_child=2 -3 3 -5 10 -7 7 -9 9 -11 -12 -13 -14 -15
leaf_value=-0.0052845605711730956 -0.00093890959807784661 -0.0028443656306385138 0.00021967016977925071 0.0085962697418976355 -0.00057173457417994302 -0.0018159755942481087 -0.0012551745855252103 0.0045937077955670201 0.0030609775846589631 -0.0017383633615487282 0.00069013553388927169 0.0018905444950597006 -0.00064928593936153559 0.0050994598269462378
leaf_weight=5254 107410 10291 6404 12251 229093 14321 4982 6220 3939 18819 78421 34393 26652 4095
leaf_count=5254 107410 10291 6404 12251 229093 14321 4982 6220 3939 18819 78421 34393 26652 4095
internal_value=-0.000140211 -0.00187299 -9.0951e-05 2.63867e-05 -1.46147e-05 0.000399106 0.000652834 0.00235032 0.000451079 -0.000709047 -0.000175828 0.000820136 0.00020037 0.00209015
internal_weight=562545 15545 547000 439590 427339 119825 105504 11202 94302 22758 307514 71544 37151 10499
internal_count=562545 15545 547000 439590 427339 119825 105504 11202 94302 22758 307514 71544 37151 10499
is_linear=0
shrinkage=0.05


Tree=97
num_leaves=15
num_cat=0
split_feature=2 7 0 8 0 2 8 0 3 8 0 8 2 9
split_gain=16.9115 14.3218 13.9195 11.7903 10.5647 22.7479 16.319 17.2411 11.6991 10.3666 10.276 22.231 21.0333 15.0735
threshold=8.5000000000000018 0.83388977950000009 285.50000000000006 0.72556869950000014 253.50000000000003 5.5000000000000009 1.0298537230000002 191.50000000000003 -25.889249538499996 0.90110449700000006 110.50000000000001 0.82240954000000011 2.5000000000000004 71.500000000000014
decision_type=2 2 2 2 2 2 2 2 2 2 2 2 2 2
left_child=1 3 -2 -1 5 10 7 -7 -8 -9 12 -12 -3 -13
right_child=2 4 -4 -5 -6 6 8 9 -10 -11 11 13 -14 -15
leaf_value=-0.0041473997416786876 -0.018635386819011057 -8.4973773723005439e-05 0.0050887720922693884 -0.00078029445665315556 0.0018227880764627507 -0.0095838883772832659 0.0041536904146178763 -0.00038394900964122203 -0.0038770926153616201 -0.005035788176379492 0.0029957587062228214 0.00095405827121702283 -0.0023083471605056596 -0.00036077783730195233
leaf_weight=6631 7132 176937 3138 14946 66486 11370 5420 14882 3035 5687 10724 80671 29846 125555
leaf_count=6631 7132 176937 3138 14946 66486 11370 5420 14882 3035 5687 10724 80671 29846 125555
internal_value=-0.000140988 -0.000103588 -0.00215085 -0.00136619 -5.22327e-05 -0.000136676 -0.00127033 -0.00178735 0.000682623 -0.000923254 -2.8592e-05 0.000211794 -0.000280796 9.63471e-05
internal_weight=562460 552190 10270 21577 530613 464127 40394 31939 8455 20569 423733 216950 206783 206226
internal_count=562460 552190 10270 21577 530613 464127 40394 31939 8455 20569 423733 216950 206783 206226
is_linear=0
shrinkage=0.05


Tree=98
num_leaves=15
num_cat=0
split_feature=8 0 0 2 0 0 9 2 7 7 7 8 7 8
split_gain=16.5953 12.5897 11.1507 11.3613 26.4292 14.1112 15.6706 15.2059 14.787 16.2871 21.0691 10.9864 38.0643 23.7233
threshold=0.64203946550000013 209.50000000000003 296.50000000000006 4.5000000000000009 189.50000000000003 105.50000000000001 59.500000000000007 1.5000000000000002 0.87315632250000008 0.98592712050000009 0.96664708200000005 0.89494942300000013 0.93303209350000016 0.94225175350000012
decision_type=2 2 2 2 2 2 2 2 2 2 2 2 2 2
left_child=1 -1 3 5 -5 7 -7 -2 -9 10 -10 12 -8 -13
right_child=2 -3 -4 4 -6 6 11 8 9 -11 -12 13 -14 -15
leaf_value=-0.0047600381065845722 1.107159090038801e-05 -0.0024157420510351295 0.031035949609741154 -0.0046070133528814975 -0.00031468612245815245 0.0016002723350586453 -0.00048568430785448226 -0.0042477974673376991 -0.00086909051713936398 -0.0018678720433089472 0.0028189680622276603 -0.0051578350388684566 0.0056229380129979752 7.2976641799305257e-05
leaf_weight=5566 138763 9913 3363 30450 96452 53867 9281 6446 21449 31194 5658 6306 4429 139515
leaf_count=5566 138763 9913 3363 30450 96452 53867 9281 6446 21449 31194 5658 6306 4429 139515
internal_value=-0.000142113 -0.00175633 -9.64323e-05 -0.000114194 -0.00052842 1.18958e-05 0.000295965 -0.000285975 -0.00091866 -0.000667257 0.000229233 4.69788e-05 0.00139993 -8.02681e-05
internal_weight=562652 15479 547173 543810 126902 416908 213398 203510 64747 58301 27107 159531 13710 145821
internal_count=562652 15479 547173 543810 126902 416908 213398 203510 64747 58301 27107 159531 13710 145821
is_linear=0
shrinkage=0.05


end of trees

feature_importances:
legal_balls=290
crease_sr_idx=255
wickets=224
crease_avg_idx=204
run_rate_rel=114
crease_balls=102
runs_vs_par=75
balls_remaining=72
runs_last_12=36
wickets_last_12=14

parameters:
[boosting: gbdt]
[objective: quantile]
[metric: quantile]
[tree_learner: serial]
[device_type: cpu]
[data_sample_strategy: bagging]
[data: ]
[valid: ]
[num_iterations: 99]
[learning_rate: 0.05]
[num_leaves: 15]
[num_threads: 12]
[seed: 7]
[deterministic: 1]
[force_col_wise: 0]
[force_row_wise: 1]
[histogram_pool_size: -1]
[max_depth: -1]
[min_data_in_leaf: 3000]
[min_sum_hessian_in_leaf: 0.001]
[bagging_fraction: 0.8]
[pos_bagging_fraction: 1]
[neg_bagging_fraction: 1]
[bagging_freq: 1]
[bagging_seed: 17422]
[bagging_by_query: 0]
[feature_fraction: 0.8]
[feature_fraction_bynode: 1]
[feature_fraction_seed: 7040]
[extra_trees: 0]
[extra_seed: 6516]
[early_stopping_round: 0]
[early_stopping_min_delta: 0]
[first_metric_only: 0]
[max_delta_step: 0]
[lambda_l1: 0]
[lambda_l2: 5]
[linear_lambda: 0]
[min_gain_to_split: 0]
[drop_rate: 0.1]
[max_drop: 50]
[skip_drop: 0.5]
[xgboost_dart_mode: 0]
[uniform_drop: 0]
[drop_seed: 15215]
[top_rate: 0.2]
[other_rate: 0.1]
[min_data_per_group: 100]
[max_cat_threshold: 32]
[cat_l2: 10]
[cat_smooth: 10]
[max_cat_to_onehot: 4]
[top_k: 20]
[monotone_constraints: ]
[monotone_constraints_method: basic]
[monotone_penalty: 0]
[feature_contri: ]
[forcedsplits_filename: ]
[refit_decay_rate: 0.9]
[cegb_tradeoff: 1]
[cegb_penalty_split: 0]
[cegb_penalty_feature_lazy: ]
[cegb_penalty_feature_coupled: ]
[path_smooth: 0]
[interaction_constraints: ]
[verbosity: -1]
[saved_feature_importance_type: 0]
[use_quantized_grad: 0]
[num_grad_quant_bins: 4]
[quant_train_renew_leaf: 0]
[stochastic_rounding: 1]
[linear_tree: 0]
[max_bin: 255]
[max_bin_by_feature: ]
[min_data_in_bin: 3]
[bin_construct_sample_cnt: 200000]
[data_random_seed: 61]
[is_enable_sparse: 1]
[enable_bundle: 1]
[use_missing: 1]
[zero_as_missing: 0]
[feature_pre_filter: 1]
[pre_partition: 0]
[two_round: 0]
[header: 0]
[label_column: ]
[weight_column: ]
[group_column: ]
[ignore_column: ]
[categorical_feature: ]
[forcedbins_filename: ]
[precise_float_parser: 0]
[parser_config_file: ]
[objective_seed: 15521]
[num_class: 1]
[is_unbalance: 0]
[scale_pos_weight: 1]
[sigmoid: 1]
[boost_from_average: 1]
[reg_sqrt: 0]
[alpha: 0.9]
[fair_c: 1]
[poisson_max_delta_step: 0.7]
[tweedie_variance_power: 1.5]
[lambdarank_truncation_level: 30]
[lambdarank_norm: 1]
[label_gain: ]
[lambdarank_position_bias_regularization: 0]
[eval_at: ]
[multi_error_top_k: 1]
[auc_mu_weights: ]
[num_machines: 1]
[local_listen_port: 12400]
[time_out: 120]
[machine_list_filename: ]
[machines: ]
[gpu_platform_id: -1]
[gpu_device_id: -1]
[gpu_device_id_list: ]
[gpu_use_dp: 0]
[num_gpu: 1]

end of parameters

pandas_categorical:null
