tree
version=v4
num_class=1
num_tree_per_iteration=1
label_index=0
max_feature_idx=10
objective=quantile
feature_names=legal_balls balls_remaining wickets runs_vs_par run_rate_rel runs_last_12 wickets_last_12 crease_sr_idx crease_avg_idx crease_balls international
feature_infos=[0:119] [1:120] [0:9] [-107.761184723:181.67801810099999] [0:6.0444322901848624] [0:58] [0:5] [0.60952400299999998:1.578936283] [0.50830368599999998:2.5817062270000002] [0:120] [0:1]
tree_sizes=1495 1591 1585 1571 1584 1591 1581 1588 1593 1585 1602 1608 1591 1589 1595 1598 1598 1593 1588 1601 1602 1600 1605 1594 1603 1606 1603 1604 1609 1610 1601 1592 1615 1593 1605 1597 1603 1621 1613 1602 1614 1603 1613 1606 1619 1601 1609 1607 1605 1609 1613 1600 1600 1613 1615 1617 1611 1600 1598 1606 1607 1604 1615 1617 1593 1603 1617 1592 1607 1607 1605 1602 1606 1605 1586 1603 1610 1599 1591 1602 1603 1584 1603 1609 1605 1615 1599 1606 1601 1598 1604 1589 1606 1587 1589 1585 1589 1614 1606 1582 1591 1600 1600 1585 1595 1576 1599 1593 1605 1576 1595 1575 1592 1610 1567 1562 1582 1590 1586 1598 1580 1605 1607 1580 1589 1611 1597 1589 1600 1624 1627 1591 1611 1590 1592 1628 1597 1585 1588 1578 1594 1577 1595 1606 1588 1607 1619 1572 1620 1609 1615 1592 1576 1579 1621 1594 1588 1587 1601 1556 1587 1598 1601 1591 1564 1595 1601 1580

Tree=0
num_leaves=15
num_cat=0
split_feature=0 4 3 3 7 9 3 4 4 7 10 4 0 10
split_gain=8306.16 3654.75 2304.47 1136.12 642.669 521.16 445.67 291.199 288.583 274.531 239.319 207.809 171.959 152.519
threshold=72.500000000000014 0.84124746908198145 7.5250283320000007 8.8725821405000023 1.1320399170000002 31.500000000000004 21.825705936500004 1.2435096952661564 0.72711360171819195 1.0232009575000003 1.0000000180025095e-35 0.83315002564834151 95.500000000000014 1.0000000180025095e-35
decision_type=2 10 2 2 2 2 2 10 10 2 2 10 2 2
left_child=2 8 4 9 5 11 10 -5 -2 12 -4 -1 -3 -8
right_child=1 3 6 7 -6 -7 13 -9 -10 -11 -12 -13 -14 -15
leaf_value=1.3057796671986579 1.3048103243112563 1.3188308328390121 1.3141364693641662 1.3338095024228096 1.3171451836824417 1.3137726843357087 1.3193143486976624 1.3431537926197052 1.31651162058115 1.3289529010653496 1.3202694952487946 1.3101171150803566 1.3287774920463562 1.3298859417438507
leaf_weight=128642 28728 27826 17255 45064 25408 56003 4200 24913 37082 38116 27715 101424 31033 9791
leaf_count=128642 28728 27826 17255 45064 25408 56003 4200 24913 37082 38116 27715 101424 31033 9791
internal_value=1.31607 1.32347 1.31142 1.32741 1.30971 1.30903 1.32049 1.33226 1.31349 1.3239 1.31806 1.30798 1.32176 1.32828
internal_weight=603200 232762 370438 166952 311477 286069 58961 69977 65810 96975 44970 230066 58859 13991
internal_count=603200 232762 370438 166952 311477 286069 58961 69977 65810 96975 44970 230066 58859 13991
is_linear=0
shrinkage=1


Tree=1
num_leaves=15
num_cat=0
split_feature=0 4 3 4 4 7 3 9 5 10 0 7 7 7
split_gain=7540.21 3397.51 2050.75 684.762 675.962 542.246 444.959 437.375 271.078 223.029 195.19 175.57 173.706 156.394
threshold=71.500000000000014 0.91698899590813909 5.8628353080000002 1.2256313759586328 0.78148166596085777 1.1320399170000002 19.904875060000006 29.500000000000004 14.500000000000002 1.0000000180025095e-35 85.500000000000014 1.0357094310000001 1.0112270385000002 1.0240737210000002
decision_type=2 10 2 10 10 2 2 2 2 2 2 2 2 2
left_child=2 4 5 8 -2 7 9 11 -3 -4 -10 -1 -6 -12
right_child=1 3 6 -5 12 -7 -8 -9 10 -11 13 -13 -14 -15
leaf_value=-0.0093682781606912579 -0.0074952621757984122 0.0073855280876159671 -0.0024806844443082789 0.024653722941875456 0.0017047114670276642 0.00076413974165916447 0.008709656521677973 -0.0028015735745430038 0.0064308855682611472 0.003096260130405426 0.014684064500033856 -0.0053559574484825095 0.0081337397918105122 0.021518567204475404
leaf_weight=151104 45207 29475 20198 28537 33555 23585 16562 60564 18899 31774 34387 61404 21295 26619
leaf_count=151104 45207 29475 20198 28537 33555 23585 16562 60564 18899 31774 34387 61404 21295 26619
internal_value=-7.6616e-05 0.00684861 -0.00458942 0.0119371 -0.000165522 -0.00639031 0.00320584 -0.00701853 0.0101367 0.000931181 0.0116486 -0.0080868 0.00356531 0.0130243
internal_weight=603165 237974 365191 137917 100057 296657 68534 273072 109380 51972 79905 212508 54850 61006
internal_count=603165 237974 365191 137917 100057 296657 68534 273072 109380 51972 79905 212508 54850 61006
is_linear=0
shrinkage=0.05


Tree=2
num_leaves=15
num_cat=0
split_feature=0 4 3 3 4 3 0 4 10 8 4 5 2 0
split_gain=6925.47 2833.32 2101.38 799.308 631.972 378.316 321.907 290.272 273.487 254.087 237.956 194.372 153.95 129.653
threshold=75.500000000000014 0.85171427197717053 7.7923502015000006 8.6033328135000016 0.78733374906509435 32.516559894000004 54.500000000000007 0.71196367779874115 1.0000000180025095e-35 1.2883523065000004 1.3847019762866644 13.500000000000002 3.5000000000000004 53.500000000000007
decision_type=2 10 2 2 10 2 2 10 2 2 10 2 2 2
left_child=2 7 4 11 -1 8 9 -2 -4 -6 -5 -3 -8 -10
right_child=1 3 5 10 6 -7 12 -9 13 -11 -12 -13 -14 -15
leaf_value=-0.008952015336602925 -0.011214341275393959 0.0049183329567313201 -0.001109422508627167 0.017669334809761492 -0.0060704997144639507 0.015198138389736417 0.00074811132252216033 0.00091368804872036255 0.0028785970062017441 -0.0012387361750006655 0.031882834032177919 0.011177931800484653 -0.0059817815851420158 0.0078061576932668686
leaf_weight=138797 23460 25443 20783 58876 97584 5724 40998 41315 21565 34508 8714 60581 12235 12788
leaf_count=138797 23460 25443 20783 58876 97584 5724 40998 41315 21565 34508 8714 60581 12235 12788
internal_value=-0.00016331 0.00694885 -0.00419787 0.010647 -0.00579858 0.00432679 -0.00388773 -0.00182136 0.0030558 -0.00521056 0.014716 0.00744923 -0.000605066 0.0057945
internal_weight=603371 218389 384982 153614 324122 60860 185325 64775 55136 132092 67590 86024 53233 34353
internal_count=603371 218389 384982 153614 324122 60860 185325 64775 55136 132092 67590 86024 53233 34353
is_linear=0
shrinkage=0.05


Tree=3
num_leaves=15
num_cat=0
split_feature=0 3 3 7 9 3 3 5 9 7 0 7 7 3
split_gain=6192.45 2268.64 2000.34 569.854 465.321 434.927 428.772 408.491 211.912 203.451 200.816 164.948 162.834 151.804
threshold=77.500000000000014 -8.9947600619999992 5.8628353080000002 1.0463611090000002 34.500000000000007 21.825705936500004 20.529035436500003 12.500000000000002 15.500000000000002 1.1386926285000003 50.500000000000007 1.1386926285000003 1.0256453510000003 38.989272641000007
decision_type=2 2 2 2 2 2 2 2 2 2 2 2 2 2
left_child=2 7 3 4 -1 8 10 12 -3 -5 11 -4 -2 -8
right_child=1 5 6 9 -6 -7 13 -9 -10 -11 -12 -13 -14 -15
leaf_value=-0.008004257068783039 -0.0075044640617445094 0.0074999184260377662 -0.0022307037375867366 -0.0033004662333056324 -0.0015430327657144527 0.022584088658541435 0.0062377633472904597 0.0051204528184607611 0.012996183605864643 0.00166453135712073 0.0043596049204468806 0.0056184839555062345 0.0035309155754745026 0.017096407410874963
leaf_weight=187857 31255 20185 29769 69867 38518 36933 15261 49978 60277 22235 22225 5686 9001 3502
leaf_count=187857 31255 20185 29769 69867 38518 36933 15261 49978 60277 22235 22225 5686 9001 3502
internal_value=-0.000225312 0.00676521 -0.00390061 -0.005644 -0.00699305 0.0113472 0.00336258 0.000803699 0.00928424 -0.002328 0.00122649 -0.00110935 -0.00294454 0.00992714
internal_weight=602549 207629 394920 318477 226375 117395 76443 90234 80462 92102 57680 35455 40256 18763
internal_count=602549 207629 394920 318477 226375 117395 76443 90234 80462 92102 57680 35455 40256 18763
is_linear=0
shrinkage=0.05


Tree=4
num_leaves=15
num_cat=0
split_feature=0 3 3 3 5 8 10 3 0 9 0 3 9 3
split_gain=5644.7 2513.68 1427.51 522.098 456.527 362.548 345.718 244.44 241.158 228.906 174.922 174.311 169.904 162.979
threshold=68.500000000000014 -8.9947600619999992 5.2079124420000005 19.288197119500001 12.500000000000002 1.2572413830000002 1.0000000180025095e-35 26.777228102500004 85.500000000000014 25.500000000000004 92.500000000000014 -24.607234277499995 16.500000000000004 50.823389254000006
decision_type=2 2 2 2 2 2 2 2 2 2 2 2 2 2
left_child=2 4 5 8 11 9 -4 -8 -3 -1 -6 -2 -10 -5
right_child=1 3 6 13 10 -7 7 -9 12 -11 -12 -13 -14 -15
leaf_value=-0.0080874468506872636 -0.009764374483302236 0.0039727136270375938 -0.0020646345667540869 0.016768316301186578 -0.00022858254662714574 -0.0024634265152434832 0.0029026404312974818 0.01368049473156221 0.0086854188157885811 -0.0039128336356580194 0.0082503783134277985 -0.00010806079094065059 0.014530157213099299 0.031718480410370974
leaf_weight=151029 31195 34257 25769 38462 26786 72523 38286 5260 17877 57538 32452 21072 42704 8401
leaf_count=151029 31195 34257 25769 38462 26786 72523 38286 5260 17877 57538 32452 21072 42704 8401
internal_value=-0.000272007 0.00541594 -0.00438219 0.00983506 -0.000200094 -0.00596693 0.00204432 0.00476051 0.00770088 -0.00702581 0.00280497 -0.0036059 0.0095969 0.0141528
internal_weight=603611 253206 350405 141701 111505 281090 69315 43546 94838 208567 59238 52267 60581 46863
internal_count=603611 253206 350405 141701 111505 281090 69315 43546 94838 208567 59238 52267 60581 46863
is_linear=0
shrinkage=0.05


Tree=5
num_leaves=15
num_cat=0
split_feature=0 4 3 4 3 9 7 10 3 7 4 7 7 9
split_gain=5144.13 1917.03 1760.2 687.934 532.146 369.892 381.551 324.924 231.852 229.213 207.496 191.857 191.03 139.632
threshold=79.500000000000014 0.84124746908198145 7.7923502015000006 0.79022619399102489 8.3125661655000016 36.500000000000007 1.0473313735000003 1.0000000180025095e-35 37.065339768000008 1.0473313735000003 0.70779283103020696 1.0232009575000003 1.0061499750000003 26.500000000000004
decision_type=2 10 2 10 2 2 2 2 2 2 10 2 2 2
left_child=2 10 3 12 11 6 -5 -4 13 -6 -2 -3 -1 -9
right_child=1 4 7 5 9 -7 -8 8 -10 -11 -12 -13 -14 -15
leaf_value=-0.010136854682408269 -0.010472871533887452 0.0063370789037807797 -0.00053820792891083884 -0.0051674252363033552 0.014592479963656816 0.0011208400989561329 -0.00055494361518584889 0.0019576424485483468 0.016500694530108474 0.021769689582873144 0.00083544963936813823 0.01179540355110195 -0.0052854612807854973 0.0067245759459609649
leaf_weight=82461 19828 49709 23945 103556 37878 37736 52683 16759 3504 25553 33980 30976 62792 21464
leaf_count=82461 19828 49709 23945 103556 37878 37736 52683 16759 3504 25553 33980 30976 62792 21464
internal_value=-0.000320323 0.00628584 -0.0035496 -0.0050001 0.00929254 -0.00305154 -0.00412456 0.00394278 0.00660674 0.0127193 -0.00176723 0.00659794 -0.00760208 0.00547668
internal_weight=602824 197924 404900 339228 144116 193975 156239 65672 41727 63431 53808 80685 145253 38223
internal_count=602824 197924 404900 339228 144116 193975 156239 65672 41727 63431 53808 80685 145253 38223
is_linear=0
shrinkage=0.05


Tree=6
num_leaves=15
num_cat=0
split_feature=0 3 3 3 7 5 7 0 9 3 0 7 2 0
split_gain=4713.1 2180.91 1045.75 542.403 422.178 384.14 299.978 245.05 236.638 224.22 177.208 164.967 160.916 154.755
threshold=64.500000000000014 -10.645148211999999 4.777611685500001 13.300007360500002 1.1320399170000002 12.500000000000002 1.1386926285000003 87.500000000000014 23.500000000000004 46.983019364500009 100.50000000000001 1.0061499750000003 3.5000000000000004 42.500000000000007
decision_type=2 2 2 2 2 2 2 2 2 2 2 2 2 2
left_child=2 5 4 7 8 11 13 12 -1 -5 -7 -2 -3 -4
right_child=1 3 6 9 -6 10 -8 -9 -10 -11 -12 -13 -14 -15
leaf_value=-0.0069729888578406729 -0.0086619718854177297 0.0043058379189508059 -0.002282746505660255 0.013366729145841439 0.00088187588259069363 -7.9681557090005581e-05 0.0074492170766210404 0.011423118586653014 -0.0034635993175590632 0.027358988380943007 0.010419295531060038 7.7675111762812171e-05 -0.0015286674941843881 0.0021770699085818662
leaf_weight=166779 36968 31593 31523 53841 20959 36714 11340 50865 74949 10664 21246 18508 12829 24250
leaf_count=166779 36968 31593 31523 53841 20959 36714 11340 50865 74949 10664 21246 18508 12829 24250
internal_value=-0.000377425 0.00447896 -0.00440078 0.00824265 -0.00582388 -0.000822895 0.0011694 0.00584532 -0.0064141 0.0117833 0.00202363 -0.0037968 0.00313154 -0.000338171
internal_weight=603028 273228 329800 159792 262687 113436 67113 95287 241728 64505 57960 55476 44422 55773
internal_count=603028 273228 329800 159792 262687 113436 67113 95287 241728 64505 57960 55476 44422 55773
is_linear=0
shrinkage=0.05


Tree=7
num_leaves=15
num_cat=0
split_feature=0 4 4 0 7 7 7 4 5 10 9 9 4 2
split_gain=4339.84 1566.47 1538.09 617.562 464.009 339.125 336.609 235.13 232.043 198.214 175.305 169.545 159.184 146.385
threshold=80.500000000000014 0.84124746908198145 0.94173904241318174 48.500000000000007 1.0473313735000003 1.1320399170000002 1.0061499750000003 1.4685662919413376 15.500000000000002 1.0000000180025095e-35 29.500000000000004 30.500000000000004 1.3847019762866644 3.5000000000000004
decision_type=2 10 10 2 2 2 2 10 2 2 2 2 10 2
left_child=2 9 6 5 8 -4 11 13 -3 -2 -8 -1 -6 -5
right_child=1 4 3 7 12 -7 10 -9 -10 -11 -12 -13 -14 -15
leaf_value=-0.0088405563549594172 0.0028652102033500551 0.0041454275125133886 -0.002858030530499084 0.0034020239605515035 0.014850675324436095 0.0038366450998791549 -0.0046332530697291152 0.015410037952299116 0.011562938606842543 -0.0071800674202589128 3.0423909607668609e-05 -0.003893950333970875 0.030596084294118142 -0.0026928241212950347
leaf_weight=99377 21853 31807 87447 60929 40984 14948 83891 3464 63369 30264 22555 28302 4660 9201
leaf_count=99377 21853 31807 87447 60929 40984 14948 83891 3464 63369 30264 22555 28302 4660 9201
internal_value=-0.000392148 0.00579183 -0.00330142 0.000230335 0.00853258 -0.00228064 -0.00595615 0.0037239 0.00654437 -0.00161376 -0.00387948 -0.00768724 0.0126772 0.0030951
internal_weight=603051 192937 410114 175989 140820 102395 234125 73594 95176 52117 106446 127679 45644 70130
internal_count=603051 192937 410114 175989 140820 102395 234125 73594 95176 52117 106446 127679 45644 70130
is_linear=0
shrinkage=0.05


Tree=8
num_leaves=15
num_cat=0
split_feature=0 4 4 4 7 0 7 4 7 8 0 10 0 4
split_gain=3930.43 2070.43 921.604 607.987 365.073 286.902 270.47 243.53 232.421 210.978 160.871 146.616 145.081 144.818
threshold=63.500000000000007 0.82529829946059829 0.97140425941436725 1.0487132515452051 1.0527709590000003 98.500000000000014 1.0473313735000003 0.64083047439950669 1.0624330960000001 1.0047635060000002 95.500000000000014 1.0000000180025095e-35 41.500000000000007 1.4143968068603165
decision_type=2 10 10 10 2 2 2 10 2 2 2 2 2 10
left_child=2 7 8 5 12 9 10 -2 -1 -3 -5 -6 -4 -8
right_child=1 3 4 6 11 -7 13 -9 -10 -11 -12 -13 -14 -15
leaf_value=-0.0066271303614309886 -0.013920713898297028 -0.0015407018657309453 -0.0037576495892280961 0.0041512520479806804 -0.0016291795064128701 0.012169161894236597 0.013722563187925403 -0.0019177975007111494 -0.0026993961516222965 0.0037163176030306777 0.016780939994407558 0.0036145460069913538 -5.6799051136491312e-05 0.02498279566817261
leaf_weight=158169 18791 24376 47693 25973 12859 41759 31707 55677 42007 46408 27668 36579 27244 5728
leaf_count=158169 18791 24376 47693 25973 12859 41759 31707 55677 42007 46408 27668 36579 27244 5728
internal_value=-0.000417453 0.00394478 -0.00415518 0.00655381 -0.000774944 0.0040957 0.00959091 -0.00318908 -0.00625534 0.00215641 0.00731345 0.00256002 -0.00297513 0.0128529
internal_weight=602638 278087 324551 203619 124375 112543 91076 74468 200176 70784 53641 49438 74937 37435
internal_count=602638 278087 324551 203619 124375 112543 91076 74468 200176 70784 53641 49438 74937 37435
is_linear=0
shrinkage=0.05


Tree=9
num_leaves=15
num_cat=0
split_feature=0 4 4 3 7 0 7 7 7 5 5 2 4 9
split_gain=3598.97 1361.58 1168.97 628.94 395.973 313.298 279.958 206.89 185.294 161.82 161.055 133.5 132.61 116.834
threshold=82.500000000000014 0.86983753450062973 0.82529829946059829 11.776419737500001 1.0232009575000003 50.500000000000007 1.0112270385000002 1.0646706335000002 1.1419274980000003 14.500000000000002 20.500000000000004 3.5000000000000004 0.65745303849127446 30.500000000000004
decision_type=2 10 10 2 2 2 2 2 2 2 2 2 10 2
left_child=1 6 12 5 9 7 -1 -3 -5 -4 -6 -7 -2 -8
right_child=2 3 4 8 10 11 13 -9 -10 -11 -12 -13 -14 -15
leaf_value=-0.0076391749068657313 -0.011574449509869756 -0.0039339634102732784 0.0027635095230639397 0.0026455251027151295 0.010858881036723368 0.0017406701350691778 -0.004252024959126072 1.388766322654722e-05 0.01098181380392874 0.0096148551638147398 0.019345593249474283 -0.0035766113759968217 -0.00010352920761276253 0.00046626192569197982
leaf_weight=115001 11517 77233 22907 38945 32681 53428 67760 31836 9056 55830 27521 13540 32565 13295
leaf_count=115001 11517 77233 22907 38945 32681 53428 67760 31836 9056 55830 27521 13540 32565 13295
internal_value=-0.00045818 -0.00300756 0.00539343 -0.000344688 0.00764418 -0.00172807 -0.00605041 -0.00338085 0.00472832 0.00530959 0.0106968 0.000963821 -0.00170061 -0.0037995
internal_weight=603115 420094 183021 224038 138939 176037 196056 109069 48001 78737 60202 66968 44082 81055
internal_count=603115 420094 183021 224038 138939 176037 196056 109069 48001 78737 60202 66968 44082 81055
is_linear=0
shrinkage=0.05


Tree=10
num_leaves=15
num_cat=0
split_feature=0 3 3 3 7 8 3 0 0 10 0 8 7 9
split_gain=3233.01 1455.08 818.404 471.983 300.72 277.112 265.068 211.285 207.919 205.597 198.146 176.002 173.381 172.363
threshold=66.500000000000014 1.0000000180025095e-35 0.72969768200000018 -24.607234277499995 1.1386926285000003 1.0047635060000002 46.983019364500009 95.500000000000014 96.500000000000014 1.0000000180025095e-35 41.500000000000007 1.0000014820000003 1.1386926285000003 24.500000000000004
decision_type=2 2 2 2 2 2 2 2 2 2 2 2 2 2
left_child=2 3 5 9 10 -1 8 11 -3 -2 -4 -5 13 -7
right_child=1 6 4 7 -6 12 -8 -9 -10 -11 -12 -13 -14 -15
leaf_value=-0.008528829712296751 0.00058238996181968487 0.0050334529281388157 -0.0025521468769612479 -0.0029115099606599974 0.0053731083964891294 -0.0049456052055736055 0.022970431063356681 0.0086697940767613679 0.016234477261166752 -0.009657798347823 0.0013048991074859158 0.0025214975995697803 0.00096261015704622317 -0.0018442625879690146
leaf_weight=69396 23397 52232 56639 22337 16463 101059 10626 37366 46187 32653 36798 38720 14335 44825
leaf_count=69396 23397 52232 56639 22337 16463 101059 10626 37366 46187 32653 36798 38720 14335 44825
internal_value=-0.000485894 0.0036696 -0.00371123 0.000547894 -0.000162868 -0.00540954 0.00809159 0.00263352 0.00728087 -0.00311435 -0.00126081 0.000821092 -0.00426614 -0.00478172
internal_weight=603033 263518 339515 154473 109900 229615 109045 98423 98419 56050 93437 61057 160219 145884
internal_count=603033 263518 339515 154473 109900 229615 109045 98423 98419 56050 93437 61057 160219 145884
is_linear=0
shrinkage=0.05


Tree=11
num_leaves=15
num_cat=0
split_feature=0 4 4 7 3 7 0 9 9 7 6 10 7 9
split_gain=2970.78 1193.69 987.174 437.539 392.658 260.898 249.963 221.222 209.621 175.846 161.833 160.849 139.091 133.782
threshold=74.500000000000014 0.81738705877694529 0.934421000934477 1.0473313735000003 18.087411871000004 0.94357909500000015 105.50000000000001 32.500000000000007 25.500000000000004 1.0170809905000002 1.0000000180025095e-35 1.0000000180025095e-35 1.0862387605000003 14.500000000000002
decision_type=2 10 10 2 2 2 2 2 2 2 2 2 2 2
left_child=2 11 5 6 7 -1 10 9 12 -4 -3 -2 -7 -8
right_child=1 3 4 -5 -6 8 13 -9 -10 -11 -12 -13 -14 -15
leaf_value=-0.0098926175943035988 0.001166567660035922 0.0051071534682645362 -0.0038473386667673085 0.01245724502267823 0.0050601528397788975 -0.0055471577542486302 0.0076351488321271532 0.0015415316437881411 -0.0014937048990588953 -0.00045888718478695191 0.00043509870652007625 -0.0075599935031157531 -0.0019636753014222685 0.019348428815444962
leaf_weight=42909 21648 36212 47665 54480 21835 101632 15687 39229 47018 57066 38183 32056 22738 24945
leaf_count=42909 21648 36212 47665 54480 21835 101632 15687 39229 47018 57066 38183 32056 22738 24945
internal_value=-0.00049558 0.00408287 -0.00318432 0.00614094 -0.000287319 -0.00542558 0.00439236 -0.00123502 -0.0045524 -0.00243457 0.00266952 -0.002413 -0.00562754 0.00754608
internal_weight=603303 223211 380092 169507 165795 214297 115027 143960 171388 104731 74395 53704 124370 40632
internal_count=603303 223211 380092 169507 165795 214297 115027 143960 171388 104731 74395 53704 124370 40632
is_linear=0
shrinkage=0.05


Tree=12
num_leaves=15
num_cat=0
split_feature=0 4 4 9 7 7 7 7 9 5 4 4 0 7
split_gain=2726.89 1101.58 855.59 521.573 327.467 255.549 248.626 238.288 158.373 145.855 141.142 102.301 102.165 97.6059
threshold=83.500000000000014 0.8722795782934325 0.8068409548720985 31.500000000000004 1.0232009575000003 1.0527709590000003 0.97373484450000014 1.1386926285000003 26.500000000000004 18.500000000000004 1.3847019762866644 0.64659861017486586 100.50000000000001 1.0862387605000003
decision_type=2 10 10 2 2 2 2 2 2 2 10 10 2 2
left_child=1 6 11 5 9 -3 -1 -5 13 -4 12 -2 -6 -8
right_child=2 3 4 7 10 -7 8 -9 -10 -11 -12 -13 -14 -15
leaf_value=-0.0078001217071894894 -0.011009851321208887 -0.0031023452199421932 0.0033445036281622765 0.0015355245970817056 0.0071766836623014425 0.00060797845623943307 -0.0051498508334110547 0.0098972607026157101 -0.00099212380635257946 0.010145981119371894 0.025746781987843248 -0.00060199292083252815 0.018624070109969248 -0.0018739457701927643
leaf_weight=70992 10165 92187 42281 71812 27825 52449 75936 9088 31812 38492 4917 27023 27212 20630
leaf_count=70992 10165 92187 42281 71812 27825 52449 75936 9088 31812 38492 4917 27023 27212 20630
internal_value=-0.00050622 -0.00268227 0.00469066 -0.000288639 0.00647303 -0.00208689 -0.00538997 0.00292627 -0.00407667 0.00439461 0.00927259 -0.00205415 0.00854597 -0.0050846
internal_weight=602821 424906 177915 225536 140727 144636 199370 80900 128378 80773 59954 37188 55037 96566
internal_count=602821 424906 177915 225536 140727 144636 199370 80900 128378 80773 59954 37188 55037 96566
is_linear=0
shrinkage=0.05


Tree=13
num_leaves=15
num_cat=0
split_feature=0 4 7 4 4 4 0 10 7 8 9 4 4 9
split_gain=2485.16 1392.33 555.937 476.797 250.63 246.959 220.077 191.388 188.365 173.231 160.435 139.855 129.652 109
threshold=59.500000000000007 0.82529829946059829 1.0527709590000003 1.0664880674990325 0.64083047439950669 0.67275401342677099 100.50000000000001 1.0000000180025095e-35 1.0473313735000003 1.0047635060000002 18.500000000000004 0.9863928416224873 1.515546609135358 16.500000000000004
decision_type=2 10 2 10 10 10 2 2 2 2 2 10 10 2
left_child=2 4 5 6 -2 -1 9 -4 -5 -3 -7 -9 -10 -8
right_child=1 3 7 8 -6 10 13 11 12 -11 -12 -13 -14 -15
leaf_value=-0.0073303707759471374 -0.01185399444872874 -0.0016245048458901736 -0.0032113797789488641 0.0069760703756530183 -0.0014701448764082748 -0.0050238920780298684 0.0046740871229166868 -0.0012619177260966286 0.011124755496353856 0.0028278415831464124 -0.0019042856262676433 0.0028675666214423804 0.024885368739319316 0.013660516878718266
leaf_weight=60165 21023 29874 29398 51028 60563 68586 15500 29394 33958 58119 83565 33142 3388 25025
leaf_count=60165 21023 29874 29398 51028 60563 68586 15500 29394 33958 58119 83565 33142 3388 25025
internal_value=-0.000529007 0.00271247 -0.00370898 0.00480689 -0.0028554 -0.00511537 0.00286272 -0.000460903 0.00763388 0.00145841 -0.00404281 0.00110328 0.0103324 0.00591136
internal_weight=602728 298478 304250 216892 81586 212316 128518 91934 88374 87993 152151 62536 37346 40525
internal_count=602728 298478 304250 216892 81586 212316 128518 91934 88374 87993 152151 62536 37346 40525
is_linear=0
shrinkage=0.05


Tree=14
num_leaves=15
num_cat=0
split_feature=3 4 0 0 10 0 2 3 9 6 9 9 9 10
split_gain=2303.57 1159.55 923.473 378.237 250.567 231.355 239.248 147.26 127.452 121.016 115.585 102.137 87.6812 77.6779
threshold=9.162039088500002 0.73418751263360404 61.500000000000007 89.500000000000014 1.0000000180025095e-35 102.50000000000001 4.5000000000000009 46.983019364500009 20.500000000000004 1.0000000180025095e-35 11.500000000000002 27.500000000000004 9.5000000000000018 1.0000000180025095e-35
decision_type=2 10 2 2 2 2 2 2 2 2 2 2 2 2
left_child=1 9 8 4 -2 6 -4 11 13 -1 -7 -6 -5 -3
right_child=3 2 5 12 7 10 -8 -9 -10 -11 -12 -13 -14 -15
leaf_value=-0.0042318557631046997 -0.00050265744619691361 -0.004412194980199069 0.0022875494663235712 0.0081645887749394862 0.0019310579198249024 0.0023983542939924776 -0.0033556376573075143 0.015165840709025014 -0.0012137300617139108 -0.0084453237933866093 0.012563721192724253 0.0063231409070032499 0.015473777849481507 -0.002649531327138788
leaf_weight=74320 25299 41337 89470 7906 17500 12352 32763 2695 81606 66776 32065 24479 41207 53249
leaf_count=74320 25299 41337 89470 7906 17500 12352 32763 2695 81606 66776 32065 24479 41207 53249
internal_value=-0.00052825 -0.00206124 -0.000491108 0.00570131 0.00334016 0.0021771 0.00105399 0.00559155 -0.00301481 -0.00587629 0.00526738 0.00486286 0.00906465 -0.00426388
internal_weight=603024 483938 342842 119086 69973 166650 122233 44674 176192 141096 44417 41979 49113 94586
internal_count=603024 483938 342842 119086 69973 166650 122233 44674 176192 141096 44417 41979 49113 94586
is_linear=0
shrinkage=0.05


Tree=15
num_leaves=15
num_cat=0
split_feature=0 4 5 9 2 8 4 8 8 8 0 4 0 10
split_gain=2053.94 928.226 600.415 518.843 237.363 215.16 204.41 193.25 172.254 136.311 121.702 110.858 96.3195 86.9179
threshold=86.500000000000014 0.79022619399102489 16.500000000000004 28.500000000000004 5.5000000000000009 1.0047635060000002 1.5438489307712298 1.2916439730000002 1.2477285415000001 1.4463131295000002 107.50000000000001 1.2372004815871394 57.500000000000007 1.0000000180025095e-35
decision_type=2 10 2 2 2 2 10 2 2 2 2 10 2 2
left_child=1 5 4 7 -2 -1 9 -3 11 12 -6 -4 -5 -9
right_child=2 3 8 6 10 -7 -8 13 -10 -11 -12 -13 -14 -15
leaf_value=-0.0089597551982361773 0.0046732866624257467 -0.0029582474569244512 0.0078534268972375483 -0.00064366902572700335 -0.0073241729604468404 -0.0033802900111118668 0.01256612639011403 -0.0024180236044299089 0.015734473552362221 0.0057092443858086876 0.0029741289844710697 0.017927413560026507 0.0018857952429141068 0.0018176734230955312
leaf_weight=57770 38426 126135 61229 42940 20466 96258 3551 11226 16114 12393 15748 10997 60859 28418
leaf_count=57770 38426 126135 61229 42940 20466 96258 3551 11226 16114 12393 15748 10997 60859 28418
internal_value=-0.000555943 -0.00233355 0.00423812 -0.000645911 0.000936432 -0.00546182 0.00186193 -0.00245734 0.00702756 0.00150047 -0.00196789 0.00598393 0.000908563 0.000587657
internal_weight=602530 439550 162980 285522 74640 154028 119743 165779 88340 116192 36214 72226 103799 39644
internal_count=602530 439550 162980 285522 74640 154028 119743 165779 88340 116192 36214 72226 103799 39644
is_linear=0
shrinkage=0.05


Tree=16
num_leaves=15
num_cat=0
split_feature=3 0 7 5 3 9 0 7 7 10 2 9 7 0
split_gain=1917.7 991.092 430.639 320.265 290.29 260.68 162.848 160.947 151.879 147.799 146.198 128.408 111.18 105.721
threshold=10.395359286000003 78.500000000000014 1.0232009575000003 12.500000000000002 37.065339768000008 27.500000000000004 93.500000000000014 1.1386926285000003 1.0232009575000003 1.0000000180025095e-35 5.5000000000000009 19.500000000000004 0.91259456300000019 106.50000000000001
decision_type=2 2 2 2 2 2 2 2 2 2 2 2 2 2
left_child=1 2 5 10 6 12 9 11 13 -2 -3 -4 -1 -5
right_child=4 3 7 8 -6 -7 -8 -9 -10 -11 -12 -13 -14 -15
leaf_value=-0.010947384503134556 -0.00050584073663317852 0.0013070941102753754 -0.0028996212977068394 0.00031461091121112451 0.014899633691440334 -0.0015816901177256094 0.012330792424061852 0.0020447264900122497 0.0076440945282502115 0.0042725098601534726 -0.0078795093690369033 -0.00024228478792343022 -0.0044455836554889161 0.0093572451503465531
leaf_weight=22582 22231 24633 61783 39246 20783 62357 29124 26277 33265 37372 25107 55133 122307 20768
leaf_count=22582 22231 24633 61783 39246 20783 62357 29124 26277 33265 37372 25107 55133 122307 20768
internal_value=-0.000590574 -0.00191894 -0.00335043 0.00158863 0.00539492 -0.00480734 0.00414859 -0.00124172 0.00331635 0.00265086 -0.00165142 -0.00203642 -0.00597066 0.00181401
internal_weight=602968 493458 350439 143019 109510 207246 88727 143193 93279 59603 49740 116916 144889 60014
internal_count=602968 493458 350439 143019 109510 207246 88727 143193 93279 59603 49740 116916 144889 60014
is_linear=0
shrinkage=0.05


Tree=17
num_leaves=15
num_cat=0
split_feature=0 9 7 5 7 7 7 2 3 7 9 7 7 0
split_gain=1761.29 862.927 508.074 472.072 264.327 189.398 169.066 166.321 126.012 118.457 115.97 98.3088 94.0459 81.2831
threshold=88.500000000000014 32.500000000000007 1.0527709590000003 15.500000000000002 1.1204458425000003 0.94458603100000016 1.0184676480000003 6.5000000000000009 1.1528899340000003 1.1386926285000003 14.500000000000002 0.93797593750000008 0.94699145450000011 108.50000000000001
decision_type=2 2 2 2 2 2 2 2 2 2 2 2 2 2
left_child=1 2 5 7 8 -1 -5 12 11 -4 -7 -3 -2 -9
right_child=3 4 9 6 -6 10 -8 13 -10 -11 -12 -13 -14 -15
leaf_value=-0.0074484611129058687 -0.0030746467147748646 -0.0043574046964964478 -0.0013094470835828377 0.0068313905206367209 0.0076615499481645366 -0.0044934576438723567 0.013283694310140433 -0.011298889765724109 0.0021524444482709823 0.0019885313217080426 -0.002204697176083101 8.7574683007135562e-05 0.0050924159183627698 0.00063644657212140747
leaf_weight=56511 8193 11393 68255 50351 13489 79745 41692 10793 44544 28673 96078 51551 32265 9572
leaf_count=56511 8193 11393 68255 50351 13489 79745 41692 10793 44544 28673 96078 51551 32265 9572
internal_value=-0.000585818 -0.00216025 -0.00348706 0.00405129 0.00145094 -0.00475566 0.00630989 0.000633138 0.000622831 -0.000446184 -0.00394611 -0.000817328 0.00248808 -0.00305167
internal_weight=603105 450239 329262 152866 120977 232334 92043 60823 107488 96928 175823 62944 40458 20365
internal_count=603105 450239 329262 152866 120977 232334 92043 60823 107488 96928 175823 62944 40458 20365
is_linear=0
shrinkage=0.05


Tree=18
num_leaves=15
num_cat=0
split_feature=4 1 7 1 7 4 2 4 1 8 9 9 1 9
split_gain=1678.29 1175.18 363.034 266.237 259.323 223.103 188.086 141.1 133.834 127.421 126.787 123.905 84.1377 78.1246
threshold=0.79582763493033359 61.500000000000007 1.0473313735000003 12.500000000000002 1.1320399170000002 0.62408947441795404 4.5000000000000009 1.3847019762866644 24.500000000000004 1.0198334505000002 26.500000000000004 19.500000000000004 30.500000000000004 11.500000000000002
decision_type=10 2 2 2 2 8 2 10 2 2 2 2 2 2
left_child=5 2 3 13 11 9 12 8 -4 -1 -7 -3 -5 -2
right_child=1 4 7 6 -6 10 -8 -9 -10 -11 -12 -13 -14 -15
leaf_value=-0.010863724313114243 0.0050577924432908625 -0.0033230710074474258 0.013686975612563677 0.0057416080143007451 0.0028329690420288989 -0.0038976045066375143 -0.0031453863729577593 0.016446272916732629 0.0038213957004114788 -0.0038520371642019103 -0.00058454449273834805 -0.00089920639904541579 0.0010270407102228151 0.016214399415654127
leaf_weight=37683 12092 72871 25282 27184 22105 73223 29825 7259 43724 41383 35769 85243 64947 24760
leaf_count=37683 12092 72871 25282 27184 22105 73223 29825 7259 43724 41383 35769 85243 64947 24760
internal_value=-0.00055759 0.00121696 0.00354579 0.00218402 -0.00182072 -0.00447629 0.00105854 0.00638111 0.00568279 -0.00649827 -0.00300926 -0.0025299 0.00217572 0.00590797
internal_weight=603350 415292 235073 158808 180219 188058 121956 76265 69006 79066 108992 158114 92131 36852
internal_count=603350 415292 235073 158808 180219 188058 121956 76265 69006 79066 108992 158114 92131 36852
is_linear=0
shrinkage=0.05


Tree=19
num_leaves=15
num_cat=0
split_feature=4 0 3 7 7 0 7 9 6 9 10 0 10 4
split_gain=1517.37 1043.35 335.004 236.564 226.691 150.017 143.528 131.739 117.48 117.03 105.286 87.6977 96.0222 78.7255
threshold=0.79022619399102489 59.500000000000007 5.2079124420000005 1.1320399170000002 0.94145840750000009 106.50000000000001 1.0473313735000003 32.500000000000007 1.0000000180025095e-35 17.500000000000004 1.0000000180025095e-35 106.50000000000001 1.0000000180025095e-35 1.5438489307712298
decision_type=10 2 2 2 2 2 2 2 2 2 2 2 2 10
left_child=4 3 5 9 10 8 11 -6 -3 -2 -1 12 -4 -8
right_child=1 2 6 -5 7 -7 13 -9 -10 -11 -12 -13 -14 -15
leaf_value=-0.0021734027784110935 -0.0032925746115959388 0.002431005258469596 9.3488349188014519e-05 0.0026816122824964484 -0.0036190837421722689 0.010276282759846695 0.0086421202557256278 0.0002284928425350219 -0.0008104542449192232 -0.00095098307954453185 -0.011914137167591866 0.015453581196309943 0.0054390036483840361 0.021057215563789922
leaf_weight=8904 64767 54544 19035 22654 119440 26696 37125 21573 54254 98257 33326 17950 21246 2918
leaf_count=8904 64767 54544 19035 22654 119440 26696 37125 21573 54254 98257 33326 17950 21246 2918
internal_value=-0.0005503 0.00110794 0.00333037 -0.00169011 -0.00434595 0.00171828 0.00555281 -0.00338334 0.000894047 -0.00235541 -0.00755949 0.00396769 0.00267183 0.00785713
internal_weight=602689 419446 233768 185678 183243 135494 98274 141013 108798 163024 42230 58231 40281 40043
internal_count=602689 419446 233768 185678 183243 135494 98274 141013 108798 163024 42230 58231 40281 40043
is_linear=0
shrinkage=0.05


Tree=20
num_leaves=15
num_cat=0
split_feature=4 0 9 7 7 7 7 6 9 2 10 0 0 0
split_gain=1385.86 972.228 410.215 249.898 223.216 191.231 181.06 123.219 111.834 105.584 100.919 74.265 73.1792 69.0365
threshold=0.74772214330450593 90.500000000000014 27.500000000000004 1.0184676480000003 1.1204458425000003 1.0232009575000003 0.92532622750000015 1.0000000180025095e-35 46.500000000000007 6.5000000000000009 1.0000000180025095e-35 112.50000000000001 110.50000000000001 106.50000000000001
decision_type=10 2 2 2 2 2 2 2 2 2 2 2 2 2
left_child=6 2 5 9 8 -2 -1 -8 -4 12 -7 -11 -3 -5
right_child=1 3 4 13 -6 10 7 -9 -10 11 -12 -13 -14 -15
leaf_value=-0.010889585161374249 -0.0030474980769750666 0.0034539414365046123 -0.00022215001353739772 0.0070333102680573585 0.0060618951842136481 -0.0022451945972691346 -0.0020724506055875974 -0.0055931174225016152 0.0025267062409888605 -0.0077767801475659565 0.00076962390042910615 0.0067664111766471387 0.015559743023113982 0.019789581651174077
leaf_weight=27470 96962 39962 91491 31715 17568 32071 65524 57283 35572 8954 54003 8252 15013 21352
leaf_count=27470 96962 39962 91491 31715 17568 32071 65524 57283 35572 8954 54003 8252 15013 21352
internal_value=-0.000556617 0.000823904 -0.000608345 0.00457075 0.00138183 -0.00218093 -0.00471721 -0.0038961 0.000651324 0.00265547 -0.000465561 -0.000762594 0.00372522 0.00717539
internal_weight=603192 452915 327667 125248 144631 183036 150277 122807 127063 72181 86074 17206 54975 53067
internal_count=603192 452915 327667 125248 144631 183036 150277 122807 127063 72181 86074 17206 54975 53067
is_linear=0
shrinkage=0.05


Tree=21
num_leaves=15
num_cat=0
split_feature=4 0 5 7 7 8 7 0 10 9 9 2 0 2
split_gain=1296.31 895.788 367.901 206.555 175.675 169.205 149.268 108.169 90.8455 86.5958 78.8908 74.9076 74.5504 86.7081
threshold=0.73418751263360404 56.500000000000007 17.500000000000004 1.0613606390000003 1.0599810890000001 1.0047635060000002 1.0473313735000003 98.500000000000014 1.0000000180025095e-35 13.500000000000002 49.500000000000007 3.5000000000000004 106.50000000000001 5.5000000000000009
decision_type=10 2 2 2 2 2 2 2 2 2 2 2 2 2
left_child=5 3 6 9 7 8 10 11 -1 -2 12 -4 13 -3
right_child=1 2 4 -5 -6 -7 -8 -9 -10 -11 -12 -13 -14 -15
leaf_value=-0.0035839382803784904 -0.0039366228915739985 -0.00050138464245330085 0.0026971018343977639 0.00047702937053780152 0.0092640256797061841 -0.0026658609719324104 0.003818443889904888 0.010006331831732064 -0.010953561280998248 -0.0015596041335716572 0.0036270418007842255 -0.001680395190653461 0.0049040431393218842 -0.0077835500066018616
leaf_weight=18846 40699 60895 35229 58739 36155 78987 40437 40208 43158 95169 11729 12746 17167 12908
leaf_count=18846 40699 60895 35229 58739 36155 78987 40437 40208 43158 95169 11729 12746 17167 12908
internal_value=-0.000556314 0.000724189 0.00260198 -0.00185671 0.00459153 -0.00475288 0.000873614 0.00338779 -0.0067079 -0.00292773 -0.0001396 0.00178434 -0.000637263 -0.0013276
internal_weight=603072 462081 267474 194607 124338 140991 143136 88183 62004 135868 102699 47975 90970 73803
internal_count=603072 462081 267474 194607 124338 140991 143136 88183 62004 135868 102699 47975 90970 73803
is_linear=0
shrinkage=0.05


Tree=22
num_leaves=15
num_cat=0
split_feature=3 0 7 9 3 2 7 0 2 0 7 10 0 10
split_gain=1197.28 556.789 371.799 224.135 220.944 200.22 168.043 142.984 135.962 125.787 96.256 87.9746 85.2602 73.7509
threshold=7.7923502015000006 86.500000000000014 0.94458603100000016 39.500000000000007 31.171277678000003 6.5000000000000009 1.0538065040000002 109.50000000000001 4.5000000000000009 55.500000000000007 1.0049107150000003 1.0000000180025095e-35 52.500000000000007 1.0000000180025095e-35
decision_type=2 2 2 2 2 2 2 2 2 2 2 2 2 2
left_child=1 2 11 6 9 10 8 -7 12 -2 -3 -1 -4 -6
right_child=4 5 3 -5 13 7 -8 -9 -10 -11 -12 -13 -14 -15
leaf_value=-0.0021157211538576888 0.00013697515034907237 0.0014701371161785716 -0.0026329144636598914 0.0014372042612318615 0.0049246944084985894 -0.0095147597913585354 -0.00052050952517371794 0.0037070530899633637 -0.010117517672037219 0.0045180713835495327 0.0062707229047410584 -0.0079971156305371355 -0.00064044249184083972 0.012835792063416663
leaf_weight=18362 36001 41381 123075 37937 9002 15286 84421 13339 14904 64372 36968 48232 38402 21181
leaf_count=18362 36001 41381 123075 37937 9002 15286 84421 13339 14904 64372 36968 48232 38402 21181
internal_value=-0.000578049 -0.00174956 -0.00267851 -0.00192535 0.00365998 0.00142294 -0.00244769 -0.00215552 -0.00332573 0.0025318 0.0027304 -0.00605677 -0.00290381 0.00741064
internal_weight=602863 472307 365333 298739 130556 106974 260802 28625 176381 100373 78349 66594 161477 30183
internal_count=602863 472307 365333 298739 130556 106974 260802 28625 176381 100373 78349 66594 161477 30183
is_linear=0
shrinkage=0.05


Tree=23
num_leaves=15
num_cat=0
split_feature=3 9 7 0 0 10 7 0 0 8 2 2 9 3
split_gain=1088.87 514.817 308.264 210.478 207.409 194.072 161.466 128.292 125.237 107.417 98.0536 95.4473 90.7015 83.0423
threshold=7.2837924205000011 34.500000000000007 0.94582553550000015 97.500000000000014 100.50000000000001 1.0000000180025095e-35 1.0538065040000002 94.500000000000014 102.50000000000001 1.0047635060000002 5.5000000000000009 7.5000000000000009 12.500000000000002 46.983019364500009
decision_type=2 2 2 2 2 2 2 2 2 2 2 2 2 2
left_child=1 2 8 5 6 -2 10 9 -1 -3 12 -6 -4 -7
right_child=3 7 4 -5 11 13 -8 -9 -10 -11 -12 -13 -14 -15
leaf_value=-0.0063026736665590171 -0.00073599934119206742 -0.0021608634974421893 -0.0033683011595433826 0.012199696840308845 0.0060583991778077328 0.0031667163883404015 -0.00043579144320173848 0.0071232097729925122 -8.036369780627384e-05 0.0013066374014507054 -0.010277996026709126 -0.0075123287574693672 -0.0014473979536216654 0.011506443203634288
leaf_weight=62318 35006 21929 62478 40711 23191 55562 84043 24379 9069 58316 13199 7167 102454 3757
leaf_count=62318 35006 21929 62478 40711 23191 55562 84043 24379 9069 58316 13199 7167 102454 3757
internal_value=-0.000549778 -0.00168987 -0.00257853 0.003406 -0.00185959 0.00210895 -0.00231264 0.00140114 -0.00552425 0.000435981 -0.00316493 0.00205266 -0.0028329 0.0038511
internal_weight=603579 468543 363919 135036 292532 94325 262174 104624 71387 80245 178131 30358 164932 59319
internal_count=603579 468543 363919 135036 292532 94325 262174 104624 71387 80245 178131 30358 164932 59319
is_linear=0
shrinkage=0.05


Tree=24
num_leaves=15
num_cat=0
split_feature=4 3 9 7 8 10 10 4 9 6 9 7 7 7
split_gain=1070.99 597.112 372.353 163.987 156.498 136.035 90.7397 86.5083 79.1116 76.8919 75.0721 62.0059 49.8926 49.8317
threshold=0.73418751263360404 19.904875060000006 41.500000000000007 1.0232009575000003 1.0217054290000003 1.0000000180025095e-35 1.0000000180025095e-35 1.7559396117576409 12.500000000000002 1.0000000180025095e-35 18.500000000000004 1.0681078520000002 1.0589762405000003 1.2144204880000002
decision_type=10 2 2 2 2 2 2 10 2 2 2 2 2 2
left_child=4 2 3 8 6 12 -1 -7 -2 -6 13 -4 -3 -5
right_child=1 5 11 10 9 7 -8 -9 -10 -11 -12 -13 -14 -15
leaf_value=-0.0030727308664311144 -0.003467728741213 0.00062499036169390016 0.0022434391585479082 -0.001078231932952467 -0.0011667743234407336 0.0083132488761207945 -0.0097096953269366557 0.019672601627104075 -0.0009391190338136346 -0.0041175379489002961 0.0014423402593451763 0.0061503470224471505 0.0068541194354250663 0.0042055224832901862
leaf_weight=20786 53594 15213 59788 57521 44209 37236 45962 2684 132212 30333 78157 15822 5415 4172
leaf_count=20786 53594 15213 59788 57521 44209 37236 45962 2684 132212 30333 78157 15822 5415 4172
internal_value=-0.000542854 0.000622592 -7.58216e-05 -0.000809738 -0.00435206 0.00525077 -0.00611059 0.00695429 -0.00178313 -0.00277711 0.000483537 0.00308504 0.00195318 -0.000820326
internal_weight=603104 461814 401266 325656 141290 60548 66748 39920 185806 74542 139850 75610 20628 61693
internal_count=603104 461814 401266 325656 141290 60548 66748 39920 185806 74542 139850 75610 20628 61693
is_linear=0
shrinkage=0.05


Tree=25
num_leaves=15
num_cat=0
split_feature=4 1 7 9 7 7 6 9 2 1 7 2 1 1
split_gain=972.031 673.048 285.622 246.471 171.883 139.773 108.88 102.467 90.8312 86.2852 66.9988 63.915 59.6532 58.3695
threshold=0.72318506829632234 28.500000000000004 1.1386926285000003 20.500000000000004 1.0184676480000003 0.8883733800000001 1.0000000180025095e-35 52.500000000000007 5.5000000000000009 6.5000000000000009 0.98429676200000016 4.5000000000000009 13.500000000000002 59.500000000000007
decision_type=10 2 2 2 2 2 2 2 2 2 2 2 2 2
left_child=5 4 3 11 8 -1 -7 10 -2 -10 -5 13 -6 -3
right_child=1 2 -4 7 12 6 -8 -9 9 -11 -12 -13 -14 -15
leaf_value=-0.013186921402126512 0.005501922979572191 0.00014248567947234558 0.0034793285341900904 -0.0012954024051352571 0.017301158238577342 -0.002004475851783036 -0.0052994005763389897 0.0029778717311760572 0.010179329446395886 -0.0032974079345401866 0.00027460186255322537 -0.0075036388260990962 0.0057339719358241899 -0.0022637375679664925
leaf_weight=12839 40900 18468 34227 55896 21656 64666 56392 22202 11323 19879 108966 11767 30111 93156
leaf_count=12839 40900 18468 34227 55896 21656 64666 56392 22202 11323 19879 108966 11767 30111 93156
internal_value=-0.000535477 0.000538169 -0.000597861 -0.00107578 0.00369922 -0.00429241 -0.00376601 6.8424e-05 0.00212081 8.89224e-05 -0.000361049 -0.00281036 0.00589725 -0.00244067
internal_weight=602448 468551 344682 310455 123869 133897 121058 187064 72102 31202 164862 123391 51767 111624
internal_count=602448 468551 344682 310455 123869 133897 121058 187064 72102 31202 164862 123391 51767 111624
is_linear=0
shrinkage=0.05


Tree=26
num_leaves=15
num_cat=0
split_feature=0 9 7 2 7 7 7 0 7 9 0 2 2 0
split_gain=862.642 435.938 261.37 251.066 199.155 123.927 115.072 112.821 106.045 104.223 83.3826 80.6229 79.8494 78.6615
threshold=91.500000000000014 25.500000000000004 0.97614926650000011 6.5000000000000009 1.1204458425000003 1.0568133285000003 0.8883733800000001 107.50000000000001 1.1386926285000003 43.500000000000007 110.50000000000001 3.5000000000000004 4.5000000000000009 52.500000000000007
decision_type=2 2 2 2 2 2 2 2 2 2 2 2 2 2
left_child=1 2 11 5 6 10 -3 -5 12 -8 -2 -1 13 -4
right_child=3 4 8 7 -6 -7 9 -9 -10 -11 -12 -13 -14 -15
leaf_value=-0.0032581998794176561 0.0028446133412269648 -0.0060292508107298998 -0.0019218847916740557 -0.008104933610196095 0.0045751403772321788 0.010819424616489852 -0.00063448974868387522 0.0030939888666239868 0.0012375753821872643 0.0016364819805865906 0.014116774814814315 -0.0098265164772140326 -0.0071087000100764439 0.00039667437741354173
leaf_weight=64429 57347 8080 123197 11934 21068 28896 112299 18955 23942 49189 20637 20605 14386 27709
leaf_count=64429 57347 8080 123197 11934 21068 28896 112299 18955 23942 49189 20637 20605 14386 27709
internal_value=-0.000519784 -0.00154955 -0.00282602 0.00295511 0.000286927 0.00410254 -0.000282769 -0.00101516 -0.00179125 8.66911e-06 0.00306582 -0.00512853 -0.00224172 -0.00190228
internal_weight=602673 464904 274268 137769 190636 106880 169568 30889 189234 161488 77984 85034 165292 150906
internal_count=602673 464904 274268 137769 190636 106880 169568 30889 189234 161488 77984 85034 165292 150906
is_linear=0
shrinkage=0.05


Tree=27
num_leaves=15
num_cat=0
split_feature=3 0 8 8 0 10 2 0 2 8 0 2 2 7
split_gain=795.838 346.903 292.253 201.018 198.309 175.238 145.239 130.406 125.707 100.881 99.146 125.161 89.4156 76.3717
threshold=5.2079124420000005 70.500000000000014 0.94126630700000014 1.0217054290000003 94.500000000000014 1.0000000180025095e-35 3.5000000000000004 99.500000000000014 6.5000000000000009 1.4844300455000001 47.500000000000007 1.5000000000000002 7.5000000000000009 0.87520429700000013
decision_type=2 2 2 2 2 2 2 2 2 2 2 2 2 2
left_child=1 2 13 7 5 -2 9 8 -3 10 11 -4 -9 -1
right_child=4 3 6 -5 -6 -7 -8 12 -10 -11 -12 -13 -14 -15
leaf_value=-0.012748219132537706 -0.0010559170482410285 -0.0019457656316476031 -0.0011579965582174557 0.0026864224609081111 0.0095065641688879404 0.0028707958889942265 -0.0065113603046855657 0.0038758078650613539 -0.013890450952966347 0.0016327192859467267 8.8071504971887213e-05 -0.0042276042198069576 -0.0076285203682519287 -0.0045903743271776959
leaf_weight=9988 40401 42242 111433 67952 48574 66545 20153 29913 8240 17967 48649 38357 10712 41062
leaf_count=9988 40401 42242 111433 67952 48574 66545 20153 29913 8240 17967 48649 38357 10712 41062
internal_value=-0.000521012 -0.00159356 -0.00262978 0.000280155 0.0025594 0.00135599 -0.00188929 -0.00125491 -0.00295175 -0.00151113 -0.00183597 -0.00247288 0.000853741 -0.00606062
internal_weight=602188 446668 287609 159059 155520 106946 236559 91107 50482 216406 198439 149790 40625 51050
internal_count=602188 446668 287609 159059 155520 106946 236559 91107 50482 216406 198439 149790 40625 51050
is_linear=0
shrinkage=0.05


Tree=28
num_leaves=15
num_cat=0
split_feature=4 3 9 7 8 10 9 4 10 6 7 7 7 9
split_gain=773.573 440.269 277.885 143.509 136.846 125.986 109.676 79.4074 72.5041 61.4516 52.2543 48.5863 47.1209 39.5197
threshold=0.69150674617221008 17.013824478000004 41.500000000000007 1.0613606390000003 1.0047635060000002 1.0000000180025095e-35 13.500000000000002 1.7559396117576409 1.0000000180025095e-35 1.0000000180025095e-35 0.90342239600000018 1.0613606390000003 0.88390739400000007 53.500000000000007
decision_type=10 2 2 2 2 2 2 10 2 2 2 2 2 2
left_child=4 2 3 6 8 11 -2 -7 -1 -6 -8 -3 -4 -14
right_child=1 5 12 -5 9 7 10 -9 -10 -11 -12 -13 13 -15
leaf_value=-0.0028199354730522211 -0.0028712347141873931 -0.00018157062220623688 -0.0047071387964703676 0.00080235966806107564 -0.0010936626876218659 0.0064271909773489736 -0.0038435959176868375 0.01732725804792077 -0.0094041031082179351 -0.0038984063636745615 -0.00044181942831166834 0.005224438856778757 0.0017251101698519513 0.0046685095983033552
leaf_weight=14566 79947 18974 2311 85091 38256 44205 12528 2794 36380 25843 162782 6289 45404 26802
leaf_count=14566 79947 18974 2311 85091 38256 44205 12528 2794 36380 25843 162782 6289 45404 26802
internal_value=-0.000515961 0.00035496 -0.000272405 -0.000877912 -0.0042035 0.00395651 -0.00147069 0.00548703 -0.00613776 -0.00266579 -0.000770755 0.00110862 0.00249306 0.00271808
internal_weight=602172 487127 414865 340348 115045 72262 255257 46999 50946 64099 175310 25263 74517 72206
internal_count=602172 487127 414865 340348 115045 72262 255257 46999 50946 64099 175310 25263 74517 72206
is_linear=0
shrinkage=0.05


Tree=29
num_leaves=15
num_cat=0
split_feature=4 0 9 7 9 7 8 0 9 10 7 7 10 8
split_gain=740.618 511.989 245.826 159.656 144.77 133.642 90.2871 80.9664 72.7988 69.9871 68.6199 68.3155 67.4113 66.1423
threshold=0.71196367779874115 93.500000000000014 19.500000000000004 1.1204458425000003 15.500000000000002 0.8883733800000001 0.94126630700000014 111.50000000000001 52.500000000000007 1.0000000180025095e-35 1.0061499750000003 0.99123747000000006 1.0000000180025095e-35 1.7525661985000003
decision_type=10 2 2 2 2 2 2 2 2 2 2 2 2 2
left_child=5 2 6 8 -3 -1 -2 11 -4 -8 12 -6 -7 -5
right_child=1 4 3 13 7 10 9 -9 -10 -11 -12 -13 -14 -15
leaf_value=-0.011789608960931945 -0.0044727187428380503 0.0013716392676673128 -0.00028093651607630221 0.0030889979032443452 0.0017276357107939651 -0.0019155190888497237 -0.0022015754022425894 0.019318267694514692 0.0024837460816010573 -0.00039423854254218017 -0.0016057616352953719 0.0068223353692459191 -0.0064352880961869204 0.012681872649832766
leaf_weight=12404 25091 36839 174417 24418 21494 26470 48339 21225 23254 61201 49891 37080 38437 2532
leaf_count=12404 25091 36839 174417 24418 21494 26470 48339 21225 23254 61201 49891 37080 38437 2532
internal_value=-0.000493453 0.000412433 -0.00052205 0.000490538 0.0032906 -0.00388245 -0.00221143 0.0044874 -1.70734e-06 -0.00159158 -0.00334943 0.00352814 -0.00442118 0.00410035
internal_weight=603092 475890 359252 224621 116638 127202 134631 79799 197671 109540 114798 58574 64907 26950
internal_count=603092 475890 359252 224621 116638 127202 134631 79799 197671 109540 114798 58574 64907 26950
is_linear=0
shrinkage=0.05


Tree=30
num_leaves=15
num_cat=0
split_feature=4 0 5 7 2 7 0 2 6 7 9 7 7 2
split_gain=664.026 450.677 188.851 136.16 124.108 120.151 107.753 80.9093 79.9028 75.8735 60.176 53.1308 51.2296 45.2085
threshold=0.71196367779874115 60.500000000000007 16.500000000000004 0.91846181150000017 3.5000000000000004 1.1386926285000003 104.50000000000001 3.5000000000000004 1.0000000180025095e-35 1.0232009575000003 11.500000000000002 0.99047858550000012 1.1386926285000003 5.5000000000000009
decision_type=10 2 2 2 2 2 2 2 2 2 2 2 2 2
left_child=3 4 9 -1 5 10 7 12 -5 13 -2 -8 -4 -3
right_child=1 2 6 8 -6 -7 11 -9 -10 -11 -12 -13 -14 -15
leaf_value=-0.0087513170578977229 -0.0022882364123398614 0.00019361663929442499 0.0026998723719619091 -0.0013641073897010915 -0.0072220065955593861 0.0020499024550297562 0.0063087331115751714 5.7426314363007158e-05 -0.0041991370934151397 0.002163652298277119 -0.00072498596672987414 0.013806637649383996 0.0086358464888741885 -0.0044504596275941055
leaf_weight=21054 42495 53101 52644 57287 9572 22146 17057 31488 48632 47594 144328 26694 5963 23333
leaf_count=21054 42495 53101 52644 57287 9572 22146 17057 31488 48632 47594 144328 26694 5963 23333
internal_value=-0.000490642 0.00036567 0.00178136 -0.0037035 -0.00130482 -0.00104971 0.00308384 0.00209503 -0.00297324 0.000375706 -0.00146251 0.00511958 0.00319325 -0.000600152
internal_weight=603388 476415 257874 126973 218541 208969 133846 90095 105919 124028 186823 43751 58607 76434
internal_count=603388 476415 257874 126973 218541 208969 133846 90095 105919 124028 186823 43751 58607 76434
is_linear=0
shrinkage=0.05


Tree=31
num_leaves=15
num_cat=0
split_feature=5 0 8 0 2 3 8 2 10 8 10 8 2 0
split_gain=592.336 387.69 207.83 150.161 168.333 106.93 99.3125 86.7554 78.0138 89.43 77.3201 73.9895 68.3591 68.08
threshold=11.500000000000002 61.500000000000007 1.0000014820000003 105.50000000000001 3.5000000000000004 19.904875060000006 1.4463131295000002 1.5000000000000002 1.0000000180025095e-35 1.0047635060000002 1.0000000180025095e-35 1.1242948870000002 6.5000000000000009 86.500000000000014
decision_type=2 2 2 2 2 2 2 2 2 2 2 2 2 2
left_child=2 5 10 4 6 7 -3 8 -2 -10 -1 -5 13 -6
right_child=1 3 -4 11 12 -7 -8 -9 9 -11 -12 -13 -14 -15
leaf_value=-0.0021072430709696446 -0.0012896358800006807 0.002072064299733009 -0.0011152957551544384 0.0071591444747106832 -0.0020121972789560517 0.0031758928231209408 0.0079188317471408035 -0.002447671857832923 -0.0021753334152765538 0.001533368914310529 -0.006830474674045451 0.014919312533660327 -0.0083881573248842222 0.001552545632288982
leaf_weight=25685 53374 79310 128190 43716 23997 11257 8946 58697 12590 40919 56121 13792 6244 39419
leaf_count=25685 53374 79310 128190 43716 23997 11257 8946 58697 12590 40919 56121 13792 6244 39419
internal_value=-0.000500716 0.000646596 -0.0026438 0.00207075 0.00127405 -0.00108833 0.00272431 -0.00140894 -0.000560751 0.000788345 -0.00461277 0.00425817 -0.000563411 -7.17428e-05
internal_weight=602257 392261 209996 215424 157916 176837 88256 165580 106883 53509 81806 57508 69660 63416
internal_count=602257 392261 209996 215424 157916 176837 88256 165580 106883 53509 81806 57508 69660 63416
is_linear=0
shrinkage=0.05


Tree=32
num_leaves=15
num_cat=0
split_feature=4 0 4 8 0 9 10 2 2 8 10 10 9 0
split_gain=579.131 306.29 217.888 133.968 133.302 126.939 118.072 114.527 93.5502 87.9314 71.4122 70.8292 63.0464 49.8095
threshold=0.88748369209027189 53.500000000000007 0.61872581465654808 1.5770049490000002 103.50000000000001 26.500000000000004 1.0000000180025095e-35 1.0000000180025095e-35 3.5000000000000004 0.97028689900000009 1.0000000180025095e-35 1.0000000180025095e-35 6.5000000000000009 94.500000000000014
decision_type=10 2 8 2 2 2 2 2 2 2 2 2 2 2
left_child=2 6 7 4 8 -4 -2 -1 -3 -8 -9 13 -6 -7
right_child=1 3 5 -5 12 11 9 10 -10 -11 -12 -13 -14 -15
leaf_value=-0.0010015188534855974 -0.0018203826952924856 0.0018355477929708154 -0.0020298655543014412 0.010123940681806033 -0.00039366276015117001 0.00073636351282509735 -0.0030958252162381879 -0.0025106995996680651 -0.00092600679803758192 0.00090506209540455469 -0.0087312944795389456 -0.0013575250767289965 0.0098660073086833666 0.008412449342180911
leaf_weight=23244 56816 94470 121656 7173 7625 29360 12700 17879 45393 62230 35462 35362 46689 6991
leaf_count=23244 56816 94470 121656 7173 7625 29360 12700 17879 45393 62230 35462 35362 46689 6991
internal_value=-0.000484657 0.000910234 -0.0022058 0.00213665 0.00188863 -0.00131177 -0.000964129 -0.00446289 0.00107217 0.000339294 -0.00573918 0.000356779 0.00399078 0.00190649
internal_weight=603050 333096 269954 201350 194177 193369 131746 76585 139863 74930 53341 71713 54314 36351
internal_count=603050 333096 269954 201350 194177 193369 131746 76585 139863 74930 53341 71713 54314 36351
is_linear=0
shrinkage=0.05


Tree=33
num_leaves=15
num_cat=0
split_feature=4 0 7 8 8 9 0 8 9 8 7 0 9 3
split_gain=526.308 354.557 166.461 130.75 121.387 98.8049 80.7936 76.522 75.1535 68.7076 62.5807 52.2013 45.3387 44.3232
threshold=0.70395706092203891 85.500000000000014 1.0613606390000003 0.94126630700000014 1.1066455615000004 11.500000000000002 113.50000000000001 1.7525661985000003 16.500000000000004 0.94126630700000014 0.86345377450000005 109.50000000000001 28.500000000000004 -10.076447870999997
decision_type=10 2 2 2 2 2 2 2 2 2 2 2 2 2
left_child=3 2 5 10 6 -2 8 12 -3 -7 -1 -6 -4 -5
right_child=1 4 7 13 11 9 -8 -9 -10 -11 -12 -13 -14 -15
leaf_value=-0.01425867030285518 -0.0027196886470034821 -0.002307033630457206 -7.1751826579091738e-05 -0.0028807821586701145 0.0043808346238045524 -0.0024444597635214062 0.011908966105881158 0.0081491823673620848 0.0021730925007172499 -0.0003045968550161593 -0.0056043736235749098 0.0178378610995172 0.0020432705765506044 -0.0006790535529516917
leaf_weight=6994 44211 28471 55012 49270 40527 35235 20783 4233 52256 154461 30367 10706 35004 35680
leaf_count=6994 44211 28471 55012 49270 40527 35235 20783 4233 52256 154461 30367 10706 35004 35680
internal_value=-0.000469194 0.000275653 -0.000650595 -0.00339765 0.00226558 -0.00136542 0.0012641 0.00112343 0.000548265 -0.000869263 -0.00586262 0.00424953 0.000814254 -0.00231328
internal_weight=603210 480899 328156 122311 152743 233907 101510 94249 80727 189696 37361 51233 90016 84950
internal_count=603210 480899 328156 122311 152743 233907 101510 94249 80727 189696 37361 51233 90016 84950
is_linear=0
shrinkage=0.05


Tree=34
num_leaves=15
num_cat=0
split_feature=4 3 9 0 10 2 10 8 4 7 8 7 0 0
split_gain=476.896 322.98 202.782 146.318 123.574 109.764 77.8678 70.2328 69.7003 66.8588 59.4481 50.4957 47.0224 44.2342
threshold=0.64659861017486586 11.776419737500001 17.500000000000004 83.500000000000014 1.0000000180025095e-35 1.5000000000000002 1.0000000180025095e-35 0.94126630700000014 1.7559396117576409 1.0877039180000001 0.88740900450000015 0.90342239600000018 111.50000000000001 101.50000000000001
decision_type=8 2 2 2 2 2 2 2 10 2 2 2 2 2
left_child=5 2 9 7 13 10 -7 -4 -6 -2 -1 -5 -13 -3
right_child=1 4 3 11 8 6 -8 -9 -10 -11 -12 12 -14 -15
leaf_value=-0.0064349819421175127 -0.0020929202510399868 -0.00076482244489441966 -0.0023697591404049367 -0.0037948997236357338 0.0045455054444463131 -0.0024645160807050537 -0.0089054084788339899 7.1593647298584534e-06 0.014240165472618561 0.00034365424272586598 -0.00088267281860391353 0.0024697096898716356 0.014804400436237472 0.0061386242640093904
leaf_weight=4595 130413 25119 26182 4380 60362 15391 31972 154849 3207 25835 36555 62001 11014 11871
leaf_count=4595 130413 25119 26182 4380 60362 15391 31972 154849 3207 25835 36555 62001 11014 11871
internal_value=-0.000443519 0.000138941 -0.000477538 0.00038221 0.002681 -0.00383382 -0.00547495 -0.000395709 0.00401796 -0.00189948 -0.00194448 0.00220171 0.00251455 0.00038316
internal_weight=603746 515233 414674 258426 100559 88513 47363 181031 63569 156248 41150 77395 73015 36990
internal_count=603746 515233 414674 258426 100559 88513 47363 181031 63569 156248 41150 77395 73015 36990
is_linear=0
shrinkage=0.05


Tree=35
num_leaves=15
num_cat=0
split_feature=4 1 8 8 2 8 1 2 10 2 1 8 6 1
split_gain=456.738 306.77 150.107 109.69 109.213 108.383 91.1817 94.0288 88.4786 80.1951 79.3485 71.2626 54.1905 52.4238
threshold=0.69150674617221008 30.500000000000004 0.94126630700000014 1.4463131295000002 7.5000000000000009 0.94126630700000014 67.500000000000014 1.5000000000000002 1.0000000180025095e-35 3.5000000000000004 7.5000000000000009 1.1778275805 1.5000000000000002 6.5000000000000009
decision_type=10 2 2 2 2 2 2 2 2 2 2 2 2 2
left_child=5 4 -3 6 10 -1 9 8 -8 -4 -2 -12 -7 -6
right_child=1 2 3 -5 13 12 7 -9 -10 -11 11 -13 -14 -15
leaf_value=-0.0064688440903607038 0.014813842106871811 -0.0025379941236301942 0.0011719386906041574 0.0022547079483306144 0.0037395880097313792 -0.0013789971175326738 -0.0012654678150384126 -0.0025834333500279281 0.00085860644461097655 -0.0017255165979329025 0.0017348588429682956 0.0058090857054316387 -0.0062951248895259243 -0.010583751844029987
leaf_weight=35313 25749 53155 87498 34003 5188 72116 53721 42520 48889 31182 73838 25201 7752 6540
leaf_count=35313 25749 53155 87498 34003 5188 72116 53721 42520 48889 31182 73838 25201 7752 6540
internal_value=-0.000424465 0.000244621 -0.000537648 -0.000100775 0.0022557 -0.00325615 -0.000445293 -0.00128587 -0.00046655 0.000582635 0.00268925 0.00204619 -0.00223605 -0.0023566
internal_weight=602665 487484 350968 297813 136516 115181 263810 145130 102610 118680 124788 99039 79868 11728
internal_count=602665 487484 350968 297813 136516 115181 263810 145130 102610 118680 124788 99039 79868 11728
is_linear=0
shrinkage=0.05


Tree=36
num_leaves=15
num_cat=0
split_feature=4 0 9 7 7 7 6 0 6 8 8 10 8 8
split_gain=418.002 283.549 184.985 105.566 101.791 101.136 77.9091 60.8515 56.6085 54.512 47.1056 46.5746 46.3652 42.245
threshold=0.64659861017486586 96.500000000000014 17.500000000000004 1.0006513780000001 1.1320399170000002 0.90816847300000014 1.5000000000000002 53.500000000000007 1.5000000000000002 0.94126630700000014 1.4651190150000002 1.0000000180025095e-35 1.7525661985000003 0.90186821300000009
decision_type=8 2 2 2 2 2 2 2 2 2 2 2 2 2
left_child=5 2 6 -3 7 -1 9 -4 -7 -2 -5 -11 -6 -9
right_child=1 3 4 10 12 8 -8 13 -10 11 -12 -13 -14 -15
leaf_value=-0.0090206567085516984 -0.0032321223000604583 0.0015300634571741439 -0.00075554410373255556 0.0064530736458775833 0.0023618304510220848 -0.0019376874334373906 -0.004495602355655182 -0.0014089188610740102 -0.0074005240129457863 -0.0014990141484303332 0.014777341399087929 6.5052858894196216e-05 0.010412355000297413 0.00087000473330141055
leaf_weight=13494 20773 54010 99568 49984 23733 65448 23549 18000 9325 42735 3369 51952 2781 124333
leaf_count=13494 20773 54010 99568 49984 23733 65448 23549 18000 9325 42735 3369 51952 2781 124333
internal_value=-0.000425124 0.000119976 -0.000482415 0.00240586 0.000284303 -0.00360406 -0.00196284 -3.8083e-05 -0.00288471 -0.00142814 0.00398324 -0.000919164 0.00322505 0.000625184
internal_weight=603054 514787 407424 107363 268415 88267 139009 241901 74773 115460 53353 94687 26514 142333
internal_count=603054 514787 407424 107363 268415 88267 139009 241901 74773 115460 53353 94687 26514 142333
is_linear=0
shrinkage=0.05


Tree=37
num_leaves=15
num_cat=0
split_feature=4 0 4 3 6 10 10 0 6 0 3 6 9 2
split_gain=396.25 242.646 125.401 111.772 106.681 91.944 78.415 68.3105 66.6634 63.1447 61.8008 51.4379 39.4765 37.3025
threshold=0.82267051694686255 61.500000000000007 0.59979144452847211 -12.682800600999999 1.0000000180025095e-35 1.0000000180025095e-35 1.0000000180025095e-35 111.50000000000001 1.0000000180025095e-35 101.50000000000001 0.29053297700000008 1.5000000000000002 17.500000000000004 2.5000000000000004
decision_type=10 2 8 2 2 2 2 2 2 2 2 2 2 2
left_child=2 5 3 6 9 -2 -1 11 -4 -3 13 -6 -10 -7
right_child=1 4 8 -5 7 10 -8 -9 12 -11 -12 -13 -14 -15
leaf_value=-0.0018939147348779328 -0.0014518490839493248 0.0021399848894934738 -0.00022272542135834961 -0.0012822238584053848 0.00073958518983891506 -0.00046253176671532948 -0.0092906094930349688 0.0087111231585206336 -0.0032295004825849769 0.0098004550899548487 0.00094779925963356664 -0.0028366848960987598 -0.00097977214122122467 -0.0040792354650868948
leaf_weight=11815 79827 74989 73997 31663 68214 28670 26044 21663 41340 24938 63836 21744 26659 7857
leaf_count=11815 79827 74989 73997 31663 68214 28670 26044 21663 41340 24938 63836 21744 26659 7857
internal_value=-0.000413668 0.000527961 -0.00215757 -0.00389741 0.00167641 -0.000820361 -0.00573071 0.000613992 -0.00130562 0.00286307 0.000186937 6.9473e-06 -0.0024357 -0.00145318
internal_weight=603256 391738 211518 69522 211548 180190 37859 111621 141996 99927 100363 89958 67999 36527
internal_count=603256 391738 211518 69522 211548 180190 37859 111621 141996 99927 100363 89958 67999 36527
is_linear=0
shrinkage=0.05


Tree=38
num_leaves=15
num_cat=0
split_feature=4 7 0 6 8 0 0 2 0 6 8 4 0 2
split_gain=357.554 219.034 187.963 134.55 104.643 83.8413 80.5293 84.1163 61.0782 49.1513 47.8752 47.7287 44.5334 79.7688
threshold=0.91698899590813909 0.87520429700000013 47.500000000000007 1.0000000180025095e-35 1.4463131295000002 108.50000000000001 99.500000000000014 5.5000000000000009 71.500000000000014 1.5000000000000002 1.4844300455000001 1.4898485953439204 51.500000000000007 2.5000000000000004
decision_type=10 2 2 2 2 2 2 2 2 2 2 10 2 2
left_child=1 -1 -2 8 5 9 7 12 10 11 -3 -4 13 -5
right_child=2 3 4 6 -6 -7 -8 -9 -10 -11 -12 -13 -14 -15
leaf_value=-0.00866528338388548 -0.0006469983174285127 -0.00086598304116862208 0.00098637076590104016 -0.0016311646138321145 0.0056973401333364794 0.0090803249550059136 0.00043601240706774572 -0.008860279746081735 0.001608156831447663 -0.0023396297968702241 0.0023733018749626383 0.0077619287951505639 -0.0010685882845653861 -0.0058063274269251619
leaf_weight=16081 107110 100247 128515 41279 16712 34277 22470 15212 39280 15065 7018 3874 39989 16106
leaf_count=16081 107110 100247 128515 41279 16712 34277 22470 15212 39280 15065 7018 3874 39989 16106
internal_value=-0.000412833 -0.00164611 0.00078868 -0.00132193 0.00169975 0.00135148 -0.00246037 -0.00300579 -0.000272689 0.000833622 -0.000890393 0.00114157 -0.00246537 -0.00335795
internal_weight=603235 297682 305553 281601 198443 181731 135056 112586 146545 147454 107265 132389 97374 57385
internal_count=603235 297682 305553 281601 198443 181731 135056 112586 146545 147454 107265 132389 97374 57385
is_linear=0
shrinkage=0.05


Tree=39
num_leaves=15
num_cat=0
split_feature=4 3 0 2 7 2 8 10 8 10 7 2 0 2
split_gain=326.437 230.585 136.423 129.906 103.333 99.0387 78.6846 76.175 61.319 54.5188 52.9737 50.2409 71.1924 57.7055
threshold=0.64659861017486586 19.904875060000006 57.500000000000007 3.5000000000000004 1.0028305450000004 1.5000000000000002 1.5468176235000002 1.0000000180025095e-35 1.2883523065000004 1.0000000180025095e-35 0.84552124650000016 3.5000000000000004 107.50000000000001 7.5000000000000009
decision_type=8 2 2 2 2 2 2 2 2 2 2 2 2 2
left_child=5 2 3 8 11 -1 9 -7 10 -3 -2 -4 13 -13
right_child=1 6 4 -5 -6 7 -8 -9 -10 -11 -12 12 -14 -15
leaf_value=-0.00096621282821392489 -0.0067708307668081225 0.00052604440748318384 0.000729494210990278 -0.0067739951699026029 0.0017796365798401215 -0.001731207828420367 0.01162443710537767 -0.0075960553065988817 0.00037991832847898422 0.0049982448979483569 -0.00096956936989241183 -0.0022985083501992354 0.0021916550939771909 -0.016082771408634445
leaf_weight=41115 3040 20517 43927 9095 117022 15325 4418 32077 55087 35571 151668 47077 23439 3621
leaf_count=41115 3040 20517 43927 9095 117022 15325 4418 32077 55087 35571 151668 47077 23439 3621
internal_value=-0.000391934 9.06243e-05 -0.000295827 -0.00119407 0.000540535 -0.00319652 0.00298995 -0.00475404 -0.00094036 0.00248338 -0.00145043 -0.000503096 -0.001297 -0.00235045
internal_weight=602999 514482 453976 218890 235086 88517 60506 47402 209795 56088 154708 118064 74137 50698
internal_count=602999 514482 453976 218890 235086 88517 60506 47402 209795 56088 154708 118064 74137 50698
is_linear=0
shrinkage=0.05


Tree=40
num_leaves=15
num_cat=0
split_feature=4 0 2 0 2 2 2 7 10 8 10 8 8 0
split_gain=311.151 225.528 163.633 134.321 108.842 107.417 94.0697 69.4881 65.8633 64.2086 57.572 96.0744 51.6944 51.309
threshold=0.61872581465654808 93.500000000000014 4.5000000000000009 52.500000000000007 1.5000000000000002 7.5000000000000009 1.0000000180025095e-35 0.99047858550000012 1.0000000180025095e-35 1.4463131295000002 1.0000000180025095e-35 1.0047635060000002 0.82077886400000011 111.50000000000001
decision_type=8 2 2 2 2 2 2 2 2 2 2 2 2 2
left_child=6 2 3 4 10 7 -1 -3 -8 -5 -2 -12 -10 -7
right_child=1 5 -4 9 -6 13 8 -9 12 -11 11 -13 -14 -15
leaf_value=-0.00048784866171047714 -0.00089067698350866478 0.0014053924450509821 -0.0044051670257337864 0.00051026757785946895 -0.0022187847324876666 -0.011092301507133591 -0.0015774571831658148 0.0056871476190266199 -0.014146939873864242 0.0038588724080563519 -0.0018599990628996865 0.0012564323939079913 -0.0053835158483645264 0.0014252087955566651
leaf_weight=23201 69768 43266 32974 144793 62326 5974 17910 66782 6587 14091 19871 59669 28942 7147
leaf_count=23201 69768 43266 32974 144793 62326 5974 17910 66782 6587 14091 19871 59669 28942 7147
internal_value=-0.000370065 6.31093e-05 -0.000508554 -0.000208152 -0.00103301 0.00193578 -0.0033466 0.00244564 -0.00450074 0.000890559 -0.000300376 0.000619146 -0.00574696 -0.00233982
internal_weight=603301 526661 403492 370518 211634 123169 76640 110048 53439 158884 149308 79540 35529 13121
internal_count=603301 526661 403492 370518 211634 123169 76640 110048 53439 158884 149308 79540 35529 13121
is_linear=0
shrinkage=0.05


Tree=41
num_leaves=15
num_cat=0
split_feature=5 1 7 7 10 2 6 7 1 2 8 1 1 8
split_gain=308.248 181.58 166.19 89.561 83.8094 74.6555 67.2693 60.6173 59.7381 71.1581 46.5766 40.9019 39.4659 38.1647
threshold=11.500000000000002 54.500000000000007 0.94252851900000012 1.0589762405000003 1.0000000180025095e-35 3.5000000000000004 1.5000000000000002 1.1386926285000003 6.5000000000000009 5.5000000000000009 1.2952929185000002 11.500000000000002 28.500000000000004 1.4367579390000003
decision_type=2 2 2 2 2 2 2 2 2 2 2 2 2 2
left_child=2 3 4 8 -1 7 10 -3 -2 13 -4 -5 -11 -10
right_child=1 5 6 11 -6 -7 -8 -9 9 12 -12 -13 -14 -15
leaf_value=-0.00032300979803244202 0.010526436124967373 -0.00052788289112079003 -0.001044231168585752 0.015279605805026486 -0.0063742615102785841 -0.0049863687367121493 -0.0040169372328691917 0.0020877324203503636 0.00094842956043187938 -0.0017161877389779701 0.00066549606049139955 0.0030310968213951186 -0.0080137045604401942 0.0070416891858966248
leaf_weight=9063 20030 162672 108709 9311 35048 9718 25498 18287 103584 19777 31955 43258 4150 2314
leaf_count=9063 20030 162672 108709 9311 35048 9718 25498 18287 103584 19777 31955 43258 4150 2314
internal_value=-0.000369958 0.000456588 -0.00191514 0.00149954 -0.00464316 -0.000650625 -0.00119082 -0.000421285 0.000876568 0.000484383 -0.000762428 0.00327515 -0.001978 0.00104081
internal_weight=603374 393101 210273 202424 44111 190677 166162 180959 149855 129825 140664 52569 23927 105898
internal_count=603374 393101 210273 202424 44111 190677 166162 180959 149855 129825 140664 52569 23927 105898
is_linear=0
shrinkage=0.05


Tree=42
num_leaves=15
num_cat=0
split_feature=5 0 7 6 6 7 7 0 7 9 7 4 0 6
split_gain=274.727 171.802 156.31 99.4834 65.5844 61.8166 61.2589 52.7619 47.7822 40.618 38.219 38.1896 33.0878 32.2751
threshold=11.500000000000002 98.500000000000014 0.94145840750000009 1.0000000180025095e-35 1.5000000000000002 0.98972433900000012 1.1386926285000003 47.500000000000007 0.87520429700000013 9.5000000000000018 1.0862387605000003 0.55726989480658939 25.500000000000004 1.0000000180025095e-35
decision_type=2 2 2 2 2 2 2 2 2 2 2 10 2 2
left_child=2 3 8 6 10 -3 7 -2 -1 -5 11 12 -4 -7
right_child=1 5 4 9 -6 13 -8 -9 -10 -11 -12 -13 -14 -15
leaf_value=-0.0088094187429885226 -0.00051448357531706237 0.0014848090290236482 -0.0011089918255960591 -0.0029936582755541122 -0.0039509138914872455 0.0090392696024279903 0.0032292515888499409 0.00092001388386144249 -0.0032808047854321317 -0.0007382840154185722 0.00074709727655050684 -0.00045084247902575929 -0.0059570574695201163 0.0047651869020327977
leaf_weight=12120 78834 35073 23590 21081 25759 21225 18859 99439 30955 89459 27734 82180 7681 28983
leaf_count=12120 78834 35073 23590 21081 25759 21225 18859 99439 30955 89459 27734 82180 7681 28983
internal_value=-0.000372983 0.000407264 -0.00183283 -0.00014317 -0.00113987 0.00239298 0.000530088 0.00024337 -0.00451805 -0.0013438 -0.000716499 -0.00112323 -0.00261023 0.00351801
internal_weight=602972 392953 210019 307672 166944 85281 197132 178273 43075 110540 141185 113451 31271 50208
internal_count=602972 392953 210019 307672 166944 85281 197132 178273 43075 110540 141185 113451 31271 50208
is_linear=0
shrinkage=0.05


Tree=43
num_leaves=15
num_cat=0
split_feature=9 7 0 6 4 10 3 9 0 7 4 10 7 6
split_gain=248.731 207.607 118.616 99.6888 74.1877 61.5384 117.599 58.8717 44.2384 42.5142 42.431 38.8094 35.917 34.143
threshold=41.500000000000007 0.94582553550000015 85.500000000000014 1.5000000000000002 0.54856326548529599 1.0000000180025095e-35 -7.0629654849999994 11.500000000000002 107.50000000000001 1.1320399170000002 1.1981049241443051 1.0000000180025095e-35 0.8883733800000001 1.0000000180025095e-35
decision_type=2 2 2 2 8 2 2 2 2 2 10 2 2 2
left_child=1 4 3 5 11 -3 -7 -4 9 -2 -9 -1 -6 -8
right_child=8 2 7 -5 12 6 13 10 -10 -11 -12 -13 -14 -15
leaf_value=-0.00023553846866504192 0.0010954938866499064 -0.00090664725720659425 -0.0012778609272612236 -0.0035162877211156575 -0.0043078234055687501 -0.0018111706615153433 0.0013691845965098039 0.0021390669987887525 0.010435641612319703 0.005367604398332438 0.0083336994458644738 -0.0084724212504740451 -0.0015449437717449 -0.00010904585755683316
leaf_weight=2389 84419 136974 26656 26051 18615 45390 66508 59490 13489 9022 9717 12100 55353 36887
leaf_count=2389 84419 136974 26656 26051 18615 45390 66508 59490 13489 9022 9717 12100 55353 36887
internal_value=-0.000351289 -0.00082271 -0.00034626 -0.000819156 -0.00301839 -0.000549186 0.000154832 0.00119187 0.00183593 0.00144937 0.00196082 -0.00628967 -0.00237722 0.00108619
internal_weight=603060 496130 407673 311810 88457 285759 148785 95863 106930 93441 69207 14489 73968 103395
internal_count=603060 496130 407673 311810 88457 285759 148785 95863 106930 93441 69207 14489 73968 103395
is_linear=0
shrinkage=0.05


Tree=44
num_leaves=15
num_cat=0
split_feature=3 7 9 10 6 0 2 2 3 10 0 2 10 3
split_gain=237.509 193.536 131.863 99.5102 98.5856 64.8886 146.632 61.9887 53.3326 49.5852 41.2675 68.3596 44.9387 43.687
threshold=11.776419737500001 0.91259456300000019 43.500000000000007 1.0000000180025095e-35 1.5000000000000002 84.500000000000014 4.5000000000000009 7.5000000000000009 56.039984777500003 1.0000000180025095e-35 53.500000000000007 1.5000000000000002 1.0000000180025095e-35 -15.742216325999999
decision_type=2 2 2 2 2 2 2 2 2 2 2 2 2 2
left_child=1 9 4 -2 5 6 10 -7 -5 -1 11 12 -3 -14
right_child=3 2 -4 8 -6 7 -8 -9 -10 -11 -12 -13 13 -15
leaf_value=7.0075359926147218e-05 -0.00018151737277768423 -0.00075862057902439386 0.0018627532101397172 0.0032734547116339829 -0.0033213347192946052 0.0019301964191487414 -0.0060145214776532729 -0.0072806057314549937 0.013801922531492995 -0.0048032729446782635 0.00042758826737873679 -0.0019213643423835469 -0.0071117851693405787 0.00052923133423242734
leaf_weight=6741 37135 76540 56066 57700 47843 58250 15552 6262 5529 38918 64339 54290 2190 74947
leaf_count=6741 37135 76540 56066 57700 47843 58250 15552 6262 5529 38918 64339 54290 2190 74947
internal_value=-0.00033932 -0.000783306 -0.000472704 0.00188106 -0.00079085 -0.000501667 -0.000822874 0.000931537 0.00308754 -0.00388681 -0.000553136 -0.000895493 -0.000356662 0.000495029
internal_weight=602302 501938 456279 100364 400213 352370 287858 64512 63229 45659 272306 207967 153677 77137
internal_count=602302 501938 456279 100364 400213 352370 287858 64512 63229 45659 272306 207967 153677 77137
is_linear=0
shrinkage=0.05


Tree=45
num_leaves=15
num_cat=0
split_feature=4 3 9 3 0 10 8 8 0 2 8 8 8 9
split_gain=232.431 163.216 131.515 97.9272 66.0516 59.8604 54.0866 48.2791 48.536 79.0005 43.0631 38.8839 31.4712 27.3826
threshold=0.59979144452847211 29.946231634000004 21.500000000000004 -14.268554733999999 95.500000000000014 1.0000000180025095e-35 1.5770049490000002 1.2916439730000002 113.50000000000001 7.5000000000000009 0.89908105550000006 1.7525661985000003 0.82077886400000011 6.5000000000000009
decision_type=8 2 2 2 2 2 2 2 2 2 2 2 2 2
left_child=3 2 7 5 10 -1 -3 8 9 13 -4 -12 -7 -2
right_child=1 6 4 -5 -6 12 -8 -9 -10 -11 11 -13 -14 -15
leaf_value=-0.0014229358580400227 -0.0022470249558752017 0.0041273533418876322 -0.001632628089363747 -0.0008140519922385514 0.00354884572303997 -0.013476833220738907 0.014093592974415425 0.00040440243801654344 0.0045907219273096022 -0.013327889690457083 0.00026351731206348541 0.0070881505648024094 -0.0061953910928584377 -0.0009144696884478082
leaf_weight=10804 36108 30264 22039 34101 52446 5360 2337 39058 12238 6776 195930 2793 19179 133936
leaf_count=10804 36108 30264 22039 34101 52446 5360 2337 39058 12238 6776 195930 2793 19179 133936
internal_value=-0.000327264 2.66655e-05 -0.000196278 -0.00304828 0.000543715 -0.00489243 0.0034545 -0.00108254 -0.00141315 -0.00162392 0.000164766 0.00039734 -0.00625764 -0.00141283
internal_weight=603369 533925 501324 69444 273208 35343 32601 228116 189058 176820 220762 198723 24539 170044
internal_count=603369 533925 501324 69444 273208 35343 32601 228116 189058 176820 220762 198723 24539 170044
is_linear=0
shrinkage=0.05


Tree=46
num_leaves=15
num_cat=0
split_feature=5 8 0 7 6 8 7 2 0 2 8 0 6 0
split_gain=207.699 145.35 134.44 82.7496 68.8962 49.0781 39.1654 38.4107 59.6911 65.6863 35.5031 30.931 29.1972 28.2926
threshold=12.500000000000002 1.0000014820000003 102.50000000000001 0.87520429700000013 1.0000000180025095e-35 1.4463131295000002 0.96223363100000003 8.5000000000000018 84.500000000000014 4.5000000000000009 1.4367579390000003 55.500000000000007 1.5000000000000002 43.500000000000007
decision_type=2 2 2 2 2 2 2 2 2 2 2 2 2 2
left_child=1 3 4 -1 5 11 -4 8 9 -5 12 -2 -3 -7
right_child=2 10 6 7 -6 13 -8 -9 -10 -11 -12 -13 -14 -15
leaf_value=-0.0082014675641014691 -0.00029766174891384669 -0.00038625637922138912 0.00080429701440637999 -0.0018727830750391084 -0.00095552351403083158 0.00067551304542694821 0.0066393725393387761 -0.019933908470178431 -5.5379937645727574e-05 -0.0076008511842173727 0.0013897404578554042 0.00094101540296391843 -0.0027442634114132614 0.0042706023901689294
leaf_weight=12407 86017 116738 16411 44357 103899 8580 49698 3240 22775 10969 16933 84332 15777 10822
leaf_count=12407 86017 116738 16411 44357 103899 8580 49698 3240 22775 10969 16933 84332 15777 10822
internal_value=-0.000327945 -0.00145661 0.000435042 -0.0029999 -2.35821e-05 0.000543132 0.00247206 -0.00241945 -0.00219781 -0.00308462 -0.000488448 0.000271714 -0.000763941 0.00292549
internal_weight=602955 243196 359759 93748 293650 189751 66109 81341 78101 55326 149448 170349 132515 19402
internal_count=602955 243196 359759 93748 293650 189751 66109 81341 78101 55326 149448 170349 132515 19402
is_linear=0
shrinkage=0.05


Tree=47
num_leaves=15
num_cat=0
split_feature=7 5 0 10 9 2 10 0 2 0 8 8 2 2
split_gain=193.436 160.333 103.659 84.3286 75.13 73.2687 65.7091 63.4276 86.9434 53.9588 47.3246 40.1514 39.2888 34.1337
threshold=1.0232009575000003 8.5000000000000018 49.500000000000007 1.0000000180025095e-35 50.500000000000007 2.5000000000000004 1.0000000180025095e-35 101.50000000000001 5.5000000000000009 111.50000000000001 1.5770049490000002 0.84810404200000011 8.5000000000000018 6.5000000000000009
decision_type=2 2 2 2 2 2 2 2 2 2 2 2 2 2
left_child=1 6 3 -2 7 -5 -1 8 -3 10 13 -8 -9 -4
right_child=2 4 9 5 -6 -7 11 12 -10 -11 -12 -13 -14 -15
leaf_value=-0.00079190626564850936 -0.0015162973648939733 -0.00066426681082497612 0.0013410409618897058 0.0010645447913128715 0.0021375774167776253 -0.0036007656964174408 -0.0085440425277771691 0.0026438324704336491 -0.0063553553083612021 0.014231842779213036 0.0052734032077779549 -0.0032303019245278897 -0.012393938212469506 -0.0049228489499430544
leaf_weight=28804 43988 187138 114812 61417 28859 6791 12198 41993 13346 11916 8583 36516 3088 3975
leaf_count=28804 43988 187138 114812 61417 28859 6791 12198 41993 13346 11916 8583 36516 3088 3975
internal_value=-0.000308984 -0.00106571 0.000750039 -0.000381013 -0.00049849 0.000719804 -0.0030736 -0.000782109 -0.00116316 0.00166109 0.00135996 -0.00419292 0.000912423 0.00110077
internal_weight=603424 351942 251482 112196 274424 68208 77518 245565 200484 139286 127370 48714 45081 118787
internal_count=603424 351942 251482 112196 274424 68208 77518 245565 200484 139286 127370 48714 45081 118787
is_linear=0
shrinkage=0.05


Tree=48
num_leaves=15
num_cat=0
split_feature=4 9 0 3 7 10 7 7 2 8 0 2 8 0
split_gain=186.152 133.822 128.615 89.6693 67.5119 51.7932 44.0121 40.5711 39.3797 38.1621 37.9945 56.4452 33.5137 30.9719
threshold=0.59979144452847211 14.500000000000002 110.50000000000001 -16.002827980499998 1.0613606390000003 1.0000000180025095e-35 0.8883733800000001 1.0877039180000001 6.5000000000000009 1.7525661985000003 83.500000000000014 4.5000000000000009 0.82077886400000011 115.50000000000001
decision_type=8 2 2 2 2 2 2 2 2 2 2 2 2 2
left_child=3 7 4 5 6 -1 -3 13 10 -6 11 -8 -7 -2
right_child=1 2 -4 -5 9 12 8 -9 -10 -11 -12 -13 -14 -15
leaf_value=-0.0011547164368116425 -0.0015520735223381545 -0.0029127613822214405 0.010193719775478503 -0.00078217403390018481 0.0011790980280340091 -0.012280993762445507 -7.6479609509960689e-05 0.00046832301278643964 -0.0051546810913516211 0.0066284232416626348 0.0014102450589439904 -0.0044798305659002257 -0.0057671427744827421 0.0052915276505935641
leaf_weight=9783 117308 12957 26052 36533 92818 5186 168873 25192 7129 4094 64410 7488 17972 7257
leaf_count=9783 117308 12957 26052 36533 92818 5186 168873 25192 7129 4094 64410 7488 17972 7257
internal_value=-0.000307765 9.23005e-06 0.000503842 -0.0027422 0.000256831 -0.00463372 -0.000161819 -0.00125841 -1.33116e-05 0.00138366 9.51611e-05 -0.000284423 -0.00592216 -0.0016285
internal_weight=603052 533578 383821 69474 357769 32941 260857 149757 247900 96912 240771 176361 23158 124565
internal_count=603052 533578 383821 69474 357769 32941 260857 149757 247900 96912 240771 176361 23158 124565
is_linear=0
shrinkage=0.05


Tree=49
num_leaves=15
num_cat=0
split_feature=3 7 6 3 0 2 2 0 0 2 8 8 0 0
split_gain=183.576 134.818 94.8127 78.7509 55.6604 120.775 46.4716 45.3915 43.7422 64.6202 42.8648 42.6882 40.2147 37.7094
threshold=0.29053297700000008 0.87520429700000013 1.5000000000000002 29.946231634000004 90.500000000000014 4.5000000000000009 7.5000000000000009 44.500000000000007 59.500000000000007 1.5000000000000002 1.4844300455000001 1.5770049490000002 72.500000000000014 102.50000000000001
decision_type=2 2 2 2 2 2 2 2 2 2 2 2 2 2
left_child=1 -1 4 7 5 8 -6 -2 9 10 -3 -5 -7 -4
right_child=3 2 13 11 6 12 -8 -9 -10 -11 -12 -13 -14 -15
leaf_value=-0.0057031196731732407 -0.00039163879587978404 -0.00030332742365510871 -0.0037736243039608684 0.0037617553091046866 0.0021151383506034073 -0.0082088052323136818 -0.005693598640274653 0.0011727976778717509 0.00054062198602162776 -0.0017446260187519381 0.0024446151753978354 0.012272338548407863 -0.0031468605488405525 -0.0007745457597155309
leaf_weight=17925 75194 104491 32166 30019 51121 7918 6802 115389 64360 59918 8913 2307 14927 11374
leaf_count=17925 75194 104491 32166 30019 51121 7918 6802 115389 64360 59918 8913 2307 14927 11374
internal_value=-0.000317752 -0.000986096 -0.000776461 0.000821337 -0.000477226 -0.000788915 0.000924639 0.000434248 -0.000455115 -0.000868445 -0.000166653 0.00310306 -0.00426094 -0.00296475
internal_weight=602824 379915 361990 222909 318450 260527 57923 190583 237682 173322 113404 32326 22845 43540
internal_count=602824 379915 361990 222909 318450 260527 57923 190583 237682 173322 113404 32326 22845 43540
is_linear=0
shrinkage=0.05


Tree=50
num_leaves=15
num_cat=0
split_feature=4 9 1 2 4 7 10 8 7 1 8 8 2 1
split_gain=171.207 120.468 105.914 77.8126 68.4108 54.2307 48.4499 48.6564 39.5089 39.3214 32.0036 30.475 29.2674 32.8587
threshold=0.58676737221438902 16.500000000000004 9.5000000000000018 1.0000000180025095e-35 1.7559396117576409 0.98915812700000016 1.0000000180025095e-35 0.82077886400000011 1.0409846835000003 70.500000000000014 1.5770049490000002 0.90186821300000009 8.5000000000000018 7.5000000000000009
decision_type=8 2 2 2 10 2 2 2 2 2 2 2 2 2
left_child=3 8 -3 -1 5 11 -5 -8 12 10 -7 -4 13 -2
right_child=1 2 4 6 -6 9 7 -9 -10 -11 -12 -13 -14 -15
leaf_value=-0.0001759246583281582 0.0035830763044328862 0.0098100283823347942 -0.0018381008952165047 -0.0010885006921277751 0.01166288575401579 0.0010118432413700668 -0.011609032955911308 -0.0043885805875264073 2.282698835082142e-05 -0.00021213459993086882 0.0046680562007184656 -0.00010855333311620141 -0.018820252602911272 -0.0014095740956669045
leaf_weight=21504 10141 24292 31352 14171 2527 138098 5507 23656 57877 69017 7802 87850 3561 105999
leaf_count=21504 10141 24292 31352 14171 2527 138098 5507 23656 57877 69017 7802 87850 3561 105999
internal_value=-0.000278151 1.41127e-05 0.000538658 -0.00270538 0.000308554 0.000246503 -0.00392545 -0.00509077 -0.00105204 0.000720901 0.00118605 -0.000608815 -0.00157062 -0.00143355
internal_weight=603354 538516 360938 64838 336646 334119 43334 29163 177578 214917 145900 119202 119701 116140
internal_count=603354 538516 360938 64838 336646 334119 43334 29163 177578 214917 145900 119202 119701 116140
is_linear=0
shrinkage=0.05


Tree=51
num_leaves=15
num_cat=0
split_feature=4 0 6 2 3 2 0 8 0 2 0 5 2 2
split_gain=164.543 108.755 104.373 73.7877 63.1661 60.1354 45.8879 44.6077 44.4373 75.0467 36.5189 35.7393 32.7069 30.6378
threshold=0.61872581465654808 113.50000000000001 1.0000000180025095e-35 2.5000000000000004 31.171277678000003 7.5000000000000009 69.500000000000014 0.87496105300000016 82.500000000000014 3.5000000000000004 47.500000000000007 9.5000000000000018 6.5000000000000009 3.5000000000000004
decision_type=8 2 2 2 2 2 2 2 2 2 2 2 2 2
left_child=3 2 4 7 6 8 13 -1 9 10 -4 -5 -8 -2
right_child=1 -3 5 11 -6 -7 12 -9 -10 -11 -12 -13 -14 -15
leaf_value=-0.0044803770108188317 8.8698697412237241e-06 0.0098892995146103307 -0.0011570851750209721 -0.0064048662068226488 0.0046027440361770117 -0.010231250342089972 0.0015674157628788766 -0.00047409440308670561 0.00022126458995955223 -0.0033233072532881216 0.00033604088501469902 -0.0022230111863920515 -0.0054638495117793704 -0.00324130994801867
leaf_weight=5091 173905 27630 62516 19334 13222 7375 83661 42438 75762 29873 42122 9784 3648 6610
leaf_count=5091 173905 27630 62516 19334 13222 7375 83661 42438 75762 29873 42122 9784 3648 6610
internal_value=-0.000279012 3.61941e-05 -0.000132996 -0.00244335 0.000503556 -0.00095496 0.000336969 -0.00122886 -0.00079924 -0.00134473 -0.000713617 -0.0044252 0.001278 -0.0001182
internal_weight=602971 526324 498694 76647 281046 217648 267824 47529 210273 134511 104638 29118 87309 180515
internal_count=602971 526324 498694 76647 281046 217648 267824 47529 210273 134511 104638 29118 87309 180515
is_linear=0
shrinkage=0.05


Tree=52
num_leaves=15
num_cat=0
split_feature=7 0 6 7 4 9 9 7 0 3 4 4 4 0
split_gain=149.836 130.616 134.834 67.0024 50.9227 47.3667 32.9347 31.0268 32.0015 29.2692 28.936 28.7852 26.0948 22.7565
threshold=0.8883733800000001 105.50000000000001 1.5000000000000002 1.0613606390000003 0.52171636167940372 6.5000000000000009 41.500000000000007 1.2144204880000002 52.500000000000007 -18.005878744499999 1.2372004815871394 0.46327232735359331 0.62408947441795404 115.50000000000001
decision_type=2 2 2 2 10 2 2 2 2 2 10 8 10 2
left_child=11 2 3 4 9 -3 -6 8 -5 -2 13 -1 -4 -7
right_child=1 5 12 7 6 10 -8 -9 -10 -11 -12 -13 -14 -15
leaf_value=-0.0092232820304205196 -0.0054544383315098827 -0.0027893949378267782 -0.0051909720278034647 -0.00015079476917170267 -0.00043471097777527946 0.0028729680250198842 0.00071730006798507724 0.0034481293001077471 0.0015658231896468423 -0.00092671004724768913 0.011751902045954422 -0.0032020870995259549 -0.002439547370124623 0.015348237190903537
leaf_weight=4192 8964 9374 8313 60675 242682 35375 61039 14172 54382 22052 8037 24178 37411 12099
leaf_count=4192 8964 9374 8313 60675 242682 35375 61039 14172 54382 22052 8037 24178 37411 12099
internal_value=-0.000277822 -0.000102662 -0.000371644 -0.000116333 -0.000489668 0.00201013 -0.000292575 0.000850686 0.00057871 -0.00241933 0.00256525 -0.00382467 -0.00296202 0.00209514
internal_weight=602945 574575 509690 463966 334737 64885 303721 129229 115057 31016 55511 28370 45724 47474
internal_count=602945 574575 509690 463966 334737 64885 303721 129229 115057 31016 55511 28370 45724 47474
is_linear=0
shrinkage=0.05


Tree=53
num_leaves=15
num_cat=0
split_feature=4 9 0 2 2 4 7 0 2 0 10 2 7 10
split_gain=138.658 105.586 105.014 82.3103 69.0146 54.5014 47.2003 39.3787 36.2671 55.4811 30.7261 27.384 25.9212 26.081
threshold=0.56527491728018264 10.500000000000002 105.50000000000001 2.5000000000000004 6.5000000000000009 1.7559396117576409 1.0232009575000003 47.500000000000007 3.5000000000000004 72.500000000000014 1.0000000180025095e-35 8.5000000000000018 1.0307180920000003 1.0000000180025095e-35
decision_type=8 2 2 2 2 8 2 2 2 2 2 2 2 2
left_child=3 11 4 12 5 6 8 10 -3 -10 -8 -2 13 -1
right_child=1 2 -4 -5 -6 -7 7 -9 9 -11 -12 -13 -14 -15
leaf_value=-0.00020518415108336518 -0.0011478545211863701 -9.0965465576714484e-06 0.0055885878375332518 -0.0061588132193385325 -0.0057505220324299061 0.0084689285998037819 -0.0011804525543725132 0.001337891373539013 -0.0040297419285433515 -0.00060987097083779751 0.00054841082875790599 -0.019243128328738913 0.00035865324265386966 -0.0030767796147621266
leaf_weight=10735 99891 158914 49700 18777 8577 3063 25227 106073 13811 38822 38437 2767 13538 14717
leaf_count=10735 99891 158914 49700 18777 8577 3063 25227 106073 13811 38822 38437 2767 13538 14717
internal_value=-0.000244443 2.33822e-06 0.000337416 -0.00257369 6.34975e-05 0.000162514 0.000109104 0.000730152 -0.000389207 -0.0015267 -0.00025287 -0.00144234 -0.00126362 -0.00220372
internal_weight=603049 545282 442624 57767 392924 384347 381284 169737 211547 52633 63664 102658 38990 25452
internal_count=603049 545282 442624 57767 392924 384347 381284 169737 211547 52633 63664 102658 38990 25452
is_linear=0
shrinkage=0.05


Tree=54
num_leaves=15
num_cat=0
split_feature=7 0 2 0 2 10 4 7 4 0 2 2 0 10
split_gain=134.148 95.7695 103.557 79.6635 120.676 68.5751 63.0265 49.2253 43.8188 39.7224 41.907 39.3822 57.6426 42.1444
threshold=0.93545507400000016 113.50000000000001 6.5000000000000009 74.500000000000014 4.5000000000000009 1.0000000180025095e-35 0.44876600389090643 1.2144204880000002 1.1049497614408679 86.500000000000014 8.5000000000000018 2.5000000000000004 47.500000000000007 1.0000000180025095e-35
decision_type=2 2 2 2 2 2 8 2 10 2 2 2 2 2
left_child=5 2 3 4 7 -1 -7 11 -8 -4 -11 13 -13 -2
right_child=1 -3 9 -5 -6 6 8 -9 -10 10 -12 12 -14 -15
leaf_value=0.00028091115987262106 -0.00044046425665205118 0.0098762620256122174 -0.013645189165796946 0.0012244990647490739 -0.0059714969413981554 -0.0076653005603283175 -0.0030378519361280668 0.0030784501694693157 0.0012038091578300048 -0.0026415882646786629 -0.019016022780590648 -0.0033668478807982352 -0.00036405471694818116 0.00051081672475022932
leaf_weight=21669 124081 23642 3279 148785 10736 6311 46894 11365 8293 14435 2433 18418 43465 118969
leaf_count=21669 124081 23642 3279 148785 10736 6311 46894 11365 8293 14435 2433 18418 43465 118969
internal_value=-0.00023655 6.1873e-05 -8.63458e-05 6.23392e-05 -0.000374038 -0.00210092 -0.00295311 -0.000197042 -0.00241135 -0.00359704 -0.00261661 -0.000317483 -0.00144354 -3.07544e-05
internal_weight=602775 519608 495966 475819 327034 83167 61498 316298 55187 20147 16868 304933 61883 243050
internal_count=602775 519608 495966 475819 327034 83167 61498 316298 55187 20147 16868 304933 61883 243050
is_linear=0
shrinkage=0.05


Tree=55
num_leaves=15
num_cat=0
split_feature=8 4 0 6 7 8 0 10 4 0 9 8 8 7
split_gain=128.193 92.9978 84.3153 61.5114 49.4167 40.0439 39.782 38.4591 41.6551 34.7738 29.838 29.3189 34.2874 39.7694
threshold=0.94126630700000014 0.55726989480658939 86.500000000000014 1.0000000180025095e-35 0.87520429700000013 1.3031105590000003 113.50000000000001 1.0000000180025095e-35 0.99412622977601239 20.500000000000004 32.500000000000007 1.0764179985000002 1.1085222945000002 0.95726174300000011
decision_type=2 8 2 2 2 2 2 2 8 2 2 2 2 2
left_child=1 -1 3 7 -3 -4 10 11 9 -9 -6 -2 -13 -14
right_child=2 4 5 -5 6 -7 -8 8 -10 -11 -12 12 13 -15
leaf_value=-0.0052589727121950709 0.00063892740671742674 -0.0043330000928039876 0.001523793344732377 -0.00083007418238694179 -0.0016512243953378137 0.005207660976794596 0.0057360111008742058 0.0013007360049471645 0.0016883175766335551 -0.00072390453819961848 0.00047340753353037891 -0.0025638708790910961 0.0018578582439803676 -0.00059683448419456386
leaf_weight=16595 32077 13140 86026 138687 72199 16430 12863 19020 56322 40102 22593 9399 5988 61351
leaf_count=16595 32077 13140 86026 138687 72199 16430 12863 19020 56322 40102 22593 9399 5988 61351
internal_value=-0.000232499 -0.00157448 0.000163674 -0.000193897 -0.0010922 0.0014303 -0.000738784 0.000317985 0.000953668 2.66376e-05 -0.00109286 -0.000356437 -0.000887052 -0.000492063
internal_weight=602792 137390 465402 362946 120795 102456 107655 224259 115444 59122 94792 108815 76738 67339
internal_count=602792 137390 465402 362946 120795 102456 107655 224259 115444 59122 94792 108815 76738 67339
is_linear=0
shrinkage=0.05


Tree=56
num_leaves=15
num_cat=0
split_feature=6 4 0 8 0 2 10 8 8 2 0 6 2 4
split_gain=114.032 82.6233 72.5383 50.9404 47.6223 67.119 40.6776 34.9479 33.8513 30.7911 31.2823 28.4035 23.0928 20.2145
threshold=1.0000000180025095e-35 0.55726989480658939 97.500000000000014 1.2416617960000003 110.50000000000001 7.5000000000000009 1.0000000180025095e-35 0.78480807600000013 1.2207453180000003 4.5000000000000009 67.500000000000014 1.5000000000000002 2.5000000000000004 1.2372004815871394
decision_type=2 10 2 2 2 2 2 2 2 2 2 2 2 10
left_child=2 7 3 9 5 11 -5 -2 13 10 -1 -3 -9 -4
right_child=1 4 8 6 -6 -7 -8 12 -10 -11 -12 -13 -14 -15
leaf_value=-0.00037286849448428527 -0.012398294798093318 -0.00047064847668712998 0.0020723404736859409 -0.00010724544892521949 0.0030363770423319728 -0.010332330955213598 0.001701286503617272 -0.0010918867116230663 0.0088192141151586575 -0.0028679202999334244 0.0010243406662895139 -0.0020110957983928146 -0.0050983996628928109 0.0094261833932115409
leaf_weight=140956 2853 168557 26903 36028 29393 6573 54849 13266 8649 13844 44443 43937 9656 3449
leaf_count=140956 2853 168557 26903 36028 29393 6573 54849 13266 8649 13844 44443 43937 9656 3449
internal_value=-0.000229465 -0.000982488 0.000397986 0.000125808 -0.000702916 -0.000956478 0.00110679 -0.00367678 0.00242238 -0.000321647 -0.000151763 -0.000802474 -0.00302591 0.00163554
internal_weight=603356 274235 329121 290120 248460 219067 90877 25775 39001 199243 185399 212494 22922 30352
internal_count=603356 274235 329121 290120 248460 219067 90877 25775 39001 199243 185399 212494 22922 30352
is_linear=0
shrinkage=0.05


Tree=57
num_leaves=15
num_cat=0
split_feature=7 0 2 4 2 7 8 0 2 0 2 7 3 2
split_gain=112.57 80.8994 96.668 64.8744 52.6057 46.3895 40.258 39.0286 69.7852 37.0365 29.3709 28.4471 26.0967 25.5407
threshold=0.94458603100000016 99.500000000000014 5.5000000000000009 0.44876600389090643 7.5000000000000009 1.1386926285000003 1.2446306440000001 49.500000000000007 2.5000000000000004 83.500000000000014 1.0000000180025095e-35 0.95642187500000009 -23.268207444499996 3.5000000000000004
decision_type=2 2 2 8 2 2 2 2 2 2 2 2 2 2
left_child=3 2 5 12 -3 7 -5 8 10 -4 11 -2 -1 -9
right_child=1 4 9 6 -6 -7 -8 13 -10 -11 -12 -13 -14 -15
leaf_value=-0.0096319040339647236 0.0022269994618268618 0.003673500988474332 -0.0074372908694505637 -0.0014648158844212224 -0.0042353203492191986 0.0015265119003461947 0.0027700361316885776 0.00066657367378311627 -0.0031418764357523223 -0.0025316213120614496 -0.00072754940677315647 5.4612987874602675e-05 -0.0027488536147168563 -0.0005359954447966053
leaf_weight=3464 4111 70497 7103 89954 9764 42488 3474 114243 19552 11673 91172 74283 4723 56667
leaf_count=3464 4111 70497 7103 89954 9764 42488 3474 114243 19552 11673 91172 74283 4723 56667
internal_value=-0.00023252 7.49415e-05 -0.000202233 -0.00175002 0.00152976 -3.86315e-05 -0.00137585 -0.000223035 -0.000717919 -0.00370854 -0.000391724 0.000317925 -0.00601654 0.000324577
internal_weight=603168 501553 421292 101615 80261 402516 93428 360028 189118 18776 169566 78394 8187 170910
internal_count=603168 501553 421292 101615 80261 402516 93428 360028 189118 18776 169566 78394 8187 170910
is_linear=0
shrinkage=0.05


Tree=58
num_leaves=15
num_cat=0
split_feature=6 0 2 0 2 0 8 4 4 2 2 8 2 2
split_gain=104.321 97.4272 109.639 53.0686 57.5318 47.7985 38.5163 35.2718 34.1892 27.357 26.5887 25.1191 25.0464 23.9615
threshold=1.5000000000000002 94.500000000000014 4.5000000000000009 49.500000000000007 1.5000000000000002 76.500000000000014 0.9216056210000001 0.62986443340062215 1.2372004815871394 7.5000000000000009 2.5000000000000004 1.5951425160000003 6.5000000000000009 3.5000000000000004
decision_type=2 2 2 2 2 2 2 10 10 2 2 2 2 2
left_child=1 2 3 4 6 -4 -1 -2 9 -3 11 -5 -7 -6
right_child=7 8 5 10 13 12 -8 -9 -10 -11 -12 -13 -14 -15
leaf_value=-0.0017965446948397413 -0.0045817615073657034 0.0023062008209910889 -0.005747883774567919 0.0009092767488169673 -0.0012361032376791538 -0.00088514942560468106 9.1211296424259519e-05 -0.0019213709358998467 0.0072664337071476183 -0.0036437087899799936 -1.9409050415697405e-06 0.0049982936506395405 -0.0072176286104427174 -0.0049061473693284511
leaf_weight=19849 10554 75713 11894 80385 49443 17112 161527 56804 12355 7425 88059 4104 3709 4268
leaf_count=19849 10554 75713 11894 80385 49443 17112 161527 56804 12355 7425 88059 4104 3709 4268
internal_value=-0.000205589 2.75498e-05 -0.000286417 -6.28925e-05 -0.000551646 -0.00307113 -0.000125978 -0.00206011 0.00147529 0.00111044 0.000603003 0.00123663 -0.00162597 -0.00198893
internal_weight=603201 535843 440350 407635 235087 32715 181376 67358 95493 83138 172548 84489 20821 53711
internal_count=603201 535843 440350 407635 235087 32715 181376 67358 95493 83138 172548 84489 20821 53711
is_linear=0
shrinkage=0.05


Tree=59
num_leaves=15
num_cat=0
split_feature=7 0 9 4 4 3 8 8 9 0 8 10 10 9
split_gain=102.738 83.3871 73.4156 56.242 49.0861 41.4893 38.551 32.1243 26.1276 25.5563 23.8383 22.494 22.0735 20.6909
threshold=0.87520429700000013 114.50000000000001 12.500000000000002 0.53145254009383858 1.7559396117576409 -9.1707423944999977 0.94346757600000009 1.4463131295000002 52.500000000000007 83.500000000000014 1.4204552660000003 1.0000000180025095e-35 1.0000000180025095e-35 14.500000000000002
decision_type=2 2 2 10 10 2 2 2 2 2 2 2 2 2
left_child=6 2 5 11 7 12 -1 9 -9 10 -5 -4 -2 -3
right_child=1 13 3 4 -6 -7 -8 8 -10 -11 -12 -13 -14 -15
leaf_value=-0.0050541324996316028 -0.0009836261731775793 0.00333722339861936 -3.6070527899684238e-05 -0.00010779480871321024 0.0092088406964420614 -0.0005064286420094821 0.00091602222670466313 0.00098511003144760036 0.0052957646647475154 0.00093346486412744793 -0.0026674714567736513 -0.0047839472488204419 -0.0038814317711462158 0.01480487203735666
leaf_weight=17905 18014 9139 4434 245140 2955 108813 3688 28281 4818 110911 4033 9434 22005 13579
leaf_count=17905 18014 9139 4434 245140 2955 108813 3688 28281 4818 110911 4033 9434 22005 13579
internal_value=-0.000198063 -7.23054e-05 -0.000193033 0.000152252 0.000261837 -0.0011442 -0.00358424 0.000213543 0.0017041 7.65089e-05 -0.000204522 -0.00297701 -0.00252068 0.00289684
internal_weight=603149 581556 558838 410006 396138 148832 21593 393183 33099 360084 249173 13868 40019 22718
internal_count=603149 581556 558838 410006 396138 148832 21593 393183 33099 360084 249173 13868 40019 22718
is_linear=0
shrinkage=0.05


Tree=60
num_leaves=15
num_cat=0
split_feature=6 0 2 0 2 0 8 10 0 2 0 2 2 2
split_gain=88.4435 78.3108 103.195 45.4553 54.1794 44.0188 34.1876 34.8237 32.7318 41.5436 32.5716 35.5611 27.9458 25.4622
threshold=1.5000000000000002 94.500000000000014 4.5000000000000009 47.500000000000007 1.5000000000000002 74.500000000000014 0.9216056210000001 1.0000000180025095e-35 101.50000000000001 6.5000000000000009 115.50000000000001 7.5000000000000009 2.5000000000000004 5.5000000000000009
decision_type=2 2 2 2 2 2 2 2 2 2 2 2 2 2
left_child=1 2 3 4 6 -4 -1 -8 9 -2 11 -3 -5 -7
right_child=8 10 5 12 -6 13 7 -9 -10 -11 -12 -13 -14 -15
leaf_value=-0.0016842375098273217 -0.0019939544841637291 0.0018290918417567027 -0.0058898394436708024 0.00098890452430403799 -0.0015562308900053945 -0.00019131123442109739 -0.00040949497066815614 0.00061643047328945879 -0.0006395693701461481 -0.010579913991102552 0.014932268224689908 -0.0052430738637423762 -9.9296680399818538e-05 -0.0044183591606776207
leaf_weight=19604 40169 77161 10391 90526 48433 12262 76452 82078 22107 5209 12350 5735 90449 9885
leaf_count=19604 40169 77161 10391 90526 48433 12262 76452 82078 22107 5209 12350 5735 90449 9885
internal_value=-0.000233301 -1.82597e-05 -0.000299601 -8.32419e-05 -0.000555177 -0.0030091 -0.000151988 9.16201e-05 -0.00193899 -0.00270751 0.00128161 0.000924597 0.000507584 -0.00174871
internal_weight=602811 535326 440080 407542 226567 32538 178134 158530 67485 45378 95246 82896 180975 22147
internal_count=602811 535326 440080 407542 226567 32538 178134 158530 67485 45378 95246 82896 180975 22147
is_linear=0
shrinkage=0.05


Tree=61
num_leaves=15
num_cat=0
split_feature=7 0 2 0 0 2 2 7 8 0 8 2 0 2
split_gain=92.202 72.3681 98.5683 76.997 69.0767 95.9123 54.1329 42.8443 32.4196 28.1399 27.527 25.0669 27.3815 26.4654
threshold=0.87520429700000013 113.50000000000001 5.5000000000000009 83.500000000000014 67.500000000000014 3.5000000000000004 8.5000000000000018 1.2144204880000002 0.94346757600000009 50.500000000000007 1.5770049490000002 2.5000000000000004 43.500000000000007 1.0000000180025095e-35
decision_type=2 2 2 2 2 2 2 2 2 2 2 2 2 2
left_child=8 2 4 -4 5 7 -5 11 -1 -7 -6 12 13 -2
right_child=1 -3 3 6 10 9 -8 -9 -10 -11 -12 -13 -14 -15
leaf_value=-0.0047717124609851225 0.00010821661745944456 0.0077994608115822713 -0.0073741643558538714 -0.0012577663820800195 0.00077544406804205552 -0.0051198299957711801 -0.01690454343903856 0.0029217373348318478 0.00082490241673914837 -0.0022872969328024879 0.0060123626253986429 -0.001207403606025509 0.00061697518255210979 -0.00071192593569173739
leaf_weight=17918 94045 27291 9767 38148 168490 8219 3267 10094 3642 15566 5543 38375 65462 96921
leaf_count=17918 94045 27291 9767 38148 168490 8219 3267 10094 3642 15566 5543 38375 65462 96921
internal_value=-0.000204893 -8.57719e-05 -0.000209626 -0.0022999 3.20755e-06 -0.000423275 -0.00135774 -0.00018469 -0.00341526 -0.00348098 0.00080866 -0.000294387 -0.000116015 -0.000418519
internal_weight=602748 581188 553897 51182 502715 328682 41415 304897 21560 23785 174033 294803 256428 190966
internal_count=602748 581188 553897 51182 502715 328682 41415 304897 21560 23785 174033 294803 256428 190966
is_linear=0
shrinkage=0.05


Tree=62
num_leaves=15
num_cat=0
split_feature=6 0 8 4 3 8 4 8 0 2 10 3 3 8
split_gain=82.1074 69.7584 64.2446 44.4653 43.5553 34.1614 30.5257 26.3798 22.9118 51.6806 28.3118 35.5502 34.2329 28.2008
threshold=1.5000000000000002 112.50000000000001 0.94126630700000014 0.53145254009383858 50.823389254000006 1.7525661985000003 0.75761927145540875 1.3031105590000003 70.500000000000014 3.5000000000000004 1.0000000180025095e-35 -13.795408341999998 -12.467378555999998 1.0847799575000001
decision_type=2 2 2 8 2 2 10 2 2 2 2 2 2 2
left_child=1 2 3 -1 5 8 -2 -6 9 10 12 -12 13 -4
right_child=6 -3 4 -5 7 -7 -8 -9 -10 -11 11 -13 -14 -15
leaf_value=-0.0040371019246575662 -0.0035493980190035913 0.0080807932832314081 0.0024026538859175163 -0.00079339520547064279 0.0018965156672168665 0.0041136292033639782 -0.0014148062798235662 0.011767957437075222 0.00072507764551878748 -0.0026783631512036499 -0.001555976726920061 0.00063694075320883678 -0.00058851236694035529 -6.3459516801422922e-05
leaf_weight=11391 19697 22924 7577 88354 3144 6127 47517 2422 124782 16323 15103 117466 107490 12717
leaf_count=11391 19697 22924 7577 88354 3144 6127 47517 2422 124782 16323 15103 117466 107490 12717
internal_value=-0.000170346 3.62992e-05 -8.43243e-05 -0.00122318 0.000190636 0.000130615 -0.00181757 0.00458176 7.40417e-05 -0.000179629 -8.49791e-06 0.000503398 -0.000539561 0.00134366
internal_weight=603034 535820 512896 99745 413151 407585 67214 5566 401458 276676 260353 132569 127784 20294
internal_count=603034 535820 512896 99745 413151 407585 67214 5566 401458 276676 260353 132569 127784 20294
is_linear=0
shrinkage=0.05


Tree=63
num_leaves=15
num_cat=0
split_feature=7 6 9 0 0 2 7 7 4 4 2 0 0 2
split_gain=89.3405 67.4622 48.9893 47.8699 40.6703 36.7812 27.0227 23.1691 18.9066 18.5926 17.8101 22.3476 18.9586 17.2372
threshold=0.84552124650000016 1.0000000180025095e-35 8.5000000000000018 99.500000000000014 108.50000000000001 7.5000000000000009 1.1386926285000003 0.96869012900000018 0.44876600389090643 1.2372004815871394 4.5000000000000009 62.500000000000007 75.500000000000014 1.0000000180025095e-35
decision_type=2 2 2 2 2 2 2 2 8 10 2 2 2 2
left_child=8 3 -3 6 5 7 10 -4 -1 -5 11 13 -12 -2
right_child=1 2 4 9 -6 -7 -8 -9 -10 -11 12 -13 -14 -15
leaf_value=-0.0096350045530081922 0.00018038093706982395 -0.0019089547472558423 -0.0012025178498832946 0.0030252734981468634 0.0037837718232662577 -0.0077392301343366839 0.001495736176024598 -0.00012177271932117817 -0.0038383501239163454 0.0098552943133687551 -0.0048534474338747143 0.00083477289221509099 -0.00081608562637955915 -0.00054499020432101093
leaf_weight=2205 94879 61845 45301 28766 24613 4085 26933 131981 9531 5316 3634 73054 11350 79726
leaf_count=2205 94879 61845 45301 28766 24613 4085 26933 131981 9531 5316 3634 73054 11350 79726
internal_value=-0.000182416 -9.66841e-05 -0.000683689 0.000389062 -0.00031313 -0.00057196 0.000180433 -0.000463796 -0.00450132 0.00216138 2.57474e-05 0.000127037 -0.00164788 -0.000180187
internal_weight=603219 591483 267825 323658 205980 181367 289576 177282 11736 34082 262643 247659 14984 174605
internal_count=603219 591483 267825 323658 205980 181367 289576 177282 11736 34082 262643 247659 14984 174605
is_linear=0
shrinkage=0.05


Tree=64
num_leaves=15
num_cat=0
split_feature=7 6 0 2 0 0 2 8 4 2 0 2 0 8
split_gain=78.7679 62.1696 60.7973 66.5791 52.6415 41.537 45.7339 25.383 23.8433 23.021 22.7702 42.5496 20.8341 19.7963
threshold=0.84552124650000016 1.5000000000000002 102.50000000000001 4.5000000000000009 73.500000000000014 45.500000000000007 1.5000000000000002 1.7525661985000003 1.3985899938134705 6.5000000000000009 100.50000000000001 6.5000000000000009 116.50000000000001 1.2883523065000004
decision_type=2 2 2 2 2 2 2 2 10 2 2 2 2 2
left_child=-1 2 3 5 -5 6 13 -7 12 -6 11 -3 -4 -2
right_child=1 10 8 4 9 7 -8 -9 -10 -11 -12 -13 -14 -15
leaf_value=-0.0048776119197000978 -0.00024309231305667535 -0.0014928743485607965 0.0017797293741868003 -0.0051173662316046954 -0.00046171883285161809 0.00048742365599736549 -0.0014459902273980974 0.0067439633014329042 0.013992524834099785 -0.0046657297980198685 -0.00042309724645642758 -0.0097578227655661272 0.016153266952821634 0.00058920600322844854
leaf_weight=11865 123055 38094 49475 9390 28996 204253 41597 2703 2789 7277 22613 4727 8444 48008
leaf_count=11865 123055 38094 49475 9390 28996 204253 41597 2703 2789 7277 22613 4727 8444 48008
internal_value=-0.000163727 -8.27872e-05 9.80291e-05 -9.6151e-05 -0.00190916 0.000101163 -0.00038958 0.000605428 0.00158615 -0.00104505 -0.00153616 -0.0022139 0.00136839 -2.79859e-05
internal_weight=603286 591421 525987 465279 45663 419616 212660 206956 60708 36273 65434 42821 57919 171063
internal_count=603286 591421 525987 465279 45663 419616 212660 206956 60708 36273 65434 42821 57919 171063
is_linear=0
shrinkage=0.05


Tree=65
num_leaves=15
num_cat=0
split_feature=7 4 0 2 0 10 2 8 3 8 3 3 0 2
split_gain=81.7513 72.0581 51.033 45.4713 69.44 39.967 38.6222 35.6737 31.6368 29.0771 28.566 26.4169 24.5861 25.0969
threshold=1.0061499750000003 0.52171636167940372 104.50000000000001 3.5000000000000004 72.500000000000014 1.0000000180025095e-35 8.5000000000000018 1.7525661985000003 32.516559894000004 0.97028689900000009 -18.005878744499999 -52.929285765999992 116.50000000000001 5.5000000000000009
decision_type=2 8 2 2 2 2 2 2 2 2 2 2 2 2
left_child=1 5 7 8 -5 -1 11 -2 9 -3 -7 -6 13 -13
right_child=2 3 -4 4 6 10 -8 -9 -10 -11 -12 12 -14 -15
leaf_value=-0.00018963438473582617 7.5357325528577215e-05 -0.00086684322127621454 0.0052194454161441362 -0.0038999526252145923 0.0050810230578451467 -0.0072034504442897388 -0.014445956219279882 0.0041679903847233746 0.0052655919884658092 0.0002373694348815042 -0.0019229559878887943 -9.6054552228230794e-05 0.0096194565556072739 -0.0028428652307797872
leaf_weight=8505 269014 51325 31004 17486 2281 10657 4736 6369 4390 111506 8728 39461 6714 31431
leaf_count=8505 269014 51325 31004 17486 2281 10657 4736 6369 4390 111506 8728 39461 6714 31431
internal_value=-0.000172607 -0.000763395 0.000400508 -0.000512837 -0.00134421 -0.00318247 -0.000751377 0.000183968 -5.15769e-06 -0.00011814 -0.00443592 -0.000491132 -0.000647138 -0.000921054
internal_weight=603607 297220 306387 269330 102109 27890 84623 275383 167221 162831 19385 79887 77606 70892
internal_count=603607 297220 306387 269330 102109 27890 84623 275383 167221 162831 19385 79887 77606 70892
is_linear=0
shrinkage=0.05


Tree=66
num_leaves=15
num_cat=0
split_feature=8 4 3 0 2 10 3 2 2 0 2 6 10 0
split_gain=70.1085 58.8991 46.066 34.1507 73.3785 37.4243 39.9014 34.4739 31.3918 31.5357 29.8346 25.6691 23.7249 23.1654
threshold=0.94126630700000014 0.53145254009383858 50.823389254000006 67.500000000000014 2.5000000000000004 1.0000000180025095e-35 -10.839879563999999 4.5000000000000009 8.5000000000000018 83.500000000000014 5.5000000000000009 1.0000000180025095e-35 1.0000000180025095e-35 39.500000000000007
decision_type=2 8 2 2 2 2 2 2 2 2 2 2 2 2
left_child=1 12 3 4 5 6 -2 13 9 10 -3 -5 -1 -6
right_child=2 8 -4 11 7 -7 -8 -9 -10 -11 -12 -13 -14 -15
leaf_value=2.5707245005686386e-05 0.0011092540793155165 -0.00091012982463987155 0.0057390074420137997 0.0014161856960646759 -0.0030277162805007309 0.00058244569975729465 -0.00060990506018462898 -0.0062138077467700685 -0.013168540671170778 0.00025220348770865764 -0.0060051673426280957 1.7005635461933566e-05 -0.0056732090548603899 -0.00075900185469829915
leaf_weight=2668 17932 55917 7948 84735 9859 122109 97220 5434 3846 58385 4600 83904 11559 36888
leaf_count=2668 17932 55917 7948 84735 9859 122109 97220 5434 3846 58385 4600 83904 11559 36888
internal_value=-0.000154558 -0.00114898 0.000137731 7.22299e-05 -0.000257301 0.000116062 -0.00053058 -0.00195479 -0.000795907 -0.00065198 -0.00145174 0.000637808 -0.00419389 -0.00151625
internal_weight=603004 136975 466029 458081 289442 237261 115152 52181 122748 118902 60517 168639 14227 46747
internal_count=603004 136975 466029 458081 289442 237261 115152 52181 122748 118902 60517 168639 14227 46747
is_linear=0
shrinkage=0.05


Tree=67
num_leaves=15
num_cat=0
split_feature=7 10 3 9 0 2 7 5 5 0 2 7 2 8
split_gain=64.881 46.5356 61.6558 46.5111 48.2161 44.5731 25.9528 21.7922 21.4521 20.3787 46.8997 29.0742 26.437 25.7553
threshold=0.94145840750000009 1.0000000180025095e-35 10.395359286000003 6.5000000000000009 106.50000000000001 6.5000000000000009 1.2144204880000002 7.5000000000000009 25.500000000000004 70.500000000000014 3.5000000000000004 0.95726174300000011 1.5000000000000002 0.96507791250000008
decision_type=2 2 2 2 2 2 2 2 2 2 2 2 2 2
left_child=1 -1 7 -2 5 6 9 -3 -8 10 11 12 -5 -14
right_child=3 2 -4 4 -6 -7 8 -9 -10 -11 -12 -13 13 -15
leaf_value=0.0003181065325866012 -0.00095278610957281746 -0.0037937766906655738 0.0035315940690129281 0.0021288369889473748 0.0041203705477623866 -0.0040041141801703513 0.0016161770803117205 -0.0018634353585367581 0.0084866733789488724 0.00064001456917294483 -0.002317379012230514 -9.1915742068493517e-05 0.001946224075587308 -0.0021249299283024685
leaf_weight=27174 62468 17282 6674 9182 44740 10120 10726 43669 2187 130180 21896 210676 2380 3878
leaf_count=27174 62468 17282 6674 9182 44740 10120 10726 43669 2187 130180 21896 210676 2380 3878
internal_value=-0.00015392 -0.00135477 -0.00205696 6.99938e-05 0.00024898 7.5362e-05 0.000160153 -0.00255656 0.00236395 8.48764e-05 -0.000181036 3.2947e-05 0.0021269 -0.000379211
internal_weight=603232 94799 67625 508433 445965 401225 391105 60951 12913 378192 248012 226116 15440 6258
internal_count=603232 94799 67625 508433 445965 401225 391105 60951 12913 378192 248012 226116 15440 6258
is_linear=0
shrinkage=0.05


Tree=68
num_leaves=15
num_cat=0
split_feature=7 2 0 2 0 10 4 0 2 10 4 7 7 7
split_gain=59.2648 47.9326 49.4285 58.7668 47.1862 44.6769 44.8111 29.9515 43.2781 33.8992 27.9626 24.8363 19.3446 18.4932
threshold=0.93545507400000016 8.5000000000000018 99.500000000000014 4.5000000000000009 77.500000000000014 1.0000000180025095e-35 0.46327232735359331 43.500000000000007 2.5000000000000004 1.0000000180025095e-35 1.1017026603601636 1.0281885315000003 1.2388234870000001 1.0833370665000002
decision_type=2 2 2 2 2 2 8 2 2 2 10 2 2 2
left_child=5 2 3 7 -5 -1 -7 8 9 11 -8 -2 -11 -4
right_child=1 -3 13 4 -6 6 10 -9 -10 12 -12 -13 -14 -15
leaf_value=0.00042586458828185739 -0.00010559015881542733 -0.01380866880212017 0.001655120887948497 -0.0042094595183865329 -0.00086158851063578294 -0.0049812680878776952 -0.0020444992797914578 0.00045141472791016549 -0.0025499414946826091 0.00023858030600718561 0.0014103752474238147 -0.001295864029150451 0.0037909628556767605 0.005576641258442247
leaf_weight=21650 52661 4634 66290 14283 30030 6882 46230 197160 14576 87891 8340 33913 4977 13478
leaf_count=21650 52661 4634 66290 14283 30030 6882 46230 197160 14576 87891 8340 33913 4977 13478
internal_value=-0.000155701 4.24843e-05 8.80374e-05 -0.000121557 -0.00184716 -0.00139549 -0.00208357 7.39424e-05 -0.000367096 -0.000154224 -0.00160376 -0.000865972 0.000509298 0.00123225
internal_weight=602995 519893 515259 435491 44313 83102 61452 391178 194018 179442 54570 86574 92868 79768
internal_count=602995 519893 515259 435491 44313 83102 61452 391178 194018 179442 54570 86574 92868 79768
is_linear=0
shrinkage=0.05


Tree=69
num_leaves=15
num_cat=0
split_feature=7 9 0 4 4 2 0 3 2 2 0 2 0 4
split_gain=56.8239 52.6971 48.0188 44.3194 35.0891 28.8819 35.0505 20.9792 24.3425 19.9357 16.7021 44.6949 23.9975 16.5825
threshold=0.84552124650000016 10.500000000000002 114.50000000000001 0.52171636167940372 1.7559396117576409 5.5000000000000009 88.500000000000014 -52.929285765999992 6.5000000000000009 4.5000000000000009 80.500000000000014 3.5000000000000004 53.500000000000007 0.44876600389090643
decision_type=2 2 2 10 10 2 2 2 2 2 2 2 2 8
left_child=13 5 3 9 7 -2 -7 -5 10 -3 11 -9 -13 -1
right_child=1 2 -4 4 -6 6 -8 8 -10 -11 -12 12 -14 -15
leaf_value=-0.0076797193153392701 -0.00048503362886107015 -0.0012273971252133144 0.010002897822567386 0.0053053939441451443 0.0066499599819402847 -0.0092744892811442766 -0.0029593588184391229 0.00014102208429350727 -0.0028131228043510484 -0.0057943461333846875 0.00083125367980801945 -0.0038659716189546004 -0.0010762813413492777 -0.0030142276505888245
leaf_weight=2203 107635 12861 16103 2046 3250 4244 18799 250156 14615 3731 122545 5863 29594 9607
leaf_count=2203 107635 12861 16103 2046 3250 4244 18799 250156 14615 3731 122545 5863 29594 9607
internal_value=-0.000170077 -0.000101488 0.000149858 5.27081e-05 0.000150996 -0.000987695 -0.00259404 0.00011137 8.68955e-05 -0.00248238 0.000158699 -5.08109e-05 -0.00171204 -0.00360347
internal_weight=603252 591442 460764 444661 428069 130678 23043 424819 422773 16592 408158 285613 35457 11810
internal_count=603252 591442 460764 444661 428069 130678 23043 424819 422773 16592 408158 285613 35457 11810
is_linear=0
shrinkage=0.05


Tree=70
num_leaves=15
num_cat=0
split_feature=7 4 10 9 0 2 0 3 0 10 2 2 7 0
split_gain=63.9435 52.7611 48.3081 34.6135 32.1604 37.9667 36.3954 31.0582 28.8038 36.5151 30.2346 25.9067 23.061 21.0183
threshold=1.0232009575000003 0.51160410681972357 1.0000000180025095e-35 6.5000000000000009 115.50000000000001 3.5000000000000004 82.500000000000014 -18.005878744499999 46.500000000000007 1.0000000180025095e-35 2.5000000000000004 8.5000000000000018 1.0281885315000003 114.50000000000001
decision_type=2 8 2 2 2 2 2 2 2 2 2 2 2 2
left_child=1 2 -1 -3 5 -5 -7 -4 9 12 -11 -8 -2 -10
right_child=8 3 7 4 -6 6 11 -9 13 10 -12 -13 -14 -15
leaf_value=0.00011266290291835902 0.0019183963682947503 -0.0016737940170243326 -0.0062640212369109499 7.423705149910976e-05 0.008980340353480748 -0.0024246014585653148 -0.00036049901980410586 -0.0015537424074626438 0.00087030281260397357 0.00071738991097186069 -0.0022281887062929441 -0.01234853903815749 -0.001131970246915856 0.014413710628099409
leaf_weight=9903 3101 35185 10311 183431 10028 29804 61507 9061 138901 58794 5549 2434 38368 6919
leaf_count=9903 3101 35185 10311 183431 10028 29804 61507 9061 138901 58794 5549 2434 38368 6919
internal_value=-0.000154898 -0.000590328 -0.00262252 -0.000405754 -0.000224401 -0.000325058 -0.0011436 -0.00407442 0.00045363 -0.000174358 0.000571308 -0.000470905 -0.00133126 0.000909309
internal_weight=603296 351664 29275 322389 287204 277176 93745 19372 251632 105812 64343 63941 41469 145820
internal_count=603296 351664 29275 322389 287204 277176 93745 19372 251632 105812 64343 63941 41469 145820
is_linear=0
shrinkage=0.05


Tree=71
num_leaves=15
num_cat=0
split_feature=8 4 3 6 0 0 2 8 8 10 3 8 8 8
split_gain=53.2245 42.5872 32.6601 28.7172 25.0196 23.5945 28.2848 23.3381 19.9421 19.5295 39.9702 20.4605 24.1276 22.7903
threshold=0.94126630700000014 0.52171636167940372 56.039984777500003 1.0000000180025095e-35 66.500000000000014 116.50000000000001 7.5000000000000009 0.78480807600000013 1.3262631840000003 1.0000000180025095e-35 -8.6622412964999977 1.0764179985000002 1.1085222945000002 1.0641062075000003
decision_type=2 8 2 2 2 2 2 2 2 2 2 2 2 2
left_child=1 7 3 4 9 6 -3 -1 -4 11 -11 13 -13 -2
right_child=2 5 8 -5 -6 -7 -8 -9 -10 10 -12 12 -14 -15
leaf_value=-0.0079945977599750872 0.00014456179454470642 -0.00062387841155356338 0.0023104842807207399 -0.00033972346340501727 0.0012606800741277041 0.0091277904931253463 -0.0065164932178505943 -0.0020461603737962188 0.012734210289180146 -0.00129386699243583 0.00081488445570370165 -0.0023533396941448738 -0.00037475259760536564 0.0030229149659472877
leaf_weight=3801 22012 107735 3686 191329 88232 6954 9259 9597 2266 18284 74941 7520 54964 2871
leaf_count=3801 22012 107735 3686 191329 88232 6954 9259 9597 2266 18284 74941 7520 54964 2871
internal_value=-0.000122772 -0.000987798 0.000132131 8.4509e-05 0.000417738 -0.000698249 -0.00086646 -0.00366522 0.00381064 8.05661e-05 0.000583905 -0.000456525 -0.000939365 0.000755886
internal_weight=603451 137346 466105 460153 268824 123948 116994 13398 5952 180592 93225 87367 62484 24883
internal_count=603451 137346 466105 460153 268824 123948 116994 13398 5952 180592 93225 87367 62484 24883
is_linear=0
shrinkage=0.05


Tree=72
num_leaves=15
num_cat=0
split_feature=6 0 8 8 2 4 3 8 4 9 2 0 0 2
split_gain=51.447 42.74 35.4934 37.0289 33.0005 22.3678 26.1119 23.0603 19.7859 18.7645 15.0442 35.019 24.5997 33.2068
threshold=1.5000000000000002 115.50000000000001 1.4367579390000003 1.4204552660000003 7.5000000000000009 0.53145254009383858 -49.762257882499995 0.76194244950000012 0.61872581465654808 41.500000000000007 4.5000000000000009 81.500000000000014 51.500000000000007 1.5000000000000002
decision_type=2 2 2 2 2 10 2 2 10 2 2 2 2 2
left_child=1 2 3 4 5 7 -7 -1 -2 -4 12 -12 13 -8
right_child=8 -3 9 -5 -6 6 10 -9 -10 -11 11 -13 -14 -15
leaf_value=-0.0070728401702097156 -0.003181529922728861 0.011915706931059301 0.00058763827733452907 -0.0028863140608166669 -0.0061549071900114279 0.0052504857038045754 9.0409249880421538e-05 -0.00064666379261343063 -0.0012885069324247379 0.0032893573652142713 -0.003042739196764599 -0.0001207703553497197 0.00053226941393003655 -0.0010334999018496605
leaf_weight=2284 9888 12393 34924 4450 7281 2240 131014 40254 57289 10864 13146 48089 180555 47635
leaf_count=2284 9888 12393 34924 4450 7281 2240 131014 40254 57289 10864 13146 48089 180555 47635
internal_value=-0.000138342 2.53908e-05 -4.34249e-05 -0.000171086 -0.000128306 -7.60121e-05 3.39793e-05 -0.00116882 -0.00144254 0.00128622 5.26229e-06 -0.000719097 0.000128755 -0.000287217
internal_weight=602306 535129 522736 476948 472498 465217 422679 42538 67177 45788 420439 61235 359204 178649
internal_count=602306 535129 522736 476948 472498 465217 422679 42538 67177 45788 420439 61235 359204 178649
is_linear=0
shrinkage=0.05


Tree=73
num_leaves=15
num_cat=0
split_feature=7 2 1 2 1 7 1 2 2 1 8 4 2 2
split_gain=51.9885 44.2808 44.6876 64.3055 47.5437 25.0814 26.4939 53.007 22.261 19.0706 18.237 17.8955 16.0609 14.2627
threshold=0.84552124650000016 8.5000000000000018 20.500000000000004 4.5000000000000009 47.500000000000007 1.2144204880000002 73.500000000000014 2.5000000000000004 6.5000000000000009 13.500000000000002 1.2416617960000003 1.2372004815871394 1.0000000180025095e-35 3.5000000000000004
decision_type=2 2 2 2 2 2 2 2 2 2 2 10 2 2
left_child=-1 2 10 5 8 6 -4 12 -5 -3 11 -2 -8 -9
right_child=1 9 3 4 -6 -7 7 13 -10 -11 -12 -13 -14 -15
leaf_value=-0.0037210247937191189 0.00082681258429289923 -0.0062820135155237438 0.00027933896529335199 -0.00045325983811398134 -0.0046983002882171861 0.0022218313671648394 0.00015227722965489022 -0.0017731262206504479 -0.0041061929164574783 -0.018887023911270243 0.0048454548225449479 0.0060447515661573971 -0.00047155811904058269 -0.0041408054206738707
leaf_weight=11775 70848 4141 201677 32040 13066 13613 97164 15510 8364 2055 11907 8915 106875 4979
leaf_count=11775 70848 4141 201677 32040 13066 13613 97164 15510 8364 2055 11907 8915 106875 4979
internal_value=-0.000152193 -8.66518e-05 -4.20967e-05 -0.000230492 -0.0018677 -3.14331e-05 -9.89242e-05 -0.000472536 -0.00101957 -0.00428963 0.000971639 0.000699059 -0.000229056 -0.00289658
internal_weight=602929 591154 584958 493288 53470 439818 426205 224528 40404 6196 91670 79763 204039 20489
internal_count=602929 591154 584958 493288 53470 439818 426205 224528 40404 6196 91670 79763 204039 20489
is_linear=0
shrinkage=0.05


Tree=74
num_leaves=15
num_cat=0
split_feature=7 10 3 4 2 1 2 4 7 9 1 3 1 8
split_gain=46.7347 36.3858 63.9114 35.3861 32.3535 34.3035 29.7738 27.7792 27.0405 22.7936 20.9508 17.4677 17.1736 16.8956
threshold=0.94458603100000016 1.0000000180025095e-35 19.904875060000006 0.44876600389090643 8.5000000000000018 6.5000000000000009 2.5000000000000004 0.9244257792629953 1.1386926285000003 7.5000000000000009 75.500000000000014 -22.873526076499996 75.500000000000014 1.7525661985000003
decision_type=2 2 2 8 2 2 2 10 2 2 2 2 2 2
left_child=1 7 3 11 5 -2 10 -1 9 -7 -5 -3 -8 -10
right_child=4 2 -4 6 -6 8 12 -9 13 -11 -12 -13 -14 -15
leaf_value=0.001112892971103946 0.0066164131308491334 -0.0068899955474938882 0.0069759625120973893 0.0012962471265348275 -0.011902217090733589 -0.00072698329645912727 -0.002697475773209515 -0.001315258309947337 0.00082385954507486212 3.1824352814469052e-05 -0.0010627112581394816 -0.0022723543341140631 -0.0063336069808208953 0.005005093905089417
leaf_weight=17727 20852 3309 3981 8808 4292 60417 29996 12559 42614 367873 18875 3704 2926 4766
leaf_count=17727 20852 3309 3981 8808 4292 60417 29996 12559 42614 367873 18875 3704 2926 4766
internal_value=-0.000137443 -0.00111358 -0.00172808 -0.00209063 6.11498e-05 9.85344e-05 -0.00170125 0.00033921 1.151e-05 -0.000113882 -0.000492542 -0.00545205 -0.00271737 0.00114488
internal_weight=602699 101885 71599 67618 500814 496522 60605 30286 475670 428290 27683 7013 32922 47380
internal_count=602699 101885 71599 67618 500814 496522 60605 30286 475670 428290 27683 7013 32922 47380
is_linear=0
shrinkage=0.05


Tree=75
num_leaves=15
num_cat=0
split_feature=7 6 9 0 0 8 8 7 5 9 7 4 8 7
split_gain=48.2804 39.1284 31.3377 23.8595 23.367 22.2827 23.5659 20.0133 20.8661 16.5476 14.8189 14.7024 13.1184 17.7683
threshold=0.84552124650000016 1.0000000180025095e-35 5.5000000000000009 111.50000000000001 115.50000000000001 1.4463131295000002 1.4204552660000003 1.0232009575000003 5.5000000000000009 57.500000000000007 1.0770233335000003 0.47670262439055539 1.0393252835000002 1.1010016215000002
decision_type=2 2 2 2 2 2 2 2 2 2 2 8 2 2
left_child=11 4 -3 7 5 6 10 8 -4 -7 -2 -1 13 -12
right_child=1 2 3 -5 -6 9 -8 -9 -10 -11 12 -13 -14 -15
leaf_value=-0.0062046176379543299 -3.2826325661372561e-06 -0.0019196856410214889 -0.0027072217667197338 0.0035995934381095277 0.014383652141309142 0.00094923306394064386 -0.0022339757334050082 8.8022191833936342e-05 -0.00063982085547867058 0.0053820756412518607 0.0053654639296235873 -0.0026553352811459516 0.00061332058572201591 0.00025568631293500232
leaf_weight=2491 235713 32580 10484 20789 5342 27080 4723 89679 114346 3289 2240 9242 42482 2180
leaf_count=2491 235713 32580 10484 20789 5342 27080 4723 89679 114346 3289 2240 9242 42482 2180
internal_value=-0.000144027 -8.09526e-05 -0.000527749 -0.000326494 0.000289541 0.000234371 9.82276e-05 -0.000483244 -0.000892578 0.00152227 0.000156792 -0.00331935 0.000968406 0.00355932
internal_weight=602660 590927 267878 235298 323049 317707 287338 214509 124830 30369 282615 11733 46902 4420
internal_count=602660 590927 267878 235298 323049 317707 287338 214509 124830 30369 282615 11733 46902 4420
is_linear=0
shrinkage=0.05


Tree=76
num_leaves=15
num_cat=0
split_feature=7 6 9 1 1 8 8 7 4 5 8 7 10 3
split_gain=42.2112 33.1939 28.5603 24.9146 23.7406 18.82 44.1284 17.9 15.3954 14.0631 13.2444 42.3998 35.092 23.9285
threshold=0.84552124650000016 1.0000000180025095e-35 5.5000000000000009 15.500000000000002 13.500000000000002 1.4367579390000003 1.4204552660000003 1.0232009575000003 0.44876600389090643 5.5000000000000009 1.2416617960000003 0.95726174300000011 1.0000000180025095e-35 -18.924863711999997
decision_type=2 2 2 2 2 2 2 2 8 2 2 2 2 2
left_child=8 3 -3 -2 -4 6 10 9 -1 -6 -5 -12 13 -13
right_child=1 2 4 5 7 -7 -8 -9 -10 -11 11 12 -14 -15
leaf_value=-0.0060160275655776092 0.0038582206052189317 -0.0017758753331213019 0.002039877259299272 -8.3539965919704478e-05 -0.0023887158579089214 0.0011417784548771182 -0.0034708625875539026 6.1861779014910084e-05 -0.0023635603979889953 -0.00064483494971245283 0.0035999170311179275 0.0030008877945048363 0.001393111348477405 -0.00095237646943481806
leaf_weight=2166 23868 32685 34289 204991 10199 31060 2917 85094 9569 106182 3635 2017 29673 24886
leaf_count=2166 23868 32685 34289 204991 10199 31060 2917 85094 9569 106182 3635 2017 29673 24886
internal_value=-0.000126381 -6.74555e-05 -0.000478341 0.000273988 -0.000286297 0.00014995 1.49651e-05 -0.000493287 -0.00309519 -0.000896263 8.22942e-05 0.000734232 0.00039766 -0.000910045
internal_weight=603231 591496 268449 323047 235764 299179 268119 201475 11735 116381 265202 60211 56576 26903
internal_count=603231 591496 268449 323047 235764 299179 268119 201475 11735 116381 265202 60211 56576 26903
is_linear=0
shrinkage=0.05


Tree=77
num_leaves=15
num_cat=0
split_feature=2 0 7 0 2 0 2 0 2 0 8 8 2 10
split_gain=41.4534 39.2679 36.1725 35.4784 63.3573 45.7163 24.9801 23.5247 26.1307 19.3341 16.7038 14.042 18.5893 12.8761
threshold=7.5000000000000009 102.50000000000001 0.84552124650000016 90.500000000000014 3.5000000000000004 51.500000000000007 5.5000000000000009 44.500000000000007 1.5000000000000002 116.50000000000001 1.4286551905000002 0.77790718650000013 2.5000000000000004 1.0000000180025095e-35
decision_type=2 2 2 2 2 2 2 2 2 2 2 2 2 2
left_child=2 -2 11 4 7 -6 -7 8 13 10 -5 -1 -13 -4
right_child=1 -3 3 9 5 6 -8 -9 -10 -11 -12 12 -14 -15
leaf_value=-0.0057917941310494051 -0.012005974919469815 -0.002058551658048208 -0.00026178685787130174 0.00062517624932569851 -0.0038266349856234702 -0.00058384404503299125 -0.0030724472994371147 0.00046424355738278747 -0.00095612091122599947 0.013163187640848634 0.0046028099641489796 0.001291635905087385 -0.0039932068709863239 0.00031514948677814348
leaf_weight=5738 5497 12826 79260 108865 9815 53930 12583 153168 49487 10331 5700 3016 2623 90447
leaf_count=5738 5497 12826 79260 108865 9815 53930 12583 153168 49487 10331 5700 3016 2623 90447
internal_value=-0.00014309 -0.00248459 -6.9726e-05 -1.43395e-05 -0.00022181 -0.00153407 -0.00106381 4.71981e-05 -0.000285015 0.000730979 0.0005441 -0.00286088 -0.00108744 9.79601e-06
internal_weight=603286 18323 584963 573586 448690 76328 66513 372362 219194 124896 114565 11377 5639 169707
internal_count=603286 18323 584963 573586 448690 76328 66513 372362 219194 124896 114565 11377 5639 169707
is_linear=0
shrinkage=0.05


Tree=78
num_leaves=15
num_cat=0
split_feature=7 7 5 0 0 8 0 6 4 0 10 7 7 8
split_gain=38.6756 28.4072 24.3497 25.7673 22.9626 17.1315 15.8937 21.8163 15.5151 11.9311 12.6316 12.6796 11.4998 11.0381
threshold=0.84552124650000016 1.0613606390000003 5.5000000000000009 37.500000000000007 72.500000000000014 1.7525661985000003 116.50000000000001 2.5000000000000004 0.43177404131308184 113.50000000000001 1.0000000180025095e-35 1.1571966490000001 1.0000032740000002 0.77790718650000013
decision_type=2 2 2 2 2 2 2 2 8 2 2 2 2 2
left_child=8 2 3 -2 5 -3 7 -4 -1 10 -6 -12 -5 -10
right_child=1 4 6 12 9 -7 -8 -9 13 -11 11 -13 -14 -15
leaf_value=-0.005827345741578005 -0.00039427348262174313 -5.0412601224533732e-05 -0.00012059466302313249 -0.0043183869167533724 0.0025864028221245783 0.0035578481005412222 0.0075418940119966089 -0.0042929595010764198 -0.0047857189175870563 0.012836937052243487 -0.0001379027535150762 0.0031834540810645518 -0.00069161223108688279 -0.00028566091452060239
leaf_weight=2003 30081 94280 379833 8860 17669 4427 11405 6526 4887 4670 21982 8813 3156 4946
leaf_count=2003 30081 94280 379833 8860 17669 4427 11405 6526 4887 4670 21982 8813 3156 4946
internal_value=-0.000105336 -4.8715e-05 -0.000252264 -0.00139572 0.000540926 8.97814e-05 -0.000131232 -0.000185544 -0.00293472 0.00137893 0.00114609 0.000534497 -0.00335247 -0.00211552
internal_weight=603538 591702 439861 42097 151841 98707 397764 386359 11836 53134 48464 30795 12016 9833
internal_count=603538 591702 439861 42097 151841 98707 397764 386359 11836 53134 48464 30795 12016 9833
is_linear=0
shrinkage=0.05


Tree=79
num_leaves=15
num_cat=0
split_feature=2 7 10 3 0 2 2 8 4 0 4 0 7 8
split_gain=39.2173 33.8084 36.9599 34.1622 25.9251 40.4896 21.4041 26.0471 20.1299 17.9273 16.4326 16.2521 15.6738 18.283
threshold=8.5000000000000018 0.93545507400000016 1.0000000180025095e-35 19.904875060000006 96.500000000000014 5.5000000000000009 3.5000000000000004 0.83346600800000015 0.85171427197717053 73.500000000000014 0.90706985602174106 64.500000000000014 1.2144204880000002 1.0764179985000002
decision_type=2 2 2 2 2 2 2 2 8 2 10 2 2 2
left_child=1 2 10 6 5 12 7 8 -4 -7 -1 -8 13 -3
right_child=-2 4 3 -5 -6 9 11 -9 -10 -11 -12 -13 -14 -15
leaf_value=0.0014482919250019628 -0.010481247957858243 0.00030380754681310631 -0.0048957241049322336 0.0054362764119287761 0.0014690674747033228 -0.0053987060998475422 -0.0050973651968925062 -0.00026724334876093161 -0.00034509309574647378 -0.0018995610614977649 -0.00067882096218303551 -0.0032686319177152815 0.0018084099126020798 -0.00024733725719678913
leaf_weight=11624 6393 144068 6319 3172 92586 3786 4216 25548 3926 12444 9368 16937 14046 248669
leaf_count=11624 6393 144068 6319 3172 92586 3786 4216 25548 3926 12444 9368 16937 14046 248669
internal_value=-0.000125061 -8.33104e-05 -0.00103218 -0.00166284 6.59663e-05 -9.99071e-05 -0.00194422 -0.00119874 -0.00332805 -0.00254851 0.00077392 -0.00320505 -2.18173e-06 -6.0886e-05
internal_weight=603102 596709 81110 60118 515599 423013 56946 35793 10245 16230 20992 21153 406783 392737
internal_count=603102 596709 81110 60118 515599 423013 56946 35793 10245 16230 20992 21153 406783 392737
is_linear=0
shrinkage=0.05


Tree=80
num_leaves=15
num_cat=0
split_feature=2 0 2 0 0 8 2 4 0 3 2 0 3 0
split_gain=33.2266 28.8123 32.8705 69.2655 32.4206 23.7096 21.0341 20.3743 18.6497 17.933 19.9848 20.315 17.7104 16.8908
threshold=8.5000000000000018 115.50000000000001 3.5000000000000004 62.500000000000007 52.500000000000007 0.77790718650000013 1.5000000000000002 0.48918308618100748 105.50000000000001 -52.929285765999992 6.5000000000000009 97.500000000000014 -7.3713757954999997 40.500000000000007
decision_type=2 2 2 2 2 2 2 10 2 2 2 2 2 2
left_child=1 2 4 13 5 12 -7 -5 -2 -9 -11 -12 -1 -4
right_child=8 -3 3 7 -6 6 -8 9 -10 10 11 -13 -14 -15
leaf_value=-0.006500784335024665 -0.016877269653164696 0.0077393092176076816 -0.0061400942325913867 -0.0045361741162573965 0.00067922066716949447 7.997645339426207e-05 -0.00065330318743366813 0.0035246823065523988 -0.0051602479610178944 -8.8333112784638734e-05 -0.0049646113150797755 -0.0010586964320089321 -0.00071578638476015315 -0.002461379763223007
leaf_weight=2399 2012 16869 3812 2936 151012 184120 69087 3026 4329 121155 6996 14965 2918 17856
leaf_count=2399 2012 16869 3812 2936 151012 184120 69087 3026 4329 121155 6996 14965 2918 17856
internal_value=-0.000114085 -7.58386e-05 -0.000135062 -0.000717858 0.000107926 -0.000232082 -0.00016266 -0.000333874 -0.00371297 -0.000250946 -0.000331538 -0.00171913 -0.00353486 -0.00335902
internal_weight=603492 597151 580282 170746 409536 258524 253207 149078 6341 146142 143116 21961 5317 21668
internal_count=603492 597151 580282 170746 409536 258524 253207 149078 6341 146142 143116 21961 5317 21668
is_linear=0
shrinkage=0.05


Tree=81
num_leaves=15
num_cat=0
split_feature=7 10 3 2 0 3 2 9 0 2 0 7 2 8
split_gain=32.6907 30.9639 50.3712 33.4536 24.5675 24.1701 23.779 23.6785 23.6188 28.1829 27.04 22.3876 29.8868 19.9509
threshold=0.94458603100000016 1.0000000180025095e-35 20.529035436500003 2.5000000000000004 49.500000000000007 -0.74181573199999995 7.5000000000000009 19.500000000000004 92.500000000000014 4.5000000000000009 63.500000000000007 0.95726174300000011 1.5000000000000002 0.97210704850000018
decision_type=2 2 2 2 2 2 2 2 2 2 2 2 2 2
left_child=1 5 3 4 -3 -1 8 -8 9 11 -11 12 -2 -14
right_child=6 2 -4 -5 -6 -7 7 -9 -10 10 -12 -13 13 -15
leaf_value=0.00099465049548236317 0.0022215093828221871 -0.001043784715353796 0.0061742437477033396 -0.0031578630318588627 0.0016423503658337447 -0.0013821725174865684 -0.0078877964758575728 0.0024290306253055283 0.0013251234632442712 -0.0056502992811504095 -0.00079713163875376751 -2.6795910595586727e-05 0.0016650259293325672 -0.001777670278529553
leaf_weight=21089 9948 24519 3751 35687 7374 9025 8887 3577 98397 5416 23818 341464 4234 5602
leaf_count=21089 9948 24519 3751 35687 7374 9025 8887 3577 98397 5416 23818 341464 4234 5602
internal_value=-0.00010667 -0.000925209 -0.00149276 -0.00180587 -0.000628958 0.000419171 5.8966e-05 -0.0020972 0.000113959 -6.05014e-05 -0.00155358 6.03455e-05 0.00169539 -0.00025912
internal_weight=602788 101445 71331 67580 31893 30114 501343 12464 488879 390482 29234 361248 19784 9836
internal_count=602788 101445 71331 67580 31893 30114 501343 12464 488879 390482 29234 361248 19784 9836
is_linear=0
shrinkage=0.05


Tree=82
num_leaves=15
num_cat=0
split_feature=7 2 1 2 1 1 7 2 4 1 8 8 8 8
split_gain=34.322 30.9866 28.4254 29.5928 60.3257 29.3505 25.0457 23.6989 20.2863 18.1032 17.2679 16.7324 22.5631 23.9658
threshold=0.81958612250000018 8.5000000000000018 5.5000000000000009 3.5000000000000004 62.500000000000007 75.500000000000014 0.9507491695000001 1.0000000180025095e-35 0.56527491728018264 12.500000000000002 1.7525661985000003 1.2061418145000002 1.0764179985000002 1.0618907285000001
decision_type=2 2 2 2 2 2 2 2 8 2 2 2 2 2
left_child=8 2 -2 5 6 10 -5 11 -1 -3 -4 12 13 -7
right_child=1 9 3 4 -6 7 -8 -9 -10 -11 -12 -13 -14 -15
leaf_value=-0.0059157802716293248 0.006436768771717883 -0.0043529222678213913 0.00050815375000698437 -0.0018371236428125883 -0.0031234292847049372 0.00015229385141307951 -3.7598602278587915e-06 -0.00050128731550253274 -0.0019322346840190006 -0.01508513936212892 0.00611786993571381 0.00075165159712728977 -0.00084259216021121135 0.0030610695773757193
leaf_weight=2352 21169 3968 180586 31595 15409 31546 117581 119338 4940 2300 2707 42553 24078 2681
leaf_count=2352 21169 3968 180586 31595 15409 31546 117581 119338 4940 2300 2707 42553 24078 2681
internal_value=-9.31267e-05 -5.1363e-05 -1.41494e-05 -8.11947e-05 -0.000646227 0.00014929 -0.000338515 -0.000239781 -0.00350144 -0.00354695 0.000616687 0.00032445 -0.000225733 0.00059922
internal_weight=602803 595511 589243 568074 164585 403489 149176 220196 7292 6268 183293 100858 58305 34227
internal_count=602803 595511 589243 568074 164585 403489 149176 220196 7292 6268 183293 100858 58305 34227
is_linear=0
shrinkage=0.05


Tree=83
num_leaves=15
num_cat=0
split_feature=7 7 9 0 2 5 2 4 3 2 4 2 0 7
split_gain=34.0204 27.9587 27.035 24.1104 20.5557 18.3009 15.2589 14.7323 32.6368 21.2755 13.1418 12.4149 21.0571 19.2413
threshold=0.84552124650000016 1.1386926285000003 5.5000000000000009 116.50000000000001 8.5000000000000018 27.500000000000004 2.5000000000000004 0.52171636167940372 -52.929285765999992 4.5000000000000009 0.47670262439055539 1.0000000180025095e-35 40.500000000000007 0.97089772100000016
decision_type=2 2 2 2 2 2 2 10 2 2 8 2 2 2
left_child=10 2 6 4 7 -3 -2 9 -9 -4 -1 -10 -13 -14
right_child=1 5 3 -5 -6 -7 -8 8 11 -11 -12 12 13 -15
leaf_value=-0.0044965084051038998 -0.00035192508094040455 0.00078131462119640234 -0.00046489284656201505 0.010475925562178721 -0.0087686522476459316 0.0051563620984265259 -0.0027679528931754739 0.0065145960635052073 0.00041671995766457142 -0.0042474066761881207 -0.0019480722663220318 -0.0006236538861207453 -0.00055865922162172952 0.00031143847096312682
leaf_weight=2539 34706 43642 21424 10920 3656 4986 20514 2233 66172 4069 9247 75211 87100 215971
leaf_count=2539 34706 43642 21424 10920 3656 4986 20514 2233 66172 4069 9247 75211 87100 215971
internal_value=-0.000107612 -5.452e-05 -0.00015757 -3.86227e-05 -9.19425e-05 0.00109391 -0.00120598 -6.3005e-05 3.7218e-06 -0.00123196 -0.00276694 -2.66054e-05 -0.000137131 4.87089e-05
internal_weight=602390 590604 541976 486756 475836 48628 55220 472180 446687 25493 11786 444454 378282 303071
internal_count=602390 590604 541976 486756 475836 48628 55220 472180 446687 25493 11786 444454 378282 303071
is_linear=0
shrinkage=0.05


Tree=84
num_leaves=15
num_cat=0
split_feature=2 0 0 2 0 2 7 7 0 8 2 4 3 0
split_gain=28.5648 31.3203 26.3597 63.8023 28.9598 20.3616 17.9997 16.4095 15.7503 19.9194 17.8707 17.507 16.3981 13.7901
threshold=7.5000000000000009 98.500000000000014 81.500000000000014 3.5000000000000004 48.500000000000007 5.5000000000000009 1.2144204880000002 1.1571966490000001 45.500000000000007 0.77790718650000013 2.5000000000000004 0.79582763493033359 -7.3713757954999997 117.50000000000001
decision_type=2 2 2 2 2 2 2 2 2 2 2 8 2 2
left_child=2 -2 3 6 -5 -6 8 13 9 12 11 -11 -1 -4
right_child=1 -3 7 4 5 -7 -8 -9 -10 10 -12 -13 -14 -15
leaf_value=-0.0060568467139463095 -0.012491836358488356 -0.0020096625058867528 0.00038689636284752749 -0.0036603102310519553 -0.00080397861917549116 -0.0038248390795097842 0.0020572657863787316 0.0040039345512309314 0.00032400815881862002 0.00030812558091678491 -0.0015711373051580547 -0.00034014229745832347 -0.00082950346991546027 0.017162513819548697
leaf_weight=2018 4109 14136 155735 7985 39524 7664 11387 8640 127344 76709 14667 123673 2709 6613
leaf_count=2018 4109 14136 155735 7985 39524 7664 11387 8640 127344 76709 14667 123673 2709 6613
internal_value=-8.56045e-05 -0.00203356 -2.48002e-05 -0.000240642 -0.00182342 -0.0013519 2.96364e-06 0.000497389 -6.12171e-05 -0.000317589 -0.000246973 -0.000123636 -0.00352652 0.000384348
internal_weight=602913 18245 584668 413680 55173 47188 358507 170988 347120 219776 215049 200382 4727 162348
internal_count=602913 18245 584668 413680 55173 47188 358507 170988 347120 219776 215049 200382 4727 162348
is_linear=0
shrinkage=0.05


Tree=85
num_leaves=15
num_cat=0
split_feature=7 2 3 1 2 1 1 2 10 3 8 8 8 8
split_gain=28.0586 27.203 22.7147 19.7114 38.7269 38.2958 15.4388 30.6755 15.3102 25.5813 20.9233 20.2596 30.2103 21.7091
threshold=0.84552124650000016 8.5000000000000018 76.205644274500017 15.500000000000002 4.5000000000000009 54.500000000000007 60.500000000000007 2.5000000000000004 1.0000000180025095e-35 -6.0316543594999992 1.0112840390000002 1.0047635060000002 1.0740730545000001 0.99999892150000014
decision_type=2 2 2 2 2 2 2 2 2 2 2 2 2 2
left_child=-1 2 3 -2 6 -6 -5 8 9 -8 -11 13 -13 -10
right_child=1 -3 -4 4 5 -7 7 -9 11 10 -12 12 -14 -15
leaf_value=-0.0023733287888091596 0.0016045348466175225 -0.008889270106898231 0.010561566291632574 0.00042000027087350512 -0.00094630003597709767 -0.0046857634085223174 0.00044980745743008755 -0.0011028402027243422 -0.0001969846149187382 0.00044171422147492315 -0.00078350916264130488 0.0023373804281121347 0.00033331832404834565 -0.0045395055350131996
leaf_weight=11758 65947 6203 2351 157824 57622 8310 36962 42449 30844 15956 63987 13363 85900 3355
leaf_count=11758 65947 6203 2351 157824 57622 8310 36962 42449 30844 15956 63987 13363 85900 3355
internal_value=-9.61912e-05 -4.8069e-05 -1.31225e-05 -3.29386e-05 -0.000136862 -0.00126864 2.87366e-05 -0.000186121 2.46134e-05 -0.000393144 -0.000896051 0.000390546 0.000752131 -0.000658914
internal_weight=602831 591073 584870 582519 516572 65932 450640 292816 250367 116905 79943 133462 99263 34199
internal_count=602831 591073 584870 582519 516572 65932 450640 292816 250367 116905 79943 133462 99263 34199
is_linear=0
shrinkage=0.05


Tree=86
num_leaves=15
num_cat=0
split_feature=5 3 4 9 0 0 2 3 7 7 2 0 0 2
split_gain=28.4617 32.2737 26.4933 23.8198 21.4661 13.5653 12.4141 17.2275 11.6193 11.2925 20.5272 14.935 11.4586 21.5192
threshold=5.5000000000000009 -22.066511562499993 1.8849213978977553 5.5000000000000009 117.50000000000001 74.500000000000014 7.5000000000000009 -49.762257882499995 1.0013256230000003 0.93545507400000016 3.5000000000000004 59.500000000000007 41.500000000000007 1.0000000180025095e-35
decision_type=2 2 10 2 2 2 2 2 2 2 2 2 2 2
left_child=1 5 3 -2 6 -1 7 -5 -8 10 -9 -12 13 -11
right_child=2 -3 -4 4 -6 -7 8 9 -10 12 11 -13 -14 -15
leaf_value=-0.0041893052458910644 -0.0013437159416950118 -0.00038667890834468701 0.0040927715268548326 0.0028535689128189158 0.015334753622742081 -0.002156522944167405 -0.0047642552454437385 3.1953576053833646e-05 0.0026212143592979523 0.00032453718417653211 -0.0038929626640333685 -0.0017795200068952246 0.00031975250271385484 -0.00056051624540778833
leaf_weight=6584 29481 47154 3769 4257 7463 4621 8321 40797 2642 56805 2374 17743 291265 79771
leaf_count=6584 29481 47154 3769 4257 7463 4621 8321 40797 2642 56805 2374 17743 291265 79771
internal_value=-9.06846e-05 -0.00114004 2.17554e-05 -7.37165e-06 7.22954e-05 -0.00355152 3.28634e-05 6.98759e-05 -0.00163088 4.22753e-05 -0.000594642 -0.00190153 0.000132963 -0.00024491
internal_weight=603047 58359 544688 540919 511438 11205 503975 493012 10963 488755 60914 20117 427841 136576
internal_count=603047 58359 544688 540919 511438 11205 503975 493012 10963 488755 60914 20117 427841 136576
is_linear=0
shrinkage=0.05


Tree=87
num_leaves=15
num_cat=0
split_feature=7 4 10 3 4 2 1 1 10 7 3 4 2 3
split_gain=25.6005 27.4195 33.3724 22.556 23.9024 19.5639 22.4365 18.7445 29.7437 20.4292 17.96 17.7455 16.9902 13.9127
threshold=1.0232009575000003 0.51160410681972357 1.0000000180025095e-35 -18.005878744499999 0.35743859031461861 3.5000000000000004 42.500000000000007 80.500000000000014 1.0000000180025095e-35 1.0274233265000003 -52.929285765999992 0.83589663098789047 2.5000000000000004 35.438410338000004
decision_type=2 8 2 2 10 2 2 2 2 2 2 8 2 2
left_child=1 2 -1 4 -4 13 10 -2 9 -9 -7 -11 -10 -3
right_child=7 5 3 -5 -6 6 -8 8 12 11 -12 -13 -14 -15
leaf_value=0.00028010565635999408 0.00067139648326079444 5.6224933976917198e-06 -0.0088499327325941551 -0.00091404562854402189 -0.0027212000396158718 0.0037525463997957198 -0.0017417167265061319 0.001742092606094095 0.00055512113024704937 -0.00027306950091449681 -0.00074776135933406489 -0.0017933338281332313 -0.0021920821630407677 0.0035634818553176351
leaf_weight=10052 160598 198212 2747 9118 7554 3351 26559 2148 52097 15100 89417 18395 3238 4511
leaf_count=10052 160598 198212 2747 9118 7554 3351 26559 2148 52097 15100 89417 18395 3238 4511
internal_value=-8.61587e-05 -0.000361744 -0.0018214 -0.00303169 -0.00463444 -0.000228144 -0.000736077 0.00029891 -0.000274502 -0.00140085 -0.000369181 -0.0017041 0.000451075 7.08462e-05
internal_weight=603097 351521 29471 19419 10301 322050 119327 251576 90978 35643 92768 33495 55335 202723
internal_count=603097 351521 29471 19419 10301 322050 119327 251576 90978 35643 92768 33495 55335 202723
is_linear=0
shrinkage=0.05


Tree=88
num_leaves=15
num_cat=0
split_feature=6 3 8 4 8 3 2 0 2 0 2 0 8 8
split_gain=25.4028 20.8572 18.7418 15.9363 33.099 21.9517 17.2692 20.8326 17.2309 13.8589 23.7214 19.6856 14.2734 71.4738
threshold=2.5000000000000004 56.039984777500003 1.3262631840000003 0.51160410681972357 0.76194244950000012 -52.929285765999992 6.5000000000000009 95.500000000000014 3.5000000000000004 87.500000000000014 3.5000000000000004 52.500000000000007 1.0740730545000001 1.0683823090000002
decision_type=2 2 2 8 2 2 2 2 2 2 2 2 2 2
left_child=1 3 -3 4 -1 -5 9 -8 -6 10 12 -12 13 -7
right_child=-2 2 -4 5 8 6 7 -9 -10 -11 11 -13 -14 -15
leaf_value=-0.0066096450531115437 -0.0038786729116080071 0.0013347523426792186 0.010579851041618883 0.0043461783049342385 -0.00015249951542871677 0.00019546974877430735 -0.0051321915311524254 -0.0010694086089276689 -0.0029804428777289783 0.00074392709875479863 -0.0024847785325120887 -0.00060923082476690982 -0.00015078049531882243 0.0049264464551246447
leaf_weight=2776 10992 4442 2261 3516 33887 118527 6175 21469 6105 116664 8038 51859 213310 4005
leaf_count=2776 10992 4442 2261 3516 33887 118527 6175 21469 6105 116664 8038 51859 213310 4005
internal_value=-0.000101361 -5.72053e-05 0.00271504 -8.89209e-05 -0.00101817 -1.57984e-05 -4.14543e-05 -0.00125864 -0.000651299 2.42239e-05 -0.000116963 -0.00103356 4.65242e-05 0.000476591
internal_weight=604026 593034 6703 586331 42768 543563 540047 27644 39992 512403 395739 59897 335842 122532
internal_count=604026 593034 6703 586331 42768 543563 540047 27644 39992 512403 395739 59897 335842 122532
is_linear=0
shrinkage=0.05


Tree=89
num_leaves=15
num_cat=0
split_feature=7 9 4 0 5 7 4 2 3 2 0 0 2 0
split_gain=24.135 23.1866 28.6486 21.3034 17.4153 18.4113 16.1774 13.9295 12.4344 15.02 15.1736 10.5507 26.2877 18.913
threshold=0.81958612250000018 5.5000000000000009 1.8849213978977553 115.50000000000001 5.5000000000000009 1.0028305450000004 0.56527491728018264 5.5000000000000009 -52.929285765999992 6.5000000000000009 100.50000000000001 65.500000000000014 3.5000000000000004 39.500000000000007
decision_type=2 2 10 2 2 2 8 2 2 2 2 2 2 2
left_child=6 7 3 4 5 -3 -1 -2 -6 11 -11 12 -10 -14
right_child=1 2 -4 -5 8 -7 -8 -9 9 10 -12 -13 13 -15
leaf_value=-0.0050145867605111754 -0.00042271985632696962 -0.0020266834627962554 0.0060736131099196154 0.0071183454948010655 0.002696784807018088 0.00021402872035647391 -0.0016287369984251622 -0.0050633207567769402 -1.6629263555001384e-06 -0.0040042445968842405 -0.00053850781039014586 0.00037621841055995311 -0.0050397835878409659 -0.001172016855634528
leaf_weight=2290 50430 15247 2416 15612 4047 10855 4892 10695 245066 7252 12038 203319 2062 16993
leaf_count=2290 50430 15247 2416 15612 4047 10855 4892 10695 245066 7252 12038 203319 2062 16993
internal_value=-9.39543e-05 -5.92245e-05 4.61992e-05 2.1526e-05 -3.34456e-05 -0.0012918 -0.00297412 -0.000981719 3.34925e-05 1.05293e-05 -0.00135657 6.69597e-05 -0.000141457 -0.00193009
internal_weight=603214 596032 534907 532491 516879 26102 7182 61125 490777 486730 19290 467440 264121 19055
internal_count=603214 596032 534907 532491 516879 26102 7182 61125 490777 486730 19290 467440 264121 19055
is_linear=0
shrinkage=0.05


Tree=90
num_leaves=15
num_cat=0
split_feature=6 7 5 7 0 7 2 8 2 7 7 8 8 3
split_gain=21.0948 18.7674 19.1552 16.5016 14.2225 13.0978 11.5081 14.3786 11.1463 13.1281 10.2369 16.3011 9.79898 9.62798
threshold=1.0000000180025095e-35 1.0000032740000002 3.5000000000000004 0.81958612250000018 107.50000000000001 0.99999597650000005 6.5000000000000009 0.74430520700000014 8.5000000000000018 0.8974412610000001 1.2144204880000002 1.7525661985000003 1.2813305535000004 -49.762257882499995
decision_type=2 2 2 2 2 2 2 2 2 2 2 2 2 2
left_child=3 2 -2 -1 6 8 7 -5 9 -4 -9 -12 -6 -11
right_child=1 -3 5 4 12 -7 -8 10 -10 13 11 -13 -14 -15
leaf_value=-0.0027012869023298608 -0.0030498965084281211 -2.1485978588214885e-05 -0.0020032821799667116 0.0037920251435767829 0.0025549014485860503 -0.0054569611237696757 -0.0034367298007457639 6.0908079778043689e-05 -0.0081087614904761709 0.0024519910590643764 0.00078085489826587031 0.00816991191834931 0.010924607771566964 -0.00037655267675422991
leaf_weight=3624 5866 140671 15414 2335 15698 3644 3757 291501 4247 2455 7471 2123 2678 101822
leaf_count=3624 5866 140671 15414 2335 15698 3644 3757 291501 4247 2455 7471 2123 2678 101822
internal_value=-9.94926e-05 -0.000423485 -0.000848239 0.000170303 0.000207676 -0.000719705 0.000126834 0.000160908 -0.000632751 -0.000543356 0.000130563 0.00173716 0.00155867 -0.000341981
internal_weight=603306 274119 133448 329187 325563 127582 307187 303430 123938 119691 301095 9594 18376 104277
internal_count=603306 274119 133448 329187 325563 127582 307187 303430 123938 119691 301095 9594 18376 104277
is_linear=0
shrinkage=0.05


Tree=91
num_leaves=15
num_cat=0
split_feature=0 6 8 7 4 7 7 7 3 8 10 4 7 3
split_gain=21.4134 28.9915 18.5742 27.0755 20.3252 21.7376 19.3442 16.2292 14.8012 14.72 13.2317 20.4581 22.865 13.1741
threshold=116.50000000000001 2.5000000000000004 0.94126630700000014 0.96869012900000018 0.35743859031461861 0.95642187500000009 0.86345377450000005 0.9538022395000002 50.823389254000006 1.3031105590000003 1.0000000180025095e-35 0.98148927211207015 0.94582553550000015 20.529035436500003
decision_type=2 2 2 2 8 2 2 2 2 2 2 10 2 2
left_child=1 2 3 4 -1 7 -4 10 -8 -10 11 12 -6 -12
right_child=-2 -3 6 -5 5 -7 8 -9 9 -11 13 -13 -14 -15
leaf_value=-0.0042186397980408337 0.0080852099674654787 -0.0037973901544135231 0.0034717937556339286 0.00029564940788829875 0.0021426210231743322 -0.0029749916340206656 1.2857476236072253e-05 0.0022806743786374152 0.00054008498899040251 0.0073084138804149212 -0.0013759225564516421 -0.0029874874709211797 -0.0036458702182624704 0.0026053060554111444
leaf_weight=3748 13741 9566 2435 49512 9308 10572 445007 2557 4075 2865 41234 3821 2341 2155
leaf_count=3748 13741 9566 2435 49512 9308 10572 445007 2557 4075 2865 41234 3821 2341 2155
internal_value=-7.48206e-05 -0.000120332 -7.52629e-05 -0.000614357 -0.00120872 -0.00102163 7.33406e-05 -0.000661012 4.93692e-05 0.00233981 -0.000830516 0.000424879 0.00146623 -0.00127811
internal_weight=602937 589196 579630 125248 75736 71988 454382 61416 451947 6940 58859 15470 11649 43389
internal_count=602937 589196 579630 125248 75736 71988 454382 61416 451947 6940 58859 15470 11649 43389
is_linear=0
shrinkage=0.05


Tree=92
num_leaves=15
num_cat=0
split_feature=7 6 7 0 5 7 8 7 0 0 5 9 8 5
split_gain=20.1504 19.4072 17.2961 16.3837 14.9794 11.7885 13.0696 11.6405 9.56422 9.14833 8.79419 7.91364 7.53377 7.36399
threshold=0.76672622050000017 1.0000000180025095e-35 1.0000032740000002 113.50000000000001 3.5000000000000004 1.2144204880000002 1.7525661985000003 0.99999597650000005 65.500000000000014 32.500000000000007 6.5000000000000009 4.5000000000000009 1.5770049490000002 22.500000000000004
decision_type=2 2 2 2 2 2 2 2 2 2 2 2 2 2
left_child=-1 3 4 5 -3 8 13 11 -2 -4 -10 -6 -12 -7
right_child=1 2 9 -5 7 6 -8 -9 10 -11 12 -13 -14 -15
leaf_value=-0.0052004042146089977 -8.7137863089725709e-05 -0.0026841285746765364 -0.0005041460294358868 0.0074723917423936059 -0.002039530945742571 -0.00014647022706067991 0.0074713866107771754 -0.0050020209026093278 -0.0030022051307691728 0.00023379164735912172 0.00050572127123719166 -0.00045265489821186836 0.0036023365099351612 0.0043614144056086856
leaf_weight=2344 199333 5589 30712 8414 11846 5487 2185 3593 2659 109724 104420 111154 2499 2218
leaf_count=2344 199333 5589 30712 8414 11846 5487 2185 3593 2659 109724 104420 111154 2499 2218
internal_value=-8.22218e-05 -6.41215e-05 -0.000375702 0.000195472 -0.000786197 0.000137976 0.00183679 -0.00067428 8.35583e-05 1.06806e-05 0.000458785 -0.000592252 0.000529465 0.00086738
internal_weight=602177 599833 272618 327215 132182 318801 9890 126593 308911 140436 109578 123000 106919 7705
internal_count=602177 599833 272618 327215 132182 318801 9890 126593 308911 140436 109578 123000 106919 7705
is_linear=0
shrinkage=0.05


Tree=93
num_leaves=15
num_cat=0
split_feature=2 7 8 2 9 4 0 0 2 0 2 4 0 7
split_gain=20.2612 17.5293 18.2856 19.2638 16.5539 25.2242 17.8556 15.9252 14.2096 31.1627 22.4187 13.5469 13.0528 11.8104
threshold=8.5000000000000018 0.84552124650000016 0.77790718650000013 2.5000000000000004 4.5000000000000009 1.8849213978977553 114.50000000000001 106.50000000000001 2.5000000000000004 76.500000000000014 4.5000000000000009 0.57233725904819599 46.500000000000007 1.0821846080000002
decision_type=2 2 2 2 2 10 2 2 2 2 2 8 2 2
left_child=1 2 11 -4 -3 6 8 -2 -6 10 12 -1 -10 -12
right_child=7 4 3 -5 5 -7 -8 -9 9 -11 13 -13 -14 -15
leaf_value=-0.0061979777718472913 -0.012895209434484424 -0.00063206442472901747 0.001653823112049646 -0.0026685364031793501 0.00018430457144354986 0.0051974561836953511 0.0056827283123357004 -0.0026666844779374729 -0.0014036212147779559 0.00021854754888316343 -0.0031250096752094836 -0.0025551526647846104 -0.0002148471627157339 0.00048359978247582982
leaf_weight=2066 2132 46619 3004 2726 279611 2626 18708 4196 19115 146565 13124 3868 56308 2199
leaf_count=2066 2132 46619 3004 2726 279611 2626 18708 4196 19115 146565 13124 3868 56308 2199
internal_value=-6.06057e-05 -3.07396e-05 -0.00194961 6.5388e-05 7.54428e-06 8.5832e-05 6.18425e-05 -0.00287384 6.91587e-06 -0.000277636 -0.00100577 -0.00389375 -0.000651449 -0.00274905
internal_weight=602867 596539 11664 5730 584875 538256 535630 6328 516922 237311 90746 5934 75423 15323
internal_count=602867 596539 11664 5730 584875 538256 535630 6328 516922 237311 90746 5934 75423 15323
is_linear=0
shrinkage=0.05


Tree=94
num_leaves=15
num_cat=0
split_feature=3 7 0 8 9 4 3 10 3 4 4 3 4 8
split_gain=18.1087 16.6902 15.4834 14.7359 13.6355 12.774 20.4818 19.6716 18.1714 12.6003 12.3495 9.26856 11.6068 7.65091
threshold=76.205644274500017 0.84552124650000016 117.50000000000001 0.77790718650000013 6.5000000000000009 0.51160410681972357 -52.929285765999992 1.0000000180025095e-35 -16.843869203999997 0.57233725904819599 0.35743859031461861 -18.303194952499997 0.71976276784462578 1.7525661985000003
decision_type=2 2 2 2 2 10 2 2 2 8 10 2 10 2
left_child=1 3 4 9 11 7 -7 -6 10 -1 -9 -3 -13 -8
right_child=-2 2 -4 -5 5 6 13 8 -10 -11 -12 12 -14 -15
leaf_value=-0.0060727777018262765 0.0085088111619712869 -0.0027509532703381663 0.01197233105923461 -5.18836724102828e-05 0.0004689583987081636 0.0044491637659774428 9.4162421720778159e-06 -0.0062249784095158751 -2.0981221423788113e-05 -0.0022966397245607006 -0.0024651517640389589 0.00015345877152389 -0.0008967430917481839 0.0025811159181298171
leaf_weight=2156 2343 8162 8764 5707 7981 2939 477199 2017 5701 3930 7003 27796 35962 5609
leaf_count=2156 2343 8162 8764 5707 7981 2939 477199 2017 5701 3930 7003 27796 35962 5609
internal_value=-7.56083e-05 -9.27311e-05 -5.54412e-05 -0.00195478 -8.69482e-05 4.20392e-06 5.83888e-05 -0.00115493 -0.00223839 -0.00366524 -0.00363435 -0.000731317 -0.000528128 3.30356e-05
internal_weight=603269 600926 589133 11793 580369 508449 485747 22702 14721 6086 9020 71920 63758 482808
internal_count=603269 600926 589133 11793 580369 508449 485747 22702 14721 6086 9020 71920 63758 482808
is_linear=0
shrinkage=0.05


Tree=95
num_leaves=15
num_cat=0
split_feature=2 0 0 2 0 2 7 7 7 0 7 0 3 4
split_gain=17.7461 27.8741 16.314 36.7982 26.8767 15.3267 14.5871 12.7805 12.2984 10.6273 9.56905 10.5107 9.5746 9.3548
threshold=7.5000000000000009 92.500000000000014 82.500000000000014 3.5000000000000004 42.500000000000007 6.5000000000000009 1.1571966490000001 1.0170809905000002 1.2144204880000002 103.50000000000001 0.97756886900000006 66.500000000000014 8.6033328135000016 1.4898485953439204
decision_type=2 2 2 2 2 2 2 2 2 2 2 2 2 10
left_child=2 -2 3 8 -5 10 13 9 -1 -3 11 -6 -12 -4
right_child=1 7 6 4 5 -7 -8 -9 -10 -11 12 -13 -14 -15
leaf_value=-2.1151060021934456e-05 -0.013645495140475646 -0.0067885864733049361 0.00035683705904857033 -0.0042883348441890012 -0.0020846279902442854 -0.0062824089906063979 0.0037433335542242153 0.005091734478192062 0.0017501871658920478 -0.0016550610913415587 -1.9458052986481846e-05 -0.00056381581825453169 -0.0032849440493766344 0.0058671931405097303
leaf_weight=349939 2660 2649 154896 4646 8472 2356 8367 2365 11393 10694 28889 10339 2770 2449
leaf_count=349939 2660 2649 154896 4646 8472 2356 8367 2365 11393 10694 28889 10339 2770 2449
internal_value=-4.56137e-05 -0.00157568 2.48066e-06 -0.000163678 -0.0013388 -0.00101787 0.000422407 -0.000773245 2.3247e-05 -0.0013738 -0.000833581 -0.00172659 -0.000302789 0.000314188
internal_weight=602884 18368 584516 418804 57472 52826 165712 15708 361332 13343 50470 18811 31659 157345
internal_count=602884 18368 584516 418804 57472 52826 165712 15708 361332 13343 50470 18811 31659 157345
is_linear=0
shrinkage=0.05


Tree=96
num_leaves=15
num_cat=0
split_feature=2 0 7 0 2 7 7 4 5 4 7 2 4 3
split_gain=20.5395 40.8683 15.9242 14.775 38.796 14.5704 17.9804 12.9067 12.4496 11.8292 11.4573 16.8566 10.7 10.3003
threshold=6.5000000000000009 89.500000000000014 0.76672622050000017 58.500000000000007 2.5000000000000004 1.0028305450000004 1.0105151605000002 0.66787660406692362 30.500000000000004 0.80405983433807904 0.98837550900000004 3.5000000000000004 0.78733374906509435 31.171277678000003
decision_type=2 2 2 2 2 2 2 10 2 10 2 2 10 2
left_child=2 7 -1 4 9 10 -7 -2 -5 -4 11 -6 -13 -11
right_child=1 -3 3 8 5 6 -8 -9 -10 13 -12 12 -14 -15
leaf_value=-0.0044957049494138701 -0.010212516952694962 -0.0009160653983367157 0.00030400621777728622 0.00020875260798712271 -0.00052886856099344521 0.0029352147140882801 -0.00076721819002755214 -0.0037589326244097197 0.002761677948810326 -0.00022702233549062867 -0.0037634035406652945 -0.0018862126035222749 -0.00504171332243546 0.002274906311058028
leaf_weight=2159 3186 31818 94994 251763 12001 2119 20161 2764 13811 153943 4307 5387 2114 2622
leaf_count=2159 3186 31818 94994 251763 12001 2119 20161 2764 13811 153943 4307 5387 2114 2622
internal_value=-8.63171e-05 -0.00121515 -1.08996e-05 5.54838e-06 -0.000236349 -0.00156989 -0.000650662 -0.00501679 0.00027666 7.99995e-06 -0.00242977 -0.00191342 -0.00377198 -0.000259069
internal_weight=603149 37768 565381 563222 297648 46089 22280 5950 265574 251559 23809 19502 7501 156565
internal_count=603149 37768 565381 563222 297648 46089 22280 5950 265574 251559 23809 19502 7501 156565
is_linear=0
shrinkage=0.05


Tree=97
num_leaves=15
num_cat=0
split_feature=2 0 2 4 0 2 0 9 0 8 8 4 8 8
split_gain=20.0223 15.1161 14.3959 36.1894 27.5224 21.0182 15.3419 14.6207 13.5724 13.1929 11.9794 13.6719 11.7956 43.9097
threshold=8.5000000000000018 117.50000000000001 2.5000000000000004 0.35743859031461861 69.500000000000014 4.5000000000000009 41.500000000000007 25.500000000000004 38.500000000000007 1.4651190150000002 0.77790718650000013 0.79582763493033359 1.0740730545000001 1.0047635060000002
decision_type=2 2 2 10 2 2 2 2 2 2 2 8 2 2
left_child=1 2 6 -4 5 8 10 -8 -5 12 -1 -12 13 -9
right_child=-2 -3 3 4 -6 -7 7 9 -10 -11 11 -13 -14 -15
leaf_value=-0.0022899670616097533 -0.0073003134452721136 0.012287490831547133 -0.0064411604141061786 -0.0017120286226563254 1.7342664228467419e-05 -0.0031652481833844438 0.0016278932745044661 -0.00050393176765698713 -0.00033568670334865327 0.0019200622960167781 0.00029176724085255292 -0.00027693685370480393 -0.00024648337781940644 0.0024215074475136158
leaf_weight=3902 6351 8172 2322 11322 191380 10734 18853 19250 52374 11333 75707 118182 59695 13519
leaf_count=3902 6351 8172 2322 11322 191380 10734 18853 19250 52374 11333 75707 118182 59695 13519
internal_value=-8.57236e-05 -5.59908e-05 -8.56513e-05 -0.000355975 -0.00030162 -0.00111742 0.000140546 0.000579879 -0.000772358 0.000347175 -0.000131891 -7.66527e-05 0.00014978 0.000911927
internal_weight=603096 596745 588573 268132 265810 74430 320441 122650 63696 103797 197791 193889 92464 32769
internal_count=603096 596745 588573 268132 265810 74430 320441 122650 63696 103797 197791 193889 92464 32769
is_linear=0
shrinkage=0.05


Tree=98
num_leaves=15
num_cat=0
split_feature=2 0 8 4 0 2 9 0 5 3 10 2 8 4
split_gain=18.3983 37.4533 17.0261 15.9264 14.1825 26.4361 13.572 12.1987 11.5781 9.30478 25.7885 9.20295 15.8293 15.0181
threshold=5.5000000000000009 90.500000000000014 0.68865825150000004 0.63544472319498613 62.500000000000007 3.5000000000000004 6.5000000000000009 41.500000000000007 34.500000000000007 -31.827366203999997 1.0000000180025095e-35 1.5000000000000002 1.0740730545000001 0.96880967447011801
decision_type=2 2 2 10 2 2 2 2 2 2 2 2 2 10
left_child=2 3 -1 -2 5 11 -3 -7 9 10 -6 -4 -13 -14
right_child=1 6 4 -5 8 7 -8 -9 -10 -11 -12 12 13 -15
leaf_value=-0.0036340534192931709 -0.005167038535346594 -0.0034607230984795459 0.00011302876818247433 -0.0022046105937318541 0.0041976906151628916 -0.0037080658183396287 0.00036560566311522047 -0.0010595360231748425 0.0050469230468585318 0.00026383058426433792 -0.00027128458996238672 0.00022777283838446851 -0.0012608395543132367 0.00011009475955685577
leaf_weight=3406 5900 10868 199406 10079 6366 3913 43608 15043 5267 193960 8530 40458 36096 20253
leaf_count=3406 5900 10868 199406 10079 6366 3913 43608 15043 5267 193960 8530 40458 36096 20253
internal_value=-4.59457e-05 -0.000805244 5.44863e-05 -0.0029334 7.71778e-05 -0.000136155 -0.000180797 -0.0019461 0.00039118 0.000332757 0.00153681 -2.02976e-05 -0.000420273 -0.000961999
internal_weight=603153 70455 532698 15979 529292 315169 54476 18956 214123 208856 14896 296213 96807 56349
internal_count=603153 70455 532698 15979 529292 315169 54476 18956 214123 208856 14896 296213 96807 56349
is_linear=0
shrinkage=0.05


Tree=99
num_leaves=15
num_cat=0
split_feature=2 1 3 7 7 10 3 3 2 8 2 8 1 3
split_gain=19.1406 26.3638 13.5384 13.2744 11.2887 24.7704 25.3823 23.5459 22.165 25.2367 13.2679 13.9405 14.523 14.0088
threshold=7.5000000000000009 27.500000000000004 63.732635600000002 1.0170809905000002 0.94145840750000009 1.0000000180025095e-35 19.904875060000006 -27.545719619999996 1.5000000000000002 0.91659057850000003 3.5000000000000004 0.83764020900000002 72.500000000000014 -6.0316543594999992
decision_type=2 2 2 2 2 2 2 2 2 2 2 2 2 2
left_child=2 3 4 -2 5 7 10 -1 -9 -10 11 13 -13 -7
right_child=1 -3 -4 -5 -6 6 -8 8 9 -11 -12 12 -14 -15
leaf_value=0.0056518277541135198 -0.0030360632164383203 -0.012118958566164524 0.0054968792538118236 0.0053571379469969579 6.2983544944350553e-05 -0.0033739090344129781 0.0046720489588075289 0.0012013111256651944 0.0012801530942976704 -0.0022545109191090098 -0.00244229111131358 0.0011692513407780547 -0.00077289692789745963 -0.00014963571371046092
leaf_weight=3002 13294 2679 4550 2368 490685 6219 3295 8673 6130 7829 20700 10179 18253 4677
leaf_count=3002 13294 2679 4550 2368 490685 6219 3295 8673 6130 7829 20700 10179 18253 4677
internal_value=-4.83994e-05 -0.00163864 1.54058e-06 -0.000853705 -1.97965e-05 -0.000538011 -0.00106884 0.000773236 0.000220877 -0.00101242 -0.00130345 -0.00076399 -0.000181102 -0.00228419
internal_weight=602533 18341 584192 15662 579642 88957 63323 25634 22632 13959 60028 39328 28432 10896
internal_count=602533 18341 584192 15662 579642 88957 63323 25634 22632 13959 60028 39328 28432 10896
is_linear=0
shrinkage=0.05


Tree=100
num_leaves=15
num_cat=0
split_feature=2 0 2 0 0 8 3 8 0 8 2 0 8 8
split_gain=18.1235 12.2131 12.6295 33.7953 12.863 13.6136 14.8975 12.7463 12.149 11.7782 11.5942 11.7758 10.8422 19.1734
threshold=8.5000000000000018 117.50000000000001 3.5000000000000004 62.500000000000007 55.500000000000007 0.77790718650000013 -7.3713757954999997 0.81254877800000014 106.50000000000001 1.5082692240000002 4.5000000000000009 38.500000000000007 1.0740730545000001 1.0662247685000001
decision_type=2 2 2 2 2 2 2 2 2 2 2 2 2 2
left_child=1 2 4 10 5 6 -1 -7 -2 12 11 -4 13 -6
right_child=8 -3 3 -5 9 7 -8 -9 -10 -11 -12 -13 -14 -15
leaf_value=-0.0044768309327905586 -0.010432296279181364 0.011011819257041262 -0.0036375722474611045 -0.00022330068962310713 0.00068285810567852436 0.0019773699320823012 -0.00015505831165665287 -7.9692154020893921e-05 -0.0027645316473132011 0.0025092644387990251 -0.0043144308358378817 -0.00067360727017284634 -2.4024580314863098e-05 0.0052766598011413342
leaf_weight=2542 2139 8267 2483 156813 48032 3289 3051 261878 4189 9480 6987 12282 79289 2544
leaf_count=2542 2139 8267 2483 156813 48032 3289 3051 261878 4189 9480 6987 12282 79289 2544
internal_value=-7.8924e-05 -5.06959e-05 -7.75046e-05 -0.000428473 7.53152e-05 -0.00012557 -0.00256565 -7.40557e-05 -0.00273962 0.000465644 -0.00227513 -0.0014802 0.000341399 0.000913386
internal_weight=603265 596937 588670 178565 410105 270760 5593 265167 6328 139345 21752 14765 129865 50576
internal_count=603265 596937 588670 178565 410105 270760 5593 265167 6328 139345 21752 14765 129865 50576
is_linear=0
shrinkage=0.05


Tree=101
num_leaves=15
num_cat=0
split_feature=2 0 8 4 2 8 4 8 8 4 0 0 0 10
split_gain=17.8368 12.8347 11.9383 22.4505 15.9686 30.4654 21.2333 17.8567 16.4263 13.8971 25.6029 12.8153 11.7637 10.3146
threshold=8.5000000000000018 117.50000000000001 1.2446306440000001 1.8849213978977553 1.0000000180025095e-35 1.3422790635000001 0.93206526845653559 1.3299292450000004 1.3943300865000003 0.35743859031461861 25.500000000000004 90.500000000000014 105.50000000000001 1.0000000180025095e-35
decision_type=2 2 2 10 2 2 10 2 2 8 2 2 2 2
left_child=1 2 9 4 5 7 8 -4 -7 10 -1 13 -2 -6
right_child=12 -3 3 -5 11 6 -8 -9 -10 -11 -12 -13 -14 -15
leaf_value=-0.00048774232249355345 -0.010800396918084196 0.011837265519195117 0.0014231621175686911 0.0057044756652843594 -0.00076330459465009384 -0.00094252304039072756 -0.00085890112628657931 0.0035965140957639032 0.0019921252441590489 -9.9963211962239567e-05 -0.0061491151652565594 0.0017780015977787889 -0.0029163756002992844 0.00010426196523530273
leaf_weight=12343 2007 8179 13372 2173 31363 3024 13574 2177 7705 424853 2348 18533 4344 56771
leaf_count=12343 2007 8179 13372 2173 31363 3024 13574 2177 7705 424853 2348 18533 4344 56771
internal_value=-3.79497e-05 -9.8714e-06 -3.72296e-05 0.000350041 0.000275126 0.00112904 2.31405e-05 0.00285698 0.00168507 -0.000168241 -0.00167988 -4.39431e-05 -0.00267267 -0.000295272
internal_weight=602766 596415 588236 148692 146519 39852 24303 15549 10729 439544 14691 106667 6351 88134
internal_count=602766 596415 588236 148692 146519 39852 24303 15549 10729 439544 14691 106667 6351 88134
is_linear=0
shrinkage=0.05


Tree=102
num_leaves=15
num_cat=0
split_feature=2 0 7 8 4 0 2 0 4 7 8 9 7 8
split_gain=16.6308 33.7837 17.4538 15.1023 13.7463 12.5566 17.8478 13.7513 11.5326 10.4698 11.686 16.3145 15.5773 11.0246
threshold=5.5000000000000009 88.500000000000014 1.0178366350000003 0.68865825150000004 0.64083047439950669 81.500000000000014 2.5000000000000004 38.500000000000007 1.4489083042277773 0.96869012900000018 0.98148926200000008 31.500000000000004 0.98061034350000009 1.0827236170000003
decision_type=2 2 2 2 10 2 2 2 10 2 2 2 2 2
left_child=3 4 -3 -1 -2 6 -5 -8 -7 13 11 -11 -12 -9
right_child=1 2 -4 5 -6 8 7 9 -10 10 12 -13 -14 -15
leaf_value=-0.0030978680213098564 -0.0051968380549708192 -0.0012759340059726122 0.0021705846215791247 6.8349459889943678e-05 -0.0020117808266332804 0.00052322019318626898 -0.0016731923979193708 -0.00067609538205866133 0.0049515628051026942 0.00028594336342618599 0.0023616470137734547 0.0038275616966764073 -0.00055797093337318644 -0.0024848554416764534
leaf_weight=3410 5690 42650 13655 297387 8664 121263 12287 22710 4623 9272 3456 2781 51549 3663
leaf_count=3410 5690 42650 13655 297387 8664 121263 12287 22710 4623 9272 3456 2781 51549 3663
internal_value=-8.29098e-05 -0.000803627 -0.00025151 1.27487e-05 -0.00296852 3.41449e-05 -0.000101988 -0.000659979 0.000470049 -0.000453118 -0.000121155 0.00128856 -0.000430149 -0.00129701
internal_weight=603060 70659 56305 532401 14354 528991 403105 105718 125886 93431 67058 12053 55005 26373
internal_count=603060 70659 56305 532401 14354 528991 403105 105718 125886 93431 67058 12053 55005 26373
is_linear=0
shrinkage=0.05


Tree=103
num_leaves=15
num_cat=0
split_feature=9 4 4 3 0 7 7 10 4 3 8 8 8 3
split_gain=14.6605 19.0299 15.6295 15.78 10.4456 7.73502 6.98004 12.6005 16.6615 14.8165 12.9261 8.20916 7.36838 14.985
threshold=4.5000000000000009 1.8849213978977553 0.29756586021559889 -17.131382210999998 117.50000000000001 1.1419274980000003 0.93545507400000016 1.0000000180025095e-35 0.90706985602174106 19.904875060000006 1.0641062075000003 0.98358188800000013 0.79104986950000011 -37.934793236999994
decision_type=2 10 10 2 2 2 2 2 10 2 2 2 2 2
left_child=5 2 3 -2 6 -1 7 8 10 12 11 -4 -9 -14
right_child=1 -3 4 -5 -6 -7 -8 9 -10 -11 -12 -13 13 -15
leaf_value=-0.00076147023849428843 -0.0055340062384463653 0.0040227432579725301 0.0017526544889372873 -0.0004994813382798891 0.010120844316127581 0.0011142235142619806 7.2885727918325935e-05 -0.002054202352757831 -0.00083474601610878947 0.0036924877316479921 -0.00061394304685486736 0.0025017383707809926 0.0023542486036157387 -0.00085533357667416654
leaf_weight=45197 2001 2632 6264 4547 7847 4044 464374 11883 8570 2750 2222 2084 4115 34613
leaf_count=45197 2001 2632 6264 4547 7847 4044 464374 11883 8570 2750 2222 2084 4115 34613
internal_value=-4.46615e-05 2.88406e-05 8.57104e-06 -0.00241874 3.77712e-05 -0.000871391 1.12921e-05 -0.000444963 0.000655524 -0.00083972 0.00198345 0.00288519 -0.00103401 -0.000699662
internal_weight=603143 553902 551270 6548 544722 49241 536875 72501 19140 53361 10570 8348 50611 38728
internal_count=603143 553902 551270 6548 544722 49241 536875 72501 19140 53361 10570 8348 50611 38728
is_linear=0
shrinkage=0.05


Tree=104
num_leaves=15
num_cat=0
split_feature=2 0 8 0 2 5 4 2 8 4 10 4 4 8
split_gain=16.567 37.3646 12.7359 11.8047 28.981 10.161 9.93545 9.69437 18.411 14.588 15.4455 10.1384 12.7298 13.6427
threshold=6.5000000000000009 88.500000000000014 0.68865825150000004 51.500000000000007 3.5000000000000004 34.500000000000007 0.66787660406692362 1.5000000000000002 1.0718944470000003 0.99907973902934355 1.0000000180025095e-35 0.76721988229899429 0.54856326548529599 0.88109867800000019
decision_type=2 2 2 2 2 2 10 2 2 10 2 8 10 2
left_child=2 6 -1 4 7 -5 -2 11 -9 -10 -11 12 -4 -14
right_child=1 -3 3 5 -6 -7 -8 8 9 10 -12 -13 13 -15
leaf_value=-0.0029627187771230773 -0.009079303660466843 -0.00072433690716460777 -5.1663324587730713e-05 0.0002351794057214085 -0.0019968434898308992 0.0043076111399138169 -0.0035639619084507483 0.0002263732913057981 -0.0013941372126663354 -0.0015181029574415084 0.0011446650342801345 -0.00011598037548247176 -0.0019168699083082054 0.0011062181267441796
leaf_weight=4488 3036 32068 29823 292087 9976 5942 2568 28575 28153 3666 7800 125932 2470 26622
leaf_count=4488 3036 32068 29823 292087 9976 5942 2568 28575 28153 3666 7800 125932 2470 26622
internal_value=-4.2481e-05 -0.00105767 2.5153e-05 4.63862e-05 -0.00019775 0.000261841 -0.00482261 -9.35107e-05 -0.000603015 -0.00130066 0.000202685 9.44675e-05 0.00063582 0.00137987
internal_weight=603206 37672 565534 561046 263017 298029 5604 253041 68194 39619 11466 184847 58915 29092
internal_count=603206 37672 565534 561046 263017 298029 5604 253041 68194 39619 11466 184847 58915 29092
is_linear=0
shrinkage=0.05


Tree=105
num_leaves=15
num_cat=0
split_feature=6 4 7 7 8 8 7 7 2 4 8 5 7 8
split_gain=14.5143 13.0953 12.7913 10.9723 9.70454 26.8782 20.9808 10.9723 29.8722 9.40447 13.6094 8.72734 8.03229 14.5392
threshold=2.5000000000000004 0.68221677956616023 1.1386926285000003 0.76672622050000017 1.4367579390000003 1.4204552660000003 1.1010016215000002 1.0240737210000002 1.0000000180025095e-35 0.88997202552395649 1.5323565370000003 27.500000000000004 1.1487888835000002 1.3422790635000001
decision_type=2 10 2 2 2 2 2 2 2 10 2 2 2 2
left_child=2 -2 3 -1 5 -5 7 8 -6 -8 -11 12 13 -4
right_child=1 -3 11 4 6 -7 9 -9 -10 10 -12 -13 -14 -15
leaf_value=-0.003751128136554871 -0.0055871382472240608 -0.0016835601028871829 0.0044647749437343818 -7.9728461953121338e-05 0.0036300704921195638 -0.0024975977928388322 0.0010251303837584354 0.0017807023406222811 -0.0023891796259615686 -5.9805922288297401e-06 -0.004504901597886665 0.0034873999839854565 0.00023880227658099607 -0.00046819148383142606
leaf_weight=2244 2226 8782 3470 512305 2248 3494 2208 13416 3141 2172 2284 4963 37098 2737
leaf_count=2244 2226 8782 3470 512305 2248 3494 2208 13416 3141 2172 2284 4963 37098 2737
internal_value=-5.83948e-05 -0.0018569 -2.49246e-05 -9.42013e-05 -7.97195e-05 -0.000126768 0.000872949 0.00172714 -0.000178439 -0.00153696 -0.0028581 0.00075508 0.000527303 0.00219132
internal_weight=602788 11008 591780 543512 541268 515799 25469 18805 5389 6664 4456 48268 43305 6207
internal_count=602788 11008 591780 543512 541268 515799 25469 18805 5389 6664 4456 48268 43305 6207
is_linear=0
shrinkage=0.05


Tree=106
num_leaves=15
num_cat=0
split_feature=2 0 2 0 7 0 7 0 2 3 7 2 3 7
split_gain=16.099 12.0472 10.9564 29.362 14.6031 10.5364 10.2716 10.2058 18.1131 9.57208 9.42786 9.40839 8.92241 7.62053
threshold=8.5000000000000018 113.50000000000001 4.5000000000000009 70.500000000000014 0.9729607225000001 106.50000000000001 1.0846760750000002 41.500000000000007 1.0000000180025095e-35 -22.066511562499993 0.87994351050000008 3.5000000000000004 -0.61239942349999998 0.95642187500000009
decision_type=2 2 2 2 2 2 2 2 2 2 2 2 2 2
left_child=1 2 7 9 -5 -2 -3 8 10 -4 -1 -10 -12 -14
right_child=5 6 3 4 -6 -7 -8 -9 11 -11 12 -13 13 -15
leaf_value=-0.0018852196966301707 -0.0094595619223537247 0.0018626717095138246 -0.0045994452154220862 -0.0013935382003212732 0.00033529047270243196 -0.0026656389436639422 0.012256557294878923 0.00020604520591156473 -0.0004168457506928236 -0.0012564789622684593 0.00050493779789093638 -0.0024842263503547985 0.00077364669462419715 -0.00023269132547216187
leaf_weight=3240 2159 22626 6282 31046 51886 4176 3148 262529 109860 5822 47204 3392 6353 43263
leaf_count=3240 2159 22626 6282 31046 51886 4176 3148 262529 109860 5822 47204 3392 6353 43263
internal_value=-6.2729e-05 -3.6097e-05 -8.38396e-05 -0.000573963 -0.000238133 -0.00256901 0.00102118 1.40539e-05 -0.000242831 -0.0028739 0.000247339 -0.000675896 0.000336174 -0.000132001
internal_weight=602986 596651 570877 95036 82932 6335 25774 475841 213312 12104 100060 113252 96820 49616
internal_count=602986 596651 570877 95036 82932 6335 25774 475841 213312 12104 100060 113252 96820 49616
is_linear=0
shrinkage=0.05


Tree=107
num_leaves=15
num_cat=0
split_feature=2 0 4 8 0 3 2 0 8 8 8 8 8 8
split_gain=15.8119 37.9292 12.598 12.0717 11.6916 9.09231 8.83976 22.0185 9.45788 34.4591 24.8021 16.1753 18.6347 12.0696
threshold=6.5000000000000009 90.500000000000014 0.66787660406692362 0.68865825150000004 117.50000000000001 -52.929285765999992 2.5000000000000004 48.500000000000007 1.0764179985000002 1.0683823090000002 1.1196012330000003 0.94126630700000014 0.93469491400000015 1.0718944470000003
decision_type=2 2 10 2 2 2 2 2 2 2 2 2 2 2
left_child=3 2 -2 -1 6 -3 8 -8 9 11 -10 12 -5 -11
right_child=1 5 -4 4 -6 -7 7 -9 10 13 -12 -13 -14 -15
leaf_value=-0.0029312314549515732 -0.0082812617759683294 0.0028487879435495911 -0.0029575987789561028 -0.0001091363143738533 0.013086560200140469 -0.0011548044577307612 -0.0011748448929350787 -4.0591053356822675e-05 -0.0010019566487280585 0.0042929831719061172 0.00014733216302665887 0.00060805649275418874 -0.002434486585151119 0.0016500697769160745
leaf_weight=4442 3405 3810 2991 36584 5206 27624 26153 210554 26272 2775 179907 68112 3069 2317
leaf_count=4442 3405 3810 2991 36584 5206 27624 26153 210554 26272 2775 179907 68112 3069 2317
internal_value=-4.05528e-05 -0.00103013 -0.00453835 2.56679e-05 4.62382e-05 -0.000315691 2.41341e-05 -0.000207372 0.0001959 0.000563852 -5.51692e-06 0.000373829 -0.00042898 0.00458113
internal_weight=603221 37830 6396 565391 560949 31434 555743 236707 319036 112857 206179 107765 39653 5092
internal_count=603221 37830 6396 565391 560949 31434 555743 236707 319036 112857 206179 107765 39653 5092
is_linear=0
shrinkage=0.05


Tree=108
num_leaves=15
num_cat=0
split_feature=2 9 4 4 8 0 2 10 4 8 8 8 4 8
split_gain=15.0442 10.8357 16.2361 12.2984 15.8407 9.30326 11.1636 11.7793 36.9132 17.1716 20.0252 33.8778 16.1031 13.4267
threshold=8.5000000000000018 3.5000000000000004 1.8849213978977553 0.32923589918357193 0.88740900450000015 107.50000000000001 2.5000000000000004 1.0000000180025095e-35 0.79861177508388403 0.97028689900000009 1.0740730545000001 1.0618907285000001 1.0229638353666859 1.4463131295000002
decision_type=2 2 10 10 2 2 2 2 10 2 2 2 10 2
left_child=1 -1 3 4 -3 6 7 8 -5 -9 11 12 -11 -10
right_child=-2 2 -4 5 -6 -7 -8 9 13 10 -12 -13 -14 -15
leaf_value=-0.00058689549843012338 -0.0055341703100727493 -0.005863609748506679 0.0036914748804342092 0.00078255681251560016 -0.00041204023148338489 0.0016181982187424726 -0.00025091606941002597 -0.00049667174609192572 -0.00053701776335469693 0.00025571176633634176 0.00037785412609551153 0.0056257489222724562 0.002482535955968332 0.0012345617742299808
leaf_weight=35988 6334 2120 2941 33925 7804 50417 216160 28793 94537 12655 94843 2671 8546 5395
leaf_count=35988 6334 2120 2941 33925 7804 50417 216160 28793 94537 12655 94843 2671 8546 5395
internal_value=-1.82588e-05 7.47738e-06 6.14511e-05 4.19004e-05 -0.00170208 7.35016e-05 7.9141e-06 0.000215508 -0.000124102 0.000523683 0.000789357 0.0020836 0.0014141 -0.000607883
internal_weight=603129 596795 560807 557866 9924 547942 497525 281365 133857 147508 118715 23872 21201 99932
internal_count=603129 596795 560807 557866 9924 547942 497525 281365 133857 147508 118715 23872 21201 99932
is_linear=0
shrinkage=0.05


Tree=109
num_leaves=15
num_cat=0
split_feature=2 7 0 7 9 4 3 3 4 5 0 9 7 3
split_gain=13.8897 11.1062 10.9753 10.487 10.2277 10.7709 13.5251 10.6201 16.2583 9.3618 8.56285 6.27977 9.09333 7.95772
threshold=8.5000000000000018 0.76672622050000017 108.50000000000001 1.2144204880000002 4.5000000000000009 0.29756586021559889 -14.037810615999998 -52.929285765999992 0.52171636167940372 26.500000000000004 117.50000000000001 67.500000000000014 0.95726174300000011 23.290152989500005
decision_type=2 2 2 2 2 10 2 2 10 2 2 2 2 2
left_child=1 -1 -2 4 -3 6 -6 8 -7 -5 11 -9 -13 -14
right_child=2 3 -4 9 5 7 -8 10 -10 -11 -12 12 13 -15
leaf_value=-0.003432804067185 -0.008494433944944528 -0.00054468250613085305 -0.0015056954226239706 0.00085302831115492423 -0.004003639342407223 -0.00055652898701329947 -0.00015965471612543053 -2.6818079414692165e-05 0.0051319752850881506 0.0060436584750999285 0.010554917119818786 0.0044476163712842938 0.0018078323774372851 -0.0025146746511683863
leaf_weight=2295 2532 46192 3794 13797 2385 2453 3886 503453 2546 2215 6927 2228 5520 2910
leaf_count=2295 2532 46192 3794 13797 2385 2453 3886 503453 2546 2215 6927 2228 5520 2910
internal_value=-5.15015e-05 -2.67882e-05 -0.00238114 -1.33722e-05 -4.83142e-05 1.36198e-05 -0.00204549 3.81861e-05 0.00233064 0.00124867 1.61695e-05 -7.36701e-06 0.00119338 0.000441612
internal_weight=603133 596807 6326 594512 578500 532308 6271 526037 4999 16012 521038 514111 10658 8430
internal_count=603133 596807 6326 594512 578500 532308 6271 526037 4999 16012 521038 514111 10658 8430
is_linear=0
shrinkage=0.05


Tree=110
num_leaves=15
num_cat=0
split_feature=2 0 3 4 8 0 2 2 4 8 3 8 0 8
split_gain=15.2718 31.3727 10.2784 9.87869 9.63358 8.67524 19.9314 10.0193 10.6607 10.1948 8.35517 7.57619 7.24015 7.1502
threshold=6.5000000000000009 89.500000000000014 76.205644274500017 0.66787660406692362 0.68865825150000004 63.500000000000007 4.5000000000000009 2.5000000000000004 0.79861177508388403 0.79595372650000018 -52.929285765999992 0.87496105300000016 29.500000000000004 0.89582704350000009
decision_type=2 2 2 10 2 2 2 2 8 2 2 2 2 2
left_child=2 3 4 -2 -1 6 7 8 11 -10 -3 -6 -9 -13
right_child=1 10 -4 -5 5 -7 -8 12 9 -11 -12 13 -14 -15
leaf_value=-0.0024992049298193653 -0.0077722894421665273 0.0026404357658353739 0.0067491155677648247 -0.0029980498974552881 -0.0006855562818834011 0.00029041189749343669 -0.0028890344900716959 -0.0020937165881660612 0.0025991226337494541 -0.00016529999205297798 -0.0012540770436363813 0.0017196496206561052 -0.00040790250824854771 0.00035244641226450657
leaf_weight=4429 3160 3892 2291 2723 7556 236997 6673 4569 2568 171900 27993 2396 46405 79129
leaf_count=4429 3160 3892 2291 2723 7556 236997 6673 4569 2568 171900 27993 2396 46405 79129
internal_value=-4.45713e-05 -0.00101792 2.05118e-05 -0.00437118 6.88733e-06 2.5327e-05 -0.000143991 -8.6598e-05 3.7516e-05 -0.000189714 -0.000398636 0.000482539 -0.000728241 0.00062293
internal_weight=602681 37768 564913 5883 562622 558193 321196 314523 263549 174468 31885 89081 50974 81525
internal_count=602681 37768 564913 5883 562622 558193 321196 314523 263549 174468 31885 89081 50974 81525
is_linear=0
shrinkage=0.05


Tree=111
num_leaves=15
num_cat=0
split_feature=2 0 7 0 8 8 7 8 8 8 2 0 7 8
split_gain=11.729 11.327 10.0243 10.5221 9.927 11.8119 24.8988 14.1589 26.1285 13.2805 12.5935 11.8182 10.6644 15.8797
threshold=8.5000000000000018 105.50000000000001 1.0613606390000003 111.50000000000001 0.99671222700000006 1.1536804645000001 1.0656498325000003 1.1902301025000004 1.1754289115000003 1.0764179985000002 1.0000000180025095e-35 48.500000000000007 1.2144204880000002 1.3422790635000001
decision_type=2 2 2 2 2 2 2 2 2 2 2 2 2 2
left_child=2 -2 -1 4 -4 9 -7 8 11 -6 -11 -8 13 -9
right_child=1 -3 3 -5 5 6 7 12 -10 10 -12 -13 -14 -15
leaf_value=-0.000101822510838806 -0.0085475977156929898 -0.0016683391936692549 0.0015460711339481015 0.0067260319220534825 0.00047288008046045553 0.0026051197021526307 -0.0025243664807182487 0.00050832664781491068 0.0054172173029331146 -0.0023744485292397643 -0.00096157911579601021 0.0015638432659707104 0.0015196556474335377 -0.00072773148163388654
leaf_weight=445556 2018 4361 9022 6471 12076 4539 2114 37171 3614 3478 14116 2756 14874 41225
leaf_count=445556 2018 4361 9022 6471 12076 4539 2114 37171 3614 3478 14116 2756 14874 41225
internal_value=-2.79046e-05 -0.0021597 -5.10873e-06 0.000346294 0.000258207 0.000151598 0.00039782 0.000236097 0.00219107 -0.000730413 -0.00160663 -0.0002 5.81614e-05 -0.000174743
internal_weight=603391 6379 597012 151456 144985 135963 106293 101754 8484 29670 17594 4870 93270 78396
internal_count=603391 6379 597012 151456 144985 135963 106293 101754 8484 29670 17594 4870 93270 78396
is_linear=0
shrinkage=0.05


Tree=112
num_leaves=15
num_cat=0
split_feature=2 0 7 4 0 7 5 8 9 8 8 8 4 10
split_gain=11.1122 23.5016 10.0399 9.18252 20.2218 8.44608 8.28618 7.28034 9.14689 8.70356 7.37725 15.2044 12.7111 10.6181
threshold=7.5000000000000009 92.500000000000014 1.0170809905000002 0.35743859031461861 27.500000000000004 0.91643843150000015 34.500000000000007 1.7525661985000003 36.500000000000007 1.6737040555000002 1.4463131295000002 1.4064681965000003 1.1883314325673744 1.0000000180025095e-35
decision_type=2 2 2 8 2 2 2 2 2 2 2 2 10 2
left_child=3 -2 5 4 -1 -3 7 9 -9 10 11 -5 -13 -12
right_child=1 2 -4 6 -6 -7 -8 8 -10 -11 13 12 -14 -15
leaf_value=-0.00032337029456635526 -0.0096737357746395636 0.0027303091692673174 0.0052176645858191574 -4.2453020974678181e-06 -0.0046231639391141723 -0.0035604632696216222 0.0024711564083416794 0.00049963217742427792 0.0057881306306547453 -0.0020667710149127523 0.0014684914120503712 -0.00060410166161565257 -0.0036107843694565267 0.00017285730490495811
leaf_weight=17386 2642 2480 2367 502578 2149 10807 7644 4334 2028 4336 8367 8087 2820 24534
leaf_count=17386 2642 2480 2367 502578 2149 10807 7644 4334 2028 4336 8367 8087 2820 24534
internal_value=-4.90197e-05 -0.00126223 -0.000525257 -1.10181e-05 -0.00107664 -0.00105985 2.58529e-05 3.41059e-06 0.00168447 -1.60243e-05 1.69293e-06 -4.48159e-05 -0.00189127 0.000727451
internal_weight=602559 18296 15654 584263 19535 13287 564728 557084 6362 550722 546386 513485 10907 32901
internal_count=602559 18296 15654 584263 19535 13287 564728 557084 6362 550722 546386 513485 10907 32901
is_linear=0
shrinkage=0.05


Tree=113
num_leaves=15
num_cat=0
split_feature=7 2 1 10 3 3 1 7 7 7 2 1 7 2
split_gain=10.4719 9.58852 17.5099 15.5416 46.0193 21.9197 16.4208 25.9836 15.2032 22.3354 14.8645 12.8248 12.7263 38.4182
threshold=0.76672622050000017 2.5000000000000004 49.500000000000007 1.0000000180025095e-35 -7.6844581554999989 -7.0629654849999994 80.500000000000014 1.0042370100000002 1.0265433815000002 1.0364832885000002 4.5000000000000009 51.500000000000007 0.96656320350000013 1.0000000180025095e-35
decision_type=2 2 2 2 2 2 2 2 2 2 2 2 2 2
left_child=-1 3 -3 4 11 -5 7 -7 -9 -10 -4 -2 13 -6
right_child=1 2 10 5 12 6 -8 8 9 -11 -12 -13 -14 -15
leaf_value=-0.003314449245770951 0.0034146289538988794 2.818215542929048e-05 -0.00044278981626077465 -0.00044178287992732159 0.0013576923411982578 0.0024454762758080451 0.00028740417043276182 -0.0013840778172579283 0.0042464160157250855 0.00077962272804681381 -0.0025131411443395399 0.0006551003224834818 -0.00063713330830271475 -0.00088520576748734594
leaf_weight=2315 4835 202451 66485 38600 8712 15973 81995 3927 2102 26425 12232 32363 91776 12842
leaf_count=2315 4835 202451 66485 38600 8712 15973 81995 3927 2102 26425 12232 32363 91776 12842
internal_value=-2.54752e-05 -1.25266e-05 -0.000225484 0.000174853 -0.000194642 0.000503914 0.000813674 0.00154366 0.000730922 0.0011325 -0.000858242 0.00133121 -0.000695504 0.000397746
internal_weight=603033 600718 281168 319550 150528 169022 130422 48427 32454 28527 78717 37198 113330 21554
internal_count=603033 600718 281168 319550 150528 169022 130422 48427 32454 28527 78717 37198 113330 21554
is_linear=0
shrinkage=0.05


Tree=114
num_leaves=15
num_cat=0
split_feature=2 7 7 7 3 4 4 8 8 7 8 7 2 9
split_gain=12.5429 9.92751 9.061 7.92505 10.6717 13.5073 7.35368 7.72999 13.4562 19.7071 11.7076 9.07149 11.1725 7.98347
threshold=7.5000000000000009 1.0170809905000002 1.1386926285000003 0.76672622050000017 -49.762257882499995 0.52171636167940372 1.8849213978977553 1.4001526630000003 1.5173317195000002 1.2063955475000003 1.4651190150000002 1.1487888835000002 2.5000000000000004 42.500000000000007
decision_type=2 2 2 2 2 10 8 2 2 2 2 2 2 2
left_child=2 -2 3 -1 5 -5 7 11 9 10 -9 12 -4 -10
right_child=1 -3 6 4 -6 -7 -8 8 13 -11 -12 -13 -14 -15
leaf_value=-0.0032406410137853642 -0.0037441685645465822 0.0031374645456909559 0.0047354122076278598 -0.00038353876958549667 -5.4604808454228328e-05 0.0038152316353557095 0.0039922910800315519 -0.0013642242271538541 0.00024862442706416465 0.0012798573800249598 -0.0056326555116753274 0.00066347519460177584 0.00086283617280109588 0.0039475974365065312
leaf_weight=2224 15682 2628 2214 2766 527817 2957 2143 3274 12666 3098 2138 17247 2469 3244
leaf_count=2224 15682 2628 2214 2766 527817 2957 2143 3274 12666 3098 2138 17247 2469 3244
internal_value=-3.4249e-05 -0.00132269 6.14022e-06 -5.31012e-05 -4.06714e-05 0.00210588 0.000660594 0.000527991 -8.39304e-05 -0.0016882 -0.00350748 0.00120925 0.00315966 0.000774427
internal_weight=602567 18310 584257 535764 533540 5723 48493 46350 24420 8510 5412 21930 4683 15910
internal_count=602567 18310 584257 535764 533540 5723 48493 46350 24420 8510 5412 21930 4683 15910
is_linear=0
shrinkage=0.05


Tree=115
num_leaves=15
num_cat=0
split_feature=1 2 1 7 7 3 8 7 7 8 7 8 8 7
split_gain=11.0103 13.2301 22.2494 13.1046 10.2048 7.47202 14.4233 7.8216 9.00638 32.3825 16.7243 10.2052 9.50185 18.9941
threshold=2.5000000000000004 7.5000000000000009 28.500000000000004 1.0170809905000002 0.91643843150000015 -49.762257882499995 0.91348845350000019 1.0613606390000003 1.0656498325000003 1.1220314955000001 1.066811229 1.2035651145000001 1.0282665715000003 1.1050115760000001
decision_type=2 2 2 2 2 2 2 2 2 2 2 2 2 2
left_child=-1 5 3 4 -3 6 -2 -7 9 -9 -10 -11 13 -12
right_child=1 2 -4 -5 -6 7 -8 8 10 11 12 -13 -14 -15
leaf_value=0.0097513839322224023 -0.00038985118920474294 0.0027949801988782388 -0.0096919079741624569 0.0053000539001066245 -0.0039338170116669765 -0.00011410543049160671 0.0028510063008992063 -0.0023639499316419929 -0.0038122439519008124 0.0053250545238616642 0.0028154386925869136 0.0015672198751786326 0.00010739773969112298 -0.0016040803365360403
leaf_weight=9186 3347 2185 2523 2063 9300 422463 2550 3450 2339 2010 8249 3755 125990 3707
leaf_count=9186 3347 2185 2523 2063 9300 422463 2550 3450 2339 2010 8249 3755 125990 3707
internal_value=-2.27359e-05 -4.93109e-05 -0.00146414 -0.00066037 -0.00131963 -9.95042e-06 0.00176 -2.8214e-05 0.000282599 0.00179637 0.000183103 0.00408795 0.000254257 0.00160104
internal_weight=603117 593931 16071 13548 11485 577860 5897 571963 149500 9215 140285 5765 137946 11956
internal_count=603117 593931 16071 13548 11485 577860 5897 571963 149500 9215 140285 5765 137946 11956
is_linear=0
shrinkage=0.05


Tree=116
num_leaves=15
num_cat=0
split_feature=2 0 0 7 8 8 8 9 7 7 0 7 0 2
split_gain=10.4401 22.5196 9.52205 7.15746 18.2434 8.11743 12.734 7.25813 7.90896 6.95292 7.69077 7.30583 6.1476 7.88633
threshold=7.5000000000000009 92.500000000000014 117.50000000000001 1.2144204880000002 1.3380616085000001 1.5082692240000002 1.7525661985000003 4.5000000000000009 0.76672622050000017 1.0170809905000002 103.50000000000001 0.91846181150000017 99.500000000000014 4.5000000000000009
decision_type=2 2 2 2 2 2 2 2 2 2 2 2 2 2
left_child=2 -2 3 7 -5 -6 -7 -1 -9 10 -3 -12 13 -10
right_child=1 9 -4 4 5 6 -8 8 12 -11 11 -13 -14 -15
leaf_value=-0.00042373175937907573 -0.0084723733220993021 -0.0043459102404354525 0.012191083511458756 -0.0034202351716727808 0.0035959788627571323 -0.00041281647824792936 0.004981594042509513 -0.0032136292674766658 2.0897220847973522e-05 0.0037805805420476541 0.0047052481677609202 -0.0023554224665179981 0.0007858701096958077 -0.00068333544622944942
leaf_weight=43865 2647 2619 6742 2339 3969 6415 3295 2042 397638 2362 2038 8583 70898 47549
leaf_count=43865 2647 2619 6742 2339 3969 6415 3295 2042 397638 2362 2038 8583 70898 47549
internal_value=-2.56424e-05 -0.00120316 1.11157e-05 -1.06831e-05 0.00103133 0.00172921 0.000949563 -4.03917e-05 1.18937e-05 -0.000478952 -0.000924877 -0.000325852 2.41964e-05 -4.46717e-05
internal_weight=603001 18249 584752 578010 16018 13679 9710 561992 518127 15602 13240 10621 516085 445187
internal_count=603001 18249 584752 578010 16018 13679 9710 561992 518127 15602 13240 10621 516085 445187
is_linear=0
shrinkage=0.05


Tree=117
num_leaves=15
num_cat=0
split_feature=9 4 7 2 0 2 9 8 0 3 7 4 9 8
split_gain=9.44604 11.2321 8.6903 7.96849 7.77931 21.0981 9.67719 8.2209 8.21106 7.44982 8.37716 7.32434 12.8153 10.4689
threshold=3.5000000000000004 1.8849213978977553 0.76672622050000017 5.5000000000000009 103.50000000000001 6.5000000000000009 16.500000000000004 1.4286551905000002 96.500000000000014 -52.929285765999992 0.96223363100000003 0.76998383900337874 51.500000000000007 0.74430520700000014
decision_type=2 10 2 2 2 2 2 2 2 2 2 10 2 2
left_child=3 2 -2 -1 5 11 8 9 -7 -6 -11 12 -4 -13
right_child=1 -3 4 -5 7 6 -8 -9 -10 10 -12 13 -14 -15
leaf_value=-0.00031304322338265302 -0.0030757159982033933 0.0030010982589754654 0.00015774834682483752 -0.0047381772350773401 0.0047504815068143413 -0.0057656241789814282 -0.00065907716096181852 0.007903421718070824 -0.00120366410136879 -0.0012364057044785466 0.0012921498606501326 0.0030019188627747662 0.003409745673543213 -0.00012360317038027092
leaf_weight=31151 2197 2961 124541 6062 2621 4732 6375 2477 2352 18122 49404 3272 2820 344151
leaf_count=31151 2197 2961 124541 6062 2621 4732 6375 2477 2352 18122 49404 3272 2820 344151
internal_value=-3.88318e-05 1.19031e-05 -4.26236e-06 -0.000810428 8.04551e-06 -6.37739e-05 -0.00201556 0.000490851 -0.00328678 0.000390759 0.000289126 -8.4248e-06 0.00031592 -0.000127329
internal_weight=603238 566025 563064 37213 560867 488243 13459 72624 7084 70147 67526 474784 127361 347423
internal_count=603238 566025 563064 37213 560867 488243 13459 72624 7084 70147 67526 474784 127361 347423
is_linear=0
shrinkage=0.05


Tree=118
num_leaves=15
num_cat=0
split_feature=2 7 3 7 2 8 8 8 3 7 8 7 7 0
split_gain=11.2464 8.86952 13.1332 10.1605 11.2146 10.4453 10.0096 50.2055 25.9085 18.1692 21.2644 14.7752 16.7753 13.9458
threshold=8.5000000000000018 0.94145840750000009 29.946231634000004 0.94020563450000016 2.5000000000000004 1.0662247685000001 0.99999892150000014 1.0000014820000003 -2.0058444304999994 0.98972433900000012 0.79595372650000018 0.98061034350000009 0.97842538000000012 97.500000000000014
decision_type=2 2 2 2 2 2 2 2 2 2 2 2 2 2
left_child=1 2 3 4 -1 -6 9 8 -8 11 13 12 -3 -11
right_child=-2 6 -4 -5 5 -7 7 -9 -10 10 -12 -13 -14 -15
leaf_value=9.7680488229601184e-05 -0.0044082170865714218 3.1600365932835109e-05 0.0028644748147891533 -0.0030808027000779172 -0.00073489350507856266 -0.0032520076899581422 -0.0064925226229322957 3.2575707351983897e-05 0.0006791768664296872 0.0048076938906367328 0.00083240766340116903 -0.0016218868099664926 0.0044289416183447396 0.0028786069451536334
leaf_weight=42303 6386 49831 2497 2295 41996 3765 4837 370495 2018 2074 56985 12118 3179 2299
leaf_count=42303 6386 49831 2497 2295 41996 3765 4837 370495 2018 2074 56985 12118 3179 2299
internal_value=-1.43015e-05 8.04428e-06 -0.000440982 -0.0005399 -0.000454189 -0.000996646 9.08025e-05 -3.82266e-05 -0.0042766 0.000475726 0.00109309 -0.000105937 0.000254173 0.00445123
internal_weight=603078 596692 92856 90359 88064 45761 503836 377350 6855 126486 61358 65128 53010 4373
internal_count=603078 596692 92856 90359 88064 45761 503836 377350 6855 126486 61358 65128 53010 4373
is_linear=0
shrinkage=0.05


Tree=119
num_leaves=15
num_cat=0
split_feature=6 3 8 8 7 7 5 3 10 3 10 5 9 0
split_gain=9.12886 8.28575 7.01184 11.7571 10.8621 8.6441 4.99952 12.5313 14.8234 7.28525 12.3086 6.71171 5.00886 5.05827
threshold=2.5000000000000004 76.205644274500017 1.7525661985000003 1.6737040555000002 1.2388234870000001 1.1571966490000001 5.5000000000000009 -49.762257882499995 1.0000000180025095e-35 -14.268554733999999 1.0000000180025095e-35 3.5000000000000004 4.5000000000000009 117.50000000000001
decision_type=2 2 2 2 2 2 2 2 2 2 2 2 2 2
left_child=1 2 3 4 6 -4 9 8 -8 10 -1 -12 -9 -14
right_child=-2 -3 5 -5 -6 -7 7 12 -10 -11 11 -13 13 -15
leaf_value=0.00084572425199999082 -0.0021370191239470592 0.0058194581371913802 -0.0011767694436366494 -0.002213502131035733 0.0024215313916065018 0.0039228616216356732 0.0052172767311118558 -0.00078928951349472871 0.00052158500702893524 -8.5804976018522005e-05 -0.0038267985261357788 -0.0011106089579129286 -1.3534970401229974e-05 0.0078836634742155635
leaf_weight=4152 10949 2309 2113 4468 6902 4524 2230 16458 4645 39517 4088 6936 486825 6850
leaf_count=4152 10949 2309 2113 4468 6902 4524 2230 16458 4645 39517 4088 6936 486825 6850
internal_value=-3.61128e-05 -9.64913e-06 -2.13663e-05 -3.97675e-05 -2.00265e-05 0.00159402 -4.38381e-05 4.25521e-06 0.00212391 -0.000498419 -0.00142942 -0.00230302 -2.43317e-05 4.27909e-06
internal_weight=602966 592017 589708 583071 578603 6637 571701 517008 6875 54693 15176 11024 510133 493675
internal_count=602966 592017 589708 583071 578603 6637 571701 517008 6875 54693 15176 11024 510133 493675
is_linear=0
shrinkage=0.05


Tree=120
num_leaves=15
num_cat=0
split_feature=2 0 7 7 5 7 8 8 8 3 8 5 3 2
split_gain=9.42529 8.10913 6.87818 6.56069 6.72875 8.64094 7.83822 7.90396 7.26438 8.8905 7.09765 5.95881 11.5477 6.25122
threshold=8.5000000000000018 106.50000000000001 0.76672622050000017 1.1386926285000003 26.500000000000004 1.1487888835000002 1.7525661985000003 1.6426879150000002 1.5951425160000003 -16.278971034499996 1.3422790635000001 5.5000000000000009 -52.929285765999992 3.5000000000000004
decision_type=2 2 2 2 2 2 2 2 2 2 2 2 2 2
left_child=2 -2 -1 11 5 10 7 8 9 -7 -5 13 -13 -4
right_child=1 -3 3 4 -6 6 -8 -9 -10 -11 -12 12 -14 -15
leaf_value=-0.0028229530804152457 -0.0071619513634717247 -0.0020392950642132536 -0.00021073794308527072 0.0036316307214152941 0.0029806298451141079 0.0028880935673336939 0.0030269742605213814 -0.0027602499803212168 0.0043575615581858936 -0.0004284730955210897 4.5412081251205998e-05 0.0025515020465727181 -2.2660478270217223e-05 -0.0018292724481621199
leaf_weight=2266 2145 4260 42009 3464 5846 2053 4106 3697 2304 24452 2705 4181 489334 10038
leaf_count=2266 2145 4260 42009 3464 5846 2053 4106 3697 2304 24452 2705 4181 489334 10038
internal_value=-3.71559e-05 -0.00194423 -1.66608e-05 -6.16381e-06 0.000550306 0.000332761 4.09646e-05 -0.000219157 6.03005e-05 -0.000173991 0.00206309 -5.57677e-05 -2.10225e-06 -0.00056458
internal_weight=602860 6405 596455 594189 48627 42781 36612 32506 28809 26505 6169 545562 493515 52047
internal_count=602860 6405 596455 594189 48627 42781 36612 32506 28809 26505 6169 545562 493515 52047
is_linear=0
shrinkage=0.05


Tree=121
num_leaves=15
num_cat=0
split_feature=6 0 7 4 4 4 7 9 4 3 3 4 6 10
split_gain=8.87634 8.2336 8.65652 7.65868 5.88934 5.28832 5.05452 4.35212 3.98154 14.9979 7.63773 5.3638 4.52019 6.41302
threshold=2.5000000000000004 109.50000000000001 1.0846760750000002 0.68221677956616023 1.276563918403016 2.1520561233829971 0.76672622050000017 29.500000000000004 0.35743859031461861 -18.005878744499999 -49.762257882499995 0.52171636167940372 1.0000000180025095e-35 1.0000000180025095e-35
decision_type=2 2 2 10 10 10 2 2 8 2 2 10 2 2
left_child=1 5 4 -2 -3 6 -1 -4 9 -8 11 -10 13 -12
right_child=3 2 7 -5 -6 -7 8 -9 10 -11 12 -13 -14 -15
leaf_value=-0.002247840418333136 -0.0045380547057977802 0.00053716739243778731 0.0094476123945198831 -0.0013015391797669307 0.0056385546610998455 0.0021062113328267464 -0.0030787196164793976 0.0029751710165817347 7.1422295942233374e-05 -8.671318677935802e-05 -0.00011899281625244729 0.0027454268631898456 -0.00018899393298845991 0.00025192952509610345
leaf_weight=2115 2236 35149 2683 8710 3302 2161 3212 2949 2815 15955 138484 3375 222358 157566
leaf_count=2115 2236 35149 2683 8710 3302 2161 3212 2949 2815 15955 138484 3375 222358 157566
internal_value=-2.08515e-05 5.23535e-06 0.000662595 -0.00143138 0.000394282 -4.76465e-05 -5.74297e-05 0.00249246 -4.79293e-05 -0.000755659 -2.20643e-05 0.00172316 -4.29194e-05 8.50349e-05
internal_weight=603070 592124 44083 10946 38451 548041 545880 5632 543765 19167 524598 6190 518408 296050
internal_count=603070 592124 44083 10946 38451 548041 545880 5632 543765 19167 524598 6190 518408 296050
is_linear=0
shrinkage=0.05


Tree=122
num_leaves=15
num_cat=0
split_feature=2 0 4 0 2 4 8 3 8 9 2 8 8 8
split_gain=10.7438 21.8307 11.9007 8.68919 13.5243 11.278 11.1935 15.7471 10.9099 9.3946 10.6796 8.63943 8.09845 35.1545
threshold=4.5000000000000009 76.500000000000014 0.70779283103020696 47.500000000000007 1.5000000000000002 0.79304054310890493 1.0898411570000002 0.14921052650000002 1.2952929185000002 25.500000000000004 2.5000000000000004 0.79104986950000011 1.0740730545000001 1.0683823090000002
decision_type=2 2 10 2 2 10 2 2 2 2 2 2 2 2
left_child=3 2 -2 4 5 8 -6 -8 11 10 -5 -1 13 -11
right_child=1 -3 -4 9 6 -7 7 -9 -10 12 -12 -13 -14 -15
leaf_value=-0.0022188859071849256 -0.0037300735314148448 -0.00026134973787372563 -0.00065219469482336034 0.0018072724828980702 -5.2223571548848381e-05 -0.00014948736753775949 -0.0014869595650402218 0.00033792910145619137 0.0011289454161246633 0.00031697616089431118 0.00044486028785359902 0.0002270391262557764 -0.00016633818300805514 0.0054693142069412283
leaf_weight=2130 9038 102731 8749 12553 30933 109178 24520 8930 16084 62499 56145 50675 106674 2318
leaf_count=2130 9038 102731 8749 12553 30933 109178 24520 8930 16084 62499 56145 50675 106674 2318
internal_value=-2.55528e-05 -0.00044784 -0.00206483 7.98984e-05 -0.000131261 9.32909e-05 -0.000752275 -0.00138619 0.00059421 0.000293044 0.000787084 0.000246876 9.51188e-05 0.000535891
internal_weight=603157 120518 17787 482639 242450 178067 64383 33450 68889 240189 68698 52805 171491 64817
internal_count=603157 120518 17787 482639 242450 178067 64383 33450 68889 240189 68698 52805 171491 64817
is_linear=0
shrinkage=0.05


Tree=123
num_leaves=15
num_cat=0
split_feature=7 7 10 8 4 7 8 8 8 8 4 10 8 7
split_gain=7.89165 9.21356 16.0274 9.22765 8.95116 8.82343 18.3248 8.10912 21.3505 16.5439 12.4691 22.3914 10.9553 10.8948
threshold=1.0613606390000003 1.0635794135000001 1.0000000180025095e-35 0.99671222700000006 2.1520561233829971 1.0993248375000002 0.95077513550000015 1.2446306440000001 1.2510785460000002 1.2385596870000002 1.174414330344854 1.0000000180025095e-35 1.3558034290000003 1.0240737210000002
decision_type=2 2 2 2 8 2 2 2 2 2 10 2 2 2
left_child=7 2 -2 5 -5 6 -3 9 -9 -1 -10 12 -12 -13
right_child=1 3 -4 4 -6 -7 -8 8 10 -11 11 13 -14 -15
leaf_value=-0.00018171143957286808 0.0035359453566196188 0.00044416084602070253 -0.00014139804377920619 2.851438252151617e-05 0.0024243510571003604 -0.00057201748069179157 0.0060795756409974203 0.0033557988043821374 0.00035955371147304295 -0.0027193424515437881 -0.0041656067159654584 0.0024932480557916525 -0.00073122193874854417 -0.0010020277611959422
leaf_weight=384587 2065 3757 2761 134248 2657 3036 2879 3167 51131 2659 2855 2064 2019 3226
leaf_count=384587 2065 3757 2761 134248 2657 3036 2879 3167 51131 2659 2855 2064 2019 3226
internal_value=-4.41665e-05 0.000268232 0.00241668 0.000197415 9.194e-05 0.00168957 0.00271044 -0.000148878 0.000370345 -0.000235312 0.000163336 -0.00143574 -0.00387887 0.000816808
internal_weight=603111 151403 4826 146577 136905 9672 6636 451708 64462 387246 61295 10164 4874 5290
internal_count=603111 151403 4826 146577 136905 9672 6636 451708 64462 387246 61295 10164 4874 5290
is_linear=0
shrinkage=0.05


Tree=124
num_leaves=15
num_cat=0
split_feature=2 0 9 9 0 3 8 8 8 8 2 10 2 8
split_gain=10.2058 26.1391 10.1025 6.25443 6.24325 5.86247 5.79182 5.46908 32.3632 29.827 17.3552 12.8287 12.91 11.0111
threshold=6.5000000000000009 90.500000000000014 13.500000000000002 4.5000000000000009 117.50000000000001 -57.151973939999998 0.68865825150000004 1.0764179985000002 1.0683823090000002 1.1066455615000004 1.5000000000000002 1.0000000180025095e-35 1.0000000180025095e-35 1.0960426700000003
decision_type=2 2 2 2 2 2 2 2 2 2 2 2 2 2
left_child=4 2 -2 -3 6 -5 -1 8 -8 11 -10 12 -9 -14
right_child=1 3 -4 5 -6 -7 7 9 10 -11 -12 -13 13 -15
leaf_value=-0.0019960546390075037 -0.0072648421353913584 -0.0041899083816801536 -0.0019520980300607631 0.0032023604885524806 0.011097849972921337 -0.00031039441381484624 7.0387737384272622e-05 -0.0027285219247841666 0.0043564347968082454 4.1011418511549551e-05 0.0015106062026618628 -0.00041088759370855321 -0.00066564391420319562 -0.0029872303122056246
leaf_weight=4384 3175 4936 3222 2621 5267 23798 239248 3560 3199 275131 5859 13917 9549 5059
leaf_count=4384 3175 4936 3222 2621 5267 23798 239248 3560 3199 275131 5859 13917 9549 5059
internal_value=-2.78017e-05 -0.000823688 -0.00373516 -0.000229193 2.53681e-05 7.61618e-05 9.24254e-06 2.35362e-05 0.000198038 -0.000117505 0.00313086 -0.00156007 -0.00243493 -0.00177582
internal_weight=602925 37752 6397 31355 565173 26419 559906 555522 248306 307216 9058 32085 18168 14608
internal_count=602925 37752 6397 31355 565173 26419 559906 555522 248306 307216 9058 32085 18168 14608
is_linear=0
shrinkage=0.05


Tree=125
num_leaves=15
num_cat=0
split_feature=9 4 4 7 10 3 3 0 4 5 10 4 3 7
split_gain=8.34573 10.1561 8.57608 16.4258 13.6632 8.86026 7.72501 7.45663 6.56792 5.59421 16.4009 32.2962 23.8805 14.782
threshold=3.5000000000000004 1.8849213978977553 0.39518376835316876 1.0070104045000001 1.0000000180025095e-35 -52.929285765999992 -14.992636486999997 117.50000000000001 0.52171636167940372 13.500000000000002 1.0000000180025095e-35 0.95126189311525466 -6.9089394824999992 1.0809948500000002
decision_type=2 10 10 2 2 2 2 2 10 2 2 10 2 2
left_child=-1 2 3 4 -2 8 -6 9 -4 -7 12 -12 -11 -13
right_child=1 -3 5 -5 6 7 -8 -9 -10 10 11 13 -14 -15
leaf_value=-0.00057765835987923784 0.00028809371391264608 0.002922167139102122 4.3272717592005018e-05 0.00066471296229682071 -0.0040385867329857652 0.00014302761590930248 -0.0015117933404249551 0.0098000517476546315 0.0034031130412959161 0.00037254738754665951 -0.0008782746351159832 0.0010781815530983092 -0.00075488195010739445 -9.5802763462471413e-05
leaf_weight=37024 2871 2920 2444 5873 3920 223915 2809 7951 3242 47158 48167 71524 104360 38930
leaf_count=37024 2871 2920 2444 5873 3920 223915 2809 7951 3242 47158 48167 71524 104360 38930
internal_value=-2.89332e-05 1.86366e-05 3.37377e-06 -0.00115729 -0.00243103 3.61743e-05 -0.00366238 1.55671e-05 0.00199877 -7.06851e-06 -0.00014457 0.000210795 -0.000516588 0.000681927
internal_weight=603108 566084 563164 15473 9600 547691 6729 542005 5686 534054 310139 158621 151518 110454
internal_count=603108 566084 563164 15473 9600 547691 6729 542005 5686 534054 310139 158621 151518 110454
is_linear=0
shrinkage=0.05


Tree=126
num_leaves=15
num_cat=0
split_feature=2 0 5 7 8 2 4 9 4 2 0 5 8 8
split_gain=8.13031 6.86601 6.64216 5.28573 10.2023 15.2283 7.63646 5.09084 5.79321 5.29728 12.0261 10.9488 10.5809 28.3594
threshold=8.5000000000000018 109.50000000000001 34.500000000000007 0.84552124650000016 0.77790718650000013 2.5000000000000004 0.79022619399102489 3.5000000000000004 0.93206526845653559 1.0000000180025095e-35 37.500000000000007 4.5000000000000009 1.2359317230000004 1.3422790635000001
decision_type=2 2 2 2 2 2 8 2 10 2 2 2 2 2
left_child=2 -2 3 4 6 -6 -1 8 -5 12 -11 -12 -9 -14
right_child=1 -3 -4 7 5 -7 -8 9 -10 10 11 -13 13 -15
leaf_value=-0.0036464566961783408 -0.0061881037999570732 -0.00080948715689356521 0.0022292227729571986 -0.00010604192861594087 0.0018693259415360807 -0.002114463804186209 -3.0465334997997753e-05 -4.4140170582465668e-05 -0.0014177391307623355 -0.00038356962024316548 -0.0020142742213525191 0.00011661500885905008 0.0016913843056286461 -0.00010804065317346069
leaf_weight=3921 2717 3560 7684 24265 2968 2687 2005 54722 10883 87538 6828 357498 14766 20844
leaf_count=3921 2717 3560 7684 24265 2968 2687 2005 54722 10883 87538 6828 357498 14766 20844
internal_value=-3.52883e-05 -0.00182466 -1.6447e-05 -3.55093e-05 -0.00109291 0.000426237 -0.00254173 -1.42895e-05 -0.000597389 2.35153e-05 -4.6363e-05 8.00783e-05 0.000373048 0.0010438
internal_weight=602886 6277 596609 588925 11581 5655 5926 577344 35148 542196 451864 364326 90332 35610
internal_count=602886 6277 596609 588925 11581 5655 5926 577344 35148 542196 451864 364326 90332 35610
is_linear=0
shrinkage=0.05


Tree=127
num_leaves=15
num_cat=0
split_feature=2 3 0 8 9 8 8 8 0 8 8 8 8 10
split_gain=7.20834 6.79672 5.47439 5.18714 10.201 7.41009 5.789 6.23252 6.77787 5.52319 40.4454 22.1571 12.4601 10.0733
threshold=8.5000000000000018 76.205644274500017 105.50000000000001 1.7525661985000003 36.500000000000007 1.6737040555000002 1.5622098910000002 1.5770049490000002 66.500000000000014 1.0740730545000001 1.0683823090000002 1.1066455615000004 1.1001262120000004 1.0000000180025095e-35
decision_type=2 2 2 2 2 2 2 2 2 2 2 2 2 2
left_child=1 3 -2 5 -5 6 9 -8 -9 10 13 12 -11 -1
right_child=2 -3 -4 4 -6 -7 7 8 -10 11 -12 -13 -14 -15
leaf_value=0.0003083023950631314 -0.0058260304675530564 0.0053706572686502037 -0.0017405214090710705 8.2906880926467144e-05 0.0058931766638207102 -0.0018823875786259771 0.0028039075820816442 -0.0003738317468110597 0.0039734418686524749 -0.00080097314175261178 0.0031402425089574887 -2.327243215204944e-05 -0.0023806257439161873 -0.00025525217757723653
leaf_weight=121261 2005 2385 4310 4606 2019 4453 2368 6659 2558 28266 6956 253975 7107 153705
leaf_count=121261 2005 2385 4310 4606 2019 4453 2368 6659 2558 28266 6956 253975 7107 153705
internal_value=-2.71515e-05 -9.34896e-06 -0.00170688 -2.00568e-05 0.00137066 -3.57561e-05 -2.02236e-05 0.00108607 0.000497452 -4.26677e-05 0.000114835 -0.000196127 -0.00136844 1.95475e-05
internal_weight=602633 596318 6315 593933 6625 587308 582855 11585 9217 571270 281922 289348 35373 274966
internal_count=602633 596318 6315 593933 6625 587308 582855 11585 9217 571270 281922 289348 35373 274966
is_linear=0
shrinkage=0.05


Tree=128
num_leaves=15
num_cat=0
split_feature=2 0 8 8 8 8 8 8 8 10 3 10 3 0
split_gain=7.43393 19.6399 12.332 16.0565 13.0293 10.6488 33.7941 21.7629 16.7544 15.3281 16.1732 11.4331 15.8791 16.9041
threshold=3.5000000000000004 45.500000000000007 1.4963180630000001 1.270054652 1.2883523065000004 1.0740730545000001 1.0683823090000002 1.1492766345000003 1.1536804645000001 1.0000000180025095e-35 -15.4822907365 1.0000000180025095e-35 11.429343747500001 93.500000000000014
decision_type=2 2 2 2 2 2 2 2 2 2 2 2 2 2
left_child=5 -2 3 -3 -5 6 -1 9 -9 -7 -11 12 13 -10
right_child=1 2 -4 4 -6 7 -8 8 11 10 -12 -13 -14 -15
leaf_value=0.00022079554671605717 -0.0023354116933972462 -0.00032719959833895089 -0.0045317199226556559 0.0033775335021861141 0.0010823255070674693 -0.0010764873239314965 0.0035048143814019775 0.0021229184919854651 -0.00013026823265067101 -0.0029875336551549061 0.00037557373732765025 0.00037250201093991242 -0.0020678292752002478 0.0056559641876427679
leaf_weight=147783 6279 170215 3332 2073 10016 34113 5020 3579 69838 2573 22591 109635 12856 2850
leaf_count=147783 6279 170215 3332 2073 10016 34113 5020 3579 69838 2573 22591 109635 12856 2850
internal_value=-1.55328e-05 -0.000272444 -0.000179378 -0.00012424 0.00163614 0.00010448 0.000435268 -9.14102e-05 0.000159361 -0.000932197 3.97314e-06 9.71519e-05 -0.000336065 -4.95233e-05
internal_weight=602753 191915 185636 182304 12089 410838 152803 258035 198758 59277 25164 195179 85544 72688
internal_count=602753 191915 185636 182304 12089 410838 152803 258035 198758 59277 25164 195179 85544 72688
is_linear=0
shrinkage=0.05


Tree=129
num_leaves=15
num_cat=0
split_feature=2 4 0 10 3 8 8 8 3 8 8 8 8 2
split_gain=7.11362 16.2999 12.1925 10.0737 39.257 20.5837 41.4387 18.5511 17.8011 15.8627 14.2186 14.0145 14.9235 14.9955
threshold=2.5000000000000004 0.35743859031461861 45.500000000000007 1.0000000180025095e-35 -7.6844581554999989 1.0047635060000002 1.0740730545000001 0.99999892150000014 -13.112059680499998 1.0662247685000001 0.97463657000000015 1.0259573835000002 1.1754289115000003 1.0000000180025095e-35
decision_type=2 10 2 2 2 2 2 2 2 2 2 2 2 2
left_child=3 -2 -3 4 -1 7 9 10 -8 -7 -5 -6 -13 -14
right_child=1 2 -4 5 11 6 8 -9 -10 -11 -12 12 13 -15
leaf_value=0.00088283547107706473 -0.0039177439395497561 -0.0010083478147210085 -6.1718772471208724e-05 -0.00048877016471895606 0.00029244131047260206 0.0019666136785509909 -0.0017888625094691886 -0.0036510787301131001 0.00049081551369620506 0.0048923023435053061 0.0014592381833415935 -0.00096090785336303561 0.00041408968012605077 -0.00089140899343204127
leaf_weight=37410 2429 20788 259409 35208 24963 14264 7460 4049 100898 2219 6126 39623 21569 26789
leaf_count=37410 2429 20788 259409 35208 24963 14264 7460 4049 100898 2219 6126 39623 21569 26789
internal_value=-4.9734e-07 -0.000183366 -0.000147974 0.000160723 -0.000137504 0.000424135 0.000755631 -0.000487739 0.000400275 0.00309088 -0.000171146 -0.000602484 -0.000899149 -0.000309638
internal_weight=603204 282626 280197 320578 150354 170224 124841 45383 108358 16483 41334 112944 87981 48358
internal_count=603204 282626 280197 320578 150354 170224 124841 45383 108358 16483 41334 112944 87981 48358
is_linear=0
shrinkage=0.05


Tree=130
num_leaves=15
num_cat=0
split_feature=2 0 4 3 8 4 10 2 7 0 10 4 4 7
split_gain=6.57047 24.6865 10.6387 7.54359 6.719 6.49553 19.5166 32.9237 28.8261 18.8379 15.6395 24.8536 24.1185 17.6126
threshold=6.5000000000000009 88.500000000000014 0.69150674617221008 -57.151973939999998 0.68865825150000004 0.76721988229899429 1.0000000180025095e-35 1.0000000180025095e-35 0.9507491695000001 51.500000000000007 1.0000000180025095e-35 0.95126189311525466 1.0884242804561362 1.0928608330000003
decision_type=2 2 10 2 2 10 2 2 2 2 2 10 10 2
left_child=4 2 -2 -3 -1 6 8 -8 -6 -10 12 -12 -7 -13
right_child=1 3 -4 -5 5 10 7 -9 9 -11 11 13 -14 -15
leaf_value=-0.0023108850590385049 -0.0061416343132623735 0.0029714024046845425 -0.0015630922453546638 -0.00072427426126068237 0.0020449494166102423 -2.8195645065989817e-05 0.0011637840921175286 -0.00063566250764330733 -3.9887513669814582e-05 0.0016337488237786191 -0.00053836315605847727 0.00095257988058555234 -0.0010537619075949524 -0.00021900475606572158
leaf_weight=4448 3401 2902 2199 29285 9020 136182 20324 62182 38470 16544 70934 102700 57717 46600
leaf_count=4448 3401 2902 2199 29285 9020 136182 20324 62182 38470 16544 70934 102700 57717 46600
internal_value=-2.81964e-05 -0.000666477 -0.00372881 -0.000133185 1.44879e-05 2.98523e-05 0.000315944 -0.000192399 0.000970893 0.000541177 -7.13832e-05 0.000216923 -0.000398844 0.000583035
internal_weight=602908 37787 5600 32187 565121 560673 146540 82506 64034 55014 414133 220234 193899 149300
internal_count=602908 37787 5600 32187 565121 560673 146540 82506 64034 55014 414133 220234 193899 149300
is_linear=0
shrinkage=0.05


Tree=131
num_leaves=15
num_cat=0
split_feature=2 0 3 10 7 7 5 2 7 8 10 8 4 2
split_gain=6.20751 18.9843 7.25037 18.2187 6.39084 8.04882 5.61258 5.5569 14.7271 22.0069 18.9385 16.7701 9.95107 12.0287
threshold=7.5000000000000009 91.500000000000014 -47.143700528999993 1.0000000180025095e-35 1.0170809905000002 0.91643843150000015 34.500000000000007 3.5000000000000004 0.94978215150000012 0.93211851750000008 1.0000000180025095e-35 1.4963180630000001 0.97649687453956135 5.5000000000000009
decision_type=2 2 2 2 2 2 2 2 2 2 2 2 10 2
left_child=2 -2 3 -1 5 -3 7 -4 9 10 12 -10 13 -9
right_child=1 4 6 -5 -6 -7 -8 8 11 -11 -12 -13 -14 -15
leaf_value=0.0042596230819262563 -0.0074273923684985439 0.0029533953128929886 6.3123738917936209e-05 -7.3489867969021852e-05 0.0044891197440219575 -0.0028289053839476164 0.0021689661478653589 0.0054609269969990437 8.7080440383771618e-05 -0.00327230800763587 -0.0014646249170094244 -0.0044824748955770433 -0.0023849868860792104 0.00070621309687362026
leaf_weight=2360 2456 2504 405693 5444 2374 10882 7662 2799 126916 9726 16290 3271 2005 2749
leaf_count=2360 2456 2504 405693 5444 2374 10882 7662 2799 126916 9726 16290 3271 2005 2749
internal_value=-4.95328e-06 -0.000913781 2.33579e-05 0.00153669 -0.000275928 -0.000700097 2.8807e-06 -1.52119e-05 -0.000261051 -0.00119475 -0.000376866 -2.02585e-05 0.00169192 0.00278228
internal_weight=603131 18216 584915 7804 15760 13386 577111 569449 163756 33569 23843 130187 7553 5548
internal_count=603131 18216 584915 7804 15760 13386 577111 569449 163756 33569 23843 130187 7553 5548
is_linear=0
shrinkage=0.05


Tree=132
num_leaves=15
num_cat=0
split_feature=0 6 4 5 7 4 7 7 4 10 3 4 3 10
split_gain=6.26728 7.28758 4.60731 4.59785 4.21019 6.18692 5.79178 9.69675 4.71139 28.149 21.371 26.3211 17.0264 11.4889
threshold=116.50000000000001 2.5000000000000004 0.68221677956616023 13.500000000000002 1.2388234870000001 1.3847019762866644 1.2250688700000001 1.2144204880000002 0.76998383900337874 1.0000000180025095e-35 -10.076447870999997 0.32923589918357193 -27.023890183999995 1.0000000180025095e-35
decision_type=2 2 10 2 2 8 2 2 10 2 2 10 2 2
left_child=1 4 -3 -4 6 -6 7 8 9 12 11 -11 -1 -10
right_child=-2 2 3 -5 5 -7 -8 -9 13 10 -12 -13 -14 -15
leaf_value=0.0021035665898198109 0.0045161064562364182 -0.003688909463823796 6.3527608386421133e-05 -0.0037519962345199972 0.00018404385171663651 0.0033843775665859722 -0.0029063077264373741 0.002753215065333037 -0.00034138569214668961 -0.0038014292231511497 0.00055693695038269708 -0.00058272069568193752 0.00026963887720291013 9.3244776771084226e-05
leaf_weight=19515 13750 2174 4880 2414 7927 3282 2313 2211 191889 3496 26880 61097 48979 212137
leaf_count=19515 13750 2174 4880 2414 7927 3282 2313 2211 191889 3496 26880 61097 48979 212137
internal_value=-3.54093e-05 -6.00391e-05 -0.00143566 -0.000832306 -3.75605e-05 0.000921839 -5.64842e-05 -4.62727e-05 -5.92422e-05 0.00017042 -0.000403512 -0.000896506 0.000936875 -0.000150174
internal_weight=602944 589194 9468 7294 579726 11209 568517 566204 563993 159967 91473 64593 68494 404026
internal_count=602944 589194 9468 7294 579726 11209 568517 566204 563993 159967 91473 64593 68494 404026
is_linear=0
shrinkage=0.05


Tree=133
num_leaves=15
num_cat=0
split_feature=9 0 2 0 4 9 7 4 9 7 7 7 8 7
split_gain=7.92234 6.92892 11.4783 8.20858 7.41703 11.816 7.28153 7.39421 6.85641 6.79361 10.715 9.93675 36.1008 22.7102
threshold=3.5000000000000004 103.50000000000001 6.5000000000000009 81.500000000000014 0.76998383900337874 51.500000000000007 1.0833370665000002 1.2626798377919837 15.500000000000002 1.0232009575000003 1.0274233265000003 0.99999597650000005 0.99999892150000014 1.0013256230000003
decision_type=2 2 2 2 10 2 2 10 2 2 2 2 2 2
left_child=-1 2 4 -4 5 9 7 -3 -8 11 -11 -2 -13 -14
right_child=1 6 3 -5 -6 -7 8 -9 -10 10 -12 12 13 -15
leaf_value=-0.00053252123535814106 0.00018330166298745622 0.00015847950876129725 -0.0049371211652956652 -0.0010003715572994066 -0.00011080304659990548 0.0030674646544818912 0.0080033913720279903 0.0044634496171207958 0.0024201196859861885 0.0030324334788224719 0.00040968865333997908 0.0029186308766097294 -0.0059312760120210977 -0.00078175709654074448
leaf_weight=36982 66953 57492 3080 10489 351054 2900 2021 5523 8011 2402 38583 4047 2900 10500
leaf_count=36982 66953 57492 3080 10489 351054 2900 2021 5523 8011 2402 38583 4047 2900 10500
internal_value=-3.79182e-05 8.41491e-06 -5.89353e-05 -0.00149274 -1.83323e-05 0.000307019 0.000462855 0.000263607 0.00171366 0.00023397 0.000762076 -2.25105e-05 -0.00108512 -0.00233495
internal_weight=602937 565955 492908 13569 479339 128285 73047 63015 10032 125385 40985 84400 17447 13400
internal_count=602937 565955 492908 13569 479339 128285 73047 63015 10032 125385 40985 84400 17447 13400
is_linear=0
shrinkage=0.05


Tree=134
num_leaves=15
num_cat=0
split_feature=7 7 7 1 10 8 2 1 8 8 2 8 7 8
split_gain=5.96217 18.099 15.6633 9.53946 18.5586 12.4484 9.53042 12.4567 10.243 9.07126 8.87751 11.0875 20.1702 14.4442
threshold=1.0232009575000003 1.0240737210000002 1.0222768850000004 81.500000000000014 1.0000000180025095e-35 1.4562347705000003 5.5000000000000009 32.500000000000007 0.99671222700000006 1.3722495025000001 1.0000000180025095e-35 1.1847102160000003 1.0624330960000001 1.1172137800000004
decision_type=2 2 2 2 2 2 2 2 2 2 2 2 2 2
left_child=2 -2 6 -3 5 -5 -1 -8 -9 10 11 13 -13 -6
right_child=1 3 -4 4 9 -7 7 8 -10 -11 -12 12 -14 -15
leaf_value=-5.457731977831504e-06 0.0032516260927093646 0.00037955426617258814 -0.0031630207360219321 -0.00097606818715677561 0.0011568028379463136 0.0013614691485678955 -0.00064016816470910821 -0.0019328792033208254 -0.005162910633600754 -0.00043291989469291804 -2.5682833420803686e-06 -0.00057687866963118401 0.0030144470467729058 -0.002423216053345301
leaf_weight=294371 2424 160985 2494 31820 4221 2353 44354 8285 2025 21461 16119 2638 6546 2499
leaf_count=294371 2424 160985 2494 31820 4221 2353 44354 8285 2025 21461 16119 2638 6546 2499
internal_value=-1.43337e-05 0.000171764 -0.000147247 0.000129802 -0.000289892 -0.00119997 -0.000119005 -0.000725274 -0.00229035 0.000291649 0.000824669 0.00166258 0.00279138 0.000118959
internal_weight=602595 251066 351529 248642 87657 34173 349035 54664 10310 53484 32023 15904 9184 6720
internal_count=602595 251066 351529 248642 87657 34173 349035 54664 10310 53484 32023 15904 9184 6720
is_linear=0
shrinkage=0.05


Tree=135
num_leaves=15
num_cat=0
split_feature=9 4 7 4 4 0 2 4 10 8 2 10 8 7
split_gain=5.67612 7.71448 13.7698 6.94325 6.59295 5.79126 9.68202 9.66111 24.5815 17.7709 17.4854 10.4798 31.5125 12.5005
threshold=4.5000000000000009 0.26255433982096621 0.98146871400000013 1.8849213978977553 0.94173904241318174 103.50000000000001 6.5000000000000009 0.76998383900337874 1.0000000180025095e-35 0.81254877800000014 1.0000000180025095e-35 1.0000000180025095e-35 0.80210664700000012 1.0613606390000003
decision_type=2 10 2 10 10 2 2 10 2 2 2 2 2 2
left_child=4 2 -2 5 -1 6 7 8 9 -3 -10 12 -9 -14
right_child=1 3 -4 -5 -6 -7 -8 11 10 -11 -12 -13 13 -15
leaf_value=-8.1487937356944384e-05 -0.0038798241285222415 0.0045319683124468773 0.00040246018177637622 0.0025242162963748042 -0.0011945239930038765 0.00095370629622306693 -0.0016923945046305887 0.0033801527482216435 0.0013139756442027252 0.00070568805975144153 -0.00046165436234021364 0.00012456840941867941 -0.0005198949631633476 0.00035499250568148404
leaf_weight=33567 2271 2204 2561 2633 15652 70885 12924 3035 10601 49257 56949 183452 125433 31325
leaf_count=33567 2271 2204 2561 2633 15652 70885 12924 3035 10601 49257 56949 183452 125433 31325
internal_value=-1.13852e-05 3.437e-05 -0.00195369 5.18951e-05 -0.000525912 3.95325e-05 -2.33593e-05 1.43858e-05 0.000402572 0.00122581 -0.000224632 -0.000120211 -0.000416229 -0.000513992
internal_weight=602749 553530 4832 548698 49219 546065 475180 462256 119011 51461 67550 343245 159793 156758
internal_count=602749 553530 4832 548698 49219 546065 475180 462256 119011 51461 67550 343245 159793 156758
is_linear=0
shrinkage=0.05


Tree=136
num_leaves=15
num_cat=0
split_feature=2 7 8 8 4 4 9 8 8 8 7 3 7 7
split_gain=6.30474 13.9605 17.9369 13.5462 12.131 9.50993 9.64225 8.4494 27.9063 22.135 22.5594 22.4572 23.896 17.1012
threshold=3.5000000000000004 0.9507491695000001 1.0662247685000001 1.4963180630000001 0.48918308618100748 1.3594689980148376 11.500000000000002 1.0740730545000001 1.0683823090000002 1.1066455615000004 0.94881495900000012 9.4625196745000029 0.94145840750000009 0.92843281850000003
decision_type=2 2 2 2 10 10 2 2 2 2 2 2 2 2
left_child=7 2 -2 4 -3 6 -6 8 -1 -9 11 12 13 -11
right_child=1 3 -4 -5 5 -7 -8 9 -10 10 -12 -13 -14 -15
leaf_value=0.00018394822304839689 -0.00094997514411565293 -0.0037671988156788962 -0.0048859571711063372 -0.0041087149460717369 -0.00096723496834429665 0.0039778889983944693 0.00034069834407776949 -0.0010894692350932546 0.0031978296935280372 0.0011685098710624952 -5.0339063004900546e-05 0.0049070745963744056 0.002602038796373152 -0.0015811763388718536
leaf_weight=147700 41847 2935 2591 3376 33655 3791 104140 26170 5052 5649 218441 2147 2477 3322
leaf_count=147700 41847 2935 2591 3376 33655 3791 104140 26170 5052 5649 218441 2147 2477 3322
internal_value=-3.35033e-05 -0.00026977 -0.00104685 -3.62571e-05 3.69311e-05 0.000102937 3.49238e-05 7.70751e-05 0.000371832 -9.73041e-05 5.81794e-05 0.00203401 0.00115254 -4.87411e-05
internal_weight=603293 192335 44438 147897 144521 141586 137795 410958 152752 258206 232036 13595 11448 8971
internal_count=603293 192335 44438 147897 144521 141586 137795 410958 152752 258206 232036 13595 11448 8971
is_linear=0
shrinkage=0.05


Tree=137
num_leaves=15
num_cat=0
split_feature=6 4 8 7 8 7 8 7 9 4 7 3 4 0
split_gain=5.88359 5.64924 4.87262 6.27388 6.16032 8.30562 6.94412 6.3815 4.44082 11.9734 9.05751 7.73224 7.9493 4.6924
threshold=2.5000000000000004 0.70395706092203891 1.7525661985000003 1.2144204880000002 1.6737040555000002 1.2388234870000001 1.5622098910000002 1.1922549610000002 9.5000000000000018 0.35743859031461861 0.97446072550000007 -52.929285765999992 0.52171636167940372 19.500000000000004
decision_type=2 10 2 2 2 2 2 2 2 10 2 2 10 2
left_child=2 -2 4 -4 5 8 -7 -6 -1 10 -10 12 -11 -13
right_child=1 -3 3 -5 7 6 -8 -9 9 11 -12 13 -14 -15
leaf_value=-0.00025541276343566402 -0.0034885822786856705 -0.00083961873462514716 -0.00024694592384653659 0.0041704028351303712 -0.00015178946652647519 0.00055008493932885434 0.0049822914009143432 -0.0046838376131153941 -0.0035446198419736975 -6.4561664005211025e-05 -1.5420490165185542e-05 0.00041881338665360202 0.0039751620750759836 -7.1304248785042381e-06
leaf_weight=106496 2479 8423 3464 3287 2543 4581 2590 2005 2432 2379 2001 34880 2733 422868
leaf_count=106496 2479 8423 3464 3287 2543 4581 2590 2005 2432 2379 2001 34880 2733 422868
internal_value=-2.96975e-05 -0.00118043 -8.5055e-06 0.0013266 -2.39107e-05 -9.55307e-06 0.00168095 -0.00185592 -3.06948e-05 3.57106e-05 -0.00254901 6.04928e-05 0.00199336 3.88856e-05
internal_weight=603161 10902 592259 6751 585508 580960 7171 4548 573789 467293 4433 462860 5112 457748
internal_count=603161 10902 592259 6751 585508 580960 7171 4548 573789 467293 4433 462860 5112 457748
is_linear=0
shrinkage=0.05


Tree=138
num_leaves=15
num_cat=0
split_feature=2 0 7 8 8 8 7 7 7 9 8 8 10 8
split_gain=5.87996 14.8572 10.4274 13.3769 10.621 12.208 15.3682 24.0514 14.3039 7.95406 7.79483 25.9117 18.3177 19.8399
threshold=3.5000000000000004 41.500000000000007 0.9507491695000001 1.0153945055000004 1.4963180630000001 1.270054652 1.0635794135000001 1.0240737210000002 1.1066110655000003 31.500000000000004 1.0740730545000001 1.0683823090000002 1.0000000180025095e-35 1.1085222945000002
decision_type=2 2 2 2 2 2 2 2 2 2 2 2 2 2
left_child=10 -2 3 -3 5 -4 7 -7 -8 -10 11 -1 13 -12
right_child=1 2 4 -5 -6 6 8 -9 9 -11 12 -13 -14 -15
leaf_value=0.00017858749511842631 -0.0025819267300151746 -0.00071510664252099623 -9.1054364794873616e-05 -0.0031092803893866846 -0.0037772031848340329 0.00016944247854882856 -0.0027431977640923534 0.0061269204655076074 0.0038459853843373359 -0.00098722589993366925 -0.0014832648412483468 0.0029954688728300429 0.00025943539281683415 -0.00020435730236312288
leaf_weight=147737 4191 38319 129241 4839 3370 2187 2359 2231 3371 2096 15886 4993 136296 106001
leaf_count=147737 4191 38319 129241 4839 3370 2187 2359 2231 3371 2096 15886 4993 136296 106001
internal_value=-3.16064e-05 -0.000259873 -0.000194197 -0.000876329 9.06047e-06 7.5182e-05 0.0015838 0.00393963 0.000252203 0.00165616 7.51671e-05 0.0003583 -9.23261e-05 -0.000537669
internal_weight=603117 192204 188013 43158 144855 141485 12244 4418 7826 5467 410913 152730 258183 121887
internal_count=603117 192204 188013 43158 144855 141485 12244 4418 7826 5467 410913 152730 258183 121887
is_linear=0
shrinkage=0.05


Tree=139
num_leaves=15
num_cat=0
split_feature=2 0 7 4 2 8 7 8 4 4 7 8 8 8
split_gain=6.43503 12.9369 10.5453 8.16038 8.30419 5.56355 12.7171 9.67228 9.39132 9.33909 7.21493 5.57101 5.23285 25.1039
threshold=5.5000000000000009 82.500000000000014 1.0307180920000003 0.70779283103020696 6.5000000000000009 0.89015699700000017 0.98972433900000012 1.0702343930000002 0.8749318572312309 0.69981812818692024 0.97614926650000011 0.86600302800000006 1.0764179985000002 1.0683823090000002
decision_type=2 2 2 10 2 2 2 2 10 10 2 2 2 2
left_child=12 3 5 4 -2 6 11 9 -8 10 -7 -3 13 -1
right_child=1 2 -4 -5 -6 7 8 -9 -10 -11 -12 -13 -14 -15
leaf_value=8.1232897328337161e-05 -0.0013618385576261494 -0.0014128291031580142 0.001775546784962201 -0.00060513944252416638 -0.0057486372749072159 0.002265455080358436 0.0050361348732204103 0.002551789418725406 0.000373919596679817 -0.0035830380964638146 -0.0016068972736173388 0.0028379170599266189 -8.6879914724935506e-05 0.0023188249412206098
leaf_weight=219811 3241 19135 11860 4266 2502 2061 2221 3144 2325 14942 2230 2844 303310 8732
leaf_count=219811 3241 19135 11860 4266 2502 2061 2221 3144 2325 14942 2230 2844 303310 8732
internal_value=-3.0201e-05 -0.000478093 -0.000203647 -0.00214325 -0.00337291 -0.000528043 -3.81643e-05 -0.00110859 0.00236761 -0.00152888 0.000526653 -0.000536185 2.94016e-05 0.000210076
internal_weight=602624 70771 60762 10009 5743 48902 26525 22377 4546 19233 4291 21979 531853 228543
internal_count=602624 70771 60762 10009 5743 48902 26525 22377 4546 19233 4291 21979 531853 228543
is_linear=0
shrinkage=0.05


Tree=140
num_leaves=15
num_cat=0
split_feature=4 0 2 4 10 8 2 7 4 3 8 3 8 3
split_gain=5.12953 4.36457 7.94977 5.2625 25.3019 20.4592 19.5965 16.7067 15.55 13.8132 12.9046 15.2119 12.4924 13.6839
threshold=2.1520561233829971 115.50000000000001 8.5000000000000018 0.8068409548720985 1.0000000180025095e-35 0.81254877800000014 1.0000000180025095e-35 1.0518671935000004 0.32923589918357193 -15.742216325999999 0.85586391250000016 -33.324375753999995 0.93211851750000008 -41.753044041999992
decision_type=10 2 2 10 2 2 2 2 10 2 2 2 2 2
left_child=1 2 3 4 5 -1 7 -6 9 -8 -7 12 -12 -14
right_child=-2 -3 -4 -5 6 10 8 -9 -10 -11 11 -13 13 -15
leaf_value=0.0037204421930629298 0.0021083528404181374 0.0027442139450362143 -0.0038458416583913345 -0.00012084156049468886 -1.0046955907005996e-06 -0.0019929910242052653 -0.0045565424737500698 0.001902533503394291 -0.00043957689702114335 -0.0005455204171139872 -0.00050025911575737609 0.00032443733841275025 0.0055100157543182928 0.0020754104012206788
leaf_weight=5034 2217 18614 4540 386087 15019 3038 2356 7858 81357 2329 2356 66346 2167 4090
leaf_count=5034 2217 18614 4540 386087 15019 3038 2356 7858 81357 2329 2356 66346 2167 4090
internal_value=-1.83125e-05 -2.7175e-05 -5.12589e-05 -3.48807e-05 0.000179078 0.000836535 -0.000322128 0.000978389 -0.000667949 -0.00346748 0.000637003 0.000766535 0.00274281 0.00391049
internal_weight=603408 601191 582577 578037 191950 83031 108919 22877 86042 4685 77997 74959 8613 6257
internal_count=603408 601191 582577 578037 191950 83031 108919 22877 86042 4685 77997 74959 8613 6257
is_linear=0
shrinkage=0.05


Tree=141
num_leaves=15
num_cat=0
split_feature=2 0 3 4 7 7 0 2 0 8 7 7 8 7
split_gain=4.71137 15.4897 7.04465 10.3452 5.40238 6.89802 4.65122 4.06143 13.3859 9.33674 11.1116 10.7176 8.76105 17.1881
threshold=7.5000000000000009 94.500000000000014 -49.762257882499995 0.55726989480658939 0.91643843150000015 1.0013256230000003 111.50000000000001 3.5000000000000004 42.500000000000007 1.4963180630000001 0.97221851900000011 0.97446072550000007 1.270054652 1.0635794135000001
decision_type=2 2 2 10 2 2 2 2 2 2 2 2 2 2
left_child=2 -2 3 -1 -3 6 -6 -4 -9 10 -10 -12 -13 -14
right_child=1 4 7 -5 5 -7 -8 8 9 -11 11 12 13 -15
leaf_value=4.4277821804492028e-05 -0.0059100530486297931 0.00325157045736795 5.88401705000019e-05 0.0052436298205382455 -0.0034589829354667147 0.0028823055855235705 -0.00061200462147786849 -0.0021951982853368303 -0.0007792881509714176 -0.0036800668252126301 0.0034154043657034895 -3.5869997443727099e-05 0.003597074549607854 0.00012988273740713874
leaf_weight=3824 3027 2407 410543 2184 4445 3194 5113 4589 52308 3314 2085 94441 3846 7765
leaf_count=3824 3027 2407 410543 2184 4445 3194 5113 4589 52308 3314 2085 94441 3846 7765
internal_value=-1.42806e-05 -0.000806718 1.03649e-05 0.00171296 -0.000154148 -0.000564396 -0.00123654 -7.31997e-06 -0.000214133 -0.000139454 -8.51511e-05 0.000204245 0.000134362 0.00143014
internal_weight=603085 18186 584899 6008 15159 12752 9558 578891 168348 163759 160445 108137 106052 11611
internal_count=603085 18186 584899 6008 15159 12752 9558 578891 168348 163759 160445 108137 106052 11611
is_linear=0
shrinkage=0.05


Tree=142
num_leaves=15
num_cat=0
split_feature=0 6 4 4 3 4 8 5 10 7 7 7 3 10
split_gain=5.0964 6.20059 4.93357 4.43185 4.4752 8.61997 5.05235 3.87973 2.93944 2.88472 17.9847 15.1883 10.8779 15.3012
threshold=117.50000000000001 2.5000000000000004 0.66279219999964789 2.1520561233829971 -52.929285765999992 0.55726989480658939 0.86922159050000014 24.500000000000004 1.0000000180025095e-35 1.0232009575000003 1.0222768850000004 1.0240737210000002 -11.436397051999998 1.0000000180025095e-35
decision_type=2 2 10 10 2 8 2 2 2 2 2 2 2 2
left_child=1 3 -3 4 5 6 -1 -2 -4 10 -6 -11 -13 -14
right_child=7 2 8 -5 9 -7 -8 -9 -10 11 -12 12 13 -15
leaf_value=-0.0017369891161892583 0.0021837122583422408 -0.0033634480126627179 0.00082912327917955835 0.0018515274039313469 -8.5667712370415822e-05 0.0047328998207943219 0.0014672674770382283 0.016504023480480967 -0.0020545008849909923 0.0029452116419425162 -0.0031568327537344677 0.00065954533243330895 -0.00053355062934521411 0.00022823459566060356
leaf_weight=2299 6239 2020 2962 2223 327974 2064 2252 2913 4990 2368 2439 48523 74531 119229
leaf_count=2299 6239 2020 2962 2223 327974 2064 2252 2913 4990 2368 2439 48523 74531 119229
internal_value=-2.39208e-05 -4.19698e-05 -0.00127794 -2.08509e-05 -2.93759e-05 0.00126322 4.66418e-05 0.00114666 -0.00071635 -4.42556e-05 -0.000140617 8.58859e-05 4.68967e-05 -0.000120765
internal_weight=603026 593874 9972 583902 581679 6615 4551 9152 7952 575064 330413 244651 242283 193760
internal_count=603026 593874 9972 583902 581679 6615 4551 9152 7952 575064 330413 244651 242283 193760
is_linear=0
shrinkage=0.05


Tree=143
num_leaves=15
num_cat=0
split_feature=2 9 4 3 3 8 4 2 0 4 8 10 3 0
split_gain=6.77599 4.20952 5.68562 14.1979 5.55514 6.53335 4.54999 4.34466 9.09872 7.44483 18.781 18.5 15.0618 13.1037
threshold=8.5000000000000018 2.5000000000000004 0.26255433982096621 -12.248826133499998 -52.929285765999992 0.91348845350000019 0.94173904241318174 2.5000000000000004 70.500000000000014 0.79861177508388403 0.77790718650000013 1.0000000180025095e-35 -8.5015609039999998 66.500000000000014
decision_type=2 2 10 2 2 2 10 2 2 10 2 2 2 2
left_child=1 6 3 -3 5 -4 -1 9 -9 10 -6 12 13 -11
right_child=-2 2 4 -5 7 -7 -8 8 -10 11 -12 -13 -14 -15
leaf_value=-0.00014560285027403753 -0.0034255473944488912 -0.0035799587464016808 0.00019065263599989113 -2.0692663818722146e-05 -0.0029851196835749549 0.0026411209549294882 -0.001584010767483235 -0.00043766855289092412 0.00010834950676082422 -3.0393547928242449e-05 0.00051595169668524623 0.00039894036983643413 -0.00044090585276607142 0.0029035414290701196
leaf_weight=18492 6409 2068 3367 5733 2220 2072 6579 76648 186950 6305 75086 114262 92881 3826
leaf_count=18492 6409 2068 3367 5733 2220 2072 6579 76648 186950 6305 75086 114262 92881 3826
internal_value=-6.92483e-06 1.04569e-05 3.82816e-05 -0.00130188 5.68422e-05 0.00164631 -0.000623604 4.13395e-05 -0.000106125 0.000173295 0.000594676 2.33571e-05 -0.000462545 0.00136765
internal_weight=602898 596489 571418 7801 563617 5439 25071 558178 263598 294580 77306 217274 103012 10131
internal_count=602898 596489 571418 7801 563617 5439 25071 558178 263598 294580 77306 217274 103012 10131
is_linear=0
shrinkage=0.05


Tree=144
num_leaves=15
num_cat=0
split_feature=2 0 4 2 8 4 3 8 8 8 2 8 8 10
split_gain=5.49433 10.9125 8.50523 10.9397 6.89096 5.76344 5.3267 5.08078 23.5793 17.4531 15.5007 8.03559 17.7016 9.94864
threshold=5.5000000000000009 86.500000000000014 0.69150674617221008 6.5000000000000009 1.1266746440000002 0.84124746908198145 -52.929285765999992 1.0764179985000002 1.0683823090000002 1.0810314470000002 1.5000000000000002 1.1066455615000004 1.0960426700000003 1.0000000180025095e-35
decision_type=2 2 10 2 2 10 2 2 2 2 2 2 2 2
left_child=7 2 3 -2 6 -4 -3 8 -1 -9 -10 12 -11 -14
right_child=1 4 5 -5 -6 -7 -8 9 10 11 -12 -13 13 -15
leaf_value=8.7172440168545315e-05 -0.00089587336868688922 0.0013262417623896351 0.00062950292268409709 -0.0049893846659267282 0.0030438213703149366 -0.0031767240261989628 -0.00075641453708176216 -0.0022639026977812533 0.0036824024796032642 0.00017838984747324261 0.00099252138510430576 1.5786467172523855e-05 -0.0026027828801056616 -0.00064206258199226991
leaf_weight=220222 3525 4853 3596 3032 4361 2609 48649 4504 3197 15657 5513 272010 6332 4847
leaf_count=220222 3525 4853 3596 3032 4361 2609 48649 4504 3197 15657 5513 272010 6332 4847
internal_value=-2.68489e-05 -0.000441208 -0.00176431 -0.00301928 -0.000149262 -0.000436795 -0.0003051 2.81333e-05 0.000205952 -0.000106064 0.00275674 -5.94778e-05 -0.00088484 -0.0024041
internal_weight=602907 70625 12762 6557 57863 6205 53502 532282 228932 303350 8710 298846 26836 11179
internal_count=602907 70625 12762 6557 57863 6205 53502 532282 228932 303350 8710 298846 26836 11179
is_linear=0
shrinkage=0.05


Tree=145
num_leaves=15
num_cat=0
split_feature=9 5 7 3 8 2 1 9 8 8 5 10 3 3
split_gain=6.33066 4.66454 3.94898 4.89125 6.56049 4.09674 10.9572 8.34571 5.74304 5.40565 4.6857 12.5515 24.5605 22.2735
threshold=2.5000000000000004 1.5000000000000002 0.76672622050000017 -52.929285765999992 0.90724257150000009 6.5000000000000009 32.500000000000007 13.500000000000002 1.0847799575000001 0.89015699700000017 13.500000000000002 1.0000000180025095e-35 -1.1439323769999998 -31.827366203999997
decision_type=2 2 2 2 2 2 2 2 2 2 2 2 2 2
left_child=1 -1 -2 4 -4 10 8 -8 9 -7 -5 13 -13 -12
right_child=2 -3 3 5 -6 6 7 -9 -10 -11 11 12 -14 -15
leaf_value=-7.272465666321449e-05 -0.0020463472060697238 -0.0012372387816109887 7.7358688919366988e-05 0.00015547378587693064 0.0025834422335263511 0.00043560538587092412 -0.0060718742502903411 -0.001010226066984385 0.0046497509564224051 -0.0021059191192410345 0.0036639233890153112 -0.00067751920804188246 0.00067283134172537731 -0.00041390681423526809
leaf_weight=13149 2247 12878 4094 230840 2681 13491 2131 2159 2093 10510 3813 51059 104784 146900
leaf_count=13149 2247 12878 4094 230840 2681 13491 2131 2159 2093 10510 3813 51059 104784 146900
internal_value=-2.62303e-05 -0.000788933 8.19165e-06 1.63821e-05 0.0013514 4.40308e-07 -0.000564349 -0.00290454 -0.000179126 -0.000398338 3.23781e-05 -9.57395e-05 0.000218883 -0.000421068
internal_weight=602829 26027 576802 574555 6775 567780 30384 4290 26094 24001 537396 306556 155843 150713
internal_count=602829 26027 576802 574555 6775 567780 30384 4290 26094 24001 537396 306556 155843 150713
is_linear=0
shrinkage=0.05


Tree=146
num_leaves=15
num_cat=0
split_feature=2 1 7 1 4 10 8 2 4 10 4 4 7 7
split_gain=5.60291 15.0191 6.82946 5.61811 4.67613 25.475 20.4668 13.9874 14.3104 12.6809 19.046 17.9265 15.6238 14.9001
threshold=7.5000000000000009 31.500000000000004 1.0170809905000002 17.500000000000004 0.8068409548720985 1.0000000180025095e-35 0.81254877800000014 1.0000000180025095e-35 0.32923589918357193 1.0000000180025095e-35 1.0070559893530502 1.0884242804561362 0.98560305950000016 1.0943293415000002
decision_type=2 2 2 2 8 2 2 2 10 2 8 8 2 2
left_child=4 2 3 -2 5 6 -1 -7 -9 11 -11 -6 -13 -12
right_child=1 -3 -4 -5 9 7 -8 8 -10 10 13 12 -14 -15
leaf_value=0.0037056259745760437 -0.0006923182104553061 -0.0073297638410190881 0.0043005342764594464 -0.0034869464674426604 -3.6136387061602714e-05 0.00068758515243194651 0.00049735177504723336 -0.0027324555766328057 -0.0003593359534207613 -0.00040760173462571774 0.00095611390882818228 -0.0017619604835459547 -0.00047506231422908833 -0.00018852457889566299
leaf_weight=4440 11011 2029 2458 2790 125185 19785 75024 4500 78448 84253 90257 16988 43420 42358
leaf_count=4440 11011 2029 2458 2790 125185 19785 75024 4500 78448 84253 90257 16988 43420 42358
internal_value=-1.02413e-05 -0.000871918 -0.00036507 -0.00079766 1.6719e-05 0.000226877 0.000899093 -0.0002931 -0.000578038 -7.84228e-05 0.000181212 -0.000381806 -0.00108917 0.000554686
internal_weight=602946 18288 16259 13801 584658 182197 79464 102733 82948 402461 216868 185593 60408 132615
internal_count=602946 18288 16259 13801 584658 182197 79464 102733 82948 402461 216868 185593 60408 132615
is_linear=0
shrinkage=0.05


Tree=147
num_leaves=15
num_cat=0
split_feature=0 6 4 8 8 7 2 7 7 8 5 8 3 4
split_gain=4.96913 6.19861 4.66732 4.5344 7.12398 6.54695 9.47103 6.03171 5.76922 4.61316 3.65398 3.46593 5.91832 7.5227
threshold=117.50000000000001 2.5000000000000004 0.66279219999964789 1.7525661985000003 1.6737040555000002 1.2388234870000001 1.0000000180025095e-35 1.1922549610000002 1.1571966490000001 1.5468176235000002 13.500000000000002 0.68865825150000004 -49.762257882499995 0.52171636167940372
decision_type=2 2 10 2 2 2 2 2 2 2 2 2 2 10
left_child=1 3 -3 4 5 11 -7 -6 -5 -8 -4 -1 13 -13
right_child=-2 2 10 8 7 6 9 -9 -10 -11 -12 12 -14 -15
leaf_value=-0.001622881958576089 0.0063752110431388237 -0.0032700566977436674 0.00013521803665941524 -0.00072570143664073001 -0.00034832416429917415 0.0042316901665732766 -0.0009285708474891935 -0.0047436916139435154 0.0030281701680936581 0.0041045530155529647 -0.0037498558556996716 -0.00028001144045677607 -2.3626977190910337e-05 0.0027481525093801754
leaf_weight=6165 9170 2015 5234 2148 2530 2057 2992 2010 4629 2082 2671 3592 551402 4425
leaf_count=6165 9170 2015 5234 2148 2530 2057 2992 2010 4629 2082 2671 3592 551402 4425
internal_value=-7.58547e-06 -2.54227e-05 -0.00126448 -4.36616e-06 -1.9467e-05 -3.81949e-06 0.00150119 -0.0019912 0.00128096 0.000339634 -0.000715866 -2.28081e-05 -9.8092e-06 0.00133851
internal_weight=603122 593952 9920 584032 577255 572715 7131 4540 6777 5074 7905 565584 559419 8017
internal_count=603122 593952 9920 584032 577255 572715 7131 4540 6777 5074 7905 565584 559419 8017
is_linear=0
shrinkage=0.05


Tree=148
num_leaves=15
num_cat=0
split_feature=9 4 3 3 2 0 5 9 0 4 2 3 4 0
split_gain=5.78474 4.72791 13.1532 5.65357 5.62593 9.40478 6.86455 5.69637 18.0261 6.28501 7.49638 6.22002 6.17505 5.83796
threshold=2.5000000000000004 0.26255433982096621 -12.467378555999998 -52.929285765999992 3.5000000000000004 53.500000000000007 34.500000000000007 27.500000000000004 51.500000000000007 0.79582763493033359 1.5000000000000002 -5.0509636194999992 0.53145254009383858 38.500000000000007
decision_type=2 10 2 2 2 2 2 2 2 10 2 2 10 2
left_child=-1 2 -2 -3 7 -6 -7 8 9 10 12 -11 -5 -13
right_child=1 3 -4 4 5 6 -8 -9 -10 11 -12 13 -14 -15
leaf_value=-0.00051503324360463454 -0.003438411333783066 0.0014341391356054445 1.1922224004057293e-05 1.9930603767365219e-05 -0.0011919551513865966 -0.00020060663073838137 0.0065747712672628474 -6.8031109384852914e-05 0.0011426996968626842 -0.00081507523140636473 -0.00015014470680827787 -0.00011993976393296636 0.00082737424740128573 0.00092546982526462709
leaf_weight=25973 2034 6755 5781 14951 11304 165170 2593 168171 37186 12359 25683 82780 30026 12284
leaf_count=25973 2034 6755 5781 14951 11304 165170 2593 168171 37186 12359 25683 82780 30026 12284
internal_value=-5.84524e-06 2.70109e-05 -0.00119405 4.37844e-05 2.65105e-05 -0.000204876 -0.000110793 0.000134569 0.000304902 9.58094e-05 0.000462039 -0.000145097 0.000851174 -7.88901e-06
internal_weight=603050 577077 7815 569262 562507 179067 167763 383440 215269 178083 70660 107423 44977 95064
internal_count=603050 577077 7815 569262 562507 179067 167763 383440 215269 178083 70660 107423 44977 95064
is_linear=0
shrinkage=0.05


Tree=149
num_leaves=15
num_cat=0
split_feature=0 2 2 4 7 3 7 7 7 10 10 3 3 7
split_gain=4.45042 10.1469 8.32807 7.86087 7.79707 15.881 8.51795 21.1983 15.394 15.2107 10.3523 28.7679 19.2768 20.7144
threshold=40.500000000000007 3.5000000000000004 2.5000000000000004 0.79861177508388403 0.89183628550000005 -4.6318888029999998 1.1204458425000003 1.1010016215000002 1.0745127380000004 1.0000000180025095e-35 1.0000000180025095e-35 -7.5323435184999985 -2.5228268864999994 0.95642187500000009
decision_type=2 2 2 10 2 2 2 2 2 2 2 2 2 2
left_child=1 3 4 -1 5 -2 7 8 10 -10 11 -6 13 -12
right_child=2 -3 -4 -5 6 -7 -8 -9 9 -11 12 -13 -14 -15
leaf_value=0.00013034320260914278 1.1487897011380756e-05 -0.0022191688050532733 -8.1085011704756793e-05 -0.00029541780556708311 0.0010734545704829956 0.0063745555300586121 0.0015403877701661408 -0.0027218513726890662 0.0040649392504407246 0.00039532337303260778 0.0021629490607302767 -0.00082158672946595348 0.0014711462390974541 -0.0016532222061534402
leaf_weight=89744 2933 3803 267158 115259 16391 2024 14423 5009 4977 5477 4800 36966 23169 10566
leaf_count=89744 2933 3803 267158 115259 16391 2024 14423 5009 4977 5477 4800 36966 23169 10566
internal_value=-1.01003e-05 -0.000196709 8.88238e-05 -0.000149201 0.000422617 0.00236548 0.000343439 0.000190131 0.000345624 0.00216321 0.000138742 -0.000312254 0.000763168 -0.000609915
internal_weight=602699 208806 393893 205003 126735 4957 121778 107355 102346 10454 91892 53357 38535 15366
internal_count=602699 208806 393893 205003 126735 4957 121778 107355 102346 10454 91892 53357 38535 15366
is_linear=0
shrinkage=0.05


Tree=150
num_leaves=15
num_cat=0
split_feature=9 0 7 2 7 5 5 10 8 3 3 7 10 0
split_gain=4.33549 5.37856 7.95944 7.70566 6.84964 4.66066 4.56225 10.8989 21.5263 14.7024 10.8264 12.4738 10.3728 17.8792
threshold=2.5000000000000004 107.50000000000001 1.0846760750000002 7.5000000000000009 0.99350942300000011 1.5000000000000002 14.500000000000002 1.0000000180025095e-35 0.80210664700000012 -4.1142035349999988 15.009402314000001 0.98560305950000016 1.0000000180025095e-35 81.500000000000014
decision_type=2 2 2 2 2 2 2 2 2 2 2 2 2 2
left_child=5 3 -3 6 -5 -1 12 8 -8 -9 -10 -12 13 -2
right_child=1 2 -4 4 -6 -7 7 9 10 -11 11 -13 -14 -15
leaf_value=4.4783832920641807e-06 0.00013222154055250734 0.00062505569259932448 0.005228516913608078 -0.003323025247385758 0.0011494201186970088 -0.0010535108625078116 0.0031067238736299241 -0.00076330568355278408 -0.0002777552670397643 0.00044443602887923596 -0.0035526688683802602 -0.00096467599662498633 -0.00011396556016233101 0.002078324937600995
leaf_weight=13088 91786 48234 6923 5191 2225 12877 3107 31361 99287 95771 4705 13877 155376 19193
leaf_count=13088 91786 48234 6923 5191 2225 12877 3107 31361 99287 95771 4705 13877 155376 19193
internal_value=-9.63921e-06 1.88028e-05 0.000488334 -3.08258e-05 -0.00163051 -0.000641606 -7.75073e-06 -0.000162023 -0.000501732 0.000161243 -0.000610079 -0.0017176 0.000135953 0.00050514
internal_weight=603001 577036 55157 521879 7416 25965 514463 248108 120976 127132 117869 18582 266355 110979
internal_count=603001 577036 55157 521879 7416 25965 514463 248108 120976 127132 117869 18582 266355 110979
is_linear=0
shrinkage=0.05


Tree=151
num_leaves=15
num_cat=0
split_feature=2 1 1 9 8 8 8 8 8 9 8 7 7 8
split_gain=5.90001 14.6202 6.80665 10.9277 8.27169 9.18709 23.0561 15.2387 11.266 11.1637 11.0992 10.3195 16.1607 14.0582
threshold=4.5000000000000009 59.500000000000007 77.500000000000014 30.500000000000004 1.7525661985000003 1.0740730545000001 1.0683823090000002 1.1492766345000003 0.83764020900000002 51.500000000000007 1.1562329435000003 0.96588260050000019 1.0731617645000002 1.1778275805
decision_type=2 2 2 2 2 2 2 2 2 2 2 2 2 2
left_child=2 -2 3 -1 5 6 8 -7 -5 -10 -9 -12 13 -13
right_child=1 -3 -4 4 -6 7 -8 10 9 -11 11 12 -14 -15
leaf_value=0.00055322908065353899 -0.00029019105340395978 -0.0029223363085071341 -0.0001119575235674547 -0.0017226784358217286 0.0037006791840014765 -0.0015571268002804173 0.0040282099490363604 0.0025981329007204127 1.3995385772125337e-06 0.0017912512354280681 0.0014524958403320687 -0.0032210091134321217 0.00059800887802001772 -0.00062587297461568501
leaf_weight=108055 114410 6053 218060 6136 2509 22658 2170 2394 35714 13130 6477 4074 28005 33276
leaf_count=108055 114410 6053 218060 6136 2509 22658 2170 2394 35714 13130 6477 4074 28005 33276
internal_value=-2.72124e-05 -0.000340236 5.09154e-05 0.000221369 -4.5593e-05 -9.20222e-05 0.000410725 -0.000388589 0.000210967 0.000464697 -4.20983e-05 -0.00015382 -0.000342526 -0.00102329
internal_weight=603121 120463 482658 264598 156543 154034 57150 96884 54980 48844 74226 71832 65355 37350
internal_count=603121 120463 482658 264598 156543 154034 57150 96884 54980 48844 74226 71832 65355 37350
is_linear=0
shrinkage=0.05


Tree=152
num_leaves=15
num_cat=0
split_feature=4 2 7 7 8 8 8 8 8 7 8 7 8 8
split_gain=4.57622 3.71734 12.9274 29.3405 20.9652 26.2815 21.9275 15.5318 18.4336 15.8358 14.9262 26.812 18.3174 16.9961
threshold=2.1520561233829971 1.0000000180025095e-35 0.99965621000000005 1.0061499750000003 0.99671222700000006 1.0718944470000003 1.0457406005000001 1.1312518180000002 1.3831780745000002 0.99047858550000012 1.2061418145000002 1.0178366350000003 1.1902301025000004 1.1729569335000003
decision_type=10 2 2 2 2 2 2 2 2 2 2 2 2 2
left_child=1 2 4 -4 -1 6 -6 -7 9 -9 12 -12 13 -5
right_child=-2 -3 3 10 5 7 -8 8 -10 -11 11 -13 -14 -15
leaf_value=-0.00032357817455773712 0.0019518141833632986 -8.6928688589135722e-05 -0.0021737105329378893 -0.00051822966619641253 0.001640043506593239 -0.00088600705123661474 0.0032847372355482188 0.0019272008333445724 -0.0010111760167117651 -0.00074604117263522287 0.003897133059083058 0.00026718436825690084 -0.0033162301845457822 0.0021791752380520778
leaf_weight=17213 2214 490084 5030 21337 4658 5168 2426 8971 2574 2644 2247 34358 2071 2004
leaf_count=17213 2214 490084 5030 21337 4658 5168 2426 8971 2574 2644 2247 34358 2071 2004
internal_value=-2.44401e-05 -3.2811e-05 0.000228872 -0.000207115 0.00089844 0.00178241 0.00438708 0.000828298 0.00168293 0.0025312 9.08952e-05 0.000737162 -0.000839989 -0.000439583
internal_weight=602999 600785 110701 67047 43654 26441 7084 19357 14189 11615 62017 36605 25412 23341
internal_count=602999 600785 110701 67047 43654 26441 7084 19357 14189 11615 62017 36605 25412 23341
is_linear=0
shrinkage=0.05


Tree=153
num_leaves=15
num_cat=0
split_feature=0 3 6 9 4 4 3 5 3 5 4 8 7 9
split_gain=4.05564 4.67087 3.53803 3.36188 2.91084 2.87285 3.38866 2.7513 6.60894 3.71202 8.20715 4.87532 15.0882 10.7102
threshold=115.50000000000001 29.946231634000004 2.5000000000000004 15.500000000000002 1.0755999666186129 0.66279219999964789 -11.222851591 5.5000000000000009 -57.151973939999998 13.500000000000002 1.8849213978977553 0.85194253850000001 0.97690785450000017 38.500000000000007
decision_type=2 2 2 2 10 10 2 2 2 2 10 2 2 2
left_child=2 3 7 -2 -5 -4 -7 -1 -9 -10 11 12 13 -11
right_child=1 -3 5 4 -6 6 -8 8 9 10 -12 -13 -14 -15
leaf_value=-0.00024941363582180464 -0.0018907519651339745 0.01014923923981802 -0.0024158294578616457 0.0055161657775746643 -0.0018735224733280487 0.0013091795509095729 -0.00187765432686835 0.0021995109270582405 0.00013476245631576235 0.00030509033261168775 0.0026660420425377641 -0.00015696802455427152 0.0026935300873284444 -0.0024745123510792944
leaf_weight=56349 6701 3878 2021 5990 2043 2949 4105 2837 207475 13459 2545 282136 7145 3313
leaf_count=56349 6701 3878 2021 5990 2043 2949 4105 2837 207475 13459 2545 282136 7145 3313
internal_value=-9.41204e-06 0.000717087 -3.25582e-05 0.000310401 0.000999938 -0.00101184 -0.000534778 -1.71008e-05 1.89337e-05 5.69197e-06 -0.00010426 -0.000127794 0.000557541 -0.000262264
internal_weight=602946 18612 584334 14734 8033 9075 7054 575259 518910 516073 308598 306053 23917 16772
internal_count=602946 18612 584334 14734 8033 9075 7054 575259 518910 516073 308598 306053 23917 16772
is_linear=0
shrinkage=0.05


Tree=154
num_leaves=15
num_cat=0
split_feature=2 0 9 4 4 4 10 8 0 2 10 4 2 4
split_gain=4.38758 4.0434 3.46519 7.92922 5.92495 3.02213 16.5108 15.1181 13.7959 24.4047 12.8573 14.3962 12.5705 14.5576
threshold=8.5000000000000018 105.50000000000001 67.500000000000014 1.1981049241443051 0.93676628885803714 0.8749318572312309 1.0000000180025095e-35 0.81254877800000014 93.500000000000014 4.5000000000000009 1.0000000180025095e-35 0.99412622977601239 1.0000000180025095e-35 0.32923589918357193
decision_type=2 2 2 10 10 10 2 2 2 2 2 10 2 10
left_child=2 -2 5 4 -4 6 7 -1 9 -9 -7 -12 -8 -14
right_child=1 -3 3 -5 -6 10 12 8 -10 -11 11 -13 13 -15
leaf_value=0.0026086763894651284 -0.0042597524788216354 -0.0012565415508237977 -0.00049872006580254367 -0.0012677869749251392 0.0031654779650815536 -0.00035956220607354929 0.00057016833959973594 0.00030643451616223509 0.0028585499188083841 -0.0020926024138855303 -0.00055467936523611043 0.00047009927043511205 -0.0024429721755476752 -0.00032053975423380345
leaf_weight=7454 2019 4353 2007 3692 5647 149021 26085 86645 11159 8561 51129 132352 4610 107843
leaf_count=7454 2019 4353 2007 3692 5647 149021 26085 86645 11159 8561 51129 132352 4610 107843
internal_value=-4.83337e-06 -0.00130939 9.12011e-06 0.000874372 0.00179201 -7.67272e-06 0.00012279 0.000568971 0.000416353 0.00022135 -0.000106689 0.000173515 -0.000243787 -0.000473177
internal_weight=602577 6372 596205 11346 7654 584859 252357 113819 106365 95206 332502 183481 138538 112453
internal_count=602577 6372 596205 11346 7654 584859 252357 113819 106365 95206 332502 183481 138538 112453
is_linear=0
shrinkage=0.05


Tree=155
num_leaves=15
num_cat=0
split_feature=2 0 7 7 0 2 8 7 3 7 2 9 7 4
split_gain=4.37852 15.1955 4.18044 5.77702 4.09397 11.4644 7.70598 14.039 10.5131 8.91397 8.9081 7.17579 7.21772 6.93403
threshold=7.5000000000000009 90.500000000000014 0.91643843150000015 1.0170809905000002 42.500000000000007 1.5000000000000002 1.0718944470000003 1.0013256230000003 0.44156077100000007 1.0364832885000002 2.5000000000000004 28.500000000000004 0.95726174300000011 1.174414330344854
decision_type=2 2 2 2 2 2 2 2 2 2 2 2 2 10
left_child=4 -2 -3 -4 5 11 7 10 -8 -9 -7 13 -13 -1
right_child=1 2 3 -5 -6 6 8 9 -10 -11 -12 12 -14 -15
leaf_value=0.00021055554242735975 -0.0058720781682108153 0.0023079624356160734 -0.0020831458686190853 0.003104231998792205 9.8056426171090616e-05 6.8313450050261348e-05 -0.0013769805490205678 0.0032259160459648219 0.00024336926964109163 -0.00028991679119222402 -0.0014515611035100782 0.00057396441352546295 -0.00088328130708394961 -0.00036631900147379162
leaf_weight=115764 2347 2577 11067 2430 365090 10287 21310 3228 6914 2087 7264 3937 17117 30728
leaf_count=115764 2347 2577 11067 2430 365090 10287 21310 3228 6914 2087 7264 3937 17117 30728
internal_value=-3.14497e-05 -0.000790323 -0.000240998 -0.000593431 -7.49489e-06 -0.000178603 -0.00083423 -0.000151939 -0.00138687 0.00209821 -0.000833761 2.13368e-05 -0.000841683 0.000145395
internal_weight=602147 18421 16074 13497 583726 218636 51090 22866 28224 5315 17551 167546 21054 146492
internal_count=602147 18421 16074 13497 583726 218636 51090 22866 28224 5315 17551 167546 21054 146492
is_linear=0
shrinkage=0.05


Tree=156
num_leaves=15
num_cat=0
split_feature=2 8 8 8 0 8 7 8 8 8 0 2 3 8
split_gain=4.68475 9.77561 7.81565 14.5162 8.5327 6.76605 7.66347 7.35647 7.51956 7.68401 6.51873 9.86394 11.6379 10.3428
threshold=3.5000000000000004 1.4963180630000001 1.2631603460000003 1.2843677905000002 76.500000000000014 1.2297669050000002 1.0568133285000003 0.91659057850000003 0.99671222700000006 0.9622932675000001 94.500000000000014 6.5000000000000009 -29.215349383999996 1.1400887470000003
decision_type=2 2 2 2 2 2 2 2 2 2 2 2 2 2
left_child=-1 2 5 -4 -5 6 10 -8 9 -9 11 12 -2 -14
right_child=1 -3 3 4 -6 -7 7 8 -10 -11 -12 -13 13 -15
leaf_value=4.4388493648944709e-05 0.00051899526638253817 -0.0036386890059636138 0.003077060742371357 -0.0016663504754674764 0.0013690492576515557 -0.0021832453131643559 -0.0017099191680371995 0.00080661363859060593 0.00054404211198691985 0.0080788548617097954 -0.00010421379506745377 -0.0022325519385513054 -0.00063746373583424001 -0.002921274422093756
leaf_weight=411167 15898 3401 2607 3265 7745 4264 3205 2220 18639 2009 76441 7488 40754 4185
leaf_count=411167 15898 3401 2607 3265 7745 4264 3205 2220 18639 2009 76441 7488 40754 4185
internal_value=-3.69638e-05 -0.000240793 -0.000192873 0.000960762 0.000165683 -0.000282611 -0.000233473 0.000555545 0.000870021 0.0027722 -0.000375593 -0.000730462 -0.000519584 -0.000930881
internal_weight=603288 192121 188720 13617 11010 175103 170839 26073 22868 4229 144766 68325 60837 44939
internal_count=603288 192121 188720 13617 11010 175103 170839 26073 22868 4229 144766 68325 60837 44939
is_linear=0
shrinkage=0.05


Tree=157
num_leaves=15
num_cat=0
split_feature=2 9 1 8 8 8 7 4 7 1 7 7 7 8
split_gain=5.12593 8.68957 9.30145 7.69359 24.8072 15.219 13.0363 23.8974 23.8689 15.4404 12.6648 12.3018 21.3902 33.534
threshold=5.5000000000000009 14.500000000000002 34.500000000000007 1.0740730545000001 1.0683823090000002 1.1066455615000004 0.94881495900000012 1.108501618883357 0.94145840750000009 100.50000000000001 0.92843281850000003 0.98560305950000016 0.99123747000000006 1.2297669050000002
decision_type=2 2 2 2 2 2 2 10 2 2 2 2 2 2
left_child=3 2 -2 4 -1 -5 7 8 9 10 -7 -8 13 -13
right_child=1 -3 -4 5 -6 6 11 -9 -10 -11 -12 12 -14 -15
leaf_value=0.0001580189068232263 -0.00098277782453397582 0.00021292883357202502 -0.0031766336795169717 -0.00087534145637423459 0.0024233722486011969 -0.00014406051353526019 -0.000663780459977853 0.0040131021777419567 0.0019889043067587652 0.0018025737654285918 -0.0027123252091784374 -0.00036882585973063708 -2.0007459487991763e-05 0.0043564472403728486
leaf_weight=220259 27141 37828 5701 33461 6590 4378 29223 3097 2547 2106 2710 3529 221288 3174
leaf_count=220259 27141 37828 5701 33461 6590 4378 29223 3097 2547 2106 2710 3529 221288 3174
internal_value=6.38435e-06 -0.000393704 -0.000988675 5.94984e-05 0.000280081 -0.00010429 1.94812e-05 0.00146028 0.000428869 -0.000758235 -0.00187509 -6.36617e-05 6.01436e-05 0.00284176
internal_weight=603032 70670 32842 532362 226849 305513 272052 14838 11741 9194 7088 257214 227991 6703
internal_count=603032 70670 32842 532362 226849 305513 272052 14838 11741 9194 7088 257214 227991 6703
is_linear=0
shrinkage=0.05


Tree=158
num_leaves=15
num_cat=0
split_feature=9 2 0 4 7 9 0 4 10 7 7 2 7 7
split_gain=3.56831 6.64824 8.66258 6.29908 9.45467 5.0432 6.37666 7.13754 16.9622 12.158 6.08771 13.9703 20.5506 11.6355
threshold=9.5000000000000018 5.5000000000000009 74.500000000000014 0.35743859031461861 0.97530614850000008 27.500000000000004 87.500000000000014 0.88500160013796447 1.0000000180025095e-35 0.96869012900000018 0.95726174300000011 1.5000000000000002 0.93797593750000008 0.90008665300000013
decision_type=2 2 2 10 2 2 2 10 2 2 2 2 2 2
left_child=1 -1 -3 4 -2 -5 10 8 9 -8 11 12 13 -7
right_child=3 2 -4 5 -6 6 7 -9 -10 -11 -12 -13 -14 -15
leaf_value=-6.5474160016762431e-05 -0.0028301070435181848 -0.0045824121574715108 -0.0012631149424081973 0.00018821275450608965 0.00043037599307005348 0.0015669509901340168 -5.6610457470429588e-05 -5.4002156076748967e-05 -0.00037585383872985325 0.0042824406754134545 -0.00034644171062735987 -0.00037443586012418932 0.0027243617130870649 -0.00090000495337712045
leaf_weight=97420 2458 2001 19128 243912 2093 3100 3061 54494 11516 7074 127794 19251 4717 4961
leaf_count=97420 2458 2001 19128 243912 2093 3100 3061 54494 11516 7074 127794 19251 4717 4961
internal_value=-1.7828e-05 -0.000263698 -0.00106759 4.23431e-05 -0.00180806 5.99102e-05 -0.000104885 0.000271668 0.00103955 0.00253082 -0.00028429 0.000332069 0.00161347 7.90355e-05
internal_weight=602980 118549 21129 484431 4551 479880 235968 76145 21651 10135 159823 32029 12778 8061
internal_count=602980 118549 21129 484431 4551 479880 235968 76145 21651 10135 159823 32029 12778 8061
is_linear=0
shrinkage=0.05


Tree=159
num_leaves=15
num_cat=0
split_feature=0 8 8 7 7 4 8 7 8 7 7 4 0 7
split_gain=5.11263 3.91742 26.5069 13.8416 17.0327 16.9426 17.3218 10.5948 26.9745 13.846 13.4636 9.02892 8.9466 6.82242
threshold=117.50000000000001 1.4367579390000003 1.4204552660000003 1.1010016215000002 1.2144204880000002 0.9220017057510913 1.5173317195000002 1.0481511495000002 1.4756265650000002 1.0656498325000003 1.0877039180000001 1.0572911657531192 70.500000000000014 1.0070104045000001
decision_type=2 2 2 2 2 10 2 2 2 2 2 8 2 2
left_child=1 2 -1 7 5 6 -5 8 -3 -9 -11 -4 -7 -10
right_child=-2 3 11 4 -6 12 -8 9 13 10 -12 -13 -14 -15
leaf_value=-4.0663497883000615e-05 0.006568812304977834 0.0027052586636507336 -0.0011666565707973322 -0.0021634027398009792 0.0014385958431114123 -0.0027749218751466523 0.0029748394126457994 0.0033065893078469411 -0.0024046687573751114 -0.00046424895041896619 0.0029082202406366998 -0.0041672641215391047 -0.00048939834856124296 -0.00044994019889270376
leaf_weight=541403 9193 2909 2766 2449 11247 7988 3604 3237 2016 3961 2667 2020 4009 4094
leaf_count=541403 9193 2909 2766 2449 11247 7988 3604 3237 2016 3961 2667 2020 4009 4094
internal_value=-2.41688e-05 -4.22713e-05 -8.03973e-05 0.000389895 -0.000290509 -0.00124204 0.000914081 0.00144529 0.000206394 0.00257725 0.0012664 -0.00378314 -0.00232982 -0.00168029
internal_weight=603563 594370 546189 48181 29297 18050 6053 18884 9019 9865 6628 4786 11997 6110
internal_count=603563 594370 546189 48181 29297 18050 6053 18884 9019 9865 6628 4786 11997 6110
is_linear=0
shrinkage=0.05


Tree=160
num_leaves=15
num_cat=0
split_feature=7 7 8 8 8 7 7 3 8 8 0 5 7 8
split_gain=3.46753 19.145 15.4278 13.6468 13.046 19.2652 24.1694 17.0874 18.3193 15.3646 13.5056 13.4279 14.458 18.3598
threshold=0.97089772100000016 0.96656320350000013 0.79595372650000018 1.0662247685000001 0.98148926200000008 0.95642187500000009 0.9538022395000002 -9.8948403054999989 1.0662247685000001 1.0371496150000004 85.500000000000014 26.500000000000004 0.94582553550000015 1.2061418145000002
decision_type=2 2 2 2 2 2 2 2 2 2 2 2 2 2
left_child=1 4 -2 -3 5 6 -1 8 9 -6 -7 12 13 -9
right_child=2 3 -4 -5 7 10 -8 11 -10 -11 -12 -13 -14 -15
leaf_value=-0.00030442897693254287 0.0025004992375125684 -0.00087805981284896364 1.7835393990883742e-05 -0.0030461287259420295 -0.00027817915309193418 -0.0025008441134731912 0.0031247788458874607 -0.00012270908306031281 -0.001540833649751347 0.0020917872345169067 -0.00054160601566238884 -0.0017308455005949908 0.0015066965704769036 0.0021619568831694916
leaf_weight=79042 6944 8509 423952 5156 7821 7204 3556 16235 10932 3464 5608 3399 17772 3330
leaf_count=79042 6944 8509 423952 5156 7821 7204 3556 16235 10932 3464 5608 3399 17772 3330
internal_value=-1.65857e-05 -0.000206356 5.91783e-05 -0.00200165 -5.13835e-05 -0.000420007 -0.000140128 0.000507283 -0.000608069 0.000804916 -0.00222361 0.00111558 0.00138952 0.000451584
internal_weight=602924 172028 430896 13665 158363 95410 82598 62953 22217 11285 12812 40736 37337 19565
internal_count=602924 172028 430896 13665 158363 95410 82598 62953 22217 11285 12812 40736 37337 19565
is_linear=0
shrinkage=0.05


Tree=161
num_leaves=15
num_cat=0
split_feature=5 4 0 3 4 4 10 7 0 7 6 0 7 0
split_gain=3.85106 3.44466 8.96892 5.82003 3.71219 3.05586 13.5181 11.5127 10.8738 6.52282 14.7727 11.5625 9.75099 8.24735
threshold=34.500000000000007 0.35743859031461861 27.500000000000004 -52.929285765999992 0.56527491728018264 0.8068409548720985 1.0000000180025095e-35 0.94788681100000016 23.500000000000004 0.97089772100000016 1.0000000180025095e-35 33.500000000000007 1.0498952160000001 38.500000000000007
decision_type=2 8 2 2 10 8 2 2 2 2 2 2 2 2
left_child=1 2 -1 4 -3 6 7 -5 -8 10 13 12 -11 -9
right_child=-2 3 -4 5 -6 -7 8 9 -10 11 -12 -13 -14 -15
leaf_value=-0.00019192608604887696 0.0017614049949218336 0.00050627236241403421 -0.0024758542830238353 0.0013554697021404064 0.0043071162571582692 -8.2484659406129043e-05 0.0005644373538251507 -0.00022666192860490986 -0.00048902772955377043 0.00021516495077814613 0.00094784792915895153 0.0010447001767214387 -0.001359021915727507 -0.0030760253325504807
leaf_weight=17401 7641 4225 2446 10304 2132 403543 22924 2077 70046 14760 4960 31360 6226 2897
leaf_count=17401 7641 4225 2446 10304 2132 403543 22924 2077 70046 14760 4960 31360 6226 2897
internal_value=-4.9341e-06 -1.92548e-05 -0.000666809 3.08449e-06 0.00150699 -1.37278e-05 0.000167161 0.000678477 -0.000232052 0.000422253 -0.000752088 0.000645164 -0.000263208 -0.00267624
internal_weight=602942 595301 19847 575454 6357 569097 165554 72584 92970 62280 9934 52346 20986 4974
internal_count=602942 595301 19847 575454 6357 569097 165554 72584 92970 62280 9934 52346 20986 4974
is_linear=0
shrinkage=0.05


Tree=162
num_leaves=15
num_cat=0
split_feature=0 2 4 3 7 7 7 4 5 4 5 2 4 9
split_gain=3.91751 9.71579 5.3424 6.77658 5.55103 7.24322 5.11726 5.84091 8.17215 7.54933 9.27906 5.63769 10.6191 11.3231
threshold=43.500000000000007 3.5000000000000004 0.79582763493033359 -4.9176996934999986 1.1529425480000002 1.1204458425000003 1.0589762405000003 0.8749318572312309 27.500000000000004 0.61872581465654808 14.500000000000002 4.5000000000000009 0.69150674617221008 33.500000000000007
decision_type=2 2 8 2 2 2 2 10 2 10 2 2 10 2
left_child=1 2 4 -4 5 -1 11 9 -9 -8 -11 12 -2 -14
right_child=6 -3 3 -5 -6 -7 7 8 -10 10 -12 -13 13 -15
leaf_value=0.00010996397182259644 0.0010350556553221037 -0.0016271721856456979 -0.00086825775002349339 -0.00013345612179611611 0.0015833944332399486 -0.0021205486135373931 -0.0016562302779835226 -9.6137119078409945e-06 0.0020712223921326048 0.00224482578385235 -0.00018069988967054919 -0.00040289262689250375 0.00039509270547565813 -0.00030055143656064769
leaf_weight=80287 17751 5130 13305 118147 4529 2671 2134 61437 9686 12819 6475 99117 77352 91697
leaf_count=80287 17751 5130 13305 118147 4529 2671 2134 61437 9686 12819 6475 99117 77352 91697
internal_value=2.9666e-06 -0.000162725 -0.0001123 -0.000313791 0.000190446 9.73325e-05 0.000101064 0.000424203 0.000206142 0.00114776 0.00145992 -3.54118e-06 0.000158186 3.60092e-05
internal_weight=602537 224069 218939 131452 87487 82958 378468 92551 71123 21428 19294 285917 186800 169049
internal_count=602537 224069 218939 131452 87487 82958 378468 92551 71123 21428 19294 285917 186800 169049
is_linear=0
shrinkage=0.05


Tree=163
num_leaves=15
num_cat=0
split_feature=7 2 0 2 8 7 3 2 5 7 7 7 8 7
split_gain=3.28897 3.25346 3.51294 7.66046 9.45874 12.2851 8.72581 8.15359 7.14075 7.61375 7.06117 14.8877 11.3361 11.3294
threshold=0.76672622050000017 8.5000000000000018 41.500000000000007 1.5000000000000002 1.0718944470000003 1.0013256230000003 1.7524698620000003 2.5000000000000004 10.500000000000002 1.0692140105000003 0.99965621000000005 1.0098620040000001 0.92404588050000014 1.0131665820000002
decision_type=2 2 2 2 2 2 2 2 2 2 2 2 2 2
left_child=-1 2 3 10 5 7 8 -5 -6 -10 12 -12 -2 -13
right_child=1 -3 -4 4 6 -7 -8 -9 9 -11 11 13 -14 -15
leaf_value=-0.0016559658696848889 -0.00055337829764832015 -0.0023024853804770318 8.5523304274903736e-05 0.00019756294377653167 -0.00057868529920251932 0.0015759061396821705 0.00031591880809881681 -0.0013571313798036557 -0.0012591323949602857 -0.0030782429744736772 -0.0013666910286840473 0.0015691342468222792 0.00045079573044700674 -0.00011709002237992873
leaf_weight=2343 15416 6226 381091 9800 9578 5021 5478 6611 8036 3689 10334 3077 51188 85112
leaf_count=2343 15416 6226 381091 9800 9578 5021 5478 6611 8036 3689 10334 3077 51188 85112
internal_value=-2.2222e-05 -1.4921e-05 -3.00705e-06 -0.00016546 -0.000719908 6.29752e-05 -0.00134632 -0.000599263 -0.0018039 -0.00263107 -3.55776e-06 -0.000272384 0.000394091 -6.19373e-05
internal_weight=603000 600657 594431 213340 48213 21432 26781 16411 21303 11725 165127 98523 66604 88189
internal_count=603000 600657 594431 213340 48213 21432 26781 16411 21303 11725 165127 98523 66604 88189
is_linear=0
shrinkage=0.05


Tree=164
num_leaves=15
num_cat=0
split_feature=2 8 8 8 1 9 8 9 8 3 5 6 9 9
split_gain=3.9701 10.4018 11.3142 10.1423 14.5627 5.27727 6.11373 8.9909 5.2394 4.87609 9.46781 7.0168 5.40581 5.18518
threshold=5.5000000000000009 1.1106128175000003 1.2207453180000003 0.9988805475000001 24.500000000000004 5.5000000000000009 0.93469491400000015 28.500000000000004 0.89582704350000009 -32.572820137499995 10.500000000000002 1.0000000180025095e-35 42.500000000000007 25.500000000000004
decision_type=2 2 2 2 2 2 2 2 2 2 2 2 2 2
left_child=9 3 -3 5 -5 -2 8 -8 -7 10 11 -1 13 -12
right_child=1 2 -4 4 -6 6 7 -9 -10 -11 12 -13 -14 -15
leaf_value=-0.0013410368059430426 -0.0023564586086468639 0.0037492663028972141 -0.001686677147632365 -0.0013601839981986497 -0.0043564921235859644 -4.7831465087927463e-05 0.00016285176069789632 0.0052463080342727009 -0.0023404325915188594 -3.5282945131442925e-06 0.0032502748425864343 0.00081835342857686374 0.0037887170416591679 -8.5211314902222673e-05
leaf_weight=4510 8992 4033 2308 8500 3754 28144 6219 2408 6487 514006 2582 5520 2580 3481
leaf_count=4510 8992 4033 2308 8500 3754 28144 6219 2408 6487 514006 2582 5520 2580 3481
internal_value=-2.18714e-05 -0.0003735 0.00155807 -0.000563487 -0.00185782 -0.000259784 -3.06266e-05 0.00115993 -0.000327333 2.48975e-05 0.000818476 -0.000226707 0.00203082 0.00121333
internal_weight=603524 70845 6341 64504 12254 52250 43258 8627 34631 532679 18673 10030 8643 6063
internal_count=603524 70845 6341 64504 12254 52250 43258 8627 34631 532679 18673 10030 8643 6063
is_linear=0
shrinkage=0.05


Tree=165
num_leaves=15
num_cat=0
split_feature=4 4 2 3 2 0 4 4 8 8 8 8 8 8
split_gain=4.24628 3.91084 11.6578 4.57208 3.91823 8.64155 7.55479 5.81513 8.25623 13.4337 11.7286 7.99297 13.6234 12.6192
threshold=2.1520561233829971 0.35743859031461861 2.5000000000000004 -57.151973939999998 4.5000000000000009 76.500000000000014 0.71590321247768285 0.73083451240711061 0.77790718650000013 0.89908105550000006 0.87496105300000016 1.0000014820000003 0.97210704850000018 1.0847799575000001
decision_type=10 8 2 2 2 2 10 8 2 2 2 2 2 2
left_child=1 2 -1 -3 7 6 -6 8 -5 10 -10 12 -11 -13
right_child=-2 3 -4 4 5 -7 -8 -9 9 11 -12 13 -14 -15
leaf_value=-0.00018261014751321805 0.0019923284371233308 0.001857017831669286 -0.0027373559923256699 -0.0019385851907360143 -0.0024055847279676385 -0.00014114097382816881 -0.00020443178587066792 -3.5920387920457267e-05 0.00083314508065918948 0.00027942176745745232 0.0031270417402715273 0.0011387209605960181 -0.0019163071408606763 6.3665672946908167e-05
leaf_weight=17453 2195 4008 2462 3318 8423 98460 8419 377683 7087 10190 2666 14560 5678 40090
leaf_count=17453 2195 4008 2462 3318 8423 98460 8419 377683 7087 10190 2666 14560 5678 40090
internal_value=-2.78747e-05 -3.59075e-05 -0.000724774 -1.22721e-05 -2.39776e-05 -0.000284675 -0.0013311 4.119e-05 0.000418541 0.000519614 0.0022584 0.000278987 -0.000708751 0.000565822
internal_weight=602692 600497 19915 580582 576574 115302 16842 461272 83589 80271 9753 70518 15868 54650
internal_count=602692 600497 19915 580582 576574 115302 16842 461272 83589 80271 9753 70518 15868 54650
is_linear=0
shrinkage=0.05


Tree=166
num_leaves=15
num_cat=0
split_feature=0 2 8 2 4 4 8 4 8 8 2 10 8 8
split_gain=3.45675 7.75919 7.60403 6.91768 6.80981 5.96738 5.78793 12.3016 8.85732 14.4921 16.1187 9.28625 7.90145 7.65307
threshold=39.500000000000007 1.5000000000000002 1.0718944470000003 3.5000000000000004 1.0314642602343882 0.51160410681972357 1.6426879150000002 0.92708954721525993 1.2916439730000002 1.3422790635000001 1.0000000180025095e-35 1.0000000180025095e-35 1.4844300455000001 1.2740477085000002
decision_type=2 2 2 2 10 10 2 10 2 2 2 2 2 2
left_child=1 6 3 -3 -4 -2 8 -8 13 10 -10 -12 -11 -1
right_child=5 2 4 -5 -6 -7 7 -9 9 12 11 -13 -14 -15
leaf_value=-6.3016543748634085e-05 -0.00093188125870029563 0.00016491790945634966 -0.0012897034373004742 -0.0019832137587845024 0.00020200219395158093 0.00010670119981525117 0.00088716225276923581 -0.0033248549296321069 0.0021277192671303679 -0.00032490938993928189 -0.0012858920472862247 0.0015039776558396667 0.00094415706571234501 -0.0017928286825609208
leaf_weight=113878 9701 17175 18664 2084 5150 389391 2309 3112 6897 18334 2031 2223 8556 3499
leaf_count=113878 9701 17175 18664 2084 5150 389391 2309 3112 6897 18334 2031 2223 8556 3499
internal_value=-1.1028e-05 -0.000178504 -0.000774467 -3.56883e-05 -0.0013718 7.45433e-05 -1.88848e-05 -0.00162412 3.71567e-05 0.000700139 0.00221518 -0.000205447 7.15746e-05 -0.000177732
internal_weight=603004 203912 43073 19259 23814 399092 160839 5421 155418 38041 11151 4254 26890 117377
internal_count=603004 203912 43073 19259 23814 399092 160839 5421 155418 38041 11151 4254 26890 117377
is_linear=0
shrinkage=0.05


Tree=167
num_leaves=15
num_cat=0
split_feature=8 9 8 3 8 8 0 8 8 0 9 4 9 8
split_gain=3.74705 5.70625 5.17293 5.51517 3.79965 6.21081 7.97641 4.38122 3.28654 6.12783 3.69715 4.54941 4.39879 7.38248
threshold=1.7525661985000003 37.500000000000007 1.6737040555000002 3.7894755710000005 1.5622098910000002 1.5770049490000002 68.500000000000014 1.6184560520000002 1.5323565370000003 38.500000000000007 9.5000000000000018 0.29756586021559889 31.500000000000004 1.0740730545000001
decision_type=2 2 2 2 2 2 2 2 2 2 2 10 2 2
left_child=2 -2 4 -4 8 -6 7 -7 10 -10 -1 -12 -13 -14
right_child=1 -3 3 -5 5 6 -8 -9 9 -11 11 12 13 -15
leaf_value=-0.00023880232247127376 0.00022814896792222594 0.0038455286036975125 -0.0026045909004610984 0.00013248305258208026 0.0023946497316639894 -0.0020318196956294445 0.0043503945574579683 0.0007237025079001925 0.00037802781273242885 -0.0027269565437647528 -0.001692018241487553 0.00013468855049201812 0.0002159074512754211 -0.00038253871201935908
leaf_weight=113810 4694 2082 2518 2062 2391 3244 2544 3561 2043 2479 2404 276766 78123 103952
leaf_count=113810 4694 2082 2518 2062 2391 3244 2544 3561 2043 2479 2404 276766 78123 103952
internal_value=-2.58222e-05 0.0011429 -3.91214e-05 -0.0017121 -2.6149e-05 0.000864198 0.000281965 -0.000611233 -4.41913e-05 -0.00138613 -3.36269e-05 2.93496e-05 4.07272e-05 -0.00015014
internal_weight=602673 6776 595897 4580 591317 11740 9349 6805 579577 4522 575055 461245 458841 182075
internal_count=602673 6776 595897 4580 591317 11740 9349 6805 579577 4522 575055 461245 458841 182075
is_linear=0
shrinkage=0.05


end of trees

feature_importances:
crease_sr_idx=385
crease_avg_idx=379
legal_balls=367
wickets=316
run_rate_rel=266
runs_vs_par=188
crease_balls=146
international=132
runs_last_12=62
wickets_last_12=57
balls_remaining=54

parameters:
[boosting: gbdt]
[objective: quantile]
[metric: quantile]
[tree_learner: serial]
[device_type: cpu]
[data_sample_strategy: bagging]
[data: ]
[valid: ]
[num_iterations: 168]
[learning_rate: 0.05]
[num_leaves: 15]
[num_threads: 12]
[seed: 7]
[deterministic: 1]
[force_col_wise: 0]
[force_row_wise: 1]
[histogram_pool_size: -1]
[max_depth: -1]
[min_data_in_leaf: 2000]
[min_sum_hessian_in_leaf: 0.001]
[bagging_fraction: 0.8]
[pos_bagging_fraction: 1]
[neg_bagging_fraction: 1]
[bagging_freq: 1]
[bagging_seed: 17422]
[bagging_by_query: 0]
[feature_fraction: 0.8]
[feature_fraction_bynode: 1]
[feature_fraction_seed: 7040]
[extra_trees: 0]
[extra_seed: 6516]
[early_stopping_round: 0]
[early_stopping_min_delta: 0]
[first_metric_only: 0]
[max_delta_step: 0]
[lambda_l1: 0]
[lambda_l2: 5]
[linear_lambda: 0]
[min_gain_to_split: 0]
[drop_rate: 0.1]
[max_drop: 50]
[skip_drop: 0.5]
[xgboost_dart_mode: 0]
[uniform_drop: 0]
[drop_seed: 15215]
[top_rate: 0.2]
[other_rate: 0.1]
[min_data_per_group: 100]
[max_cat_threshold: 32]
[cat_l2: 10]
[cat_smooth: 10]
[max_cat_to_onehot: 4]
[top_k: 20]
[monotone_constraints: ]
[monotone_constraints_method: basic]
[monotone_penalty: 0]
[feature_contri: ]
[forcedsplits_filename: ]
[refit_decay_rate: 0.9]
[cegb_tradeoff: 1]
[cegb_penalty_split: 0]
[cegb_penalty_feature_lazy: ]
[cegb_penalty_feature_coupled: ]
[path_smooth: 0]
[interaction_constraints: ]
[verbosity: -1]
[saved_feature_importance_type: 0]
[use_quantized_grad: 0]
[num_grad_quant_bins: 4]
[quant_train_renew_leaf: 0]
[stochastic_rounding: 1]
[linear_tree: 0]
[max_bin: 255]
[max_bin_by_feature: ]
[min_data_in_bin: 3]
[bin_construct_sample_cnt: 200000]
[data_random_seed: 61]
[is_enable_sparse: 1]
[enable_bundle: 1]
[use_missing: 1]
[zero_as_missing: 0]
[feature_pre_filter: 1]
[pre_partition: 0]
[two_round: 0]
[header: 0]
[label_column: ]
[weight_column: ]
[group_column: ]
[ignore_column: ]
[categorical_feature: ]
[forcedbins_filename: ]
[precise_float_parser: 0]
[parser_config_file: ]
[objective_seed: 15521]
[num_class: 1]
[is_unbalance: 0]
[scale_pos_weight: 1]
[sigmoid: 1]
[boost_from_average: 1]
[reg_sqrt: 0]
[alpha: 0.75]
[fair_c: 1]
[poisson_max_delta_step: 0.7]
[tweedie_variance_power: 1.5]
[lambdarank_truncation_level: 30]
[lambdarank_norm: 1]
[label_gain: ]
[lambdarank_position_bias_regularization: 0]
[eval_at: ]
[multi_error_top_k: 1]
[auc_mu_weights: ]
[num_machines: 1]
[local_listen_port: 12400]
[time_out: 120]
[machine_list_filename: ]
[machines: ]
[gpu_platform_id: -1]
[gpu_device_id: -1]
[gpu_device_id_list: ]
[gpu_use_dp: 0]
[num_gpu: 1]

end of parameters

pandas_categorical:null
